file,time_h,time_m,cx,cy,minute_x,minute_y,hour_x,hour_y,rotation_deg,status
train/1-00/0.jpg,1,0,112,112,205,112,164,142,90,ok
train/1-00/1.jpg,1,0,112,112,2,112,17,57,270,ok
train/1-00/11.jpg,1,0,112,112,112,2,167,17,0,ok
train/1-00/12.jpg,1,0,112,112,2,112,59,82,270,ok
train/1-00/13.jpg,1,0,112,112,2,112,59,82,270,ok
train/1-00/14.jpg,1,0,112,112,112,2,167,17,0,ok
train/1-00/15.jpg,1,0,112,112,112,17,144,56,0,ok
train/1-00/16.jpg,1,0,112,112,112,2,167,17,0,ok
train/1-00/17.jpg,1,0,112,112,112,14,142,59,0,ok
train/1-00/18.jpg,1,0,112,112,112,2,143,58,0,ok
train/1-00/19.jpg,1,0,112,112,112,2,142,59,0,ok
train/1-00/2.jpg,1,0,112,112,112,18,142,59,0,ok
train/1-00/20.jpg,1,0,112,112,112,204,82,164,180,ok
train/1-00/21.jpg,1,0,112,112,18,112,59,82,270,ok
train/1-00/22.jpg,1,0,112,112,112,2,143,58,0,ok
train/1-00/23.jpg,1,0,112,112,222,112,207,167,90,ok
train/1-00/25.jpg,1,0,112,112,2,112,17,57,270,ok
train/1-00/26.jpg,1,0,112,112,112,218,59,204,180,ok
train/1-00/27.jpg,1,0,112,112,112,2,167,17,0,ok
train/1-00/28.jpg,1,0,112,112,112,2,142,59,0,ok
train/1-00/29.jpg,1,0,112,112,112,2,167,17,0,ok
train/1-00/3.jpg,1,0,112,112,112,222,57,207,180,ok
train/1-00/30.jpg,1,0,112,112,112,2,142,59,0,ok
train/1-00/32.jpg,1,0,112,112,112,2,167,17,0,ok
train/1-00/33.jpg,1,0,112,112,112,18,142,59,0,ok
train/1-00/34.jpg,1,0,112,112,19,112,59,82,270,ok
train/1-00/35.jpg,1,0,112,112,112,2,166,18,0,ok
train/1-00/36.jpg,1,0,112,112,112,2,167,17,0,ok
train/1-00/37.jpg,1,0,112,112,112,3,150,45,0,ok
train/1-00/39.jpg,1,0,112,112,2,112,56,80,270,ok
train/1-00/4.jpg,1,0,112,112,112,2,167,17,0,ok
train/1-00/40.jpg,1,0,112,112,112,2,167,17,0,ok
train/1-00/42.jpg,1,0,112,112,222,112,164,142,90,ok
train/1-00/43.jpg,1,0,112,112,112,2,167,17,0,ok
train/1-00/44.jpg,1,0,112,112,19,112,59,82,270,ok
train/1-00/45.jpg,1,0,112,112,19,112,59,82,270,ok
train/1-00/46.jpg,1,0,112,112,2,112,59,82,270,ok
train/1-00/47.jpg,1,0,112,112,19,112,59,82,270,ok
train/1-00/48.jpg,1,0,112,112,112,2,167,17,0,ok
train/1-00/49.jpg,1,0,112,112,2,112,17,57,270,ok
train/1-00/5.jpg,1,0,112,112,112,18,142,59,0,ok
train/1-00/52.jpg,1,0,112,112,222,112,207,167,90,ok
train/1-00/54.jpg,1,0,112,112,112,2,167,17,0,ok
train/1-00/55.jpg,1,0,112,112,2,112,17,57,270,ok
train/1-00/56.jpg,1,0,112,112,112,204,82,164,180,ok
train/1-00/57.jpg,1,0,112,112,112,2,167,17,0,ok
train/1-00/58.jpg,1,0,112,112,222,112,165,142,90,ok
train/1-00/6.jpg,1,0,112,112,112,2,167,17,0,ok
train/1-00/61.jpg,1,0,112,112,112,18,142,59,0,ok
train/1-00/62.jpg,1,0,112,112,112,15,142,59,0,ok
train/1-00/63.jpg,1,0,112,112,112,18,142,59,0,ok
train/1-00/64.jpg,1,0,112,112,112,16,142,59,0,ok
train/1-00/65.jpg,1,0,112,112,3,112,17,57,270,ok
train/1-00/66.jpg,1,0,112,112,12,112,59,82,270,ok
train/1-00/67.jpg,1,0,112,112,222,112,164,142,90,ok
train/1-00/68.jpg,1,0,112,112,15,112,55,79,270,ok
train/1-00/71.jpg,1,0,112,112,112,2,167,17,0,ok
train/1-00/72.jpg,1,0,112,112,112,2,142,59,0,ok
train/1-00/73.jpg,1,0,112,112,2,112,51,76,270,ok
train/1-00/74.jpg,1,0,112,112,222,112,207,167,90,ok
train/1-00/76.jpg,1,0,112,112,112,220,68,188,180,ok
train/1-00/77.jpg,1,0,112,112,112,2,167,17,0,ok
train/1-00/78.jpg,1,0,112,112,112,18,142,59,0,ok
train/1-00/79.jpg,1,0,112,112,112,222,57,207,180,ok
train/1-00/80.jpg,1,0,112,112,112,204,82,164,180,ok
train/1-00/82.jpg,1,0,112,112,112,222,57,207,180,ok
train/1-00/83.jpg,1,0,112,112,112,2,167,17,0,ok
train/1-00/85.jpg,1,0,112,112,112,209,82,164,180,ok
train/1-00/86.jpg,1,0,112,112,19,112,59,82,270,ok
train/1-00/88.jpg,1,0,112,112,112,17,142,59,0,ok
train/1-00/89.jpg,1,0,112,112,112,2,142,59,0,ok
train/1-00/9.jpg,1,0,112,112,2,112,59,82,270,ok
train/1-00/90.jpg,1,0,112,112,112,2,167,17,0,ok
train/1-00/91.jpg,1,0,112,112,112,222,57,207,180,ok
train/1-00/93.jpg,1,0,112,112,222,112,207,167,90,ok
train/1-00/94.jpg,1,0,112,112,112,17,167,17,0,ok
train/1-00/95.jpg,1,0,112,112,19,112,59,82,270,ok
train/1-00/97.jpg,1,0,112,112,112,18,142,59,0,ok
train/1-00/98.jpg,1,0,112,112,205,112,164,142,90,ok
train/1-00/99.jpg,1,0,112,112,2,112,59,82,270,ok
train/1-05/10.jpg,1,5,112,112,159,31,160,36,0,ok
train/1-05/11.jpg,1,5,112,112,167,17,171,19,0,ok
train/1-05/12.jpg,1,5,112,112,167,17,171,19,0,ok
train/1-05/13.jpg,1,5,112,112,17,57,19,53,270,ok
train/1-05/14.jpg,1,5,112,112,167,17,171,19,0,ok
train/1-05/16.jpg,1,5,112,112,167,17,171,19,0,ok
train/1-05/17.jpg,1,5,112,112,163,24,167,25,0,ok
train/1-05/18.jpg,1,5,112,112,167,17,171,19,0,ok
train/1-05/19.jpg,1,5,112,112,158,31,158,39,0,ok
train/1-05/2.jpg,1,5,112,112,207,167,186,159,90,ok
train/1-05/20.jpg,1,5,112,112,162,25,158,39,0,ok
train/1-05/21.jpg,1,5,112,112,167,17,163,32,0,ok
train/1-05/23.jpg,1,5,112,112,207,167,205,171,90,ok
train/1-05/24.jpg,1,5,112,112,28,64,34,63,270,ok
train/1-05/25.jpg,1,5,112,112,167,17,171,19,0,ok
train/1-05/26.jpg,1,5,112,112,59,204,55,202,180,ok
train/1-05/27.jpg,1,5,112,112,167,17,171,19,0,ok
train/1-05/28.jpg,1,5,112,112,17,57,34,63,270,ok
train/1-05/29.jpg,1,5,112,112,17,57,19,53,270,ok
train/1-05/3.jpg,1,5,112,112,57,207,53,205,180,ok
train/1-05/30.jpg,1,5,112,112,31,65,33,61,270,ok
train/1-05/32.jpg,1,5,112,112,167,17,171,19,0,ok
train/1-05/33.jpg,1,5,112,112,158,31,158,39,0,ok
train/1-05/34.jpg,1,5,112,112,207,167,186,159,90,ok
train/1-05/37.jpg,1,5,112,112,160,28,163,32,0,ok
train/1-05/38.jpg,1,5,112,112,31,65,34,63,270,ok
train/1-05/39.jpg,1,5,112,112,17,57,34,63,270,ok
train/1-05/4.jpg,1,5,112,112,57,207,53,205,180,ok
train/1-05/41.jpg,1,5,112,112,57,207,53,205,180,ok
train/1-05/42.jpg,1,5,112,112,207,167,205,171,90,ok
train/1-05/43.jpg,1,5,112,112,57,207,53,205,180,ok
train/1-05/44.jpg,1,5,112,112,25,62,34,62,270,ok
train/1-05/46.jpg,1,5,112,112,31,65,34,63,270,ok
train/1-05/47.jpg,1,5,112,112,160,28,162,34,0,ok
train/1-05/48.jpg,1,5,112,112,167,17,171,19,0,ok
train/1-05/50.jpg,1,5,112,112,207,167,205,171,90,ok
train/1-05/51.jpg,1,5,112,112,167,17,158,39,0,ok
train/1-05/52.jpg,1,5,112,112,167,17,171,19,0,ok
train/1-05/54.jpg,1,5,112,112,167,17,171,19,0,ok
train/1-05/56.jpg,1,5,112,112,62,199,62,190,180,ok
train/1-05/57.jpg,1,5,112,112,57,207,53,205,180,ok
train/1-05/58.jpg,1,5,112,112,17,57,19,53,270,ok
train/1-05/59.jpg,1,5,112,112,17,57,34,63,270,ok
train/1-05/6.jpg,1,5,112,112,167,17,171,19,0,ok
train/1-05/60.jpg,1,5,112,112,161,27,161,34,0,ok
train/1-05/61.jpg,1,5,112,112,66,192,59,195,180,ok
train/1-05/64.jpg,1,5,112,112,158,31,158,39,0,ok
train/1-05/65.jpg,1,5,112,112,18,58,19,53,270,ok
train/1-05/66.jpg,1,5,112,112,161,27,161,34,0,ok
train/1-05/67.jpg,1,5,112,112,167,17,158,39,0,ok
train/1-05/69.jpg,1,5,112,112,207,167,205,171,90,ok
train/1-05/71.jpg,1,5,112,112,167,17,171,19,0,ok
train/1-05/72.jpg,1,5,112,112,57,207,53,205,180,ok
train/1-05/73.jpg,1,5,112,112,158,31,163,32,0,ok
train/1-05/74.jpg,1,5,112,112,167,17,171,19,0,ok
train/1-05/75.jpg,1,5,112,112,162,25,165,29,0,ok
train/1-05/76.jpg,1,5,112,112,34,67,20,53,270,ok
train/1-05/77.jpg,1,5,112,112,207,167,205,171,90,ok
train/1-05/79.jpg,1,5,112,112,167,17,171,19,0,ok
train/1-05/8.jpg,1,5,112,112,160,28,158,39,0,ok
train/1-05/80.jpg,1,5,112,112,164,21,164,30,0,ok
train/1-05/81.jpg,1,5,112,112,207,167,205,171,90,ok
train/1-05/82.jpg,1,5,112,112,57,207,53,205,180,ok
train/1-05/83.jpg,1,5,112,112,207,167,205,171,90,ok
train/1-05/85.jpg,1,5,112,112,66,192,62,190,180,ok
train/1-05/86.jpg,1,5,112,112,65,193,63,189,180,ok
train/1-05/87.jpg,1,5,112,112,158,31,158,39,0,ok
train/1-05/88.jpg,1,5,112,112,160,28,160,36,0,ok
train/1-05/89.jpg,1,5,112,112,57,207,53,205,180,ok
train/1-05/9.jpg,1,5,112,112,196,160,190,162,90,ok
train/1-05/90.jpg,1,5,112,112,167,17,171,19,0,ok
train/1-05/91.jpg,1,5,112,112,207,167,205,171,90,ok
train/1-05/92.jpg,1,5,112,112,167,17,171,19,0,ok
train/1-05/93.jpg,1,5,112,112,167,17,171,19,0,ok
train/1-05/94.jpg,1,5,112,112,167,17,171,19,0,ok
train/1-05/95.jpg,1,5,112,112,167,17,167,25,0,ok
train/1-05/96.jpg,1,5,112,112,167,17,158,39,0,ok
train/1-05/97.jpg,1,5,112,112,159,31,158,39,0,ok
train/1-05/98.jpg,1,5,112,112,160,28,160,36,0,ok
train/1-05/99.jpg,1,5,112,112,158,31,170,21,0,ok
train/1-10/0.jpg,1,10,112,112,192,66,147,62,0,ok
train/1-10/1.jpg,1,10,112,112,17,167,49,202,180,ok
train/1-10/10.jpg,1,10,112,112,167,207,161,146,90,ok
train/1-10/11.jpg,1,10,112,112,17,167,49,202,180,ok
train/1-10/12.jpg,1,10,112,112,193,66,147,62,0,ok
train/1-10/14.jpg,1,10,112,112,207,57,175,22,0,ok
train/1-10/19.jpg,1,10,112,112,192,66,147,62,0,ok
train/1-10/2.jpg,1,10,112,112,158,192,161,146,90,ok
train/1-10/20.jpg,1,10,112,112,197,63,147,62,0,ok
train/1-10/21.jpg,1,10,112,112,57,17,62,77,270,ok
train/1-10/22.jpg,1,10,112,112,166,206,201,175,90,ok
train/1-10/23.jpg,1,10,112,112,17,167,49,202,180,ok
train/1-10/25.jpg,1,10,112,112,38,155,49,202,180,ok
train/1-10/26.jpg,1,10,112,112,205,58,174,24,0,ok
train/1-10/27.jpg,1,10,112,112,207,57,175,22,0,ok
train/1-10/28.jpg,1,10,112,112,192,66,147,62,0,ok
train/1-10/29.jpg,1,10,112,112,207,57,147,62,0,ok
train/1-10/3.jpg,1,10,112,112,31,159,49,202,180,ok
train/1-10/30.jpg,1,10,112,112,158,192,161,146,90,ok
train/1-10/32.jpg,1,10,112,112,207,57,175,22,0,ok
train/1-10/33.jpg,1,10,112,112,64,30,62,77,270,ok
train/1-10/34.jpg,1,10,112,112,192,66,147,62,0,ok
train/1-10/35.jpg,1,10,112,112,167,207,202,175,90,ok
train/1-10/36.jpg,1,10,112,112,207,57,175,22,0,ok
train/1-10/37.jpg,1,10,112,112,196,63,149,60,0,ok
train/1-10/38.jpg,1,10,112,112,192,66,147,62,0,ok
train/1-10/39.jpg,1,10,112,112,207,57,149,59,0,ok
train/1-10/4.jpg,1,10,112,112,57,17,22,49,270,ok
train/1-10/40.jpg,1,10,112,112,207,57,147,62,0,ok
train/1-10/41.jpg,1,10,112,112,57,17,22,49,270,ok
train/1-10/42.jpg,1,10,112,112,207,57,151,56,0,ok
train/1-10/46.jpg,1,10,112,112,192,66,147,62,0,ok
train/1-10/47.jpg,1,10,112,112,207,57,147,62,0,ok
train/1-10/48.jpg,1,10,112,112,207,57,175,22,0,ok
train/1-10/49.jpg,1,10,112,112,207,57,149,59,0,ok
train/1-10/50.jpg,1,10,112,112,207,57,175,22,0,ok
train/1-10/51.jpg,1,10,112,112,207,57,147,62,0,ok
train/1-10/52.jpg,1,10,112,112,167,207,202,175,90,ok
train/1-10/53.jpg,1,10,112,112,60,22,22,49,270,ok
train/1-10/54.jpg,1,10,112,112,207,57,175,22,0,ok
train/1-10/55.jpg,1,10,112,112,167,207,202,175,90,ok
train/1-10/56.jpg,1,10,112,112,61,24,62,77,270,ok
train/1-10/57.jpg,1,10,112,112,167,207,202,175,90,ok
train/1-10/58.jpg,1,10,112,112,167,207,162,147,90,ok
train/1-10/59.jpg,1,10,112,112,57,17,57,74,270,ok
train/1-10/6.jpg,1,10,112,112,207,57,175,22,0,ok
train/1-10/60.jpg,1,10,112,112,200,61,147,62,0,ok
train/1-10/62.jpg,1,10,112,112,194,64,147,62,0,ok
train/1-10/63.jpg,1,10,112,112,29,160,78,161,180,ok
train/1-10/64.jpg,1,10,112,112,192,66,147,62,0,ok
train/1-10/65.jpg,1,10,112,112,57,17,22,49,270,ok
train/1-10/66.jpg,1,10,112,112,198,62,147,62,0,ok
train/1-10/67.jpg,1,10,112,112,167,207,161,146,90,ok
train/1-10/71.jpg,1,10,112,112,167,207,202,175,90,ok
train/1-10/73.jpg,1,10,112,112,207,57,150,57,0,ok
train/1-10/74.jpg,1,10,112,112,207,57,175,22,0,ok
train/1-10/75.jpg,1,10,112,112,201,60,147,62,0,ok
train/1-10/76.jpg,1,10,112,112,35,157,49,201,180,ok
train/1-10/77.jpg,1,10,112,112,167,207,202,175,90,ok
train/1-10/78.jpg,1,10,112,112,192,66,147,62,0,ok
train/1-10/79.jpg,1,10,112,112,167,207,202,175,90,ok
train/1-10/8.jpg,1,10,112,112,199,61,147,62,0,ok
train/1-10/80.jpg,1,10,112,112,192,66,147,62,0,ok
train/1-10/81.jpg,1,10,112,112,167,207,202,175,90,ok
train/1-10/82.jpg,1,10,112,112,167,207,202,175,90,ok
train/1-10/84.jpg,1,10,112,112,207,57,147,62,0,ok
train/1-10/85.jpg,1,10,112,112,207,57,147,62,0,ok
train/1-10/87.jpg,1,10,112,112,207,57,147,62,0,ok
train/1-10/88.jpg,1,10,112,112,196,63,147,62,0,ok
train/1-10/89.jpg,1,10,112,112,207,57,147,62,0,ok
train/1-10/9.jpg,1,10,112,112,26,162,78,161,180,ok
train/1-10/90.jpg,1,10,112,112,167,207,202,175,90,ok
train/1-10/91.jpg,1,10,112,112,207,57,175,22,0,ok
train/1-10/92.jpg,1,10,112,112,207,57,152,55,0,ok
train/1-10/93.jpg,1,10,112,112,207,57,175,22,0,ok
train/1-10/94.jpg,1,10,112,112,166,206,202,175,90,ok
train/1-10/95.jpg,1,10,112,112,18,167,78,161,180,ok
train/1-10/96.jpg,1,10,112,112,57,17,62,77,270,ok
train/1-10/97.jpg,1,10,112,112,198,62,147,62,0,ok
train/1-10/99.jpg,1,10,112,112,192,66,147,62,0,ok
train/1-15/1.jpg,1,15,112,112,112,222,199,179,90,ok
train/1-15/12.jpg,1,15,112,112,112,2,63,74,270,ok
train/1-15/13.jpg,1,15,112,112,222,112,154,57,0,ok
train/1-15/15.jpg,1,15,112,112,19,112,74,162,180,ok
train/1-15/16.jpg,1,15,112,112,222,112,179,25,0,ok
train/1-15/17.jpg,1,15,112,112,19,112,75,160,180,ok
train/1-15/18.jpg,1,15,112,112,4,112,73,163,180,ok
train/1-15/19.jpg,1,15,112,112,205,112,149,64,0,ok
train/1-15/2.jpg,1,15,112,112,112,222,160,149,90,ok
train/1-15/20.jpg,1,15,112,112,208,112,149,64,0,ok
train/1-15/22.jpg,1,15,112,112,222,112,176,29,0,ok
train/1-15/23.jpg,1,15,112,112,112,222,199,179,90,ok
train/1-15/24.jpg,1,15,112,112,112,2,63,74,270,ok
train/1-15/25.jpg,1,15,112,112,222,112,179,25,0,ok
train/1-15/27.jpg,1,15,112,112,222,112,179,25,0,ok
train/1-15/28.jpg,1,15,112,112,2,112,75,160,180,ok
train/1-15/29.jpg,1,15,112,112,112,222,160,149,90,ok
train/1-15/3.jpg,1,15,112,112,18,112,45,199,180,ok
train/1-15/30.jpg,1,15,112,112,221,112,149,64,0,ok
train/1-15/31.jpg,1,15,112,112,112,209,160,149,90,ok
train/1-15/32.jpg,1,15,112,112,222,112,179,25,0,ok
train/1-15/33.jpg,1,15,112,112,112,18,63,74,270,ok
train/1-15/34.jpg,1,15,112,112,112,217,160,149,90,ok
train/1-15/35.jpg,1,15,112,112,2,112,45,199,180,ok
train/1-15/36.jpg,1,15,112,112,222,112,179,25,0,ok
train/1-15/37.jpg,1,15,112,112,112,3,47,62,270,ok
train/1-15/39.jpg,1,15,112,112,178,112,179,25,0,ok
train/1-15/4.jpg,1,15,112,112,2,112,45,199,180,ok
train/1-15/40.jpg,1,15,112,112,222,112,149,64,0,ok
train/1-15/41.jpg,1,15,112,112,112,222,199,179,90,ok
train/1-15/43.jpg,1,15,112,112,222,112,179,25,0,ok
train/1-15/44.jpg,1,15,112,112,222,112,149,64,0,ok
train/1-15/45.jpg,1,15,112,112,209,112,149,64,0,ok
train/1-15/46.jpg,1,15,112,112,207,112,149,64,0,ok
train/1-15/47.jpg,1,15,112,112,2,112,75,160,180,ok
train/1-15/48.jpg,1,15,112,112,222,112,179,25,0,ok
train/1-15/49.jpg,1,15,112,112,19,112,72,164,180,ok
train/1-15/5.jpg,1,15,112,112,112,2,63,74,270,ok
train/1-15/50.jpg,1,15,112,112,112,222,199,179,90,ok
train/1-15/51.jpg,1,15,112,112,112,2,63,74,270,ok
train/1-15/52.jpg,1,15,112,112,222,112,179,25,0,ok
train/1-15/53.jpg,1,15,112,112,2,112,46,198,180,ok
train/1-15/54.jpg,1,15,112,112,222,112,179,25,0,ok
train/1-15/57.jpg,1,15,112,112,2,112,45,199,180,ok
train/1-15/58.jpg,1,15,112,112,222,112,150,63,0,ok
train/1-15/59.jpg,1,15,112,112,112,204,162,150,90,ok
train/1-15/6.jpg,1,15,112,112,222,112,179,25,0,ok
train/1-15/60.jpg,1,15,112,112,213,112,149,64,0,ok
train/1-15/62.jpg,1,15,112,112,207,112,149,64,0,ok
train/1-15/63.jpg,1,15,112,112,206,112,149,64,0,ok
train/1-15/64.jpg,1,15,112,112,205,112,149,64,0,ok
train/1-15/65.jpg,1,15,112,112,222,112,179,25,0,ok
train/1-15/66.jpg,1,15,112,112,112,10,63,74,270,ok
train/1-15/67.jpg,1,15,112,112,222,112,149,64,0,ok
train/1-15/68.jpg,1,15,112,112,205,112,149,64,0,ok
train/1-15/69.jpg,1,15,112,112,2,112,45,199,180,ok
train/1-15/7.jpg,1,15,112,112,112,222,199,179,90,ok
train/1-15/70.jpg,1,15,112,112,2,112,45,199,180,ok
train/1-15/71.jpg,1,15,112,112,112,2,25,45,270,ok
train/1-15/74.jpg,1,15,112,112,222,112,179,25,0,ok
train/1-15/75.jpg,1,15,112,112,222,112,149,64,0,ok
train/1-15/76.jpg,1,15,112,112,112,220,198,178,90,ok
train/1-15/77.jpg,1,15,112,112,112,2,25,45,270,ok
train/1-15/78.jpg,1,15,112,112,205,112,149,64,0,ok
train/1-15/80.jpg,1,15,112,112,112,2,63,74,270,ok
train/1-15/81.jpg,1,15,112,112,222,112,179,25,0,ok
train/1-15/82.jpg,1,15,112,112,112,222,199,179,90,ok
train/1-15/83.jpg,1,15,112,112,112,222,199,179,90,ok
train/1-15/86.jpg,1,15,112,112,205,112,149,64,0,ok
train/1-15/87.jpg,1,15,112,112,112,207,160,149,90,ok
train/1-15/88.jpg,1,15,112,112,12,112,75,160,180,ok
train/1-15/89.jpg,1,15,112,112,222,112,149,64,0,ok
train/1-15/9.jpg,1,15,112,112,15,112,75,160,180,ok
train/1-15/91.jpg,1,15,112,112,112,222,199,179,90,ok
train/1-15/92.jpg,1,15,112,112,222,112,179,25,0,ok
train/1-15/95.jpg,1,15,112,112,218,112,149,64,0,ok
train/1-15/96.jpg,1,15,112,112,112,222,160,149,90,ok
train/1-15/97.jpg,1,15,112,112,112,209,160,149,90,ok
train/1-15/98.jpg,1,15,112,112,212,112,149,64,0,ok
train/1-15/99.jpg,1,15,112,112,222,112,149,64,0,ok
train/1-20/0.jpg,1,20,112,112,158,31,65,73,270,ok
train/1-20/1.jpg,1,20,112,112,167,17,28,41,270,ok
train/1-20/12.jpg,1,20,112,112,66,192,157,150,90,ok
train/1-20/13.jpg,1,20,112,112,194,159,151,66,0,ok
train/1-20/14.jpg,1,20,112,112,207,167,183,28,0,ok
train/1-20/15.jpg,1,20,112,112,66,192,160,152,90,ok
train/1-20/17.jpg,1,20,112,112,59,203,157,150,90,ok
train/1-20/18.jpg,1,20,112,112,57,207,166,157,90,ok
train/1-20/19.jpg,1,20,112,112,207,167,151,66,0,ok
train/1-20/2.jpg,1,20,112,112,31,65,73,158,180,ok
train/1-20/20.jpg,1,20,112,112,160,28,65,73,270,ok
train/1-20/21.jpg,1,20,112,112,28,64,73,158,180,ok
train/1-20/22.jpg,1,20,112,112,206,166,183,28,0,ok
train/1-20/23.jpg,1,20,112,112,17,57,41,196,180,ok
train/1-20/24.jpg,1,20,112,112,207,167,151,66,0,ok
train/1-20/25.jpg,1,20,112,112,207,167,183,28,0,ok
train/1-20/26.jpg,1,20,112,112,62,199,194,181,90,ok
train/1-20/27.jpg,1,20,112,112,207,167,183,28,0,ok
train/1-20/28.jpg,1,20,112,112,207,167,151,66,0,ok
train/1-20/29.jpg,1,20,112,112,167,17,65,72,270,ok
train/1-20/3.jpg,1,20,112,112,17,57,41,196,180,ok
train/1-20/30.jpg,1,20,112,112,17,57,73,158,180,ok
train/1-20/31.jpg,1,20,112,112,28,64,73,158,180,ok
train/1-20/33.jpg,1,20,112,112,193,159,151,66,0,ok
train/1-20/34.jpg,1,20,112,112,192,158,151,66,0,ok
train/1-20/36.jpg,1,20,112,112,207,167,183,28,0,ok
train/1-20/37.jpg,1,20,112,112,196,160,154,61,0,ok
train/1-20/38.jpg,1,20,112,112,158,31,65,73,270,ok
train/1-20/39.jpg,1,20,112,112,159,31,62,70,270,ok
train/1-20/4.jpg,1,20,112,112,207,167,183,28,0,ok
train/1-20/40.jpg,1,20,112,112,207,167,151,66,0,ok
train/1-20/41.jpg,1,20,112,112,167,17,28,41,270,ok
train/1-20/42.jpg,1,20,112,112,17,57,73,158,180,ok
train/1-20/43.jpg,1,20,112,112,207,167,183,28,0,ok
train/1-20/45.jpg,1,20,112,112,28,64,73,158,180,ok
train/1-20/46.jpg,1,20,112,112,192,158,151,66,0,ok
train/1-20/47.jpg,1,20,112,112,57,207,157,150,90,ok
train/1-20/48.jpg,1,20,112,112,207,167,183,28,0,ok
train/1-20/49.jpg,1,20,112,112,192,158,154,62,0,ok
train/1-20/5.jpg,1,20,112,112,192,158,151,66,0,ok
train/1-20/50.jpg,1,20,112,112,207,167,183,28,0,ok
train/1-20/51.jpg,1,20,112,112,57,207,157,150,90,ok
train/1-20/52.jpg,1,20,112,112,17,57,42,195,180,ok
train/1-20/53.jpg,1,20,112,112,207,167,182,29,0,ok
train/1-20/54.jpg,1,20,112,112,207,167,183,28,0,ok
train/1-20/57.jpg,1,20,112,112,207,167,183,28,0,ok
train/1-20/58.jpg,1,20,112,112,207,167,152,65,0,ok
train/1-20/6.jpg,1,20,112,112,207,167,183,28,0,ok
train/1-20/60.jpg,1,20,112,112,63,197,157,150,90,ok
train/1-20/61.jpg,1,20,112,112,65,193,157,150,90,ok
train/1-20/62.jpg,1,20,112,112,17,57,73,158,180,ok
train/1-20/63.jpg,1,20,112,112,194,159,151,66,0,ok
train/1-20/65.jpg,1,20,112,112,17,57,41,196,180,ok
train/1-20/66.jpg,1,20,112,112,61,200,157,150,90,ok
train/1-20/68.jpg,1,20,112,112,31,65,73,158,180,ok
train/1-20/69.jpg,1,20,112,112,17,57,41,196,180,ok
train/1-20/7.jpg,1,20,112,112,17,57,41,196,180,ok
train/1-20/70.jpg,1,20,112,112,17,57,42,195,180,ok
train/1-20/71.jpg,1,20,112,112,57,207,196,183,90,ok
train/1-20/74.jpg,1,20,112,112,207,167,183,28,0,ok
train/1-20/75.jpg,1,20,112,112,196,160,151,66,0,ok
train/1-20/76.jpg,1,20,112,112,156,35,29,42,270,ok
train/1-20/77.jpg,1,20,112,112,207,167,183,28,0,ok
train/1-20/78.jpg,1,20,112,112,62,199,157,150,90,ok
train/1-20/8.jpg,1,20,112,112,192,158,151,66,0,ok
train/1-20/82.jpg,1,20,112,112,207,167,183,28,0,ok
train/1-20/83.jpg,1,20,112,112,57,207,196,183,90,ok
train/1-20/84.jpg,1,20,112,112,207,167,151,66,0,ok
train/1-20/85.jpg,1,20,112,112,207,167,151,66,0,ok
train/1-20/86.jpg,1,20,112,112,193,159,151,66,0,ok
train/1-20/87.jpg,1,20,112,112,57,207,157,150,90,ok
train/1-20/88.jpg,1,20,112,112,199,162,151,66,0,ok
train/1-20/89.jpg,1,20,112,112,207,167,151,66,0,ok
train/1-20/9.jpg,1,20,112,112,30,64,73,158,180,ok
train/1-20/91.jpg,1,20,112,112,57,207,196,183,90,ok
train/1-20/92.jpg,1,20,112,112,57,207,196,183,90,ok
train/1-20/93.jpg,1,20,112,112,207,167,183,28,0,ok
train/1-20/94.jpg,1,20,112,112,167,17,28,41,270,ok
train/1-20/96.jpg,1,20,112,112,57,207,157,150,90,ok
train/1-20/99.jpg,1,20,112,112,192,158,151,66,0,ok
train/1-25/0.jpg,1,25,112,112,201,60,67,71,270,ok
train/1-25/1.jpg,1,25,112,112,167,207,186,31,0,ok
train/1-25/10.jpg,1,25,112,112,57,17,71,157,180,ok
train/1-25/11.jpg,1,25,112,112,57,17,38,193,180,ok
train/1-25/12.jpg,1,25,112,112,207,57,67,71,270,ok
train/1-25/13.jpg,1,25,112,112,65,31,71,157,180,ok
train/1-25/14.jpg,1,25,112,112,167,207,186,31,0,ok
train/1-25/15.jpg,1,25,112,112,159,193,155,65,0,ok
train/1-25/17.jpg,1,25,112,112,158,192,153,67,0,ok
train/1-25/18.jpg,1,25,112,112,167,207,155,65,0,ok
train/1-25/19.jpg,1,25,112,112,167,207,153,67,0,ok
train/1-25/2.jpg,1,25,112,112,160,194,153,67,0,ok
train/1-25/20.jpg,1,25,112,112,60,22,71,157,180,ok
train/1-25/21.jpg,1,25,112,112,167,207,153,67,0,ok
train/1-25/22.jpg,1,25,112,112,17,167,193,186,90,ok
train/1-25/23.jpg,1,25,112,112,57,17,38,193,180,ok
train/1-25/24.jpg,1,25,112,112,207,57,67,71,270,ok
train/1-25/25.jpg,1,25,112,112,57,17,38,193,180,ok
train/1-25/28.jpg,1,25,112,112,17,167,156,153,90,ok
train/1-25/3.jpg,1,25,112,112,167,207,186,31,0,ok
train/1-25/30.jpg,1,25,112,112,158,192,153,67,0,ok
train/1-25/32.jpg,1,25,112,112,17,167,193,186,90,ok
train/1-25/33.jpg,1,25,112,112,159,193,153,67,0,ok
train/1-25/35.jpg,1,25,112,112,167,207,186,31,0,ok
train/1-25/36.jpg,1,25,112,112,207,57,31,38,270,ok
train/1-25/39.jpg,1,25,112,112,158,193,157,63,0,ok
train/1-25/4.jpg,1,25,112,112,57,17,38,193,180,ok
train/1-25/40.jpg,1,25,112,112,167,207,153,67,0,ok
train/1-25/41.jpg,1,25,112,112,167,207,186,31,0,ok
train/1-25/42.jpg,1,25,112,112,207,57,67,71,270,ok
train/1-25/43.jpg,1,25,112,112,57,17,38,193,180,ok
train/1-25/44.jpg,1,25,112,112,17,167,156,153,90,ok
train/1-25/46.jpg,1,25,112,112,65,31,71,157,180,ok
train/1-25/47.jpg,1,25,112,112,64,29,71,157,180,ok
train/1-25/48.jpg,1,25,112,112,167,207,186,31,0,ok
train/1-25/49.jpg,1,25,112,112,57,17,68,160,180,ok
train/1-25/5.jpg,1,25,112,112,160,194,153,67,0,ok
train/1-25/50.jpg,1,25,112,112,167,207,186,31,0,ok
train/1-25/52.jpg,1,25,112,112,167,207,186,31,0,ok
train/1-25/53.jpg,1,25,112,112,167,207,165,54,0,ok
train/1-25/54.jpg,1,25,112,112,167,207,186,31,0,ok
train/1-25/55.jpg,1,25,112,112,17,167,193,186,90,ok
train/1-25/56.jpg,1,25,112,112,158,192,153,67,0,ok
train/1-25/58.jpg,1,25,112,112,61,24,70,158,180,ok
train/1-25/59.jpg,1,25,112,112,161,197,153,67,0,ok
train/1-25/6.jpg,1,25,112,112,167,207,186,31,0,ok
train/1-25/60.jpg,1,25,112,112,65,31,71,157,180,ok
train/1-25/61.jpg,1,25,112,112,163,200,153,67,0,ok
train/1-25/62.jpg,1,25,112,112,57,17,71,157,180,ok
train/1-25/63.jpg,1,25,112,112,160,194,153,67,0,ok
train/1-25/64.jpg,1,25,112,112,167,207,153,67,0,ok
train/1-25/66.jpg,1,25,112,112,167,207,153,67,0,ok
train/1-25/68.jpg,1,25,112,112,158,192,153,67,0,ok
train/1-25/7.jpg,1,25,112,112,207,57,31,38,270,ok
train/1-25/70.jpg,1,25,112,112,57,17,38,193,180,ok
train/1-25/71.jpg,1,25,112,112,57,17,38,193,180,ok
train/1-25/72.jpg,1,25,112,112,167,207,153,67,0,ok
train/1-25/73.jpg,1,25,112,112,167,207,156,64,0,ok
train/1-25/74.jpg,1,25,112,112,167,207,186,31,0,ok
train/1-25/75.jpg,1,25,112,112,160,194,153,67,0,ok
train/1-25/76.jpg,1,25,112,112,67,34,38,192,180,ok
train/1-25/77.jpg,1,25,112,112,17,167,193,186,90,ok
train/1-25/78.jpg,1,25,112,112,17,167,156,153,90,ok
train/1-25/79.jpg,1,25,112,112,167,207,186,31,0,ok
train/1-25/8.jpg,1,25,112,112,159,193,153,67,0,ok
train/1-25/80.jpg,1,25,112,112,57,17,71,157,180,ok
train/1-25/81.jpg,1,25,112,112,167,207,186,31,0,ok
train/1-25/82.jpg,1,25,112,112,17,167,193,186,90,ok
train/1-25/83.jpg,1,25,112,112,167,207,186,31,0,ok
train/1-25/84.jpg,1,25,112,112,207,57,67,71,270,ok
train/1-25/86.jpg,1,25,112,112,160,195,153,67,0,ok
train/1-25/88.jpg,1,25,112,112,164,201,153,67,0,ok
train/1-25/89.jpg,1,25,112,112,167,207,153,67,0,ok
train/1-25/9.jpg,1,25,112,112,59,20,71,157,180,ok
train/1-25/93.jpg,1,25,112,112,167,207,186,31,0,ok
train/1-25/94.jpg,1,25,112,112,166,206,186,31,0,ok
train/1-25/95.jpg,1,25,112,112,167,207,153,67,0,ok
train/1-25/96.jpg,1,25,112,112,167,207,153,67,0,ok
train/1-25/97.jpg,1,25,112,112,64,29,71,157,180,ok
train/1-25/98.jpg,1,25,112,112,57,17,71,157,180,ok
train/1-30/0.jpg,1,30,112,112,215,112,69,69,270,ok
train/1-30/1.jpg,1,30,112,112,112,222,190,34,0,ok
train/1-30/11.jpg,1,30,112,112,2,112,190,190,90,ok
train/1-30/13.jpg,1,30,112,112,112,2,69,155,180,ok
train/1-30/14.jpg,1,30,112,112,112,222,190,34,0,ok
train/1-30/16.jpg,1,30,112,112,112,222,190,34,0,ok
train/1-30/17.jpg,1,30,112,112,112,204,155,69,0,ok
train/1-30/18.jpg,1,30,112,112,112,2,66,158,180,ok
train/1-30/19.jpg,1,30,112,112,112,2,69,155,180,ok
train/1-30/20.jpg,1,30,112,112,112,215,155,69,0,ok
train/1-30/21.jpg,1,30,112,112,112,204,155,69,0,ok
train/1-30/22.jpg,1,30,112,112,112,222,190,34,0,ok
train/1-30/23.jpg,1,30,112,112,2,112,190,190,90,ok
train/1-30/24.jpg,1,30,112,112,112,222,155,69,0,ok
train/1-30/25.jpg,1,30,112,112,112,222,190,34,0,ok
train/1-30/26.jpg,1,30,112,112,112,218,188,36,0,ok
train/1-30/27.jpg,1,30,112,112,112,222,190,34,0,ok
train/1-30/3.jpg,1,30,112,112,222,112,34,34,270,ok
train/1-30/31.jpg,1,30,112,112,112,18,69,155,180,ok
train/1-30/32.jpg,1,30,112,112,112,222,190,34,0,ok
train/1-30/33.jpg,1,30,112,112,112,222,155,69,0,ok
train/1-30/34.jpg,1,30,112,112,112,222,155,69,0,ok
train/1-30/35.jpg,1,30,112,112,112,222,190,34,0,ok
train/1-30/36.jpg,1,30,112,112,2,112,190,190,90,ok
train/1-30/37.jpg,1,30,112,112,19,112,180,180,90,ok
train/1-30/38.jpg,1,30,112,112,112,204,155,69,0,ok
train/1-30/4.jpg,1,30,112,112,222,112,34,34,270,ok
train/1-30/40.jpg,1,30,112,112,2,112,154,154,90,ok
train/1-30/41.jpg,1,30,112,112,112,222,190,34,0,ok
train/1-30/42.jpg,1,30,112,112,112,2,69,155,180,ok
train/1-30/44.jpg,1,30,112,112,112,222,155,69,0,ok
train/1-30/45.jpg,1,30,112,112,10,112,154,154,90,ok
train/1-30/46.jpg,1,30,112,112,222,112,69,69,270,ok
train/1-30/47.jpg,1,30,112,112,112,207,155,69,0,ok
train/1-30/48.jpg,1,30,112,112,112,222,190,34,0,ok
train/1-30/50.jpg,1,30,112,112,2,112,190,190,90,ok
train/1-30/51.jpg,1,30,112,112,2,112,154,154,90,ok
train/1-30/53.jpg,1,30,112,112,222,112,35,35,270,ok
train/1-30/55.jpg,1,30,112,112,2,112,190,190,90,ok
train/1-30/56.jpg,1,30,112,112,206,112,69,69,270,ok
train/1-30/57.jpg,1,30,112,112,112,2,34,190,180,ok
train/1-30/58.jpg,1,30,112,112,112,214,156,68,0,ok
train/1-30/59.jpg,1,30,112,112,112,204,155,69,0,ok
train/1-30/6.jpg,1,30,112,112,112,222,190,34,0,ok
train/1-30/60.jpg,1,30,112,112,112,18,69,155,180,ok
train/1-30/61.jpg,1,30,112,112,112,204,155,69,0,ok
train/1-30/62.jpg,1,30,112,112,112,222,155,69,0,ok
train/1-30/63.jpg,1,30,112,112,112,15,69,155,180,ok
train/1-30/65.jpg,1,30,112,112,2,112,190,190,90,ok
train/1-30/66.jpg,1,30,112,112,19,112,154,154,90,ok
train/1-30/67.jpg,1,30,112,112,112,222,155,69,0,ok
train/1-30/68.jpg,1,30,112,112,205,112,69,69,270,ok
train/1-30/69.jpg,1,30,112,112,222,112,34,34,270,ok
train/1-30/7.jpg,1,30,112,112,2,112,190,190,90,ok
train/1-30/70.jpg,1,30,112,112,2,112,189,189,90,ok
train/1-30/71.jpg,1,30,112,112,112,2,34,190,180,ok
train/1-30/72.jpg,1,30,112,112,220,112,69,69,270,ok
train/1-30/73.jpg,1,30,112,112,112,222,162,62,0,ok
train/1-30/74.jpg,1,30,112,112,112,222,190,34,0,ok
train/1-30/75.jpg,1,30,112,112,112,206,155,69,0,ok
train/1-30/77.jpg,1,30,112,112,112,2,34,190,180,ok
train/1-30/78.jpg,1,30,112,112,112,18,69,155,180,ok
train/1-30/79.jpg,1,30,112,112,112,222,190,34,0,ok
train/1-30/8.jpg,1,30,112,112,112,210,155,69,0,ok
train/1-30/81.jpg,1,30,112,112,112,222,190,34,0,ok
train/1-30/82.jpg,1,30,112,112,112,222,190,34,0,ok
train/1-30/83.jpg,1,30,112,112,112,222,190,34,0,ok
train/1-30/84.jpg,1,30,112,112,112,2,69,155,180,ok
train/1-30/87.jpg,1,30,112,112,222,112,69,69,270,ok
train/1-30/89.jpg,1,30,112,112,19,112,154,154,90,ok
train/1-30/9.jpg,1,30,112,112,112,222,155,69,0,ok
train/1-30/90.jpg,1,30,112,112,2,112,190,190,90,ok
train/1-30/91.jpg,1,30,112,112,112,222,190,34,0,ok
train/1-30/92.jpg,1,30,112,112,2,112,190,190,90,ok
train/1-30/93.jpg,1,30,112,112,112,222,190,34,0,ok
train/1-30/95.jpg,1,30,112,112,112,2,69,155,180,ok
train/1-30/96.jpg,1,30,112,112,112,222,155,69,0,ok
train/1-30/97.jpg,1,30,112,112,112,222,155,69,0,ok
train/1-30/98.jpg,1,30,112,112,19,112,154,154,90,ok
train/1-30/99.jpg,1,30,112,112,112,204,155,69,0,ok
train/1-35/0.jpg,1,35,112,112,60,201,157,71,0,ok
train/1-35/1.jpg,1,35,112,112,207,167,38,31,270,ok
train/1-35/10.jpg,1,35,112,112,66,192,157,71,0,ok
train/1-35/11.jpg,1,35,112,112,57,207,193,38,0,ok
train/1-35/12.jpg,1,35,112,112,196,160,71,67,270,ok
train/1-35/14.jpg,1,35,112,112,57,207,193,38,0,ok
train/1-35/15.jpg,1,35,112,112,66,193,159,69,0,ok
train/1-35/16.jpg,1,35,112,112,57,207,193,38,0,ok
train/1-35/18.jpg,1,35,112,112,57,207,159,69,0,ok
train/1-35/2.jpg,1,35,112,112,66,192,157,71,0,ok
train/1-35/20.jpg,1,35,112,112,60,201,157,71,0,ok
train/1-35/21.jpg,1,35,112,112,66,192,157,71,0,ok
train/1-35/22.jpg,1,35,112,112,61,200,193,38,0,ok
train/1-35/25.jpg,1,35,112,112,57,207,193,38,0,ok
train/1-35/26.jpg,1,35,112,112,27,63,184,191,90,ok
train/1-35/27.jpg,1,35,112,112,57,207,193,38,0,ok
train/1-35/29.jpg,1,35,112,112,17,57,153,157,90,ok
train/1-35/3.jpg,1,35,112,112,17,57,176,181,90,ok
train/1-35/30.jpg,1,35,112,112,17,57,153,156,90,ok
train/1-35/31.jpg,1,35,112,112,198,161,71,67,270,ok
train/1-35/32.jpg,1,35,112,112,17,57,186,193,90,ok
train/1-35/34.jpg,1,35,112,112,66,192,157,71,0,ok
train/1-35/35.jpg,1,35,112,112,18,58,186,193,90,ok
train/1-35/36.jpg,1,35,112,112,57,207,193,38,0,ok
train/1-35/37.jpg,1,35,112,112,158,31,38,180,180,ok
train/1-35/38.jpg,1,35,112,112,66,192,157,71,0,ok
train/1-35/39.jpg,1,35,112,112,57,207,161,67,0,ok
train/1-35/4.jpg,1,35,112,112,167,17,31,186,180,ok
train/1-35/41.jpg,1,35,112,112,17,57,186,193,90,ok
train/1-35/42.jpg,1,35,112,112,17,57,153,156,90,ok
train/1-35/43.jpg,1,35,112,112,167,17,31,186,180,ok
train/1-35/45.jpg,1,35,112,112,61,200,157,71,0,ok
train/1-35/48.jpg,1,35,112,112,57,207,193,38,0,ok
train/1-35/49.jpg,1,35,112,112,158,31,64,156,180,ok
train/1-35/5.jpg,1,35,112,112,166,18,67,153,180,ok
train/1-35/50.jpg,1,35,112,112,57,207,193,38,0,ok
train/1-35/51.jpg,1,35,112,112,57,207,157,71,0,ok
train/1-35/52.jpg,1,35,112,112,17,57,186,193,90,ok
train/1-35/53.jpg,1,35,112,112,57,207,169,60,0,ok
train/1-35/54.jpg,1,35,112,112,57,207,193,38,0,ok
train/1-35/55.jpg,1,35,112,112,17,57,186,193,90,ok
train/1-35/56.jpg,1,35,112,112,196,160,71,67,270,ok
train/1-35/57.jpg,1,35,112,112,57,207,193,38,0,ok
train/1-35/58.jpg,1,35,112,112,59,203,157,71,0,ok
train/1-35/59.jpg,1,35,112,112,207,167,69,65,270,ok
train/1-35/60.jpg,1,35,112,112,61,199,157,71,0,ok
train/1-35/61.jpg,1,35,112,112,192,158,71,67,270,ok
train/1-35/62.jpg,1,35,112,112,207,167,71,67,270,ok
train/1-35/63.jpg,1,35,112,112,197,161,71,67,270,ok
train/1-35/64.jpg,1,35,112,112,57,207,157,71,0,ok
train/1-35/65.jpg,1,35,112,112,17,57,186,193,90,ok
train/1-35/67.jpg,1,35,112,112,166,18,67,153,180,ok
train/1-35/68.jpg,1,35,112,112,158,31,67,153,180,ok
train/1-35/7.jpg,1,35,112,112,17,57,186,193,90,ok
train/1-35/71.jpg,1,35,112,112,57,206,193,38,0,ok
train/1-35/72.jpg,1,35,112,112,164,21,67,153,180,ok
train/1-35/73.jpg,1,35,112,112,57,207,176,53,0,ok
train/1-35/74.jpg,1,35,112,112,57,207,193,38,0,ok
train/1-35/75.jpg,1,35,112,112,31,65,153,156,90,ok
train/1-35/76.jpg,1,35,112,112,34,67,185,192,90,ok
train/1-35/78.jpg,1,35,112,112,158,31,67,153,180,ok
train/1-35/79.jpg,1,35,112,112,17,57,186,193,90,ok
train/1-35/8.jpg,1,35,112,112,66,192,157,71,0,ok
train/1-35/80.jpg,1,35,112,112,57,207,157,71,0,ok
train/1-35/81.jpg,1,35,112,112,57,207,193,38,0,ok
train/1-35/82.jpg,1,35,112,112,57,207,193,38,0,ok
train/1-35/84.jpg,1,35,112,112,57,207,157,71,0,ok
train/1-35/85.jpg,1,35,112,112,17,57,153,156,90,ok
train/1-35/86.jpg,1,35,112,112,158,31,67,153,180,ok
train/1-35/87.jpg,1,35,112,112,65,193,157,71,0,ok
train/1-35/90.jpg,1,35,112,112,57,207,193,38,0,ok
train/1-35/91.jpg,1,35,112,112,17,57,186,193,90,ok
train/1-35/92.jpg,1,35,112,112,17,57,186,193,90,ok
train/1-35/93.jpg,1,35,112,112,57,207,193,38,0,ok
train/1-35/94.jpg,1,35,112,112,21,60,186,193,90,ok
train/1-35/95.jpg,1,35,112,112,17,57,153,156,90,ok
train/1-35/96.jpg,1,35,112,112,167,17,67,153,180,ok
train/1-35/97.jpg,1,35,112,112,162,25,67,153,180,ok
train/1-35/98.jpg,1,35,112,112,63,197,157,71,0,ok
train/1-35/99.jpg,1,35,112,112,66,192,157,71,0,ok
train/1-40/0.jpg,1,40,112,112,22,164,158,73,0,ok
train/1-40/1.jpg,1,40,112,112,17,167,196,41,0,ok
train/1-40/10.jpg,1,40,112,112,17,167,158,73,0,ok
train/1-40/11.jpg,1,40,112,112,17,167,196,41,0,ok
train/1-40/12.jpg,1,40,112,112,23,164,158,73,0,ok
train/1-40/13.jpg,1,40,112,112,192,66,66,151,180,ok
train/1-40/14.jpg,1,40,112,112,17,167,196,41,0,ok
train/1-40/15.jpg,1,40,112,112,158,192,71,63,270,ok
train/1-40/16.jpg,1,40,112,112,17,167,196,41,0,ok
train/1-40/17.jpg,1,40,112,112,164,202,73,65,270,ok
train/1-40/18.jpg,1,40,112,112,167,207,71,63,270,ok
train/1-40/2.jpg,1,40,112,112,207,57,66,151,180,ok
train/1-40/20.jpg,1,40,112,112,26,162,158,73,0,ok
train/1-40/21.jpg,1,40,112,112,32,158,158,73,0,ok
train/1-40/22.jpg,1,40,112,112,17,167,196,41,0,ok
train/1-40/23.jpg,1,40,112,112,57,17,183,196,90,ok
train/1-40/24.jpg,1,40,112,112,17,167,158,73,0,ok
train/1-40/26.jpg,1,40,112,112,58,18,181,194,90,ok
train/1-40/28.jpg,1,40,112,112,57,17,150,157,90,ok
train/1-40/29.jpg,1,40,112,112,167,207,72,65,270,ok
train/1-40/3.jpg,1,40,112,112,70,39,183,196,90,ok
train/1-40/30.jpg,1,40,112,112,32,158,158,73,0,ok
train/1-40/31.jpg,1,40,112,112,17,167,158,73,0,ok
train/1-40/32.jpg,1,40,112,112,17,167,196,41,0,ok
train/1-40/33.jpg,1,40,112,112,32,158,158,73,0,ok
train/1-40/34.jpg,1,40,112,112,17,167,158,73,0,ok
train/1-40/35.jpg,1,40,112,112,17,167,196,41,0,ok
train/1-40/37.jpg,1,40,112,112,196,63,49,165,180,ok
train/1-40/39.jpg,1,40,112,112,17,167,163,69,0,ok
train/1-40/4.jpg,1,40,112,112,17,167,196,41,0,ok
train/1-40/41.jpg,1,40,112,112,207,57,28,183,180,ok
train/1-40/42.jpg,1,40,112,112,57,17,150,157,90,ok
train/1-40/43.jpg,1,40,112,112,17,167,196,41,0,ok
train/1-40/46.jpg,1,40,112,112,192,66,66,151,180,ok
train/1-40/48.jpg,1,40,112,112,17,167,196,41,0,ok
train/1-40/49.jpg,1,40,112,112,167,207,70,61,270,ok
train/1-40/5.jpg,1,40,112,112,57,18,150,157,90,ok
train/1-40/51.jpg,1,40,112,112,17,167,158,73,0,ok
train/1-40/54.jpg,1,40,112,112,17,167,196,41,0,ok
train/1-40/55.jpg,1,40,112,112,57,17,183,196,90,ok
train/1-40/56.jpg,1,40,112,112,24,163,158,73,0,ok
train/1-40/57.jpg,1,40,112,112,17,167,196,41,0,ok
train/1-40/58.jpg,1,40,112,112,27,161,159,72,0,ok
train/1-40/59.jpg,1,40,112,112,158,192,69,61,270,ok
train/1-40/6.jpg,1,40,112,112,17,167,196,41,0,ok
train/1-40/60.jpg,1,40,112,112,65,31,150,157,90,ok
train/1-40/62.jpg,1,40,112,112,28,161,158,73,0,ok
train/1-40/63.jpg,1,40,112,112,62,25,150,157,90,ok
train/1-40/65.jpg,1,40,112,112,207,57,28,183,180,ok
train/1-40/66.jpg,1,40,112,112,32,158,158,73,0,ok
train/1-40/67.jpg,1,40,112,112,206,57,66,151,180,ok
train/1-40/68.jpg,1,40,112,112,29,160,158,73,0,ok
train/1-40/69.jpg,1,40,112,112,167,207,41,28,270,ok
train/1-40/7.jpg,1,40,112,112,207,57,28,183,180,ok
train/1-40/70.jpg,1,40,112,112,17,167,195,42,0,ok
train/1-40/71.jpg,1,40,112,112,207,57,28,183,180,ok
train/1-40/72.jpg,1,40,112,112,20,165,158,73,0,ok
train/1-40/73.jpg,1,40,112,112,17,167,179,56,0,ok
train/1-40/74.jpg,1,40,112,112,17,167,196,41,0,ok
train/1-40/75.jpg,1,40,112,112,32,158,158,73,0,ok
train/1-40/76.jpg,1,40,112,112,156,189,42,29,270,ok
train/1-40/77.jpg,1,40,112,112,17,167,196,41,0,ok
train/1-40/8.jpg,1,40,112,112,200,61,66,151,180,ok
train/1-40/80.jpg,1,40,112,112,31,159,158,73,0,ok
train/1-40/81.jpg,1,40,112,112,57,17,183,196,90,ok
train/1-40/82.jpg,1,40,112,112,57,17,183,196,90,ok
train/1-40/83.jpg,1,40,112,112,57,17,183,196,90,ok
train/1-40/84.jpg,1,40,112,112,25,162,158,73,0,ok
train/1-40/86.jpg,1,40,112,112,30,160,158,73,0,ok
train/1-40/87.jpg,1,40,112,112,57,17,150,157,90,ok
train/1-40/88.jpg,1,40,112,112,27,161,158,73,0,ok
train/1-40/89.jpg,1,40,112,112,207,57,66,151,180,ok
train/1-40/90.jpg,1,40,112,112,17,167,196,41,0,ok
train/1-40/91.jpg,1,40,112,112,57,17,183,196,90,ok
train/1-40/92.jpg,1,40,112,112,207,57,28,183,180,ok
train/1-40/93.jpg,1,40,112,112,17,167,196,41,0,ok
train/1-40/94.jpg,1,40,112,112,17,167,196,41,0,ok
train/1-40/95.jpg,1,40,112,112,165,204,73,65,270,ok
train/1-40/96.jpg,1,40,112,112,167,207,73,65,270,ok
train/1-40/99.jpg,1,40,112,112,32,158,158,73,0,ok
train/1-45/0.jpg,1,45,112,112,112,216,74,63,270,ok
train/1-45/1.jpg,1,45,112,112,112,2,179,199,90,ok
train/1-45/10.jpg,1,45,112,112,2,112,160,75,0,ok
train/1-45/11.jpg,1,45,112,112,112,222,45,25,270,ok
train/1-45/12.jpg,1,45,112,112,112,222,74,63,270,ok
train/1-45/13.jpg,1,45,112,112,19,112,160,75,0,ok
train/1-45/14.jpg,1,45,112,112,2,112,199,45,0,ok
train/1-45/15.jpg,1,45,112,112,112,204,73,61,270,ok
train/1-45/18.jpg,1,45,112,112,2,112,163,73,0,ok
train/1-45/2.jpg,1,45,112,112,2,112,160,75,0,ok
train/1-45/20.jpg,1,45,112,112,14,112,160,75,0,ok
train/1-45/21.jpg,1,45,112,112,112,208,74,63,270,ok
train/1-45/24.jpg,1,45,112,112,2,112,160,75,0,ok
train/1-45/25.jpg,1,45,112,112,2,112,199,45,0,ok
train/1-45/27.jpg,1,45,112,112,2,112,199,45,0,ok
train/1-45/28.jpg,1,45,112,112,112,222,74,63,270,ok
train/1-45/29.jpg,1,45,112,112,112,222,74,63,270,ok
train/1-45/3.jpg,1,45,112,112,18,112,199,45,0,ok
train/1-45/30.jpg,1,45,112,112,19,112,160,75,0,ok
train/1-45/31.jpg,1,45,112,112,112,14,149,160,90,ok
train/1-45/32.jpg,1,45,112,112,2,112,199,45,0,ok
train/1-45/33.jpg,1,45,112,112,19,112,160,75,0,ok
train/1-45/38.jpg,1,45,112,112,222,112,64,149,180,ok
train/1-45/39.jpg,1,45,112,112,2,112,165,71,0,ok
train/1-45/40.jpg,1,45,112,112,2,112,160,75,0,ok
train/1-45/41.jpg,1,45,112,112,2,112,199,45,0,ok
train/1-45/43.jpg,1,45,112,112,222,112,25,179,180,ok
train/1-45/44.jpg,1,45,112,112,112,222,74,63,270,ok
train/1-45/45.jpg,1,45,112,112,15,112,160,75,0,ok
train/1-45/46.jpg,1,45,112,112,112,9,149,160,90,ok
train/1-45/47.jpg,1,45,112,112,18,112,160,75,0,ok
train/1-45/48.jpg,1,45,112,112,2,112,199,45,0,ok
train/1-45/49.jpg,1,45,112,112,205,112,60,152,180,ok
train/1-45/5.jpg,1,45,112,112,112,204,74,63,270,ok
train/1-45/52.jpg,1,45,112,112,2,112,199,45,0,ok
train/1-45/53.jpg,1,45,112,112,112,5,175,194,90,ok
train/1-45/54.jpg,1,45,112,112,2,112,199,45,0,ok
train/1-45/55.jpg,1,45,112,112,112,2,179,199,90,ok
train/1-45/56.jpg,1,45,112,112,12,112,160,75,0,ok
train/1-45/57.jpg,1,45,112,112,112,2,179,199,90,ok
train/1-45/58.jpg,1,45,112,112,112,2,150,161,90,ok
train/1-45/59.jpg,1,45,112,112,2,112,164,72,0,ok
train/1-45/61.jpg,1,45,112,112,112,12,149,160,90,ok
train/1-45/63.jpg,1,45,112,112,112,204,74,63,270,ok
train/1-45/64.jpg,1,45,112,112,218,112,64,149,180,ok
train/1-45/65.jpg,1,45,112,112,2,112,199,45,0,ok
train/1-45/66.jpg,1,45,112,112,11,112,160,75,0,ok
train/1-45/67.jpg,1,45,112,112,4,112,160,75,0,ok
train/1-45/69.jpg,1,45,112,112,112,222,45,25,270,ok
train/1-45/7.jpg,1,45,112,112,222,112,25,179,180,ok
train/1-45/70.jpg,1,45,112,112,2,112,199,45,0,ok
train/1-45/71.jpg,1,45,112,112,222,112,25,179,180,ok
train/1-45/72.jpg,1,45,112,112,218,112,64,149,180,ok
train/1-45/73.jpg,1,45,112,112,112,222,74,63,270,ok
train/1-45/74.jpg,1,45,112,112,2,112,199,45,0,ok
train/1-45/75.jpg,1,45,112,112,19,112,160,75,0,ok
train/1-45/76.jpg,1,45,112,112,112,3,178,198,90,ok
train/1-45/77.jpg,1,45,112,112,112,2,179,199,90,ok
train/1-45/78.jpg,1,45,112,112,205,112,64,149,180,ok
train/1-45/79.jpg,1,45,112,112,2,112,199,45,0,ok
train/1-45/8.jpg,1,45,112,112,11,112,160,75,0,ok
train/1-45/80.jpg,1,45,112,112,222,112,64,149,180,ok
train/1-45/82.jpg,1,45,112,112,2,112,199,45,0,ok
train/1-45/83.jpg,1,45,112,112,2,112,199,45,0,ok
train/1-45/84.jpg,1,45,112,112,112,222,74,63,270,ok
train/1-45/85.jpg,1,45,112,112,19,112,160,75,0,ok
train/1-45/86.jpg,1,45,112,112,18,112,160,75,0,ok
train/1-45/87.jpg,1,45,112,112,222,112,64,149,180,ok
train/1-45/88.jpg,1,45,112,112,211,112,64,149,180,ok
train/1-45/9.jpg,1,45,112,112,222,112,64,149,180,ok
train/1-45/90.jpg,1,45,112,112,2,112,199,45,0,ok
train/1-45/91.jpg,1,45,112,112,112,2,179,199,90,ok
train/1-45/92.jpg,1,45,112,112,2,112,199,45,0,ok
train/1-45/93.jpg,1,45,112,112,2,112,199,45,0,ok
train/1-45/94.jpg,1,45,112,112,112,18,179,199,90,ok
train/1-45/95.jpg,1,45,112,112,220,112,64,149,180,ok
train/1-45/96.jpg,1,45,112,112,112,2,149,160,90,ok
train/1-45/97.jpg,1,45,112,112,16,112,160,75,0,ok
train/1-45/98.jpg,1,45,112,112,222,112,64,149,180,ok
train/1-45/99.jpg,1,45,112,112,112,222,74,63,270,ok
train/1-50/0.jpg,1,50,112,112,60,202,77,62,270,ok
train/1-50/1.jpg,1,50,112,112,57,207,49,22,270,ok
train/1-50/10.jpg,1,50,112,112,28,64,161,78,0,ok
train/1-50/11.jpg,1,50,112,112,17,57,202,49,0,ok
train/1-50/12.jpg,1,50,112,112,160,28,146,161,90,ok
train/1-50/13.jpg,1,50,112,112,207,167,62,147,180,ok
train/1-50/14.jpg,1,50,112,112,17,57,202,49,0,ok
train/1-50/16.jpg,1,50,112,112,17,57,202,49,0,ok
train/1-50/17.jpg,1,50,112,112,24,61,161,78,0,ok
train/1-50/18.jpg,1,50,112,112,207,167,57,150,180,ok
train/1-50/19.jpg,1,50,112,112,17,57,161,78,0,ok
train/1-50/2.jpg,1,50,112,112,160,28,146,161,90,ok
train/1-50/20.jpg,1,50,112,112,27,63,161,78,0,ok
train/1-50/21.jpg,1,50,112,112,31,65,161,78,0,ok
train/1-50/22.jpg,1,50,112,112,21,60,202,49,0,ok
train/1-50/23.jpg,1,50,112,112,207,167,22,175,180,ok
train/1-50/24.jpg,1,50,112,112,57,207,77,62,270,ok
train/1-50/25.jpg,1,50,112,112,17,57,202,49,0,ok
train/1-50/26.jpg,1,50,112,112,19,58,200,50,0,ok
train/1-50/27.jpg,1,50,112,112,17,57,202,49,0,ok
train/1-50/28.jpg,1,50,112,112,57,207,77,62,270,ok
train/1-50/3.jpg,1,50,112,112,57,207,49,22,270,ok
train/1-50/30.jpg,1,50,112,112,31,65,161,78,0,ok
train/1-50/31.jpg,1,50,112,112,17,57,161,78,0,ok
train/1-50/32.jpg,1,50,112,112,17,57,202,49,0,ok
train/1-50/34.jpg,1,50,112,112,195,160,62,147,180,ok
train/1-50/35.jpg,1,50,112,112,167,17,175,202,90,ok
train/1-50/37.jpg,1,50,112,112,64,195,71,54,270,ok
train/1-50/4.jpg,1,50,112,112,17,57,202,49,0,ok
train/1-50/40.jpg,1,50,112,112,64,195,77,62,270,ok
train/1-50/42.jpg,1,50,112,112,57,207,77,62,270,ok
train/1-50/43.jpg,1,50,112,112,167,17,175,202,90,ok
train/1-50/44.jpg,1,50,112,112,31,65,161,78,0,ok
train/1-50/45.jpg,1,50,112,112,60,202,77,62,270,ok
train/1-50/48.jpg,1,50,112,112,17,57,202,49,0,ok
train/1-50/5.jpg,1,50,112,112,18,58,161,78,0,ok
train/1-50/50.jpg,1,50,112,112,207,167,22,175,180,ok
train/1-50/51.jpg,1,50,112,112,207,167,62,147,180,ok
train/1-50/52.jpg,1,50,112,112,167,17,175,202,90,ok
train/1-50/53.jpg,1,50,112,112,57,206,52,27,270,ok
train/1-50/54.jpg,1,50,112,112,17,57,202,49,0,ok
train/1-50/55.jpg,1,50,112,112,167,17,175,202,90,ok
train/1-50/56.jpg,1,50,112,112,200,163,62,147,180,ok
train/1-50/57.jpg,1,50,112,112,17,57,202,49,0,ok
train/1-50/58.jpg,1,50,112,112,57,207,76,61,270,ok
train/1-50/59.jpg,1,50,112,112,17,57,166,74,0,ok
train/1-50/6.jpg,1,50,112,112,17,57,202,49,0,ok
train/1-50/60.jpg,1,50,112,112,64,195,77,62,270,ok
train/1-50/61.jpg,1,50,112,112,158,31,146,161,90,ok
train/1-50/63.jpg,1,50,112,112,57,206,77,62,270,ok
train/1-50/65.jpg,1,50,112,112,17,57,202,49,0,ok
train/1-50/66.jpg,1,50,112,112,26,62,161,78,0,ok
train/1-50/67.jpg,1,50,112,112,206,166,62,147,180,ok
train/1-50/68.jpg,1,50,112,112,28,64,161,78,0,ok
train/1-50/69.jpg,1,50,112,112,17,57,202,49,0,ok
train/1-50/7.jpg,1,50,112,112,17,57,202,49,0,ok
train/1-50/71.jpg,1,50,112,112,207,167,22,175,180,ok
train/1-50/72.jpg,1,50,112,112,19,58,161,78,0,ok
train/1-50/73.jpg,1,50,112,112,17,57,185,61,0,ok
train/1-50/74.jpg,1,50,112,112,17,57,202,49,0,ok
train/1-50/75.jpg,1,50,112,112,31,65,161,78,0,ok
train/1-50/76.jpg,1,50,112,112,187,155,23,175,180,ok
train/1-50/77.jpg,1,50,112,112,207,167,22,175,180,ok
train/1-50/78.jpg,1,50,112,112,28,64,161,78,0,ok
train/1-50/79.jpg,1,50,112,112,17,57,202,49,0,ok
train/1-50/8.jpg,1,50,112,112,160,30,146,161,90,ok
train/1-50/82.jpg,1,50,112,112,17,57,202,49,0,ok
train/1-50/83.jpg,1,50,112,112,57,207,49,22,270,ok
train/1-50/85.jpg,1,50,112,112,17,57,161,78,0,ok
train/1-50/86.jpg,1,50,112,112,27,63,161,78,0,ok
train/1-50/87.jpg,1,50,112,112,207,167,62,147,180,ok
train/1-50/88.jpg,1,50,112,112,196,160,62,147,180,ok
train/1-50/89.jpg,1,50,112,112,57,207,77,62,270,ok
train/1-50/9.jpg,1,50,112,112,17,57,161,78,0,ok
train/1-50/90.jpg,1,50,112,112,167,17,175,202,90,ok
train/1-50/93.jpg,1,50,112,112,17,57,202,49,0,ok
train/1-50/95.jpg,1,50,112,112,167,17,146,161,90,ok
train/1-50/96.jpg,1,50,112,112,17,57,161,78,0,ok
train/1-50/97.jpg,1,50,112,112,192,158,62,147,180,ok
train/1-50/99.jpg,1,50,112,112,167,17,146,161,90,ok
train/1-55/1.jpg,1,55,112,112,207,57,171,205,90,ok
train/1-55/11.jpg,1,55,112,112,57,17,205,53,0,ok
train/1-55/12.jpg,1,55,112,112,207,57,145,163,90,ok
train/1-55/14.jpg,1,55,112,112,57,17,205,53,0,ok
train/1-55/15.jpg,1,55,112,112,196,63,146,166,90,ok
train/1-55/16.jpg,1,55,112,112,57,17,205,53,0,ok
train/1-55/17.jpg,1,55,112,112,161,197,60,145,180,ok
train/1-55/18.jpg,1,55,112,112,158,192,58,146,180,ok
train/1-55/2.jpg,1,55,112,112,192,66,145,163,90,ok
train/1-55/20.jpg,1,55,112,112,27,161,79,60,270,ok
train/1-55/21.jpg,1,55,112,112,57,17,163,79,0,ok
train/1-55/22.jpg,1,55,112,112,57,17,205,53,0,ok
train/1-55/23.jpg,1,55,112,112,207,57,171,205,90,ok
train/1-55/24.jpg,1,55,112,112,57,17,163,79,0,ok
train/1-55/25.jpg,1,55,112,112,57,17,205,53,0,ok
train/1-55/26.jpg,1,55,112,112,21,165,54,21,270,ok
train/1-55/27.jpg,1,55,112,112,57,17,205,53,0,ok
train/1-55/28.jpg,1,55,112,112,17,167,79,60,270,ok
train/1-55/29.jpg,1,55,112,112,207,57,148,169,90,ok
train/1-55/3.jpg,1,55,112,112,193,66,171,205,90,ok
train/1-55/30.jpg,1,55,112,112,65,31,168,77,0,ok
train/1-55/31.jpg,1,55,112,112,57,17,163,79,0,ok
train/1-55/32.jpg,1,55,112,112,207,57,171,205,90,ok
train/1-55/34.jpg,1,55,112,112,57,17,163,79,0,ok
train/1-55/35.jpg,1,55,112,112,17,167,53,19,270,ok
train/1-55/36.jpg,1,55,112,112,207,57,171,205,90,ok
train/1-55/37.jpg,1,55,112,112,63,27,174,72,0,ok
train/1-55/38.jpg,1,55,112,112,32,158,79,60,270,ok
train/1-55/39.jpg,1,55,112,112,167,207,57,147,180,ok
train/1-55/4.jpg,1,55,112,112,57,17,205,53,0,ok
train/1-55/40.jpg,1,55,112,112,17,167,53,19,270,ok
train/1-55/41.jpg,1,55,112,112,57,17,205,53,0,ok
train/1-55/42.jpg,1,55,112,112,57,17,163,79,0,ok
train/1-55/43.jpg,1,55,112,112,207,57,171,204,90,ok
train/1-55/44.jpg,1,55,112,112,32,158,79,60,270,ok
train/1-55/45.jpg,1,55,112,112,62,26,163,79,0,ok
train/1-55/46.jpg,1,55,112,112,158,192,60,145,180,ok
train/1-55/47.jpg,1,55,112,112,158,192,60,145,180,ok
train/1-55/48.jpg,1,55,112,112,57,17,205,53,0,ok
train/1-55/49.jpg,1,55,112,112,65,31,167,77,0,ok
train/1-55/5.jpg,1,55,112,112,158,192,60,145,180,ok
train/1-55/50.jpg,1,55,112,112,57,17,205,53,0,ok
train/1-55/51.jpg,1,55,112,112,57,17,163,79,0,ok
train/1-55/52.jpg,1,55,112,112,167,207,19,171,180,ok
train/1-55/53.jpg,1,55,112,112,166,206,23,169,180,ok
train/1-55/55.jpg,1,55,112,112,57,17,205,53,0,ok
train/1-55/56.jpg,1,55,112,112,65,31,163,79,0,ok
train/1-55/58.jpg,1,55,112,112,57,17,167,77,0,ok
train/1-55/59.jpg,1,55,112,112,161,197,57,147,180,ok
train/1-55/6.jpg,1,55,112,112,57,17,205,53,0,ok
train/1-55/60.jpg,1,55,112,112,57,17,163,79,0,ok
train/1-55/61.jpg,1,55,112,112,57,17,163,79,0,ok
train/1-55/62.jpg,1,55,112,112,27,161,79,60,270,ok
train/1-55/64.jpg,1,55,112,112,65,31,163,79,0,ok
train/1-55/66.jpg,1,55,112,112,57,17,163,79,0,ok
train/1-55/67.jpg,1,55,112,112,58,18,163,79,0,ok
train/1-55/68.jpg,1,55,112,112,29,160,59,29,270,ok
train/1-55/70.jpg,1,55,112,112,57,17,205,53,0,ok
train/1-55/71.jpg,1,55,112,112,17,167,53,19,270,ok
train/1-55/72.jpg,1,55,112,112,205,58,145,163,90,ok
train/1-55/73.jpg,1,55,112,112,65,31,185,65,0,ok
train/1-55/75.jpg,1,55,112,112,65,31,163,79,0,ok
train/1-55/76.jpg,1,55,112,112,156,187,20,171,180,ok
train/1-55/78.jpg,1,55,112,112,164,201,60,145,180,ok
train/1-55/79.jpg,1,55,112,112,57,17,205,53,0,ok
train/1-55/8.jpg,1,55,112,112,62,26,163,79,0,ok
train/1-55/80.jpg,1,55,112,112,57,17,163,79,0,ok
train/1-55/82.jpg,1,55,112,112,207,57,171,205,90,ok
train/1-55/84.jpg,1,55,112,112,57,17,163,79,0,ok
train/1-55/85.jpg,1,55,112,112,65,31,186,65,0,ok
train/1-55/89.jpg,1,55,112,112,207,57,145,163,90,ok
train/1-55/9.jpg,1,55,112,112,57,17,163,79,0,ok
train/1-55/90.jpg,1,55,112,112,207,57,171,205,90,ok
train/1-55/91.jpg,1,55,112,112,57,17,205,53,0,ok
train/1-55/93.jpg,1,55,112,112,57,17,205,53,0,ok
train/1-55/94.jpg,1,55,112,112,207,57,171,205,90,ok
train/1-55/96.jpg,1,55,112,112,160,196,60,145,180,ok
train/1-55/97.jpg,1,55,112,112,65,31,163,79,0,ok
train/1-55/98.jpg,1,55,112,112,207,57,145,163,90,ok
train/1-55/99.jpg,1,55,112,112,57,17,163,79,0,ok
train/10-00/0.jpg,10,0,112,112,205,112,142,59,90,ok
train/10-00/1.jpg,10,0,112,112,112,222,207,167,180,ok
train/10-00/10.jpg,10,0,112,112,112,204,164,142,180,ok
train/10-00/11.jpg,10,0,112,112,112,2,17,57,0,ok
train/10-00/12.jpg,10,0,112,112,112,2,38,70,0,ok
train/10-00/13.jpg,10,0,112,112,222,112,142,59,90,ok
train/10-00/14.jpg,10,0,112,112,112,2,17,57,0,ok
train/10-00/15.jpg,10,0,112,112,206,112,142,59,90,ok
train/10-00/18.jpg,10,0,112,112,222,112,156,35,90,ok
train/10-00/19.jpg,10,0,112,112,112,2,59,82,0,ok
train/10-00/2.jpg,10,0,112,112,112,18,59,82,0,ok
train/10-00/20.jpg,10,0,112,112,205,112,142,59,90,ok
train/10-00/22.jpg,10,0,112,112,112,222,185,154,180,ok
train/10-00/23.jpg,10,0,112,112,222,112,167,17,90,ok
train/10-00/24.jpg,10,0,112,112,112,222,164,142,180,ok
train/10-00/25.jpg,10,0,112,112,2,112,57,207,270,ok
train/10-00/26.jpg,10,0,112,112,218,112,166,19,90,ok
train/10-00/27.jpg,10,0,112,112,112,2,17,57,0,ok
train/10-00/28.jpg,10,0,112,112,112,2,59,82,0,ok
train/10-00/29.jpg,10,0,112,112,2,112,57,207,270,ok
train/10-00/3.jpg,10,0,112,112,112,2,17,57,0,ok
train/10-00/31.jpg,10,0,112,112,2,112,82,164,270,ok
train/10-00/32.jpg,10,0,112,112,2,112,57,207,270,ok
train/10-00/33.jpg,10,0,112,112,18,112,82,164,270,ok
train/10-00/34.jpg,10,0,112,112,205,112,142,59,90,ok
train/10-00/37.jpg,10,0,112,112,112,3,49,76,0,ok
train/10-00/38.jpg,10,0,112,112,222,112,142,59,90,ok
train/10-00/39.jpg,10,0,112,112,112,2,58,81,0,ok
train/10-00/41.jpg,10,0,112,112,112,222,207,167,180,ok
train/10-00/42.jpg,10,0,112,112,112,222,166,143,180,ok
train/10-00/43.jpg,10,0,112,112,222,112,167,17,90,ok
train/10-00/44.jpg,10,0,112,112,112,18,59,82,0,ok
train/10-00/46.jpg,10,0,112,112,112,222,164,142,180,ok
train/10-00/47.jpg,10,0,112,112,112,204,164,142,180,ok
train/10-00/48.jpg,10,0,112,112,112,2,17,57,0,ok
train/10-00/49.jpg,10,0,112,112,112,2,55,79,0,ok
train/10-00/5.jpg,10,0,112,112,112,204,164,142,180,ok
train/10-00/50.jpg,10,0,112,112,112,2,17,57,0,ok
train/10-00/51.jpg,10,0,112,112,112,2,59,82,0,ok
train/10-00/52.jpg,10,0,112,112,222,112,167,17,90,ok
train/10-00/53.jpg,10,0,112,112,221,112,166,18,90,ok
train/10-00/54.jpg,10,0,112,112,112,2,17,57,0,ok
train/10-00/57.jpg,10,0,112,112,112,222,207,167,180,ok
train/10-00/58.jpg,10,0,112,112,112,2,58,81,0,ok
train/10-00/59.jpg,10,0,112,112,112,12,55,79,0,ok
train/10-00/6.jpg,10,0,112,112,112,2,17,57,0,ok
train/10-00/62.jpg,10,0,112,112,19,112,82,164,270,ok
train/10-00/63.jpg,10,0,112,112,112,18,59,82,0,ok
train/10-00/64.jpg,10,0,112,112,207,112,142,59,90,ok
train/10-00/65.jpg,10,0,112,112,112,3,18,58,0,ok
train/10-00/66.jpg,10,0,112,112,112,12,59,82,0,ok
train/10-00/67.jpg,10,0,112,112,222,112,142,59,90,ok
train/10-00/68.jpg,10,0,112,112,112,208,175,148,180,ok
train/10-00/7.jpg,10,0,112,112,112,2,17,57,0,ok
train/10-00/70.jpg,10,0,112,112,2,112,57,206,270,ok
train/10-00/71.jpg,10,0,112,112,222,112,167,17,90,ok
train/10-00/72.jpg,10,0,112,112,112,2,59,82,0,ok
train/10-00/73.jpg,10,0,112,112,112,18,17,57,0,ok
train/10-00/74.jpg,10,0,112,112,112,2,17,57,0,ok
train/10-00/75.jpg,10,0,112,112,19,112,78,170,270,ok
train/10-00/78.jpg,10,0,112,112,112,18,59,82,0,ok
train/10-00/79.jpg,10,0,112,112,112,2,17,57,0,ok
train/10-00/8.jpg,10,0,112,112,112,204,164,142,180,ok
train/10-00/80.jpg,10,0,112,112,112,18,59,82,0,ok
train/10-00/82.jpg,10,0,112,112,112,2,17,57,0,ok
train/10-00/83.jpg,10,0,112,112,222,112,167,17,90,ok
train/10-00/84.jpg,10,0,112,112,112,2,56,80,0,ok
train/10-00/85.jpg,10,0,112,112,14,112,57,207,270,ok
train/10-00/86.jpg,10,0,112,112,112,18,59,82,0,ok
train/10-00/87.jpg,10,0,112,112,112,2,59,82,0,ok
train/10-00/88.jpg,10,0,112,112,112,17,59,82,0,ok
train/10-00/89.jpg,10,0,112,112,112,2,59,82,0,ok
train/10-00/90.jpg,10,0,112,112,222,112,167,17,90,ok
train/10-00/91.jpg,10,0,112,112,222,112,167,17,90,ok
train/10-00/92.jpg,10,0,112,112,112,2,59,82,0,ok
train/10-00/93.jpg,10,0,112,112,112,2,17,57,0,ok
train/10-00/94.jpg,10,0,112,112,205,112,164,21,90,ok
train/10-00/95.jpg,10,0,112,112,205,112,142,59,90,ok
train/10-00/96.jpg,10,0,112,112,19,112,75,176,270,ok
train/10-00/98.jpg,10,0,112,112,112,18,57,80,0,ok
train/10-05/0.jpg,10,5,112,112,158,31,60,79,0,ok
train/10-05/11.jpg,10,5,112,112,17,57,53,205,270,ok
train/10-05/12.jpg,10,5,112,112,167,17,60,79,0,ok
train/10-05/14.jpg,10,5,112,112,167,17,19,53,0,ok
train/10-05/15.jpg,10,5,112,112,27,63,79,163,270,ok
train/10-05/16.jpg,10,5,112,112,167,17,19,53,0,ok
train/10-05/17.jpg,10,5,112,112,66,192,163,145,180,ok
train/10-05/18.jpg,10,5,112,112,17,57,66,185,270,ok
train/10-05/2.jpg,10,5,112,112,57,207,163,145,180,ok
train/10-05/21.jpg,10,5,112,112,167,17,60,79,0,ok
train/10-05/22.jpg,10,5,112,112,57,207,192,163,180,ok
train/10-05/23.jpg,10,5,112,112,57,207,205,171,180,ok
train/10-05/24.jpg,10,5,112,112,159,31,60,79,0,ok
train/10-05/25.jpg,10,5,112,112,207,167,171,19,90,ok
train/10-05/27.jpg,10,5,112,112,167,17,19,53,0,ok
train/10-05/28.jpg,10,5,112,112,207,167,145,60,90,ok
train/10-05/29.jpg,10,5,112,112,17,57,70,179,270,ok
train/10-05/31.jpg,10,5,112,112,158,31,60,79,0,ok
train/10-05/32.jpg,10,5,112,112,167,17,19,53,0,ok
train/10-05/33.jpg,10,5,112,112,158,31,60,79,0,ok
train/10-05/34.jpg,10,5,112,112,167,17,60,79,0,ok
train/10-05/35.jpg,10,5,112,112,206,166,169,22,90,ok
train/10-05/37.jpg,10,5,112,112,49,76,55,202,270,ok
train/10-05/39.jpg,10,5,112,112,193,158,171,19,90,ok
train/10-05/4.jpg,10,5,112,112,167,17,19,53,0,ok
train/10-05/40.jpg,10,5,112,112,207,167,149,55,90,ok
train/10-05/41.jpg,10,5,112,112,167,17,19,53,0,ok
train/10-05/42.jpg,10,5,112,112,167,17,58,78,0,ok
train/10-05/43.jpg,10,5,112,112,207,167,171,19,90,ok
train/10-05/44.jpg,10,5,112,112,25,62,79,163,270,ok
train/10-05/45.jpg,10,5,112,112,163,24,60,79,0,ok
train/10-05/46.jpg,10,5,112,112,158,31,60,79,0,ok
train/10-05/48.jpg,10,5,112,112,167,17,19,53,0,ok
train/10-05/5.jpg,10,5,112,112,166,18,60,79,0,ok
train/10-05/51.jpg,10,5,112,112,57,207,163,145,180,ok
train/10-05/52.jpg,10,5,112,112,57,207,205,171,180,ok
train/10-05/53.jpg,10,5,112,112,17,57,53,204,270,ok
train/10-05/54.jpg,10,5,112,112,167,17,19,53,0,ok
train/10-05/55.jpg,10,5,112,112,57,207,205,171,180,ok
train/10-05/56.jpg,10,5,112,112,161,27,60,79,0,ok
train/10-05/57.jpg,10,5,112,112,207,167,171,19,90,ok
train/10-05/58.jpg,10,5,112,112,167,17,59,78,0,ok
train/10-05/59.jpg,10,5,112,112,167,17,56,77,0,ok
train/10-05/60.jpg,10,5,112,112,198,161,145,60,90,ok
train/10-05/61.jpg,10,5,112,112,66,192,163,145,180,ok
train/10-05/62.jpg,10,5,112,112,64,195,163,145,180,ok
train/10-05/63.jpg,10,5,112,112,160,28,60,79,0,ok
train/10-05/64.jpg,10,5,112,112,158,31,60,79,0,ok
train/10-05/65.jpg,10,5,112,112,57,207,204,171,180,ok
train/10-05/66.jpg,10,5,112,112,25,62,79,163,270,ok
train/10-05/67.jpg,10,5,112,112,207,167,145,60,90,ok
train/10-05/69.jpg,10,5,112,112,17,57,53,205,270,ok
train/10-05/7.jpg,10,5,112,112,164,23,55,75,0,ok
train/10-05/70.jpg,10,5,112,112,57,206,204,171,180,ok
train/10-05/72.jpg,10,5,112,112,207,167,145,60,90,ok
train/10-05/73.jpg,10,5,112,112,66,192,186,159,180,ok
train/10-05/74.jpg,10,5,112,112,167,17,19,53,0,ok
train/10-05/75.jpg,10,5,112,112,162,25,53,74,0,ok
train/10-05/76.jpg,10,5,112,112,188,156,171,20,90,ok
train/10-05/77.jpg,10,5,112,112,207,167,171,19,90,ok
train/10-05/78.jpg,10,5,112,112,158,31,60,79,0,ok
train/10-05/79.jpg,10,5,112,112,17,57,53,205,270,ok
train/10-05/8.jpg,10,5,112,112,196,160,145,60,90,ok
train/10-05/80.jpg,10,5,112,112,17,57,79,163,270,ok
train/10-05/82.jpg,10,5,112,112,57,207,205,171,180,ok
train/10-05/83.jpg,10,5,112,112,57,207,205,171,180,ok
train/10-05/84.jpg,10,5,112,112,66,192,166,146,180,ok
train/10-05/86.jpg,10,5,112,112,31,65,79,163,270,ok
train/10-05/87.jpg,10,5,112,112,158,31,60,79,0,ok
train/10-05/88.jpg,10,5,112,112,160,28,60,79,0,ok
train/10-05/89.jpg,10,5,112,112,57,207,164,145,180,ok
train/10-05/9.jpg,10,5,112,112,161,27,60,79,0,ok
train/10-05/90.jpg,10,5,112,112,167,17,19,53,0,ok
train/10-05/92.jpg,10,5,112,112,57,207,205,171,180,ok
train/10-05/93.jpg,10,5,112,112,167,17,19,53,0,ok
train/10-05/94.jpg,10,5,112,112,167,17,19,53,0,ok
train/10-05/95.jpg,10,5,112,112,167,17,60,79,0,ok
train/10-05/96.jpg,10,5,112,112,167,17,56,77,0,ok
train/10-05/97.jpg,10,5,112,112,159,31,60,79,0,ok
train/10-05/98.jpg,10,5,112,112,160,28,60,79,0,ok
train/10-10/0.jpg,10,10,112,112,192,66,62,77,0,ok
train/10-10/1.jpg,10,10,112,112,207,57,22,49,0,ok
train/10-10/10.jpg,10,10,112,112,17,167,161,146,180,ok
train/10-10/13.jpg,10,10,112,112,207,57,61,76,0,ok
train/10-10/14.jpg,10,10,112,112,207,57,22,49,0,ok
train/10-10/16.jpg,10,10,112,112,207,57,22,49,0,ok
train/10-10/17.jpg,10,10,112,112,192,66,62,77,0,ok
train/10-10/18.jpg,10,10,112,112,207,57,57,74,0,ok
train/10-10/19.jpg,10,10,112,112,192,66,62,77,0,ok
train/10-10/21.jpg,10,10,112,112,57,17,78,161,270,ok
train/10-10/22.jpg,10,10,112,112,17,167,201,175,180,ok
train/10-10/23.jpg,10,10,112,112,207,57,22,49,0,ok
train/10-10/25.jpg,10,10,112,112,68,36,49,202,270,ok
train/10-10/28.jpg,10,10,112,112,17,167,161,146,180,ok
train/10-10/29.jpg,10,10,112,112,167,207,147,62,90,ok
train/10-10/30.jpg,10,10,112,112,65,31,78,161,270,ok
train/10-10/31.jpg,10,10,112,112,65,31,78,161,270,ok
train/10-10/32.jpg,10,10,112,112,167,207,175,22,90,ok
train/10-10/33.jpg,10,10,112,112,159,193,147,62,90,ok
train/10-10/34.jpg,10,10,112,112,64,30,78,161,270,ok
train/10-10/35.jpg,10,10,112,112,17,167,202,175,180,ok
train/10-10/36.jpg,10,10,112,112,167,207,175,22,90,ok
train/10-10/37.jpg,10,10,112,112,63,27,74,166,270,ok
train/10-10/38.jpg,10,10,112,112,192,66,62,77,0,ok
train/10-10/4.jpg,10,10,112,112,207,57,22,49,0,ok
train/10-10/40.jpg,10,10,112,112,207,57,60,76,0,ok
train/10-10/41.jpg,10,10,112,112,207,57,22,49,0,ok
train/10-10/42.jpg,10,10,112,112,207,57,58,74,0,ok
train/10-10/43.jpg,10,10,112,112,207,57,22,49,0,ok
train/10-10/44.jpg,10,10,112,112,65,31,78,161,270,ok
train/10-10/45.jpg,10,10,112,112,198,62,62,77,0,ok
train/10-10/46.jpg,10,10,112,112,192,66,62,77,0,ok
train/10-10/47.jpg,10,10,112,112,207,57,62,77,0,ok
train/10-10/48.jpg,10,10,112,112,207,57,22,49,0,ok
train/10-10/49.jpg,10,10,112,112,57,17,75,165,270,ok
train/10-10/5.jpg,10,10,112,112,32,158,161,146,180,ok
train/10-10/51.jpg,10,10,112,112,207,57,62,77,0,ok
train/10-10/54.jpg,10,10,112,112,207,57,22,49,0,ok
train/10-10/55.jpg,10,10,112,112,167,207,175,22,90,ok
train/10-10/56.jpg,10,10,112,112,32,158,161,146,180,ok
train/10-10/57.jpg,10,10,112,112,167,207,175,22,90,ok
train/10-10/58.jpg,10,10,112,112,207,57,61,76,0,ok
train/10-10/59.jpg,10,10,112,112,207,57,59,75,0,ok
train/10-10/6.jpg,10,10,112,112,207,57,22,49,0,ok
train/10-10/61.jpg,10,10,112,112,204,59,62,77,0,ok
train/10-10/62.jpg,10,10,112,112,194,64,62,77,0,ok
train/10-10/63.jpg,10,10,112,112,29,160,161,146,180,ok
train/10-10/64.jpg,10,10,112,112,192,66,62,77,0,ok
train/10-10/65.jpg,10,10,112,112,166,206,175,22,90,ok
train/10-10/66.jpg,10,10,112,112,24,163,161,146,180,ok
train/10-10/67.jpg,10,10,112,112,17,167,161,146,180,ok
train/10-10/68.jpg,10,10,112,112,192,66,62,77,0,ok
train/10-10/69.jpg,10,10,112,112,57,17,49,202,270,ok
train/10-10/7.jpg,10,10,112,112,207,57,22,49,0,ok
train/10-10/70.jpg,10,10,112,112,57,17,49,201,270,ok
train/10-10/72.jpg,10,10,112,112,207,57,62,77,0,ok
train/10-10/74.jpg,10,10,112,112,207,57,22,49,0,ok
train/10-10/75.jpg,10,10,112,112,201,60,62,77,0,ok
train/10-10/76.jpg,10,10,112,112,67,35,49,201,270,ok
train/10-10/77.jpg,10,10,112,112,17,167,202,175,180,ok
train/10-10/79.jpg,10,10,112,112,207,57,22,49,0,ok
train/10-10/8.jpg,10,10,112,112,199,61,62,77,0,ok
train/10-10/80.jpg,10,10,112,112,158,192,147,62,90,ok
train/10-10/81.jpg,10,10,112,112,207,57,22,49,0,ok
train/10-10/82.jpg,10,10,112,112,167,207,175,22,90,ok
train/10-10/83.jpg,10,10,112,112,17,167,202,175,180,ok
train/10-10/85.jpg,10,10,112,112,17,167,186,164,180,ok
train/10-10/86.jpg,10,10,112,112,194,64,62,77,0,ok
train/10-10/87.jpg,10,10,112,112,57,17,78,161,270,ok
train/10-10/88.jpg,10,10,112,112,196,63,62,77,0,ok
train/10-10/89.jpg,10,10,112,112,207,57,59,75,0,ok
train/10-10/90.jpg,10,10,112,112,207,57,22,49,0,ok
train/10-10/91.jpg,10,10,112,112,17,167,202,175,180,ok
train/10-10/92.jpg,10,10,112,112,207,57,57,74,0,ok
train/10-10/93.jpg,10,10,112,112,207,57,22,49,0,ok
train/10-10/94.jpg,10,10,112,112,207,57,22,49,0,ok
train/10-10/95.jpg,10,10,112,112,205,58,62,77,0,ok
train/10-10/97.jpg,10,10,112,112,57,17,78,161,270,ok
train/10-10/98.jpg,10,10,112,112,25,163,161,146,180,ok
train/10-10/99.jpg,10,10,112,112,160,194,147,62,90,ok
train/10-15/0.jpg,10,15,112,112,112,18,75,160,270,ok
train/10-15/1.jpg,10,15,112,112,222,112,25,45,0,ok
train/10-15/10.jpg,10,15,112,112,207,112,63,74,0,ok
train/10-15/11.jpg,10,15,112,112,222,112,25,45,0,ok
train/10-15/12.jpg,10,15,112,112,222,112,54,68,0,ok
train/10-15/15.jpg,10,15,112,112,112,204,149,64,90,ok
train/10-15/16.jpg,10,15,112,112,222,112,25,45,0,ok
train/10-15/17.jpg,10,15,112,112,216,112,63,74,0,ok
train/10-15/18.jpg,10,15,112,112,4,112,160,149,180,ok
train/10-15/19.jpg,10,15,112,112,205,112,63,74,0,ok
train/10-15/2.jpg,10,15,112,112,112,2,75,160,270,ok
train/10-15/21.jpg,10,15,112,112,210,112,63,74,0,ok
train/10-15/22.jpg,10,15,112,112,112,2,45,199,270,ok
train/10-15/23.jpg,10,15,112,112,222,112,25,45,0,ok
train/10-15/24.jpg,10,15,112,112,112,222,149,64,90,ok
train/10-15/25.jpg,10,15,112,112,112,222,179,25,90,ok
train/10-15/26.jpg,10,15,112,112,112,218,177,27,90,ok
train/10-15/27.jpg,10,15,112,112,222,112,25,45,0,ok
train/10-15/28.jpg,10,15,112,112,222,112,63,74,0,ok
train/10-15/29.jpg,10,15,112,112,222,112,63,74,0,ok
train/10-15/3.jpg,10,15,112,112,222,112,25,45,0,ok
train/10-15/30.jpg,10,15,112,112,112,2,75,160,270,ok
train/10-15/31.jpg,10,15,112,112,209,112,63,74,0,ok
train/10-15/32.jpg,10,15,112,112,222,112,25,45,0,ok
train/10-15/33.jpg,10,15,112,112,112,204,149,64,90,ok
train/10-15/34.jpg,10,15,112,112,222,112,63,74,0,ok
train/10-15/35.jpg,10,15,112,112,2,112,199,179,180,ok
train/10-15/37.jpg,10,15,112,112,112,3,60,179,270,ok
train/10-15/38.jpg,10,15,112,112,112,2,75,160,270,ok
train/10-15/39.jpg,10,15,112,112,206,112,25,45,0,ok
train/10-15/4.jpg,10,15,112,112,2,112,199,179,180,ok
train/10-15/40.jpg,10,15,112,112,222,112,63,74,0,ok
train/10-15/41.jpg,10,15,112,112,222,112,25,45,0,ok
train/10-15/42.jpg,10,15,112,112,112,2,66,172,270,ok
train/10-15/43.jpg,10,15,112,112,2,112,199,179,180,ok
train/10-15/46.jpg,10,15,112,112,112,16,75,160,270,ok
train/10-15/47.jpg,10,15,112,112,112,222,149,64,90,ok
train/10-15/48.jpg,10,15,112,112,222,112,25,45,0,ok
train/10-15/5.jpg,10,15,112,112,222,112,63,74,0,ok
train/10-15/50.jpg,10,15,112,112,2,112,199,179,180,ok
train/10-15/52.jpg,10,15,112,112,112,2,45,199,270,ok
train/10-15/53.jpg,10,15,112,112,112,222,179,25,90,ok
train/10-15/54.jpg,10,15,112,112,222,112,25,45,0,ok
train/10-15/55.jpg,10,15,112,112,222,112,25,45,0,ok
train/10-15/56.jpg,10,15,112,112,19,112,160,149,180,ok
train/10-15/57.jpg,10,15,112,112,112,222,179,25,90,ok
train/10-15/59.jpg,10,15,112,112,205,112,60,72,0,ok
train/10-15/6.jpg,10,15,112,112,112,222,179,25,90,ok
train/10-15/61.jpg,10,15,112,112,221,112,63,74,0,ok
train/10-15/63.jpg,10,15,112,112,206,112,63,74,0,ok
train/10-15/64.jpg,10,15,112,112,205,112,63,74,0,ok
train/10-15/65.jpg,10,15,112,112,112,2,45,199,270,ok
train/10-15/66.jpg,10,15,112,112,213,112,63,74,0,ok
train/10-15/67.jpg,10,15,112,112,222,112,63,74,0,ok
train/10-15/69.jpg,10,15,112,112,222,112,25,45,0,ok
train/10-15/7.jpg,10,15,112,112,222,112,25,45,0,ok
train/10-15/71.jpg,10,15,112,112,222,112,25,45,0,ok
train/10-15/73.jpg,10,15,112,112,112,2,71,166,270,ok
train/10-15/75.jpg,10,15,112,112,222,112,63,74,0,ok
train/10-15/76.jpg,10,15,112,112,3,112,198,178,180,ok
train/10-15/77.jpg,10,15,112,112,112,2,45,199,270,ok
train/10-15/78.jpg,10,15,112,112,2,112,160,149,180,ok
train/10-15/8.jpg,10,15,112,112,19,112,160,149,180,ok
train/10-15/81.jpg,10,15,112,112,222,112,25,45,0,ok
train/10-15/82.jpg,10,15,112,112,2,112,199,179,180,ok
train/10-15/83.jpg,10,15,112,112,222,112,25,45,0,ok
train/10-15/84.jpg,10,15,112,112,19,112,166,153,180,ok
train/10-15/85.jpg,10,15,112,112,222,112,58,71,0,ok
train/10-15/87.jpg,10,15,112,112,112,207,149,64,90,ok
train/10-15/88.jpg,10,15,112,112,212,112,63,74,0,ok
train/10-15/89.jpg,10,15,112,112,112,2,71,165,270,ok
train/10-15/9.jpg,10,15,112,112,15,112,160,149,180,ok
train/10-15/90.jpg,10,15,112,112,222,112,25,45,0,ok
train/10-15/91.jpg,10,15,112,112,112,222,179,25,90,ok
train/10-15/92.jpg,10,15,112,112,222,112,25,45,0,ok
train/10-15/94.jpg,10,15,112,112,7,112,199,179,180,ok
train/10-15/95.jpg,10,15,112,112,218,112,63,74,0,ok
train/10-15/97.jpg,10,15,112,112,221,112,63,74,0,ok
train/10-15/98.jpg,10,15,112,112,212,112,63,74,0,ok
train/10-15/99.jpg,10,15,112,112,112,222,149,64,90,ok
train/10-20/1.jpg,10,20,112,112,207,167,28,41,0,ok
train/10-20/10.jpg,10,20,112,112,29,64,157,150,180,ok
train/10-20/11.jpg,10,20,112,112,57,207,183,28,90,ok
train/10-20/12.jpg,10,20,112,112,195,160,58,67,0,ok
train/10-20/13.jpg,10,20,112,112,28,64,170,161,180,ok
train/10-20/15.jpg,10,20,112,112,192,158,65,73,0,ok
train/10-20/16.jpg,10,20,112,112,207,167,28,41,0,ok
train/10-20/17.jpg,10,20,112,112,203,164,65,73,0,ok
train/10-20/18.jpg,10,20,112,112,207,167,65,72,0,ok
train/10-20/19.jpg,10,20,112,112,207,167,65,73,0,ok
train/10-20/2.jpg,10,20,112,112,192,158,65,73,0,ok
train/10-20/20.jpg,10,20,112,112,28,64,157,150,180,ok
train/10-20/21.jpg,10,20,112,112,195,160,65,73,0,ok
train/10-20/22.jpg,10,20,112,112,17,57,179,168,180,ok
train/10-20/24.jpg,10,20,112,112,207,167,65,73,0,ok
train/10-20/25.jpg,10,20,112,112,57,207,183,28,90,ok
train/10-20/27.jpg,10,20,112,112,207,167,28,41,0,ok
train/10-20/28.jpg,10,20,112,112,207,167,65,73,0,ok
train/10-20/29.jpg,10,20,112,112,17,57,158,151,180,ok
train/10-20/30.jpg,10,20,112,112,17,57,157,150,180,ok
train/10-20/31.jpg,10,20,112,112,160,28,73,158,270,ok
train/10-20/33.jpg,10,20,112,112,193,159,65,73,0,ok
train/10-20/34.jpg,10,20,112,112,192,158,65,73,0,ok
train/10-20/38.jpg,10,20,112,112,192,158,65,73,0,ok
train/10-20/39.jpg,10,20,112,112,65,193,169,44,90,ok
train/10-20/4.jpg,10,20,112,112,207,167,28,41,0,ok
train/10-20/41.jpg,10,20,112,112,207,167,28,41,0,ok
train/10-20/42.jpg,10,20,112,112,207,167,65,73,0,ok
train/10-20/43.jpg,10,20,112,112,57,207,183,28,90,ok
train/10-20/45.jpg,10,20,112,112,161,27,73,158,270,ok
train/10-20/46.jpg,10,20,112,112,66,192,151,66,90,ok
train/10-20/47.jpg,10,20,112,112,167,17,73,158,270,ok
train/10-20/48.jpg,10,20,112,112,207,167,28,41,0,ok
train/10-20/49.jpg,10,20,112,112,31,65,161,153,180,ok
train/10-20/5.jpg,10,20,112,112,192,158,65,73,0,ok
train/10-20/51.jpg,10,20,112,112,57,207,151,66,90,ok
train/10-20/52.jpg,10,20,112,112,57,207,183,28,90,ok
train/10-20/53.jpg,10,20,112,112,207,167,52,62,0,ok
train/10-20/54.jpg,10,20,112,112,207,167,28,41,0,ok
train/10-20/55.jpg,10,20,112,112,17,57,196,183,180,ok
train/10-20/56.jpg,10,20,112,112,61,200,151,66,90,ok
train/10-20/57.jpg,10,20,112,112,207,167,28,41,0,ok
train/10-20/59.jpg,10,20,112,112,198,161,63,71,0,ok
train/10-20/6.jpg,10,20,112,112,207,167,28,41,0,ok
train/10-20/60.jpg,10,20,112,112,166,19,73,158,270,ok
train/10-20/63.jpg,10,20,112,112,64,194,151,66,90,ok
train/10-20/65.jpg,10,20,112,112,17,57,196,183,180,ok
train/10-20/66.jpg,10,20,112,112,200,163,65,73,0,ok
train/10-20/67.jpg,10,20,112,112,17,57,157,150,180,ok
train/10-20/7.jpg,10,20,112,112,207,167,46,57,0,ok
train/10-20/70.jpg,10,20,112,112,167,17,42,195,270,ok
train/10-20/71.jpg,10,20,112,112,57,206,183,28,90,ok
train/10-20/73.jpg,10,20,112,112,207,167,65,73,0,ok
train/10-20/74.jpg,10,20,112,112,207,167,28,41,0,ok
train/10-20/75.jpg,10,20,112,112,27,63,157,150,180,ok
train/10-20/76.jpg,10,20,112,112,156,35,42,195,270,ok
train/10-20/77.jpg,10,20,112,112,207,167,28,41,0,ok
train/10-20/78.jpg,10,20,112,112,192,158,65,73,0,ok
train/10-20/79.jpg,10,20,112,112,57,207,183,28,90,ok
train/10-20/8.jpg,10,20,112,112,158,31,73,158,270,ok
train/10-20/80.jpg,10,20,112,112,207,167,65,73,0,ok
train/10-20/81.jpg,10,20,112,112,207,167,28,41,0,ok
train/10-20/82.jpg,10,20,112,112,57,207,183,28,90,ok
train/10-20/83.jpg,10,20,112,112,207,167,28,41,0,ok
train/10-20/84.jpg,10,20,112,112,207,167,65,73,0,ok
train/10-20/85.jpg,10,20,112,112,57,207,151,66,90,ok
train/10-20/86.jpg,10,20,112,112,193,159,65,73,0,ok
train/10-20/88.jpg,10,20,112,112,163,24,73,158,270,ok
train/10-20/89.jpg,10,20,112,112,57,207,151,66,90,ok
train/10-20/9.jpg,10,20,112,112,65,193,151,66,90,ok
train/10-20/90.jpg,10,20,112,112,207,167,28,41,0,ok
train/10-20/91.jpg,10,20,112,112,207,167,28,41,0,ok
train/10-20/92.jpg,10,20,112,112,17,57,196,183,180,ok
train/10-20/93.jpg,10,20,112,112,207,167,28,41,0,ok
train/10-20/94.jpg,10,20,112,112,18,58,196,183,180,ok
train/10-20/95.jpg,10,20,112,112,166,18,73,158,270,ok
train/10-20/96.jpg,10,20,112,112,57,207,151,66,90,ok
train/10-20/97.jpg,10,20,112,112,206,166,65,73,0,ok
train/10-20/98.jpg,10,20,112,112,199,162,65,73,0,ok
train/10-20/99.jpg,10,20,112,112,192,158,65,73,0,ok
train/10-25/0.jpg,10,25,112,112,60,22,156,153,180,ok
train/10-25/1.jpg,10,25,112,112,57,17,193,186,180,ok
train/10-25/10.jpg,10,25,112,112,207,57,71,157,270,ok
train/10-25/11.jpg,10,25,112,112,57,17,193,186,180,ok
train/10-25/12.jpg,10,25,112,112,167,207,67,71,0,ok
train/10-25/13.jpg,10,25,112,112,158,192,62,66,0,ok
train/10-25/14.jpg,10,25,112,112,167,207,31,38,0,ok
train/10-25/15.jpg,10,25,112,112,159,193,67,71,0,ok
train/10-25/16.jpg,10,25,112,112,167,207,31,38,0,ok
train/10-25/17.jpg,10,25,112,112,158,192,67,71,0,ok
train/10-25/19.jpg,10,25,112,112,167,207,67,71,0,ok
train/10-25/2.jpg,10,25,112,112,64,30,156,153,180,ok
train/10-25/21.jpg,10,25,112,112,57,17,156,153,180,ok
train/10-25/22.jpg,10,25,112,112,207,57,38,193,270,ok
train/10-25/23.jpg,10,25,112,112,17,167,186,31,90,ok
train/10-25/25.jpg,10,25,112,112,207,57,38,193,270,ok
train/10-25/26.jpg,10,25,112,112,21,165,184,33,90,ok
train/10-25/28.jpg,10,25,112,112,17,167,153,67,90,ok
train/10-25/29.jpg,10,25,112,112,167,207,66,70,0,ok
train/10-25/30.jpg,10,25,112,112,192,66,71,157,270,ok
train/10-25/31.jpg,10,25,112,112,167,207,67,71,0,ok
train/10-25/32.jpg,10,25,112,112,167,207,31,38,0,ok
train/10-25/33.jpg,10,25,112,112,159,193,67,71,0,ok
train/10-25/34.jpg,10,25,112,112,160,194,67,71,0,ok
train/10-25/35.jpg,10,25,112,112,167,207,31,38,0,ok
train/10-25/36.jpg,10,25,112,112,167,207,31,38,0,ok
train/10-25/37.jpg,10,25,112,112,162,198,55,60,0,ok
train/10-25/38.jpg,10,25,112,112,158,192,67,71,0,ok
train/10-25/39.jpg,10,25,112,112,207,57,64,164,270,ok
train/10-25/4.jpg,10,25,112,112,17,167,186,31,90,ok
train/10-25/40.jpg,10,25,112,112,207,57,66,162,270,ok
train/10-25/41.jpg,10,25,112,112,167,207,31,38,0,ok
train/10-25/42.jpg,10,25,112,112,167,207,67,71,0,ok
train/10-25/43.jpg,10,25,112,112,57,17,193,186,180,ok
train/10-25/44.jpg,10,25,112,112,17,167,153,67,90,ok
train/10-25/45.jpg,10,25,112,112,24,163,153,67,90,ok
train/10-25/46.jpg,10,25,112,112,158,192,67,71,0,ok
train/10-25/48.jpg,10,25,112,112,167,207,31,38,0,ok
train/10-25/49.jpg,10,25,112,112,207,57,68,160,270,ok
train/10-25/5.jpg,10,25,112,112,194,64,71,157,270,ok
train/10-25/50.jpg,10,25,112,112,167,207,31,38,0,ok
train/10-25/51.jpg,10,25,112,112,207,57,71,157,270,ok
train/10-25/52.jpg,10,25,112,112,17,167,186,31,90,ok
train/10-25/53.jpg,10,25,112,112,167,207,53,58,0,ok
train/10-25/54.jpg,10,25,112,112,167,207,31,38,0,ok
train/10-25/55.jpg,10,25,112,112,167,207,31,38,0,ok
train/10-25/56.jpg,10,25,112,112,158,192,67,71,0,ok
train/10-25/57.jpg,10,25,112,112,17,167,186,31,90,ok
train/10-25/59.jpg,10,25,112,112,207,57,69,158,270,ok
train/10-25/60.jpg,10,25,112,112,65,31,156,153,180,ok
train/10-25/61.jpg,10,25,112,112,163,200,67,71,0,ok
train/10-25/63.jpg,10,25,112,112,195,64,71,157,270,ok
train/10-25/64.jpg,10,25,112,112,167,207,67,71,0,ok
train/10-25/67.jpg,10,25,112,112,167,207,67,71,0,ok
train/10-25/69.jpg,10,25,112,112,167,207,31,38,0,ok
train/10-25/70.jpg,10,25,112,112,17,167,186,32,90,ok
train/10-25/71.jpg,10,25,112,112,17,167,186,31,90,ok
train/10-25/72.jpg,10,25,112,112,17,167,153,67,90,ok
train/10-25/73.jpg,10,25,112,112,207,57,63,165,270,ok
train/10-25/74.jpg,10,25,112,112,167,207,31,38,0,ok
train/10-25/76.jpg,10,25,112,112,189,68,38,192,270,ok
train/10-25/78.jpg,10,25,112,112,167,207,67,71,0,ok
train/10-25/79.jpg,10,25,112,112,17,167,186,31,90,ok
train/10-25/8.jpg,10,25,112,112,159,193,67,71,0,ok
train/10-25/80.jpg,10,25,112,112,17,167,153,67,90,ok
train/10-25/82.jpg,10,25,112,112,17,167,186,31,90,ok
train/10-25/84.jpg,10,25,112,112,57,17,156,153,180,ok
train/10-25/85.jpg,10,25,112,112,207,57,38,193,270,ok
train/10-25/87.jpg,10,25,112,112,167,207,67,71,0,ok
train/10-25/89.jpg,10,25,112,112,167,207,67,71,0,ok
train/10-25/9.jpg,10,25,112,112,22,164,153,67,90,ok
train/10-25/90.jpg,10,25,112,112,167,207,31,38,0,ok
train/10-25/91.jpg,10,25,112,112,167,207,31,38,0,ok
train/10-25/92.jpg,10,25,112,112,167,207,67,71,0,ok
train/10-25/93.jpg,10,25,112,112,167,207,31,38,0,ok
train/10-25/94.jpg,10,25,112,112,17,167,186,31,90,ok
train/10-25/95.jpg,10,25,112,112,167,207,67,71,0,ok
train/10-25/96.jpg,10,25,112,112,207,57,71,157,270,ok
train/10-25/97.jpg,10,25,112,112,167,207,67,71,0,ok
train/10-25/99.jpg,10,25,112,112,193,66,71,157,270,ok
train/10-30/0.jpg,10,30,112,112,215,112,69,155,270,ok
train/10-30/1.jpg,10,30,112,112,112,222,34,34,0,ok
train/10-30/10.jpg,10,30,112,112,222,112,69,155,270,ok
train/10-30/12.jpg,10,30,112,112,112,2,154,154,180,ok
train/10-30/13.jpg,10,30,112,112,112,222,69,69,0,ok
train/10-30/15.jpg,10,30,112,112,112,18,154,154,180,ok
train/10-30/16.jpg,10,30,112,112,112,222,34,34,0,ok
train/10-30/17.jpg,10,30,112,112,218,112,69,155,270,ok
train/10-30/18.jpg,10,30,112,112,222,112,69,155,270,ok
train/10-30/19.jpg,10,30,112,112,112,222,69,69,0,ok
train/10-30/2.jpg,10,30,112,112,2,112,155,69,90,ok
train/10-30/20.jpg,10,30,112,112,112,215,69,69,0,ok
train/10-30/21.jpg,10,30,112,112,112,204,69,69,0,ok
train/10-30/22.jpg,10,30,112,112,112,2,189,189,180,ok
train/10-30/24.jpg,10,30,112,112,2,112,155,69,90,ok
train/10-30/25.jpg,10,30,112,112,2,112,190,34,90,ok
train/10-30/27.jpg,10,30,112,112,112,222,34,34,0,ok
train/10-30/28.jpg,10,30,112,112,112,18,154,154,180,ok
train/10-30/3.jpg,10,30,112,112,112,2,190,190,180,ok
train/10-30/30.jpg,10,30,112,112,112,2,154,154,180,ok
train/10-30/31.jpg,10,30,112,112,205,112,69,155,270,ok
train/10-30/33.jpg,10,30,112,112,112,222,69,69,0,ok
train/10-30/34.jpg,10,30,112,112,112,222,69,69,0,ok
train/10-30/35.jpg,10,30,112,112,112,222,34,34,0,ok
train/10-30/36.jpg,10,30,112,112,112,2,190,190,180,ok
train/10-30/37.jpg,10,30,112,112,112,2,164,164,180,ok
train/10-30/39.jpg,10,30,112,112,112,17,159,159,180,ok
train/10-30/40.jpg,10,30,112,112,112,2,154,154,180,ok
train/10-30/41.jpg,10,30,112,112,222,112,34,190,270,ok
train/10-30/42.jpg,10,30,112,112,2,112,155,69,90,ok
train/10-30/43.jpg,10,30,112,112,112,222,34,34,0,ok
train/10-30/44.jpg,10,30,112,112,2,112,155,69,90,ok
train/10-30/45.jpg,10,30,112,112,112,213,69,69,0,ok
train/10-30/46.jpg,10,30,112,112,112,204,69,69,0,ok
train/10-30/47.jpg,10,30,112,112,112,207,69,69,0,ok
train/10-30/48.jpg,10,30,112,112,112,222,34,34,0,ok
train/10-30/49.jpg,10,30,112,112,112,204,66,66,0,ok
train/10-30/5.jpg,10,30,112,112,112,204,69,69,0,ok
train/10-30/50.jpg,10,30,112,112,112,222,34,34,0,ok
train/10-30/52.jpg,10,30,112,112,222,112,34,190,270,ok
train/10-30/53.jpg,10,30,112,112,112,222,65,65,0,ok
train/10-30/54.jpg,10,30,112,112,112,222,34,34,0,ok
train/10-30/55.jpg,10,30,112,112,112,222,34,34,0,ok
train/10-30/56.jpg,10,30,112,112,17,112,155,69,90,ok
train/10-30/57.jpg,10,30,112,112,112,2,190,190,180,ok
train/10-30/58.jpg,10,30,112,112,112,214,68,68,0,ok
train/10-30/6.jpg,10,30,112,112,112,222,34,34,0,ok
train/10-30/60.jpg,10,30,112,112,112,204,69,69,0,ok
train/10-30/61.jpg,10,30,112,112,210,112,69,155,270,ok
train/10-30/62.jpg,10,30,112,112,112,2,154,154,180,ok
train/10-30/63.jpg,10,30,112,112,112,207,69,69,0,ok
train/10-30/64.jpg,10,30,112,112,2,112,155,69,90,ok
train/10-30/65.jpg,10,30,112,112,112,222,34,34,0,ok
train/10-30/66.jpg,10,30,112,112,112,204,69,69,0,ok
train/10-30/67.jpg,10,30,112,112,112,222,69,69,0,ok
train/10-30/68.jpg,10,30,112,112,19,112,155,69,90,ok
train/10-30/69.jpg,10,30,112,112,222,112,34,190,270,ok
train/10-30/7.jpg,10,30,112,112,112,2,154,154,180,ok
train/10-30/71.jpg,10,30,112,112,2,112,190,34,90,ok
train/10-30/73.jpg,10,30,112,112,112,222,63,63,0,ok
train/10-30/75.jpg,10,30,112,112,17,112,155,69,90,ok
train/10-30/76.jpg,10,30,112,112,220,112,35,189,270,ok
train/10-30/78.jpg,10,30,112,112,112,222,69,69,0,ok
train/10-30/79.jpg,10,30,112,112,222,112,34,190,270,ok
train/10-30/80.jpg,10,30,112,112,205,112,69,155,270,ok
train/10-30/82.jpg,10,30,112,112,112,222,34,34,0,ok
train/10-30/83.jpg,10,30,112,112,112,222,34,34,0,ok
train/10-30/86.jpg,10,30,112,112,14,112,155,69,90,ok
train/10-30/87.jpg,10,30,112,112,222,112,69,155,270,ok
train/10-30/89.jpg,10,30,112,112,112,204,69,69,0,ok
train/10-30/90.jpg,10,30,112,112,112,222,34,34,0,ok
train/10-30/91.jpg,10,30,112,112,112,222,34,34,0,ok
train/10-30/92.jpg,10,30,112,112,112,222,34,34,0,ok
train/10-30/93.jpg,10,30,112,112,112,222,34,34,0,ok
train/10-30/94.jpg,10,30,112,112,112,17,190,190,180,ok
train/10-30/95.jpg,10,30,112,112,11,112,155,69,90,ok
train/10-30/96.jpg,10,30,112,112,112,2,154,154,180,ok
train/10-30/97.jpg,10,30,112,112,112,222,69,69,0,ok
train/10-30/98.jpg,10,30,112,112,112,204,69,69,0,ok
train/10-30/99.jpg,10,30,112,112,19,112,155,69,90,ok
train/10-35/0.jpg,10,35,112,112,22,60,157,71,90,ok
train/10-35/1.jpg,10,35,112,112,17,57,193,38,90,ok
train/10-35/10.jpg,10,35,112,112,66,192,71,67,0,ok
train/10-35/11.jpg,10,35,112,112,57,207,38,31,0,ok
train/10-35/12.jpg,10,35,112,112,158,31,153,156,180,ok
train/10-35/13.jpg,10,35,112,112,66,192,71,67,0,ok
train/10-35/14.jpg,10,35,112,112,57,207,38,31,0,ok
train/10-35/15.jpg,10,35,112,112,66,193,71,67,0,ok
train/10-35/16.jpg,10,35,112,112,57,207,38,31,0,ok
train/10-35/17.jpg,10,35,112,112,165,20,153,156,180,ok
train/10-35/18.jpg,10,35,112,112,57,207,71,67,0,ok
train/10-35/19.jpg,10,35,112,112,31,65,157,71,90,ok
train/10-35/20.jpg,10,35,112,112,60,201,71,67,0,ok
train/10-35/23.jpg,10,35,112,112,17,57,193,38,90,ok
train/10-35/25.jpg,10,35,112,112,207,167,31,186,270,ok
train/10-35/26.jpg,10,35,112,112,58,205,39,32,0,ok
train/10-35/27.jpg,10,35,112,112,57,207,38,31,0,ok
train/10-35/29.jpg,10,35,112,112,167,17,153,157,180,ok
train/10-35/3.jpg,10,35,112,112,167,17,175,181,180,ok
train/10-35/30.jpg,10,35,112,112,17,57,157,71,90,ok
train/10-35/31.jpg,10,35,112,112,198,161,67,153,270,ok
train/10-35/32.jpg,10,35,112,112,17,57,193,38,90,ok
train/10-35/37.jpg,10,35,112,112,165,142,38,180,270,ok
train/10-35/38.jpg,10,35,112,112,66,192,71,67,0,ok
train/10-35/39.jpg,10,35,112,112,57,207,66,62,0,ok
train/10-35/4.jpg,10,35,112,112,57,207,38,31,0,ok
train/10-35/40.jpg,10,35,112,112,17,57,157,71,90,ok
train/10-35/41.jpg,10,35,112,112,17,57,193,38,90,ok
train/10-35/42.jpg,10,35,112,112,167,17,153,156,180,ok
train/10-35/43.jpg,10,35,112,112,17,57,193,38,90,ok
train/10-35/44.jpg,10,35,112,112,57,207,71,67,0,ok
train/10-35/45.jpg,10,35,112,112,61,200,71,67,0,ok
train/10-35/49.jpg,10,35,112,112,66,192,68,64,0,ok
train/10-35/5.jpg,10,35,112,112,166,18,153,156,180,ok
train/10-35/50.jpg,10,35,112,112,167,17,186,193,180,ok
train/10-35/51.jpg,10,35,112,112,207,167,67,153,270,ok
train/10-35/52.jpg,10,35,112,112,57,207,38,31,0,ok
train/10-35/53.jpg,10,35,112,112,57,207,67,63,0,ok
train/10-35/54.jpg,10,35,112,112,57,207,38,31,0,ok
train/10-35/55.jpg,10,35,112,112,167,17,186,193,180,ok
train/10-35/56.jpg,10,35,112,112,62,199,71,67,0,ok
train/10-35/57.jpg,10,35,112,112,57,207,38,31,0,ok
train/10-35/58.jpg,10,35,112,112,59,203,70,66,0,ok
train/10-35/59.jpg,10,35,112,112,57,207,71,67,0,ok
train/10-35/6.jpg,10,35,112,112,57,207,38,31,0,ok
train/10-35/60.jpg,10,35,112,112,61,199,71,67,0,ok
train/10-35/61.jpg,10,35,112,112,66,193,71,67,0,ok
train/10-35/62.jpg,10,35,112,112,64,195,71,67,0,ok
train/10-35/63.jpg,10,35,112,112,64,195,71,67,0,ok
train/10-35/64.jpg,10,35,112,112,57,207,71,67,0,ok
train/10-35/65.jpg,10,35,112,112,57,207,38,31,0,ok
train/10-35/66.jpg,10,35,112,112,64,195,71,67,0,ok
train/10-35/67.jpg,10,35,112,112,57,207,71,67,0,ok
train/10-35/68.jpg,10,35,112,112,66,192,71,67,0,ok
train/10-35/7.jpg,10,35,112,112,167,17,153,157,180,ok
train/10-35/70.jpg,10,35,112,112,57,207,38,31,0,ok
train/10-35/71.jpg,10,35,112,112,17,57,193,38,90,ok
train/10-35/72.jpg,10,35,112,112,58,205,71,67,0,ok
train/10-35/74.jpg,10,35,112,112,57,207,38,31,0,ok
train/10-35/76.jpg,10,35,112,112,156,35,185,192,180,ok
train/10-35/77.jpg,10,35,112,112,57,207,38,31,0,ok
train/10-35/78.jpg,10,35,112,112,66,193,71,67,0,ok
train/10-35/8.jpg,10,35,112,112,192,158,67,153,270,ok
train/10-35/80.jpg,10,35,112,112,17,57,157,71,90,ok
train/10-35/81.jpg,10,35,112,112,167,17,186,193,180,ok
train/10-35/82.jpg,10,35,112,112,57,207,38,31,0,ok
train/10-35/83.jpg,10,35,112,112,167,17,186,193,180,ok
train/10-35/84.jpg,10,35,112,112,167,17,153,156,180,ok
train/10-35/85.jpg,10,35,112,112,167,17,155,158,180,ok
train/10-35/86.jpg,10,35,112,112,65,193,71,67,0,ok
train/10-35/87.jpg,10,35,112,112,31,65,157,71,90,ok
train/10-35/9.jpg,10,35,112,112,192,158,67,153,270,ok
train/10-35/91.jpg,10,35,112,112,57,207,38,31,0,ok
train/10-35/92.jpg,10,35,112,112,207,167,31,186,270,ok
train/10-35/94.jpg,10,35,112,112,167,17,186,193,180,ok
train/10-35/95.jpg,10,35,112,112,17,57,157,71,90,ok
train/10-35/96.jpg,10,35,112,112,57,207,71,67,0,ok
train/10-35/97.jpg,10,35,112,112,207,167,67,153,270,ok
train/10-35/98.jpg,10,35,112,112,160,28,153,156,180,ok
train/10-35/99.jpg,10,35,112,112,66,192,71,67,0,ok
train/10-40/0.jpg,10,40,112,112,22,164,73,65,0,ok
train/10-40/1.jpg,10,40,112,112,17,167,41,28,0,ok
train/10-40/10.jpg,10,40,112,112,17,167,73,65,0,ok
train/10-40/11.jpg,10,40,112,112,17,167,41,28,0,ok
train/10-40/12.jpg,10,40,112,112,23,164,73,65,0,ok
train/10-40/13.jpg,10,40,112,112,32,158,72,64,0,ok
train/10-40/14.jpg,10,40,112,112,17,167,41,28,0,ok
train/10-40/16.jpg,10,40,112,112,17,167,41,28,0,ok
train/10-40/17.jpg,10,40,112,112,164,202,66,151,270,ok
train/10-40/18.jpg,10,40,112,112,32,158,72,64,0,ok
train/10-40/19.jpg,10,40,112,112,158,192,66,151,270,ok
train/10-40/2.jpg,10,40,112,112,17,167,73,65,0,ok
train/10-40/21.jpg,10,40,112,112,65,31,158,73,90,ok
train/10-40/22.jpg,10,40,112,112,57,17,196,41,90,ok
train/10-40/23.jpg,10,40,112,112,167,207,28,183,270,ok
train/10-40/24.jpg,10,40,112,112,17,167,73,65,0,ok
train/10-40/25.jpg,10,40,112,112,167,207,28,183,270,ok
train/10-40/26.jpg,10,40,112,112,58,19,194,43,90,ok
train/10-40/28.jpg,10,40,112,112,32,158,73,65,0,ok
train/10-40/29.jpg,10,40,112,112,207,57,150,157,180,ok
train/10-40/3.jpg,10,40,112,112,167,207,39,173,270,ok
train/10-40/30.jpg,10,40,112,112,158,192,66,151,270,ok
train/10-40/31.jpg,10,40,112,112,167,207,66,151,270,ok
train/10-40/32.jpg,10,40,112,112,17,167,41,28,0,ok
train/10-40/33.jpg,10,40,112,112,32,158,73,65,0,ok
train/10-40/34.jpg,10,40,112,112,206,57,150,157,180,ok
train/10-40/35.jpg,10,40,112,112,57,17,196,41,90,ok
train/10-40/36.jpg,10,40,112,112,57,17,196,41,90,ok
train/10-40/37.jpg,10,40,112,112,17,167,62,52,0,ok
train/10-40/38.jpg,10,40,112,112,158,192,66,151,270,ok
train/10-40/39.jpg,10,40,112,112,17,167,66,57,0,ok
train/10-40/4.jpg,10,40,112,112,167,207,28,183,270,ok
train/10-40/40.jpg,10,40,112,112,17,167,73,65,0,ok
train/10-40/41.jpg,10,40,112,112,57,17,196,41,90,ok
train/10-40/42.jpg,10,40,112,112,17,167,73,65,0,ok
train/10-40/44.jpg,10,40,112,112,17,167,73,65,0,ok
train/10-40/45.jpg,10,40,112,112,63,27,158,73,90,ok
train/10-40/46.jpg,10,40,112,112,32,158,73,65,0,ok
train/10-40/47.jpg,10,40,112,112,207,57,150,157,180,ok
train/10-40/48.jpg,10,40,112,112,17,167,41,28,0,ok
train/10-40/5.jpg,10,40,112,112,57,18,158,73,90,ok
train/10-40/50.jpg,10,40,112,112,17,167,41,28,0,ok
train/10-40/52.jpg,10,40,112,112,57,17,196,41,90,ok
train/10-40/53.jpg,10,40,112,112,57,17,160,72,90,ok
train/10-40/54.jpg,10,40,112,112,17,167,41,28,0,ok
train/10-40/55.jpg,10,40,112,112,17,167,41,28,0,ok
train/10-40/56.jpg,10,40,112,112,162,199,66,151,270,ok
train/10-40/57.jpg,10,40,112,112,17,167,41,28,0,ok
train/10-40/58.jpg,10,40,112,112,27,161,72,65,0,ok
train/10-40/59.jpg,10,40,112,112,31,159,73,65,0,ok
train/10-40/6.jpg,10,40,112,112,17,167,41,28,0,ok
train/10-40/60.jpg,10,40,112,112,32,158,73,65,0,ok
train/10-40/61.jpg,10,40,112,112,63,27,158,73,90,ok
train/10-40/63.jpg,10,40,112,112,28,161,73,65,0,ok
train/10-40/64.jpg,10,40,112,112,17,167,73,65,0,ok
train/10-40/66.jpg,10,40,112,112,61,25,158,73,90,ok
train/10-40/67.jpg,10,40,112,112,166,206,66,151,270,ok
train/10-40/69.jpg,10,40,112,112,57,17,196,41,90,ok
train/10-40/71.jpg,10,40,112,112,207,57,183,196,180,ok
train/10-40/72.jpg,10,40,112,112,20,165,73,65,0,ok
train/10-40/73.jpg,10,40,112,112,207,57,158,166,180,ok
train/10-40/74.jpg,10,40,112,112,17,167,41,28,0,ok
train/10-40/75.jpg,10,40,112,112,32,158,73,65,0,ok
train/10-40/77.jpg,10,40,112,112,17,167,41,28,0,ok
train/10-40/79.jpg,10,40,112,112,167,207,28,183,270,ok
train/10-40/8.jpg,10,40,112,112,200,61,150,157,180,ok
train/10-40/80.jpg,10,40,112,112,195,64,150,157,180,ok
train/10-40/81.jpg,10,40,112,112,17,167,41,28,0,ok
train/10-40/85.jpg,10,40,112,112,207,57,183,196,180,ok
train/10-40/86.jpg,10,40,112,112,30,160,73,65,0,ok
train/10-40/88.jpg,10,40,112,112,27,161,73,65,0,ok
train/10-40/9.jpg,10,40,112,112,57,17,158,73,90,ok
train/10-40/90.jpg,10,40,112,112,17,167,41,28,0,ok
train/10-40/91.jpg,10,40,112,112,207,57,183,196,180,ok
train/10-40/93.jpg,10,40,112,112,17,167,41,28,0,ok
train/10-40/94.jpg,10,40,112,112,17,167,41,28,0,ok
train/10-40/95.jpg,10,40,112,112,58,19,158,73,90,ok
train/10-40/96.jpg,10,40,112,112,167,207,66,151,270,ok
train/10-40/98.jpg,10,40,112,112,32,158,73,65,0,ok
train/10-40/99.jpg,10,40,112,112,167,207,66,151,270,ok
train/10-45/0.jpg,10,45,112,112,7,112,74,63,0,ok
train/10-45/1.jpg,10,45,112,112,112,2,199,45,90,ok
train/10-45/10.jpg,10,45,112,112,112,222,64,149,270,ok
train/10-45/11.jpg,10,45,112,112,2,112,45,25,0,ok
train/10-45/12.jpg,10,45,112,112,112,18,160,75,90,ok
train/10-45/13.jpg,10,45,112,112,19,112,74,63,0,ok
train/10-45/14.jpg,10,45,112,112,2,112,45,25,0,ok
train/10-45/15.jpg,10,45,112,112,19,112,74,63,0,ok
train/10-45/17.jpg,10,45,112,112,9,112,74,63,0,ok
train/10-45/18.jpg,10,45,112,112,112,222,64,149,270,ok
train/10-45/19.jpg,10,45,112,112,19,112,74,63,0,ok
train/10-45/2.jpg,10,45,112,112,112,222,64,149,270,ok
train/10-45/21.jpg,10,45,112,112,15,112,74,63,0,ok
train/10-45/22.jpg,10,45,112,112,112,222,25,179,270,ok
train/10-45/24.jpg,10,45,112,112,2,112,74,63,0,ok
train/10-45/25.jpg,10,45,112,112,222,112,179,199,180,ok
train/10-45/26.jpg,10,45,112,112,5,112,46,26,0,ok
train/10-45/27.jpg,10,45,112,112,2,112,45,25,0,ok
train/10-45/28.jpg,10,45,112,112,112,222,64,149,270,ok
train/10-45/29.jpg,10,45,112,112,222,112,149,160,180,ok
train/10-45/3.jpg,10,45,112,112,2,112,55,37,0,ok
train/10-45/30.jpg,10,45,112,112,112,2,160,75,90,ok
train/10-45/31.jpg,10,45,112,112,15,112,74,63,0,ok
train/10-45/32.jpg,10,45,112,112,2,112,45,25,0,ok
train/10-45/33.jpg,10,45,112,112,112,18,160,75,90,ok
train/10-45/35.jpg,10,45,112,112,112,2,199,45,90,ok
train/10-45/36.jpg,10,45,112,112,2,112,45,25,0,ok
train/10-45/37.jpg,10,45,112,112,112,2,161,74,90,ok
train/10-45/38.jpg,10,45,112,112,112,222,64,149,270,ok
train/10-45/39.jpg,10,45,112,112,112,222,56,155,270,ok
train/10-45/4.jpg,10,45,112,112,2,112,45,25,0,ok
train/10-45/40.jpg,10,45,112,112,222,112,149,160,180,ok
train/10-45/41.jpg,10,45,112,112,112,222,25,179,270,ok
train/10-45/42.jpg,10,45,112,112,2,112,68,54,0,ok
train/10-45/43.jpg,10,45,112,112,2,112,45,25,0,ok
train/10-45/44.jpg,10,45,112,112,2,112,74,63,0,ok
train/10-45/45.jpg,10,45,112,112,208,112,149,160,180,ok
train/10-45/49.jpg,10,45,112,112,17,112,72,60,0,ok
train/10-45/50.jpg,10,45,112,112,222,112,179,199,180,ok
train/10-45/51.jpg,10,45,112,112,2,112,74,63,0,ok
train/10-45/53.jpg,10,45,112,112,112,218,53,157,270,ok
train/10-45/54.jpg,10,45,112,112,2,112,45,25,0,ok
train/10-45/55.jpg,10,45,112,112,2,112,45,25,0,ok
train/10-45/57.jpg,10,45,112,112,2,112,45,25,0,ok
train/10-45/59.jpg,10,45,112,112,2,112,74,62,0,ok
train/10-45/6.jpg,10,45,112,112,2,112,45,25,0,ok
train/10-45/60.jpg,10,45,112,112,11,112,74,63,0,ok
train/10-45/62.jpg,10,45,112,112,16,112,74,63,0,ok
train/10-45/64.jpg,10,45,112,112,218,112,149,160,180,ok
train/10-45/65.jpg,10,45,112,112,2,112,45,25,0,ok
train/10-45/68.jpg,10,45,112,112,19,112,71,58,0,ok
train/10-45/69.jpg,10,45,112,112,2,112,45,25,0,ok
train/10-45/70.jpg,10,45,112,112,112,221,25,179,270,ok
train/10-45/72.jpg,10,45,112,112,112,218,64,149,270,ok
train/10-45/73.jpg,10,45,112,112,2,112,59,43,0,ok
train/10-45/74.jpg,10,45,112,112,112,2,199,45,90,ok
train/10-45/76.jpg,10,45,112,112,3,112,45,25,0,ok
train/10-45/77.jpg,10,45,112,112,112,2,199,45,90,ok
train/10-45/78.jpg,10,45,112,112,5,112,74,63,0,ok
train/10-45/79.jpg,10,45,112,112,2,112,45,25,0,ok
train/10-45/8.jpg,10,45,112,112,112,17,160,75,90,ok
train/10-45/80.jpg,10,45,112,112,112,222,64,149,270,ok
train/10-45/82.jpg,10,45,112,112,112,222,25,179,270,ok
train/10-45/83.jpg,10,45,112,112,2,112,45,25,0,ok
train/10-45/84.jpg,10,45,112,112,112,222,64,149,270,ok
train/10-45/85.jpg,10,45,112,112,112,15,199,45,90,ok
train/10-45/86.jpg,10,45,112,112,112,17,160,75,90,ok
train/10-45/87.jpg,10,45,112,112,2,112,74,63,0,ok
train/10-45/88.jpg,10,45,112,112,112,210,64,149,270,ok
train/10-45/89.jpg,10,45,112,112,2,112,74,63,0,ok
train/10-45/9.jpg,10,45,112,112,222,112,149,160,180,ok
train/10-45/90.jpg,10,45,112,112,2,112,45,25,0,ok
train/10-45/91.jpg,10,45,112,112,112,222,25,179,270,ok
train/10-45/92.jpg,10,45,112,112,2,112,74,62,0,ok
train/10-45/93.jpg,10,45,112,112,2,112,45,25,0,ok
train/10-45/94.jpg,10,45,112,112,2,112,45,25,0,ok
train/10-45/95.jpg,10,45,112,112,220,112,149,160,180,ok
train/10-45/96.jpg,10,45,112,112,2,112,74,63,0,ok
train/10-45/97.jpg,10,45,112,112,112,2,160,75,90,ok
train/10-45/98.jpg,10,45,112,112,112,213,64,149,270,ok
train/10-50/0.jpg,10,50,112,112,201,163,146,161,180,ok
train/10-50/1.jpg,10,50,112,112,17,57,49,22,0,ok
train/10-50/10.jpg,10,50,112,112,167,17,161,78,90,ok
train/10-50/11.jpg,10,50,112,112,167,17,202,49,90,ok
train/10-50/12.jpg,10,50,112,112,160,28,161,78,90,ok
train/10-50/13.jpg,10,50,112,112,167,17,171,71,90,ok
train/10-50/14.jpg,10,50,112,112,17,57,49,22,0,ok
train/10-50/15.jpg,10,50,112,112,192,158,147,162,180,ok
train/10-50/17.jpg,10,50,112,112,61,200,62,147,270,ok
train/10-50/18.jpg,10,50,112,112,167,17,165,75,90,ok
train/10-50/19.jpg,10,50,112,112,17,57,77,62,0,ok
train/10-50/2.jpg,10,50,112,112,27,63,77,62,0,ok
train/10-50/20.jpg,10,50,112,112,27,63,77,62,0,ok
train/10-50/22.jpg,10,50,112,112,207,167,165,188,180,ok
train/10-50/25.jpg,10,50,112,112,167,17,202,49,90,ok
train/10-50/26.jpg,10,50,112,112,191,157,173,200,180,ok
train/10-50/28.jpg,10,50,112,112,207,167,146,161,180,ok
train/10-50/29.jpg,10,50,112,112,207,167,147,162,180,ok
train/10-50/31.jpg,10,50,112,112,17,57,77,62,0,ok
train/10-50/32.jpg,10,50,112,112,57,207,22,175,270,ok
train/10-50/33.jpg,10,50,112,112,65,193,62,147,270,ok
train/10-50/34.jpg,10,50,112,112,28,64,77,62,0,ok
train/10-50/35.jpg,10,50,112,112,206,166,175,202,180,ok
train/10-50/36.jpg,10,50,112,112,17,57,49,22,0,ok
train/10-50/37.jpg,10,50,112,112,160,28,163,76,90,ok
train/10-50/38.jpg,10,50,112,112,66,192,62,147,270,ok
train/10-50/39.jpg,10,50,112,112,17,57,73,56,0,ok
train/10-50/4.jpg,10,50,112,112,57,207,22,175,270,ok
train/10-50/40.jpg,10,50,112,112,28,64,77,62,0,ok
train/10-50/41.jpg,10,50,112,112,57,207,22,175,270,ok
train/10-50/42.jpg,10,50,112,112,17,57,77,62,0,ok
train/10-50/44.jpg,10,50,112,112,31,65,77,62,0,ok
train/10-50/45.jpg,10,50,112,112,160,28,161,78,90,ok
train/10-50/46.jpg,10,50,112,112,31,65,77,62,0,ok
train/10-50/47.jpg,10,50,112,112,26,62,77,62,0,ok
train/10-50/48.jpg,10,50,112,112,17,57,49,22,0,ok
train/10-50/49.jpg,10,50,112,112,30,64,74,58,0,ok
train/10-50/5.jpg,10,50,112,112,18,58,77,62,0,ok
train/10-50/50.jpg,10,50,112,112,17,57,49,22,0,ok
train/10-50/51.jpg,10,50,112,112,17,57,77,62,0,ok
train/10-50/52.jpg,10,50,112,112,207,167,175,202,180,ok
train/10-50/53.jpg,10,50,112,112,17,57,66,46,0,ok
train/10-50/54.jpg,10,50,112,112,17,57,49,22,0,ok
train/10-50/58.jpg,10,50,112,112,17,57,76,61,0,ok
train/10-50/59.jpg,10,50,112,112,17,57,74,58,0,ok
train/10-50/6.jpg,10,50,112,112,17,57,49,22,0,ok
train/10-50/60.jpg,10,50,112,112,28,64,77,62,0,ok
train/10-50/62.jpg,10,50,112,112,28,64,77,62,0,ok
train/10-50/63.jpg,10,50,112,112,17,57,77,62,0,ok
train/10-50/64.jpg,10,50,112,112,167,17,161,78,90,ok
train/10-50/65.jpg,10,50,112,112,17,57,49,22,0,ok
train/10-50/66.jpg,10,50,112,112,197,161,146,161,180,ok
train/10-50/67.jpg,10,50,112,112,167,17,161,78,90,ok
train/10-50/69.jpg,10,50,112,112,207,167,175,202,180,ok
train/10-50/7.jpg,10,50,112,112,207,167,175,202,180,ok
train/10-50/71.jpg,10,50,112,112,57,206,22,175,270,ok
train/10-50/72.jpg,10,50,112,112,19,58,77,62,0,ok
train/10-50/73.jpg,10,50,112,112,167,17,202,49,90,ok
train/10-50/76.jpg,10,50,112,112,156,35,201,49,90,ok
train/10-50/78.jpg,10,50,112,112,158,31,161,78,90,ok
train/10-50/79.jpg,10,50,112,112,17,57,49,22,0,ok
train/10-50/8.jpg,10,50,112,112,29,64,77,62,0,ok
train/10-50/80.jpg,10,50,112,112,17,57,77,62,0,ok
train/10-50/81.jpg,10,50,112,112,167,17,202,49,90,ok
train/10-50/82.jpg,10,50,112,112,17,57,49,22,0,ok
train/10-50/83.jpg,10,50,112,112,17,57,49,22,0,ok
train/10-50/84.jpg,10,50,112,112,17,57,77,62,0,ok
train/10-50/85.jpg,10,50,112,112,17,57,49,22,0,ok
train/10-50/86.jpg,10,50,112,112,161,27,161,78,90,ok
train/10-50/88.jpg,10,50,112,112,161,27,161,78,90,ok
train/10-50/89.jpg,10,50,112,112,57,207,62,147,270,ok
train/10-50/9.jpg,10,50,112,112,17,57,77,62,0,ok
train/10-50/90.jpg,10,50,112,112,207,167,175,202,180,ok
train/10-50/92.jpg,10,50,112,112,17,57,49,22,0,ok
train/10-50/94.jpg,10,50,112,112,21,60,49,22,0,ok
train/10-50/95.jpg,10,50,112,112,207,167,146,161,180,ok
train/10-50/96.jpg,10,50,112,112,207,167,146,161,180,ok
train/10-50/97.jpg,10,50,112,112,25,62,77,62,0,ok
train/10-50/98.jpg,10,50,112,112,162,26,161,78,90,ok
train/10-50/99.jpg,10,50,112,112,17,57,77,62,0,ok
train/10-55/0.jpg,10,55,112,112,164,201,167,199,180,ok
train/10-55/10.jpg,10,55,112,112,207,57,190,63,90,ok
train/10-55/11.jpg,10,55,112,112,57,17,53,19,0,ok
train/10-55/12.jpg,10,55,112,112,57,17,63,34,0,ok
train/10-55/14.jpg,10,55,112,112,207,57,205,53,90,ok
train/10-55/15.jpg,10,55,112,112,63,27,63,34,0,ok
train/10-55/16.jpg,10,55,112,112,57,17,53,19,0,ok
train/10-55/17.jpg,10,55,112,112,192,66,197,58,90,ok
train/10-55/19.jpg,10,55,112,112,17,167,45,154,270,ok
train/10-55/20.jpg,10,55,112,112,160,196,159,186,180,ok
train/10-55/21.jpg,10,55,112,112,22,164,34,161,270,ok
train/10-55/22.jpg,10,55,112,112,57,17,53,19,0,ok
train/10-55/23.jpg,10,55,112,112,57,17,53,19,0,ok
train/10-55/24.jpg,10,55,112,112,57,17,62,34,0,ok
train/10-55/25.jpg,10,55,112,112,161,197,171,205,180,ok
train/10-55/26.jpg,10,55,112,112,187,68,202,55,90,ok
train/10-55/27.jpg,10,55,112,112,57,17,53,19,0,ok
train/10-55/28.jpg,10,55,112,112,167,207,163,191,180,ok
train/10-55/29.jpg,10,55,112,112,167,207,164,193,180,ok
train/10-55/3.jpg,10,55,112,112,17,167,19,171,270,ok
train/10-55/30.jpg,10,55,112,112,65,31,61,33,0,ok
train/10-55/31.jpg,10,55,112,112,207,57,205,53,90,ok
train/10-55/33.jpg,10,55,112,112,65,31,60,31,0,ok
train/10-55/34.jpg,10,55,112,112,57,17,55,23,0,ok
train/10-55/35.jpg,10,55,112,112,17,167,20,171,270,ok
train/10-55/36.jpg,10,55,112,112,207,57,205,53,90,ok
train/10-55/38.jpg,10,55,112,112,192,66,189,63,90,ok
train/10-55/39.jpg,10,55,112,112,65,31,62,34,0,ok
train/10-55/4.jpg,10,55,112,112,17,167,19,171,270,ok
train/10-55/40.jpg,10,55,112,112,57,17,63,34,0,ok
train/10-55/41.jpg,10,55,112,112,167,207,171,205,180,ok
train/10-55/42.jpg,10,55,112,112,167,207,171,205,180,ok
train/10-55/43.jpg,10,55,112,112,57,17,53,19,0,ok
train/10-55/44.jpg,10,55,112,112,32,158,45,154,270,ok
train/10-55/45.jpg,10,55,112,112,62,26,63,34,0,ok
train/10-55/46.jpg,10,55,112,112,65,31,63,34,0,ok
train/10-55/48.jpg,10,55,112,112,57,17,53,19,0,ok
train/10-55/49.jpg,10,55,112,112,65,31,53,19,0,ok
train/10-55/50.jpg,10,55,112,112,57,17,53,19,0,ok
train/10-55/51.jpg,10,55,112,112,57,17,63,34,0,ok
train/10-55/52.jpg,10,55,112,112,167,207,171,205,180,ok
train/10-55/53.jpg,10,55,112,112,166,206,170,203,180,ok
train/10-55/55.jpg,10,55,112,112,57,17,53,19,0,ok
train/10-55/56.jpg,10,55,112,112,65,31,63,34,0,ok
train/10-55/58.jpg,10,55,112,112,17,167,19,171,270,ok
train/10-55/59.jpg,10,55,112,112,27,161,19,171,270,ok
train/10-55/6.jpg,10,55,112,112,57,17,53,19,0,ok
train/10-55/60.jpg,10,55,112,112,57,17,61,32,0,ok
train/10-55/61.jpg,10,55,112,112,57,17,56,23,0,ok
train/10-55/62.jpg,10,55,112,112,196,63,195,59,90,ok
train/10-55/63.jpg,10,55,112,112,166,206,159,186,180,ok
train/10-55/64.jpg,10,55,112,112,65,31,53,19,0,ok
train/10-55/65.jpg,10,55,112,112,57,17,53,19,0,ok
train/10-55/66.jpg,10,55,112,112,57,17,62,34,0,ok
train/10-55/67.jpg,10,55,112,112,58,18,63,34,0,ok
train/10-55/69.jpg,10,55,112,112,57,17,53,19,0,ok
train/10-55/7.jpg,10,55,112,112,57,17,53,19,0,ok
train/10-55/71.jpg,10,55,112,112,17,167,19,171,270,ok
train/10-55/73.jpg,10,55,112,112,158,192,171,205,180,ok
train/10-55/74.jpg,10,55,112,112,57,17,53,19,0,ok
train/10-55/77.jpg,10,55,112,112,57,17,53,19,0,ok
train/10-55/78.jpg,10,55,112,112,164,201,171,205,180,ok
train/10-55/79.jpg,10,55,112,112,167,207,171,205,180,ok
train/10-55/8.jpg,10,55,112,112,27,161,45,154,270,ok
train/10-55/82.jpg,10,55,112,112,207,57,205,53,90,ok
train/10-55/83.jpg,10,55,112,112,57,17,53,19,0,ok
train/10-55/85.jpg,10,55,112,112,65,31,53,19,0,ok
train/10-55/86.jpg,10,55,112,112,63,27,59,29,0,ok
train/10-55/88.jpg,10,55,112,112,62,25,63,34,0,ok
train/10-55/89.jpg,10,55,112,112,57,17,53,19,0,ok
train/10-55/9.jpg,10,55,112,112,57,17,53,19,0,ok
train/10-55/90.jpg,10,55,112,112,57,17,53,19,0,ok
train/10-55/91.jpg,10,55,112,112,57,17,53,19,0,ok
train/10-55/92.jpg,10,55,112,112,57,17,53,19,0,ok
train/10-55/93.jpg,10,55,112,112,57,17,53,19,0,ok
train/10-55/94.jpg,10,55,112,112,60,22,53,19,0,ok
train/10-55/95.jpg,10,55,112,112,17,167,45,154,270,ok
train/10-55/96.jpg,10,55,112,112,32,158,34,161,270,ok
train/10-55/97.jpg,10,55,112,112,192,66,189,63,90,ok
train/10-55/98.jpg,10,55,112,112,207,57,192,61,90,ok
train/11-00/0.jpg,11,0,112,112,112,212,142,164,180,ok
train/11-00/1.jpg,11,0,112,112,112,222,167,207,180,ok
train/11-00/12.jpg,11,0,112,112,2,112,45,151,270,ok
train/11-00/14.jpg,11,0,112,112,112,2,57,17,0,ok
train/11-00/15.jpg,11,0,112,112,112,17,81,58,0,ok
train/11-00/16.jpg,11,0,112,112,112,2,57,17,0,ok
train/11-00/17.jpg,11,0,112,112,112,204,142,164,180,ok
train/11-00/19.jpg,11,0,112,112,18,112,60,142,270,ok
train/11-00/20.jpg,11,0,112,112,112,204,142,164,180,ok
train/11-00/22.jpg,11,0,112,112,112,2,57,17,0,ok
train/11-00/23.jpg,11,0,112,112,112,2,57,17,0,ok
train/11-00/24.jpg,11,0,112,112,112,2,81,59,0,ok
train/11-00/25.jpg,11,0,112,112,222,112,207,57,90,ok
train/11-00/26.jpg,11,0,112,112,112,218,165,204,180,ok
train/11-00/27.jpg,11,0,112,112,112,2,57,17,0,ok
train/11-00/28.jpg,11,0,112,112,112,2,81,59,0,ok
train/11-00/29.jpg,11,0,112,112,112,2,57,17,0,ok
train/11-00/3.jpg,11,0,112,112,112,222,167,207,180,ok
train/11-00/31.jpg,11,0,112,112,112,222,152,182,180,ok
train/11-00/33.jpg,11,0,112,112,205,112,164,82,90,ok
train/11-00/34.jpg,11,0,112,112,112,18,81,59,0,ok
train/11-00/36.jpg,11,0,112,112,222,112,207,57,90,ok
train/11-00/37.jpg,11,0,112,112,3,112,44,152,270,ok
train/11-00/38.jpg,11,0,112,112,112,204,142,164,180,ok
train/11-00/39.jpg,11,0,112,112,222,112,170,78,90,ok
train/11-00/40.jpg,11,0,112,112,222,112,170,78,90,ok
train/11-00/41.jpg,11,0,112,112,112,2,57,17,0,ok
train/11-00/42.jpg,11,0,112,112,112,2,79,55,0,ok
train/11-00/44.jpg,11,0,112,112,205,112,164,82,90,ok
train/11-00/45.jpg,11,0,112,112,112,18,81,59,0,ok
train/11-00/46.jpg,11,0,112,112,2,112,60,142,270,ok
train/11-00/47.jpg,11,0,112,112,112,204,142,164,180,ok
train/11-00/49.jpg,11,0,112,112,112,2,79,55,0,ok
train/11-00/5.jpg,11,0,112,112,112,18,81,59,0,ok
train/11-00/50.jpg,11,0,112,112,222,112,207,57,90,ok
train/11-00/52.jpg,11,0,112,112,221,112,207,57,90,ok
train/11-00/53.jpg,11,0,112,112,112,2,57,17,0,ok
train/11-00/54.jpg,11,0,112,112,112,2,57,17,0,ok
train/11-00/55.jpg,11,0,112,112,112,222,167,207,180,ok
train/11-00/57.jpg,11,0,112,112,112,222,167,207,180,ok
train/11-00/58.jpg,11,0,112,112,112,2,81,58,0,ok
train/11-00/59.jpg,11,0,112,112,112,12,77,52,0,ok
train/11-00/6.jpg,11,0,112,112,112,2,57,17,0,ok
train/11-00/61.jpg,11,0,112,112,112,18,81,59,0,ok
train/11-00/62.jpg,11,0,112,112,112,15,81,59,0,ok
train/11-00/63.jpg,11,0,112,112,112,18,81,59,0,ok
train/11-00/64.jpg,11,0,112,112,18,112,60,142,270,ok
train/11-00/65.jpg,11,0,112,112,112,2,57,17,0,ok
train/11-00/66.jpg,11,0,112,112,112,12,81,59,0,ok
train/11-00/67.jpg,11,0,112,112,112,222,142,164,180,ok
train/11-00/68.jpg,11,0,112,112,112,18,67,34,0,ok
train/11-00/69.jpg,11,0,112,112,112,2,57,17,0,ok
train/11-00/7.jpg,11,0,112,112,222,112,207,57,90,ok
train/11-00/70.jpg,11,0,112,112,2,112,17,167,270,ok
train/11-00/71.jpg,11,0,112,112,2,112,17,167,270,ok
train/11-00/72.jpg,11,0,112,112,112,2,81,59,0,ok
train/11-00/73.jpg,11,0,112,112,2,112,35,157,270,ok
train/11-00/74.jpg,11,0,112,112,112,2,57,17,0,ok
train/11-00/76.jpg,11,0,112,112,3,112,36,156,270,ok
train/11-00/77.jpg,11,0,112,112,222,112,207,57,90,ok
train/11-00/78.jpg,11,0,112,112,2,112,60,142,270,ok
train/11-00/79.jpg,11,0,112,112,2,112,17,167,270,ok
train/11-00/8.jpg,11,0,112,112,206,112,164,82,90,ok
train/11-00/80.jpg,11,0,112,112,112,18,81,59,0,ok
train/11-00/81.jpg,11,0,112,112,112,2,57,17,0,ok
train/11-00/82.jpg,11,0,112,112,112,2,57,17,0,ok
train/11-00/83.jpg,11,0,112,112,112,2,57,17,0,ok
train/11-00/84.jpg,11,0,112,112,112,2,81,59,0,ok
train/11-00/86.jpg,11,0,112,112,205,112,164,82,90,ok
train/11-00/87.jpg,11,0,112,112,112,222,142,164,180,ok
train/11-00/89.jpg,11,0,112,112,112,222,142,165,180,ok
train/11-00/9.jpg,11,0,112,112,222,112,164,82,90,ok
train/11-00/90.jpg,11,0,112,112,112,222,167,207,180,ok
train/11-00/92.jpg,11,0,112,112,112,2,81,58,0,ok
train/11-00/93.jpg,11,0,112,112,112,2,57,17,0,ok
train/11-00/94.jpg,11,0,112,112,112,17,59,21,0,ok
train/11-00/95.jpg,11,0,112,112,205,112,164,82,90,ok
train/11-00/97.jpg,11,0,112,112,205,112,164,82,90,ok
train/11-00/98.jpg,11,0,112,112,112,18,81,58,0,ok
train/11-00/99.jpg,11,0,112,112,112,2,81,59,0,ok
train/11-05/0.jpg,11,5,112,112,158,31,84,58,0,ok
train/11-05/1.jpg,11,5,112,112,207,167,210,61,90,ok
train/11-05/10.jpg,11,5,112,112,159,31,84,58,0,ok
train/11-05/11.jpg,11,5,112,112,207,167,210,61,90,ok
train/11-05/12.jpg,11,5,112,112,167,17,83,56,0,ok
train/11-05/13.jpg,11,5,112,112,167,17,84,58,0,ok
train/11-05/14.jpg,11,5,112,112,167,17,61,14,0,ok
train/11-05/15.jpg,11,5,112,112,160,28,83,57,0,ok
train/11-05/16.jpg,11,5,112,112,167,17,61,14,0,ok
train/11-05/17.jpg,11,5,112,112,163,24,84,58,0,ok
train/11-05/18.jpg,11,5,112,112,17,57,38,150,270,ok
train/11-05/19.jpg,11,5,112,112,158,31,84,58,0,ok
train/11-05/2.jpg,11,5,112,112,17,57,58,140,270,ok
train/11-05/20.jpg,11,5,112,112,162,25,84,58,0,ok
train/11-05/21.jpg,11,5,112,112,167,17,84,58,0,ok
train/11-05/22.jpg,11,5,112,112,167,17,61,14,0,ok
train/11-05/23.jpg,11,5,112,112,57,207,163,210,180,ok
train/11-05/24.jpg,11,5,112,112,159,31,84,58,0,ok
train/11-05/25.jpg,11,5,112,112,167,17,66,23,0,ok
train/11-05/26.jpg,11,5,112,112,166,19,62,16,0,ok
train/11-05/27.jpg,11,5,112,112,167,17,61,14,0,ok
train/11-05/28.jpg,11,5,112,112,207,167,165,84,90,ok
train/11-05/3.jpg,11,5,112,112,167,17,61,14,0,ok
train/11-05/30.jpg,11,5,112,112,66,192,140,165,180,ok
train/11-05/32.jpg,11,5,112,112,167,17,61,14,0,ok
train/11-05/33.jpg,11,5,112,112,158,31,84,58,0,ok
train/11-05/34.jpg,11,5,112,112,57,207,140,165,180,ok
train/11-05/35.jpg,11,5,112,112,166,18,61,14,0,ok
train/11-05/36.jpg,11,5,112,112,167,17,61,14,0,ok
train/11-05/37.jpg,11,5,112,112,63,197,141,167,180,ok
train/11-05/38.jpg,11,5,112,112,167,17,84,58,0,ok
train/11-05/39.jpg,11,5,112,112,17,57,52,143,270,ok
train/11-05/4.jpg,11,5,112,112,57,207,163,210,180,ok
train/11-05/42.jpg,11,5,112,112,17,57,50,144,270,ok
train/11-05/43.jpg,11,5,112,112,207,167,210,61,90,ok
train/11-05/44.jpg,11,5,112,112,161,27,84,58,0,ok
train/11-05/45.jpg,11,5,112,112,61,199,140,165,180,ok
train/11-05/46.jpg,11,5,112,112,158,31,84,58,0,ok
train/11-05/47.jpg,11,5,112,112,27,63,58,140,270,ok
train/11-05/49.jpg,11,5,112,112,167,17,82,54,0,ok
train/11-05/5.jpg,11,5,112,112,166,18,84,58,0,ok
train/11-05/51.jpg,11,5,112,112,57,207,140,165,180,ok
train/11-05/53.jpg,11,5,112,112,57,206,162,209,180,ok
train/11-05/56.jpg,11,5,112,112,161,27,84,58,0,ok
train/11-05/58.jpg,11,5,112,112,167,17,83,57,0,ok
train/11-05/59.jpg,11,5,112,112,57,207,140,165,180,ok
train/11-05/60.jpg,11,5,112,112,161,27,84,58,0,ok
train/11-05/62.jpg,11,5,112,112,28,64,58,140,270,ok
train/11-05/63.jpg,11,5,112,112,160,28,84,58,0,ok
train/11-05/64.jpg,11,5,112,112,66,192,140,165,180,ok
train/11-05/65.jpg,11,5,112,112,167,17,61,14,0,ok
train/11-05/66.jpg,11,5,112,112,161,27,84,58,0,ok
train/11-05/67.jpg,11,5,112,112,167,17,84,58,0,ok
train/11-05/68.jpg,11,5,112,112,158,31,76,44,0,ok
train/11-05/70.jpg,11,5,112,112,17,57,15,162,270,ok
train/11-05/71.jpg,11,5,112,112,167,17,61,14,0,ok
train/11-05/72.jpg,11,5,112,112,167,17,84,58,0,ok
train/11-05/73.jpg,11,5,112,112,158,31,70,30,0,ok
train/11-05/74.jpg,11,5,112,112,167,17,61,14,0,ok
train/11-05/76.jpg,11,5,112,112,35,68,15,162,270,ok
train/11-05/77.jpg,11,5,112,112,207,167,210,61,90,ok
train/11-05/79.jpg,11,5,112,112,167,17,61,14,0,ok
train/11-05/8.jpg,11,5,112,112,27,63,58,140,270,ok
train/11-05/80.jpg,11,5,112,112,164,21,84,58,0,ok
train/11-05/81.jpg,11,5,112,112,207,167,210,61,90,ok
train/11-05/82.jpg,11,5,112,112,207,167,210,61,90,ok
train/11-05/83.jpg,11,5,112,112,57,207,163,210,180,ok
train/11-05/84.jpg,11,5,112,112,167,17,84,58,0,ok
train/11-05/85.jpg,11,5,112,112,31,65,45,147,270,ok
train/11-05/88.jpg,11,5,112,112,160,28,84,58,0,ok
train/11-05/89.jpg,11,5,112,112,57,207,142,171,180,ok
train/11-05/9.jpg,11,5,112,112,196,160,165,84,90,ok
train/11-05/90.jpg,11,5,112,112,57,207,163,210,180,ok
train/11-05/91.jpg,11,5,112,112,167,17,61,14,0,ok
train/11-05/93.jpg,11,5,112,112,167,17,61,14,0,ok
train/11-05/94.jpg,11,5,112,112,167,17,61,14,0,ok
train/11-05/95.jpg,11,5,112,112,167,17,84,58,0,ok
train/11-05/96.jpg,11,5,112,112,64,194,140,165,180,ok
train/11-05/97.jpg,11,5,112,112,159,31,84,58,0,ok
train/11-05/98.jpg,11,5,112,112,160,28,84,58,0,ok
train/11-10/0.jpg,11,10,112,112,60,23,57,138,270,ok
train/11-10/1.jpg,11,10,112,112,207,57,66,12,0,ok
train/11-10/10.jpg,11,10,112,112,167,207,166,87,90,ok
train/11-10/11.jpg,11,10,112,112,207,57,66,12,0,ok
train/11-10/12.jpg,11,10,112,112,158,192,173,84,90,ok
train/11-10/13.jpg,11,10,112,112,158,193,173,84,90,ok
train/11-10/14.jpg,11,10,112,112,17,167,158,212,180,ok
train/11-10/17.jpg,11,10,112,112,192,66,86,57,0,ok
train/11-10/18.jpg,11,10,112,112,167,207,193,74,90,ok
train/11-10/2.jpg,11,10,112,112,65,31,57,138,270,ok
train/11-10/20.jpg,11,10,112,112,197,63,86,57,0,ok
train/11-10/21.jpg,11,10,112,112,197,63,86,57,0,ok
train/11-10/22.jpg,11,10,112,112,207,57,66,12,0,ok
train/11-10/23.jpg,11,10,112,112,167,207,212,66,90,ok
train/11-10/24.jpg,11,10,112,112,17,167,137,166,180,ok
train/11-10/25.jpg,11,10,112,112,68,36,12,158,270,ok
train/11-10/26.jpg,11,10,112,112,189,68,66,14,0,ok
train/11-10/27.jpg,11,10,112,112,207,57,66,12,0,ok
train/11-10/28.jpg,11,10,112,112,192,66,86,57,0,ok
train/11-10/29.jpg,11,10,112,112,17,167,138,167,180,ok
train/11-10/3.jpg,11,10,112,112,30,160,158,212,180,ok
train/11-10/30.jpg,11,10,112,112,192,66,86,57,0,ok
train/11-10/32.jpg,11,10,112,112,207,57,66,12,0,ok
train/11-10/33.jpg,11,10,112,112,30,160,137,166,180,ok
train/11-10/34.jpg,11,10,112,112,167,207,166,87,90,ok
train/11-10/35.jpg,11,10,112,112,57,17,12,158,270,ok
train/11-10/36.jpg,11,10,112,112,167,207,212,66,90,ok
train/11-10/37.jpg,11,10,112,112,160,196,194,74,90,ok
train/11-10/39.jpg,11,10,112,112,167,207,173,84,90,ok
train/11-10/41.jpg,11,10,112,112,207,57,66,12,0,ok
train/11-10/42.jpg,11,10,112,112,207,57,86,57,0,ok
train/11-10/43.jpg,11,10,112,112,207,57,66,12,0,ok
train/11-10/44.jpg,11,10,112,112,32,158,137,166,180,ok
train/11-10/45.jpg,11,10,112,112,161,197,166,87,90,ok
train/11-10/47.jpg,11,10,112,112,207,57,86,57,0,ok
train/11-10/48.jpg,11,10,112,112,207,57,66,12,0,ok
train/11-10/49.jpg,11,10,112,112,17,167,139,170,180,ok
train/11-10/5.jpg,11,10,112,112,65,31,57,138,270,ok
train/11-10/50.jpg,11,10,112,112,17,167,158,212,180,ok
train/11-10/52.jpg,11,10,112,112,17,167,158,212,180,ok
train/11-10/53.jpg,11,10,112,112,60,22,39,146,270,ok
train/11-10/54.jpg,11,10,112,112,207,57,66,12,0,ok
train/11-10/55.jpg,11,10,112,112,17,167,158,212,180,ok
train/11-10/56.jpg,11,10,112,112,162,199,166,87,90,ok
train/11-10/57.jpg,11,10,112,112,17,167,158,212,180,ok
train/11-10/58.jpg,11,10,112,112,207,57,86,56,0,ok
train/11-10/59.jpg,11,10,112,112,167,207,166,87,90,ok
train/11-10/6.jpg,11,10,112,112,207,57,66,12,0,ok
train/11-10/60.jpg,11,10,112,112,17,167,137,166,180,ok
train/11-10/62.jpg,11,10,112,112,64,29,57,138,270,ok
train/11-10/63.jpg,11,10,112,112,64,29,57,138,270,ok
train/11-10/64.jpg,11,10,112,112,65,31,57,138,270,ok
train/11-10/65.jpg,11,10,112,112,207,57,66,12,0,ok
train/11-10/66.jpg,11,10,112,112,162,198,166,87,90,ok
train/11-10/67.jpg,11,10,112,112,167,207,166,87,90,ok
train/11-10/68.jpg,11,10,112,112,65,31,52,140,270,ok
train/11-10/69.jpg,11,10,112,112,207,57,66,12,0,ok
train/11-10/7.jpg,11,10,112,112,57,17,12,158,270,ok
train/11-10/71.jpg,11,10,112,112,167,207,212,66,90,ok
train/11-10/72.jpg,11,10,112,112,57,17,57,138,270,ok
train/11-10/73.jpg,11,10,112,112,166,206,166,87,90,ok
train/11-10/75.jpg,11,10,112,112,201,60,86,57,0,ok
train/11-10/77.jpg,11,10,112,112,207,57,66,12,0,ok
train/11-10/8.jpg,11,10,112,112,32,158,137,166,180,ok
train/11-10/80.jpg,11,10,112,112,192,66,86,57,0,ok
train/11-10/81.jpg,11,10,112,112,207,57,66,12,0,ok
train/11-10/83.jpg,11,10,112,112,207,57,66,12,0,ok
train/11-10/84.jpg,11,10,112,112,57,17,57,138,270,ok
train/11-10/85.jpg,11,10,112,112,207,57,81,45,0,ok
train/11-10/86.jpg,11,10,112,112,194,64,86,57,0,ok
train/11-10/88.jpg,11,10,112,112,25,163,137,166,180,ok
train/11-10/89.jpg,11,10,112,112,167,207,166,87,90,ok
train/11-10/9.jpg,11,10,112,112,198,62,86,57,0,ok
train/11-10/90.jpg,11,10,112,112,167,207,212,66,90,ok
train/11-10/91.jpg,11,10,112,112,17,167,158,212,180,ok
train/11-10/93.jpg,11,10,112,112,207,57,66,12,0,ok
train/11-10/94.jpg,11,10,112,112,207,57,66,12,0,ok
train/11-10/97.jpg,11,10,112,112,32,158,137,166,180,ok
train/11-10/98.jpg,11,10,112,112,197,63,86,57,0,ok
train/11-10/99.jpg,11,10,112,112,17,167,137,166,180,ok
train/11-15/0.jpg,11,15,112,112,112,214,167,89,90,ok
train/11-15/1.jpg,11,15,112,112,222,112,70,10,0,ok
train/11-15/11.jpg,11,15,112,112,222,112,70,10,0,ok
train/11-15/12.jpg,11,15,112,112,222,112,83,43,0,ok
train/11-15/13.jpg,11,15,112,112,2,112,141,181,180,ok
train/11-15/14.jpg,11,15,112,112,112,222,214,70,90,ok
train/11-15/15.jpg,11,15,112,112,205,112,88,54,0,ok
train/11-15/16.jpg,11,15,112,112,222,112,70,10,0,ok
train/11-15/18.jpg,11,15,112,112,4,112,138,174,180,ok
train/11-15/19.jpg,11,15,112,112,19,112,135,167,180,ok
train/11-15/20.jpg,11,15,112,112,208,112,89,56,0,ok
train/11-15/21.jpg,11,15,112,112,13,112,135,167,180,ok
train/11-15/22.jpg,11,15,112,112,222,112,70,10,0,ok
train/11-15/23.jpg,11,15,112,112,2,112,154,214,180,ok
train/11-15/25.jpg,11,15,112,112,202,112,70,10,0,ok
train/11-15/26.jpg,11,15,112,112,219,112,71,12,0,ok
train/11-15/27.jpg,11,15,112,112,222,112,70,10,0,ok
train/11-15/28.jpg,11,15,112,112,222,112,89,56,0,ok
train/11-15/29.jpg,11,15,112,112,2,112,135,167,180,ok
train/11-15/3.jpg,11,15,112,112,112,222,214,70,90,ok
train/11-15/30.jpg,11,15,112,112,112,2,56,135,270,ok
train/11-15/32.jpg,11,15,112,112,222,112,70,10,0,ok
train/11-15/34.jpg,11,15,112,112,112,2,56,135,270,ok
train/11-15/35.jpg,11,15,112,112,222,112,70,10,0,ok
train/11-15/36.jpg,11,15,112,112,222,112,70,10,0,ok
train/11-15/37.jpg,11,15,112,112,207,112,74,20,0,ok
train/11-15/38.jpg,11,15,112,112,19,112,135,167,180,ok
train/11-15/39.jpg,11,15,112,112,206,112,86,49,0,ok
train/11-15/4.jpg,11,15,112,112,222,112,70,10,0,ok
train/11-15/40.jpg,11,15,112,112,2,112,135,167,180,ok
train/11-15/42.jpg,11,15,112,112,222,112,89,56,0,ok
train/11-15/43.jpg,11,15,112,112,2,112,154,214,180,ok
train/11-15/44.jpg,11,15,112,112,112,204,167,89,90,ok
train/11-15/45.jpg,11,15,112,112,209,112,89,56,0,ok
train/11-15/46.jpg,11,15,112,112,207,112,89,56,0,ok
train/11-15/47.jpg,11,15,112,112,112,222,167,89,90,ok
train/11-15/49.jpg,11,15,112,112,112,204,171,88,90,ok
train/11-15/5.jpg,11,15,112,112,222,112,89,56,0,ok
train/11-15/50.jpg,11,15,112,112,222,112,70,10,0,ok
train/11-15/53.jpg,11,15,112,112,222,112,89,56,0,ok
train/11-15/54.jpg,11,15,112,112,222,112,70,10,0,ok
train/11-15/55.jpg,11,15,112,112,112,222,214,70,90,ok
train/11-15/56.jpg,11,15,112,112,205,112,89,56,0,ok
train/11-15/57.jpg,11,15,112,112,112,222,214,70,90,ok
train/11-15/58.jpg,11,15,112,112,222,112,87,52,0,ok
train/11-15/59.jpg,11,15,112,112,205,112,86,48,0,ok
train/11-15/6.jpg,11,15,112,112,222,112,70,10,0,ok
train/11-15/60.jpg,11,15,112,112,213,112,89,56,0,ok
train/11-15/62.jpg,11,15,112,112,112,206,167,89,90,ok
train/11-15/63.jpg,11,15,112,112,206,112,89,56,0,ok
train/11-15/64.jpg,11,15,112,112,19,112,135,167,180,ok
train/11-15/65.jpg,11,15,112,112,222,112,70,10,0,ok
train/11-15/66.jpg,11,15,112,112,11,112,135,167,180,ok
train/11-15/67.jpg,11,15,112,112,222,112,89,56,0,ok
train/11-15/69.jpg,11,15,112,112,222,112,70,10,0,ok
train/11-15/7.jpg,11,15,112,112,222,112,70,10,0,ok
train/11-15/71.jpg,11,15,112,112,222,112,70,10,0,ok
train/11-15/72.jpg,11,15,112,112,222,112,89,56,0,ok
train/11-15/73.jpg,11,15,112,112,222,112,89,56,0,ok
train/11-15/74.jpg,11,15,112,112,222,112,70,10,0,ok
train/11-15/75.jpg,11,15,112,112,222,112,89,56,0,ok
train/11-15/76.jpg,11,15,112,112,3,112,153,212,180,ok
train/11-15/77.jpg,11,15,112,112,222,112,70,10,0,ok
train/11-15/78.jpg,11,15,112,112,205,112,89,56,0,ok
train/11-15/79.jpg,11,15,112,112,222,112,70,10,0,ok
train/11-15/8.jpg,11,15,112,112,19,112,135,167,180,ok
train/11-15/80.jpg,11,15,112,112,112,222,167,89,90,ok
train/11-15/82.jpg,11,15,112,112,112,222,214,70,90,ok
train/11-15/83.jpg,11,15,112,112,222,112,70,10,0,ok
train/11-15/84.jpg,11,15,112,112,19,112,135,167,180,ok
train/11-15/85.jpg,11,15,112,112,2,112,145,191,180,ok
train/11-15/86.jpg,11,15,112,112,205,112,89,56,0,ok
train/11-15/88.jpg,11,15,112,112,212,112,89,56,0,ok
train/11-15/90.jpg,11,15,112,112,222,112,70,10,0,ok
train/11-15/91.jpg,11,15,112,112,2,112,154,214,180,ok
train/11-15/92.jpg,11,15,112,112,2,112,135,168,180,ok
train/11-15/94.jpg,11,15,112,112,222,112,70,10,0,ok
train/11-15/96.jpg,11,15,112,112,222,112,89,56,0,ok
train/11-15/98.jpg,11,15,112,112,212,112,89,56,0,ok
train/11-15/99.jpg,11,15,112,112,222,112,89,56,0,ok
train/11-20/0.jpg,11,20,112,112,199,162,91,55,0,ok
train/11-20/1.jpg,11,20,112,112,17,57,150,215,180,ok
train/11-20/11.jpg,11,20,112,112,167,17,9,150,270,ok
train/11-20/12.jpg,11,20,112,112,66,192,183,86,90,ok
train/11-20/13.jpg,11,20,112,112,194,159,91,55,0,ok
train/11-20/14.jpg,11,20,112,112,207,167,74,9,0,ok
train/11-20/15.jpg,11,20,112,112,192,158,91,54,0,ok
train/11-20/16.jpg,11,20,112,112,207,167,74,9,0,ok
train/11-20/17.jpg,11,20,112,112,203,164,91,55,0,ok
train/11-20/18.jpg,11,20,112,112,167,17,52,134,270,ok
train/11-20/19.jpg,11,20,112,112,17,57,133,168,180,ok
train/11-20/2.jpg,11,20,112,112,192,158,91,55,0,ok
train/11-20/22.jpg,11,20,112,112,206,166,74,9,0,ok
train/11-20/24.jpg,11,20,112,112,167,17,55,133,270,ok
train/11-20/25.jpg,11,20,112,112,207,167,78,18,0,ok
train/11-20/26.jpg,11,20,112,112,165,20,11,149,270,ok
train/11-20/27.jpg,11,20,112,112,207,167,74,9,0,ok
train/11-20/29.jpg,11,20,112,112,207,167,91,54,0,ok
train/11-20/3.jpg,11,20,112,112,167,17,9,150,270,ok
train/11-20/30.jpg,11,20,112,112,192,158,91,55,0,ok
train/11-20/31.jpg,11,20,112,112,28,64,133,168,180,ok
train/11-20/32.jpg,11,20,112,112,57,207,215,74,90,ok
train/11-20/33.jpg,11,20,112,112,30,64,133,168,180,ok
train/11-20/34.jpg,11,20,112,112,192,158,91,55,0,ok
train/11-20/35.jpg,11,20,112,112,206,166,74,9,0,ok
train/11-20/36.jpg,11,20,112,112,167,17,9,150,270,ok
train/11-20/37.jpg,11,20,112,112,160,28,22,145,270,ok
train/11-20/40.jpg,11,20,112,112,207,167,91,55,0,ok
train/11-20/41.jpg,11,20,112,112,207,167,74,9,0,ok
train/11-20/42.jpg,11,20,112,112,17,57,133,168,180,ok
train/11-20/43.jpg,11,20,112,112,57,207,214,75,90,ok
train/11-20/44.jpg,11,20,112,112,167,17,55,133,270,ok
train/11-20/45.jpg,11,20,112,112,195,160,91,55,0,ok
train/11-20/46.jpg,11,20,112,112,66,192,168,91,90,ok
train/11-20/47.jpg,11,20,112,112,167,17,55,133,270,ok
train/11-20/49.jpg,11,20,112,112,192,158,89,50,0,ok
train/11-20/5.jpg,11,20,112,112,192,158,91,55,0,ok
train/11-20/50.jpg,11,20,112,112,207,167,74,9,0,ok
train/11-20/52.jpg,11,20,112,112,207,167,74,9,0,ok
train/11-20/54.jpg,11,20,112,112,207,167,74,9,0,ok
train/11-20/55.jpg,11,20,112,112,207,167,74,9,0,ok
train/11-20/56.jpg,11,20,112,112,199,162,91,55,0,ok
train/11-20/57.jpg,11,20,112,112,207,167,74,9,0,ok
train/11-20/59.jpg,11,20,112,112,198,161,89,49,0,ok
train/11-20/6.jpg,11,20,112,112,207,167,74,9,0,ok
train/11-20/60.jpg,11,20,112,112,197,161,91,55,0,ok
train/11-20/61.jpg,11,20,112,112,65,193,168,91,90,ok
train/11-20/62.jpg,11,20,112,112,167,17,55,133,270,ok
train/11-20/65.jpg,11,20,112,112,57,207,215,74,90,ok
train/11-20/66.jpg,11,20,112,112,163,24,55,133,270,ok
train/11-20/67.jpg,11,20,112,112,207,167,91,55,0,ok
train/11-20/68.jpg,11,20,112,112,31,65,133,168,180,ok
train/11-20/7.jpg,11,20,112,112,17,57,150,215,180,ok
train/11-20/70.jpg,11,20,112,112,17,57,149,214,180,ok
train/11-20/71.jpg,11,20,112,112,57,207,215,74,90,ok
train/11-20/72.jpg,11,20,112,112,207,167,91,55,0,ok
train/11-20/73.jpg,11,20,112,112,207,167,90,51,0,ok
train/11-20/74.jpg,11,20,112,112,207,167,74,9,0,ok
train/11-20/75.jpg,11,20,112,112,63,196,168,91,90,ok
train/11-20/76.jpg,11,20,112,112,188,156,74,9,0,ok
train/11-20/77.jpg,11,20,112,112,57,207,215,74,90,ok
train/11-20/78.jpg,11,20,112,112,28,64,133,168,180,ok
train/11-20/79.jpg,11,20,112,112,207,167,74,9,0,ok
train/11-20/8.jpg,11,20,112,112,31,65,133,168,180,ok
train/11-20/80.jpg,11,20,112,112,167,17,55,133,270,ok
train/11-20/81.jpg,11,20,112,112,57,207,215,74,90,ok
train/11-20/82.jpg,11,20,112,112,207,167,74,9,0,ok
train/11-20/83.jpg,11,20,112,112,207,167,74,9,0,ok
train/11-20/84.jpg,11,20,112,112,17,57,133,168,180,ok
train/11-20/85.jpg,11,20,112,112,57,207,177,88,90,ok
train/11-20/86.jpg,11,20,112,112,160,30,55,133,270,ok
train/11-20/87.jpg,11,20,112,112,207,167,91,55,0,ok
train/11-20/89.jpg,11,20,112,112,207,167,91,55,0,ok
train/11-20/9.jpg,11,20,112,112,160,30,55,133,270,ok
train/11-20/90.jpg,11,20,112,112,207,167,74,9,0,ok
train/11-20/91.jpg,11,20,112,112,207,167,74,9,0,ok
train/11-20/95.jpg,11,20,112,112,166,18,55,133,270,ok
train/11-20/96.jpg,11,20,112,112,192,158,91,55,0,ok
train/11-20/98.jpg,11,20,112,112,61,200,168,91,90,ok
train/11-20/99.jpg,11,20,112,112,31,65,133,168,180,ok
train/11-25/1.jpg,11,25,112,112,167,207,79,7,0,ok
train/11-25/10.jpg,11,25,112,112,207,57,54,130,270,ok
train/11-25/11.jpg,11,25,112,112,17,167,217,79,90,ok
train/11-25/12.jpg,11,25,112,112,207,57,54,130,270,ok
train/11-25/13.jpg,11,25,112,112,65,31,130,169,180,ok
train/11-25/14.jpg,11,25,112,112,167,207,79,7,0,ok
train/11-25/16.jpg,11,25,112,112,167,207,79,7,0,ok
train/11-25/17.jpg,11,25,112,112,158,192,94,54,0,ok
train/11-25/18.jpg,11,25,112,112,167,207,93,52,0,ok
train/11-25/2.jpg,11,25,112,112,160,194,94,54,0,ok
train/11-25/20.jpg,11,25,112,112,163,200,94,54,0,ok
train/11-25/21.jpg,11,25,112,112,167,207,94,54,0,ok
train/11-25/22.jpg,11,25,112,112,166,206,79,7,0,ok
train/11-25/23.jpg,11,25,112,112,167,207,79,7,0,ok
train/11-25/24.jpg,11,25,112,112,167,207,94,54,0,ok
train/11-25/27.jpg,11,25,112,112,167,207,79,7,0,ok
train/11-25/28.jpg,11,25,112,112,158,192,94,54,0,ok
train/11-25/29.jpg,11,25,112,112,57,17,130,169,180,ok
train/11-25/30.jpg,11,25,112,112,158,192,94,54,0,ok
train/11-25/31.jpg,11,25,112,112,167,207,94,54,0,ok
train/11-25/32.jpg,11,25,112,112,167,207,79,7,0,ok
train/11-25/33.jpg,11,25,112,112,159,193,94,54,0,ok
train/11-25/34.jpg,11,25,112,112,160,194,94,54,0,ok
train/11-25/35.jpg,11,25,112,112,167,207,79,7,0,ok
train/11-25/37.jpg,11,25,112,112,25,162,203,83,90,ok
train/11-25/38.jpg,11,25,112,112,32,158,169,94,90,ok
train/11-25/4.jpg,11,25,112,112,57,17,145,217,180,ok
train/11-25/41.jpg,11,25,112,112,207,57,7,145,270,ok
train/11-25/42.jpg,11,25,112,112,167,207,94,54,0,ok
train/11-25/43.jpg,11,25,112,112,17,167,217,79,90,ok
train/11-25/44.jpg,11,25,112,112,167,207,94,54,0,ok
train/11-25/45.jpg,11,25,112,112,162,199,94,54,0,ok
train/11-25/46.jpg,11,25,112,112,158,192,94,54,0,ok
train/11-25/47.jpg,11,25,112,112,160,194,94,54,0,ok
train/11-25/48.jpg,11,25,112,112,167,207,79,7,0,ok
train/11-25/49.jpg,11,25,112,112,27,161,174,92,90,ok
train/11-25/5.jpg,11,25,112,112,64,30,130,169,180,ok
train/11-25/50.jpg,11,25,112,112,167,207,79,7,0,ok
train/11-25/51.jpg,11,25,112,112,57,17,130,169,180,ok
train/11-25/52.jpg,11,25,112,112,17,167,217,79,90,ok
train/11-25/54.jpg,11,25,112,112,167,207,79,7,0,ok
train/11-25/55.jpg,11,25,112,112,167,207,79,7,0,ok
train/11-25/57.jpg,11,25,112,112,167,207,79,7,0,ok
train/11-25/58.jpg,11,25,112,112,200,61,46,133,270,ok
train/11-25/59.jpg,11,25,112,112,161,197,94,54,0,ok
train/11-25/6.jpg,11,25,112,112,17,167,217,79,90,ok
train/11-25/60.jpg,11,25,112,112,158,192,94,54,0,ok
train/11-25/62.jpg,11,25,112,112,167,207,94,54,0,ok
train/11-25/63.jpg,11,25,112,112,160,194,94,54,0,ok
train/11-25/64.jpg,11,25,112,112,207,57,54,130,270,ok
train/11-25/65.jpg,11,25,112,112,57,17,145,217,180,ok
train/11-25/66.jpg,11,25,112,112,167,207,93,52,0,ok
train/11-25/68.jpg,11,25,112,112,65,31,130,169,180,ok
train/11-25/7.jpg,11,25,112,112,17,167,217,79,90,ok
train/11-25/71.jpg,11,25,112,112,167,207,79,7,0,ok
train/11-25/73.jpg,11,25,112,112,57,17,132,175,180,ok
train/11-25/74.jpg,11,25,112,112,167,207,79,7,0,ok
train/11-25/75.jpg,11,25,112,112,160,194,94,54,0,ok
train/11-25/77.jpg,11,25,112,112,17,167,217,79,90,ok
train/11-25/78.jpg,11,25,112,112,57,17,130,169,180,ok
train/11-25/79.jpg,11,25,112,112,207,57,7,145,270,ok
train/11-25/8.jpg,11,25,112,112,30,160,169,94,90,ok
train/11-25/80.jpg,11,25,112,112,17,167,169,94,90,ok
train/11-25/81.jpg,11,25,112,112,17,167,217,79,90,ok
train/11-25/82.jpg,11,25,112,112,57,17,145,217,180,ok
train/11-25/84.jpg,11,25,112,112,17,167,169,94,90,ok
train/11-25/85.jpg,11,25,112,112,207,57,46,133,270,ok
train/11-25/86.jpg,11,25,112,112,195,64,54,130,270,ok
train/11-25/87.jpg,11,25,112,112,167,207,94,54,0,ok
train/11-25/89.jpg,11,25,112,112,17,167,169,94,90,ok
train/11-25/9.jpg,11,25,112,112,22,164,169,94,90,ok
train/11-25/90.jpg,11,25,112,112,167,207,79,7,0,ok
train/11-25/91.jpg,11,25,112,112,167,207,79,7,0,ok
train/11-25/92.jpg,11,25,112,112,17,167,181,90,90,ok
train/11-25/93.jpg,11,25,112,112,167,207,79,7,0,ok
train/11-25/94.jpg,11,25,112,112,166,206,79,7,0,ok
train/11-25/95.jpg,11,25,112,112,207,57,54,130,270,ok
train/11-25/96.jpg,11,25,112,112,167,207,94,54,0,ok
train/11-25/97.jpg,11,25,112,112,167,207,94,54,0,ok
train/11-25/99.jpg,11,25,112,112,193,66,54,130,270,ok
train/11-30/0.jpg,11,30,112,112,112,215,96,53,0,ok
train/11-30/1.jpg,11,30,112,112,112,222,84,6,0,ok
train/11-30/10.jpg,11,30,112,112,112,204,96,53,0,ok
train/11-30/11.jpg,11,30,112,112,112,2,140,218,180,ok
train/11-30/12.jpg,11,30,112,112,2,112,170,96,90,ok
train/11-30/13.jpg,11,30,112,112,112,222,96,53,0,ok
train/11-30/14.jpg,11,30,112,112,112,222,84,6,0,ok
train/11-30/15.jpg,11,30,112,112,112,205,96,51,0,ok
train/11-30/16.jpg,11,30,112,112,112,222,84,6,0,ok
train/11-30/17.jpg,11,30,112,112,112,204,96,53,0,ok
train/11-30/18.jpg,11,30,112,112,112,222,96,51,0,ok
train/11-30/19.jpg,11,30,112,112,112,222,96,53,0,ok
train/11-30/2.jpg,11,30,112,112,112,222,96,53,0,ok
train/11-30/20.jpg,11,30,112,112,112,215,96,53,0,ok
train/11-30/21.jpg,11,30,112,112,218,112,53,128,270,ok
train/11-30/22.jpg,11,30,112,112,112,222,84,6,0,ok
train/11-30/23.jpg,11,30,112,112,112,222,84,6,0,ok
train/11-30/24.jpg,11,30,112,112,222,112,53,128,270,ok
train/11-30/25.jpg,11,30,112,112,112,2,140,218,180,ok
train/11-30/27.jpg,11,30,112,112,112,222,84,6,0,ok
train/11-30/28.jpg,11,30,112,112,112,204,96,53,0,ok
train/11-30/29.jpg,11,30,112,112,222,112,52,128,270,ok
train/11-30/3.jpg,11,30,112,112,112,222,88,22,0,ok
train/11-30/30.jpg,11,30,112,112,112,204,96,53,0,ok
train/11-30/31.jpg,11,30,112,112,112,204,96,53,0,ok
train/11-30/32.jpg,11,30,112,112,112,222,84,6,0,ok
train/11-30/33.jpg,11,30,112,112,206,112,53,128,270,ok
train/11-30/34.jpg,11,30,112,112,112,2,128,170,180,ok
train/11-30/35.jpg,11,30,112,112,112,2,140,218,180,ok
train/11-30/36.jpg,11,30,112,112,2,112,218,84,90,ok
train/11-30/37.jpg,11,30,112,112,112,3,138,210,180,ok
train/11-30/38.jpg,11,30,112,112,112,204,96,53,0,ok
train/11-30/39.jpg,11,30,112,112,17,112,176,95,90,ok
train/11-30/4.jpg,11,30,112,112,2,112,218,84,90,ok
train/11-30/41.jpg,11,30,112,112,112,222,84,6,0,ok
train/11-30/42.jpg,11,30,112,112,112,2,128,170,180,ok
train/11-30/43.jpg,11,30,112,112,112,222,84,6,0,ok
train/11-30/44.jpg,11,30,112,112,112,222,96,53,0,ok
train/11-30/46.jpg,11,30,112,112,112,204,96,53,0,ok
train/11-30/47.jpg,11,30,112,112,206,112,53,128,270,ok
train/11-30/48.jpg,11,30,112,112,112,222,84,6,0,ok
train/11-30/51.jpg,11,30,112,112,222,112,53,128,270,ok
train/11-30/52.jpg,11,30,112,112,2,112,218,84,90,ok
train/11-30/53.jpg,11,30,112,112,112,222,96,51,0,ok
train/11-30/54.jpg,11,30,112,112,112,222,84,6,0,ok
train/11-30/56.jpg,11,30,112,112,112,206,96,53,0,ok
train/11-30/58.jpg,11,30,112,112,9,112,172,96,90,ok
train/11-30/59.jpg,11,30,112,112,112,204,96,53,0,ok
train/11-30/6.jpg,11,30,112,112,112,222,84,6,0,ok
train/11-30/60.jpg,11,30,112,112,19,112,170,96,90,ok
train/11-30/61.jpg,11,30,112,112,112,13,128,170,180,ok
train/11-30/62.jpg,11,30,112,112,112,222,96,53,0,ok
train/11-30/63.jpg,11,30,112,112,112,207,96,53,0,ok
train/11-30/65.jpg,11,30,112,112,2,112,218,84,90,ok
train/11-30/66.jpg,11,30,112,112,112,204,96,53,0,ok
train/11-30/68.jpg,11,30,112,112,112,204,96,53,0,ok
train/11-30/70.jpg,11,30,112,112,2,112,218,84,90,ok
train/11-30/71.jpg,11,30,112,112,2,112,218,84,90,ok
train/11-30/72.jpg,11,30,112,112,112,222,96,53,0,ok
train/11-30/73.jpg,11,30,112,112,222,112,48,129,270,ok
train/11-30/74.jpg,11,30,112,112,112,222,84,6,0,ok
train/11-30/75.jpg,11,30,112,112,112,206,96,53,0,ok
train/11-30/79.jpg,11,30,112,112,2,112,218,84,90,ok
train/11-30/8.jpg,11,30,112,112,13,112,170,96,90,ok
train/11-30/80.jpg,11,30,112,112,112,204,96,53,0,ok
train/11-30/82.jpg,11,30,112,112,112,222,84,6,0,ok
train/11-30/83.jpg,11,30,112,112,112,222,84,6,0,ok
train/11-30/85.jpg,11,30,112,112,222,112,53,128,270,ok
train/11-30/86.jpg,11,30,112,112,209,112,53,128,270,ok
train/11-30/88.jpg,11,30,112,112,112,210,96,53,0,ok
train/11-30/89.jpg,11,30,112,112,112,204,96,53,0,ok
train/11-30/9.jpg,11,30,112,112,112,222,96,53,0,ok
train/11-30/90.jpg,11,30,112,112,112,222,84,6,0,ok
train/11-30/91.jpg,11,30,112,112,2,112,218,84,90,ok
train/11-30/92.jpg,11,30,112,112,112,222,94,44,0,ok
train/11-30/93.jpg,11,30,112,112,112,222,84,6,0,ok
train/11-30/94.jpg,11,30,112,112,28,112,218,84,90,ok
train/11-30/96.jpg,11,30,112,112,112,222,96,53,0,ok
train/11-30/98.jpg,11,30,112,112,112,204,96,53,0,ok
train/11-30/99.jpg,11,30,112,112,112,2,128,170,180,ok
train/11-35/0.jpg,11,35,112,112,162,25,125,170,180,ok
train/11-35/1.jpg,11,35,112,112,207,167,5,136,270,ok
train/11-35/10.jpg,11,35,112,112,192,158,53,125,270,ok
train/11-35/12.jpg,11,35,112,112,57,207,99,52,0,ok
train/11-35/13.jpg,11,35,112,112,66,192,99,52,0,ok
train/11-35/15.jpg,11,35,112,112,158,31,125,172,180,ok
train/11-35/16.jpg,11,35,112,112,57,207,88,5,0,ok
train/11-35/17.jpg,11,35,112,112,59,204,99,52,0,ok
train/11-35/18.jpg,11,35,112,112,207,167,50,126,270,ok
train/11-35/19.jpg,11,35,112,112,57,207,99,52,0,ok
train/11-35/2.jpg,11,35,112,112,192,158,53,125,270,ok
train/11-35/20.jpg,11,35,112,112,60,201,99,52,0,ok
train/11-35/21.jpg,11,35,112,112,66,192,99,52,0,ok
train/11-35/22.jpg,11,35,112,112,196,160,5,136,270,ok
train/11-35/23.jpg,11,35,112,112,57,207,88,5,0,ok
train/11-35/24.jpg,11,35,112,112,193,158,53,125,270,ok
train/11-35/25.jpg,11,35,112,112,207,167,5,136,270,ok
train/11-35/26.jpg,11,35,112,112,204,165,7,135,270,ok
train/11-35/29.jpg,11,35,112,112,57,207,99,52,0,ok
train/11-35/3.jpg,11,35,112,112,167,17,136,219,180,ok
train/11-35/30.jpg,11,35,112,112,66,192,99,52,0,ok
train/11-35/31.jpg,11,35,112,112,57,207,99,52,0,ok
train/11-35/32.jpg,11,35,112,112,57,207,88,5,0,ok
train/11-35/37.jpg,11,35,112,112,150,45,133,207,180,ok
train/11-35/38.jpg,11,35,112,112,158,31,125,170,180,ok
train/11-35/39.jpg,11,35,112,112,207,167,42,128,270,ok
train/11-35/4.jpg,11,35,112,112,57,207,88,5,0,ok
train/11-35/40.jpg,11,35,112,112,57,207,99,52,0,ok
train/11-35/41.jpg,11,35,112,112,57,207,88,5,0,ok
train/11-35/42.jpg,11,35,112,112,167,17,125,170,180,ok
train/11-35/43.jpg,11,35,112,112,57,207,88,5,0,ok
train/11-35/45.jpg,11,35,112,112,61,200,99,52,0,ok
train/11-35/46.jpg,11,35,112,112,192,158,53,125,270,ok
train/11-35/47.jpg,11,35,112,112,57,207,99,52,0,ok
train/11-35/48.jpg,11,35,112,112,57,207,88,5,0,ok
train/11-35/5.jpg,11,35,112,112,57,207,99,52,0,ok
train/11-35/50.jpg,11,35,112,112,167,17,136,219,180,ok
train/11-35/51.jpg,11,35,112,112,167,17,125,170,180,ok
train/11-35/52.jpg,11,35,112,112,17,57,219,88,90,ok
train/11-35/53.jpg,11,35,112,112,57,207,99,52,0,ok
train/11-35/54.jpg,11,35,112,112,57,207,88,5,0,ok
train/11-35/55.jpg,11,35,112,112,57,207,88,5,0,ok
train/11-35/58.jpg,11,35,112,112,19,58,172,99,90,ok
train/11-35/59.jpg,11,35,112,112,167,17,125,170,180,ok
train/11-35/6.jpg,11,35,112,112,57,207,88,5,0,ok
train/11-35/60.jpg,11,35,112,112,162,25,125,170,180,ok
train/11-35/61.jpg,11,35,112,112,66,193,99,52,0,ok
train/11-35/62.jpg,11,35,112,112,64,195,99,52,0,ok
train/11-35/63.jpg,11,35,112,112,64,195,99,52,0,ok
train/11-35/64.jpg,11,35,112,112,57,207,99,52,0,ok
train/11-35/65.jpg,11,35,112,112,17,57,219,88,90,ok
train/11-35/66.jpg,11,35,112,112,64,195,99,52,0,ok
train/11-35/67.jpg,11,35,112,112,207,167,53,125,270,ok
train/11-35/68.jpg,11,35,112,112,31,65,171,99,90,ok
train/11-35/70.jpg,11,35,112,112,57,207,88,6,0,ok
train/11-35/72.jpg,11,35,112,112,58,205,99,52,0,ok
train/11-35/73.jpg,11,35,112,112,167,17,126,174,180,ok
train/11-35/75.jpg,11,35,112,112,31,65,171,99,90,ok
train/11-35/76.jpg,11,35,112,112,156,36,136,218,180,ok
train/11-35/77.jpg,11,35,112,112,57,207,88,5,0,ok
train/11-35/78.jpg,11,35,112,112,31,65,171,99,90,ok
train/11-35/79.jpg,11,35,112,112,207,167,5,136,270,ok
train/11-35/80.jpg,11,35,112,112,17,57,171,99,90,ok
train/11-35/81.jpg,11,35,112,112,57,207,88,5,0,ok
train/11-35/82.jpg,11,35,112,112,57,207,88,5,0,ok
train/11-35/83.jpg,11,35,112,112,57,207,88,5,0,ok
train/11-35/84.jpg,11,35,112,112,207,167,53,125,270,ok
train/11-35/86.jpg,11,35,112,112,193,158,53,125,270,ok
train/11-35/87.jpg,11,35,112,112,193,158,53,125,270,ok
train/11-35/88.jpg,11,35,112,112,192,158,53,125,270,ok
train/11-35/89.jpg,11,35,112,112,192,158,53,125,270,ok
train/11-35/90.jpg,11,35,112,112,57,207,88,5,0,ok
train/11-35/91.jpg,11,35,112,112,57,207,88,5,0,ok
train/11-35/92.jpg,11,35,112,112,17,57,171,99,90,ok
train/11-35/93.jpg,11,35,112,112,57,207,88,5,0,ok
train/11-35/94.jpg,11,35,112,112,207,167,5,136,270,ok
train/11-35/95.jpg,11,35,112,112,207,167,53,125,270,ok
train/11-35/96.jpg,11,35,112,112,17,57,171,99,90,ok
train/11-35/98.jpg,11,35,112,112,63,197,99,52,0,ok
train/11-35/99.jpg,11,35,112,112,66,192,99,52,0,ok
train/11-40/0.jpg,11,40,112,112,60,22,171,102,90,ok
train/11-40/1.jpg,11,40,112,112,17,167,93,4,0,ok
train/11-40/10.jpg,11,40,112,112,17,167,101,52,0,ok
train/11-40/11.jpg,11,40,112,112,17,167,93,4,0,ok
train/11-40/12.jpg,11,40,112,112,160,194,52,123,270,ok
train/11-40/13.jpg,11,40,112,112,192,66,122,171,180,ok
train/11-40/16.jpg,11,40,112,112,17,167,93,4,0,ok
train/11-40/18.jpg,11,40,112,112,32,158,101,48,0,ok
train/11-40/19.jpg,11,40,112,112,17,167,101,52,0,ok
train/11-40/2.jpg,11,40,112,112,167,207,52,123,270,ok
train/11-40/21.jpg,11,40,112,112,65,31,171,102,90,ok
train/11-40/22.jpg,11,40,112,112,206,57,131,220,180,ok
train/11-40/23.jpg,11,40,112,112,17,167,93,4,0,ok
train/11-40/24.jpg,11,40,112,112,17,167,101,52,0,ok
train/11-40/25.jpg,11,40,112,112,207,57,129,210,180,ok
train/11-40/26.jpg,11,40,112,112,165,204,6,131,270,ok
train/11-40/29.jpg,11,40,112,112,17,167,101,52,0,ok
train/11-40/3.jpg,11,40,112,112,17,167,96,19,0,ok
train/11-40/31.jpg,11,40,112,112,17,167,101,52,0,ok
train/11-40/32.jpg,11,40,112,112,17,167,93,4,0,ok
train/11-40/34.jpg,11,40,112,112,17,167,101,52,0,ok
train/11-40/35.jpg,11,40,112,112,166,206,4,131,270,ok
train/11-40/36.jpg,11,40,112,112,57,17,220,93,90,ok
train/11-40/37.jpg,11,40,112,112,17,167,101,51,0,ok
train/11-40/38.jpg,11,40,112,112,32,158,101,52,0,ok
train/11-40/39.jpg,11,40,112,112,207,57,123,177,180,ok
train/11-40/4.jpg,11,40,112,112,57,17,220,93,90,ok
train/11-40/40.jpg,11,40,112,112,57,17,171,102,90,ok
train/11-40/43.jpg,11,40,112,112,17,167,93,4,0,ok
train/11-40/45.jpg,11,40,112,112,196,63,122,171,180,ok
train/11-40/46.jpg,11,40,112,112,32,158,101,52,0,ok
train/11-40/47.jpg,11,40,112,112,207,57,122,171,180,ok
train/11-40/48.jpg,11,40,112,112,17,167,93,4,0,ok
train/11-40/49.jpg,11,40,112,112,57,17,176,101,90,ok
train/11-40/5.jpg,11,40,112,112,18,167,101,52,0,ok
train/11-40/50.jpg,11,40,112,112,57,17,220,93,90,ok
train/11-40/51.jpg,11,40,112,112,17,167,101,52,0,ok
train/11-40/54.jpg,11,40,112,112,17,167,93,4,0,ok
train/11-40/55.jpg,11,40,112,112,17,167,93,4,0,ok
train/11-40/56.jpg,11,40,112,112,24,163,101,52,0,ok
train/11-40/57.jpg,11,40,112,112,17,167,93,4,0,ok
train/11-40/58.jpg,11,40,112,112,160,196,51,123,270,ok
train/11-40/59.jpg,11,40,112,112,193,66,122,171,180,ok
train/11-40/60.jpg,11,40,112,112,158,192,52,123,270,ok
train/11-40/61.jpg,11,40,112,112,63,27,171,102,90,ok
train/11-40/62.jpg,11,40,112,112,28,161,101,52,0,ok
train/11-40/63.jpg,11,40,112,112,198,62,122,171,180,ok
train/11-40/64.jpg,11,40,112,112,167,207,52,123,270,ok
train/11-40/65.jpg,11,40,112,112,166,206,4,131,270,ok
train/11-40/66.jpg,11,40,112,112,32,158,101,50,0,ok
train/11-40/68.jpg,11,40,112,112,160,195,52,123,270,ok
train/11-40/69.jpg,11,40,112,112,207,57,131,220,180,ok
train/11-40/7.jpg,11,40,112,112,57,17,202,96,90,ok
train/11-40/70.jpg,11,40,112,112,17,167,93,4,0,ok
train/11-40/72.jpg,11,40,112,112,20,165,101,52,0,ok
train/11-40/74.jpg,11,40,112,112,17,167,93,4,0,ok
train/11-40/75.jpg,11,40,112,112,32,158,101,52,0,ok
train/11-40/76.jpg,11,40,112,112,156,188,4,131,270,ok
train/11-40/77.jpg,11,40,112,112,17,167,93,4,0,ok
train/11-40/78.jpg,11,40,112,112,18,167,101,52,0,ok
train/11-40/8.jpg,11,40,112,112,200,61,122,171,180,ok
train/11-40/81.jpg,11,40,112,112,17,167,93,4,0,ok
train/11-40/82.jpg,11,40,112,112,17,167,93,4,0,ok
train/11-40/83.jpg,11,40,112,112,17,167,93,4,0,ok
train/11-40/84.jpg,11,40,112,112,167,207,52,123,270,ok
train/11-40/85.jpg,11,40,112,112,207,57,126,191,180,ok
train/11-40/86.jpg,11,40,112,112,30,160,101,52,0,ok
train/11-40/87.jpg,11,40,112,112,57,17,171,102,90,ok
train/11-40/88.jpg,11,40,112,112,196,63,122,171,180,ok
train/11-40/89.jpg,11,40,112,112,207,57,123,174,180,ok
train/11-40/90.jpg,11,40,112,112,17,167,93,4,0,ok
train/11-40/91.jpg,11,40,112,112,17,167,93,4,0,ok
train/11-40/92.jpg,11,40,112,112,167,207,45,124,270,ok
train/11-40/93.jpg,11,40,112,112,17,167,93,4,0,ok
train/11-40/94.jpg,11,40,112,112,166,206,4,131,270,ok
train/11-40/95.jpg,11,40,112,112,19,166,101,52,0,ok
train/11-40/96.jpg,11,40,112,112,167,207,52,123,270,ok
train/11-40/97.jpg,11,40,112,112,17,167,101,52,0,ok
train/11-40/98.jpg,11,40,112,112,32,158,101,52,0,ok
train/11-40/99.jpg,11,40,112,112,32,158,101,52,0,ok
train/11-45/0.jpg,11,45,112,112,112,216,52,120,270,ok
train/11-45/1.jpg,11,45,112,112,2,112,98,3,0,ok
train/11-45/10.jpg,11,45,112,112,2,112,104,51,0,ok
train/11-45/11.jpg,11,45,112,112,2,112,98,3,0,ok
train/11-45/12.jpg,11,45,112,112,112,222,52,120,270,ok
train/11-45/14.jpg,11,45,112,112,2,112,98,3,0,ok
train/11-45/15.jpg,11,45,112,112,19,112,104,50,0,ok
train/11-45/16.jpg,11,45,112,112,2,112,98,3,0,ok
train/11-45/18.jpg,11,45,112,112,2,112,104,49,0,ok
train/11-45/19.jpg,11,45,112,112,112,18,172,104,90,ok
train/11-45/2.jpg,11,45,112,112,112,2,172,104,90,ok
train/11-45/20.jpg,11,45,112,112,112,209,52,120,270,ok
train/11-45/21.jpg,11,45,112,112,15,112,104,51,0,ok
train/11-45/22.jpg,11,45,112,112,2,112,98,3,0,ok
train/11-45/23.jpg,11,45,112,112,2,112,98,3,0,ok
train/11-45/24.jpg,11,45,112,112,2,112,104,51,0,ok
train/11-45/25.jpg,11,45,112,112,112,2,221,98,90,ok
train/11-45/26.jpg,11,45,112,112,197,112,126,217,180,ok
train/11-45/27.jpg,11,45,112,112,2,112,98,3,0,ok
train/11-45/28.jpg,11,45,112,112,2,112,104,51,0,ok
train/11-45/29.jpg,11,45,112,112,2,112,104,51,0,ok
train/11-45/3.jpg,11,45,112,112,112,18,221,98,90,ok
train/11-45/30.jpg,11,45,112,112,112,2,172,104,90,ok
train/11-45/31.jpg,11,45,112,112,112,14,172,104,90,ok
train/11-45/32.jpg,11,45,112,112,112,2,221,98,90,ok
train/11-45/33.jpg,11,45,112,112,112,204,52,120,270,ok
train/11-45/34.jpg,11,45,112,112,217,112,120,171,180,ok
train/11-45/36.jpg,11,45,112,112,112,2,221,98,90,ok
train/11-45/37.jpg,11,45,112,112,13,112,104,51,0,ok
train/11-45/4.jpg,11,45,112,112,2,112,98,3,0,ok
train/11-45/40.jpg,11,45,112,112,2,112,104,48,0,ok
train/11-45/41.jpg,11,45,112,112,2,112,98,3,0,ok
train/11-45/42.jpg,11,45,112,112,222,112,126,221,180,ok
train/11-45/44.jpg,11,45,112,112,112,15,172,104,90,ok
train/11-45/45.jpg,11,45,112,112,15,112,104,51,0,ok
train/11-45/46.jpg,11,45,112,112,9,112,104,51,0,ok
train/11-45/47.jpg,11,45,112,112,112,2,172,104,90,ok
train/11-45/48.jpg,11,45,112,112,2,112,98,3,0,ok
train/11-45/5.jpg,11,45,112,112,19,112,104,51,0,ok
train/11-45/50.jpg,11,45,112,112,222,112,126,221,180,ok
train/11-45/51.jpg,11,45,112,112,2,112,104,51,0,ok
train/11-45/53.jpg,11,45,112,112,112,5,192,101,90,ok
train/11-45/54.jpg,11,45,112,112,2,112,98,3,0,ok
train/11-45/55.jpg,11,45,112,112,222,112,126,221,180,ok
train/11-45/56.jpg,11,45,112,112,212,112,120,171,180,ok
train/11-45/58.jpg,11,45,112,112,222,112,120,172,180,ok
train/11-45/59.jpg,11,45,112,112,112,18,172,104,90,ok
train/11-45/6.jpg,11,45,112,112,2,112,98,3,0,ok
train/11-45/60.jpg,11,45,112,112,11,112,104,51,0,ok
train/11-45/62.jpg,11,45,112,112,112,15,172,104,90,ok
train/11-45/63.jpg,11,45,112,112,19,112,104,51,0,ok
train/11-45/64.jpg,11,45,112,112,218,112,120,171,180,ok
train/11-45/66.jpg,11,45,112,112,11,112,104,51,0,ok
train/11-45/67.jpg,11,45,112,112,112,4,172,104,90,ok
train/11-45/69.jpg,11,45,112,112,2,112,98,3,0,ok
train/11-45/7.jpg,11,45,112,112,112,2,221,98,90,ok
train/11-45/70.jpg,11,45,112,112,2,112,98,3,0,ok
train/11-45/71.jpg,11,45,112,112,2,112,98,3,0,ok
train/11-45/72.jpg,11,45,112,112,5,112,104,51,0,ok
train/11-45/74.jpg,11,45,112,112,2,112,98,3,0,ok
train/11-45/75.jpg,11,45,112,112,112,204,52,120,270,ok
train/11-45/78.jpg,11,45,112,112,112,18,172,104,90,ok
train/11-45/79.jpg,11,45,112,112,2,112,98,3,0,ok
train/11-45/80.jpg,11,45,112,112,112,2,172,104,90,ok
train/11-45/81.jpg,11,45,112,112,2,112,98,3,0,ok
train/11-45/82.jpg,11,45,112,112,112,2,221,98,90,ok
train/11-45/83.jpg,11,45,112,112,2,112,98,3,0,ok
train/11-45/84.jpg,11,45,112,112,2,112,104,51,0,ok
train/11-45/85.jpg,11,45,112,112,19,112,101,25,0,ok
train/11-45/86.jpg,11,45,112,112,18,112,104,51,0,ok
train/11-45/87.jpg,11,45,112,112,222,112,120,171,180,ok
train/11-45/88.jpg,11,45,112,112,211,112,120,171,180,ok
train/11-45/89.jpg,11,45,112,112,2,112,98,3,0,ok
train/11-45/9.jpg,11,45,112,112,112,2,172,104,90,ok
train/11-45/90.jpg,11,45,112,112,2,112,98,3,0,ok
train/11-45/92.jpg,11,45,112,112,2,112,102,37,0,ok
train/11-45/93.jpg,11,45,112,112,2,112,98,3,0,ok
train/11-45/94.jpg,11,45,112,112,112,23,221,98,90,ok
train/11-45/95.jpg,11,45,112,112,4,112,104,51,0,ok
train/11-45/97.jpg,11,45,112,112,16,112,104,51,0,ok
train/11-50/0.jpg,11,50,112,112,21,60,107,51,0,ok
train/11-50/1.jpg,11,50,112,112,207,167,122,222,180,ok
train/11-50/10.jpg,11,50,112,112,167,17,172,107,90,ok
train/11-50/11.jpg,11,50,112,112,17,57,102,2,0,ok
train/11-50/12.jpg,11,50,112,112,207,167,117,175,180,ok
train/11-50/14.jpg,11,50,112,112,17,57,102,2,0,ok
train/11-50/15.jpg,11,50,112,112,31,65,107,49,0,ok
train/11-50/16.jpg,11,50,112,112,17,57,102,2,0,ok
train/11-50/17.jpg,11,50,112,112,163,24,172,107,90,ok
train/11-50/18.jpg,11,50,112,112,17,57,106,48,0,ok
train/11-50/19.jpg,11,50,112,112,167,17,172,107,90,ok
train/11-50/2.jpg,11,50,112,112,27,63,107,51,0,ok
train/11-50/20.jpg,11,50,112,112,27,63,107,51,0,ok
train/11-50/21.jpg,11,50,112,112,31,65,107,51,0,ok
train/11-50/22.jpg,11,50,112,112,164,21,222,102,90,ok
train/11-50/23.jpg,11,50,112,112,17,57,102,2,0,ok
train/11-50/24.jpg,11,50,112,112,17,57,107,51,0,ok
train/11-50/26.jpg,11,50,112,112,165,20,218,103,90,ok
train/11-50/27.jpg,11,50,112,112,17,57,102,2,0,ok
train/11-50/28.jpg,11,50,112,112,17,57,107,51,0,ok
train/11-50/29.jpg,11,50,112,112,17,57,105,32,0,ok
train/11-50/3.jpg,11,50,112,112,65,193,2,122,270,ok
train/11-50/30.jpg,11,50,112,112,158,31,172,107,90,ok
train/11-50/31.jpg,11,50,112,112,17,57,107,51,0,ok
train/11-50/32.jpg,11,50,112,112,57,207,2,122,270,ok
train/11-50/33.jpg,11,50,112,112,193,159,117,171,180,ok
train/11-50/34.jpg,11,50,112,112,160,28,172,107,90,ok
train/11-50/35.jpg,11,50,112,112,206,166,122,222,180,ok
train/11-50/36.jpg,11,50,112,112,17,57,102,2,0,ok
train/11-50/38.jpg,11,50,112,112,31,65,107,51,0,ok
train/11-50/39.jpg,11,50,112,112,167,17,180,106,90,ok
train/11-50/4.jpg,11,50,112,112,167,17,222,102,90,ok
train/11-50/41.jpg,11,50,112,112,207,167,122,222,180,ok
train/11-50/42.jpg,11,50,112,112,57,207,52,117,270,ok
train/11-50/46.jpg,11,50,112,112,66,192,52,117,270,ok
train/11-50/47.jpg,11,50,112,112,26,62,107,51,0,ok
train/11-50/48.jpg,11,50,112,112,17,57,102,2,0,ok
train/11-50/49.jpg,11,50,112,112,193,159,118,176,180,ok
train/11-50/5.jpg,11,50,112,112,18,58,107,51,0,ok
train/11-50/50.jpg,11,50,112,112,167,17,222,102,90,ok
train/11-50/51.jpg,11,50,112,112,17,57,107,51,0,ok
train/11-50/52.jpg,11,50,112,112,167,17,222,102,90,ok
train/11-50/53.jpg,11,50,112,112,166,18,221,103,90,ok
train/11-50/55.jpg,11,50,112,112,167,17,222,102,90,ok
train/11-50/56.jpg,11,50,112,112,23,60,107,51,0,ok
train/11-50/57.jpg,11,50,112,112,207,167,122,222,180,ok
train/11-50/59.jpg,11,50,112,112,167,17,175,107,90,ok
train/11-50/6.jpg,11,50,112,112,17,57,102,2,0,ok
train/11-50/61.jpg,11,50,112,112,31,65,107,51,0,ok
train/11-50/63.jpg,11,50,112,112,17,57,107,51,0,ok
train/11-50/64.jpg,11,50,112,112,207,167,117,171,180,ok
train/11-50/65.jpg,11,50,112,112,206,166,122,222,180,ok
train/11-50/67.jpg,11,50,112,112,17,57,107,51,0,ok
train/11-50/68.jpg,11,50,112,112,28,64,106,47,0,ok
train/11-50/69.jpg,11,50,112,112,167,17,221,103,90,ok
train/11-50/70.jpg,11,50,112,112,167,17,220,103,90,ok
train/11-50/71.jpg,11,50,112,112,17,57,102,2,0,ok
train/11-50/72.jpg,11,50,112,112,19,58,107,51,0,ok
train/11-50/73.jpg,11,50,112,112,17,57,102,2,0,ok
train/11-50/74.jpg,11,50,112,112,17,57,102,2,0,ok
train/11-50/78.jpg,11,50,112,112,28,64,107,51,0,ok
train/11-50/79.jpg,11,50,112,112,17,57,102,2,0,ok
train/11-50/8.jpg,11,50,112,112,64,194,52,117,270,ok
train/11-50/81.jpg,11,50,112,112,17,57,102,2,0,ok
train/11-50/82.jpg,11,50,112,112,17,57,102,2,0,ok
train/11-50/83.jpg,11,50,112,112,167,17,222,102,90,ok
train/11-50/84.jpg,11,50,112,112,17,57,107,51,0,ok
train/11-50/85.jpg,11,50,112,112,17,57,105,26,0,ok
train/11-50/86.jpg,11,50,112,112,161,27,172,107,90,ok
train/11-50/88.jpg,11,50,112,112,27,63,107,50,0,ok
train/11-50/89.jpg,11,50,112,112,17,57,107,51,0,ok
train/11-50/90.jpg,11,50,112,112,167,17,222,102,90,ok
train/11-50/91.jpg,11,50,112,112,167,17,222,102,90,ok
train/11-50/92.jpg,11,50,112,112,57,207,2,122,270,ok
train/11-50/93.jpg,11,50,112,112,17,57,102,2,0,ok
train/11-50/94.jpg,11,50,112,112,167,17,201,104,90,ok
train/11-50/95.jpg,11,50,112,112,167,17,172,107,90,ok
train/11-50/96.jpg,11,50,112,112,17,57,107,51,0,ok
train/11-50/97.jpg,11,50,112,112,158,31,172,107,90,ok
train/11-50/99.jpg,11,50,112,112,57,207,52,117,270,ok
train/11-55/0.jpg,11,55,112,112,61,25,109,51,0,ok
train/11-55/1.jpg,11,55,112,112,57,17,107,2,0,ok
train/11-55/10.jpg,11,55,112,112,167,207,115,171,180,ok
train/11-55/11.jpg,11,55,112,112,57,17,107,2,0,ok
train/11-55/12.jpg,11,55,112,112,57,17,109,33,0,ok
train/11-55/13.jpg,11,55,112,112,17,167,52,115,270,ok
train/11-55/14.jpg,11,55,112,112,57,17,107,2,0,ok
train/11-55/15.jpg,11,55,112,112,32,158,49,115,270,ok
train/11-55/16.jpg,11,55,112,112,57,17,107,2,0,ok
train/11-55/17.jpg,11,55,112,112,161,197,115,171,180,ok
train/11-55/18.jpg,11,55,112,112,57,17,109,41,0,ok
train/11-55/2.jpg,11,55,112,112,65,31,109,51,0,ok
train/11-55/20.jpg,11,55,112,112,196,63,172,109,90,ok
train/11-55/21.jpg,11,55,112,112,22,164,52,115,270,ok
train/11-55/22.jpg,11,55,112,112,57,17,107,2,0,ok
train/11-55/23.jpg,11,55,112,112,57,17,107,2,0,ok
train/11-55/24.jpg,11,55,112,112,57,17,109,51,0,ok
train/11-55/26.jpg,11,55,112,112,165,204,117,218,180,ok
train/11-55/27.jpg,11,55,112,112,57,17,107,2,0,ok
train/11-55/3.jpg,11,55,112,112,207,57,222,107,90,ok
train/11-55/32.jpg,11,55,112,112,207,57,222,107,90,ok
train/11-55/34.jpg,11,55,112,112,17,167,52,115,270,ok
train/11-55/35.jpg,11,55,112,112,57,17,107,2,0,ok
train/11-55/36.jpg,11,55,112,112,17,167,2,117,270,ok
train/11-55/37.jpg,11,55,112,112,172,78,210,108,90,ok
train/11-55/38.jpg,11,55,112,112,32,158,52,115,270,ok
train/11-55/39.jpg,11,55,112,112,207,57,178,109,90,ok
train/11-55/4.jpg,11,55,112,112,57,17,107,2,0,ok
train/11-55/40.jpg,11,55,112,112,57,17,109,38,0,ok
train/11-55/41.jpg,11,55,112,112,207,57,222,107,90,ok
train/11-55/42.jpg,11,55,112,112,57,17,109,45,0,ok
train/11-55/43.jpg,11,55,112,112,57,17,107,2,0,ok
train/11-55/46.jpg,11,55,112,112,65,31,109,51,0,ok
train/11-55/47.jpg,11,55,112,112,32,158,52,115,270,ok
train/11-55/49.jpg,11,55,112,112,32,158,47,115,270,ok
train/11-55/5.jpg,11,55,112,112,192,66,172,109,90,ok
train/11-55/50.jpg,11,55,112,112,207,57,222,107,90,ok
train/11-55/52.jpg,11,55,112,112,57,17,107,2,0,ok
train/11-55/53.jpg,11,55,112,112,166,206,117,221,180,ok
train/11-55/54.jpg,11,55,112,112,57,17,107,2,0,ok
train/11-55/55.jpg,11,55,112,112,57,17,107,2,0,ok
train/11-55/56.jpg,11,55,112,112,192,66,172,109,90,ok
train/11-55/57.jpg,11,55,112,112,57,17,107,2,0,ok
train/11-55/59.jpg,11,55,112,112,62,25,109,40,0,ok
train/11-55/6.jpg,11,55,112,112,57,17,107,2,0,ok
train/11-55/60.jpg,11,55,112,112,207,57,172,109,90,ok
train/11-55/61.jpg,11,55,112,112,192,66,172,109,90,ok
train/11-55/62.jpg,11,55,112,112,196,63,172,109,90,ok
train/11-55/64.jpg,11,55,112,112,193,66,172,109,90,ok
train/11-55/66.jpg,11,55,112,112,57,17,109,50,0,ok
train/11-55/67.jpg,11,55,112,112,162,199,115,171,180,ok
train/11-55/69.jpg,11,55,112,112,207,57,222,107,90,ok
train/11-55/7.jpg,11,55,112,112,57,17,107,2,0,ok
train/11-55/71.jpg,11,55,112,112,167,207,117,222,180,ok
train/11-55/72.jpg,11,55,112,112,58,18,109,51,0,ok
train/11-55/73.jpg,11,55,112,112,158,192,116,197,180,ok
train/11-55/74.jpg,11,55,112,112,57,17,107,2,0,ok
train/11-55/75.jpg,11,55,112,112,192,66,172,109,90,ok
train/11-55/76.jpg,11,55,112,112,156,188,117,220,180,ok
train/11-55/77.jpg,11,55,112,112,17,167,2,117,270,ok
train/11-55/78.jpg,11,55,112,112,64,30,109,51,0,ok
train/11-55/79.jpg,11,55,112,112,167,207,117,222,180,ok
train/11-55/80.jpg,11,55,112,112,207,57,172,109,90,ok
train/11-55/81.jpg,11,55,112,112,57,17,107,2,0,ok
train/11-55/83.jpg,11,55,112,112,57,17,107,2,0,ok
train/11-55/84.jpg,11,55,112,112,32,158,52,115,270,ok
train/11-55/85.jpg,11,55,112,112,65,31,107,2,0,ok
train/11-55/86.jpg,11,55,112,112,63,27,109,51,0,ok
train/11-55/88.jpg,11,55,112,112,62,25,109,49,0,ok
train/11-55/89.jpg,11,55,112,112,167,207,115,171,180,ok
train/11-55/9.jpg,11,55,112,112,57,17,109,51,0,ok
train/11-55/90.jpg,11,55,112,112,57,17,107,2,0,ok
train/11-55/92.jpg,11,55,112,112,57,17,109,36,0,ok
train/11-55/93.jpg,11,55,112,112,57,17,107,2,0,ok
train/11-55/94.jpg,11,55,112,112,22,164,27,116,270,ok
train/11-55/95.jpg,11,55,112,112,60,22,109,51,0,ok
train/11-55/96.jpg,11,55,112,112,57,17,109,51,0,ok
train/11-55/97.jpg,11,55,112,112,65,31,109,51,0,ok
train/11-55/98.jpg,11,55,112,112,57,17,109,49,0,ok
train/11-55/99.jpg,11,55,112,112,167,207,115,171,180,ok
train/12-00/0.jpg,12,0,112,112,112,18,112,18,0,ok
train/12-00/1.jpg,12,0,112,112,112,2,112,2,0,ok
train/12-00/10.jpg,12,0,112,112,112,204,112,204,180,ok
train/12-00/12.jpg,12,0,112,112,222,112,222,112,90,ok
train/12-00/13.jpg,12,0,112,112,112,2,112,2,0,ok
train/12-00/14.jpg,12,0,112,112,112,2,112,2,0,ok
train/12-00/15.jpg,12,0,112,112,18,112,18,112,270,ok
train/12-00/16.jpg,12,0,112,112,112,2,112,2,0,ok
train/12-00/17.jpg,12,0,112,112,112,14,112,14,0,ok
train/12-00/18.jpg,12,0,112,112,112,222,112,222,180,ok
train/12-00/19.jpg,12,0,112,112,222,112,222,112,90,ok
train/12-00/2.jpg,12,0,112,112,112,18,112,18,0,ok
train/12-00/20.jpg,12,0,112,112,112,18,112,18,0,ok
train/12-00/21.jpg,12,0,112,112,112,16,112,16,0,ok
train/12-00/22.jpg,12,0,112,112,112,2,112,2,0,ok
train/12-00/23.jpg,12,0,112,112,222,112,222,112,90,ok
train/12-00/24.jpg,12,0,112,112,2,112,2,112,270,ok
train/12-00/26.jpg,12,0,112,112,218,112,218,112,90,ok
train/12-00/27.jpg,12,0,112,112,112,2,112,2,0,ok
train/12-00/28.jpg,12,0,112,112,19,112,19,112,270,ok
train/12-00/29.jpg,12,0,112,112,112,2,112,2,0,ok
train/12-00/30.jpg,12,0,112,112,112,2,112,2,0,ok
train/12-00/32.jpg,12,0,112,112,112,2,112,2,0,ok
train/12-00/33.jpg,12,0,112,112,112,205,112,205,180,ok
train/12-00/34.jpg,12,0,112,112,19,112,19,112,270,ok
train/12-00/35.jpg,12,0,112,112,112,2,112,2,0,ok
train/12-00/37.jpg,12,0,112,112,112,3,112,3,0,ok
train/12-00/38.jpg,12,0,112,112,19,112,19,112,270,ok
train/12-00/39.jpg,12,0,112,112,112,2,112,2,0,ok
train/12-00/4.jpg,12,0,112,112,112,222,112,222,180,ok
train/12-00/40.jpg,12,0,112,112,112,2,112,2,0,ok
train/12-00/41.jpg,12,0,112,112,2,112,2,112,270,ok
train/12-00/43.jpg,12,0,112,112,112,2,112,2,0,ok
train/12-00/44.jpg,12,0,112,112,112,18,112,18,0,ok
train/12-00/46.jpg,12,0,112,112,112,222,112,222,180,ok
train/12-00/47.jpg,12,0,112,112,205,112,205,112,90,ok
train/12-00/48.jpg,12,0,112,112,112,2,112,2,0,ok
train/12-00/49.jpg,12,0,112,112,112,221,112,221,180,ok
train/12-00/5.jpg,12,0,112,112,112,18,112,18,0,ok
train/12-00/51.jpg,12,0,112,112,112,2,112,2,0,ok
train/12-00/52.jpg,12,0,112,112,222,112,222,112,90,ok
train/12-00/53.jpg,12,0,112,112,112,2,112,2,0,ok
train/12-00/55.jpg,12,0,112,112,222,112,222,112,90,ok
train/12-00/56.jpg,12,0,112,112,209,112,209,112,90,ok
train/12-00/57.jpg,12,0,112,112,112,2,112,2,0,ok
train/12-00/59.jpg,12,0,112,112,112,12,112,12,0,ok
train/12-00/6.jpg,12,0,112,112,112,2,112,2,0,ok
train/12-00/60.jpg,12,0,112,112,112,12,112,12,0,ok
train/12-00/61.jpg,12,0,112,112,112,18,112,18,0,ok
train/12-00/65.jpg,12,0,112,112,112,2,112,2,0,ok
train/12-00/66.jpg,12,0,112,112,112,211,112,211,180,ok
train/12-00/67.jpg,12,0,112,112,222,112,222,112,90,ok
train/12-00/68.jpg,12,0,112,112,112,208,112,208,180,ok
train/12-00/69.jpg,12,0,112,112,112,2,112,2,0,ok
train/12-00/7.jpg,12,0,112,112,112,222,112,222,180,ok
train/12-00/70.jpg,12,0,112,112,112,2,112,2,0,ok
train/12-00/71.jpg,12,0,112,112,112,2,112,2,0,ok
train/12-00/72.jpg,12,0,112,112,112,2,112,2,0,ok
train/12-00/73.jpg,12,0,112,112,112,18,112,18,0,ok
train/12-00/75.jpg,12,0,112,112,112,204,112,204,180,ok
train/12-00/76.jpg,12,0,112,112,220,112,220,112,90,ok
train/12-00/78.jpg,12,0,112,112,112,18,112,18,0,ok
train/12-00/79.jpg,12,0,112,112,112,2,112,2,0,ok
train/12-00/8.jpg,12,0,112,112,206,112,206,112,90,ok
train/12-00/80.jpg,12,0,112,112,205,112,205,112,90,ok
train/12-00/81.jpg,12,0,112,112,112,2,112,2,0,ok
train/12-00/84.jpg,12,0,112,112,19,112,19,112,270,ok
train/12-00/85.jpg,12,0,112,112,112,209,112,209,180,ok
train/12-00/86.jpg,12,0,112,112,205,112,205,112,90,ok
train/12-00/87.jpg,12,0,112,112,112,2,112,2,0,ok
train/12-00/88.jpg,12,0,112,112,112,212,112,212,180,ok
train/12-00/89.jpg,12,0,112,112,112,2,112,2,0,ok
train/12-00/9.jpg,12,0,112,112,2,112,2,112,270,ok
train/12-00/90.jpg,12,0,112,112,112,2,112,2,0,ok
train/12-00/91.jpg,12,0,112,112,112,2,112,2,0,ok
train/12-00/93.jpg,12,0,112,112,112,2,112,2,0,ok
train/12-00/94.jpg,12,0,112,112,205,112,205,112,90,ok
train/12-00/95.jpg,12,0,112,112,112,18,112,18,0,ok
train/12-00/97.jpg,12,0,112,112,205,112,205,112,90,ok
train/12-00/98.jpg,12,0,112,112,112,212,112,212,180,ok
train/12-05/0.jpg,12,5,112,112,66,193,109,172,180,ok
train/12-05/1.jpg,12,5,112,112,167,17,117,2,0,ok
train/12-05/10.jpg,12,5,112,112,159,31,115,52,0,ok
train/12-05/11.jpg,12,5,112,112,207,167,222,117,90,ok
train/12-05/13.jpg,12,5,112,112,17,57,41,109,270,ok
train/12-05/15.jpg,12,5,112,112,160,28,115,49,0,ok
train/12-05/17.jpg,12,5,112,112,163,24,115,52,0,ok
train/12-05/18.jpg,12,5,112,112,167,17,117,2,0,ok
train/12-05/19.jpg,12,5,112,112,158,31,115,52,0,ok
train/12-05/2.jpg,12,5,112,112,167,17,115,52,0,ok
train/12-05/20.jpg,12,5,112,112,197,161,171,115,90,ok
train/12-05/21.jpg,12,5,112,112,167,17,115,52,0,ok
train/12-05/26.jpg,12,5,112,112,59,204,107,219,180,ok
train/12-05/27.jpg,12,5,112,112,167,17,117,2,0,ok
train/12-05/28.jpg,12,5,112,112,57,207,109,172,180,ok
train/12-05/29.jpg,12,5,112,112,167,17,115,42,0,ok
train/12-05/3.jpg,12,5,112,112,57,207,107,222,180,ok
train/12-05/30.jpg,12,5,112,112,66,192,109,172,180,ok
train/12-05/31.jpg,12,5,112,112,158,31,115,52,0,ok
train/12-05/33.jpg,12,5,112,112,194,159,171,115,90,ok
train/12-05/34.jpg,12,5,112,112,57,207,109,172,180,ok
train/12-05/35.jpg,12,5,112,112,57,207,107,222,180,ok
train/12-05/36.jpg,12,5,112,112,167,17,117,2,0,ok
train/12-05/37.jpg,12,5,112,112,27,63,48,109,270,ok
train/12-05/38.jpg,12,5,112,112,192,158,171,115,90,ok
train/12-05/39.jpg,12,5,112,112,31,65,45,109,270,ok
train/12-05/4.jpg,12,5,112,112,167,17,117,2,0,ok
train/12-05/40.jpg,12,5,112,112,17,57,2,107,270,ok
train/12-05/42.jpg,12,5,112,112,57,207,107,222,180,ok
train/12-05/43.jpg,12,5,112,112,57,207,107,222,180,ok
train/12-05/45.jpg,12,5,112,112,163,24,115,52,0,ok
train/12-05/46.jpg,12,5,112,112,158,31,115,52,0,ok
train/12-05/47.jpg,12,5,112,112,160,28,115,52,0,ok
train/12-05/48.jpg,12,5,112,112,167,17,117,2,0,ok
train/12-05/49.jpg,12,5,112,112,57,207,109,176,180,ok
train/12-05/5.jpg,12,5,112,112,166,18,115,52,0,ok
train/12-05/51.jpg,12,5,112,112,167,17,115,52,0,ok
train/12-05/53.jpg,12,5,112,112,166,18,117,2,0,ok
train/12-05/54.jpg,12,5,112,112,167,17,117,2,0,ok
train/12-05/55.jpg,12,5,112,112,207,167,222,117,90,ok
train/12-05/56.jpg,12,5,112,112,161,27,115,52,0,ok
train/12-05/57.jpg,12,5,112,112,57,207,107,222,180,ok
train/12-05/58.jpg,12,5,112,112,167,17,115,51,0,ok
train/12-05/59.jpg,12,5,112,112,57,207,109,172,180,ok
train/12-05/60.jpg,12,5,112,112,161,27,115,52,0,ok
train/12-05/61.jpg,12,5,112,112,158,31,115,52,0,ok
train/12-05/63.jpg,12,5,112,112,206,166,171,115,90,ok
train/12-05/64.jpg,12,5,112,112,66,192,109,172,180,ok
train/12-05/65.jpg,12,5,112,112,207,167,222,117,90,ok
train/12-05/66.jpg,12,5,112,112,161,27,115,50,0,ok
train/12-05/67.jpg,12,5,112,112,167,17,115,52,0,ok
train/12-05/68.jpg,12,5,112,112,158,31,116,23,0,ok
train/12-05/69.jpg,12,5,112,112,167,17,117,2,0,ok
train/12-05/7.jpg,12,5,112,112,164,23,117,2,0,ok
train/12-05/70.jpg,12,5,112,112,167,17,117,3,0,ok
train/12-05/72.jpg,12,5,112,112,167,17,115,52,0,ok
train/12-05/73.jpg,12,5,112,112,31,65,20,108,270,ok
train/12-05/74.jpg,12,5,112,112,167,17,117,2,0,ok
train/12-05/75.jpg,12,5,112,112,162,25,115,52,0,ok
train/12-05/77.jpg,12,5,112,112,207,167,222,117,90,ok
train/12-05/78.jpg,12,5,112,112,158,31,115,52,0,ok
train/12-05/79.jpg,12,5,112,112,57,207,107,222,180,ok
train/12-05/8.jpg,12,5,112,112,63,197,109,172,180,ok
train/12-05/80.jpg,12,5,112,112,17,57,51,109,270,ok
train/12-05/81.jpg,12,5,112,112,167,17,117,2,0,ok
train/12-05/82.jpg,12,5,112,112,17,57,2,107,270,ok
train/12-05/83.jpg,12,5,112,112,167,17,117,2,0,ok
train/12-05/84.jpg,12,5,112,112,167,17,115,52,0,ok
train/12-05/86.jpg,12,5,112,112,65,193,109,172,180,ok
train/12-05/87.jpg,12,5,112,112,158,31,115,52,0,ok
train/12-05/88.jpg,12,5,112,112,63,197,109,174,180,ok
train/12-05/90.jpg,12,5,112,112,167,17,117,2,0,ok
train/12-05/91.jpg,12,5,112,112,167,17,117,2,0,ok
train/12-05/92.jpg,12,5,112,112,167,17,117,2,0,ok
train/12-05/93.jpg,12,5,112,112,167,17,117,2,0,ok
train/12-05/94.jpg,12,5,112,112,60,202,108,203,180,ok
train/12-05/95.jpg,12,5,112,112,167,17,115,52,0,ok
train/12-05/96.jpg,12,5,112,112,167,17,115,52,0,ok
train/12-05/97.jpg,12,5,112,112,159,31,115,52,0,ok
train/12-05/98.jpg,12,5,112,112,27,63,49,109,270,ok
train/12-10/0.jpg,12,10,112,112,192,66,117,52,0,ok
train/12-10/1.jpg,12,10,112,112,57,17,2,102,270,ok
train/12-10/10.jpg,12,10,112,112,194,64,117,52,0,ok
train/12-10/12.jpg,12,10,112,112,32,158,105,190,180,ok
train/12-10/13.jpg,12,10,112,112,158,193,188,119,90,ok
train/12-10/14.jpg,12,10,112,112,167,207,222,122,90,ok
train/12-10/15.jpg,12,10,112,112,193,65,117,49,0,ok
train/12-10/17.jpg,12,10,112,112,60,22,51,107,270,ok
train/12-10/18.jpg,12,10,112,112,207,57,122,2,0,ok
train/12-10/2.jpg,12,10,112,112,158,192,171,117,90,ok
train/12-10/20.jpg,12,10,112,112,161,197,171,117,90,ok
train/12-10/22.jpg,12,10,112,112,17,167,102,222,180,ok
train/12-10/23.jpg,12,10,112,112,207,57,122,2,0,ok
train/12-10/24.jpg,12,10,112,112,207,57,117,52,0,ok
train/12-10/26.jpg,12,10,112,112,65,31,5,103,270,ok
train/12-10/27.jpg,12,10,112,112,207,57,122,2,0,ok
train/12-10/28.jpg,12,10,112,112,192,66,117,52,0,ok
train/12-10/29.jpg,12,10,112,112,167,207,189,119,90,ok
train/12-10/31.jpg,12,10,112,112,192,66,117,52,0,ok
train/12-10/32.jpg,12,10,112,112,17,167,102,222,180,ok
train/12-10/33.jpg,12,10,112,112,193,65,117,52,0,ok
train/12-10/34.jpg,12,10,112,112,64,30,51,107,270,ok
train/12-10/37.jpg,12,10,112,112,196,63,117,50,0,ok
train/12-10/38.jpg,12,10,112,112,192,66,117,52,0,ok
train/12-10/39.jpg,12,10,112,112,158,193,181,118,90,ok
train/12-10/4.jpg,12,10,112,112,57,17,2,102,270,ok
train/12-10/41.jpg,12,10,112,112,167,207,222,122,90,ok
train/12-10/42.jpg,12,10,112,112,57,17,2,102,270,ok
train/12-10/43.jpg,12,10,112,112,207,57,122,2,0,ok
train/12-10/44.jpg,12,10,112,112,192,66,117,52,0,ok
train/12-10/48.jpg,12,10,112,112,207,57,122,2,0,ok
train/12-10/49.jpg,12,10,112,112,57,17,47,106,270,ok
train/12-10/5.jpg,12,10,112,112,193,66,117,52,0,ok
train/12-10/50.jpg,12,10,112,112,17,167,102,222,180,ok
train/12-10/51.jpg,12,10,112,112,207,57,117,52,0,ok
train/12-10/52.jpg,12,10,112,112,167,207,222,122,90,ok
train/12-10/53.jpg,12,10,112,112,60,22,2,102,270,ok
train/12-10/54.jpg,12,10,112,112,207,57,122,2,0,ok
train/12-10/55.jpg,12,10,112,112,207,57,122,2,0,ok
train/12-10/56.jpg,12,10,112,112,61,24,51,107,270,ok
train/12-10/57.jpg,12,10,112,112,207,57,122,2,0,ok
train/12-10/58.jpg,12,10,112,112,17,167,107,172,180,ok
train/12-10/59.jpg,12,10,112,112,17,167,107,172,180,ok
train/12-10/6.jpg,12,10,112,112,207,57,122,2,0,ok
train/12-10/60.jpg,12,10,112,112,200,61,117,52,0,ok
train/12-10/61.jpg,12,10,112,112,204,59,117,52,0,ok
train/12-10/62.jpg,12,10,112,112,64,29,51,107,270,ok
train/12-10/63.jpg,12,10,112,112,194,64,117,52,0,ok
train/12-10/65.jpg,12,10,112,112,17,167,102,222,180,ok
train/12-10/66.jpg,12,10,112,112,198,62,117,51,0,ok
train/12-10/67.jpg,12,10,112,112,207,57,117,52,0,ok
train/12-10/68.jpg,12,10,112,112,158,192,176,118,90,ok
train/12-10/69.jpg,12,10,112,112,17,167,102,222,180,ok
train/12-10/7.jpg,12,10,112,112,207,57,122,2,0,ok
train/12-10/70.jpg,12,10,112,112,206,57,121,3,0,ok
train/12-10/71.jpg,12,10,112,112,167,207,222,122,90,ok
train/12-10/72.jpg,12,10,112,112,207,57,117,52,0,ok
train/12-10/73.jpg,12,10,112,112,207,57,120,19,0,ok
train/12-10/74.jpg,12,10,112,112,207,57,122,2,0,ok
train/12-10/75.jpg,12,10,112,112,201,60,117,52,0,ok
train/12-10/76.jpg,12,10,112,112,35,157,103,220,180,ok
train/12-10/77.jpg,12,10,112,112,17,167,102,222,180,ok
train/12-10/78.jpg,12,10,112,112,17,167,107,172,180,ok
train/12-10/79.jpg,12,10,112,112,207,57,122,2,0,ok
train/12-10/8.jpg,12,10,112,112,32,158,107,172,180,ok
train/12-10/80.jpg,12,10,112,112,192,66,117,52,0,ok
train/12-10/82.jpg,12,10,112,112,167,207,222,122,90,ok
train/12-10/83.jpg,12,10,112,112,167,207,222,122,90,ok
train/12-10/84.jpg,12,10,112,112,207,57,117,52,0,ok
train/12-10/85.jpg,12,10,112,112,207,57,120,25,0,ok
train/12-10/87.jpg,12,10,112,112,207,57,117,52,0,ok
train/12-10/89.jpg,12,10,112,112,57,17,47,106,270,ok
train/12-10/91.jpg,12,10,112,112,167,207,222,122,90,ok
train/12-10/92.jpg,12,10,112,112,17,167,106,186,180,ok
train/12-10/93.jpg,12,10,112,112,207,57,122,2,0,ok
train/12-10/94.jpg,12,10,112,112,59,21,35,105,270,ok
train/12-10/96.jpg,12,10,112,112,32,158,107,172,180,ok
train/12-10/97.jpg,12,10,112,112,198,62,117,52,0,ok
train/12-10/98.jpg,12,10,112,112,25,163,104,199,180,ok
train/12-10/99.jpg,12,10,112,112,65,31,51,107,270,ok
train/12-15/0.jpg,12,15,112,112,9,112,104,172,180,ok
train/12-15/10.jpg,12,15,112,112,207,112,120,52,0,ok
train/12-15/12.jpg,12,15,112,112,112,204,190,122,90,ok
train/12-15/13.jpg,12,15,112,112,222,112,123,28,0,ok
train/12-15/14.jpg,12,15,112,112,222,112,126,3,0,ok
train/12-15/15.jpg,12,15,112,112,205,112,120,49,0,ok
train/12-15/16.jpg,12,15,112,112,222,112,126,3,0,ok
train/12-15/17.jpg,12,15,112,112,216,112,120,52,0,ok
train/12-15/18.jpg,12,15,112,112,4,112,98,221,180,ok
train/12-15/19.jpg,12,15,112,112,205,112,120,52,0,ok
train/12-15/2.jpg,12,15,112,112,112,2,51,104,270,ok
train/12-15/21.jpg,12,15,112,112,210,112,120,52,0,ok
train/12-15/23.jpg,12,15,112,112,222,112,126,3,0,ok
train/12-15/24.jpg,12,15,112,112,112,2,51,104,270,ok
train/12-15/25.jpg,12,15,112,112,222,112,123,29,0,ok
train/12-15/26.jpg,12,15,112,112,5,112,98,218,180,ok
train/12-15/27.jpg,12,15,112,112,222,112,126,3,0,ok
train/12-15/28.jpg,12,15,112,112,222,112,120,52,0,ok
train/12-15/29.jpg,12,15,112,112,112,2,51,104,270,ok
train/12-15/30.jpg,12,15,112,112,19,112,104,172,180,ok
train/12-15/31.jpg,12,15,112,112,209,112,120,52,0,ok
train/12-15/32.jpg,12,15,112,112,222,112,126,3,0,ok
train/12-15/35.jpg,12,15,112,112,222,112,126,3,0,ok
train/12-15/36.jpg,12,15,112,112,222,112,126,3,0,ok
train/12-15/37.jpg,12,15,112,112,112,3,41,103,270,ok
train/12-15/38.jpg,12,15,112,112,221,112,120,52,0,ok
train/12-15/39.jpg,12,15,112,112,112,17,34,102,270,ok
train/12-15/4.jpg,12,15,112,112,2,112,98,221,180,ok
train/12-15/40.jpg,12,15,112,112,222,112,122,33,0,ok
train/12-15/41.jpg,12,15,112,112,112,2,3,98,270,ok
train/12-15/42.jpg,12,15,112,112,112,222,176,120,90,ok
train/12-15/43.jpg,12,15,112,112,222,112,126,3,0,ok
train/12-15/44.jpg,12,15,112,112,222,112,120,52,0,ok
train/12-15/46.jpg,12,15,112,112,112,16,51,104,270,ok
train/12-15/47.jpg,12,15,112,112,222,112,120,52,0,ok
train/12-15/49.jpg,12,15,112,112,222,112,121,47,0,ok
train/12-15/5.jpg,12,15,112,112,222,112,120,52,0,ok
train/12-15/50.jpg,12,15,112,112,222,112,126,3,0,ok
train/12-15/53.jpg,12,15,112,112,112,2,3,98,270,ok
train/12-15/55.jpg,12,15,112,112,222,112,126,3,0,ok
train/12-15/56.jpg,12,15,112,112,205,112,120,52,0,ok
train/12-15/57.jpg,12,15,112,112,222,112,126,3,0,ok
train/12-15/59.jpg,12,15,112,112,19,112,104,172,180,ok
train/12-15/6.jpg,12,15,112,112,222,112,126,3,0,ok
train/12-15/60.jpg,12,15,112,112,213,112,120,52,0,ok
train/12-15/61.jpg,12,15,112,112,221,112,120,52,0,ok
train/12-15/62.jpg,12,15,112,112,17,112,104,172,180,ok
train/12-15/65.jpg,12,15,112,112,112,222,221,126,90,ok
train/12-15/66.jpg,12,15,112,112,213,112,120,51,0,ok
train/12-15/68.jpg,12,15,112,112,112,204,171,120,90,ok
train/12-15/69.jpg,12,15,112,112,222,112,126,3,0,ok
train/12-15/7.jpg,12,15,112,112,112,222,182,121,90,ok
train/12-15/70.jpg,12,15,112,112,2,112,98,221,180,ok
train/12-15/71.jpg,12,15,112,112,112,2,3,98,270,ok
train/12-15/72.jpg,12,15,112,112,112,222,171,120,90,ok
train/12-15/73.jpg,12,15,112,112,2,112,103,183,180,ok
train/12-15/74.jpg,12,15,112,112,222,112,126,3,0,ok
train/12-15/76.jpg,12,15,112,112,3,112,98,219,180,ok
train/12-15/77.jpg,12,15,112,112,112,2,3,98,270,ok
train/12-15/78.jpg,12,15,112,112,112,222,171,120,90,ok
train/12-15/79.jpg,12,15,112,112,112,222,198,123,90,ok
train/12-15/80.jpg,12,15,112,112,112,222,171,120,90,ok
train/12-15/81.jpg,12,15,112,112,222,112,126,3,0,ok
train/12-15/82.jpg,12,15,112,112,2,112,98,221,180,ok
train/12-15/83.jpg,12,15,112,112,222,112,126,3,0,ok
train/12-15/84.jpg,12,15,112,112,112,204,171,120,90,ok
train/12-15/85.jpg,12,15,112,112,222,112,121,41,0,ok
train/12-15/86.jpg,12,15,112,112,205,112,120,52,0,ok
train/12-15/87.jpg,12,15,112,112,222,112,120,52,0,ok
train/12-15/88.jpg,12,15,112,112,12,112,104,173,180,ok
train/12-15/89.jpg,12,15,112,112,222,112,121,47,0,ok
train/12-15/9.jpg,12,15,112,112,15,112,104,172,180,ok
train/12-15/90.jpg,12,15,112,112,222,112,126,3,0,ok
train/12-15/92.jpg,12,15,112,112,112,2,3,98,270,ok
train/12-15/93.jpg,12,15,112,112,222,112,126,3,0,ok
train/12-15/94.jpg,12,15,112,112,222,112,121,46,0,ok
train/12-15/95.jpg,12,15,112,112,5,112,104,172,180,ok
train/12-15/96.jpg,12,15,112,112,2,112,104,172,180,ok
train/12-15/97.jpg,12,15,112,112,112,209,171,120,90,ok
train/12-15/98.jpg,12,15,112,112,212,112,120,50,0,ok
train/12-20/0.jpg,12,20,112,112,199,162,123,52,0,ok
train/12-20/1.jpg,12,20,112,112,57,207,220,131,90,ok
train/12-20/11.jpg,12,20,112,112,207,167,131,4,0,ok
train/12-20/12.jpg,12,20,112,112,66,192,188,125,90,ok
train/12-20/14.jpg,12,20,112,112,207,167,131,4,0,ok
train/12-20/15.jpg,12,20,112,112,31,65,101,173,180,ok
train/12-20/16.jpg,12,20,112,112,207,167,131,4,0,ok
train/12-20/17.jpg,12,20,112,112,203,164,123,52,0,ok
train/12-20/18.jpg,12,20,112,112,167,17,47,101,270,ok
train/12-20/19.jpg,12,20,112,112,207,167,123,52,0,ok
train/12-20/2.jpg,12,20,112,112,192,158,123,52,0,ok
train/12-20/20.jpg,12,20,112,112,195,160,123,52,0,ok
train/12-20/22.jpg,12,20,112,112,206,166,131,4,0,ok
train/12-20/23.jpg,12,20,112,112,17,57,93,220,180,ok
train/12-20/24.jpg,12,20,112,112,207,167,123,52,0,ok
train/12-20/25.jpg,12,20,112,112,207,167,130,13,0,ok
train/12-20/27.jpg,12,20,112,112,207,167,131,4,0,ok
train/12-20/28.jpg,12,20,112,112,57,207,171,122,90,ok
train/12-20/29.jpg,12,20,112,112,57,207,172,123,90,ok
train/12-20/3.jpg,12,20,112,112,207,167,131,4,0,ok
train/12-20/30.jpg,12,20,112,112,158,31,52,101,270,ok
train/12-20/32.jpg,12,20,112,112,207,167,131,4,0,ok
train/12-20/33.jpg,12,20,112,112,193,159,123,52,0,ok
train/12-20/34.jpg,12,20,112,112,192,158,123,52,0,ok
train/12-20/35.jpg,12,20,112,112,166,18,4,93,270,ok
train/12-20/36.jpg,12,20,112,112,207,167,131,4,0,ok
train/12-20/38.jpg,12,20,112,112,192,158,123,52,0,ok
train/12-20/4.jpg,12,20,112,112,167,17,4,93,270,ok
train/12-20/40.jpg,12,20,112,112,17,57,101,177,180,ok
train/12-20/42.jpg,12,20,112,112,167,17,52,101,270,ok
train/12-20/43.jpg,12,20,112,112,17,57,93,220,180,ok
train/12-20/44.jpg,12,20,112,112,17,57,102,171,180,ok
train/12-20/45.jpg,12,20,112,112,28,64,102,171,180,ok
train/12-20/46.jpg,12,20,112,112,192,158,123,52,0,ok
train/12-20/47.jpg,12,20,112,112,17,57,102,171,180,ok
train/12-20/49.jpg,12,20,112,112,158,31,47,101,270,ok
train/12-20/5.jpg,12,20,112,112,31,65,102,171,180,ok
train/12-20/50.jpg,12,20,112,112,207,167,131,4,0,ok
train/12-20/51.jpg,12,20,112,112,167,17,52,101,270,ok
train/12-20/52.jpg,12,20,112,112,207,167,131,4,0,ok
train/12-20/53.jpg,12,20,112,112,167,17,4,93,270,ok
train/12-20/54.jpg,12,20,112,112,207,167,131,4,0,ok
train/12-20/55.jpg,12,20,112,112,207,167,131,4,0,ok
train/12-20/57.jpg,12,20,112,112,207,167,131,4,0,ok
train/12-20/58.jpg,12,20,112,112,167,17,51,101,270,ok
train/12-20/59.jpg,12,20,112,112,62,198,171,122,90,ok
train/12-20/6.jpg,12,20,112,112,207,167,131,4,0,ok
train/12-20/60.jpg,12,20,112,112,197,161,123,52,0,ok
train/12-20/61.jpg,12,20,112,112,65,193,171,122,90,ok
train/12-20/62.jpg,12,20,112,112,207,167,123,52,0,ok
train/12-20/65.jpg,12,20,112,112,57,207,220,131,90,ok
train/12-20/66.jpg,12,20,112,112,200,163,123,52,0,ok
train/12-20/68.jpg,12,20,112,112,192,158,123,52,0,ok
train/12-20/7.jpg,12,20,112,112,207,167,125,40,0,ok
train/12-20/70.jpg,12,20,112,112,17,57,93,220,180,ok
train/12-20/71.jpg,12,20,112,112,57,206,220,131,90,ok
train/12-20/72.jpg,12,20,112,112,167,17,52,101,270,ok
train/12-20/73.jpg,12,20,112,112,17,57,98,194,180,ok
train/12-20/74.jpg,12,20,112,112,207,167,131,4,0,ok
train/12-20/75.jpg,12,20,112,112,63,196,171,122,90,ok
train/12-20/76.jpg,12,20,112,112,68,189,219,131,90,ok
train/12-20/77.jpg,12,20,112,112,57,207,220,131,90,ok
train/12-20/78.jpg,12,20,112,112,192,158,123,52,0,ok
train/12-20/79.jpg,12,20,112,112,167,17,4,93,270,ok
train/12-20/80.jpg,12,20,112,112,57,207,171,122,90,ok
train/12-20/81.jpg,12,20,112,112,207,167,131,4,0,ok
train/12-20/82.jpg,12,20,112,112,207,167,131,4,0,ok
train/12-20/84.jpg,12,20,112,112,17,57,102,171,180,ok
train/12-20/86.jpg,12,20,112,112,160,30,52,101,270,ok
train/12-20/87.jpg,12,20,112,112,17,57,102,171,180,ok
train/12-20/88.jpg,12,20,112,112,24,61,101,172,180,ok
train/12-20/90.jpg,12,20,112,112,207,167,131,4,0,ok
train/12-20/91.jpg,12,20,112,112,207,167,131,4,0,ok
train/12-20/92.jpg,12,20,112,112,207,167,124,46,0,ok
train/12-20/93.jpg,12,20,112,112,207,167,131,4,0,ok
train/12-20/94.jpg,12,20,112,112,57,207,220,131,90,ok
train/12-20/95.jpg,12,20,112,112,204,165,123,52,0,ok
train/12-20/96.jpg,12,20,112,112,17,57,102,171,180,ok
train/12-20/98.jpg,12,20,112,112,24,61,101,172,180,ok
train/12-20/99.jpg,12,20,112,112,192,158,123,52,0,ok
train/12-25/0.jpg,12,25,112,112,163,200,125,53,0,ok
train/12-25/1.jpg,12,25,112,112,167,207,136,5,0,ok
train/12-25/10.jpg,12,25,112,112,207,57,52,99,270,ok
train/12-25/11.jpg,12,25,112,112,17,167,219,136,90,ok
train/12-25/12.jpg,12,25,112,112,167,207,126,48,0,ok
train/12-25/13.jpg,12,25,112,112,192,66,52,99,270,ok
train/12-25/14.jpg,12,25,112,112,167,207,136,5,0,ok
train/12-25/15.jpg,12,25,112,112,193,65,50,98,270,ok
train/12-25/16.jpg,12,25,112,112,167,207,136,5,0,ok
train/12-25/18.jpg,12,25,112,112,17,167,172,125,90,ok
train/12-25/19.jpg,12,25,112,112,167,207,125,53,0,ok
train/12-25/2.jpg,12,25,112,112,64,30,99,171,180,ok
train/12-25/20.jpg,12,25,112,112,163,200,125,53,0,ok
train/12-25/21.jpg,12,25,112,112,167,207,125,53,0,ok
train/12-25/22.jpg,12,25,112,112,166,206,136,5,0,ok
train/12-25/24.jpg,12,25,112,112,167,207,125,53,0,ok
train/12-25/25.jpg,12,25,112,112,207,57,5,88,270,ok
train/12-25/28.jpg,12,25,112,112,158,192,125,53,0,ok
train/12-25/29.jpg,12,25,112,112,167,207,125,52,0,ok
train/12-25/31.jpg,12,25,112,112,167,207,125,53,0,ok
train/12-25/32.jpg,12,25,112,112,167,207,136,5,0,ok
train/12-25/33.jpg,12,25,112,112,159,193,125,53,0,ok
train/12-25/34.jpg,12,25,112,112,28,161,170,125,90,ok
train/12-25/35.jpg,12,25,112,112,167,207,136,5,0,ok
train/12-25/36.jpg,12,25,112,112,167,207,136,5,0,ok
train/12-25/37.jpg,12,25,112,112,207,57,52,99,270,ok
train/12-25/38.jpg,12,25,112,112,32,158,170,125,90,ok
train/12-25/39.jpg,12,25,112,112,57,17,98,174,180,ok
train/12-25/40.jpg,12,25,112,112,17,167,170,125,90,ok
train/12-25/41.jpg,12,25,112,112,167,207,136,5,0,ok
train/12-25/42.jpg,12,25,112,112,57,17,99,171,180,ok
train/12-25/43.jpg,12,25,112,112,17,167,219,136,90,ok
train/12-25/44.jpg,12,25,112,112,167,207,125,53,0,ok
train/12-25/45.jpg,12,25,112,112,162,199,125,53,0,ok
train/12-25/46.jpg,12,25,112,112,192,66,52,99,270,ok
train/12-25/47.jpg,12,25,112,112,64,29,99,171,180,ok
train/12-25/50.jpg,12,25,112,112,17,167,219,136,90,ok
train/12-25/51.jpg,12,25,112,112,57,17,99,171,180,ok
train/12-25/52.jpg,12,25,112,112,207,57,5,88,270,ok
train/12-25/53.jpg,12,25,112,112,57,17,96,186,180,ok
train/12-25/54.jpg,12,25,112,112,167,207,136,5,0,ok
train/12-25/56.jpg,12,25,112,112,65,31,99,171,180,ok
train/12-25/57.jpg,12,25,112,112,57,17,88,219,180,ok
train/12-25/58.jpg,12,25,112,112,61,24,99,172,180,ok
train/12-25/59.jpg,12,25,112,112,207,57,46,97,270,ok
train/12-25/6.jpg,12,25,112,112,167,207,136,5,0,ok
train/12-25/60.jpg,12,25,112,112,65,31,99,171,180,ok
train/12-25/63.jpg,12,25,112,112,27,161,170,125,90,ok
train/12-25/65.jpg,12,25,112,112,57,17,88,219,180,ok
train/12-25/66.jpg,12,25,112,112,167,207,125,53,0,ok
train/12-25/67.jpg,12,25,112,112,17,167,170,125,90,ok
train/12-25/69.jpg,12,25,112,112,167,207,136,5,0,ok
train/12-25/7.jpg,12,25,112,112,167,207,126,49,0,ok
train/12-25/70.jpg,12,25,112,112,57,17,88,219,180,ok
train/12-25/71.jpg,12,25,112,112,17,167,218,136,90,ok
train/12-25/72.jpg,12,25,112,112,167,207,125,53,0,ok
train/12-25/74.jpg,12,25,112,112,167,207,136,5,0,ok
train/12-25/75.jpg,12,25,112,112,160,194,125,53,0,ok
train/12-25/76.jpg,12,25,112,112,35,157,218,136,90,ok
train/12-25/77.jpg,12,25,112,112,167,207,136,5,0,ok
train/12-25/78.jpg,12,25,112,112,192,66,52,99,270,ok
train/12-25/79.jpg,12,25,112,112,17,167,219,136,90,ok
train/12-25/8.jpg,12,25,112,112,159,193,125,53,0,ok
train/12-25/80.jpg,12,25,112,112,198,62,52,99,270,ok
train/12-25/81.jpg,12,25,112,112,167,207,136,5,0,ok
train/12-25/82.jpg,12,25,112,112,17,167,219,136,90,ok
train/12-25/83.jpg,12,25,112,112,167,207,136,5,0,ok
train/12-25/86.jpg,12,25,112,112,63,28,99,171,180,ok
train/12-25/87.jpg,12,25,112,112,167,207,125,53,0,ok
train/12-25/88.jpg,12,25,112,112,22,164,171,125,90,ok
train/12-25/9.jpg,12,25,112,112,203,59,52,99,270,ok
train/12-25/90.jpg,12,25,112,112,167,207,136,5,0,ok
train/12-25/92.jpg,12,25,112,112,167,207,136,5,0,ok
train/12-25/93.jpg,12,25,112,112,167,207,136,5,0,ok
train/12-25/94.jpg,12,25,112,112,166,206,136,5,0,ok
train/12-25/95.jpg,12,25,112,112,57,17,99,171,180,ok
train/12-25/96.jpg,12,25,112,112,167,207,125,53,0,ok
train/12-25/97.jpg,12,25,112,112,194,64,52,99,270,ok
train/12-25/98.jpg,12,25,112,112,17,167,170,125,90,ok
train/12-25/99.jpg,12,25,112,112,32,158,170,125,90,ok
train/12-30/0.jpg,12,30,112,112,112,215,128,53,0,ok
train/12-30/1.jpg,12,30,112,112,222,112,6,84,270,ok
train/12-30/11.jpg,12,30,112,112,222,112,6,84,270,ok
train/12-30/13.jpg,12,30,112,112,222,112,49,95,270,ok
train/12-30/14.jpg,12,30,112,112,112,222,140,6,0,ok
train/12-30/15.jpg,12,30,112,112,112,205,128,51,0,ok
train/12-30/17.jpg,12,30,112,112,112,204,128,53,0,ok
train/12-30/18.jpg,12,30,112,112,2,112,172,128,90,ok
train/12-30/19.jpg,12,30,112,112,112,222,128,53,0,ok
train/12-30/2.jpg,12,30,112,112,222,112,53,96,270,ok
train/12-30/20.jpg,12,30,112,112,112,8,96,170,180,ok
train/12-30/21.jpg,12,30,112,112,112,204,128,53,0,ok
train/12-30/22.jpg,12,30,112,112,112,222,140,6,0,ok
train/12-30/23.jpg,12,30,112,112,2,112,218,140,90,ok
train/12-30/24.jpg,12,30,112,112,112,2,96,170,180,ok
train/12-30/25.jpg,12,30,112,112,222,112,6,84,270,ok
train/12-30/26.jpg,12,30,112,112,5,112,215,140,90,ok
train/12-30/27.jpg,12,30,112,112,112,222,140,6,0,ok
train/12-30/28.jpg,12,30,112,112,112,18,96,170,180,ok
train/12-30/29.jpg,12,30,112,112,2,112,171,128,90,ok
train/12-30/3.jpg,12,30,112,112,112,222,140,6,0,ok
train/12-30/30.jpg,12,30,112,112,112,204,128,53,0,ok
train/12-30/31.jpg,12,30,112,112,112,204,128,53,0,ok
train/12-30/32.jpg,12,30,112,112,112,222,140,6,0,ok
train/12-30/33.jpg,12,30,112,112,112,222,128,53,0,ok
train/12-30/34.jpg,12,30,112,112,112,222,128,53,0,ok
train/12-30/36.jpg,12,30,112,112,112,222,140,6,0,ok
train/12-30/37.jpg,12,30,112,112,112,3,86,208,180,ok
train/12-30/38.jpg,12,30,112,112,112,2,96,170,180,ok
train/12-30/39.jpg,12,30,112,112,112,205,129,50,0,ok
train/12-30/4.jpg,12,30,112,112,112,222,140,6,0,ok
train/12-30/42.jpg,12,30,112,112,112,2,96,170,180,ok
train/12-30/44.jpg,12,30,112,112,2,112,170,128,90,ok
train/12-30/46.jpg,12,30,112,112,112,2,96,170,180,ok
train/12-30/47.jpg,12,30,112,112,112,207,128,53,0,ok
train/12-30/49.jpg,12,30,112,112,112,204,129,49,0,ok
train/12-30/5.jpg,12,30,112,112,19,112,170,128,90,ok
train/12-30/50.jpg,12,30,112,112,112,222,140,6,0,ok
train/12-30/51.jpg,12,30,112,112,222,112,53,96,270,ok
train/12-30/53.jpg,12,30,112,112,112,2,92,186,180,ok
train/12-30/54.jpg,12,30,112,112,112,222,140,6,0,ok
train/12-30/55.jpg,12,30,112,112,112,222,140,6,0,ok
train/12-30/58.jpg,12,30,112,112,112,3,96,172,180,ok
train/12-30/59.jpg,12,30,112,112,112,204,130,46,0,ok
train/12-30/6.jpg,12,30,112,112,112,222,140,6,0,ok
train/12-30/61.jpg,12,30,112,112,112,204,128,53,0,ok
train/12-30/62.jpg,12,30,112,112,112,222,128,53,0,ok
train/12-30/64.jpg,12,30,112,112,112,222,128,53,0,ok
train/12-30/65.jpg,12,30,112,112,112,2,84,218,180,ok
train/12-30/66.jpg,12,30,112,112,112,204,129,50,0,ok
train/12-30/67.jpg,12,30,112,112,112,2,96,170,180,ok
train/12-30/68.jpg,12,30,112,112,19,112,170,128,90,ok
train/12-30/69.jpg,12,30,112,112,112,222,140,6,0,ok
train/12-30/7.jpg,12,30,112,112,222,112,53,96,270,ok
train/12-30/71.jpg,12,30,112,112,112,222,140,6,0,ok
train/12-30/72.jpg,12,30,112,112,112,3,96,170,180,ok
train/12-30/73.jpg,12,30,112,112,112,222,129,47,0,ok
train/12-30/74.jpg,12,30,112,112,112,222,140,6,0,ok
train/12-30/76.jpg,12,30,112,112,3,112,217,140,90,ok
train/12-30/77.jpg,12,30,112,112,112,2,84,218,180,ok
train/12-30/78.jpg,12,30,112,112,112,222,128,53,0,ok
train/12-30/79.jpg,12,30,112,112,2,112,218,140,90,ok
train/12-30/8.jpg,12,30,112,112,13,112,170,128,90,ok
train/12-30/80.jpg,12,30,112,112,19,112,170,128,90,ok
train/12-30/81.jpg,12,30,112,112,112,222,140,6,0,ok
train/12-30/82.jpg,12,30,112,112,112,222,140,6,0,ok
train/12-30/83.jpg,12,30,112,112,112,222,140,6,0,ok
train/12-30/84.jpg,12,30,112,112,112,222,128,53,0,ok
train/12-30/85.jpg,12,30,112,112,222,112,52,96,270,ok
train/12-30/86.jpg,12,30,112,112,112,209,128,53,0,ok
train/12-30/89.jpg,12,30,112,112,112,204,128,53,0,ok
train/12-30/90.jpg,12,30,112,112,112,222,140,6,0,ok
train/12-30/91.jpg,12,30,112,112,112,222,140,6,0,ok
train/12-30/92.jpg,12,30,112,112,2,112,180,130,90,ok
train/12-30/93.jpg,12,30,112,112,112,222,140,6,0,ok
train/12-30/94.jpg,12,30,112,112,206,112,6,84,270,ok
train/12-30/95.jpg,12,30,112,112,222,112,53,96,270,ok
train/12-30/97.jpg,12,30,112,112,112,222,128,53,0,ok
train/12-30/98.jpg,12,30,112,112,112,204,128,53,0,ok
train/12-30/99.jpg,12,30,112,112,112,204,128,53,0,ok
train/12-35/0.jpg,12,35,112,112,60,201,130,54,0,ok
train/12-35/1.jpg,12,35,112,112,207,167,7,79,270,ok
train/12-35/10.jpg,12,35,112,112,192,158,54,94,270,ok
train/12-35/11.jpg,12,35,112,112,17,57,217,145,90,ok
train/12-35/12.jpg,12,35,112,112,57,207,130,54,0,ok
train/12-35/13.jpg,12,35,112,112,66,192,130,54,0,ok
train/12-35/14.jpg,12,35,112,112,57,207,145,7,0,ok
train/12-35/16.jpg,12,35,112,112,57,207,145,7,0,ok
train/12-35/17.jpg,12,35,112,112,59,204,130,54,0,ok
train/12-35/19.jpg,12,35,112,112,193,158,54,94,270,ok
train/12-35/2.jpg,12,35,112,112,66,192,130,54,0,ok
train/12-35/20.jpg,12,35,112,112,22,60,169,130,90,ok
train/12-35/22.jpg,12,35,112,112,27,63,217,145,90,ok
train/12-35/23.jpg,12,35,112,112,57,207,145,7,0,ok
train/12-35/25.jpg,12,35,112,112,167,17,79,217,180,ok
train/12-35/26.jpg,12,35,112,112,59,204,144,9,0,ok
train/12-35/27.jpg,12,35,112,112,57,207,145,7,0,ok
train/12-35/29.jpg,12,35,112,112,57,207,130,54,0,ok
train/12-35/3.jpg,12,35,112,112,167,17,79,217,180,ok
train/12-35/30.jpg,12,35,112,112,192,158,54,94,270,ok
train/12-35/31.jpg,12,35,112,112,17,57,169,130,90,ok
train/12-35/32.jpg,12,35,112,112,57,207,145,7,0,ok
train/12-35/33.jpg,12,35,112,112,66,192,130,54,0,ok
train/12-35/34.jpg,12,35,112,112,166,18,94,169,180,ok
train/12-35/35.jpg,12,35,112,112,58,206,145,8,0,ok
train/12-35/36.jpg,12,35,112,112,17,57,217,145,90,ok
train/12-35/37.jpg,12,35,112,112,158,31,82,206,180,ok
train/12-35/38.jpg,12,35,112,112,192,158,54,94,270,ok
train/12-35/39.jpg,12,35,112,112,57,207,133,44,0,ok
train/12-35/4.jpg,12,35,112,112,57,207,145,7,0,ok
train/12-35/42.jpg,12,35,112,112,17,57,169,130,90,ok
train/12-35/43.jpg,12,35,112,112,17,57,217,145,90,ok
train/12-35/44.jpg,12,35,112,112,57,207,130,54,0,ok
train/12-35/45.jpg,12,35,112,112,61,200,130,54,0,ok
train/12-35/46.jpg,12,35,112,112,192,158,54,94,270,ok
train/12-35/47.jpg,12,35,112,112,206,166,54,94,270,ok
train/12-35/48.jpg,12,35,112,112,57,207,145,7,0,ok
train/12-35/49.jpg,12,35,112,112,66,192,132,50,0,ok
train/12-35/5.jpg,12,35,112,112,207,167,54,94,270,ok
train/12-35/50.jpg,12,35,112,112,17,57,217,145,90,ok
train/12-35/52.jpg,12,35,112,112,57,207,145,7,0,ok
train/12-35/54.jpg,12,35,112,112,57,207,145,7,0,ok
train/12-35/57.jpg,12,35,112,112,167,17,79,217,180,ok
train/12-35/58.jpg,12,35,112,112,59,203,133,46,0,ok
train/12-35/59.jpg,12,35,112,112,167,17,92,176,180,ok
train/12-35/6.jpg,12,35,112,112,57,207,145,7,0,ok
train/12-35/60.jpg,12,35,112,112,162,25,94,169,180,ok
train/12-35/61.jpg,12,35,112,112,66,193,130,54,0,ok
train/12-35/63.jpg,12,35,112,112,197,161,54,94,270,ok
train/12-35/64.jpg,12,35,112,112,57,207,130,54,0,ok
train/12-35/65.jpg,12,35,112,112,57,207,145,7,0,ok
train/12-35/66.jpg,12,35,112,112,64,195,130,54,0,ok
train/12-35/67.jpg,12,35,112,112,57,207,130,54,0,ok
train/12-35/68.jpg,12,35,112,112,66,192,130,54,0,ok
train/12-35/7.jpg,12,35,112,112,167,17,94,169,180,ok
train/12-35/70.jpg,12,35,112,112,57,207,145,8,0,ok
train/12-35/71.jpg,12,35,112,112,57,206,145,7,0,ok
train/12-35/72.jpg,12,35,112,112,18,58,169,130,90,ok
train/12-35/73.jpg,12,35,112,112,207,167,48,92,270,ok
train/12-35/74.jpg,12,35,112,112,57,207,145,7,0,ok
train/12-35/75.jpg,12,35,112,112,158,31,94,169,180,ok
train/12-35/76.jpg,12,35,112,112,68,188,145,8,0,ok
train/12-35/77.jpg,12,35,112,112,17,57,217,145,90,ok
train/12-35/78.jpg,12,35,112,112,66,193,130,54,0,ok
train/12-35/79.jpg,12,35,112,112,17,57,217,145,90,ok
train/12-35/82.jpg,12,35,112,112,57,207,145,7,0,ok
train/12-35/83.jpg,12,35,112,112,57,207,145,7,0,ok
train/12-35/84.jpg,12,35,112,112,17,57,169,130,90,ok
train/12-35/85.jpg,12,35,112,112,167,17,94,169,180,ok
train/12-35/86.jpg,12,35,112,112,158,31,94,169,180,ok
train/12-35/87.jpg,12,35,112,112,65,193,130,54,0,ok
train/12-35/90.jpg,12,35,112,112,57,207,145,7,0,ok
train/12-35/91.jpg,12,35,112,112,57,207,145,7,0,ok
train/12-35/92.jpg,12,35,112,112,167,17,92,175,180,ok
train/12-35/93.jpg,12,35,112,112,57,207,145,7,0,ok
train/12-35/94.jpg,12,35,112,112,167,17,79,217,180,ok
train/12-35/95.jpg,12,35,112,112,57,207,130,54,0,ok
train/12-35/97.jpg,12,35,112,112,162,25,94,169,180,ok
train/12-35/98.jpg,12,35,112,112,160,28,94,169,180,ok
train/12-35/99.jpg,12,35,112,112,192,158,54,94,270,ok
train/12-40/0.jpg,12,40,112,112,201,60,91,168,180,ok
train/12-40/1.jpg,12,40,112,112,57,17,215,150,90,ok
train/12-40/12.jpg,12,40,112,112,192,66,91,168,180,ok
train/12-40/13.jpg,12,40,112,112,32,158,133,55,0,ok
train/12-40/14.jpg,12,40,112,112,17,167,150,9,0,ok
train/12-40/15.jpg,12,40,112,112,192,66,90,171,180,ok
train/12-40/16.jpg,12,40,112,112,17,167,150,9,0,ok
train/12-40/19.jpg,12,40,112,112,17,167,133,55,0,ok
train/12-40/2.jpg,12,40,112,112,17,167,133,55,0,ok
train/12-40/20.jpg,12,40,112,112,26,162,133,55,0,ok
train/12-40/21.jpg,12,40,112,112,32,158,133,55,0,ok
train/12-40/22.jpg,12,40,112,112,17,167,150,9,0,ok
train/12-40/23.jpg,12,40,112,112,57,17,215,150,90,ok
train/12-40/24.jpg,12,40,112,112,17,167,133,55,0,ok
train/12-40/25.jpg,12,40,112,112,207,57,78,206,180,ok
train/12-40/26.jpg,12,40,112,112,165,204,11,75,270,ok
train/12-40/27.jpg,12,40,112,112,17,167,150,9,0,ok
train/12-40/28.jpg,12,40,112,112,192,66,91,168,180,ok
train/12-40/29.jpg,12,40,112,112,57,17,169,133,90,ok
train/12-40/3.jpg,12,40,112,112,167,207,23,80,270,ok
train/12-40/31.jpg,12,40,112,112,17,167,133,55,0,ok
train/12-40/32.jpg,12,40,112,112,57,17,215,150,90,ok
train/12-40/33.jpg,12,40,112,112,158,192,55,91,270,ok
train/12-40/34.jpg,12,40,112,112,17,167,133,55,0,ok
train/12-40/35.jpg,12,40,112,112,17,167,149,10,0,ok
train/12-40/37.jpg,12,40,112,112,17,167,147,16,0,ok
train/12-40/38.jpg,12,40,112,112,32,158,133,55,0,ok
train/12-40/39.jpg,12,40,112,112,207,57,89,174,180,ok
train/12-40/4.jpg,12,40,112,112,17,167,150,9,0,ok
train/12-40/40.jpg,12,40,112,112,57,17,168,133,90,ok
train/12-40/41.jpg,12,40,112,112,207,57,74,215,180,ok
train/12-40/42.jpg,12,40,112,112,207,57,91,168,180,ok
train/12-40/45.jpg,12,40,112,112,27,161,133,55,0,ok
train/12-40/46.jpg,12,40,112,112,32,158,133,55,0,ok
train/12-40/47.jpg,12,40,112,112,166,206,55,91,270,ok
train/12-40/48.jpg,12,40,112,112,17,167,150,9,0,ok
train/12-40/49.jpg,12,40,112,112,167,207,50,89,270,ok
train/12-40/5.jpg,12,40,112,112,18,167,133,55,0,ok
train/12-40/50.jpg,12,40,112,112,17,167,150,9,0,ok
train/12-40/51.jpg,12,40,112,112,207,57,91,168,180,ok
train/12-40/52.jpg,12,40,112,112,57,17,215,150,90,ok
train/12-40/53.jpg,12,40,112,112,207,57,86,184,180,ok
train/12-40/54.jpg,12,40,112,112,17,167,150,9,0,ok
train/12-40/55.jpg,12,40,112,112,17,167,150,9,0,ok
train/12-40/57.jpg,12,40,112,112,57,17,215,150,90,ok
train/12-40/58.jpg,12,40,112,112,27,161,136,46,0,ok
train/12-40/59.jpg,12,40,112,112,31,159,138,40,0,ok
train/12-40/60.jpg,12,40,112,112,158,192,55,91,270,ok
train/12-40/61.jpg,12,40,112,112,27,161,133,55,0,ok
train/12-40/62.jpg,12,40,112,112,28,161,133,55,0,ok
train/12-40/63.jpg,12,40,112,112,28,161,133,55,0,ok
train/12-40/64.jpg,12,40,112,112,17,167,133,55,0,ok
train/12-40/66.jpg,12,40,112,112,162,198,55,91,270,ok
train/12-40/67.jpg,12,40,112,112,166,206,55,91,270,ok
train/12-40/68.jpg,12,40,112,112,29,160,133,55,0,ok
train/12-40/69.jpg,12,40,112,112,207,57,74,215,180,ok
train/12-40/7.jpg,12,40,112,112,57,17,215,150,90,ok
train/12-40/70.jpg,12,40,112,112,17,167,149,10,0,ok
train/12-40/71.jpg,12,40,112,112,57,17,215,150,90,ok
train/12-40/72.jpg,12,40,112,112,20,165,133,55,0,ok
train/12-40/74.jpg,12,40,112,112,57,17,215,150,90,ok
train/12-40/76.jpg,12,40,112,112,67,34,214,149,90,ok
train/12-40/77.jpg,12,40,112,112,17,167,150,9,0,ok
train/12-40/78.jpg,12,40,112,112,18,167,133,55,0,ok
train/12-40/79.jpg,12,40,112,112,57,17,215,150,90,ok
train/12-40/8.jpg,12,40,112,112,30,160,133,55,0,ok
train/12-40/80.jpg,12,40,112,112,64,29,168,133,90,ok
train/12-40/81.jpg,12,40,112,112,167,207,9,74,270,ok
train/12-40/82.jpg,12,40,112,112,57,17,215,150,90,ok
train/12-40/83.jpg,12,40,112,112,17,167,150,9,0,ok
train/12-40/85.jpg,12,40,112,112,17,167,133,55,0,ok
train/12-40/87.jpg,12,40,112,112,17,167,133,55,0,ok
train/12-40/88.jpg,12,40,112,112,27,161,133,55,0,ok
train/12-40/9.jpg,12,40,112,112,17,167,133,55,0,ok
train/12-40/91.jpg,12,40,112,112,17,167,150,9,0,ok
train/12-40/92.jpg,12,40,112,112,207,57,74,215,180,ok
train/12-40/94.jpg,12,40,112,112,22,164,150,9,0,ok
train/12-40/97.jpg,12,40,112,112,57,17,168,133,90,ok
train/12-40/98.jpg,12,40,112,112,32,158,133,55,0,ok
train/12-40/99.jpg,12,40,112,112,32,158,133,55,0,ok
train/12-45/0.jpg,12,45,112,112,112,216,56,89,270,ok
train/12-45/1.jpg,12,45,112,112,112,2,214,154,90,ok
train/12-45/11.jpg,12,45,112,112,112,2,214,154,90,ok
train/12-45/12.jpg,12,45,112,112,112,222,56,89,270,ok
train/12-45/13.jpg,12,45,112,112,112,2,167,135,90,ok
train/12-45/14.jpg,12,45,112,112,112,2,214,154,90,ok
train/12-45/16.jpg,12,45,112,112,2,112,154,10,0,ok
train/12-45/17.jpg,12,45,112,112,9,112,135,56,0,ok
train/12-45/18.jpg,12,45,112,112,222,112,88,170,180,ok
train/12-45/19.jpg,12,45,112,112,19,112,135,56,0,ok
train/12-45/2.jpg,12,45,112,112,112,222,56,89,270,ok
train/12-45/20.jpg,12,45,112,112,14,112,135,56,0,ok
train/12-45/21.jpg,12,45,112,112,15,112,135,56,0,ok
train/12-45/22.jpg,12,45,112,112,112,3,214,154,90,ok
train/12-45/23.jpg,12,45,112,112,2,112,154,10,0,ok
train/12-45/25.jpg,12,45,112,112,112,2,214,154,90,ok
train/12-45/26.jpg,12,45,112,112,112,218,12,71,270,ok
train/12-45/27.jpg,12,45,112,112,2,112,154,10,0,ok
train/12-45/28.jpg,12,45,112,112,2,112,135,56,0,ok
train/12-45/3.jpg,12,45,112,112,112,222,10,70,270,ok
train/12-45/30.jpg,12,45,112,112,112,2,167,135,90,ok
train/12-45/31.jpg,12,45,112,112,15,112,135,56,0,ok
train/12-45/33.jpg,12,45,112,112,19,112,135,56,0,ok
train/12-45/34.jpg,12,45,112,112,112,222,56,89,270,ok
train/12-45/35.jpg,12,45,112,112,222,112,70,214,180,ok
train/12-45/36.jpg,12,45,112,112,2,112,154,10,0,ok
train/12-45/37.jpg,12,45,112,112,13,112,147,28,0,ok
train/12-45/38.jpg,12,45,112,112,2,112,135,56,0,ok
train/12-45/39.jpg,12,45,112,112,2,112,136,53,0,ok
train/12-45/4.jpg,12,45,112,112,222,112,70,214,180,ok
train/12-45/40.jpg,12,45,112,112,2,112,135,56,0,ok
train/12-45/42.jpg,12,45,112,112,2,112,135,56,0,ok
train/12-45/43.jpg,12,45,112,112,2,112,154,10,0,ok
train/12-45/44.jpg,12,45,112,112,2,112,135,56,0,ok
train/12-45/45.jpg,12,45,112,112,15,112,135,56,0,ok
train/12-45/46.jpg,12,45,112,112,112,9,167,135,90,ok
train/12-45/49.jpg,12,45,112,112,112,18,171,136,90,ok
train/12-45/5.jpg,12,45,112,112,205,112,89,167,180,ok
train/12-45/50.jpg,12,45,112,112,112,222,10,70,270,ok
train/12-45/51.jpg,12,45,112,112,2,112,135,56,0,ok
train/12-45/52.jpg,12,45,112,112,2,112,154,10,0,ok
train/12-45/54.jpg,12,45,112,112,2,112,154,10,0,ok
train/12-45/55.jpg,12,45,112,112,2,112,154,10,0,ok
train/12-45/56.jpg,12,45,112,112,12,112,135,56,0,ok
train/12-45/57.jpg,12,45,112,112,2,112,154,10,0,ok
train/12-45/58.jpg,12,45,112,112,2,112,136,55,0,ok
train/12-45/59.jpg,12,45,112,112,2,112,141,42,0,ok
train/12-45/60.jpg,12,45,112,112,112,10,167,135,90,ok
train/12-45/61.jpg,12,45,112,112,112,12,167,135,90,ok
train/12-45/62.jpg,12,45,112,112,112,207,56,89,270,ok
train/12-45/64.jpg,12,45,112,112,218,112,89,167,180,ok
train/12-45/65.jpg,12,45,112,112,2,112,154,10,0,ok
train/12-45/66.jpg,12,45,112,112,212,112,89,167,180,ok
train/12-45/67.jpg,12,45,112,112,219,112,89,167,180,ok
train/12-45/70.jpg,12,45,112,112,4,112,154,10,0,ok
train/12-45/71.jpg,12,45,112,112,112,2,214,154,90,ok
train/12-45/72.jpg,12,45,112,112,5,112,135,56,0,ok
train/12-45/73.jpg,12,45,112,112,2,112,145,33,0,ok
train/12-45/74.jpg,12,45,112,112,2,112,154,10,0,ok
train/12-45/75.jpg,12,45,112,112,19,112,135,56,0,ok
train/12-45/77.jpg,12,45,112,112,112,2,214,154,90,ok
train/12-45/79.jpg,12,45,112,112,222,112,70,214,180,ok
train/12-45/8.jpg,12,45,112,112,11,112,135,56,0,ok
train/12-45/80.jpg,12,45,112,112,2,112,135,56,0,ok
train/12-45/81.jpg,12,45,112,112,2,112,154,10,0,ok
train/12-45/82.jpg,12,45,112,112,112,222,10,70,270,ok
train/12-45/83.jpg,12,45,112,112,2,112,154,10,0,ok
train/12-45/84.jpg,12,45,112,112,2,112,135,56,0,ok
train/12-45/85.jpg,12,45,112,112,112,204,56,89,270,ok
train/12-45/86.jpg,12,45,112,112,18,112,135,56,0,ok
train/12-45/87.jpg,12,45,112,112,2,112,135,56,0,ok
train/12-45/88.jpg,12,45,112,112,13,112,135,56,0,ok
train/12-45/89.jpg,12,45,112,112,2,112,135,56,0,ok
train/12-45/9.jpg,12,45,112,112,112,222,56,89,270,ok
train/12-45/93.jpg,12,45,112,112,2,112,154,10,0,ok
train/12-45/94.jpg,12,45,112,112,2,112,154,10,0,ok
train/12-45/95.jpg,12,45,112,112,4,112,135,56,0,ok
train/12-45/96.jpg,12,45,112,112,222,112,89,167,180,ok
train/12-45/97.jpg,12,45,112,112,16,112,135,56,0,ok
train/12-45/99.jpg,12,45,112,112,2,112,135,56,0,ok
train/12-50/0.jpg,12,50,112,112,201,163,87,166,180,ok
train/12-50/10.jpg,12,50,112,112,28,64,138,57,0,ok
train/12-50/11.jpg,12,50,112,112,17,57,158,12,0,ok
train/12-50/12.jpg,12,50,112,112,17,57,138,57,0,ok
train/12-50/14.jpg,12,50,112,112,17,57,158,12,0,ok
train/12-50/15.jpg,12,50,112,112,31,65,139,54,0,ok
train/12-50/16.jpg,12,50,112,112,17,57,158,12,0,ok
train/12-50/18.jpg,12,50,112,112,17,57,139,54,0,ok
train/12-50/2.jpg,12,50,112,112,27,63,138,57,0,ok
train/12-50/21.jpg,12,50,112,112,31,65,138,57,0,ok
train/12-50/22.jpg,12,50,112,112,21,60,158,12,0,ok
train/12-50/23.jpg,12,50,112,112,207,167,66,212,180,ok
train/12-50/24.jpg,12,50,112,112,57,207,57,86,270,ok
train/12-50/25.jpg,12,50,112,112,207,167,66,212,180,ok
train/12-50/26.jpg,12,50,112,112,19,58,157,15,0,ok
train/12-50/27.jpg,12,50,112,112,17,57,158,12,0,ok
train/12-50/28.jpg,12,50,112,112,207,167,87,166,180,ok
train/12-50/29.jpg,12,50,112,112,167,17,166,137,90,ok
train/12-50/3.jpg,12,50,112,112,17,57,158,12,0,ok
train/12-50/30.jpg,12,50,112,112,192,158,87,166,180,ok
train/12-50/31.jpg,12,50,112,112,17,57,138,57,0,ok
train/12-50/32.jpg,12,50,112,112,207,167,68,207,180,ok
train/12-50/33.jpg,12,50,112,112,65,193,57,86,270,ok
train/12-50/34.jpg,12,50,112,112,195,160,87,166,180,ok
train/12-50/35.jpg,12,50,112,112,17,57,157,15,0,ok
train/12-50/36.jpg,12,50,112,112,17,57,158,12,0,ok
train/12-50/37.jpg,12,50,112,112,28,64,148,34,0,ok
train/12-50/38.jpg,12,50,112,112,158,31,166,137,90,ok
train/12-50/39.jpg,12,50,112,112,17,57,140,52,0,ok
train/12-50/4.jpg,12,50,112,112,17,57,158,12,0,ok
train/12-50/40.jpg,12,50,112,112,28,64,138,57,0,ok
train/12-50/42.jpg,12,50,112,112,57,207,57,86,270,ok
train/12-50/44.jpg,12,50,112,112,31,65,138,57,0,ok
train/12-50/47.jpg,12,50,112,112,26,62,138,57,0,ok
train/12-50/48.jpg,12,50,112,112,17,57,158,12,0,ok
train/12-50/49.jpg,12,50,112,112,193,159,85,171,180,ok
train/12-50/5.jpg,12,50,112,112,18,58,138,57,0,ok
train/12-50/50.jpg,12,50,112,112,207,167,66,212,180,ok
train/12-50/51.jpg,12,50,112,112,17,57,138,57,0,ok
train/12-50/53.jpg,12,50,112,112,17,57,146,39,0,ok
train/12-50/54.jpg,12,50,112,112,17,57,158,12,0,ok
train/12-50/55.jpg,12,50,112,112,57,207,12,66,270,ok
train/12-50/57.jpg,12,50,112,112,17,57,158,12,0,ok
train/12-50/58.jpg,12,50,112,112,17,57,138,56,0,ok
train/12-50/59.jpg,12,50,112,112,207,167,81,179,180,ok
train/12-50/60.jpg,12,50,112,112,28,64,138,57,0,ok
train/12-50/61.jpg,12,50,112,112,31,65,138,57,0,ok
train/12-50/62.jpg,12,50,112,112,28,64,138,57,0,ok
train/12-50/63.jpg,12,50,112,112,206,166,87,166,180,ok
train/12-50/64.jpg,12,50,112,112,167,17,166,137,90,ok
train/12-50/65.jpg,12,50,112,112,167,17,211,158,90,ok
train/12-50/66.jpg,12,50,112,112,197,161,87,166,180,ok
train/12-50/67.jpg,12,50,112,112,17,57,138,57,0,ok
train/12-50/68.jpg,12,50,112,112,64,195,57,86,270,ok
train/12-50/69.jpg,12,50,112,112,167,17,205,156,90,ok
train/12-50/7.jpg,12,50,112,112,17,57,158,12,0,ok
train/12-50/70.jpg,12,50,112,112,17,57,158,13,0,ok
train/12-50/71.jpg,12,50,112,112,207,167,66,212,180,ok
train/12-50/73.jpg,12,50,112,112,17,57,150,30,0,ok
train/12-50/74.jpg,12,50,112,112,17,57,158,12,0,ok
train/12-50/75.jpg,12,50,112,112,31,65,138,57,0,ok
train/12-50/8.jpg,12,50,112,112,194,159,87,166,180,ok
train/12-50/80.jpg,12,50,112,112,17,57,138,57,0,ok
train/12-50/81.jpg,12,50,112,112,17,57,158,12,0,ok
train/12-50/82.jpg,12,50,112,112,207,167,66,212,180,ok
train/12-50/85.jpg,12,50,112,112,167,17,166,137,90,ok
train/12-50/86.jpg,12,50,112,112,161,27,166,137,90,ok
train/12-50/87.jpg,12,50,112,112,17,57,138,57,0,ok
train/12-50/89.jpg,12,50,112,112,207,167,87,166,180,ok
train/12-50/9.jpg,12,50,112,112,207,167,87,166,180,ok
train/12-50/90.jpg,12,50,112,112,167,17,212,158,90,ok
train/12-50/91.jpg,12,50,112,112,167,17,212,158,90,ok
train/12-50/92.jpg,12,50,112,112,207,167,85,169,180,ok
train/12-50/93.jpg,12,50,112,112,17,57,158,12,0,ok
train/12-50/94.jpg,12,50,112,112,21,60,158,12,0,ok
train/12-50/95.jpg,12,50,112,112,57,207,57,86,270,ok
train/12-50/96.jpg,12,50,112,112,167,17,166,137,90,ok
train/12-50/97.jpg,12,50,112,112,192,158,87,166,180,ok
train/12-50/98.jpg,12,50,112,112,162,26,166,137,90,ok
train/12-50/99.jpg,12,50,112,112,167,17,166,137,90,ok
train/12-55/0.jpg,12,55,112,112,61,25,140,58,0,ok
train/12-55/1.jpg,12,55,112,112,57,17,163,14,0,ok
train/12-55/10.jpg,12,55,112,112,57,17,140,58,0,ok
train/12-55/11.jpg,12,55,112,112,57,17,163,14,0,ok
train/12-55/12.jpg,12,55,112,112,57,17,140,58,0,ok
train/12-55/13.jpg,12,55,112,112,57,17,140,58,0,ok
train/12-55/14.jpg,12,55,112,112,57,17,163,14,0,ok
train/12-55/15.jpg,12,55,112,112,63,27,141,56,0,ok
train/12-55/16.jpg,12,55,112,112,57,17,163,14,0,ok
train/12-55/17.jpg,12,55,112,112,62,26,140,58,0,ok
train/12-55/18.jpg,12,55,112,112,57,17,142,55,0,ok
train/12-55/19.jpg,12,55,112,112,167,207,84,165,180,ok
train/12-55/2.jpg,12,55,112,112,65,31,140,58,0,ok
train/12-55/20.jpg,12,55,112,112,196,63,165,140,90,ok
train/12-55/23.jpg,12,55,112,112,17,167,14,61,270,ok
train/12-55/24.jpg,12,55,112,112,57,17,140,58,0,ok
train/12-55/25.jpg,12,55,112,112,57,17,158,23,0,ok
train/12-55/26.jpg,12,55,112,112,21,165,16,62,270,ok
train/12-55/27.jpg,12,55,112,112,57,17,163,14,0,ok
train/12-55/28.jpg,12,55,112,112,207,57,165,140,90,ok
train/12-55/29.jpg,12,55,112,112,167,207,84,166,180,ok
train/12-55/30.jpg,12,55,112,112,158,192,84,165,180,ok
train/12-55/31.jpg,12,55,112,112,57,17,140,58,0,ok
train/12-55/32.jpg,12,55,112,112,57,17,163,14,0,ok
train/12-55/34.jpg,12,55,112,112,57,17,140,58,0,ok
train/12-55/35.jpg,12,55,112,112,207,57,210,163,90,ok
train/12-55/36.jpg,12,55,112,112,167,207,61,210,180,ok
train/12-55/38.jpg,12,55,112,112,192,66,165,140,90,ok
train/12-55/39.jpg,12,55,112,112,65,31,143,53,0,ok
train/12-55/40.jpg,12,55,112,112,57,17,142,55,0,ok
train/12-55/41.jpg,12,55,112,112,57,17,163,14,0,ok
train/12-55/42.jpg,12,55,112,112,57,17,140,58,0,ok
train/12-55/43.jpg,12,55,112,112,57,17,163,14,0,ok
train/12-55/44.jpg,12,55,112,112,158,192,84,165,180,ok
train/12-55/45.jpg,12,55,112,112,197,63,165,140,90,ok
train/12-55/46.jpg,12,55,112,112,158,192,84,165,180,ok
train/12-55/47.jpg,12,55,112,112,65,31,140,58,0,ok
train/12-55/49.jpg,12,55,112,112,65,31,142,54,0,ok
train/12-55/51.jpg,12,55,112,112,57,17,140,58,0,ok
train/12-55/52.jpg,12,55,112,112,207,57,210,163,90,ok
train/12-55/53.jpg,12,55,112,112,166,206,62,209,180,ok
train/12-55/54.jpg,12,55,112,112,57,17,163,14,0,ok
train/12-55/55.jpg,12,55,112,112,57,17,163,14,0,ok
train/12-55/56.jpg,12,55,112,112,65,31,140,58,0,ok
train/12-55/58.jpg,12,55,112,112,17,167,57,83,270,ok
train/12-55/6.jpg,12,55,112,112,57,17,163,14,0,ok
train/12-55/61.jpg,12,55,112,112,57,17,140,58,0,ok
train/12-55/62.jpg,12,55,112,112,63,27,140,58,0,ok
train/12-55/63.jpg,12,55,112,112,166,206,84,165,180,ok
train/12-55/65.jpg,12,55,112,112,17,167,14,61,270,ok
train/12-55/67.jpg,12,55,112,112,58,18,140,58,0,ok
train/12-55/68.jpg,12,55,112,112,192,66,170,142,90,ok
train/12-55/69.jpg,12,55,112,112,17,167,14,61,270,ok
train/12-55/7.jpg,12,55,112,112,17,167,14,61,270,ok
train/12-55/70.jpg,12,55,112,112,17,167,15,62,270,ok
train/12-55/72.jpg,12,55,112,112,32,158,58,84,270,ok
train/12-55/73.jpg,12,55,112,112,65,31,155,30,0,ok
train/12-55/74.jpg,12,55,112,112,57,17,163,14,0,ok
train/12-55/75.jpg,12,55,112,112,65,31,140,58,0,ok
train/12-55/76.jpg,12,55,112,112,188,68,208,162,90,ok
train/12-55/78.jpg,12,55,112,112,64,30,140,58,0,ok
train/12-55/79.jpg,12,55,112,112,207,57,210,163,90,ok
train/12-55/8.jpg,12,55,112,112,161,197,84,165,180,ok
train/12-55/80.jpg,12,55,112,112,167,207,84,165,180,ok
train/12-55/82.jpg,12,55,112,112,17,167,14,61,270,ok
train/12-55/83.jpg,12,55,112,112,207,57,210,163,90,ok
train/12-55/85.jpg,12,55,112,112,158,192,84,165,180,ok
train/12-55/87.jpg,12,55,112,112,17,167,58,84,270,ok
train/12-55/88.jpg,12,55,112,112,62,25,140,58,0,ok
train/12-55/89.jpg,12,55,112,112,57,17,140,58,0,ok
train/12-55/90.jpg,12,55,112,112,57,17,163,14,0,ok
train/12-55/91.jpg,12,55,112,112,167,207,61,210,180,ok
train/12-55/92.jpg,12,55,112,112,57,17,163,14,0,ok
train/12-55/93.jpg,12,55,112,112,57,17,163,14,0,ok
train/12-55/94.jpg,12,55,112,112,207,57,210,163,90,ok
train/12-55/95.jpg,12,55,112,112,60,22,140,58,0,ok
train/12-55/96.jpg,12,55,112,112,207,57,165,140,90,ok
train/12-55/97.jpg,12,55,112,112,65,31,140,58,0,ok
train/12-55/98.jpg,12,55,112,112,57,17,140,58,0,ok
train/12-55/99.jpg,12,55,112,112,57,17,140,58,0,ok
train/2-00/0.jpg,2,0,112,112,205,112,142,164,90,ok
train/2-00/1.jpg,2,0,112,112,112,222,17,167,180,ok
train/2-00/10.jpg,2,0,112,112,112,2,164,82,0,ok
train/2-00/11.jpg,2,0,112,112,222,112,167,207,90,ok
train/2-00/12.jpg,2,0,112,112,112,222,60,142,180,ok
train/2-00/15.jpg,2,0,112,112,112,205,57,144,180,ok
train/2-00/16.jpg,2,0,112,112,112,2,207,57,0,ok
train/2-00/17.jpg,2,0,112,112,19,112,81,59,270,ok
train/2-00/19.jpg,2,0,112,112,112,205,60,142,180,ok
train/2-00/2.jpg,2,0,112,112,112,18,164,82,0,ok
train/2-00/22.jpg,2,0,112,112,112,2,207,57,0,ok
train/2-00/23.jpg,2,0,112,112,222,112,167,207,90,ok
train/2-00/24.jpg,2,0,112,112,2,112,81,59,270,ok
train/2-00/25.jpg,2,0,112,112,112,12,207,57,0,ok
train/2-00/26.jpg,2,0,112,112,5,112,65,31,270,ok
train/2-00/27.jpg,2,0,112,112,112,2,207,57,0,ok
train/2-00/28.jpg,2,0,112,112,112,2,164,82,0,ok
train/2-00/29.jpg,2,0,112,112,112,2,207,57,0,ok
train/2-00/3.jpg,2,0,112,112,112,2,193,65,0,ok
train/2-00/32.jpg,2,0,112,112,112,222,17,167,180,ok
train/2-00/33.jpg,2,0,112,112,205,112,142,164,90,ok
train/2-00/34.jpg,2,0,112,112,112,18,164,82,0,ok
train/2-00/35.jpg,2,0,112,112,2,112,57,17,270,ok
train/2-00/36.jpg,2,0,112,112,112,2,207,57,0,ok
train/2-00/37.jpg,2,0,112,112,220,112,148,173,90,ok
train/2-00/38.jpg,2,0,112,112,112,2,164,82,0,ok
train/2-00/39.jpg,2,0,112,112,112,2,168,80,0,ok
train/2-00/40.jpg,2,0,112,112,112,2,207,57,0,ok
train/2-00/41.jpg,2,0,112,112,222,112,167,207,90,ok
train/2-00/43.jpg,2,0,112,112,2,112,57,17,270,ok
train/2-00/44.jpg,2,0,112,112,205,112,142,164,90,ok
train/2-00/45.jpg,2,0,112,112,112,18,164,82,0,ok
train/2-00/46.jpg,2,0,112,112,112,222,60,142,180,ok
train/2-00/47.jpg,2,0,112,112,205,112,142,164,90,ok
train/2-00/48.jpg,2,0,112,112,112,2,207,57,0,ok
train/2-00/49.jpg,2,0,112,112,112,2,168,80,0,ok
train/2-00/5.jpg,2,0,112,112,112,18,164,82,0,ok
train/2-00/51.jpg,2,0,112,112,112,2,164,82,0,ok
train/2-00/52.jpg,2,0,112,112,112,222,17,167,180,ok
train/2-00/54.jpg,2,0,112,112,112,2,207,57,0,ok
train/2-00/55.jpg,2,0,112,112,112,2,207,57,0,ok
train/2-00/56.jpg,2,0,112,112,112,14,164,82,0,ok
train/2-00/57.jpg,2,0,112,112,222,112,167,207,90,ok
train/2-00/58.jpg,2,0,112,112,112,222,58,143,180,ok
train/2-00/59.jpg,2,0,112,112,112,211,57,144,180,ok
train/2-00/6.jpg,2,0,112,112,112,2,207,57,0,ok
train/2-00/60.jpg,2,0,112,112,19,112,81,59,270,ok
train/2-00/61.jpg,2,0,112,112,205,112,142,164,90,ok
train/2-00/62.jpg,2,0,112,112,19,112,81,59,270,ok
train/2-00/63.jpg,2,0,112,112,112,204,60,142,180,ok
train/2-00/64.jpg,2,0,112,112,112,16,164,82,0,ok
train/2-00/65.jpg,2,0,112,112,2,112,57,17,270,ok
train/2-00/66.jpg,2,0,112,112,112,211,60,142,180,ok
train/2-00/68.jpg,2,0,112,112,15,112,67,34,270,ok
train/2-00/69.jpg,2,0,112,112,112,2,207,57,0,ok
train/2-00/7.jpg,2,0,112,112,222,112,167,207,90,ok
train/2-00/70.jpg,2,0,112,112,2,112,57,17,270,ok
train/2-00/71.jpg,2,0,112,112,222,112,167,207,90,ok
train/2-00/72.jpg,2,0,112,112,112,2,164,82,0,ok
train/2-00/74.jpg,2,0,112,112,112,2,207,57,0,ok
train/2-00/75.jpg,2,0,112,112,112,204,60,142,180,ok
train/2-00/76.jpg,2,0,112,112,3,112,67,35,270,ok
train/2-00/78.jpg,2,0,112,112,112,18,164,82,0,ok
train/2-00/79.jpg,2,0,112,112,112,2,207,57,0,ok
train/2-00/80.jpg,2,0,112,112,112,204,60,142,180,ok
train/2-00/81.jpg,2,0,112,112,222,112,167,207,90,ok
train/2-00/82.jpg,2,0,112,112,222,112,167,207,90,ok
train/2-00/83.jpg,2,0,112,112,222,112,167,207,90,ok
train/2-00/84.jpg,2,0,112,112,222,112,142,164,90,ok
train/2-00/85.jpg,2,0,112,112,112,14,191,66,0,ok
train/2-00/86.jpg,2,0,112,112,19,112,81,59,270,ok
train/2-00/88.jpg,2,0,112,112,11,112,81,59,270,ok
train/2-00/89.jpg,2,0,112,112,112,2,164,82,0,ok
train/2-00/9.jpg,2,0,112,112,222,112,142,164,90,ok
train/2-00/90.jpg,2,0,112,112,112,2,207,57,0,ok
train/2-00/91.jpg,2,0,112,112,2,112,57,17,270,ok
train/2-00/92.jpg,2,0,112,112,112,2,207,57,0,ok
train/2-00/93.jpg,2,0,112,112,222,112,167,207,90,ok
train/2-00/95.jpg,2,0,112,112,112,18,164,82,0,ok
train/2-00/96.jpg,2,0,112,112,112,2,164,82,0,ok
train/2-05/0.jpg,2,5,112,112,158,31,165,84,0,ok
train/2-05/1.jpg,2,5,112,112,207,167,163,210,90,ok
train/2-05/10.jpg,2,5,112,112,28,64,84,58,270,ok
train/2-05/11.jpg,2,5,112,112,167,17,210,61,0,ok
train/2-05/12.jpg,2,5,112,112,167,17,165,84,0,ok
train/2-05/13.jpg,2,5,112,112,57,207,58,140,180,ok
train/2-05/14.jpg,2,5,112,112,167,17,210,61,0,ok
train/2-05/15.jpg,2,5,112,112,160,28,169,82,0,ok
train/2-05/16.jpg,2,5,112,112,167,17,210,61,0,ok
train/2-05/17.jpg,2,5,112,112,66,192,58,140,180,ok
train/2-05/18.jpg,2,5,112,112,167,17,210,61,0,ok
train/2-05/19.jpg,2,5,112,112,31,65,84,58,270,ok
train/2-05/2.jpg,2,5,112,112,167,17,165,84,0,ok
train/2-05/20.jpg,2,5,112,112,162,25,165,84,0,ok
train/2-05/21.jpg,2,5,112,112,198,161,140,165,90,ok
train/2-05/22.jpg,2,5,112,112,167,17,210,61,0,ok
train/2-05/23.jpg,2,5,112,112,57,207,14,163,180,ok
train/2-05/26.jpg,2,5,112,112,59,204,17,161,180,ok
train/2-05/27.jpg,2,5,112,112,167,17,210,61,0,ok
train/2-05/28.jpg,2,5,112,112,57,207,58,140,180,ok
train/2-05/29.jpg,2,5,112,112,167,17,166,84,0,ok
train/2-05/3.jpg,2,5,112,112,17,57,68,28,270,ok
train/2-05/30.jpg,2,5,112,112,192,158,141,168,90,ok
train/2-05/32.jpg,2,5,112,112,207,167,163,210,90,ok
train/2-05/33.jpg,2,5,112,112,158,31,165,84,0,ok
train/2-05/34.jpg,2,5,112,112,207,167,140,165,90,ok
train/2-05/35.jpg,2,5,112,112,166,18,210,61,0,ok
train/2-05/36.jpg,2,5,112,112,167,17,210,61,0,ok
train/2-05/37.jpg,2,5,112,112,160,28,170,82,0,ok
train/2-05/38.jpg,2,5,112,112,192,158,140,165,90,ok
train/2-05/4.jpg,2,5,112,112,207,167,163,210,90,ok
train/2-05/40.jpg,2,5,112,112,167,17,210,61,0,ok
train/2-05/42.jpg,2,5,112,112,167,17,170,82,0,ok
train/2-05/43.jpg,2,5,112,112,167,17,210,61,0,ok
train/2-05/44.jpg,2,5,112,112,161,27,165,84,0,ok
train/2-05/45.jpg,2,5,112,112,163,24,165,84,0,ok
train/2-05/47.jpg,2,5,112,112,27,63,84,58,270,ok
train/2-05/48.jpg,2,5,112,112,167,17,210,61,0,ok
train/2-05/49.jpg,2,5,112,112,167,17,170,82,0,ok
train/2-05/5.jpg,2,5,112,112,166,18,165,84,0,ok
train/2-05/50.jpg,2,5,112,112,207,167,163,210,90,ok
train/2-05/51.jpg,2,5,112,112,57,207,58,140,180,ok
train/2-05/52.jpg,2,5,112,112,167,17,210,61,0,ok
train/2-05/53.jpg,2,5,112,112,166,18,203,64,0,ok
train/2-05/54.jpg,2,5,112,112,167,17,210,61,0,ok
train/2-05/55.jpg,2,5,112,112,167,17,210,61,0,ok
train/2-05/56.jpg,2,5,112,112,25,62,84,58,270,ok
train/2-05/59.jpg,2,5,112,112,57,207,57,141,180,ok
train/2-05/6.jpg,2,5,112,112,167,17,210,61,0,ok
train/2-05/60.jpg,2,5,112,112,62,199,58,140,180,ok
train/2-05/61.jpg,2,5,112,112,158,31,165,84,0,ok
train/2-05/62.jpg,2,5,112,112,28,64,84,58,270,ok
train/2-05/64.jpg,2,5,112,112,158,31,165,84,0,ok
train/2-05/65.jpg,2,5,112,112,166,18,210,61,0,ok
train/2-05/67.jpg,2,5,112,112,167,17,165,84,0,ok
train/2-05/68.jpg,2,5,112,112,158,31,165,84,0,ok
train/2-05/69.jpg,2,5,112,112,57,207,14,163,180,ok
train/2-05/7.jpg,2,5,112,112,164,23,210,61,0,ok
train/2-05/71.jpg,2,5,112,112,167,17,210,61,0,ok
train/2-05/72.jpg,2,5,112,112,207,167,140,165,90,ok
train/2-05/76.jpg,2,5,112,112,34,67,62,15,270,ok
train/2-05/77.jpg,2,5,112,112,207,167,163,210,90,ok
train/2-05/78.jpg,2,5,112,112,158,31,165,84,0,ok
train/2-05/79.jpg,2,5,112,112,167,17,210,61,0,ok
train/2-05/8.jpg,2,5,112,112,160,28,165,84,0,ok
train/2-05/80.jpg,2,5,112,112,164,21,165,84,0,ok
train/2-05/82.jpg,2,5,112,112,167,17,210,61,0,ok
train/2-05/84.jpg,2,5,112,112,66,192,58,140,180,ok
train/2-05/85.jpg,2,5,112,112,66,192,47,146,180,ok
train/2-05/87.jpg,2,5,112,112,64,195,58,140,180,ok
train/2-05/88.jpg,2,5,112,112,160,28,165,84,0,ok
train/2-05/89.jpg,2,5,112,112,207,167,140,165,90,ok
train/2-05/9.jpg,2,5,112,112,161,27,165,84,0,ok
train/2-05/91.jpg,2,5,112,112,167,17,210,61,0,ok
train/2-05/92.jpg,2,5,112,112,207,167,163,210,90,ok
train/2-05/93.jpg,2,5,112,112,167,17,210,61,0,ok
train/2-05/94.jpg,2,5,112,112,167,17,210,61,0,ok
train/2-05/96.jpg,2,5,112,112,167,17,165,84,0,ok
train/2-05/97.jpg,2,5,112,112,64,195,58,140,180,ok
train/2-05/98.jpg,2,5,112,112,160,28,165,84,0,ok
train/2-10/0.jpg,2,10,112,112,23,164,55,139,180,ok
train/2-10/1.jpg,2,10,112,112,207,57,212,66,0,ok
train/2-10/10.jpg,2,10,112,112,194,64,166,87,0,ok
train/2-10/11.jpg,2,10,112,112,207,57,212,66,0,ok
train/2-10/12.jpg,2,10,112,112,193,66,166,87,0,ok
train/2-10/15.jpg,2,10,112,112,64,30,85,53,270,ok
train/2-10/16.jpg,2,10,112,112,207,57,212,66,0,ok
train/2-10/17.jpg,2,10,112,112,158,192,137,166,90,ok
train/2-10/18.jpg,2,10,112,112,17,167,12,158,180,ok
train/2-10/19.jpg,2,10,112,112,32,158,55,139,180,ok
train/2-10/2.jpg,2,10,112,112,193,66,166,87,0,ok
train/2-10/20.jpg,2,10,112,112,197,63,166,87,0,ok
train/2-10/22.jpg,2,10,112,112,167,207,158,212,90,ok
train/2-10/23.jpg,2,10,112,112,17,167,12,158,180,ok
train/2-10/24.jpg,2,10,112,112,17,167,55,139,180,ok
train/2-10/25.jpg,2,10,112,112,207,57,212,66,0,ok
train/2-10/27.jpg,2,10,112,112,207,57,212,66,0,ok
train/2-10/28.jpg,2,10,112,112,17,167,55,139,180,ok
train/2-10/29.jpg,2,10,112,112,57,17,85,55,270,ok
train/2-10/3.jpg,2,10,112,112,207,57,212,66,0,ok
train/2-10/30.jpg,2,10,112,112,158,192,138,168,90,ok
train/2-10/31.jpg,2,10,112,112,158,192,137,166,90,ok
train/2-10/32.jpg,2,10,112,112,167,207,158,212,90,ok
train/2-10/34.jpg,2,10,112,112,192,66,166,87,0,ok
train/2-10/35.jpg,2,10,112,112,207,57,212,66,0,ok
train/2-10/36.jpg,2,10,112,112,207,57,212,66,0,ok
train/2-10/37.jpg,2,10,112,112,196,63,170,85,0,ok
train/2-10/38.jpg,2,10,112,112,65,31,86,57,270,ok
train/2-10/39.jpg,2,10,112,112,65,31,82,49,270,ok
train/2-10/4.jpg,2,10,112,112,207,57,212,66,0,ok
train/2-10/41.jpg,2,10,112,112,207,57,212,66,0,ok
train/2-10/42.jpg,2,10,112,112,207,57,179,81,0,ok
train/2-10/43.jpg,2,10,112,112,207,57,212,66,0,ok
train/2-10/44.jpg,2,10,112,112,192,66,166,87,0,ok
train/2-10/45.jpg,2,10,112,112,62,25,86,57,270,ok
train/2-10/46.jpg,2,10,112,112,32,158,55,139,180,ok
train/2-10/47.jpg,2,10,112,112,158,192,137,166,90,ok
train/2-10/48.jpg,2,10,112,112,207,57,212,66,0,ok
train/2-10/5.jpg,2,10,112,112,65,31,86,57,270,ok
train/2-10/50.jpg,2,10,112,112,167,207,158,212,90,ok
train/2-10/51.jpg,2,10,112,112,207,57,166,87,0,ok
train/2-10/52.jpg,2,10,112,112,167,207,158,212,90,ok
train/2-10/53.jpg,2,10,112,112,201,60,207,68,0,ok
train/2-10/54.jpg,2,10,112,112,207,57,212,66,0,ok
train/2-10/55.jpg,2,10,112,112,207,57,212,66,0,ok
train/2-10/56.jpg,2,10,112,112,32,158,55,139,180,ok
train/2-10/57.jpg,2,10,112,112,207,57,212,66,0,ok
train/2-10/58.jpg,2,10,112,112,207,57,177,82,0,ok
train/2-10/59.jpg,2,10,112,112,207,57,166,87,0,ok
train/2-10/6.jpg,2,10,112,112,207,57,212,66,0,ok
train/2-10/60.jpg,2,10,112,112,60,23,86,57,270,ok
train/2-10/61.jpg,2,10,112,112,32,158,55,139,180,ok
train/2-10/62.jpg,2,10,112,112,160,194,137,166,90,ok
train/2-10/63.jpg,2,10,112,112,194,64,166,87,0,ok
train/2-10/64.jpg,2,10,112,112,192,66,166,87,0,ok
train/2-10/65.jpg,2,10,112,112,57,17,66,12,270,ok
train/2-10/66.jpg,2,10,112,112,198,62,166,87,0,ok
train/2-10/67.jpg,2,10,112,112,57,17,86,57,270,ok
train/2-10/68.jpg,2,10,112,112,192,66,166,87,0,ok
train/2-10/7.jpg,2,10,112,112,17,167,12,158,180,ok
train/2-10/70.jpg,2,10,112,112,206,57,211,66,0,ok
train/2-10/71.jpg,2,10,112,112,17,167,12,158,180,ok
train/2-10/73.jpg,2,10,112,112,207,57,211,66,0,ok
train/2-10/76.jpg,2,10,112,112,67,35,66,13,270,ok
train/2-10/77.jpg,2,10,112,112,207,57,212,66,0,ok
train/2-10/78.jpg,2,10,112,112,167,207,137,166,90,ok
train/2-10/79.jpg,2,10,112,112,207,57,212,66,0,ok
train/2-10/8.jpg,2,10,112,112,158,192,137,166,90,ok
train/2-10/80.jpg,2,10,112,112,192,66,166,87,0,ok
train/2-10/82.jpg,2,10,112,112,167,207,158,212,90,ok
train/2-10/83.jpg,2,10,112,112,167,207,158,212,90,ok
train/2-10/84.jpg,2,10,112,112,167,207,137,166,90,ok
train/2-10/86.jpg,2,10,112,112,194,64,166,87,0,ok
train/2-10/88.jpg,2,10,112,112,196,63,166,87,0,ok
train/2-10/89.jpg,2,10,112,112,32,158,55,139,180,ok
train/2-10/9.jpg,2,10,112,112,198,62,166,87,0,ok
train/2-10/90.jpg,2,10,112,112,207,57,212,66,0,ok
train/2-10/92.jpg,2,10,112,112,207,57,176,82,0,ok
train/2-10/94.jpg,2,10,112,112,17,167,12,158,180,ok
train/2-10/98.jpg,2,10,112,112,62,26,86,57,270,ok
train/2-15/0.jpg,2,15,112,112,205,112,167,89,0,ok
train/2-15/10.jpg,2,15,112,112,112,16,89,56,270,ok
train/2-15/11.jpg,2,15,112,112,222,112,214,70,0,ok
train/2-15/13.jpg,2,15,112,112,2,112,44,140,180,ok
train/2-15/14.jpg,2,15,112,112,222,112,214,70,0,ok
train/2-15/15.jpg,2,15,112,112,205,112,171,88,0,ok
train/2-15/16.jpg,2,15,112,112,222,112,214,70,0,ok
train/2-15/17.jpg,2,15,112,112,216,112,167,89,0,ok
train/2-15/18.jpg,2,15,112,112,4,112,43,141,180,ok
train/2-15/19.jpg,2,15,112,112,19,112,56,135,180,ok
train/2-15/2.jpg,2,15,112,112,222,112,167,89,0,ok
train/2-15/20.jpg,2,15,112,112,208,112,167,89,0,ok
train/2-15/21.jpg,2,15,112,112,13,112,56,135,180,ok
train/2-15/22.jpg,2,15,112,112,2,112,10,154,180,ok
train/2-15/23.jpg,2,15,112,112,112,222,154,214,90,ok
train/2-15/24.jpg,2,15,112,112,112,2,89,56,270,ok
train/2-15/25.jpg,2,15,112,112,112,222,154,214,90,ok
train/2-15/26.jpg,2,15,112,112,112,4,71,12,270,ok
train/2-15/27.jpg,2,15,112,112,222,112,214,70,0,ok
train/2-15/28.jpg,2,15,112,112,222,112,167,89,0,ok
train/2-15/29.jpg,2,15,112,112,112,222,135,167,90,ok
train/2-15/3.jpg,2,15,112,112,2,112,10,154,180,ok
train/2-15/31.jpg,2,15,112,112,209,112,167,89,0,ok
train/2-15/32.jpg,2,15,112,112,222,112,214,70,0,ok
train/2-15/33.jpg,2,15,112,112,112,204,135,167,90,ok
train/2-15/34.jpg,2,15,112,112,112,2,89,56,270,ok
train/2-15/35.jpg,2,15,112,112,222,112,214,70,0,ok
train/2-15/38.jpg,2,15,112,112,221,112,167,89,0,ok
train/2-15/39.jpg,2,15,112,112,112,17,86,50,270,ok
train/2-15/40.jpg,2,15,112,112,112,2,88,55,270,ok
train/2-15/41.jpg,2,15,112,112,222,112,214,70,0,ok
train/2-15/42.jpg,2,15,112,112,222,112,180,84,0,ok
train/2-15/43.jpg,2,15,112,112,222,112,214,70,0,ok
train/2-15/45.jpg,2,15,112,112,209,112,167,89,0,ok
train/2-15/46.jpg,2,15,112,112,207,112,167,89,0,ok
train/2-15/47.jpg,2,15,112,112,222,112,167,89,0,ok
train/2-15/49.jpg,2,15,112,112,19,112,51,137,180,ok
train/2-15/5.jpg,2,15,112,112,222,112,167,89,0,ok
train/2-15/50.jpg,2,15,112,112,222,112,214,70,0,ok
train/2-15/51.jpg,2,15,112,112,2,112,56,135,180,ok
train/2-15/52.jpg,2,15,112,112,222,112,214,70,0,ok
train/2-15/53.jpg,2,15,112,112,112,2,73,17,270,ok
train/2-15/54.jpg,2,15,112,112,222,112,214,70,0,ok
train/2-15/55.jpg,2,15,112,112,222,112,214,70,0,ok
train/2-15/56.jpg,2,15,112,112,205,112,167,89,0,ok
train/2-15/58.jpg,2,15,112,112,112,222,154,213,90,ok
train/2-15/59.jpg,2,15,112,112,205,112,167,89,0,ok
train/2-15/6.jpg,2,15,112,112,222,112,214,70,0,ok
train/2-15/60.jpg,2,15,112,112,10,112,56,135,180,ok
train/2-15/61.jpg,2,15,112,112,221,112,167,89,0,ok
train/2-15/62.jpg,2,15,112,112,112,16,89,56,270,ok
train/2-15/63.jpg,2,15,112,112,17,112,56,135,180,ok
train/2-15/64.jpg,2,15,112,112,112,18,89,56,270,ok
train/2-15/65.jpg,2,15,112,112,112,222,154,214,90,ok
train/2-15/66.jpg,2,15,112,112,213,112,167,89,0,ok
train/2-15/68.jpg,2,15,112,112,19,112,56,135,180,ok
train/2-15/69.jpg,2,15,112,112,112,222,154,214,90,ok
train/2-15/7.jpg,2,15,112,112,112,2,81,36,270,ok
train/2-15/70.jpg,2,15,112,112,2,112,11,154,180,ok
train/2-15/71.jpg,2,15,112,112,222,112,214,70,0,ok
train/2-15/72.jpg,2,15,112,112,222,112,167,89,0,ok
train/2-15/73.jpg,2,15,112,112,222,112,213,70,0,ok
train/2-15/74.jpg,2,15,112,112,222,112,214,70,0,ok
train/2-15/78.jpg,2,15,112,112,205,112,167,89,0,ok
train/2-15/80.jpg,2,15,112,112,222,112,167,89,0,ok
train/2-15/81.jpg,2,15,112,112,222,112,214,70,0,ok
train/2-15/82.jpg,2,15,112,112,112,222,154,214,90,ok
train/2-15/83.jpg,2,15,112,112,222,112,214,70,0,ok
train/2-15/84.jpg,2,15,112,112,222,112,167,89,0,ok
train/2-15/86.jpg,2,15,112,112,205,112,167,89,0,ok
train/2-15/88.jpg,2,15,112,112,212,112,167,89,0,ok
train/2-15/89.jpg,2,15,112,112,222,112,167,89,0,ok
train/2-15/9.jpg,2,15,112,112,208,112,167,89,0,ok
train/2-15/90.jpg,2,15,112,112,112,222,154,214,90,ok
train/2-15/92.jpg,2,15,112,112,2,112,10,154,180,ok
train/2-15/93.jpg,2,15,112,112,222,112,214,70,0,ok
train/2-15/94.jpg,2,15,112,112,222,112,214,70,0,ok
train/2-15/95.jpg,2,15,112,112,112,5,89,56,270,ok
train/2-15/98.jpg,2,15,112,112,212,112,167,89,0,ok
train/2-15/99.jpg,2,15,112,112,222,112,167,89,0,ok
train/2-20/0.jpg,2,20,112,112,199,162,168,91,0,ok
train/2-20/1.jpg,2,20,112,112,207,167,215,74,0,ok
train/2-20/10.jpg,2,20,112,112,194,159,168,91,0,ok
train/2-20/11.jpg,2,20,112,112,57,207,150,215,90,ok
train/2-20/13.jpg,2,20,112,112,28,64,55,133,180,ok
train/2-20/14.jpg,2,20,112,112,207,167,215,74,0,ok
train/2-20/16.jpg,2,20,112,112,207,167,215,74,0,ok
train/2-20/17.jpg,2,20,112,112,203,164,168,91,0,ok
train/2-20/18.jpg,2,20,112,112,207,167,173,90,0,ok
train/2-20/19.jpg,2,20,112,112,17,57,55,133,180,ok
train/2-20/2.jpg,2,20,112,112,167,17,91,55,270,ok
train/2-20/20.jpg,2,20,112,112,195,160,168,91,0,ok
train/2-20/21.jpg,2,20,112,112,195,160,168,91,0,ok
train/2-20/22.jpg,2,20,112,112,57,206,150,215,90,ok
train/2-20/24.jpg,2,20,112,112,57,207,133,168,90,ok
train/2-20/25.jpg,2,20,112,112,57,207,138,184,90,ok
train/2-20/27.jpg,2,20,112,112,207,167,215,74,0,ok
train/2-20/28.jpg,2,20,112,112,207,167,168,91,0,ok
train/2-20/29.jpg,2,20,112,112,17,57,55,133,180,ok
train/2-20/3.jpg,2,20,112,112,57,207,150,215,90,ok
train/2-20/30.jpg,2,20,112,112,17,57,51,134,180,ok
train/2-20/31.jpg,2,20,112,112,194,159,168,91,0,ok
train/2-20/32.jpg,2,20,112,112,207,167,215,74,0,ok
train/2-20/33.jpg,2,20,112,112,193,159,168,91,0,ok
train/2-20/34.jpg,2,20,112,112,192,158,168,91,0,ok
train/2-20/35.jpg,2,20,112,112,57,206,150,215,90,ok
train/2-20/36.jpg,2,20,112,112,17,57,9,150,180,ok
train/2-20/37.jpg,2,20,112,112,196,160,179,88,0,ok
train/2-20/38.jpg,2,20,112,112,158,31,91,55,270,ok
train/2-20/40.jpg,2,20,112,112,17,57,55,133,180,ok
train/2-20/41.jpg,2,20,112,112,57,207,150,215,90,ok
train/2-20/42.jpg,2,20,112,112,207,167,168,91,0,ok
train/2-20/43.jpg,2,20,112,112,207,167,215,74,0,ok
train/2-20/44.jpg,2,20,112,112,207,167,168,91,0,ok
train/2-20/45.jpg,2,20,112,112,195,160,168,91,0,ok
train/2-20/46.jpg,2,20,112,112,192,158,168,91,0,ok
train/2-20/47.jpg,2,20,112,112,207,167,168,91,0,ok
train/2-20/48.jpg,2,20,112,112,207,167,215,74,0,ok
train/2-20/49.jpg,2,20,112,112,158,31,89,50,270,ok
train/2-20/5.jpg,2,20,112,112,167,17,91,55,270,ok
train/2-20/50.jpg,2,20,112,112,207,167,215,74,0,ok
train/2-20/51.jpg,2,20,112,112,18,58,55,133,180,ok
train/2-20/52.jpg,2,20,112,112,207,167,215,74,0,ok
train/2-20/53.jpg,2,20,112,112,167,17,76,12,270,ok
train/2-20/54.jpg,2,20,112,112,207,167,215,74,0,ok
train/2-20/56.jpg,2,20,112,112,199,162,168,91,0,ok
train/2-20/57.jpg,2,20,112,112,207,167,215,74,0,ok
train/2-20/58.jpg,2,20,112,112,207,167,170,91,0,ok
train/2-20/59.jpg,2,20,112,112,198,161,168,91,0,ok
train/2-20/6.jpg,2,20,112,112,207,167,215,74,0,ok
train/2-20/60.jpg,2,20,112,112,197,161,168,91,0,ok
train/2-20/61.jpg,2,20,112,112,65,193,133,168,90,ok
train/2-20/62.jpg,2,20,112,112,207,167,168,91,0,ok
train/2-20/63.jpg,2,20,112,112,160,29,91,55,270,ok
train/2-20/66.jpg,2,20,112,112,61,200,133,168,90,ok
train/2-20/67.jpg,2,20,112,112,207,167,168,91,0,ok
train/2-20/68.jpg,2,20,112,112,192,158,168,91,0,ok
train/2-20/69.jpg,2,20,112,112,57,207,150,215,90,ok
train/2-20/7.jpg,2,20,112,112,17,57,30,142,180,ok
train/2-20/70.jpg,2,20,112,112,167,17,74,9,270,ok
train/2-20/74.jpg,2,20,112,112,207,167,215,74,0,ok
train/2-20/75.jpg,2,20,112,112,196,160,168,91,0,ok
train/2-20/76.jpg,2,20,112,112,156,35,74,9,270,ok
train/2-20/77.jpg,2,20,112,112,57,207,150,215,90,ok
train/2-20/78.jpg,2,20,112,112,158,31,91,55,270,ok
train/2-20/8.jpg,2,20,112,112,192,158,168,91,0,ok
train/2-20/80.jpg,2,20,112,112,57,207,133,168,90,ok
train/2-20/81.jpg,2,20,112,112,57,207,150,215,90,ok
train/2-20/84.jpg,2,20,112,112,167,17,91,55,270,ok
train/2-20/85.jpg,2,20,112,112,207,167,175,89,0,ok
train/2-20/86.jpg,2,20,112,112,160,30,91,55,270,ok
train/2-20/89.jpg,2,20,112,112,57,207,133,168,90,ok
train/2-20/9.jpg,2,20,112,112,193,159,168,91,0,ok
train/2-20/90.jpg,2,20,112,112,57,207,150,215,90,ok
train/2-20/92.jpg,2,20,112,112,207,167,215,74,0,ok
train/2-20/93.jpg,2,20,112,112,207,167,215,74,0,ok
train/2-20/95.jpg,2,20,112,112,166,18,91,55,270,ok
train/2-20/96.jpg,2,20,112,112,57,207,133,168,90,ok
train/2-20/97.jpg,2,20,112,112,167,17,91,55,270,ok
train/2-20/99.jpg,2,20,112,112,66,192,133,168,90,ok
train/2-25/1.jpg,2,25,112,112,167,207,217,79,0,ok
train/2-25/10.jpg,2,25,112,112,167,207,169,94,0,ok
train/2-25/11.jpg,2,25,112,112,167,207,217,79,0,ok
train/2-25/12.jpg,2,25,112,112,167,207,169,94,0,ok
train/2-25/13.jpg,2,25,112,112,32,158,130,169,90,ok
train/2-25/14.jpg,2,25,112,112,167,207,217,79,0,ok
train/2-25/15.jpg,2,25,112,112,159,193,173,93,0,ok
train/2-25/16.jpg,2,25,112,112,167,207,217,79,0,ok
train/2-25/17.jpg,2,25,112,112,19,166,130,169,90,ok
train/2-25/19.jpg,2,25,112,112,207,57,94,54,270,ok
train/2-25/21.jpg,2,25,112,112,167,207,169,94,0,ok
train/2-25/22.jpg,2,25,112,112,167,207,217,79,0,ok
train/2-25/23.jpg,2,25,112,112,17,167,145,217,90,ok
train/2-25/24.jpg,2,25,112,112,57,17,54,130,180,ok
train/2-25/25.jpg,2,25,112,112,207,57,82,16,270,ok
train/2-25/27.jpg,2,25,112,112,167,207,217,79,0,ok
train/2-25/28.jpg,2,25,112,112,192,66,94,54,270,ok
train/2-25/29.jpg,2,25,112,112,17,167,130,169,90,ok
train/2-25/3.jpg,2,25,112,112,193,65,79,7,270,ok
train/2-25/30.jpg,2,25,112,112,158,192,169,94,0,ok
train/2-25/32.jpg,2,25,112,112,17,167,145,217,90,ok
train/2-25/33.jpg,2,25,112,112,159,193,169,94,0,ok
train/2-25/34.jpg,2,25,112,112,160,194,169,94,0,ok
train/2-25/36.jpg,2,25,112,112,207,57,79,7,270,ok
train/2-25/37.jpg,2,25,112,112,207,57,90,41,270,ok
train/2-25/38.jpg,2,25,112,112,158,192,169,94,0,ok
train/2-25/39.jpg,2,25,112,112,57,17,48,132,180,ok
train/2-25/4.jpg,2,25,112,112,167,207,217,79,0,ok
train/2-25/40.jpg,2,25,112,112,167,207,169,94,0,ok
train/2-25/41.jpg,2,25,112,112,57,17,7,145,180,ok
train/2-25/42.jpg,2,25,112,112,167,207,169,94,0,ok
train/2-25/43.jpg,2,25,112,112,17,167,145,217,90,ok
train/2-25/44.jpg,2,25,112,112,57,17,54,130,180,ok
train/2-25/45.jpg,2,25,112,112,200,61,94,54,270,ok
train/2-25/47.jpg,2,25,112,112,29,160,130,169,90,ok
train/2-25/48.jpg,2,25,112,112,167,207,217,79,0,ok
train/2-25/49.jpg,2,25,112,112,207,57,92,48,270,ok
train/2-25/5.jpg,2,25,112,112,28,161,130,169,90,ok
train/2-25/51.jpg,2,25,112,112,167,207,169,94,0,ok
train/2-25/52.jpg,2,25,112,112,167,207,217,79,0,ok
train/2-25/53.jpg,2,25,112,112,167,207,212,80,0,ok
train/2-25/54.jpg,2,25,112,112,167,207,217,79,0,ok
train/2-25/55.jpg,2,25,112,112,167,207,217,79,0,ok
train/2-25/56.jpg,2,25,112,112,24,163,130,169,90,ok
train/2-25/57.jpg,2,25,112,112,167,207,217,79,0,ok
train/2-25/58.jpg,2,25,112,112,200,61,92,50,270,ok
train/2-25/59.jpg,2,25,112,112,161,197,169,94,0,ok
train/2-25/6.jpg,2,25,112,112,167,207,217,79,0,ok
train/2-25/60.jpg,2,25,112,112,32,158,130,169,90,ok
train/2-25/61.jpg,2,25,112,112,24,163,130,169,90,ok
train/2-25/62.jpg,2,25,112,112,167,207,169,94,0,ok
train/2-25/63.jpg,2,25,112,112,160,194,169,94,0,ok
train/2-25/67.jpg,2,25,112,112,57,17,54,130,180,ok
train/2-25/68.jpg,2,25,112,112,158,192,169,94,0,ok
train/2-25/69.jpg,2,25,112,112,17,167,145,217,90,ok
train/2-25/7.jpg,2,25,112,112,57,17,49,132,180,ok
train/2-25/70.jpg,2,25,112,112,17,167,145,216,90,ok
train/2-25/72.jpg,2,25,112,112,167,207,169,94,0,ok
train/2-25/73.jpg,2,25,112,112,167,207,177,92,0,ok
train/2-25/74.jpg,2,25,112,112,167,207,217,79,0,ok
train/2-25/76.jpg,2,25,112,112,67,34,8,145,180,ok
train/2-25/77.jpg,2,25,112,112,17,167,145,217,90,ok
train/2-25/78.jpg,2,25,112,112,17,167,130,169,90,ok
train/2-25/8.jpg,2,25,112,112,30,160,130,169,90,ok
train/2-25/80.jpg,2,25,112,112,57,17,54,130,180,ok
train/2-25/81.jpg,2,25,112,112,207,57,79,7,270,ok
train/2-25/83.jpg,2,25,112,112,167,207,217,79,0,ok
train/2-25/85.jpg,2,25,112,112,167,207,172,93,0,ok
train/2-25/87.jpg,2,25,112,112,57,17,54,130,180,ok
train/2-25/88.jpg,2,25,112,112,164,201,169,94,0,ok
train/2-25/89.jpg,2,25,112,112,167,207,169,94,0,ok
train/2-25/9.jpg,2,25,112,112,164,203,169,94,0,ok
train/2-25/90.jpg,2,25,112,112,17,167,145,217,90,ok
train/2-25/91.jpg,2,25,112,112,17,167,145,217,90,ok
train/2-25/92.jpg,2,25,112,112,167,207,169,94,0,ok
train/2-25/93.jpg,2,25,112,112,167,207,217,79,0,ok
train/2-25/94.jpg,2,25,112,112,164,202,217,79,0,ok
train/2-25/95.jpg,2,25,112,112,167,207,169,94,0,ok
train/2-25/97.jpg,2,25,112,112,167,207,169,94,0,ok
train/2-25/98.jpg,2,25,112,112,17,167,130,169,90,ok
train/2-30/0.jpg,2,30,112,112,215,112,96,53,270,ok
train/2-30/11.jpg,2,30,112,112,2,112,140,218,90,ok
train/2-30/12.jpg,2,30,112,112,112,2,53,128,180,ok
train/2-30/14.jpg,2,30,112,112,112,222,218,84,0,ok
train/2-30/15.jpg,2,30,112,112,112,18,50,129,180,ok
train/2-30/16.jpg,2,30,112,112,112,222,218,84,0,ok
train/2-30/18.jpg,2,30,112,112,112,222,218,84,0,ok
train/2-30/19.jpg,2,30,112,112,112,2,53,128,180,ok
train/2-30/2.jpg,2,30,112,112,112,222,170,96,0,ok
train/2-30/20.jpg,2,30,112,112,112,215,170,96,0,ok
train/2-30/21.jpg,2,30,112,112,112,204,170,96,0,ok
train/2-30/22.jpg,2,30,112,112,112,222,218,84,0,ok
train/2-30/23.jpg,2,30,112,112,112,222,218,84,0,ok
train/2-30/24.jpg,2,30,112,112,112,2,53,128,180,ok
train/2-30/25.jpg,2,30,112,112,2,112,140,218,90,ok
train/2-30/27.jpg,2,30,112,112,112,222,218,84,0,ok
train/2-30/28.jpg,2,30,112,112,112,204,170,96,0,ok
train/2-30/29.jpg,2,30,112,112,222,112,96,52,270,ok
train/2-30/3.jpg,2,30,112,112,112,222,218,84,0,ok
train/2-30/30.jpg,2,30,112,112,19,112,128,170,90,ok
train/2-30/32.jpg,2,30,112,112,2,112,140,218,90,ok
train/2-30/33.jpg,2,30,112,112,112,17,53,128,180,ok
train/2-30/34.jpg,2,30,112,112,222,112,96,53,270,ok
train/2-30/35.jpg,2,30,112,112,112,222,173,96,0,ok
train/2-30/36.jpg,2,30,112,112,112,222,218,84,0,ok
train/2-30/38.jpg,2,30,112,112,19,112,128,170,90,ok
train/2-30/39.jpg,2,30,112,112,18,112,129,174,90,ok
train/2-30/4.jpg,2,30,112,112,112,2,6,140,180,ok
train/2-30/40.jpg,2,30,112,112,112,222,170,96,0,ok
train/2-30/41.jpg,2,30,112,112,112,222,218,84,0,ok
train/2-30/42.jpg,2,30,112,112,222,112,96,53,270,ok
train/2-30/43.jpg,2,30,112,112,112,222,218,84,0,ok
train/2-30/44.jpg,2,30,112,112,210,112,96,53,270,ok
train/2-30/45.jpg,2,30,112,112,10,112,128,170,90,ok
train/2-30/46.jpg,2,30,112,112,112,2,53,128,180,ok
train/2-30/47.jpg,2,30,112,112,16,112,128,170,90,ok
train/2-30/48.jpg,2,30,112,112,112,222,218,84,0,ok
train/2-30/49.jpg,2,30,112,112,112,204,175,95,0,ok
train/2-30/5.jpg,2,30,112,112,112,18,53,128,180,ok
train/2-30/50.jpg,2,30,112,112,222,112,84,6,270,ok
train/2-30/51.jpg,2,30,112,112,112,222,170,96,0,ok
train/2-30/52.jpg,2,30,112,112,112,222,218,84,0,ok
train/2-30/54.jpg,2,30,112,112,112,222,218,84,0,ok
train/2-30/56.jpg,2,30,112,112,112,17,53,128,180,ok
train/2-30/57.jpg,2,30,112,112,112,222,218,84,0,ok
train/2-30/58.jpg,2,30,112,112,112,214,177,95,0,ok
train/2-30/59.jpg,2,30,112,112,19,112,128,170,90,ok
train/2-30/6.jpg,2,30,112,112,112,222,218,84,0,ok
train/2-30/60.jpg,2,30,112,112,19,112,128,170,90,ok
train/2-30/61.jpg,2,30,112,112,112,13,53,128,180,ok
train/2-30/63.jpg,2,30,112,112,112,15,53,128,180,ok
train/2-30/65.jpg,2,30,112,112,2,112,140,218,90,ok
train/2-30/66.jpg,2,30,112,112,205,112,96,53,270,ok
train/2-30/67.jpg,2,30,112,112,222,112,96,53,270,ok
train/2-30/68.jpg,2,30,112,112,112,204,170,96,0,ok
train/2-30/69.jpg,2,30,112,112,2,112,140,218,90,ok
train/2-30/7.jpg,2,30,112,112,222,112,95,50,270,ok
train/2-30/70.jpg,2,30,112,112,2,112,140,218,90,ok
train/2-30/72.jpg,2,30,112,112,112,222,170,96,0,ok
train/2-30/73.jpg,2,30,112,112,112,2,43,130,180,ok
train/2-30/74.jpg,2,30,112,112,112,222,218,84,0,ok
train/2-30/75.jpg,2,30,112,112,206,112,96,53,270,ok
train/2-30/76.jpg,2,30,112,112,112,3,6,140,180,ok
train/2-30/77.jpg,2,30,112,112,112,2,6,140,180,ok
train/2-30/78.jpg,2,30,112,112,112,222,170,96,0,ok
train/2-30/79.jpg,2,30,112,112,112,222,218,84,0,ok
train/2-30/8.jpg,2,30,112,112,112,210,170,96,0,ok
train/2-30/82.jpg,2,30,112,112,112,222,218,84,0,ok
train/2-30/83.jpg,2,30,112,112,112,222,218,84,0,ok
train/2-30/84.jpg,2,30,112,112,112,222,170,96,0,ok
train/2-30/86.jpg,2,30,112,112,112,14,53,128,180,ok
train/2-30/87.jpg,2,30,112,112,222,112,96,53,270,ok
train/2-30/9.jpg,2,30,112,112,112,222,170,96,0,ok
train/2-30/90.jpg,2,30,112,112,112,222,218,84,0,ok
train/2-30/91.jpg,2,30,112,112,112,222,218,84,0,ok
train/2-30/93.jpg,2,30,112,112,112,222,218,84,0,ok
train/2-30/95.jpg,2,30,112,112,112,212,170,96,0,ok
train/2-30/96.jpg,2,30,112,112,112,222,170,96,0,ok
train/2-30/97.jpg,2,30,112,112,112,222,170,96,0,ok
train/2-30/99.jpg,2,30,112,112,112,2,53,128,180,ok
train/2-35/0.jpg,2,35,112,112,60,201,171,99,0,ok
train/2-35/1.jpg,2,35,112,112,57,207,219,88,0,ok
train/2-35/10.jpg,2,35,112,112,66,192,171,99,0,ok
train/2-35/11.jpg,2,35,112,112,207,167,88,5,270,ok
train/2-35/12.jpg,2,35,112,112,158,31,53,125,180,ok
train/2-35/13.jpg,2,35,112,112,158,31,53,125,180,ok
train/2-35/14.jpg,2,35,112,112,17,57,136,219,90,ok
train/2-35/15.jpg,2,35,112,112,158,31,49,126,180,ok
train/2-35/16.jpg,2,35,112,112,57,207,219,88,0,ok
train/2-35/17.jpg,2,35,112,112,20,59,125,170,90,ok
train/2-35/18.jpg,2,35,112,112,57,207,219,88,0,ok
train/2-35/19.jpg,2,35,112,112,158,31,53,125,180,ok
train/2-35/2.jpg,2,35,112,112,192,158,99,52,270,ok
train/2-35/20.jpg,2,35,112,112,201,163,99,52,270,ok
train/2-35/21.jpg,2,35,112,112,66,192,171,99,0,ok
train/2-35/23.jpg,2,35,112,112,17,57,136,219,90,ok
train/2-35/24.jpg,2,35,112,112,57,207,171,99,0,ok
train/2-35/25.jpg,2,35,112,112,207,167,88,5,270,ok
train/2-35/26.jpg,2,35,112,112,58,205,217,89,0,ok
train/2-35/27.jpg,2,35,112,112,57,207,219,88,0,ok
train/2-35/28.jpg,2,35,112,112,17,57,125,170,90,ok
train/2-35/29.jpg,2,35,112,112,57,207,171,99,0,ok
train/2-35/3.jpg,2,35,112,112,167,17,20,132,180,ok
train/2-35/30.jpg,2,35,112,112,17,57,125,170,90,ok
train/2-35/31.jpg,2,35,112,112,17,57,125,170,90,ok
train/2-35/32.jpg,2,35,112,112,167,17,5,136,180,ok
train/2-35/33.jpg,2,35,112,112,66,192,171,99,0,ok
train/2-35/34.jpg,2,35,112,112,31,65,125,170,90,ok
train/2-35/36.jpg,2,35,112,112,167,17,5,136,180,ok
train/2-35/37.jpg,2,35,112,112,193,158,96,39,270,ok
train/2-35/38.jpg,2,35,112,112,66,192,171,99,0,ok
train/2-35/39.jpg,2,35,112,112,167,17,45,127,180,ok
train/2-35/40.jpg,2,35,112,112,207,167,99,52,270,ok
train/2-35/41.jpg,2,35,112,112,57,207,219,88,0,ok
train/2-35/42.jpg,2,35,112,112,17,57,125,170,90,ok
train/2-35/43.jpg,2,35,112,112,57,207,219,88,0,ok
train/2-35/45.jpg,2,35,112,112,61,200,171,99,0,ok
train/2-35/48.jpg,2,35,112,112,57,207,219,88,0,ok
train/2-35/49.jpg,2,35,112,112,66,192,176,98,0,ok
train/2-35/5.jpg,2,35,112,112,166,18,53,125,180,ok
train/2-35/51.jpg,2,35,112,112,17,57,125,170,90,ok
train/2-35/53.jpg,2,35,112,112,57,207,218,88,0,ok
train/2-35/55.jpg,2,35,112,112,57,207,219,88,0,ok
train/2-35/56.jpg,2,35,112,112,62,199,171,99,0,ok
train/2-35/57.jpg,2,35,112,112,57,207,219,88,0,ok
train/2-35/59.jpg,2,35,112,112,17,57,125,170,90,ok
train/2-35/6.jpg,2,35,112,112,57,207,219,88,0,ok
train/2-35/60.jpg,2,35,112,112,162,25,53,125,180,ok
train/2-35/61.jpg,2,35,112,112,158,31,53,125,180,ok
train/2-35/63.jpg,2,35,112,112,197,161,99,52,270,ok
train/2-35/65.jpg,2,35,112,112,207,167,88,5,270,ok
train/2-35/66.jpg,2,35,112,112,28,64,125,170,90,ok
train/2-35/67.jpg,2,35,112,112,57,207,171,99,0,ok
train/2-35/7.jpg,2,35,112,112,17,57,136,219,90,ok
train/2-35/70.jpg,2,35,112,112,57,206,219,88,0,ok
train/2-35/71.jpg,2,35,112,112,167,17,5,136,180,ok
train/2-35/72.jpg,2,35,112,112,58,205,171,99,0,ok
train/2-35/73.jpg,2,35,112,112,167,17,51,125,180,ok
train/2-35/74.jpg,2,35,112,112,57,207,219,88,0,ok
train/2-35/75.jpg,2,35,112,112,158,31,53,125,180,ok
train/2-35/76.jpg,2,35,112,112,34,67,136,218,90,ok
train/2-35/77.jpg,2,35,112,112,17,57,136,219,90,ok
train/2-35/79.jpg,2,35,112,112,167,17,5,136,180,ok
train/2-35/82.jpg,2,35,112,112,57,207,219,88,0,ok
train/2-35/83.jpg,2,35,112,112,57,207,219,88,0,ok
train/2-35/84.jpg,2,35,112,112,207,167,99,52,270,ok
train/2-35/85.jpg,2,35,112,112,207,167,99,52,270,ok
train/2-35/87.jpg,2,35,112,112,65,193,171,99,0,ok
train/2-35/88.jpg,2,35,112,112,66,193,171,99,0,ok
train/2-35/89.jpg,2,35,112,112,66,192,171,99,0,ok
train/2-35/9.jpg,2,35,112,112,158,31,53,125,180,ok
train/2-35/90.jpg,2,35,112,112,57,207,219,88,0,ok
train/2-35/91.jpg,2,35,112,112,17,57,136,219,90,ok
train/2-35/92.jpg,2,35,112,112,17,57,136,219,90,ok
train/2-35/93.jpg,2,35,112,112,57,207,219,88,0,ok
train/2-35/94.jpg,2,35,112,112,167,17,5,136,180,ok
train/2-35/96.jpg,2,35,112,112,57,207,171,99,0,ok
train/2-35/97.jpg,2,35,112,112,17,57,125,170,90,ok
train/2-35/98.jpg,2,35,112,112,160,28,53,125,180,ok
train/2-35/99.jpg,2,35,112,112,158,31,53,125,180,ok
train/2-40/0.jpg,2,40,112,112,22,164,171,102,0,ok
train/2-40/1.jpg,2,40,112,112,207,57,4,131,180,ok
train/2-40/10.jpg,2,40,112,112,17,167,171,102,0,ok
train/2-40/11.jpg,2,40,112,112,17,167,220,93,0,ok
train/2-40/12.jpg,2,40,112,112,160,194,101,52,270,ok
train/2-40/13.jpg,2,40,112,112,32,158,171,102,0,ok
train/2-40/14.jpg,2,40,112,112,17,167,220,93,0,ok
train/2-40/15.jpg,2,40,112,112,65,31,123,174,90,ok
train/2-40/16.jpg,2,40,112,112,17,167,220,93,0,ok
train/2-40/17.jpg,2,40,112,112,59,21,122,171,90,ok
train/2-40/19.jpg,2,40,112,112,158,192,101,52,270,ok
train/2-40/2.jpg,2,40,112,112,17,167,171,102,0,ok
train/2-40/20.jpg,2,40,112,112,26,162,171,102,0,ok
train/2-40/22.jpg,2,40,112,112,17,167,220,93,0,ok
train/2-40/23.jpg,2,40,112,112,207,57,4,131,180,ok
train/2-40/24.jpg,2,40,112,112,57,17,122,171,90,ok
train/2-40/27.jpg,2,40,112,112,17,167,220,93,0,ok
train/2-40/28.jpg,2,40,112,112,32,158,171,102,0,ok
train/2-40/29.jpg,2,40,112,112,167,207,101,52,270,ok
train/2-40/3.jpg,2,40,112,112,70,39,131,220,90,ok
train/2-40/30.jpg,2,40,112,112,32,158,171,102,0,ok
train/2-40/33.jpg,2,40,112,112,32,158,171,102,0,ok
train/2-40/34.jpg,2,40,112,112,57,17,122,171,90,ok
train/2-40/37.jpg,2,40,112,112,160,196,98,34,270,ok
train/2-40/38.jpg,2,40,112,112,192,66,52,123,180,ok
train/2-40/39.jpg,2,40,112,112,207,57,46,124,180,ok
train/2-40/4.jpg,2,40,112,112,167,207,93,4,270,ok
train/2-40/40.jpg,2,40,112,112,207,57,52,123,180,ok
train/2-40/41.jpg,2,40,112,112,207,57,4,131,180,ok
train/2-40/42.jpg,2,40,112,112,167,207,101,52,270,ok
train/2-40/43.jpg,2,40,112,112,167,207,93,4,270,ok
train/2-40/44.jpg,2,40,112,112,17,167,171,102,0,ok
train/2-40/45.jpg,2,40,112,112,27,161,171,102,0,ok
train/2-40/46.jpg,2,40,112,112,65,31,122,171,90,ok
train/2-40/47.jpg,2,40,112,112,17,167,171,102,0,ok
train/2-40/49.jpg,2,40,112,112,57,17,123,176,90,ok
train/2-40/51.jpg,2,40,112,112,167,207,101,52,270,ok
train/2-40/52.jpg,2,40,112,112,57,17,131,220,90,ok
train/2-40/53.jpg,2,40,112,112,167,207,100,43,270,ok
train/2-40/54.jpg,2,40,112,112,17,167,220,93,0,ok
train/2-40/55.jpg,2,40,112,112,17,167,220,93,0,ok
train/2-40/56.jpg,2,40,112,112,199,61,52,123,180,ok
train/2-40/57.jpg,2,40,112,112,17,167,220,93,0,ok
train/2-40/59.jpg,2,40,112,112,31,159,171,102,0,ok
train/2-40/6.jpg,2,40,112,112,17,167,220,93,0,ok
train/2-40/60.jpg,2,40,112,112,158,192,101,52,270,ok
train/2-40/61.jpg,2,40,112,112,160,196,101,52,270,ok
train/2-40/62.jpg,2,40,112,112,207,57,52,123,180,ok
train/2-40/63.jpg,2,40,112,112,62,25,122,171,90,ok
train/2-40/64.jpg,2,40,112,112,17,167,171,102,0,ok
train/2-40/66.jpg,2,40,112,112,32,158,171,102,0,ok
train/2-40/67.jpg,2,40,112,112,17,167,171,102,0,ok
train/2-40/68.jpg,2,40,112,112,160,195,101,52,270,ok
train/2-40/69.jpg,2,40,112,112,57,17,131,220,90,ok
train/2-40/7.jpg,2,40,112,112,17,167,171,102,0,ok
train/2-40/70.jpg,2,40,112,112,57,17,131,220,90,ok
train/2-40/71.jpg,2,40,112,112,17,167,220,93,0,ok
train/2-40/73.jpg,2,40,112,112,17,167,188,99,0,ok
train/2-40/74.jpg,2,40,112,112,17,167,220,93,0,ok
train/2-40/75.jpg,2,40,112,112,32,158,171,102,0,ok
train/2-40/77.jpg,2,40,112,112,167,207,93,4,270,ok
train/2-40/79.jpg,2,40,112,112,167,207,93,4,270,ok
train/2-40/8.jpg,2,40,112,112,30,160,171,102,0,ok
train/2-40/81.jpg,2,40,112,112,57,17,131,220,90,ok
train/2-40/82.jpg,2,40,112,112,17,167,220,93,0,ok
train/2-40/83.jpg,2,40,112,112,17,167,220,93,0,ok
train/2-40/84.jpg,2,40,112,112,57,17,122,171,90,ok
train/2-40/86.jpg,2,40,112,112,30,160,171,102,0,ok
train/2-40/87.jpg,2,40,112,112,167,207,101,52,270,ok
train/2-40/88.jpg,2,40,112,112,160,196,101,52,270,ok
train/2-40/89.jpg,2,40,112,112,17,167,171,102,0,ok
train/2-40/9.jpg,2,40,112,112,17,167,171,102,0,ok
train/2-40/90.jpg,2,40,112,112,17,167,220,93,0,ok
train/2-40/92.jpg,2,40,112,112,17,167,196,97,0,ok
train/2-40/94.jpg,2,40,112,112,202,60,4,131,180,ok
train/2-40/95.jpg,2,40,112,112,19,166,171,102,0,ok
train/2-40/96.jpg,2,40,112,112,57,17,122,171,90,ok
train/2-40/97.jpg,2,40,112,112,17,167,171,102,0,ok
train/2-40/98.jpg,2,40,112,112,162,198,101,52,270,ok
train/2-40/99.jpg,2,40,112,112,207,57,52,123,180,ok
train/2-45/0.jpg,2,45,112,112,7,112,172,104,0,ok
train/2-45/1.jpg,2,45,112,112,112,2,126,221,90,ok
train/2-45/11.jpg,2,45,112,112,2,112,221,98,0,ok
train/2-45/12.jpg,2,45,112,112,2,112,172,104,0,ok
train/2-45/13.jpg,2,45,112,112,222,112,52,120,180,ok
train/2-45/14.jpg,2,45,112,112,2,112,221,98,0,ok
train/2-45/15.jpg,2,45,112,112,205,112,48,120,180,ok
train/2-45/17.jpg,2,45,112,112,9,112,172,104,0,ok
train/2-45/19.jpg,2,45,112,112,19,112,172,104,0,ok
train/2-45/20.jpg,2,45,112,112,112,209,104,51,270,ok
train/2-45/22.jpg,2,45,112,112,2,112,221,98,0,ok
train/2-45/23.jpg,2,45,112,112,112,2,126,221,90,ok
train/2-45/24.jpg,2,45,112,112,2,112,172,104,0,ok
train/2-45/25.jpg,2,45,112,112,112,2,126,221,90,ok
train/2-45/26.jpg,2,45,112,112,112,218,98,5,270,ok
train/2-45/27.jpg,2,45,112,112,2,112,221,98,0,ok
train/2-45/28.jpg,2,45,112,112,2,112,172,104,0,ok
train/2-45/30.jpg,2,45,112,112,112,204,104,51,270,ok
train/2-45/31.jpg,2,45,112,112,112,14,120,171,90,ok
train/2-45/32.jpg,2,45,112,112,2,112,221,98,0,ok
train/2-45/33.jpg,2,45,112,112,205,112,52,120,180,ok
train/2-45/34.jpg,2,45,112,112,112,6,120,171,90,ok
train/2-45/35.jpg,2,45,112,112,222,112,3,126,180,ok
train/2-45/36.jpg,2,45,112,112,112,222,98,3,270,ok
train/2-45/37.jpg,2,45,112,112,13,112,186,102,0,ok
train/2-45/38.jpg,2,45,112,112,2,112,172,104,0,ok
train/2-45/39.jpg,2,45,112,112,112,2,120,176,90,ok
train/2-45/4.jpg,2,45,112,112,112,222,98,3,270,ok
train/2-45/40.jpg,2,45,112,112,2,112,174,104,0,ok
train/2-45/41.jpg,2,45,112,112,112,222,98,3,270,ok
train/2-45/42.jpg,2,45,112,112,2,112,172,104,0,ok
train/2-45/43.jpg,2,45,112,112,112,222,98,3,270,ok
train/2-45/44.jpg,2,45,112,112,2,112,172,104,0,ok
train/2-45/45.jpg,2,45,112,112,15,112,172,104,0,ok
train/2-45/46.jpg,2,45,112,112,9,112,172,104,0,ok
train/2-45/48.jpg,2,45,112,112,2,112,221,98,0,ok
train/2-45/5.jpg,2,45,112,112,205,112,52,120,180,ok
train/2-45/50.jpg,2,45,112,112,112,2,126,221,90,ok
train/2-45/51.jpg,2,45,112,112,2,112,172,104,0,ok
train/2-45/52.jpg,2,45,112,112,2,112,221,98,0,ok
train/2-45/53.jpg,2,45,112,112,112,218,98,3,270,ok
train/2-45/54.jpg,2,45,112,112,2,112,221,98,0,ok
train/2-45/55.jpg,2,45,112,112,2,112,221,98,0,ok
train/2-45/57.jpg,2,45,112,112,2,112,221,98,0,ok
train/2-45/58.jpg,2,45,112,112,2,112,221,98,0,ok
train/2-45/59.jpg,2,45,112,112,112,18,120,171,90,ok
train/2-45/6.jpg,2,45,112,112,2,112,221,98,0,ok
train/2-45/60.jpg,2,45,112,112,213,112,52,120,180,ok
train/2-45/61.jpg,2,45,112,112,12,112,172,104,0,ok
train/2-45/64.jpg,2,45,112,112,218,112,52,120,180,ok
train/2-45/66.jpg,2,45,112,112,112,11,120,171,90,ok
train/2-45/67.jpg,2,45,112,112,219,112,52,120,180,ok
train/2-45/7.jpg,2,45,112,112,2,112,172,104,0,ok
train/2-45/71.jpg,2,45,112,112,2,112,221,98,0,ok
train/2-45/73.jpg,2,45,112,112,205,112,3,126,180,ok
train/2-45/74.jpg,2,45,112,112,112,222,98,3,270,ok
train/2-45/75.jpg,2,45,112,112,112,18,120,171,90,ok
train/2-45/76.jpg,2,45,112,112,112,220,98,4,270,ok
train/2-45/77.jpg,2,45,112,112,112,2,126,221,90,ok
train/2-45/8.jpg,2,45,112,112,112,212,104,51,270,ok
train/2-45/80.jpg,2,45,112,112,2,112,172,104,0,ok
train/2-45/81.jpg,2,45,112,112,112,2,126,221,90,ok
train/2-45/82.jpg,2,45,112,112,112,222,98,3,270,ok
train/2-45/83.jpg,2,45,112,112,2,112,221,98,0,ok
train/2-45/84.jpg,2,45,112,112,205,112,52,120,180,ok
train/2-45/85.jpg,2,45,112,112,19,112,221,98,0,ok
train/2-45/86.jpg,2,45,112,112,206,112,52,120,180,ok
train/2-45/88.jpg,2,45,112,112,13,112,172,104,0,ok
train/2-45/89.jpg,2,45,112,112,222,112,52,120,180,ok
train/2-45/9.jpg,2,45,112,112,112,222,104,51,270,ok
train/2-45/90.jpg,2,45,112,112,112,2,126,221,90,ok
train/2-45/91.jpg,2,45,112,112,112,2,126,221,90,ok
train/2-45/92.jpg,2,45,112,112,2,112,182,103,0,ok
train/2-45/93.jpg,2,45,112,112,2,112,221,98,0,ok
train/2-45/94.jpg,2,45,112,112,46,112,221,98,0,ok
train/2-45/95.jpg,2,45,112,112,112,3,120,171,90,ok
train/2-45/96.jpg,2,45,112,112,222,112,52,120,180,ok
train/2-45/97.jpg,2,45,112,112,112,2,120,171,90,ok
train/2-45/98.jpg,2,45,112,112,222,112,52,120,180,ok
train/2-45/99.jpg,2,45,112,112,2,112,172,104,0,ok
train/2-50/0.jpg,2,50,112,112,21,60,172,107,0,ok
train/2-50/10.jpg,2,50,112,112,207,167,52,117,180,ok
train/2-50/12.jpg,2,50,112,112,207,167,52,117,180,ok
train/2-50/13.jpg,2,50,112,112,17,57,172,107,0,ok
train/2-50/14.jpg,2,50,112,112,17,57,222,102,0,ok
train/2-50/17.jpg,2,50,112,112,24,61,172,107,0,ok
train/2-50/18.jpg,2,50,112,112,57,207,102,2,270,ok
train/2-50/19.jpg,2,50,112,112,17,57,172,107,0,ok
train/2-50/2.jpg,2,50,112,112,160,28,117,171,90,ok
train/2-50/20.jpg,2,50,112,112,27,63,172,107,0,ok
train/2-50/21.jpg,2,50,112,112,31,65,172,107,0,ok
train/2-50/22.jpg,2,50,112,112,21,60,222,102,0,ok
train/2-50/23.jpg,2,50,112,112,17,57,222,102,0,ok
train/2-50/24.jpg,2,50,112,112,17,57,172,107,0,ok
train/2-50/25.jpg,2,50,112,112,17,57,222,102,0,ok
train/2-50/26.jpg,2,50,112,112,165,20,121,218,90,ok
train/2-50/27.jpg,2,50,112,112,17,57,222,102,0,ok
train/2-50/28.jpg,2,50,112,112,207,167,52,117,180,ok
train/2-50/29.jpg,2,50,112,112,167,17,117,172,90,ok
train/2-50/3.jpg,2,50,112,112,167,17,122,222,90,ok
train/2-50/30.jpg,2,50,112,112,31,65,172,107,0,ok
train/2-50/31.jpg,2,50,112,112,57,207,107,51,270,ok
train/2-50/33.jpg,2,50,112,112,65,193,107,51,270,ok
train/2-50/34.jpg,2,50,112,112,28,64,172,107,0,ok
train/2-50/35.jpg,2,50,112,112,166,18,121,220,90,ok
train/2-50/36.jpg,2,50,112,112,207,167,2,122,180,ok
train/2-50/37.jpg,2,50,112,112,28,64,196,105,0,ok
train/2-50/38.jpg,2,50,112,112,192,158,52,117,180,ok
train/2-50/39.jpg,2,50,112,112,17,57,176,106,0,ok
train/2-50/4.jpg,2,50,112,112,17,57,222,102,0,ok
train/2-50/40.jpg,2,50,112,112,160,28,118,186,90,ok
train/2-50/41.jpg,2,50,112,112,167,17,122,222,90,ok
train/2-50/42.jpg,2,50,112,112,17,57,172,107,0,ok
train/2-50/43.jpg,2,50,112,112,17,57,222,102,0,ok
train/2-50/44.jpg,2,50,112,112,158,31,117,171,90,ok
train/2-50/45.jpg,2,50,112,112,21,60,172,107,0,ok
train/2-50/46.jpg,2,50,112,112,192,158,52,117,180,ok
train/2-50/48.jpg,2,50,112,112,17,57,222,102,0,ok
train/2-50/49.jpg,2,50,112,112,162,26,118,177,90,ok
train/2-50/50.jpg,2,50,112,112,57,207,102,2,270,ok
train/2-50/51.jpg,2,50,112,112,57,207,107,51,270,ok
train/2-50/52.jpg,2,50,112,112,17,57,222,102,0,ok
train/2-50/54.jpg,2,50,112,112,17,57,222,102,0,ok
train/2-50/55.jpg,2,50,112,112,167,17,122,222,90,ok
train/2-50/56.jpg,2,50,112,112,23,60,172,107,0,ok
train/2-50/57.jpg,2,50,112,112,207,167,2,122,180,ok
train/2-50/59.jpg,2,50,112,112,207,167,52,117,180,ok
train/2-50/6.jpg,2,50,112,112,17,57,222,102,0,ok
train/2-50/60.jpg,2,50,112,112,28,64,172,107,0,ok
train/2-50/61.jpg,2,50,112,112,158,31,117,171,90,ok
train/2-50/62.jpg,2,50,112,112,64,195,107,51,270,ok
train/2-50/63.jpg,2,50,112,112,206,166,52,117,180,ok
train/2-50/64.jpg,2,50,112,112,17,57,172,107,0,ok
train/2-50/65.jpg,2,50,112,112,17,57,221,103,0,ok
train/2-50/66.jpg,2,50,112,112,26,62,172,107,0,ok
train/2-50/67.jpg,2,50,112,112,57,206,107,51,270,ok
train/2-50/68.jpg,2,50,112,112,158,31,117,171,90,ok
train/2-50/69.jpg,2,50,112,112,167,17,122,222,90,ok
train/2-50/7.jpg,2,50,112,112,164,23,122,222,90,ok
train/2-50/70.jpg,2,50,112,112,166,18,121,220,90,ok
train/2-50/72.jpg,2,50,112,112,19,58,172,107,0,ok
train/2-50/73.jpg,2,50,112,112,167,17,121,221,90,ok
train/2-50/75.jpg,2,50,112,112,158,31,117,171,90,ok
train/2-50/76.jpg,2,50,112,112,35,68,220,103,0,ok
train/2-50/77.jpg,2,50,112,112,17,57,222,102,0,ok
train/2-50/8.jpg,2,50,112,112,29,64,172,107,0,ok
train/2-50/80.jpg,2,50,112,112,17,57,172,107,0,ok
train/2-50/81.jpg,2,50,112,112,17,57,222,102,0,ok
train/2-50/82.jpg,2,50,112,112,17,57,222,102,0,ok
train/2-50/84.jpg,2,50,112,112,17,57,172,107,0,ok
train/2-50/85.jpg,2,50,112,112,167,17,117,171,90,ok
train/2-50/86.jpg,2,50,112,112,27,63,172,107,0,ok
train/2-50/88.jpg,2,50,112,112,27,63,172,107,0,ok
train/2-50/89.jpg,2,50,112,112,57,207,107,51,270,ok
train/2-50/9.jpg,2,50,112,112,207,167,52,117,180,ok
train/2-50/91.jpg,2,50,112,112,57,207,102,2,270,ok
train/2-50/92.jpg,2,50,112,112,17,57,222,102,0,ok
train/2-50/93.jpg,2,50,112,112,17,57,222,102,0,ok
train/2-50/95.jpg,2,50,112,112,17,57,172,107,0,ok
train/2-50/97.jpg,2,50,112,112,66,192,107,51,270,ok
train/2-55/0.jpg,2,55,112,112,22,164,109,51,270,ok
train/2-55/1.jpg,2,55,112,112,17,167,107,2,270,ok
train/2-55/10.jpg,2,55,112,112,17,167,109,51,270,ok
train/2-55/11.jpg,2,55,112,112,57,17,222,107,0,ok
train/2-55/12.jpg,2,55,112,112,167,207,52,115,180,ok
train/2-55/13.jpg,2,55,112,112,167,207,48,115,180,ok
train/2-55/15.jpg,2,55,112,112,196,63,115,175,90,ok
train/2-55/16.jpg,2,55,112,112,57,17,222,107,0,ok
train/2-55/17.jpg,2,55,112,112,192,66,115,171,90,ok
train/2-55/2.jpg,2,55,112,112,65,31,172,109,0,ok
train/2-55/20.jpg,2,55,112,112,196,63,115,171,90,ok
train/2-55/21.jpg,2,55,112,112,57,17,172,109,0,ok
train/2-55/22.jpg,2,55,112,112,207,57,117,222,90,ok
train/2-55/23.jpg,2,55,112,112,57,17,222,107,0,ok
train/2-55/24.jpg,2,55,112,112,207,57,115,171,90,ok
train/2-55/26.jpg,2,55,112,112,165,204,5,117,180,ok
train/2-55/27.jpg,2,55,112,112,57,17,222,107,0,ok
train/2-55/29.jpg,2,55,112,112,167,207,51,115,180,ok
train/2-55/3.jpg,2,55,112,112,65,31,222,107,0,ok
train/2-55/30.jpg,2,55,112,112,65,31,172,109,0,ok
train/2-55/31.jpg,2,55,112,112,57,17,172,109,0,ok
train/2-55/32.jpg,2,55,112,112,167,207,2,117,180,ok
train/2-55/33.jpg,2,55,112,112,65,31,172,109,0,ok
train/2-55/35.jpg,2,55,112,112,166,206,2,117,180,ok
train/2-55/36.jpg,2,55,112,112,57,17,222,107,0,ok
train/2-55/38.jpg,2,55,112,112,32,158,109,51,270,ok
train/2-55/39.jpg,2,55,112,112,65,31,180,109,0,ok
train/2-55/4.jpg,2,55,112,112,167,207,2,117,180,ok
train/2-55/40.jpg,2,55,112,112,57,17,202,108,0,ok
train/2-55/41.jpg,2,55,112,112,17,167,109,47,270,ok
train/2-55/42.jpg,2,55,112,112,57,17,172,109,0,ok
train/2-55/43.jpg,2,55,112,112,167,207,2,117,180,ok
train/2-55/44.jpg,2,55,112,112,65,31,172,109,0,ok
train/2-55/45.jpg,2,55,112,112,27,161,109,51,270,ok
train/2-55/46.jpg,2,55,112,112,158,192,52,115,180,ok
train/2-55/47.jpg,2,55,112,112,158,192,52,115,180,ok
train/2-55/48.jpg,2,55,112,112,57,17,222,107,0,ok
train/2-55/49.jpg,2,55,112,112,65,31,178,109,0,ok
train/2-55/5.jpg,2,55,112,112,32,158,109,51,270,ok
train/2-55/54.jpg,2,55,112,112,57,17,222,107,0,ok
train/2-55/55.jpg,2,55,112,112,57,17,222,107,0,ok
train/2-55/56.jpg,2,55,112,112,65,31,172,109,0,ok
train/2-55/57.jpg,2,55,112,112,57,17,222,107,0,ok
train/2-55/58.jpg,2,55,112,112,57,17,222,107,0,ok
train/2-55/59.jpg,2,55,112,112,62,25,176,109,0,ok
train/2-55/6.jpg,2,55,112,112,207,57,117,222,90,ok
train/2-55/60.jpg,2,55,112,112,57,17,172,109,0,ok
train/2-55/62.jpg,2,55,112,112,27,161,109,51,270,ok
train/2-55/63.jpg,2,55,112,112,57,17,172,109,0,ok
train/2-55/66.jpg,2,55,112,112,57,17,172,109,0,ok
train/2-55/67.jpg,2,55,112,112,32,158,109,51,270,ok
train/2-55/68.jpg,2,55,112,112,158,192,52,115,180,ok
train/2-55/69.jpg,2,55,112,112,207,57,117,222,90,ok
train/2-55/7.jpg,2,55,112,112,17,167,109,44,270,ok
train/2-55/70.jpg,2,55,112,112,166,206,2,117,180,ok
train/2-55/72.jpg,2,55,112,112,205,58,115,171,90,ok
train/2-55/73.jpg,2,55,112,112,65,31,221,107,0,ok
train/2-55/75.jpg,2,55,112,112,192,66,115,171,90,ok
train/2-55/76.jpg,2,55,112,112,35,157,107,3,270,ok
train/2-55/77.jpg,2,55,112,112,207,57,117,222,90,ok
train/2-55/79.jpg,2,55,112,112,167,207,30,116,180,ok
train/2-55/8.jpg,2,55,112,112,62,26,172,109,0,ok
train/2-55/80.jpg,2,55,112,112,167,207,52,115,180,ok
train/2-55/81.jpg,2,55,112,112,207,57,117,222,90,ok
train/2-55/82.jpg,2,55,112,112,57,17,222,107,0,ok
train/2-55/83.jpg,2,55,112,112,57,17,222,107,0,ok
train/2-55/84.jpg,2,55,112,112,207,57,115,171,90,ok
train/2-55/85.jpg,2,55,112,112,158,192,2,117,180,ok
train/2-55/86.jpg,2,55,112,112,192,66,115,171,90,ok
train/2-55/87.jpg,2,55,112,112,17,167,109,51,270,ok
train/2-55/88.jpg,2,55,112,112,160,196,52,115,180,ok
train/2-55/89.jpg,2,55,112,112,167,207,52,115,180,ok
train/2-55/9.jpg,2,55,112,112,167,207,52,115,180,ok
train/2-55/90.jpg,2,55,112,112,207,57,117,222,90,ok
train/2-55/91.jpg,2,55,112,112,207,57,117,222,90,ok
train/2-55/92.jpg,2,55,112,112,207,57,117,222,90,ok
train/2-55/93.jpg,2,55,112,112,57,17,222,107,0,ok
train/2-55/95.jpg,2,55,112,112,60,22,172,109,0,ok
train/2-55/98.jpg,2,55,112,112,17,167,109,51,270,ok
train/2-55/99.jpg,2,55,112,112,207,57,115,171,90,ok
train/3-00/0.jpg,3,0,112,112,205,112,112,172,90,ok
train/3-00/1.jpg,3,0,112,112,2,112,112,2,270,ok
train/3-00/11.jpg,3,0,112,112,112,2,222,112,0,ok
train/3-00/13.jpg,3,0,112,112,112,2,173,112,0,ok
train/3-00/15.jpg,3,0,112,112,112,17,175,112,0,ok
train/3-00/17.jpg,3,0,112,112,112,14,173,112,0,ok
train/3-00/18.jpg,3,0,112,112,112,2,219,112,0,ok
train/3-00/19.jpg,3,0,112,112,112,205,51,112,180,ok
train/3-00/20.jpg,3,0,112,112,112,204,51,112,180,ok
train/3-00/21.jpg,3,0,112,112,112,16,173,112,0,ok
train/3-00/22.jpg,3,0,112,112,112,2,222,112,0,ok
train/3-00/24.jpg,3,0,112,112,112,2,173,112,0,ok
train/3-00/25.jpg,3,0,112,112,222,112,112,222,90,ok
train/3-00/27.jpg,3,0,112,112,112,2,222,112,0,ok
train/3-00/29.jpg,3,0,112,112,112,2,222,112,0,ok
train/3-00/3.jpg,3,0,112,112,112,222,18,112,180,ok
train/3-00/30.jpg,3,0,112,112,112,2,173,112,0,ok
train/3-00/31.jpg,3,0,112,112,2,112,112,50,270,ok
train/3-00/32.jpg,3,0,112,112,112,2,222,112,0,ok
train/3-00/33.jpg,3,0,112,112,205,112,112,172,90,ok
train/3-00/34.jpg,3,0,112,112,112,18,173,112,0,ok
train/3-00/35.jpg,3,0,112,112,112,2,222,112,0,ok
train/3-00/36.jpg,3,0,112,112,222,112,112,222,90,ok
train/3-00/37.jpg,3,0,112,112,112,39,220,112,0,ok
train/3-00/38.jpg,3,0,112,112,112,204,51,112,180,ok
train/3-00/39.jpg,3,0,112,112,112,2,179,112,0,ok
train/3-00/4.jpg,3,0,112,112,2,112,112,2,270,ok
train/3-00/40.jpg,3,0,112,112,112,222,2,112,180,ok
train/3-00/41.jpg,3,0,112,112,112,2,222,112,0,ok
train/3-00/42.jpg,3,0,112,112,112,2,173,112,0,ok
train/3-00/43.jpg,3,0,112,112,2,112,112,2,270,ok
train/3-00/45.jpg,3,0,112,112,112,204,51,112,180,ok
train/3-00/47.jpg,3,0,112,112,19,112,112,50,270,ok
train/3-00/48.jpg,3,0,112,112,112,2,222,112,0,ok
train/3-00/49.jpg,3,0,112,112,2,112,112,46,270,ok
train/3-00/50.jpg,3,0,112,112,112,2,222,112,0,ok
train/3-00/51.jpg,3,0,112,112,112,2,173,112,0,ok
train/3-00/52.jpg,3,0,112,112,112,2,221,112,0,ok
train/3-00/53.jpg,3,0,112,112,221,112,112,222,90,ok
train/3-00/54.jpg,3,0,112,112,112,2,222,112,0,ok
train/3-00/55.jpg,3,0,112,112,222,112,112,222,90,ok
train/3-00/56.jpg,3,0,112,112,209,112,112,172,90,ok
train/3-00/59.jpg,3,0,112,112,211,112,112,177,90,ok
train/3-00/60.jpg,3,0,112,112,112,12,173,112,0,ok
train/3-00/61.jpg,3,0,112,112,112,18,173,112,0,ok
train/3-00/62.jpg,3,0,112,112,112,204,51,112,180,ok
train/3-00/63.jpg,3,0,112,112,205,112,112,172,90,ok
train/3-00/64.jpg,3,0,112,112,112,16,173,112,0,ok
train/3-00/66.jpg,3,0,112,112,12,112,112,50,270,ok
train/3-00/68.jpg,3,0,112,112,205,112,112,172,90,ok
train/3-00/69.jpg,3,0,112,112,112,222,2,112,180,ok
train/3-00/7.jpg,3,0,112,112,112,2,222,112,0,ok
train/3-00/71.jpg,3,0,112,112,112,222,2,112,180,ok
train/3-00/72.jpg,3,0,112,112,221,112,112,172,90,ok
train/3-00/73.jpg,3,0,112,112,112,18,222,112,0,ok
train/3-00/74.jpg,3,0,112,112,112,2,222,112,0,ok
train/3-00/75.jpg,3,0,112,112,112,204,51,112,180,ok
train/3-00/76.jpg,3,0,112,112,112,3,198,112,0,ok
train/3-00/78.jpg,3,0,112,112,112,18,173,112,0,ok
train/3-00/79.jpg,3,0,112,112,112,2,222,112,0,ok
train/3-00/80.jpg,3,0,112,112,19,112,112,50,270,ok
train/3-00/81.jpg,3,0,112,112,2,112,112,2,270,ok
train/3-00/82.jpg,3,0,112,112,112,222,2,112,180,ok
train/3-00/83.jpg,3,0,112,112,112,2,222,112,0,ok
train/3-00/84.jpg,3,0,112,112,112,204,51,112,180,ok
train/3-00/85.jpg,3,0,112,112,112,14,222,112,0,ok
train/3-00/86.jpg,3,0,112,112,112,18,173,112,0,ok
train/3-00/87.jpg,3,0,112,112,112,222,51,112,180,ok
train/3-00/88.jpg,3,0,112,112,112,17,173,112,0,ok
train/3-00/89.jpg,3,0,112,112,112,2,173,112,0,ok
train/3-00/9.jpg,3,0,112,112,112,222,51,112,180,ok
train/3-00/90.jpg,3,0,112,112,112,2,222,112,0,ok
train/3-00/91.jpg,3,0,112,112,112,2,222,112,0,ok
train/3-00/92.jpg,3,0,112,112,112,2,173,112,0,ok
train/3-00/93.jpg,3,0,112,112,222,112,112,222,90,ok
train/3-00/95.jpg,3,0,112,112,112,18,173,112,0,ok
train/3-00/96.jpg,3,0,112,112,112,204,51,112,180,ok
train/3-00/97.jpg,3,0,112,112,112,204,51,112,180,ok
train/3-00/98.jpg,3,0,112,112,112,18,173,112,0,ok
train/3-00/99.jpg,3,0,112,112,112,2,173,112,0,ok
train/3-05/0.jpg,3,5,112,112,192,158,109,172,90,ok
train/3-05/1.jpg,3,5,112,112,17,57,117,2,270,ok
train/3-05/10.jpg,3,5,112,112,159,31,171,115,0,ok
train/3-05/12.jpg,3,5,112,112,207,167,109,172,90,ok
train/3-05/13.jpg,3,5,112,112,167,17,173,115,0,ok
train/3-05/14.jpg,3,5,112,112,167,17,222,117,0,ok
train/3-05/15.jpg,3,5,112,112,160,28,175,115,0,ok
train/3-05/16.jpg,3,5,112,112,167,17,222,117,0,ok
train/3-05/17.jpg,3,5,112,112,163,24,171,115,0,ok
train/3-05/18.jpg,3,5,112,112,167,17,219,117,0,ok
train/3-05/19.jpg,3,5,112,112,31,65,115,52,270,ok
train/3-05/2.jpg,3,5,112,112,167,17,171,115,0,ok
train/3-05/21.jpg,3,5,112,112,167,17,171,115,0,ok
train/3-05/22.jpg,3,5,112,112,57,207,2,107,180,ok
train/3-05/23.jpg,3,5,112,112,207,167,107,222,90,ok
train/3-05/25.jpg,3,5,112,112,57,207,2,107,180,ok
train/3-05/26.jpg,3,5,112,112,59,204,4,107,180,ok
train/3-05/27.jpg,3,5,112,112,167,17,222,117,0,ok
train/3-05/28.jpg,3,5,112,112,167,17,171,115,0,ok
train/3-05/29.jpg,3,5,112,112,167,17,172,115,0,ok
train/3-05/31.jpg,3,5,112,112,158,31,171,115,0,ok
train/3-05/32.jpg,3,5,112,112,207,167,107,222,90,ok
train/3-05/33.jpg,3,5,112,112,158,31,171,115,0,ok
train/3-05/34.jpg,3,5,112,112,17,57,115,52,270,ok
train/3-05/35.jpg,3,5,112,112,206,166,107,222,90,ok
train/3-05/36.jpg,3,5,112,112,167,17,222,117,0,ok
train/3-05/4.jpg,3,5,112,112,57,207,2,107,180,ok
train/3-05/41.jpg,3,5,112,112,167,17,222,117,0,ok
train/3-05/42.jpg,3,5,112,112,17,57,115,52,270,ok
train/3-05/43.jpg,3,5,112,112,17,57,117,2,270,ok
train/3-05/44.jpg,3,5,112,112,161,27,171,115,0,ok
train/3-05/45.jpg,3,5,112,112,61,199,51,109,180,ok
train/3-05/46.jpg,3,5,112,112,158,31,171,115,0,ok
train/3-05/48.jpg,3,5,112,112,167,17,222,117,0,ok
train/3-05/49.jpg,3,5,112,112,167,17,177,115,0,ok
train/3-05/5.jpg,3,5,112,112,166,18,171,115,0,ok
train/3-05/52.jpg,3,5,112,112,57,207,2,107,180,ok
train/3-05/53.jpg,3,5,112,112,166,18,222,117,0,ok
train/3-05/55.jpg,3,5,112,112,57,207,2,107,180,ok
train/3-05/56.jpg,3,5,112,112,161,27,171,115,0,ok
train/3-05/57.jpg,3,5,112,112,167,17,222,117,0,ok
train/3-05/58.jpg,3,5,112,112,167,17,192,115,0,ok
train/3-05/6.jpg,3,5,112,112,167,17,222,117,0,ok
train/3-05/61.jpg,3,5,112,112,192,158,109,172,90,ok
train/3-05/62.jpg,3,5,112,112,64,195,51,109,180,ok
train/3-05/63.jpg,3,5,112,112,160,28,171,115,0,ok
train/3-05/64.jpg,3,5,112,112,66,192,51,109,180,ok
train/3-05/65.jpg,3,5,112,112,167,17,222,117,0,ok
train/3-05/66.jpg,3,5,112,112,161,27,171,115,0,ok
train/3-05/67.jpg,3,5,112,112,167,17,173,115,0,ok
train/3-05/68.jpg,3,5,112,112,66,192,45,109,180,ok
train/3-05/69.jpg,3,5,112,112,57,207,2,107,180,ok
train/3-05/7.jpg,3,5,112,112,207,167,109,179,90,ok
train/3-05/70.jpg,3,5,112,112,17,57,117,3,270,ok
train/3-05/71.jpg,3,5,112,112,167,17,222,117,0,ok
train/3-05/72.jpg,3,5,112,112,167,17,171,115,0,ok
train/3-05/73.jpg,3,5,112,112,66,192,2,107,180,ok
train/3-05/74.jpg,3,5,112,112,167,17,222,117,0,ok
train/3-05/75.jpg,3,5,112,112,199,162,109,172,90,ok
train/3-05/76.jpg,3,5,112,112,68,188,3,107,180,ok
train/3-05/77.jpg,3,5,112,112,167,17,222,117,0,ok
train/3-05/78.jpg,3,5,112,112,192,158,109,172,90,ok
train/3-05/79.jpg,3,5,112,112,167,17,222,117,0,ok
train/3-05/8.jpg,3,5,112,112,160,28,171,115,0,ok
train/3-05/81.jpg,3,5,112,112,17,57,117,2,270,ok
train/3-05/82.jpg,3,5,112,112,167,17,222,117,0,ok
train/3-05/83.jpg,3,5,112,112,167,17,222,117,0,ok
train/3-05/84.jpg,3,5,112,112,167,17,171,115,0,ok
train/3-05/87.jpg,3,5,112,112,28,64,115,52,270,ok
train/3-05/88.jpg,3,5,112,112,196,160,109,172,90,ok
train/3-05/89.jpg,3,5,112,112,167,17,171,115,0,ok
train/3-05/9.jpg,3,5,112,112,196,160,109,172,90,ok
train/3-05/90.jpg,3,5,112,112,207,167,107,222,90,ok
train/3-05/91.jpg,3,5,112,112,207,167,107,222,90,ok
train/3-05/93.jpg,3,5,112,112,167,17,222,117,0,ok
train/3-05/94.jpg,3,5,112,112,60,202,20,108,180,ok
train/3-05/95.jpg,3,5,112,112,167,17,171,115,0,ok
train/3-05/96.jpg,3,5,112,112,195,160,109,172,90,ok
train/3-05/97.jpg,3,5,112,112,159,31,171,115,0,ok
train/3-05/98.jpg,3,5,112,112,160,28,171,115,0,ok
train/3-10/1.jpg,3,10,112,112,207,57,222,122,0,ok
train/3-10/10.jpg,3,10,112,112,194,64,171,117,0,ok
train/3-10/11.jpg,3,10,112,112,207,57,222,122,0,ok
train/3-10/12.jpg,3,10,112,112,32,158,51,107,180,ok
train/3-10/14.jpg,3,10,112,112,207,57,222,122,0,ok
train/3-10/15.jpg,3,10,112,112,193,65,175,117,0,ok
train/3-10/16.jpg,3,10,112,112,207,57,222,122,0,ok
train/3-10/17.jpg,3,10,112,112,32,158,51,107,180,ok
train/3-10/18.jpg,3,10,112,112,167,207,103,219,90,ok
train/3-10/19.jpg,3,10,112,112,32,158,51,107,180,ok
train/3-10/2.jpg,3,10,112,112,193,66,171,117,0,ok
train/3-10/20.jpg,3,10,112,112,161,197,107,172,90,ok
train/3-10/21.jpg,3,10,112,112,197,63,171,117,0,ok
train/3-10/23.jpg,3,10,112,112,207,57,222,122,0,ok
train/3-10/24.jpg,3,10,112,112,207,57,171,117,0,ok
train/3-10/25.jpg,3,10,112,112,207,57,201,120,0,ok
train/3-10/27.jpg,3,10,112,112,207,57,222,122,0,ok
train/3-10/29.jpg,3,10,112,112,207,57,172,117,0,ok
train/3-10/3.jpg,3,10,112,112,167,207,102,222,90,ok
train/3-10/31.jpg,3,10,112,112,158,192,107,172,90,ok
train/3-10/32.jpg,3,10,112,112,167,207,102,222,90,ok
train/3-10/33.jpg,3,10,112,112,30,160,51,107,180,ok
train/3-10/34.jpg,3,10,112,112,192,66,171,117,0,ok
train/3-10/35.jpg,3,10,112,112,17,167,2,102,180,ok
train/3-10/37.jpg,3,10,112,112,160,196,106,185,90,ok
train/3-10/38.jpg,3,10,112,112,192,66,171,117,0,ok
train/3-10/39.jpg,3,10,112,112,207,57,176,118,0,ok
train/3-10/4.jpg,3,10,112,112,167,207,102,222,90,ok
train/3-10/40.jpg,3,10,112,112,167,207,104,202,90,ok
train/3-10/41.jpg,3,10,112,112,207,57,222,122,0,ok
train/3-10/42.jpg,3,10,112,112,207,57,171,117,0,ok
train/3-10/43.jpg,3,10,112,112,167,207,103,221,90,ok
train/3-10/44.jpg,3,10,112,112,192,66,171,117,0,ok
train/3-10/45.jpg,3,10,112,112,62,25,117,52,270,ok
train/3-10/46.jpg,3,10,112,112,192,66,171,117,0,ok
train/3-10/47.jpg,3,10,112,112,207,57,171,117,0,ok
train/3-10/48.jpg,3,10,112,112,207,57,222,122,0,ok
train/3-10/49.jpg,3,10,112,112,207,57,177,118,0,ok
train/3-10/5.jpg,3,10,112,112,158,192,107,172,90,ok
train/3-10/51.jpg,3,10,112,112,167,207,107,172,90,ok
train/3-10/56.jpg,3,10,112,112,162,199,107,172,90,ok
train/3-10/57.jpg,3,10,112,112,167,207,102,222,90,ok
train/3-10/58.jpg,3,10,112,112,207,57,221,121,0,ok
train/3-10/59.jpg,3,10,112,112,167,207,106,178,90,ok
train/3-10/60.jpg,3,10,112,112,17,167,51,107,180,ok
train/3-10/61.jpg,3,10,112,112,58,19,117,52,270,ok
train/3-10/63.jpg,3,10,112,112,194,64,171,117,0,ok
train/3-10/65.jpg,3,10,112,112,166,206,102,222,90,ok
train/3-10/66.jpg,3,10,112,112,198,62,171,117,0,ok
train/3-10/67.jpg,3,10,112,112,207,57,175,117,0,ok
train/3-10/68.jpg,3,10,112,112,65,31,117,52,270,ok
train/3-10/69.jpg,3,10,112,112,207,57,222,122,0,ok
train/3-10/7.jpg,3,10,112,112,207,57,180,118,0,ok
train/3-10/70.jpg,3,10,112,112,17,167,3,103,180,ok
train/3-10/73.jpg,3,10,112,112,17,167,2,102,180,ok
train/3-10/74.jpg,3,10,112,112,207,57,222,122,0,ok
train/3-10/75.jpg,3,10,112,112,201,60,171,117,0,ok
train/3-10/76.jpg,3,10,112,112,68,36,121,3,270,ok
train/3-10/78.jpg,3,10,112,112,192,66,171,117,0,ok
train/3-10/79.jpg,3,10,112,112,57,17,122,2,270,ok
train/3-10/8.jpg,3,10,112,112,32,158,51,107,180,ok
train/3-10/80.jpg,3,10,112,112,158,192,107,172,90,ok
train/3-10/81.jpg,3,10,112,112,207,57,222,122,0,ok
train/3-10/82.jpg,3,10,112,112,17,167,2,102,180,ok
train/3-10/84.jpg,3,10,112,112,167,207,107,172,90,ok
train/3-10/85.jpg,3,10,112,112,57,17,122,2,270,ok
train/3-10/86.jpg,3,10,112,112,29,160,51,107,180,ok
train/3-10/88.jpg,3,10,112,112,196,63,171,117,0,ok
train/3-10/89.jpg,3,10,112,112,207,57,171,117,0,ok
train/3-10/9.jpg,3,10,112,112,198,62,171,117,0,ok
train/3-10/90.jpg,3,10,112,112,167,207,102,222,90,ok
train/3-10/91.jpg,3,10,112,112,207,57,222,122,0,ok
train/3-10/92.jpg,3,10,112,112,207,57,195,119,0,ok
train/3-10/93.jpg,3,10,112,112,207,57,222,122,0,ok
train/3-10/94.jpg,3,10,112,112,166,206,104,203,90,ok
train/3-10/95.jpg,3,10,112,112,18,167,51,107,180,ok
train/3-10/96.jpg,3,10,112,112,207,57,171,117,0,ok
train/3-10/97.jpg,3,10,112,112,198,62,171,117,0,ok
train/3-10/98.jpg,3,10,112,112,197,63,171,117,0,ok
train/3-10/99.jpg,3,10,112,112,192,66,171,117,0,ok
train/3-15/0.jpg,3,15,112,112,205,112,171,120,0,ok
train/3-15/10.jpg,3,15,112,112,207,112,171,120,0,ok
train/3-15/11.jpg,3,15,112,112,222,112,221,126,0,ok
train/3-15/12.jpg,3,15,112,112,112,2,120,52,270,ok
train/3-15/14.jpg,3,15,112,112,222,112,221,126,0,ok
train/3-15/15.jpg,3,15,112,112,205,112,174,120,0,ok
train/3-15/16.jpg,3,15,112,112,222,112,221,126,0,ok
train/3-15/17.jpg,3,15,112,112,19,112,51,104,180,ok
train/3-15/18.jpg,3,15,112,112,112,4,122,33,270,ok
train/3-15/19.jpg,3,15,112,112,112,18,120,52,270,ok
train/3-15/2.jpg,3,15,112,112,112,222,104,172,90,ok
train/3-15/20.jpg,3,15,112,112,208,112,171,120,0,ok
train/3-15/22.jpg,3,15,112,112,222,112,220,126,0,ok
train/3-15/25.jpg,3,15,112,112,112,222,98,221,90,ok
train/3-15/26.jpg,3,15,112,112,112,4,126,6,270,ok
train/3-15/27.jpg,3,15,112,112,222,112,221,126,0,ok
train/3-15/28.jpg,3,15,112,112,112,222,104,172,90,ok
train/3-15/29.jpg,3,15,112,112,222,112,171,120,0,ok
train/3-15/3.jpg,3,15,112,112,112,222,98,221,90,ok
train/3-15/30.jpg,3,15,112,112,221,112,171,120,0,ok
train/3-15/31.jpg,3,15,112,112,112,14,120,52,270,ok
train/3-15/32.jpg,3,15,112,112,222,112,221,126,0,ok
train/3-15/33.jpg,3,15,112,112,112,18,120,52,270,ok
train/3-15/34.jpg,3,15,112,112,112,2,120,52,270,ok
train/3-15/35.jpg,3,15,112,112,112,2,126,3,270,ok
train/3-15/36.jpg,3,15,112,112,222,112,221,126,0,ok
train/3-15/38.jpg,3,15,112,112,221,112,171,120,0,ok
train/3-15/39.jpg,3,15,112,112,206,112,179,121,0,ok
train/3-15/4.jpg,3,15,112,112,222,112,221,126,0,ok
train/3-15/40.jpg,3,15,112,112,112,2,120,48,270,ok
train/3-15/41.jpg,3,15,112,112,2,112,3,98,180,ok
train/3-15/42.jpg,3,15,112,112,222,112,171,120,0,ok
train/3-15/43.jpg,3,15,112,112,112,222,98,221,90,ok
train/3-15/44.jpg,3,15,112,112,112,204,104,172,90,ok
train/3-15/45.jpg,3,15,112,112,112,208,104,172,90,ok
train/3-15/46.jpg,3,15,112,112,207,112,171,120,0,ok
train/3-15/47.jpg,3,15,112,112,222,112,171,120,0,ok
train/3-15/48.jpg,3,15,112,112,222,112,221,126,0,ok
train/3-15/49.jpg,3,15,112,112,222,112,177,121,0,ok
train/3-15/50.jpg,3,15,112,112,222,112,221,126,0,ok
train/3-15/52.jpg,3,15,112,112,222,112,221,126,0,ok
train/3-15/55.jpg,3,15,112,112,112,222,98,221,90,ok
train/3-15/56.jpg,3,15,112,112,112,18,120,52,270,ok
train/3-15/57.jpg,3,15,112,112,222,112,221,126,0,ok
train/3-15/58.jpg,3,15,112,112,222,112,221,126,0,ok
train/3-15/59.jpg,3,15,112,112,112,18,121,45,270,ok
train/3-15/61.jpg,3,15,112,112,112,2,120,52,270,ok
train/3-15/62.jpg,3,15,112,112,17,112,51,104,180,ok
train/3-15/63.jpg,3,15,112,112,206,112,171,120,0,ok
train/3-15/64.jpg,3,15,112,112,205,112,171,120,0,ok
train/3-15/65.jpg,3,15,112,112,222,112,221,126,0,ok
train/3-15/68.jpg,3,15,112,112,112,18,120,52,270,ok
train/3-15/69.jpg,3,15,112,112,222,112,221,126,0,ok
train/3-15/7.jpg,3,15,112,112,222,112,193,123,0,ok
train/3-15/70.jpg,3,15,112,112,112,221,98,221,90,ok
train/3-15/72.jpg,3,15,112,112,222,112,171,120,0,ok
train/3-15/73.jpg,3,15,112,112,112,222,98,221,90,ok
train/3-15/74.jpg,3,15,112,112,222,112,221,126,0,ok
train/3-15/75.jpg,3,15,112,112,112,2,120,52,270,ok
train/3-15/76.jpg,3,15,112,112,112,220,98,219,90,ok
train/3-15/77.jpg,3,15,112,112,112,2,126,3,270,ok
train/3-15/80.jpg,3,15,112,112,222,112,171,120,0,ok
train/3-15/81.jpg,3,15,112,112,222,112,221,126,0,ok
train/3-15/82.jpg,3,15,112,112,112,222,98,221,90,ok
train/3-15/83.jpg,3,15,112,112,222,112,221,126,0,ok
train/3-15/84.jpg,3,15,112,112,112,2,120,52,270,ok
train/3-15/86.jpg,3,15,112,112,112,18,120,52,270,ok
train/3-15/87.jpg,3,15,112,112,16,112,51,104,180,ok
train/3-15/88.jpg,3,15,112,112,112,211,104,172,90,ok
train/3-15/89.jpg,3,15,112,112,2,112,51,104,180,ok
train/3-15/9.jpg,3,15,112,112,112,208,104,172,90,ok
train/3-15/90.jpg,3,15,112,112,222,112,221,126,0,ok
train/3-15/91.jpg,3,15,112,112,222,112,221,126,0,ok
train/3-15/92.jpg,3,15,112,112,222,112,175,120,0,ok
train/3-15/93.jpg,3,15,112,112,222,112,221,126,0,ok
train/3-15/94.jpg,3,15,112,112,222,112,188,122,0,ok
train/3-15/95.jpg,3,15,112,112,112,5,120,52,270,ok
train/3-15/96.jpg,3,15,112,112,222,112,171,120,0,ok
train/3-15/97.jpg,3,15,112,112,14,112,51,104,180,ok
train/3-15/98.jpg,3,15,112,112,212,112,171,120,0,ok
train/3-20/0.jpg,3,20,112,112,199,162,171,122,0,ok
train/3-20/1.jpg,3,20,112,112,17,57,4,93,180,ok
train/3-20/11.jpg,3,20,112,112,57,207,93,220,90,ok
train/3-20/12.jpg,3,20,112,112,167,17,123,52,270,ok
train/3-20/13.jpg,3,20,112,112,28,64,52,101,180,ok
train/3-20/17.jpg,3,20,112,112,165,20,123,52,270,ok
train/3-20/18.jpg,3,20,112,112,57,207,100,178,90,ok
train/3-20/19.jpg,3,20,112,112,207,167,171,122,0,ok
train/3-20/20.jpg,3,20,112,112,195,160,171,122,0,ok
train/3-20/21.jpg,3,20,112,112,160,28,123,52,270,ok
train/3-20/22.jpg,3,20,112,112,17,57,4,93,180,ok
train/3-20/23.jpg,3,20,112,112,57,207,93,220,90,ok
train/3-20/24.jpg,3,20,112,112,167,17,123,52,270,ok
train/3-20/25.jpg,3,20,112,112,57,207,93,220,90,ok
train/3-20/27.jpg,3,20,112,112,207,167,220,131,0,ok
train/3-20/29.jpg,3,20,112,112,17,57,52,101,180,ok
train/3-20/3.jpg,3,20,112,112,17,57,4,93,180,ok
train/3-20/30.jpg,3,20,112,112,158,31,123,52,270,ok
train/3-20/31.jpg,3,20,112,112,194,159,171,122,0,ok
train/3-20/34.jpg,3,20,112,112,31,65,52,101,180,ok
train/3-20/35.jpg,3,20,112,112,206,166,220,131,0,ok
train/3-20/36.jpg,3,20,112,112,207,167,220,131,0,ok
train/3-20/37.jpg,3,20,112,112,196,160,185,125,0,ok
train/3-20/38.jpg,3,20,112,112,17,57,52,101,180,ok
train/3-20/39.jpg,3,20,112,112,193,158,178,124,0,ok
train/3-20/4.jpg,3,20,112,112,207,167,220,131,0,ok
train/3-20/40.jpg,3,20,112,112,57,207,102,171,90,ok
train/3-20/41.jpg,3,20,112,112,207,167,220,131,0,ok
train/3-20/42.jpg,3,20,112,112,57,207,102,171,90,ok
train/3-20/43.jpg,3,20,112,112,207,167,220,131,0,ok
train/3-20/44.jpg,3,20,112,112,17,57,52,101,180,ok
train/3-20/46.jpg,3,20,112,112,66,192,102,171,90,ok
train/3-20/47.jpg,3,20,112,112,207,167,171,122,0,ok
train/3-20/48.jpg,3,20,112,112,207,167,220,131,0,ok
train/3-20/49.jpg,3,20,112,112,158,31,123,52,270,ok
train/3-20/5.jpg,3,20,112,112,192,158,171,122,0,ok
train/3-20/50.jpg,3,20,112,112,207,167,220,131,0,ok
train/3-20/51.jpg,3,20,112,112,207,167,171,122,0,ok
train/3-20/52.jpg,3,20,112,112,167,17,131,4,270,ok
train/3-20/53.jpg,3,20,112,112,57,207,93,220,90,ok
train/3-20/54.jpg,3,20,112,112,207,167,220,131,0,ok
train/3-20/56.jpg,3,20,112,112,163,24,123,52,270,ok
train/3-20/58.jpg,3,20,112,112,207,167,177,123,0,ok
train/3-20/59.jpg,3,20,112,112,167,17,124,43,270,ok
train/3-20/6.jpg,3,20,112,112,207,167,220,131,0,ok
train/3-20/60.jpg,3,20,112,112,197,161,171,122,0,ok
train/3-20/62.jpg,3,20,112,112,17,57,52,101,180,ok
train/3-20/63.jpg,3,20,112,112,160,29,123,52,270,ok
train/3-20/64.jpg,3,20,112,112,66,192,102,171,90,ok
train/3-20/65.jpg,3,20,112,112,166,18,131,4,270,ok
train/3-20/66.jpg,3,20,112,112,23,60,52,101,180,ok
train/3-20/67.jpg,3,20,112,112,207,167,174,123,0,ok
train/3-20/68.jpg,3,20,112,112,66,192,102,171,90,ok
train/3-20/69.jpg,3,20,112,112,207,167,220,131,0,ok
train/3-20/7.jpg,3,20,112,112,17,57,28,97,180,ok
train/3-20/70.jpg,3,20,112,112,206,166,220,131,0,ok
train/3-20/71.jpg,3,20,112,112,207,167,220,131,0,ok
train/3-20/72.jpg,3,20,112,112,167,17,123,52,270,ok
train/3-20/74.jpg,3,20,112,112,207,167,220,131,0,ok
train/3-20/75.jpg,3,20,112,112,196,160,171,122,0,ok
train/3-20/76.jpg,3,20,112,112,189,156,219,131,0,ok
train/3-20/78.jpg,3,20,112,112,28,64,52,101,180,ok
train/3-20/79.jpg,3,20,112,112,17,57,4,93,180,ok
train/3-20/8.jpg,3,20,112,112,192,158,171,122,0,ok
train/3-20/80.jpg,3,20,112,112,207,167,171,122,0,ok
train/3-20/81.jpg,3,20,112,112,57,207,93,220,90,ok
train/3-20/82.jpg,3,20,112,112,207,167,220,131,0,ok
train/3-20/83.jpg,3,20,112,112,207,167,220,131,0,ok
train/3-20/84.jpg,3,20,112,112,17,57,52,101,180,ok
train/3-20/86.jpg,3,20,112,112,193,159,171,122,0,ok
train/3-20/88.jpg,3,20,112,112,24,61,52,101,180,ok
train/3-20/89.jpg,3,20,112,112,207,167,171,122,0,ok
train/3-20/9.jpg,3,20,112,112,65,193,102,171,90,ok
train/3-20/90.jpg,3,20,112,112,207,167,220,131,0,ok
train/3-20/92.jpg,3,20,112,112,207,167,220,131,0,ok
train/3-20/93.jpg,3,20,112,112,207,167,220,131,0,ok
train/3-20/95.jpg,3,20,112,112,166,18,123,52,270,ok
train/3-20/96.jpg,3,20,112,112,192,158,171,122,0,ok
train/3-20/97.jpg,3,20,112,112,206,166,171,122,0,ok
train/3-20/98.jpg,3,20,112,112,163,24,123,52,270,ok
train/3-25/0.jpg,3,25,112,112,201,60,125,53,270,ok
train/3-25/1.jpg,3,25,112,112,167,207,219,136,0,ok
train/3-25/10.jpg,3,25,112,112,167,207,170,125,0,ok
train/3-25/11.jpg,3,25,112,112,167,207,219,136,0,ok
train/3-25/12.jpg,3,25,112,112,167,207,170,125,0,ok
train/3-25/13.jpg,3,25,112,112,65,31,52,99,180,ok
train/3-25/14.jpg,3,25,112,112,167,207,219,136,0,ok
train/3-25/15.jpg,3,25,112,112,30,160,98,174,90,ok
train/3-25/17.jpg,3,25,112,112,158,192,170,125,0,ok
train/3-25/18.jpg,3,25,112,112,57,17,46,97,180,ok
train/3-25/19.jpg,3,25,112,112,57,17,52,99,180,ok
train/3-25/2.jpg,3,25,112,112,160,194,170,125,0,ok
train/3-25/20.jpg,3,25,112,112,163,200,170,125,0,ok
train/3-25/21.jpg,3,25,112,112,57,17,52,99,180,ok
train/3-25/22.jpg,3,25,112,112,57,17,5,88,180,ok
train/3-25/24.jpg,3,25,112,112,207,57,125,53,270,ok
train/3-25/26.jpg,3,25,112,112,65,31,7,89,180,ok
train/3-25/27.jpg,3,25,112,112,167,207,219,136,0,ok
train/3-25/28.jpg,3,25,112,112,65,31,52,99,180,ok
train/3-25/3.jpg,3,25,112,112,158,193,219,136,0,ok
train/3-25/30.jpg,3,25,112,112,158,192,170,125,0,ok
train/3-25/33.jpg,3,25,112,112,159,193,170,125,0,ok
train/3-25/34.jpg,3,25,112,112,64,30,52,99,180,ok
train/3-25/35.jpg,3,25,112,112,57,17,5,88,180,ok
train/3-25/36.jpg,3,25,112,112,167,207,219,136,0,ok
train/3-25/39.jpg,3,25,112,112,167,207,175,126,0,ok
train/3-25/4.jpg,3,25,112,112,57,17,5,88,180,ok
train/3-25/41.jpg,3,25,112,112,167,207,219,136,0,ok
train/3-25/42.jpg,3,25,112,112,57,17,52,99,180,ok
train/3-25/43.jpg,3,25,112,112,57,17,5,88,180,ok
train/3-25/45.jpg,3,25,112,112,24,163,99,171,90,ok
train/3-25/46.jpg,3,25,112,112,158,192,170,125,0,ok
train/3-25/47.jpg,3,25,112,112,29,160,99,171,90,ok
train/3-25/48.jpg,3,25,112,112,167,207,219,136,0,ok
train/3-25/49.jpg,3,25,112,112,167,207,176,126,0,ok
train/3-25/5.jpg,3,25,112,112,64,30,52,99,180,ok
train/3-25/50.jpg,3,25,112,112,167,207,219,136,0,ok
train/3-25/51.jpg,3,25,112,112,207,57,125,53,270,ok
train/3-25/52.jpg,3,25,112,112,167,207,219,136,0,ok
train/3-25/53.jpg,3,25,112,112,17,167,88,219,90,ok
train/3-25/54.jpg,3,25,112,112,167,207,219,136,0,ok
train/3-25/55.jpg,3,25,112,112,167,207,219,136,0,ok
train/3-25/56.jpg,3,25,112,112,193,65,125,53,270,ok
train/3-25/57.jpg,3,25,112,112,167,207,219,136,0,ok
train/3-25/58.jpg,3,25,112,112,200,61,125,51,270,ok
train/3-25/59.jpg,3,25,112,112,27,161,97,181,90,ok
train/3-25/6.jpg,3,25,112,112,167,207,219,136,0,ok
train/3-25/61.jpg,3,25,112,112,163,200,170,125,0,ok
train/3-25/62.jpg,3,25,112,112,167,207,170,125,0,ok
train/3-25/64.jpg,3,25,112,112,167,207,170,125,0,ok
train/3-25/65.jpg,3,25,112,112,17,167,88,219,90,ok
train/3-25/66.jpg,3,25,112,112,167,207,170,125,0,ok
train/3-25/67.jpg,3,25,112,112,167,207,173,125,0,ok
train/3-25/68.jpg,3,25,112,112,32,158,99,171,90,ok
train/3-25/70.jpg,3,25,112,112,166,206,219,136,0,ok
train/3-25/71.jpg,3,25,112,112,17,167,88,219,90,ok
train/3-25/72.jpg,3,25,112,112,207,57,125,53,270,ok
train/3-25/73.jpg,3,25,112,112,167,207,218,136,0,ok
train/3-25/74.jpg,3,25,112,112,167,207,219,136,0,ok
train/3-25/75.jpg,3,25,112,112,160,194,170,125,0,ok
train/3-25/76.jpg,3,25,112,112,35,157,88,218,90,ok
train/3-25/77.jpg,3,25,112,112,57,17,5,88,180,ok
train/3-25/79.jpg,3,25,112,112,57,17,5,88,180,ok
train/3-25/8.jpg,3,25,112,112,159,193,170,125,0,ok
train/3-25/80.jpg,3,25,112,112,57,17,52,99,180,ok
train/3-25/82.jpg,3,25,112,112,167,207,219,136,0,ok
train/3-25/83.jpg,3,25,112,112,167,207,219,136,0,ok
train/3-25/84.jpg,3,25,112,112,207,57,125,53,270,ok
train/3-25/87.jpg,3,25,112,112,167,207,170,125,0,ok
train/3-25/88.jpg,3,25,112,112,164,201,170,125,0,ok
train/3-25/9.jpg,3,25,112,112,164,203,170,125,0,ok
train/3-25/90.jpg,3,25,112,112,167,207,219,136,0,ok
train/3-25/91.jpg,3,25,112,112,167,207,219,136,0,ok
train/3-25/92.jpg,3,25,112,112,207,57,136,5,270,ok
train/3-25/93.jpg,3,25,112,112,167,207,219,136,0,ok
train/3-25/94.jpg,3,25,112,112,207,57,136,5,270,ok
train/3-25/95.jpg,3,25,112,112,17,167,99,171,90,ok
train/3-25/97.jpg,3,25,112,112,17,167,99,171,90,ok
train/3-25/98.jpg,3,25,112,112,167,207,170,125,0,ok
train/3-25/99.jpg,3,25,112,112,32,158,99,171,90,ok
train/3-30/0.jpg,3,30,112,112,112,8,53,96,180,ok
train/3-30/1.jpg,3,30,112,112,112,222,218,140,0,ok
train/3-30/10.jpg,3,30,112,112,112,204,170,128,0,ok
train/3-30/11.jpg,3,30,112,112,112,222,218,140,0,ok
train/3-30/12.jpg,3,30,112,112,2,112,96,170,90,ok
train/3-30/13.jpg,3,30,112,112,112,222,170,128,0,ok
train/3-30/14.jpg,3,30,112,112,112,222,218,140,0,ok
train/3-30/15.jpg,3,30,112,112,112,205,173,128,0,ok
train/3-30/17.jpg,3,30,112,112,112,204,170,128,0,ok
train/3-30/19.jpg,3,30,112,112,112,222,170,128,0,ok
train/3-30/2.jpg,3,30,112,112,112,222,170,128,0,ok
train/3-30/20.jpg,3,30,112,112,112,215,170,128,0,ok
train/3-30/21.jpg,3,30,112,112,112,5,53,96,180,ok
train/3-30/24.jpg,3,30,112,112,112,222,170,128,0,ok
train/3-30/25.jpg,3,30,112,112,112,222,218,140,0,ok
train/3-30/28.jpg,3,30,112,112,112,18,53,96,180,ok
train/3-30/29.jpg,3,30,112,112,222,112,128,53,270,ok
train/3-30/3.jpg,3,30,112,112,18,112,84,218,90,ok
train/3-30/30.jpg,3,30,112,112,112,204,170,128,0,ok
train/3-30/31.jpg,3,30,112,112,19,112,96,170,90,ok
train/3-30/32.jpg,3,30,112,112,222,112,140,6,270,ok
train/3-30/33.jpg,3,30,112,112,112,222,170,128,0,ok
train/3-30/34.jpg,3,30,112,112,112,222,170,128,0,ok
train/3-30/35.jpg,3,30,112,112,2,112,84,218,90,ok
train/3-30/37.jpg,3,30,112,112,112,3,18,87,180,ok
train/3-30/38.jpg,3,30,112,112,112,204,170,128,0,ok
train/3-30/39.jpg,3,30,112,112,112,206,174,129,0,ok
train/3-30/4.jpg,3,30,112,112,2,112,84,218,90,ok
train/3-30/40.jpg,3,30,112,112,222,112,128,53,270,ok
train/3-30/41.jpg,3,30,112,112,2,112,84,218,90,ok
train/3-30/42.jpg,3,30,112,112,112,222,170,128,0,ok
train/3-30/43.jpg,3,30,112,112,222,112,140,6,270,ok
train/3-30/44.jpg,3,30,112,112,112,222,170,128,0,ok
train/3-30/45.jpg,3,30,112,112,10,112,96,170,90,ok
train/3-30/46.jpg,3,30,112,112,112,204,170,128,0,ok
train/3-30/47.jpg,3,30,112,112,112,207,170,128,0,ok
train/3-30/48.jpg,3,30,112,112,112,222,218,140,0,ok
train/3-30/51.jpg,3,30,112,112,112,222,170,128,0,ok
train/3-30/52.jpg,3,30,112,112,2,112,84,218,90,ok
train/3-30/53.jpg,3,30,112,112,112,222,218,140,0,ok
train/3-30/54.jpg,3,30,112,112,112,222,218,140,0,ok
train/3-30/55.jpg,3,30,112,112,112,222,218,140,0,ok
train/3-30/56.jpg,3,30,112,112,206,112,128,53,270,ok
train/3-30/57.jpg,3,30,112,112,112,222,218,140,0,ok
train/3-30/58.jpg,3,30,112,112,9,112,86,210,90,ok
train/3-30/59.jpg,3,30,112,112,19,112,93,182,90,ok
train/3-30/6.jpg,3,30,112,112,112,222,218,140,0,ok
train/3-30/60.jpg,3,30,112,112,112,204,170,128,0,ok
train/3-30/61.jpg,3,30,112,112,112,204,170,128,0,ok
train/3-30/62.jpg,3,30,112,112,112,222,170,128,0,ok
train/3-30/63.jpg,3,30,112,112,112,207,170,128,0,ok
train/3-30/64.jpg,3,30,112,112,112,222,170,128,0,ok
train/3-30/65.jpg,3,30,112,112,2,112,84,218,90,ok
train/3-30/66.jpg,3,30,112,112,205,112,128,53,270,ok
train/3-30/67.jpg,3,30,112,112,222,112,128,53,270,ok
train/3-30/68.jpg,3,30,112,112,205,112,128,53,270,ok
train/3-30/69.jpg,3,30,112,112,2,112,84,218,90,ok
train/3-30/7.jpg,3,30,112,112,112,2,48,95,180,ok
train/3-30/70.jpg,3,30,112,112,112,2,6,84,180,ok
train/3-30/71.jpg,3,30,112,112,112,221,218,140,0,ok
train/3-30/72.jpg,3,30,112,112,2,112,96,170,90,ok
train/3-30/73.jpg,3,30,112,112,112,222,218,140,0,ok
train/3-30/74.jpg,3,30,112,112,112,222,218,140,0,ok
train/3-30/75.jpg,3,30,112,112,112,206,170,128,0,ok
train/3-30/76.jpg,3,30,112,112,112,220,217,140,0,ok
train/3-30/79.jpg,3,30,112,112,2,112,84,218,90,ok
train/3-30/8.jpg,3,30,112,112,112,210,170,128,0,ok
train/3-30/80.jpg,3,30,112,112,19,112,96,170,90,ok
train/3-30/82.jpg,3,30,112,112,2,112,84,218,90,ok
train/3-30/84.jpg,3,30,112,112,222,112,128,53,270,ok
train/3-30/85.jpg,3,30,112,112,112,2,6,84,180,ok
train/3-30/86.jpg,3,30,112,112,112,209,170,128,0,ok
train/3-30/87.jpg,3,30,112,112,112,2,53,96,180,ok
train/3-30/88.jpg,3,30,112,112,13,112,96,170,90,ok
train/3-30/92.jpg,3,30,112,112,222,112,140,6,270,ok
train/3-30/93.jpg,3,30,112,112,112,222,218,140,0,ok
train/3-30/94.jpg,3,30,112,112,112,206,218,140,0,ok
train/3-30/96.jpg,3,30,112,112,112,222,170,128,0,ok
train/3-30/97.jpg,3,30,112,112,112,16,53,96,180,ok
train/3-30/99.jpg,3,30,112,112,112,204,170,128,0,ok
train/3-35/0.jpg,3,35,112,112,60,201,169,130,0,ok
train/3-35/10.jpg,3,35,112,112,66,192,169,130,0,ok
train/3-35/11.jpg,3,35,112,112,167,17,7,79,180,ok
train/3-35/12.jpg,3,35,112,112,57,207,169,130,0,ok
train/3-35/14.jpg,3,35,112,112,57,207,217,145,0,ok
train/3-35/15.jpg,3,35,112,112,66,193,172,131,0,ok
train/3-35/17.jpg,3,35,112,112,203,164,130,54,270,ok
train/3-35/18.jpg,3,35,112,112,57,207,176,132,0,ok
train/3-35/19.jpg,3,35,112,112,57,207,169,130,0,ok
train/3-35/2.jpg,3,35,112,112,66,192,169,130,0,ok
train/3-35/21.jpg,3,35,112,112,66,192,169,130,0,ok
train/3-35/22.jpg,3,35,112,112,27,63,79,216,90,ok
train/3-35/23.jpg,3,35,112,112,17,57,79,217,90,ok
train/3-35/24.jpg,3,35,112,112,57,207,169,130,0,ok
train/3-35/25.jpg,3,35,112,112,207,167,145,7,270,ok
train/3-35/26.jpg,3,35,112,112,165,20,9,80,180,ok
train/3-35/29.jpg,3,35,112,112,57,207,170,130,0,ok
train/3-35/3.jpg,3,35,112,112,57,207,217,145,0,ok
train/3-35/30.jpg,3,35,112,112,66,192,169,130,0,ok
train/3-35/31.jpg,3,35,112,112,160,28,54,94,180,ok
train/3-35/32.jpg,3,35,112,112,59,203,217,145,0,ok
train/3-35/35.jpg,3,35,112,112,58,206,217,145,0,ok
train/3-35/37.jpg,3,35,112,112,158,31,38,89,180,ok
train/3-35/39.jpg,3,35,112,112,57,207,175,132,0,ok
train/3-35/40.jpg,3,35,112,112,57,207,171,131,0,ok
train/3-35/41.jpg,3,35,112,112,207,167,145,7,270,ok
train/3-35/42.jpg,3,35,112,112,207,167,130,54,270,ok
train/3-35/43.jpg,3,35,112,112,167,17,7,79,180,ok
train/3-35/44.jpg,3,35,112,112,160,28,54,94,180,ok
train/3-35/45.jpg,3,35,112,112,162,25,54,94,180,ok
train/3-35/46.jpg,3,35,112,112,31,65,94,169,90,ok
train/3-35/47.jpg,3,35,112,112,206,166,130,54,270,ok
train/3-35/48.jpg,3,35,112,112,57,207,217,145,0,ok
train/3-35/49.jpg,3,35,112,112,66,192,175,132,0,ok
train/3-35/5.jpg,3,35,112,112,57,207,169,130,0,ok
train/3-35/50.jpg,3,35,112,112,57,207,217,145,0,ok
train/3-35/51.jpg,3,35,112,112,57,207,169,130,0,ok
train/3-35/52.jpg,3,35,112,112,207,167,145,7,270,ok
train/3-35/53.jpg,3,35,112,112,207,167,145,7,270,ok
train/3-35/54.jpg,3,35,112,112,57,207,217,145,0,ok
train/3-35/55.jpg,3,35,112,112,57,207,217,145,0,ok
train/3-35/56.jpg,3,35,112,112,62,199,169,130,0,ok
train/3-35/57.jpg,3,35,112,112,167,17,7,79,180,ok
train/3-35/58.jpg,3,35,112,112,59,203,216,145,0,ok
train/3-35/59.jpg,3,35,112,112,57,207,170,130,0,ok
train/3-35/60.jpg,3,35,112,112,61,199,169,130,0,ok
train/3-35/61.jpg,3,35,112,112,31,65,94,169,90,ok
train/3-35/62.jpg,3,35,112,112,64,195,169,130,0,ok
train/3-35/63.jpg,3,35,112,112,64,195,169,130,0,ok
train/3-35/64.jpg,3,35,112,112,57,207,169,130,0,ok
train/3-35/65.jpg,3,35,112,112,207,167,145,7,270,ok
train/3-35/66.jpg,3,35,112,112,64,195,169,130,0,ok
train/3-35/67.jpg,3,35,112,112,207,167,130,54,270,ok
train/3-35/68.jpg,3,35,112,112,66,192,169,130,0,ok
train/3-35/69.jpg,3,35,112,112,202,164,145,7,270,ok
train/3-35/7.jpg,3,35,112,112,167,17,51,93,180,ok
train/3-35/70.jpg,3,35,112,112,17,57,79,216,90,ok
train/3-35/71.jpg,3,35,112,112,17,57,79,217,90,ok
train/3-35/72.jpg,3,35,112,112,164,21,54,94,180,ok
train/3-35/74.jpg,3,35,112,112,57,207,217,145,0,ok
train/3-35/75.jpg,3,35,112,112,64,194,169,130,0,ok
train/3-35/77.jpg,3,35,112,112,17,57,79,217,90,ok
train/3-35/78.jpg,3,35,112,112,31,65,94,169,90,ok
train/3-35/79.jpg,3,35,112,112,167,17,7,79,180,ok
train/3-35/8.jpg,3,35,112,112,66,192,169,130,0,ok
train/3-35/81.jpg,3,35,112,112,167,17,7,79,180,ok
train/3-35/82.jpg,3,35,112,112,57,207,217,145,0,ok
train/3-35/84.jpg,3,35,112,112,57,207,169,130,0,ok
train/3-35/85.jpg,3,35,112,112,57,207,217,145,0,ok
train/3-35/89.jpg,3,35,112,112,192,158,130,54,270,ok
train/3-35/9.jpg,3,35,112,112,192,158,130,54,270,ok
train/3-35/90.jpg,3,35,112,112,57,207,217,145,0,ok
train/3-35/91.jpg,3,35,112,112,17,57,79,217,90,ok
train/3-35/92.jpg,3,35,112,112,207,167,134,42,270,ok
train/3-35/93.jpg,3,35,112,112,57,207,217,145,0,ok
train/3-35/94.jpg,3,35,112,112,21,60,79,217,90,ok
train/3-35/95.jpg,3,35,112,112,57,207,169,130,0,ok
train/3-35/96.jpg,3,35,112,112,167,17,54,94,180,ok
train/3-35/98.jpg,3,35,112,112,63,197,169,130,0,ok
train/3-35/99.jpg,3,35,112,112,192,158,130,54,270,ok
train/3-40/1.jpg,3,40,112,112,207,57,9,74,180,ok
train/3-40/10.jpg,3,40,112,112,17,167,168,133,0,ok
train/3-40/11.jpg,3,40,112,112,57,17,74,215,90,ok
train/3-40/13.jpg,3,40,112,112,32,158,168,133,0,ok
train/3-40/14.jpg,3,40,112,112,17,167,215,150,0,ok
train/3-40/15.jpg,3,40,112,112,65,31,90,171,90,ok
train/3-40/17.jpg,3,40,112,112,59,21,91,168,90,ok
train/3-40/18.jpg,3,40,112,112,167,207,135,48,270,ok
train/3-40/2.jpg,3,40,112,112,167,207,133,55,270,ok
train/3-40/20.jpg,3,40,112,112,26,162,168,133,0,ok
train/3-40/21.jpg,3,40,112,112,32,158,168,133,0,ok
train/3-40/23.jpg,3,40,112,112,17,167,215,150,0,ok
train/3-40/24.jpg,3,40,112,112,17,167,168,133,0,ok
train/3-40/25.jpg,3,40,112,112,57,17,74,215,90,ok
train/3-40/26.jpg,3,40,112,112,165,204,149,11,270,ok
train/3-40/27.jpg,3,40,112,112,17,167,215,150,0,ok
train/3-40/28.jpg,3,40,112,112,32,158,168,133,0,ok
train/3-40/29.jpg,3,40,112,112,167,207,133,55,270,ok
train/3-40/3.jpg,3,40,112,112,17,167,215,150,0,ok
train/3-40/30.jpg,3,40,112,112,32,158,173,134,0,ok
train/3-40/31.jpg,3,40,112,112,57,17,91,168,90,ok
train/3-40/33.jpg,3,40,112,112,192,66,55,91,180,ok
train/3-40/34.jpg,3,40,112,112,167,207,133,55,270,ok
train/3-40/35.jpg,3,40,112,112,166,206,150,9,270,ok
train/3-40/36.jpg,3,40,112,112,207,57,9,74,180,ok
train/3-40/37.jpg,3,40,112,112,17,167,191,141,0,ok
train/3-40/39.jpg,3,40,112,112,17,167,172,134,0,ok
train/3-40/4.jpg,3,40,112,112,17,167,215,150,0,ok
train/3-40/40.jpg,3,40,112,112,57,17,90,171,90,ok
train/3-40/41.jpg,3,40,112,112,207,57,9,74,180,ok
train/3-40/43.jpg,3,40,112,112,167,207,150,9,270,ok
train/3-40/44.jpg,3,40,112,112,17,167,168,133,0,ok
train/3-40/45.jpg,3,40,112,112,196,63,55,91,180,ok
train/3-40/46.jpg,3,40,112,112,32,158,168,133,0,ok
train/3-40/47.jpg,3,40,112,112,17,167,168,133,0,ok
train/3-40/48.jpg,3,40,112,112,17,167,215,150,0,ok
train/3-40/5.jpg,3,40,112,112,18,167,168,133,0,ok
train/3-40/51.jpg,3,40,112,112,207,57,55,91,180,ok
train/3-40/52.jpg,3,40,112,112,57,17,74,215,90,ok
train/3-40/53.jpg,3,40,112,112,17,167,215,150,0,ok
train/3-40/56.jpg,3,40,112,112,24,163,168,133,0,ok
train/3-40/57.jpg,3,40,112,112,17,167,215,150,0,ok
train/3-40/58.jpg,3,40,112,112,27,161,204,146,0,ok
train/3-40/59.jpg,3,40,112,112,31,159,168,133,0,ok
train/3-40/6.jpg,3,40,112,112,17,167,215,150,0,ok
train/3-40/61.jpg,3,40,112,112,196,63,55,91,180,ok
train/3-40/63.jpg,3,40,112,112,62,25,91,168,90,ok
train/3-40/65.jpg,3,40,112,112,57,17,74,215,90,ok
train/3-40/66.jpg,3,40,112,112,32,158,168,133,0,ok
train/3-40/68.jpg,3,40,112,112,195,64,55,91,180,ok
train/3-40/69.jpg,3,40,112,112,57,17,74,215,90,ok
train/3-40/7.jpg,3,40,112,112,17,167,170,133,0,ok
train/3-40/70.jpg,3,40,112,112,57,17,74,215,90,ok
train/3-40/71.jpg,3,40,112,112,207,57,9,74,180,ok
train/3-40/72.jpg,3,40,112,112,59,20,91,168,90,ok
train/3-40/73.jpg,3,40,112,112,17,167,215,150,0,ok
train/3-40/74.jpg,3,40,112,112,17,167,215,150,0,ok
train/3-40/75.jpg,3,40,112,112,65,31,91,168,90,ok
train/3-40/76.jpg,3,40,112,112,67,34,75,214,90,ok
train/3-40/78.jpg,3,40,112,112,61,25,91,168,90,ok
train/3-40/79.jpg,3,40,112,112,57,17,74,215,90,ok
train/3-40/8.jpg,3,40,112,112,200,61,55,91,180,ok
train/3-40/80.jpg,3,40,112,112,195,64,55,91,180,ok
train/3-40/81.jpg,3,40,112,112,17,167,215,150,0,ok
train/3-40/82.jpg,3,40,112,112,17,167,215,150,0,ok
train/3-40/83.jpg,3,40,112,112,17,167,215,150,0,ok
train/3-40/84.jpg,3,40,112,112,25,162,168,133,0,ok
train/3-40/85.jpg,3,40,112,112,17,167,215,150,0,ok
train/3-40/87.jpg,3,40,112,112,57,17,91,168,90,ok
train/3-40/88.jpg,3,40,112,112,27,161,168,133,0,ok
train/3-40/9.jpg,3,40,112,112,207,57,55,91,180,ok
train/3-40/90.jpg,3,40,112,112,17,167,215,150,0,ok
train/3-40/91.jpg,3,40,112,112,17,167,215,150,0,ok
train/3-40/92.jpg,3,40,112,112,17,167,215,150,0,ok
train/3-40/93.jpg,3,40,112,112,17,167,215,150,0,ok
train/3-40/94.jpg,3,40,112,112,17,167,215,150,0,ok
train/3-40/96.jpg,3,40,112,112,32,158,168,133,0,ok
train/3-40/97.jpg,3,40,112,112,17,167,168,133,0,ok
train/3-40/98.jpg,3,40,112,112,61,25,91,168,90,ok
train/3-40/99.jpg,3,40,112,112,32,158,168,133,0,ok
train/3-45/10.jpg,3,45,112,112,112,2,89,167,90,ok
train/3-45/12.jpg,3,45,112,112,112,222,135,56,270,ok
train/3-45/13.jpg,3,45,112,112,222,112,56,89,180,ok
train/3-45/14.jpg,3,45,112,112,2,112,214,154,0,ok
train/3-45/15.jpg,3,45,112,112,19,112,169,136,0,ok
train/3-45/16.jpg,3,45,112,112,2,112,214,154,0,ok
train/3-45/17.jpg,3,45,112,112,112,9,89,167,90,ok
train/3-45/19.jpg,3,45,112,112,205,112,56,89,180,ok
train/3-45/2.jpg,3,45,112,112,112,2,89,167,90,ok
train/3-45/20.jpg,3,45,112,112,14,112,167,135,0,ok
train/3-45/21.jpg,3,45,112,112,208,112,56,89,180,ok
train/3-45/22.jpg,3,45,112,112,112,222,154,10,270,ok
train/3-45/24.jpg,3,45,112,112,2,112,167,135,0,ok
train/3-45/25.jpg,3,45,112,112,112,2,70,214,90,ok
train/3-45/27.jpg,3,45,112,112,2,112,214,154,0,ok
train/3-45/28.jpg,3,45,112,112,112,222,135,56,270,ok
train/3-45/3.jpg,3,45,112,112,2,112,197,147,0,ok
train/3-45/30.jpg,3,45,112,112,112,204,136,55,270,ok
train/3-45/31.jpg,3,45,112,112,209,112,56,89,180,ok
train/3-45/32.jpg,3,45,112,112,2,112,214,154,0,ok
train/3-45/33.jpg,3,45,112,112,112,204,135,56,270,ok
train/3-45/34.jpg,3,45,112,112,2,112,167,135,0,ok
train/3-45/35.jpg,3,45,112,112,112,4,70,214,90,ok
train/3-45/36.jpg,3,45,112,112,2,112,214,154,0,ok
train/3-45/37.jpg,3,45,112,112,13,112,180,140,0,ok
train/3-45/38.jpg,3,45,112,112,112,2,89,167,90,ok
train/3-45/39.jpg,3,45,112,112,2,112,171,136,0,ok
train/3-45/4.jpg,3,45,112,112,2,112,214,154,0,ok
train/3-45/42.jpg,3,45,112,112,222,112,56,89,180,ok
train/3-45/43.jpg,3,45,112,112,2,112,214,154,0,ok
train/3-45/44.jpg,3,45,112,112,2,112,167,135,0,ok
train/3-45/45.jpg,3,45,112,112,208,112,56,89,180,ok
train/3-45/46.jpg,3,45,112,112,9,112,167,135,0,ok
train/3-45/47.jpg,3,45,112,112,112,2,89,167,90,ok
train/3-45/49.jpg,3,45,112,112,17,112,173,137,0,ok
train/3-45/50.jpg,3,45,112,112,2,112,214,154,0,ok
train/3-45/51.jpg,3,45,112,112,112,222,135,56,270,ok
train/3-45/52.jpg,3,45,112,112,112,2,70,214,90,ok
train/3-45/53.jpg,3,45,112,112,112,5,70,214,90,ok
train/3-45/54.jpg,3,45,112,112,2,112,214,154,0,ok
train/3-45/55.jpg,3,45,112,112,2,112,214,154,0,ok
train/3-45/56.jpg,3,45,112,112,12,112,167,135,0,ok
train/3-45/57.jpg,3,45,112,112,2,112,214,154,0,ok
train/3-45/58.jpg,3,45,112,112,112,2,79,192,90,ok
train/3-45/59.jpg,3,45,112,112,2,112,167,135,0,ok
train/3-45/6.jpg,3,45,112,112,2,112,214,154,0,ok
train/3-45/60.jpg,3,45,112,112,11,112,167,135,0,ok
train/3-45/61.jpg,3,45,112,112,12,112,167,135,0,ok
train/3-45/62.jpg,3,45,112,112,16,112,167,135,0,ok
train/3-45/64.jpg,3,45,112,112,112,217,135,56,270,ok
train/3-45/65.jpg,3,45,112,112,222,112,10,70,180,ok
train/3-45/66.jpg,3,45,112,112,112,11,89,167,90,ok
train/3-45/67.jpg,3,45,112,112,4,112,167,135,0,ok
train/3-45/68.jpg,3,45,112,112,205,112,56,89,180,ok
train/3-45/69.jpg,3,45,112,112,112,2,70,214,90,ok
train/3-45/70.jpg,3,45,112,112,2,112,211,153,0,ok
train/3-45/72.jpg,3,45,112,112,112,218,135,56,270,ok
train/3-45/73.jpg,3,45,112,112,2,112,188,143,0,ok
train/3-45/74.jpg,3,45,112,112,2,112,214,154,0,ok
train/3-45/76.jpg,3,45,112,112,220,112,11,70,180,ok
train/3-45/77.jpg,3,45,112,112,112,2,70,214,90,ok
train/3-45/78.jpg,3,45,112,112,205,112,56,89,180,ok
train/3-45/79.jpg,3,45,112,112,112,222,154,10,270,ok
train/3-45/80.jpg,3,45,112,112,112,2,89,167,90,ok
train/3-45/81.jpg,3,45,112,112,2,112,214,154,0,ok
train/3-45/83.jpg,3,45,112,112,2,112,214,154,0,ok
train/3-45/84.jpg,3,45,112,112,2,112,167,135,0,ok
train/3-45/85.jpg,3,45,112,112,19,112,214,154,0,ok
train/3-45/86.jpg,3,45,112,112,112,205,135,56,270,ok
train/3-45/87.jpg,3,45,112,112,112,2,89,167,90,ok
train/3-45/88.jpg,3,45,112,112,13,112,167,135,0,ok
train/3-45/89.jpg,3,45,112,112,2,112,167,135,0,ok
train/3-45/9.jpg,3,45,112,112,112,2,89,167,90,ok
train/3-45/90.jpg,3,45,112,112,2,112,214,154,0,ok
train/3-45/91.jpg,3,45,112,112,112,2,70,214,90,ok
train/3-45/93.jpg,3,45,112,112,2,112,214,154,0,ok
train/3-45/94.jpg,3,45,112,112,2,112,214,154,0,ok
train/3-45/96.jpg,3,45,112,112,2,112,167,135,0,ok
train/3-45/97.jpg,3,45,112,112,222,112,56,89,180,ok
train/3-45/98.jpg,3,45,112,112,222,112,56,89,180,ok
train/3-50/0.jpg,3,50,112,112,60,202,138,57,270,ok
train/3-50/1.jpg,3,50,112,112,17,57,212,158,0,ok
train/3-50/11.jpg,3,50,112,112,17,57,212,158,0,ok
train/3-50/13.jpg,3,50,112,112,17,57,166,137,0,ok
train/3-50/15.jpg,3,50,112,112,31,65,168,138,0,ok
train/3-50/16.jpg,3,50,112,112,17,57,212,158,0,ok
train/3-50/17.jpg,3,50,112,112,61,200,138,57,270,ok
train/3-50/18.jpg,3,50,112,112,17,57,179,143,0,ok
train/3-50/19.jpg,3,50,112,112,17,57,166,137,0,ok
train/3-50/2.jpg,3,50,112,112,196,160,57,86,180,ok
train/3-50/20.jpg,3,50,112,112,160,28,87,166,90,ok
train/3-50/22.jpg,3,50,112,112,67,190,158,12,270,ok
train/3-50/23.jpg,3,50,112,112,17,57,212,158,0,ok
train/3-50/25.jpg,3,50,112,112,17,57,212,158,0,ok
train/3-50/26.jpg,3,50,112,112,166,19,67,209,90,ok
train/3-50/27.jpg,3,50,112,112,17,57,212,158,0,ok
train/3-50/28.jpg,3,50,112,112,17,57,166,137,0,ok
train/3-50/29.jpg,3,50,112,112,57,207,138,57,270,ok
train/3-50/3.jpg,3,50,112,112,17,57,212,158,0,ok
train/3-50/31.jpg,3,50,112,112,17,57,166,137,0,ok
train/3-50/32.jpg,3,50,112,112,17,57,212,158,0,ok
train/3-50/33.jpg,3,50,112,112,30,64,166,137,0,ok
train/3-50/34.jpg,3,50,112,112,160,28,87,166,90,ok
train/3-50/35.jpg,3,50,112,112,17,57,212,158,0,ok
train/3-50/36.jpg,3,50,112,112,167,17,66,212,90,ok
train/3-50/38.jpg,3,50,112,112,66,192,138,57,270,ok
train/3-50/39.jpg,3,50,112,112,53,78,212,158,0,ok
train/3-50/4.jpg,3,50,112,112,17,57,212,158,0,ok
train/3-50/42.jpg,3,50,112,112,57,207,138,57,270,ok
train/3-50/43.jpg,3,50,112,112,17,57,212,158,0,ok
train/3-50/44.jpg,3,50,112,112,192,158,57,86,180,ok
train/3-50/45.jpg,3,50,112,112,160,28,87,166,90,ok
train/3-50/46.jpg,3,50,112,112,66,192,138,57,270,ok
train/3-50/47.jpg,3,50,112,112,63,197,138,57,270,ok
train/3-50/48.jpg,3,50,112,112,17,57,212,158,0,ok
train/3-50/49.jpg,3,50,112,112,30,64,171,139,0,ok
train/3-50/5.jpg,3,50,112,112,18,58,166,137,0,ok
train/3-50/50.jpg,3,50,112,112,17,57,212,158,0,ok
train/3-50/51.jpg,3,50,112,112,17,57,166,137,0,ok
train/3-50/52.jpg,3,50,112,112,17,57,212,158,0,ok
train/3-50/53.jpg,3,50,112,112,166,18,66,212,90,ok
train/3-50/54.jpg,3,50,112,112,17,57,212,158,0,ok
train/3-50/56.jpg,3,50,112,112,23,60,166,137,0,ok
train/3-50/57.jpg,3,50,112,112,167,17,66,212,90,ok
train/3-50/58.jpg,3,50,112,112,17,57,193,150,0,ok
train/3-50/59.jpg,3,50,112,112,167,17,87,166,90,ok
train/3-50/62.jpg,3,50,112,112,28,64,166,137,0,ok
train/3-50/63.jpg,3,50,112,112,17,57,166,137,0,ok
train/3-50/65.jpg,3,50,112,112,17,57,211,158,0,ok
train/3-50/67.jpg,3,50,112,112,17,57,166,137,0,ok
train/3-50/68.jpg,3,50,112,112,28,64,201,153,0,ok
train/3-50/7.jpg,3,50,112,112,17,57,166,137,0,ok
train/3-50/70.jpg,3,50,112,112,17,57,209,157,0,ok
train/3-50/71.jpg,3,50,112,112,57,207,158,12,270,ok
train/3-50/72.jpg,3,50,112,112,204,165,57,86,180,ok
train/3-50/73.jpg,3,50,112,112,17,57,212,158,0,ok
train/3-50/74.jpg,3,50,112,112,17,57,212,158,0,ok
train/3-50/75.jpg,3,50,112,112,66,192,138,57,270,ok
train/3-50/76.jpg,3,50,112,112,156,35,66,210,90,ok
train/3-50/78.jpg,3,50,112,112,28,64,166,137,0,ok
train/3-50/79.jpg,3,50,112,112,167,17,66,212,90,ok
train/3-50/80.jpg,3,50,112,112,17,57,166,137,0,ok
train/3-50/81.jpg,3,50,112,112,167,17,66,212,90,ok
train/3-50/82.jpg,3,50,112,112,207,167,12,66,180,ok
train/3-50/83.jpg,3,50,112,112,17,57,212,158,0,ok
train/3-50/84.jpg,3,50,112,112,17,57,166,137,0,ok
train/3-50/85.jpg,3,50,112,112,167,17,66,212,90,ok
train/3-50/86.jpg,3,50,112,112,27,63,166,137,0,ok
train/3-50/88.jpg,3,50,112,112,27,63,166,137,0,ok
train/3-50/89.jpg,3,50,112,112,17,57,166,137,0,ok
train/3-50/90.jpg,3,50,112,112,17,57,212,158,0,ok
train/3-50/91.jpg,3,50,112,112,17,57,212,158,0,ok
train/3-50/92.jpg,3,50,112,112,57,207,158,12,270,ok
train/3-50/93.jpg,3,50,112,112,17,57,212,158,0,ok
train/3-50/94.jpg,3,50,112,112,167,17,66,212,90,ok
train/3-50/95.jpg,3,50,112,112,17,57,166,137,0,ok
train/3-50/96.jpg,3,50,112,112,207,167,57,86,180,ok
train/3-50/97.jpg,3,50,112,112,25,62,166,137,0,ok
train/3-50/98.jpg,3,50,112,112,63,197,138,57,270,ok
train/3-50/99.jpg,3,50,112,112,57,207,138,57,270,ok
train/3-55/0.jpg,3,55,112,112,61,25,165,140,0,ok
train/3-55/1.jpg,3,55,112,112,167,207,14,61,180,ok
train/3-55/10.jpg,3,55,112,112,17,167,140,58,270,ok
train/3-55/11.jpg,3,55,112,112,17,167,163,14,270,ok
train/3-55/12.jpg,3,55,112,112,17,167,140,58,270,ok
train/3-55/13.jpg,3,55,112,112,17,167,140,58,270,ok
train/3-55/14.jpg,3,55,112,112,57,17,210,163,0,ok
train/3-55/15.jpg,3,55,112,112,63,27,167,141,0,ok
train/3-55/16.jpg,3,55,112,112,57,17,210,163,0,ok
train/3-55/18.jpg,3,55,112,112,57,17,210,163,0,ok
train/3-55/20.jpg,3,55,112,112,196,63,84,165,90,ok
train/3-55/21.jpg,3,55,112,112,167,207,58,84,180,ok
train/3-55/22.jpg,3,55,112,112,206,57,62,209,90,ok
train/3-55/23.jpg,3,55,112,112,207,57,61,210,90,ok
train/3-55/24.jpg,3,55,112,112,57,17,165,140,0,ok
train/3-55/25.jpg,3,55,112,112,207,57,72,189,90,ok
train/3-55/26.jpg,3,55,112,112,165,204,16,62,180,ok
train/3-55/27.jpg,3,55,112,112,57,17,210,163,0,ok
train/3-55/28.jpg,3,55,112,112,207,57,84,165,90,ok
train/3-55/3.jpg,3,55,112,112,65,31,210,163,0,ok
train/3-55/30.jpg,3,55,112,112,65,31,168,141,0,ok
train/3-55/31.jpg,3,55,112,112,207,57,84,165,90,ok
train/3-55/32.jpg,3,55,112,112,17,167,163,14,270,ok
train/3-55/33.jpg,3,55,112,112,65,31,165,140,0,ok
train/3-55/34.jpg,3,55,112,112,17,167,140,58,270,ok
train/3-55/35.jpg,3,55,112,112,57,17,209,162,0,ok
train/3-55/36.jpg,3,55,112,112,207,57,61,210,90,ok
train/3-55/37.jpg,3,55,112,112,18,167,144,51,270,ok
train/3-55/39.jpg,3,55,112,112,57,17,172,143,0,ok
train/3-55/4.jpg,3,55,112,112,57,17,210,163,0,ok
train/3-55/40.jpg,3,55,112,112,17,167,155,29,270,ok
train/3-55/41.jpg,3,55,112,112,17,167,163,14,270,ok
train/3-55/42.jpg,3,55,112,112,207,57,84,165,90,ok
train/3-55/43.jpg,3,55,112,112,57,17,210,163,0,ok
train/3-55/45.jpg,3,55,112,112,161,197,58,84,180,ok
train/3-55/46.jpg,3,55,112,112,32,158,140,58,270,ok
train/3-55/48.jpg,3,55,112,112,57,17,210,163,0,ok
train/3-55/51.jpg,3,55,112,112,17,167,140,58,270,ok
train/3-55/52.jpg,3,55,112,112,57,17,210,163,0,ok
train/3-55/54.jpg,3,55,112,112,57,17,210,163,0,ok
train/3-55/55.jpg,3,55,112,112,57,17,210,163,0,ok
train/3-55/56.jpg,3,55,112,112,32,158,140,58,270,ok
train/3-55/57.jpg,3,55,112,112,57,17,210,163,0,ok
train/3-55/58.jpg,3,55,112,112,207,57,70,192,90,ok
train/3-55/59.jpg,3,55,112,112,62,25,176,145,0,ok
train/3-55/6.jpg,3,55,112,112,57,17,210,163,0,ok
train/3-55/60.jpg,3,55,112,112,57,17,165,140,0,ok
train/3-55/61.jpg,3,55,112,112,57,17,165,140,0,ok
train/3-55/62.jpg,3,55,112,112,63,27,165,140,0,ok
train/3-55/63.jpg,3,55,112,112,17,167,140,58,270,ok
train/3-55/64.jpg,3,55,112,112,65,31,165,140,0,ok
train/3-55/65.jpg,3,55,112,112,57,17,209,162,0,ok
train/3-55/67.jpg,3,55,112,112,207,57,84,165,90,ok
train/3-55/68.jpg,3,55,112,112,29,160,154,31,270,ok
train/3-55/69.jpg,3,55,112,112,167,207,19,64,180,ok
train/3-55/7.jpg,3,55,112,112,57,17,210,163,0,ok
train/3-55/70.jpg,3,55,112,112,166,206,15,62,180,ok
train/3-55/71.jpg,3,55,112,112,57,17,210,163,0,ok
train/3-55/72.jpg,3,55,112,112,165,204,58,84,180,ok
train/3-55/73.jpg,3,55,112,112,193,66,61,210,90,ok
train/3-55/76.jpg,3,55,112,112,67,35,208,162,0,ok
train/3-55/79.jpg,3,55,112,112,57,17,210,163,0,ok
train/3-55/8.jpg,3,55,112,112,27,161,140,58,270,ok
train/3-55/81.jpg,3,55,112,112,57,17,210,163,0,ok
train/3-55/82.jpg,3,55,112,112,57,17,210,163,0,ok
train/3-55/83.jpg,3,55,112,112,207,57,61,210,90,ok
train/3-55/85.jpg,3,55,112,112,65,31,210,163,0,ok
train/3-55/86.jpg,3,55,112,112,63,27,165,140,0,ok
train/3-55/87.jpg,3,55,112,112,57,17,165,140,0,ok
train/3-55/88.jpg,3,55,112,112,26,162,140,58,270,ok
train/3-55/89.jpg,3,55,112,112,17,167,140,58,270,ok
train/3-55/9.jpg,3,55,112,112,17,167,140,58,270,ok
train/3-55/90.jpg,3,55,112,112,57,17,210,163,0,ok
train/3-55/91.jpg,3,55,112,112,17,167,163,14,270,ok
train/3-55/92.jpg,3,55,112,112,57,17,210,163,0,ok
train/3-55/94.jpg,3,55,112,112,57,17,210,163,0,ok
train/3-55/95.jpg,3,55,112,112,60,22,165,140,0,ok
train/3-55/96.jpg,3,55,112,112,57,17,165,140,0,ok
train/3-55/97.jpg,3,55,112,112,65,31,165,140,0,ok
train/3-55/98.jpg,3,55,112,112,207,57,84,165,90,ok
train/4-00/0.jpg,4,0,112,112,205,112,82,164,90,ok
train/4-00/10.jpg,4,0,112,112,112,2,164,142,0,ok
train/4-00/11.jpg,4,0,112,112,112,2,207,167,0,ok
train/4-00/12.jpg,4,0,112,112,2,112,142,59,270,ok
train/4-00/13.jpg,4,0,112,112,112,222,59,82,180,ok
train/4-00/15.jpg,4,0,112,112,112,205,57,80,180,ok
train/4-00/16.jpg,4,0,112,112,112,2,207,167,0,ok
train/4-00/17.jpg,4,0,112,112,112,14,164,142,0,ok
train/4-00/18.jpg,4,0,112,112,112,222,17,57,180,ok
train/4-00/2.jpg,4,0,112,112,112,18,164,142,0,ok
train/4-00/20.jpg,4,0,112,112,112,18,164,142,0,ok
train/4-00/21.jpg,4,0,112,112,112,16,164,142,0,ok
train/4-00/22.jpg,4,0,112,112,112,222,38,69,180,ok
train/4-00/23.jpg,4,0,112,112,112,2,207,167,0,ok
train/4-00/24.jpg,4,0,112,112,112,2,164,142,0,ok
train/4-00/26.jpg,4,0,112,112,5,112,165,20,270,ok
train/4-00/27.jpg,4,0,112,112,112,2,207,167,0,ok
train/4-00/28.jpg,4,0,112,112,112,2,164,142,0,ok
train/4-00/3.jpg,4,0,112,112,222,112,65,193,90,ok
train/4-00/31.jpg,4,0,112,112,112,222,59,82,180,ok
train/4-00/32.jpg,4,0,112,112,112,2,207,167,0,ok
train/4-00/33.jpg,4,0,112,112,205,112,82,164,90,ok
train/4-00/34.jpg,4,0,112,112,112,18,164,142,0,ok
train/4-00/35.jpg,4,0,112,112,222,112,57,206,90,ok
train/4-00/36.jpg,4,0,112,112,112,2,207,167,0,ok
train/4-00/37.jpg,4,0,112,112,3,112,148,51,270,ok
train/4-00/38.jpg,4,0,112,112,19,112,142,59,270,ok
train/4-00/39.jpg,4,0,112,112,112,2,167,144,0,ok
train/4-00/4.jpg,4,0,112,112,112,2,207,167,0,ok
train/4-00/42.jpg,4,0,112,112,112,2,164,142,0,ok
train/4-00/43.jpg,4,0,112,112,112,222,17,57,180,ok
train/4-00/44.jpg,4,0,112,112,205,112,82,164,90,ok
train/4-00/45.jpg,4,0,112,112,112,18,164,142,0,ok
train/4-00/46.jpg,4,0,112,112,112,222,59,82,180,ok
train/4-00/47.jpg,4,0,112,112,112,204,59,82,180,ok
train/4-00/48.jpg,4,0,112,112,112,2,207,167,0,ok
train/4-00/50.jpg,4,0,112,112,222,112,57,207,90,ok
train/4-00/51.jpg,4,0,112,112,112,2,164,142,0,ok
train/4-00/53.jpg,4,0,112,112,2,112,167,17,270,ok
train/4-00/54.jpg,4,0,112,112,112,2,207,167,0,ok
train/4-00/55.jpg,4,0,112,112,222,112,57,207,90,ok
train/4-00/56.jpg,4,0,112,112,112,204,59,82,180,ok
train/4-00/58.jpg,4,0,112,112,222,112,68,189,90,ok
train/4-00/6.jpg,4,0,112,112,112,2,207,167,0,ok
train/4-00/60.jpg,4,0,112,112,112,12,164,142,0,ok
train/4-00/61.jpg,4,0,112,112,112,18,164,142,0,ok
train/4-00/62.jpg,4,0,112,112,19,112,142,59,270,ok
train/4-00/63.jpg,4,0,112,112,205,112,82,164,90,ok
train/4-00/64.jpg,4,0,112,112,112,205,59,82,180,ok
train/4-00/65.jpg,4,0,112,112,112,2,206,166,0,ok
train/4-00/66.jpg,4,0,112,112,112,12,164,142,0,ok
train/4-00/67.jpg,4,0,112,112,2,112,142,59,270,ok
train/4-00/68.jpg,4,0,112,112,205,112,82,164,90,ok
train/4-00/69.jpg,4,0,112,112,112,221,17,57,180,ok
train/4-00/7.jpg,4,0,112,112,112,2,164,142,0,ok
train/4-00/70.jpg,4,0,112,112,112,221,17,57,180,ok
train/4-00/71.jpg,4,0,112,112,112,2,207,167,0,ok
train/4-00/72.jpg,4,0,112,112,112,2,164,142,0,ok
train/4-00/73.jpg,4,0,112,112,211,112,57,207,90,ok
train/4-00/76.jpg,4,0,112,112,3,112,156,35,270,ok
train/4-00/77.jpg,4,0,112,112,112,2,207,167,0,ok
train/4-00/79.jpg,4,0,112,112,112,2,207,167,0,ok
train/4-00/8.jpg,4,0,112,112,206,112,82,164,90,ok
train/4-00/82.jpg,4,0,112,112,112,2,207,167,0,ok
train/4-00/84.jpg,4,0,112,112,19,112,142,59,270,ok
train/4-00/85.jpg,4,0,112,112,112,209,17,57,180,ok
train/4-00/86.jpg,4,0,112,112,112,204,59,82,180,ok
train/4-00/87.jpg,4,0,112,112,112,2,164,142,0,ok
train/4-00/89.jpg,4,0,112,112,112,2,164,142,0,ok
train/4-00/9.jpg,4,0,112,112,112,2,164,142,0,ok
train/4-00/90.jpg,4,0,112,112,112,2,207,167,0,ok
train/4-00/91.jpg,4,0,112,112,112,2,207,167,0,ok
train/4-00/92.jpg,4,0,112,112,112,2,167,144,0,ok
train/4-00/93.jpg,4,0,112,112,112,2,207,167,0,ok
train/4-00/94.jpg,4,0,112,112,18,112,167,17,270,ok
train/4-00/95.jpg,4,0,112,112,112,204,59,82,180,ok
train/4-00/96.jpg,4,0,112,112,19,112,142,59,270,ok
train/4-00/97.jpg,4,0,112,112,19,112,142,59,270,ok
train/4-00/98.jpg,4,0,112,112,112,212,59,82,180,ok
train/4-00/99.jpg,4,0,112,112,2,112,142,59,270,ok
train/4-05/1.jpg,4,5,112,112,57,207,19,53,180,ok
train/4-05/10.jpg,4,5,112,112,28,64,145,60,270,ok
train/4-05/11.jpg,4,5,112,112,207,167,53,205,90,ok
train/4-05/12.jpg,4,5,112,112,167,17,177,153,0,ok
train/4-05/14.jpg,4,5,112,112,167,17,205,171,0,ok
train/4-05/16.jpg,4,5,112,112,167,17,205,171,0,ok
train/4-05/17.jpg,4,5,112,112,199,162,79,163,90,ok
train/4-05/18.jpg,4,5,112,112,167,17,205,171,0,ok
train/4-05/19.jpg,4,5,112,112,31,65,145,60,270,ok
train/4-05/2.jpg,4,5,112,112,17,57,145,60,270,ok
train/4-05/21.jpg,4,5,112,112,167,17,163,145,0,ok
train/4-05/22.jpg,4,5,112,112,17,57,171,20,270,ok
train/4-05/23.jpg,4,5,112,112,207,167,53,205,90,ok
train/4-05/25.jpg,4,5,112,112,57,207,19,53,180,ok
train/4-05/26.jpg,4,5,112,112,59,204,21,54,180,ok
train/4-05/28.jpg,4,5,112,112,57,207,60,79,180,ok
train/4-05/29.jpg,4,5,112,112,167,17,168,147,0,ok
train/4-05/30.jpg,4,5,112,112,167,17,168,147,0,ok
train/4-05/31.jpg,4,5,112,112,66,192,60,79,180,ok
train/4-05/32.jpg,4,5,112,112,207,167,53,204,90,ok
train/4-05/33.jpg,4,5,112,112,194,159,79,163,90,ok
train/4-05/34.jpg,4,5,112,112,167,17,163,145,0,ok
train/4-05/35.jpg,4,5,112,112,166,18,204,171,0,ok
train/4-05/36.jpg,4,5,112,112,167,17,205,171,0,ok
train/4-05/37.jpg,4,5,112,112,63,197,54,75,180,ok
train/4-05/38.jpg,4,5,112,112,66,192,60,79,180,ok
train/4-05/39.jpg,4,5,112,112,57,207,57,77,180,ok
train/4-05/40.jpg,4,5,112,112,167,17,188,160,0,ok
train/4-05/41.jpg,4,5,112,112,17,57,171,19,270,ok
train/4-05/43.jpg,4,5,112,112,57,207,19,53,180,ok
train/4-05/44.jpg,4,5,112,112,198,161,79,163,90,ok
train/4-05/45.jpg,4,5,112,112,199,162,79,163,90,ok
train/4-05/46.jpg,4,5,112,112,158,31,163,145,0,ok
train/4-05/47.jpg,4,5,112,112,27,63,145,60,270,ok
train/4-05/48.jpg,4,5,112,112,167,17,205,171,0,ok
train/4-05/49.jpg,4,5,112,112,167,17,168,147,0,ok
train/4-05/5.jpg,4,5,112,112,166,18,163,145,0,ok
train/4-05/50.jpg,4,5,112,112,57,207,19,53,180,ok
train/4-05/51.jpg,4,5,112,112,207,167,79,163,90,ok
train/4-05/52.jpg,4,5,112,112,167,17,205,171,0,ok
train/4-05/53.jpg,4,5,112,112,166,18,205,171,0,ok
train/4-05/54.jpg,4,5,112,112,167,17,205,171,0,ok
train/4-05/57.jpg,4,5,112,112,57,207,19,53,180,ok
train/4-05/58.jpg,4,5,112,112,167,17,179,154,0,ok
train/4-05/59.jpg,4,5,112,112,167,17,170,149,0,ok
train/4-05/6.jpg,4,5,112,112,167,17,205,171,0,ok
train/4-05/60.jpg,4,5,112,112,161,27,163,145,0,ok
train/4-05/61.jpg,4,5,112,112,31,65,145,60,270,ok
train/4-05/62.jpg,4,5,112,112,160,28,163,145,0,ok
train/4-05/63.jpg,4,5,112,112,160,28,163,145,0,ok
train/4-05/64.jpg,4,5,112,112,31,65,145,60,270,ok
train/4-05/65.jpg,4,5,112,112,167,17,205,171,0,ok
train/4-05/69.jpg,4,5,112,112,57,207,22,55,180,ok
train/4-05/7.jpg,4,5,112,112,17,57,161,35,270,ok
train/4-05/71.jpg,4,5,112,112,207,167,53,205,90,ok
train/4-05/72.jpg,4,5,112,112,57,207,60,79,180,ok
train/4-05/73.jpg,4,5,112,112,158,31,205,171,0,ok
train/4-05/74.jpg,4,5,112,112,167,17,205,171,0,ok
train/4-05/75.jpg,4,5,112,112,66,192,60,79,180,ok
train/4-05/76.jpg,4,5,112,112,35,68,171,20,270,ok
train/4-05/77.jpg,4,5,112,112,167,17,205,171,0,ok
train/4-05/78.jpg,4,5,112,112,158,31,163,145,0,ok
train/4-05/79.jpg,4,5,112,112,57,207,19,53,180,ok
train/4-05/8.jpg,4,5,112,112,63,197,60,79,180,ok
train/4-05/80.jpg,4,5,112,112,164,21,163,145,0,ok
train/4-05/82.jpg,4,5,112,112,207,167,53,205,90,ok
train/4-05/83.jpg,4,5,112,112,167,17,205,171,0,ok
train/4-05/85.jpg,4,5,112,112,31,65,171,19,270,ok
train/4-05/86.jpg,4,5,112,112,31,65,145,60,270,ok
train/4-05/87.jpg,4,5,112,112,158,31,163,145,0,ok
train/4-05/9.jpg,4,5,112,112,161,27,163,145,0,ok
train/4-05/90.jpg,4,5,112,112,167,17,205,171,0,ok
train/4-05/91.jpg,4,5,112,112,207,167,53,205,90,ok
train/4-05/92.jpg,4,5,112,112,57,207,19,53,180,ok
train/4-05/93.jpg,4,5,112,112,167,17,205,171,0,ok
train/4-05/94.jpg,4,5,112,112,167,17,205,171,0,ok
train/4-05/95.jpg,4,5,112,112,167,17,163,145,0,ok
train/4-05/96.jpg,4,5,112,112,167,17,163,145,0,ok
train/4-05/97.jpg,4,5,112,112,159,31,163,145,0,ok
train/4-05/98.jpg,4,5,112,112,196,160,79,163,90,ok
train/4-10/0.jpg,4,10,112,112,192,66,161,146,0,ok
train/4-10/1.jpg,4,10,112,112,207,57,202,175,0,ok
train/4-10/12.jpg,4,10,112,112,158,192,78,161,90,ok
train/4-10/13.jpg,4,10,112,112,57,17,147,62,270,ok
train/4-10/14.jpg,4,10,112,112,207,57,202,175,0,ok
train/4-10/15.jpg,4,10,112,112,193,65,162,147,0,ok
train/4-10/17.jpg,4,10,112,112,158,192,78,161,90,ok
train/4-10/18.jpg,4,10,112,112,207,57,202,175,0,ok
train/4-10/19.jpg,4,10,112,112,192,66,161,146,0,ok
train/4-10/2.jpg,4,10,112,112,65,31,147,62,270,ok
train/4-10/21.jpg,4,10,112,112,197,63,161,146,0,ok
train/4-10/22.jpg,4,10,112,112,17,167,22,49,180,ok
train/4-10/23.jpg,4,10,112,112,207,57,202,175,0,ok
train/4-10/24.jpg,4,10,112,112,17,167,62,77,180,ok
train/4-10/25.jpg,4,10,112,112,17,167,22,49,180,ok
train/4-10/26.jpg,4,10,112,112,58,18,174,24,270,ok
train/4-10/27.jpg,4,10,112,112,207,57,202,175,0,ok
train/4-10/28.jpg,4,10,112,112,192,66,161,146,0,ok
train/4-10/29.jpg,4,10,112,112,17,167,62,77,180,ok
train/4-10/3.jpg,4,10,112,112,167,207,49,202,90,ok
train/4-10/30.jpg,4,10,112,112,192,66,161,146,0,ok
train/4-10/31.jpg,4,10,112,112,192,66,161,146,0,ok
train/4-10/32.jpg,4,10,112,112,207,57,202,175,0,ok
train/4-10/33.jpg,4,10,112,112,64,30,147,62,270,ok
train/4-10/34.jpg,4,10,112,112,167,207,78,161,90,ok
train/4-10/36.jpg,4,10,112,112,207,57,202,175,0,ok
train/4-10/37.jpg,4,10,112,112,63,27,152,55,270,ok
train/4-10/38.jpg,4,10,112,112,192,66,161,146,0,ok
train/4-10/39.jpg,4,10,112,112,207,57,164,149,0,ok
train/4-10/4.jpg,4,10,112,112,207,57,202,175,0,ok
train/4-10/40.jpg,4,10,112,112,207,57,186,164,0,ok
train/4-10/41.jpg,4,10,112,112,207,57,202,175,0,ok
train/4-10/42.jpg,4,10,112,112,17,167,62,77,180,ok
train/4-10/43.jpg,4,10,112,112,17,167,22,49,180,ok
train/4-10/44.jpg,4,10,112,112,32,158,62,77,180,ok
train/4-10/45.jpg,4,10,112,112,198,62,161,146,0,ok
train/4-10/46.jpg,4,10,112,112,192,66,161,146,0,ok
train/4-10/47.jpg,4,10,112,112,207,57,161,146,0,ok
train/4-10/48.jpg,4,10,112,112,207,57,202,175,0,ok
train/4-10/49.jpg,4,10,112,112,57,17,150,57,270,ok
train/4-10/50.jpg,4,10,112,112,17,167,22,49,180,ok
train/4-10/51.jpg,4,10,112,112,57,18,147,62,270,ok
train/4-10/52.jpg,4,10,112,112,207,57,202,175,0,ok
train/4-10/53.jpg,4,10,112,112,164,201,49,202,90,ok
train/4-10/54.jpg,4,10,112,112,207,57,202,175,0,ok
train/4-10/55.jpg,4,10,112,112,167,207,49,202,90,ok
train/4-10/57.jpg,4,10,112,112,57,17,175,22,270,ok
train/4-10/58.jpg,4,10,112,112,57,17,164,37,270,ok
train/4-10/6.jpg,4,10,112,112,207,57,202,175,0,ok
train/4-10/60.jpg,4,10,112,112,163,200,78,161,90,ok
train/4-10/61.jpg,4,10,112,112,165,204,78,161,90,ok
train/4-10/62.jpg,4,10,112,112,194,64,161,146,0,ok
train/4-10/63.jpg,4,10,112,112,194,64,161,146,0,ok
train/4-10/64.jpg,4,10,112,112,192,66,161,146,0,ok
train/4-10/65.jpg,4,10,112,112,17,167,23,49,180,ok
train/4-10/66.jpg,4,10,112,112,198,62,161,146,0,ok
train/4-10/67.jpg,4,10,112,112,17,167,62,77,180,ok
train/4-10/68.jpg,4,10,112,112,30,160,62,77,180,ok
train/4-10/69.jpg,4,10,112,112,57,17,175,22,270,ok
train/4-10/70.jpg,4,10,112,112,166,206,49,201,90,ok
train/4-10/71.jpg,4,10,112,112,17,167,22,49,180,ok
train/4-10/72.jpg,4,10,112,112,207,57,161,146,0,ok
train/4-10/75.jpg,4,10,112,112,20,165,62,77,180,ok
train/4-10/76.jpg,4,10,112,112,189,68,200,174,0,ok
train/4-10/78.jpg,4,10,112,112,192,66,161,146,0,ok
train/4-10/8.jpg,4,10,112,112,199,61,161,146,0,ok
train/4-10/82.jpg,4,10,112,112,207,57,202,175,0,ok
train/4-10/83.jpg,4,10,112,112,17,167,22,49,180,ok
train/4-10/85.jpg,4,10,112,112,207,57,202,175,0,ok
train/4-10/87.jpg,4,10,112,112,167,207,78,161,90,ok
train/4-10/89.jpg,4,10,112,112,167,207,78,161,90,ok
train/4-10/9.jpg,4,10,112,112,198,62,161,146,0,ok
train/4-10/90.jpg,4,10,112,112,167,207,49,202,90,ok
train/4-10/91.jpg,4,10,112,112,167,207,49,202,90,ok
train/4-10/92.jpg,4,10,112,112,207,57,202,175,0,ok
train/4-10/93.jpg,4,10,112,112,207,57,202,175,0,ok
train/4-10/96.jpg,4,10,112,112,57,17,147,62,270,ok
train/4-10/97.jpg,4,10,112,112,198,62,161,146,0,ok
train/4-10/98.jpg,4,10,112,112,25,163,62,77,180,ok
train/4-10/99.jpg,4,10,112,112,192,66,161,146,0,ok
train/4-15/1.jpg,4,15,112,112,112,222,45,199,90,ok
train/4-15/10.jpg,4,15,112,112,2,112,63,74,180,ok
train/4-15/11.jpg,4,15,112,112,222,112,199,179,0,ok
train/4-15/12.jpg,4,15,112,112,222,112,167,154,0,ok
train/4-15/14.jpg,4,15,112,112,222,112,199,179,0,ok
train/4-15/15.jpg,4,15,112,112,112,204,74,161,90,ok
train/4-15/16.jpg,4,15,112,112,222,112,199,179,0,ok
train/4-15/17.jpg,4,15,112,112,216,112,160,149,0,ok
train/4-15/18.jpg,4,15,112,112,219,112,199,179,0,ok
train/4-15/19.jpg,4,15,112,112,19,112,63,74,180,ok
train/4-15/2.jpg,4,15,112,112,222,112,160,149,0,ok
train/4-15/20.jpg,4,15,112,112,208,112,160,149,0,ok
train/4-15/21.jpg,4,15,112,112,112,210,75,160,90,ok
train/4-15/22.jpg,4,15,112,112,112,2,179,25,270,ok
train/4-15/23.jpg,4,15,112,112,112,222,45,199,90,ok
train/4-15/24.jpg,4,15,112,112,2,112,63,74,180,ok
train/4-15/25.jpg,4,15,112,112,2,112,25,45,180,ok
train/4-15/26.jpg,4,15,112,112,218,112,197,177,0,ok
train/4-15/27.jpg,4,15,112,112,222,112,199,179,0,ok
train/4-15/28.jpg,4,15,112,112,2,112,63,74,180,ok
train/4-15/29.jpg,4,15,112,112,222,112,160,149,0,ok
train/4-15/3.jpg,4,15,112,112,112,2,170,37,270,ok
train/4-15/30.jpg,4,15,112,112,19,112,63,74,180,ok
train/4-15/31.jpg,4,15,112,112,209,112,160,149,0,ok
train/4-15/32.jpg,4,15,112,112,222,112,199,179,0,ok
train/4-15/33.jpg,4,15,112,112,112,18,149,64,270,ok
train/4-15/34.jpg,4,15,112,112,6,112,63,74,180,ok
train/4-15/35.jpg,4,15,112,112,222,112,199,179,0,ok
train/4-15/37.jpg,4,15,112,112,15,112,55,68,180,ok
train/4-15/38.jpg,4,15,112,112,19,112,63,74,180,ok
train/4-15/39.jpg,4,15,112,112,112,55,179,25,270,ok
train/4-15/4.jpg,4,15,112,112,2,112,25,45,180,ok
train/4-15/40.jpg,4,15,112,112,2,112,25,45,180,ok
train/4-15/41.jpg,4,15,112,112,2,112,25,45,180,ok
train/4-15/43.jpg,4,15,112,112,222,112,199,179,0,ok
train/4-15/44.jpg,4,15,112,112,19,112,63,74,180,ok
train/4-15/47.jpg,4,15,112,112,2,112,63,74,180,ok
train/4-15/48.jpg,4,15,112,112,222,112,199,179,0,ok
train/4-15/49.jpg,4,15,112,112,112,204,71,165,90,ok
train/4-15/5.jpg,4,15,112,112,222,112,160,149,0,ok
train/4-15/50.jpg,4,15,112,112,112,222,45,199,90,ok
train/4-15/51.jpg,4,15,112,112,112,2,149,64,270,ok
train/4-15/53.jpg,4,15,112,112,2,112,25,45,180,ok
train/4-15/54.jpg,4,15,112,112,222,112,199,179,0,ok
train/4-15/56.jpg,4,15,112,112,19,112,63,74,180,ok
train/4-15/57.jpg,4,15,112,112,2,112,25,45,180,ok
train/4-15/59.jpg,4,15,112,112,112,18,151,61,270,ok
train/4-15/6.jpg,4,15,112,112,222,112,199,179,0,ok
train/4-15/61.jpg,4,15,112,112,112,221,75,160,90,ok
train/4-15/62.jpg,4,15,112,112,112,206,75,160,90,ok
train/4-15/63.jpg,4,15,112,112,206,112,160,149,0,ok
train/4-15/64.jpg,4,15,112,112,112,204,75,160,90,ok
train/4-15/65.jpg,4,15,112,112,222,112,199,179,0,ok
train/4-15/66.jpg,4,15,112,112,213,112,160,149,0,ok
train/4-15/67.jpg,4,15,112,112,222,112,160,149,0,ok
train/4-15/69.jpg,4,15,112,112,2,112,25,45,180,ok
train/4-15/7.jpg,4,15,112,112,222,112,179,163,0,ok
train/4-15/70.jpg,4,15,112,112,112,2,179,25,270,ok
train/4-15/72.jpg,4,15,112,112,112,222,75,160,90,ok
train/4-15/73.jpg,4,15,112,112,112,222,45,199,90,ok
train/4-15/75.jpg,4,15,112,112,2,112,63,74,180,ok
train/4-15/76.jpg,4,15,112,112,112,220,46,198,90,ok
train/4-15/77.jpg,4,15,112,112,222,112,199,179,0,ok
train/4-15/78.jpg,4,15,112,112,205,112,160,149,0,ok
train/4-15/80.jpg,4,15,112,112,112,222,75,160,90,ok
train/4-15/81.jpg,4,15,112,112,112,222,45,199,90,ok
train/4-15/82.jpg,4,15,112,112,112,222,45,199,90,ok
train/4-15/83.jpg,4,15,112,112,222,112,199,179,0,ok
train/4-15/84.jpg,4,15,112,112,222,112,160,149,0,ok
train/4-15/85.jpg,4,15,112,112,222,112,199,179,0,ok
train/4-15/86.jpg,4,15,112,112,205,112,160,149,0,ok
train/4-15/87.jpg,4,15,112,112,222,112,160,149,0,ok
train/4-15/88.jpg,4,15,112,112,212,112,160,149,0,ok
train/4-15/89.jpg,4,15,112,112,2,112,63,74,180,ok
train/4-15/90.jpg,4,15,112,112,222,112,199,179,0,ok
train/4-15/91.jpg,4,15,112,112,112,222,45,199,90,ok
train/4-15/92.jpg,4,15,112,112,2,112,25,45,180,ok
train/4-15/94.jpg,4,15,112,112,112,216,45,199,90,ok
train/4-15/96.jpg,4,15,112,112,222,112,160,149,0,ok
train/4-15/99.jpg,4,15,112,112,222,112,160,149,0,ok
train/4-20/0.jpg,4,20,112,112,61,200,73,158,90,ok
train/4-20/1.jpg,4,20,112,112,167,17,183,28,270,ok
train/4-20/10.jpg,4,20,112,112,57,207,73,158,90,ok
train/4-20/11.jpg,4,20,112,112,207,167,196,183,0,ok
train/4-20/13.jpg,4,20,112,112,28,64,65,73,180,ok
train/4-20/14.jpg,4,20,112,112,207,167,196,183,0,ok
train/4-20/15.jpg,4,20,112,112,192,158,159,151,0,ok
train/4-20/16.jpg,4,20,112,112,207,167,196,183,0,ok
train/4-20/18.jpg,4,20,112,112,207,167,163,155,0,ok
train/4-20/19.jpg,4,20,112,112,207,167,157,150,0,ok
train/4-20/2.jpg,4,20,112,112,192,158,157,150,0,ok
train/4-20/20.jpg,4,20,112,112,28,64,65,73,180,ok
train/4-20/21.jpg,4,20,112,112,160,28,151,66,270,ok
train/4-20/22.jpg,4,20,112,112,206,166,195,182,0,ok
train/4-20/24.jpg,4,20,112,112,207,167,157,150,0,ok
train/4-20/25.jpg,4,20,112,112,207,167,196,183,0,ok
train/4-20/26.jpg,4,20,112,112,19,58,29,42,180,ok
train/4-20/28.jpg,4,20,112,112,207,167,157,150,0,ok
train/4-20/29.jpg,4,20,112,112,207,167,157,150,0,ok
train/4-20/30.jpg,4,20,112,112,17,57,65,73,180,ok
train/4-20/31.jpg,4,20,112,112,28,64,65,73,180,ok
train/4-20/33.jpg,4,20,112,112,193,159,157,150,0,ok
train/4-20/34.jpg,4,20,112,112,192,158,157,150,0,ok
train/4-20/35.jpg,4,20,112,112,166,18,183,28,270,ok
train/4-20/36.jpg,4,20,112,112,207,167,196,183,0,ok
train/4-20/37.jpg,4,20,112,112,196,160,170,161,0,ok
train/4-20/39.jpg,4,20,112,112,207,167,160,152,0,ok
train/4-20/4.jpg,4,20,112,112,57,207,41,196,90,ok
train/4-20/40.jpg,4,20,112,112,57,207,70,163,90,ok
train/4-20/42.jpg,4,20,112,112,207,167,157,150,0,ok
train/4-20/43.jpg,4,20,112,112,57,207,41,196,90,ok
train/4-20/44.jpg,4,20,112,112,207,167,157,150,0,ok
train/4-20/46.jpg,4,20,112,112,158,31,151,66,270,ok
train/4-20/47.jpg,4,20,112,112,167,17,151,66,270,ok
train/4-20/50.jpg,4,20,112,112,207,167,196,183,0,ok
train/4-20/51.jpg,4,20,112,112,57,207,73,158,90,ok
train/4-20/52.jpg,4,20,112,112,17,57,28,41,180,ok
train/4-20/53.jpg,4,20,112,112,207,167,196,183,0,ok
train/4-20/54.jpg,4,20,112,112,207,167,196,183,0,ok
train/4-20/55.jpg,4,20,112,112,57,207,41,196,90,ok
train/4-20/56.jpg,4,20,112,112,163,24,151,66,270,ok
train/4-20/57.jpg,4,20,112,112,167,17,183,28,270,ok
train/4-20/58.jpg,4,20,112,112,207,167,182,171,0,ok
train/4-20/59.jpg,4,20,112,112,167,17,151,65,270,ok
train/4-20/60.jpg,4,20,112,112,26,62,65,73,180,ok
train/4-20/61.jpg,4,20,112,112,65,193,73,158,90,ok
train/4-20/62.jpg,4,20,112,112,17,57,65,73,180,ok
train/4-20/65.jpg,4,20,112,112,206,166,196,183,0,ok
train/4-20/66.jpg,4,20,112,112,163,24,151,66,270,ok
train/4-20/68.jpg,4,20,112,112,31,65,65,73,180,ok
train/4-20/7.jpg,4,20,112,112,164,23,183,28,270,ok
train/4-20/70.jpg,4,20,112,112,17,57,28,41,180,ok
train/4-20/71.jpg,4,20,112,112,167,17,183,28,270,ok
train/4-20/72.jpg,4,20,112,112,207,167,157,150,0,ok
train/4-20/74.jpg,4,20,112,112,57,207,41,196,90,ok
train/4-20/75.jpg,4,20,112,112,196,160,157,150,0,ok
train/4-20/76.jpg,4,20,112,112,68,189,42,195,90,ok
train/4-20/78.jpg,4,20,112,112,192,158,157,150,0,ok
train/4-20/79.jpg,4,20,112,112,57,207,41,196,90,ok
train/4-20/8.jpg,4,20,112,112,192,158,157,150,0,ok
train/4-20/80.jpg,4,20,112,112,57,207,73,158,90,ok
train/4-20/81.jpg,4,20,112,112,57,207,41,196,90,ok
train/4-20/82.jpg,4,20,112,112,207,167,196,183,0,ok
train/4-20/83.jpg,4,20,112,112,207,167,196,183,0,ok
train/4-20/84.jpg,4,20,112,112,207,167,157,150,0,ok
train/4-20/85.jpg,4,20,112,112,167,17,183,28,270,ok
train/4-20/86.jpg,4,20,112,112,30,64,65,73,180,ok
train/4-20/87.jpg,4,20,112,112,160,28,151,66,270,ok
train/4-20/88.jpg,4,20,112,112,199,162,157,150,0,ok
train/4-20/89.jpg,4,20,112,112,207,167,157,150,0,ok
train/4-20/9.jpg,4,20,112,112,193,159,157,150,0,ok
train/4-20/90.jpg,4,20,112,112,207,167,196,183,0,ok
train/4-20/91.jpg,4,20,112,112,57,207,41,196,90,ok
train/4-20/92.jpg,4,20,112,112,57,207,41,196,90,ok
train/4-20/93.jpg,4,20,112,112,207,167,196,183,0,ok
train/4-20/94.jpg,4,20,112,112,167,17,183,28,270,ok
train/4-20/95.jpg,4,20,112,112,204,165,157,150,0,ok
train/4-20/96.jpg,4,20,112,112,192,158,157,150,0,ok
train/4-20/97.jpg,4,20,112,112,17,57,65,73,180,ok
train/4-20/99.jpg,4,20,112,112,192,158,157,150,0,ok
train/4-25/0.jpg,4,25,112,112,163,200,156,153,0,ok
train/4-25/10.jpg,4,25,112,112,167,207,156,153,0,ok
train/4-25/12.jpg,4,25,112,112,167,207,156,153,0,ok
train/4-25/13.jpg,4,25,112,112,158,192,156,153,0,ok
train/4-25/15.jpg,4,25,112,112,159,193,157,153,0,ok
train/4-25/16.jpg,4,25,112,112,167,207,193,186,0,ok
train/4-25/18.jpg,4,25,112,112,17,167,67,161,90,ok
train/4-25/19.jpg,4,25,112,112,167,207,156,153,0,ok
train/4-25/2.jpg,4,25,112,112,160,194,156,153,0,ok
train/4-25/20.jpg,4,25,112,112,163,200,156,153,0,ok
train/4-25/21.jpg,4,25,112,112,57,17,67,71,180,ok
train/4-25/22.jpg,4,25,112,112,17,167,38,193,90,ok
train/4-25/23.jpg,4,25,112,112,57,17,31,38,180,ok
train/4-25/24.jpg,4,25,112,112,167,207,156,153,0,ok
train/4-25/26.jpg,4,25,112,112,58,19,32,39,180,ok
train/4-25/29.jpg,4,25,112,112,207,57,153,67,270,ok
train/4-25/3.jpg,4,25,112,112,167,207,193,186,0,ok
train/4-25/30.jpg,4,25,112,112,32,158,71,157,90,ok
train/4-25/31.jpg,4,25,112,112,167,207,156,153,0,ok
train/4-25/33.jpg,4,25,112,112,159,193,156,153,0,ok
train/4-25/36.jpg,4,25,112,112,167,207,193,186,0,ok
train/4-25/37.jpg,4,25,112,112,162,198,168,163,0,ok
train/4-25/38.jpg,4,25,112,112,158,192,156,153,0,ok
train/4-25/39.jpg,4,25,112,112,207,57,155,65,270,ok
train/4-25/4.jpg,4,25,112,112,167,207,193,186,0,ok
train/4-25/40.jpg,4,25,112,112,167,207,156,153,0,ok
train/4-25/41.jpg,4,25,112,112,167,207,193,186,0,ok
train/4-25/42.jpg,4,25,112,112,207,57,153,67,270,ok
train/4-25/43.jpg,4,25,112,112,17,167,38,193,90,ok
train/4-25/44.jpg,4,25,112,112,17,167,71,157,90,ok
train/4-25/46.jpg,4,25,112,112,65,31,67,71,180,ok
train/4-25/48.jpg,4,25,112,112,167,207,193,186,0,ok
train/4-25/49.jpg,4,25,112,112,167,207,160,156,0,ok
train/4-25/5.jpg,4,25,112,112,194,64,153,67,270,ok
train/4-25/50.jpg,4,25,112,112,167,207,193,186,0,ok
train/4-25/52.jpg,4,25,112,112,17,167,38,193,90,ok
train/4-25/53.jpg,4,25,112,112,207,57,186,31,270,ok
train/4-25/54.jpg,4,25,112,112,167,207,193,186,0,ok
train/4-25/55.jpg,4,25,112,112,167,207,193,186,0,ok
train/4-25/56.jpg,4,25,112,112,158,192,156,153,0,ok
train/4-25/57.jpg,4,25,112,112,167,207,193,186,0,ok
train/4-25/59.jpg,4,25,112,112,207,57,153,67,270,ok
train/4-25/60.jpg,4,25,112,112,192,66,153,67,270,ok
train/4-25/61.jpg,4,25,112,112,60,22,67,71,180,ok
train/4-25/62.jpg,4,25,112,112,167,207,156,153,0,ok
train/4-25/63.jpg,4,25,112,112,160,194,156,153,0,ok
train/4-25/64.jpg,4,25,112,112,57,17,67,71,180,ok
train/4-25/65.jpg,4,25,112,112,17,167,38,193,90,ok
train/4-25/66.jpg,4,25,112,112,167,207,156,153,0,ok
train/4-25/67.jpg,4,25,112,112,207,57,153,67,270,ok
train/4-25/68.jpg,4,25,112,112,65,31,67,71,180,ok
train/4-25/7.jpg,4,25,112,112,207,57,186,31,270,ok
train/4-25/70.jpg,4,25,112,112,57,17,31,38,180,ok
train/4-25/71.jpg,4,25,112,112,57,17,31,38,180,ok
train/4-25/73.jpg,4,25,112,112,17,167,38,193,90,ok
train/4-25/74.jpg,4,25,112,112,167,207,193,186,0,ok
train/4-25/75.jpg,4,25,112,112,160,194,156,153,0,ok
train/4-25/76.jpg,4,25,112,112,156,188,192,185,0,ok
train/4-25/77.jpg,4,25,112,112,167,207,193,186,0,ok
train/4-25/78.jpg,4,25,112,112,167,207,156,153,0,ok
train/4-25/79.jpg,4,25,112,112,167,207,166,161,0,ok
train/4-25/80.jpg,4,25,112,112,167,207,156,153,0,ok
train/4-25/81.jpg,4,25,112,112,17,167,38,193,90,ok
train/4-25/82.jpg,4,25,112,112,17,167,38,193,90,ok
train/4-25/83.jpg,4,25,112,112,167,207,193,186,0,ok
train/4-25/84.jpg,4,25,112,112,57,17,67,71,180,ok
train/4-25/85.jpg,4,25,112,112,167,207,193,186,0,ok
train/4-25/86.jpg,4,25,112,112,160,195,156,153,0,ok
train/4-25/87.jpg,4,25,112,112,167,207,156,153,0,ok
train/4-25/88.jpg,4,25,112,112,22,164,71,157,90,ok
train/4-25/89.jpg,4,25,112,112,167,207,156,153,0,ok
train/4-25/9.jpg,4,25,112,112,59,20,67,71,180,ok
train/4-25/90.jpg,4,25,112,112,17,167,38,193,90,ok
train/4-25/91.jpg,4,25,112,112,17,167,38,193,90,ok
train/4-25/92.jpg,4,25,112,112,167,207,159,155,0,ok
train/4-25/93.jpg,4,25,112,112,167,207,193,186,0,ok
train/4-25/94.jpg,4,25,112,112,207,57,186,31,270,ok
train/4-25/95.jpg,4,25,112,112,57,17,67,71,180,ok
train/4-25/96.jpg,4,25,112,112,167,207,156,153,0,ok
train/4-25/99.jpg,4,25,112,112,193,66,153,67,270,ok
train/4-30/0.jpg,4,30,112,112,112,8,69,69,180,ok
train/4-30/10.jpg,4,30,112,112,222,112,155,69,270,ok
train/4-30/11.jpg,4,30,112,112,2,112,34,190,90,ok
train/4-30/12.jpg,4,30,112,112,112,2,69,69,180,ok
train/4-30/13.jpg,4,30,112,112,2,112,69,155,90,ok
train/4-30/14.jpg,4,30,112,112,112,222,190,190,0,ok
train/4-30/16.jpg,4,30,112,112,112,222,190,190,0,ok
train/4-30/17.jpg,4,30,112,112,112,204,154,154,0,ok
train/4-30/18.jpg,4,30,112,112,222,112,160,64,270,ok
train/4-30/19.jpg,4,30,112,112,2,112,69,155,90,ok
train/4-30/2.jpg,4,30,112,112,112,2,69,69,180,ok
train/4-30/21.jpg,4,30,112,112,112,5,69,69,180,ok
train/4-30/23.jpg,4,30,112,112,112,222,190,190,0,ok
train/4-30/24.jpg,4,30,112,112,112,222,154,154,0,ok
train/4-30/26.jpg,4,30,112,112,219,112,188,36,270,ok
train/4-30/27.jpg,4,30,112,112,112,222,190,190,0,ok
train/4-30/28.jpg,4,30,112,112,112,204,154,154,0,ok
train/4-30/29.jpg,4,30,112,112,222,112,155,69,270,ok
train/4-30/30.jpg,4,30,112,112,112,204,154,154,0,ok
train/4-30/31.jpg,4,30,112,112,205,112,155,69,270,ok
train/4-30/33.jpg,4,30,112,112,112,17,69,69,180,ok
train/4-30/35.jpg,4,30,112,112,112,222,189,189,0,ok
train/4-30/37.jpg,4,30,112,112,112,204,168,168,0,ok
train/4-30/38.jpg,4,30,112,112,19,112,69,155,90,ok
train/4-30/39.jpg,4,30,112,112,112,17,66,66,180,ok
train/4-30/4.jpg,4,30,112,112,222,112,190,34,270,ok
train/4-30/40.jpg,4,30,112,112,222,112,155,69,270,ok
train/4-30/43.jpg,4,30,112,112,2,112,34,190,90,ok
train/4-30/44.jpg,4,30,112,112,112,222,154,154,0,ok
train/4-30/45.jpg,4,30,112,112,112,213,154,154,0,ok
train/4-30/46.jpg,4,30,112,112,19,112,69,155,90,ok
train/4-30/47.jpg,4,30,112,112,112,207,154,154,0,ok
train/4-30/48.jpg,4,30,112,112,112,222,190,190,0,ok
train/4-30/5.jpg,4,30,112,112,19,112,69,155,90,ok
train/4-30/50.jpg,4,30,112,112,112,222,190,190,0,ok
train/4-30/51.jpg,4,30,112,112,112,222,154,154,0,ok
train/4-30/52.jpg,4,30,112,112,2,112,34,190,90,ok
train/4-30/53.jpg,4,30,112,112,112,222,190,190,0,ok
train/4-30/54.jpg,4,30,112,112,112,222,190,190,0,ok
train/4-30/55.jpg,4,30,112,112,112,222,190,190,0,ok
train/4-30/56.jpg,4,30,112,112,206,112,155,69,270,ok
train/4-30/57.jpg,4,30,112,112,112,2,34,34,180,ok
train/4-30/58.jpg,4,30,112,112,214,112,177,47,270,ok
train/4-30/59.jpg,4,30,112,112,205,112,155,69,270,ok
train/4-30/6.jpg,4,30,112,112,2,112,34,190,90,ok
train/4-30/60.jpg,4,30,112,112,112,204,154,154,0,ok
train/4-30/61.jpg,4,30,112,112,19,112,69,155,90,ok
train/4-30/62.jpg,4,30,112,112,112,2,69,69,180,ok
train/4-30/64.jpg,4,30,112,112,112,2,69,69,180,ok
train/4-30/65.jpg,4,30,112,112,222,112,190,34,270,ok
train/4-30/66.jpg,4,30,112,112,19,112,69,155,90,ok
train/4-30/67.jpg,4,30,112,112,112,222,154,154,0,ok
train/4-30/68.jpg,4,30,112,112,112,204,154,154,0,ok
train/4-30/69.jpg,4,30,112,112,112,2,34,34,180,ok
train/4-30/7.jpg,4,30,112,112,222,112,190,34,270,ok
train/4-30/71.jpg,4,30,112,112,2,112,34,190,90,ok
train/4-30/72.jpg,4,30,112,112,112,222,154,154,0,ok
train/4-30/73.jpg,4,30,112,112,112,222,190,190,0,ok
train/4-30/75.jpg,4,30,112,112,112,206,154,154,0,ok
train/4-30/77.jpg,4,30,112,112,2,112,34,190,90,ok
train/4-30/78.jpg,4,30,112,112,112,222,154,154,0,ok
train/4-30/79.jpg,4,30,112,112,112,222,168,168,0,ok
train/4-30/8.jpg,4,30,112,112,112,210,154,154,0,ok
train/4-30/81.jpg,4,30,112,112,112,222,190,190,0,ok
train/4-30/82.jpg,4,30,112,112,112,222,190,190,0,ok
train/4-30/83.jpg,4,30,112,112,112,222,190,190,0,ok
train/4-30/84.jpg,4,30,112,112,112,222,154,154,0,ok
train/4-30/85.jpg,4,30,112,112,112,222,190,190,0,ok
train/4-30/86.jpg,4,30,112,112,112,14,69,69,180,ok
train/4-30/87.jpg,4,30,112,112,112,222,154,154,0,ok
train/4-30/9.jpg,4,30,112,112,112,2,69,69,180,ok
train/4-30/90.jpg,4,30,112,112,112,222,190,190,0,ok
train/4-30/91.jpg,4,30,112,112,112,222,190,190,0,ok
train/4-30/92.jpg,4,30,112,112,112,222,158,158,0,ok
train/4-30/93.jpg,4,30,112,112,112,222,190,190,0,ok
train/4-30/94.jpg,4,30,112,112,112,206,190,190,0,ok
train/4-30/96.jpg,4,30,112,112,112,222,154,154,0,ok
train/4-30/97.jpg,4,30,112,112,112,16,69,69,180,ok
train/4-30/98.jpg,4,30,112,112,112,204,154,154,0,ok
train/4-30/99.jpg,4,30,112,112,222,112,155,69,270,ok
train/4-35/1.jpg,4,35,112,112,57,207,186,193,0,ok
train/4-35/10.jpg,4,35,112,112,192,158,157,71,270,ok
train/4-35/11.jpg,4,35,112,112,57,207,186,193,0,ok
train/4-35/12.jpg,4,35,112,112,27,63,67,153,90,ok
train/4-35/13.jpg,4,35,112,112,66,192,153,156,0,ok
train/4-35/14.jpg,4,35,112,112,57,207,186,193,0,ok
train/4-35/16.jpg,4,35,112,112,57,207,186,193,0,ok
train/4-35/19.jpg,4,35,112,112,158,31,71,67,180,ok
train/4-35/20.jpg,4,35,112,112,60,201,153,156,0,ok
train/4-35/21.jpg,4,35,112,112,66,192,153,156,0,ok
train/4-35/22.jpg,4,35,112,112,61,200,186,192,0,ok
train/4-35/23.jpg,4,35,112,112,17,57,31,186,90,ok
train/4-35/26.jpg,4,35,112,112,58,205,184,191,0,ok
train/4-35/30.jpg,4,35,112,112,66,192,153,156,0,ok
train/4-35/31.jpg,4,35,112,112,160,28,71,67,180,ok
train/4-35/32.jpg,4,35,112,112,167,17,38,31,180,ok
train/4-35/33.jpg,4,35,112,112,31,65,67,153,90,ok
train/4-35/35.jpg,4,35,112,112,58,206,186,193,0,ok
train/4-35/36.jpg,4,35,112,112,57,207,186,193,0,ok
train/4-35/37.jpg,4,35,112,112,64,195,160,164,0,ok
train/4-35/38.jpg,4,35,112,112,66,192,153,156,0,ok
train/4-35/39.jpg,4,35,112,112,167,17,69,65,180,ok
train/4-35/4.jpg,4,35,112,112,17,57,31,186,90,ok
train/4-35/41.jpg,4,35,112,112,167,17,38,31,180,ok
train/4-35/42.jpg,4,35,112,112,57,207,153,156,0,ok
train/4-35/43.jpg,4,35,112,112,17,57,31,186,90,ok
train/4-35/45.jpg,4,35,112,112,199,162,157,71,270,ok
train/4-35/46.jpg,4,35,112,112,192,158,157,71,270,ok
train/4-35/47.jpg,4,35,112,112,57,207,153,156,0,ok
train/4-35/48.jpg,4,35,112,112,57,207,186,193,0,ok
train/4-35/49.jpg,4,35,112,112,192,158,161,67,270,ok
train/4-35/5.jpg,4,35,112,112,166,18,71,67,180,ok
train/4-35/50.jpg,4,35,112,112,57,207,186,193,0,ok
train/4-35/51.jpg,4,35,112,112,57,207,153,156,0,ok
train/4-35/52.jpg,4,35,112,112,167,17,38,31,180,ok
train/4-35/53.jpg,4,35,112,112,207,167,193,38,270,ok
train/4-35/55.jpg,4,35,112,112,57,207,186,193,0,ok
train/4-35/56.jpg,4,35,112,112,196,160,157,71,270,ok
train/4-35/57.jpg,4,35,112,112,57,207,186,193,0,ok
train/4-35/58.jpg,4,35,112,112,59,203,174,180,0,ok
train/4-35/59.jpg,4,35,112,112,207,167,157,71,270,ok
train/4-35/6.jpg,4,35,112,112,57,207,186,193,0,ok
train/4-35/61.jpg,4,35,112,112,66,193,153,156,0,ok
train/4-35/62.jpg,4,35,112,112,207,167,157,71,270,ok
train/4-35/63.jpg,4,35,112,112,64,195,153,156,0,ok
train/4-35/64.jpg,4,35,112,112,167,17,71,67,180,ok
train/4-35/66.jpg,4,35,112,112,64,195,153,156,0,ok
train/4-35/67.jpg,4,35,112,112,57,207,153,156,0,ok
train/4-35/68.jpg,4,35,112,112,31,65,67,153,90,ok
train/4-35/69.jpg,4,35,112,112,57,207,186,193,0,ok
train/4-35/7.jpg,4,35,112,112,17,57,31,186,90,ok
train/4-35/70.jpg,4,35,112,112,17,57,31,186,90,ok
train/4-35/71.jpg,4,35,112,112,207,167,193,38,270,ok
train/4-35/72.jpg,4,35,112,112,58,205,153,156,0,ok
train/4-35/73.jpg,4,35,112,112,207,167,193,38,270,ok
train/4-35/74.jpg,4,35,112,112,57,207,186,193,0,ok
train/4-35/75.jpg,4,35,112,112,64,194,153,156,0,ok
train/4-35/76.jpg,4,35,112,112,156,35,38,31,180,ok
train/4-35/77.jpg,4,35,112,112,57,207,186,193,0,ok
train/4-35/78.jpg,4,35,112,112,66,193,153,156,0,ok
train/4-35/79.jpg,4,35,112,112,17,57,57,163,90,ok
train/4-35/8.jpg,4,35,112,112,31,65,67,153,90,ok
train/4-35/80.jpg,4,35,112,112,57,207,153,156,0,ok
train/4-35/81.jpg,4,35,112,112,207,167,193,38,270,ok
train/4-35/82.jpg,4,35,112,112,57,207,186,193,0,ok
train/4-35/83.jpg,4,35,112,112,57,207,186,193,0,ok
train/4-35/84.jpg,4,35,112,112,57,207,153,156,0,ok
train/4-35/85.jpg,4,35,112,112,167,17,38,31,180,ok
train/4-35/86.jpg,4,35,112,112,193,158,157,71,270,ok
train/4-35/87.jpg,4,35,112,112,65,193,153,156,0,ok
train/4-35/88.jpg,4,35,112,112,66,193,153,156,0,ok
train/4-35/89.jpg,4,35,112,112,158,31,71,67,180,ok
train/4-35/9.jpg,4,35,112,112,31,65,67,153,90,ok
train/4-35/92.jpg,4,35,112,112,57,207,153,156,0,ok
train/4-35/93.jpg,4,35,112,112,57,207,186,193,0,ok
train/4-35/94.jpg,4,35,112,112,167,17,38,31,180,ok
train/4-35/96.jpg,4,35,112,112,57,207,153,156,0,ok
train/4-35/97.jpg,4,35,112,112,207,167,157,71,270,ok
train/4-35/98.jpg,4,35,112,112,27,63,67,153,90,ok
train/4-35/99.jpg,4,35,112,112,31,65,67,153,90,ok
train/4-40/0.jpg,4,40,112,112,22,164,150,157,0,ok
train/4-40/1.jpg,4,40,112,112,207,57,41,28,180,ok
train/4-40/10.jpg,4,40,112,112,17,167,150,157,0,ok
train/4-40/12.jpg,4,40,112,112,23,164,150,157,0,ok
train/4-40/13.jpg,4,40,112,112,65,31,66,151,90,ok
train/4-40/15.jpg,4,40,112,112,158,192,159,73,270,ok
train/4-40/17.jpg,4,40,112,112,164,202,158,73,270,ok
train/4-40/19.jpg,4,40,112,112,17,167,150,157,0,ok
train/4-40/2.jpg,4,40,112,112,57,17,66,151,90,ok
train/4-40/21.jpg,4,40,112,112,65,31,66,151,90,ok
train/4-40/22.jpg,4,40,112,112,17,167,183,196,0,ok
train/4-40/23.jpg,4,40,112,112,167,207,196,41,270,ok
train/4-40/25.jpg,4,40,112,112,207,57,41,28,180,ok
train/4-40/26.jpg,4,40,112,112,187,68,42,29,180,ok
train/4-40/27.jpg,4,40,112,112,17,167,183,196,0,ok
train/4-40/28.jpg,4,40,112,112,57,17,66,151,90,ok
train/4-40/29.jpg,4,40,112,112,17,167,150,157,0,ok
train/4-40/3.jpg,4,40,112,112,207,57,51,39,180,ok
train/4-40/30.jpg,4,40,112,112,65,31,66,151,90,ok
train/4-40/31.jpg,4,40,112,112,167,207,158,73,270,ok
train/4-40/32.jpg,4,40,112,112,57,17,28,183,90,ok
train/4-40/35.jpg,4,40,112,112,17,167,182,195,0,ok
train/4-40/37.jpg,4,40,112,112,160,196,165,68,270,ok
train/4-40/38.jpg,4,40,112,112,158,192,158,73,270,ok
train/4-40/39.jpg,4,40,112,112,167,207,163,70,270,ok
train/4-40/40.jpg,4,40,112,112,17,167,152,159,0,ok
train/4-40/41.jpg,4,40,112,112,167,207,196,41,270,ok
train/4-40/42.jpg,4,40,112,112,17,167,150,157,0,ok
train/4-40/43.jpg,4,40,112,112,57,17,28,183,90,ok
train/4-40/44.jpg,4,40,112,112,17,167,150,157,0,ok
train/4-40/45.jpg,4,40,112,112,196,63,73,65,180,ok
train/4-40/46.jpg,4,40,112,112,158,192,158,73,270,ok
train/4-40/48.jpg,4,40,112,112,17,167,183,196,0,ok
train/4-40/49.jpg,4,40,112,112,207,57,69,61,180,ok
train/4-40/5.jpg,4,40,112,112,18,167,150,157,0,ok
train/4-40/51.jpg,4,40,112,112,57,17,66,151,90,ok
train/4-40/53.jpg,4,40,112,112,167,207,179,55,270,ok
train/4-40/54.jpg,4,40,112,112,17,167,183,196,0,ok
train/4-40/56.jpg,4,40,112,112,162,199,158,73,270,ok
train/4-40/57.jpg,4,40,112,112,57,17,28,183,90,ok
train/4-40/58.jpg,4,40,112,112,196,63,46,34,180,ok
train/4-40/59.jpg,4,40,112,112,31,159,150,157,0,ok
train/4-40/6.jpg,4,40,112,112,17,167,183,196,0,ok
train/4-40/60.jpg,4,40,112,112,192,66,73,65,180,ok
train/4-40/61.jpg,4,40,112,112,27,161,150,157,0,ok
train/4-40/63.jpg,4,40,112,112,28,161,150,157,0,ok
train/4-40/65.jpg,4,40,112,112,57,17,28,183,90,ok
train/4-40/66.jpg,4,40,112,112,32,158,150,157,0,ok
train/4-40/67.jpg,4,40,112,112,17,167,150,157,0,ok
train/4-40/69.jpg,4,40,112,112,17,167,183,196,0,ok
train/4-40/7.jpg,4,40,112,112,17,167,183,196,0,ok
train/4-40/70.jpg,4,40,112,112,57,17,28,183,90,ok
train/4-40/71.jpg,4,40,112,112,207,57,41,28,180,ok
train/4-40/73.jpg,4,40,112,112,167,207,196,41,270,ok
train/4-40/74.jpg,4,40,112,112,17,167,183,196,0,ok
train/4-40/75.jpg,4,40,112,112,65,31,66,151,90,ok
train/4-40/76.jpg,4,40,112,112,188,68,42,29,180,ok
train/4-40/77.jpg,4,40,112,112,17,167,183,196,0,ok
train/4-40/78.jpg,4,40,112,112,61,25,66,151,90,ok
train/4-40/79.jpg,4,40,112,112,167,207,196,41,270,ok
train/4-40/8.jpg,4,40,112,112,159,193,158,73,270,ok
train/4-40/80.jpg,4,40,112,112,195,64,73,65,180,ok
train/4-40/81.jpg,4,40,112,112,17,167,183,196,0,ok
train/4-40/82.jpg,4,40,112,112,17,167,183,196,0,ok
train/4-40/83.jpg,4,40,112,112,17,167,183,196,0,ok
train/4-40/84.jpg,4,40,112,112,57,17,66,151,90,ok
train/4-40/86.jpg,4,40,112,112,30,160,150,157,0,ok
train/4-40/87.jpg,4,40,112,112,167,207,158,73,270,ok
train/4-40/89.jpg,4,40,112,112,207,57,73,65,180,ok
train/4-40/9.jpg,4,40,112,112,57,17,66,151,90,ok
train/4-40/90.jpg,4,40,112,112,17,167,183,196,0,ok
train/4-40/91.jpg,4,40,112,112,57,17,28,183,90,ok
train/4-40/92.jpg,4,40,112,112,167,207,196,41,270,ok
train/4-40/93.jpg,4,40,112,112,17,167,183,196,0,ok
train/4-40/94.jpg,4,40,112,112,17,167,183,196,0,ok
train/4-40/95.jpg,4,40,112,112,203,59,73,65,180,ok
train/4-40/96.jpg,4,40,112,112,57,17,66,151,90,ok
train/4-40/97.jpg,4,40,112,112,207,57,73,65,180,ok
train/4-40/98.jpg,4,40,112,112,61,25,66,151,90,ok
train/4-40/99.jpg,4,40,112,112,207,57,73,65,180,ok
train/4-45/0.jpg,4,45,112,112,7,112,149,160,0,ok
train/4-45/1.jpg,4,45,112,112,112,2,25,179,90,ok
train/4-45/11.jpg,4,45,112,112,112,222,199,45,270,ok
train/4-45/12.jpg,4,45,112,112,2,112,157,171,0,ok
train/4-45/13.jpg,4,45,112,112,19,112,149,160,0,ok
train/4-45/15.jpg,4,45,112,112,19,112,149,160,0,ok
train/4-45/16.jpg,4,45,112,112,2,112,179,199,0,ok
train/4-45/17.jpg,4,45,112,112,214,112,74,63,180,ok
train/4-45/19.jpg,4,45,112,112,19,112,149,160,0,ok
train/4-45/2.jpg,4,45,112,112,2,112,149,160,0,ok
train/4-45/20.jpg,4,45,112,112,14,112,149,160,0,ok
train/4-45/21.jpg,4,45,112,112,112,2,64,149,90,ok
train/4-45/22.jpg,4,45,112,112,2,112,179,199,0,ok
train/4-45/25.jpg,4,45,112,112,2,112,179,199,0,ok
train/4-45/26.jpg,4,45,112,112,5,112,177,196,0,ok
train/4-45/27.jpg,4,45,112,112,2,112,179,199,0,ok
train/4-45/29.jpg,4,45,112,112,112,222,160,75,270,ok
train/4-45/3.jpg,4,45,112,112,222,112,45,25,180,ok
train/4-45/33.jpg,4,45,112,112,112,204,160,75,270,ok
train/4-45/35.jpg,4,45,112,112,112,4,25,179,90,ok
train/4-45/37.jpg,4,45,112,112,211,112,62,47,180,ok
train/4-45/38.jpg,4,45,112,112,2,112,149,160,0,ok
train/4-45/4.jpg,4,45,112,112,2,112,179,199,0,ok
train/4-45/41.jpg,4,45,112,112,2,112,179,199,0,ok
train/4-45/42.jpg,4,45,112,112,2,112,149,160,0,ok
train/4-45/43.jpg,4,45,112,112,112,222,199,45,270,ok
train/4-45/45.jpg,4,45,112,112,15,112,149,160,0,ok
train/4-45/46.jpg,4,45,112,112,9,112,149,160,0,ok
train/4-45/47.jpg,4,45,112,112,112,2,64,149,90,ok
train/4-45/48.jpg,4,45,112,112,2,112,179,199,0,ok
train/4-45/49.jpg,4,45,112,112,17,112,152,164,0,ok
train/4-45/50.jpg,4,45,112,112,112,2,25,179,90,ok
train/4-45/51.jpg,4,45,112,112,112,2,64,149,90,ok
train/4-45/52.jpg,4,45,112,112,222,112,45,25,180,ok
train/4-45/53.jpg,4,45,112,112,218,112,45,25,180,ok
train/4-45/54.jpg,4,45,112,112,2,112,179,199,0,ok
train/4-45/55.jpg,4,45,112,112,2,112,179,199,0,ok
train/4-45/56.jpg,4,45,112,112,12,112,149,160,0,ok
train/4-45/57.jpg,4,45,112,112,2,112,179,199,0,ok
train/4-45/58.jpg,4,45,112,112,112,222,192,51,270,ok
train/4-45/59.jpg,4,45,112,112,112,222,160,75,270,ok
train/4-45/6.jpg,4,45,112,112,2,112,179,199,0,ok
train/4-45/60.jpg,4,45,112,112,213,112,74,63,180,ok
train/4-45/61.jpg,4,45,112,112,12,112,149,160,0,ok
train/4-45/62.jpg,4,45,112,112,112,15,64,149,90,ok
train/4-45/63.jpg,4,45,112,112,19,112,149,160,0,ok
train/4-45/64.jpg,4,45,112,112,112,217,160,75,270,ok
train/4-45/66.jpg,4,45,112,112,11,112,149,160,0,ok
train/4-45/67.jpg,4,45,112,112,4,112,149,160,0,ok
train/4-45/68.jpg,4,45,112,112,112,204,160,75,270,ok
train/4-45/69.jpg,4,45,112,112,2,112,179,199,0,ok
train/4-45/7.jpg,4,45,112,112,2,112,179,199,0,ok
train/4-45/70.jpg,4,45,112,112,2,112,178,198,0,ok
train/4-45/71.jpg,4,45,112,112,2,112,179,199,0,ok
train/4-45/73.jpg,4,45,112,112,112,18,25,179,90,ok
train/4-45/74.jpg,4,45,112,112,112,2,25,179,90,ok
train/4-45/75.jpg,4,45,112,112,19,112,149,160,0,ok
train/4-45/76.jpg,4,45,112,112,112,220,198,46,270,ok
train/4-45/77.jpg,4,45,112,112,2,112,179,199,0,ok
train/4-45/78.jpg,4,45,112,112,112,18,64,149,90,ok
train/4-45/79.jpg,4,45,112,112,112,2,25,179,90,ok
train/4-45/8.jpg,4,45,112,112,112,212,160,75,270,ok
train/4-45/80.jpg,4,45,112,112,112,222,160,75,270,ok
train/4-45/82.jpg,4,45,112,112,2,112,179,199,0,ok
train/4-45/83.jpg,4,45,112,112,2,112,179,199,0,ok
train/4-45/84.jpg,4,45,112,112,112,18,64,149,90,ok
train/4-45/85.jpg,4,45,112,112,19,112,179,199,0,ok
train/4-45/86.jpg,4,45,112,112,18,112,149,160,0,ok
train/4-45/87.jpg,4,45,112,112,222,112,74,63,180,ok
train/4-45/88.jpg,4,45,112,112,112,12,64,149,90,ok
train/4-45/89.jpg,4,45,112,112,2,112,149,160,0,ok
train/4-45/9.jpg,4,45,112,112,2,112,149,160,0,ok
train/4-45/90.jpg,4,45,112,112,2,112,179,199,0,ok
train/4-45/91.jpg,4,45,112,112,112,2,25,179,90,ok
train/4-45/92.jpg,4,45,112,112,2,112,179,199,0,ok
train/4-45/93.jpg,4,45,112,112,2,112,179,199,0,ok
train/4-45/94.jpg,4,45,112,112,112,7,25,179,90,ok
train/4-45/96.jpg,4,45,112,112,2,112,149,160,0,ok
train/4-45/97.jpg,4,45,112,112,112,2,64,149,90,ok
train/4-45/98.jpg,4,45,112,112,10,112,149,160,0,ok
train/4-50/1.jpg,4,50,112,112,207,167,49,22,180,ok
train/4-50/10.jpg,4,50,112,112,28,64,146,161,0,ok
train/4-50/11.jpg,4,50,112,112,17,57,175,202,0,ok
train/4-50/12.jpg,4,50,112,112,57,207,178,66,270,ok
train/4-50/13.jpg,4,50,112,112,17,57,150,167,0,ok
train/4-50/14.jpg,4,50,112,112,17,57,175,202,0,ok
train/4-50/15.jpg,4,50,112,112,31,65,146,161,0,ok
train/4-50/16.jpg,4,50,112,112,17,57,175,202,0,ok
train/4-50/17.jpg,4,50,112,112,61,200,161,78,270,ok
train/4-50/18.jpg,4,50,112,112,17,57,150,167,0,ok
train/4-50/19.jpg,4,50,112,112,17,57,146,161,0,ok
train/4-50/20.jpg,4,50,112,112,27,63,146,161,0,ok
train/4-50/21.jpg,4,50,112,112,31,65,146,161,0,ok
train/4-50/22.jpg,4,50,112,112,207,167,49,22,180,ok
train/4-50/23.jpg,4,50,112,112,167,17,22,175,90,ok
train/4-50/24.jpg,4,50,112,112,17,57,146,161,0,ok
train/4-50/25.jpg,4,50,112,112,57,207,202,49,270,ok
train/4-50/26.jpg,4,50,112,112,165,20,41,162,90,ok
train/4-50/27.jpg,4,50,112,112,17,57,175,202,0,ok
train/4-50/28.jpg,4,50,112,112,17,57,146,161,0,ok
train/4-50/29.jpg,4,50,112,112,17,57,147,162,0,ok
train/4-50/3.jpg,4,50,112,112,57,207,202,49,270,ok
train/4-50/30.jpg,4,50,112,112,31,65,146,161,0,ok
train/4-50/31.jpg,4,50,112,112,167,17,62,147,90,ok
train/4-50/32.jpg,4,50,112,112,167,17,22,175,90,ok
train/4-50/33.jpg,4,50,112,112,30,64,146,161,0,ok
train/4-50/35.jpg,4,50,112,112,57,207,201,49,270,ok
train/4-50/36.jpg,4,50,112,112,167,17,22,175,90,ok
train/4-50/37.jpg,4,50,112,112,28,64,168,191,0,ok
train/4-50/38.jpg,4,50,112,112,66,192,161,78,270,ok
train/4-50/39.jpg,4,50,112,112,17,57,149,165,0,ok
train/4-50/4.jpg,4,50,112,112,167,17,29,170,90,ok
train/4-50/40.jpg,4,50,112,112,160,28,58,150,90,ok
train/4-50/41.jpg,4,50,112,112,17,57,175,202,0,ok
train/4-50/42.jpg,4,50,112,112,17,57,146,161,0,ok
train/4-50/43.jpg,4,50,112,112,167,17,22,175,90,ok
train/4-50/44.jpg,4,50,112,112,66,192,161,78,270,ok
train/4-50/47.jpg,4,50,112,112,26,62,146,161,0,ok
train/4-50/49.jpg,4,50,112,112,162,26,57,150,90,ok
train/4-50/5.jpg,4,50,112,112,57,207,161,78,270,ok
train/4-50/50.jpg,4,50,112,112,17,57,175,202,0,ok
train/4-50/51.jpg,4,50,112,112,17,57,146,161,0,ok
train/4-50/52.jpg,4,50,112,112,17,57,175,202,0,ok
train/4-50/53.jpg,4,50,112,112,17,57,175,202,0,ok
train/4-50/55.jpg,4,50,112,112,17,57,175,202,0,ok
train/4-50/56.jpg,4,50,112,112,23,60,146,161,0,ok
train/4-50/57.jpg,4,50,112,112,17,57,175,202,0,ok
train/4-50/58.jpg,4,50,112,112,167,17,22,175,90,ok
train/4-50/6.jpg,4,50,112,112,17,57,175,202,0,ok
train/4-50/60.jpg,4,50,112,112,64,195,161,78,270,ok
train/4-50/61.jpg,4,50,112,112,31,65,146,161,0,ok
train/4-50/63.jpg,4,50,112,112,57,206,161,78,270,ok
train/4-50/64.jpg,4,50,112,112,66,192,161,78,270,ok
train/4-50/65.jpg,4,50,112,112,166,18,22,175,90,ok
train/4-50/66.jpg,4,50,112,112,63,197,161,78,270,ok
train/4-50/67.jpg,4,50,112,112,57,206,161,78,270,ok
train/4-50/68.jpg,4,50,112,112,28,64,146,161,0,ok
train/4-50/7.jpg,4,50,112,112,17,57,175,202,0,ok
train/4-50/70.jpg,4,50,112,112,17,57,175,201,0,ok
train/4-50/72.jpg,4,50,112,112,19,58,146,161,0,ok
train/4-50/73.jpg,4,50,112,112,17,57,175,202,0,ok
train/4-50/74.jpg,4,50,112,112,17,57,175,202,0,ok
train/4-50/75.jpg,4,50,112,112,31,65,146,161,0,ok
train/4-50/77.jpg,4,50,112,112,17,57,175,202,0,ok
train/4-50/78.jpg,4,50,112,112,28,64,146,161,0,ok
train/4-50/79.jpg,4,50,112,112,17,57,175,202,0,ok
train/4-50/80.jpg,4,50,112,112,167,17,62,147,90,ok
train/4-50/81.jpg,4,50,112,112,57,207,202,49,270,ok
train/4-50/82.jpg,4,50,112,112,207,167,49,22,180,ok
train/4-50/83.jpg,4,50,112,112,167,17,22,175,90,ok
train/4-50/87.jpg,4,50,112,112,57,207,161,78,270,ok
train/4-50/88.jpg,4,50,112,112,27,63,146,161,0,ok
train/4-50/89.jpg,4,50,112,112,57,207,161,78,270,ok
train/4-50/90.jpg,4,50,112,112,17,57,175,202,0,ok
train/4-50/91.jpg,4,50,112,112,167,17,22,175,90,ok
train/4-50/93.jpg,4,50,112,112,17,57,175,202,0,ok
train/4-50/94.jpg,4,50,112,112,167,17,22,175,90,ok
train/4-50/95.jpg,4,50,112,112,57,207,161,78,270,ok
train/4-50/97.jpg,4,50,112,112,25,62,146,161,0,ok
train/4-50/99.jpg,4,50,112,112,17,57,146,161,0,ok
train/4-55/0.jpg,4,55,112,112,142,164,56,23,180,ok
train/4-55/1.jpg,4,55,112,112,57,17,171,205,0,ok
train/4-55/10.jpg,4,55,112,112,57,17,145,163,0,ok
train/4-55/11.jpg,4,55,112,112,57,17,171,205,0,ok
train/4-55/12.jpg,4,55,112,112,57,17,156,181,0,ok
train/4-55/14.jpg,4,55,112,112,57,17,171,205,0,ok
train/4-55/15.jpg,4,55,112,112,160,196,79,60,180,ok
train/4-55/16.jpg,4,55,112,112,57,17,171,205,0,ok
train/4-55/17.jpg,4,55,112,112,142,164,57,26,180,ok
train/4-55/18.jpg,4,55,112,112,167,207,63,34,180,ok
train/4-55/19.jpg,4,55,112,112,167,207,79,60,180,ok
train/4-55/2.jpg,4,55,112,112,142,164,55,22,180,ok
train/4-55/20.jpg,4,55,112,112,63,27,145,163,0,ok
train/4-55/21.jpg,4,55,112,112,57,17,145,163,0,ok
train/4-55/22.jpg,4,55,112,112,17,167,205,53,270,ok
train/4-55/23.jpg,4,55,112,112,167,207,53,19,180,ok
train/4-55/25.jpg,4,55,112,112,207,57,41,157,90,ok
train/4-55/26.jpg,4,55,112,112,187,68,21,170,90,ok
train/4-55/27.jpg,4,55,112,112,57,17,171,205,0,ok
train/4-55/29.jpg,4,55,112,112,17,167,179,70,270,ok
train/4-55/3.jpg,4,55,112,112,65,31,171,205,0,ok
train/4-55/30.jpg,4,55,112,112,32,158,163,79,270,ok
train/4-55/31.jpg,4,55,112,112,57,17,145,163,0,ok
train/4-55/32.jpg,4,55,112,112,57,17,171,205,0,ok
train/4-55/33.jpg,4,55,112,112,60,142,192,61,270,ok
train/4-55/34.jpg,4,55,112,112,60,142,201,56,270,ok
train/4-55/35.jpg,4,55,112,112,167,207,53,19,180,ok
train/4-55/36.jpg,4,55,112,112,57,17,171,205,0,ok
train/4-55/37.jpg,4,55,112,112,18,167,163,79,270,ok
train/4-55/38.jpg,4,55,112,112,65,31,145,163,0,ok
train/4-55/39.jpg,4,55,112,112,57,17,146,165,0,ok
train/4-55/4.jpg,4,55,112,112,167,207,53,19,180,ok
train/4-55/40.jpg,4,55,112,112,207,57,54,149,90,ok
train/4-55/41.jpg,4,55,112,112,17,167,205,53,270,ok
train/4-55/42.jpg,4,55,112,112,78,53,171,205,0,ok
train/4-55/43.jpg,4,55,112,112,17,167,205,53,270,ok
train/4-55/45.jpg,4,55,112,112,62,26,145,163,0,ok
train/4-55/46.jpg,4,55,112,112,158,192,79,60,180,ok
train/4-55/47.jpg,4,55,112,112,158,192,79,60,180,ok
train/4-55/48.jpg,4,55,112,112,57,17,171,205,0,ok
train/4-55/5.jpg,4,55,112,112,60,142,193,60,270,ok
train/4-55/51.jpg,4,55,112,112,167,207,79,60,180,ok
train/4-55/52.jpg,4,55,112,112,207,57,19,171,90,ok
train/4-55/53.jpg,4,55,112,112,206,57,19,171,90,ok
train/4-55/54.jpg,4,55,112,112,57,17,171,205,0,ok
train/4-55/55.jpg,4,55,112,112,57,17,171,205,0,ok
train/4-55/57.jpg,4,55,112,112,57,17,171,205,0,ok
train/4-55/58.jpg,4,55,112,112,162,199,53,19,180,ok
train/4-55/6.jpg,4,55,112,112,57,17,171,205,0,ok
train/4-55/60.jpg,4,55,112,112,57,17,145,163,0,ok
train/4-55/61.jpg,4,55,112,112,142,164,56,23,180,ok
train/4-55/62.jpg,4,55,112,112,63,27,145,163,0,ok
train/4-55/64.jpg,4,55,112,112,142,164,53,19,180,ok
train/4-55/65.jpg,4,55,112,112,17,167,205,53,270,ok
train/4-55/66.jpg,4,55,112,112,207,57,60,145,90,ok
train/4-55/67.jpg,4,55,112,112,207,57,60,145,90,ok
train/4-55/68.jpg,4,55,112,112,142,164,60,30,180,ok
train/4-55/70.jpg,4,55,112,112,166,206,53,19,180,ok
train/4-55/71.jpg,4,55,112,112,207,57,19,171,90,ok
train/4-55/73.jpg,4,55,112,112,17,167,205,53,270,ok
train/4-55/74.jpg,4,55,112,112,57,17,171,205,0,ok
train/4-55/76.jpg,4,55,112,112,189,68,20,171,90,ok
train/4-55/77.jpg,4,55,112,112,57,17,171,205,0,ok
train/4-55/78.jpg,4,55,112,112,60,142,205,53,270,ok
train/4-55/79.jpg,4,55,112,112,167,207,53,19,180,ok
train/4-55/80.jpg,4,55,112,112,57,17,145,163,0,ok
train/4-55/81.jpg,4,55,112,112,57,17,171,205,0,ok
train/4-55/82.jpg,4,55,112,112,17,167,205,53,270,ok
train/4-55/83.jpg,4,55,112,112,57,17,171,205,0,ok
train/4-55/84.jpg,4,55,112,112,57,17,145,163,0,ok
train/4-55/86.jpg,4,55,112,112,142,164,59,29,180,ok
train/4-55/87.jpg,4,55,112,112,207,57,60,145,90,ok
train/4-55/88.jpg,4,55,112,112,160,196,79,60,180,ok
train/4-55/9.jpg,4,55,112,112,17,167,163,79,270,ok
train/4-55/92.jpg,4,55,112,112,17,167,205,53,270,ok
train/4-55/93.jpg,4,55,112,112,57,17,171,205,0,ok
train/4-55/95.jpg,4,55,112,112,17,167,163,79,270,ok
train/4-55/96.jpg,4,55,112,112,32,158,163,79,270,ok
train/4-55/98.jpg,4,55,112,112,17,167,163,79,270,ok
train/4-55/99.jpg,4,55,112,112,17,167,163,79,270,ok
train/5-00/0.jpg,5,0,112,112,112,18,142,164,0,ok
train/5-00/1.jpg,5,0,112,112,222,112,17,167,90,ok
train/5-00/11.jpg,5,0,112,112,112,2,167,207,0,ok
train/5-00/13.jpg,5,0,112,112,112,222,81,59,180,ok
train/5-00/14.jpg,5,0,112,112,112,2,167,207,0,ok
train/5-00/16.jpg,5,0,112,112,112,2,167,207,0,ok
train/5-00/17.jpg,5,0,112,112,112,14,142,164,0,ok
train/5-00/18.jpg,5,0,112,112,112,222,57,17,180,ok
train/5-00/19.jpg,5,0,112,112,112,2,142,164,0,ok
train/5-00/2.jpg,5,0,112,112,112,18,142,164,0,ok
train/5-00/20.jpg,5,0,112,112,112,18,142,164,0,ok
train/5-00/21.jpg,5,0,112,112,18,112,164,82,270,ok
train/5-00/22.jpg,5,0,112,112,112,222,57,17,180,ok
train/5-00/25.jpg,5,0,112,112,2,112,207,57,270,ok
train/5-00/26.jpg,5,0,112,112,5,112,187,68,270,ok
train/5-00/27.jpg,5,0,112,112,112,2,167,207,0,ok
train/5-00/28.jpg,5,0,112,112,222,112,60,142,90,ok
train/5-00/29.jpg,5,0,112,112,222,112,17,167,90,ok
train/5-00/3.jpg,5,0,112,112,19,112,207,57,270,ok
train/5-00/30.jpg,5,0,112,112,112,204,81,59,180,ok
train/5-00/31.jpg,5,0,112,112,2,112,164,82,270,ok
train/5-00/32.jpg,5,0,112,112,112,2,167,207,0,ok
train/5-00/33.jpg,5,0,112,112,18,112,164,82,270,ok
train/5-00/34.jpg,5,0,112,112,112,18,142,164,0,ok
train/5-00/35.jpg,5,0,112,112,2,112,206,57,270,ok
train/5-00/37.jpg,5,0,112,112,112,220,80,57,180,ok
train/5-00/39.jpg,5,0,112,112,112,2,144,168,0,ok
train/5-00/4.jpg,5,0,112,112,222,112,17,167,90,ok
train/5-00/40.jpg,5,0,112,112,112,2,142,165,0,ok
train/5-00/41.jpg,5,0,112,112,222,112,17,167,90,ok
train/5-00/42.jpg,5,0,112,112,112,222,78,53,180,ok
train/5-00/43.jpg,5,0,112,112,222,112,17,167,90,ok
train/5-00/44.jpg,5,0,112,112,19,112,164,82,270,ok
train/5-00/46.jpg,5,0,112,112,222,112,60,142,90,ok
train/5-00/47.jpg,5,0,112,112,112,18,142,164,0,ok
train/5-00/48.jpg,5,0,112,112,112,2,167,207,0,ok
train/5-00/49.jpg,5,0,112,112,112,2,145,169,0,ok
train/5-00/5.jpg,5,0,112,112,19,112,164,82,270,ok
train/5-00/51.jpg,5,0,112,112,2,112,164,82,270,ok
train/5-00/52.jpg,5,0,112,112,2,112,207,57,270,ok
train/5-00/53.jpg,5,0,112,112,112,221,57,17,180,ok
train/5-00/54.jpg,5,0,112,112,112,2,167,207,0,ok
train/5-00/56.jpg,5,0,112,112,112,14,142,164,0,ok
train/5-00/57.jpg,5,0,112,112,112,2,167,207,0,ok
train/5-00/58.jpg,5,0,112,112,112,2,162,199,0,ok
train/5-00/59.jpg,5,0,112,112,112,12,142,165,0,ok
train/5-00/6.jpg,5,0,112,112,112,2,167,207,0,ok
train/5-00/60.jpg,5,0,112,112,211,112,60,142,90,ok
train/5-00/61.jpg,5,0,112,112,112,18,142,164,0,ok
train/5-00/63.jpg,5,0,112,112,205,112,60,142,90,ok
train/5-00/64.jpg,5,0,112,112,207,112,60,142,90,ok
train/5-00/65.jpg,5,0,112,112,112,2,166,206,0,ok
train/5-00/66.jpg,5,0,112,112,112,12,142,164,0,ok
train/5-00/67.jpg,5,0,112,112,112,2,142,164,0,ok
train/5-00/68.jpg,5,0,112,112,112,18,142,164,0,ok
train/5-00/69.jpg,5,0,112,112,112,2,167,207,0,ok
train/5-00/7.jpg,5,0,112,112,112,2,167,207,0,ok
train/5-00/71.jpg,5,0,112,112,222,112,17,167,90,ok
train/5-00/72.jpg,5,0,112,112,112,2,142,164,0,ok
train/5-00/75.jpg,5,0,112,112,112,15,142,164,0,ok
train/5-00/76.jpg,5,0,112,112,220,112,35,157,90,ok
train/5-00/77.jpg,5,0,112,112,112,2,167,207,0,ok
train/5-00/78.jpg,5,0,112,112,112,18,142,164,0,ok
train/5-00/79.jpg,5,0,112,112,2,112,207,57,270,ok
train/5-00/80.jpg,5,0,112,112,112,18,142,164,0,ok
train/5-00/81.jpg,5,0,112,112,112,2,167,207,0,ok
train/5-00/82.jpg,5,0,112,112,222,112,17,167,90,ok
train/5-00/83.jpg,5,0,112,112,112,2,167,207,0,ok
train/5-00/86.jpg,5,0,112,112,205,112,60,142,90,ok
train/5-00/87.jpg,5,0,112,112,112,2,142,164,0,ok
train/5-00/88.jpg,5,0,112,112,112,17,142,164,0,ok
train/5-00/89.jpg,5,0,112,112,2,112,164,82,270,ok
train/5-00/9.jpg,5,0,112,112,2,112,164,82,270,ok
train/5-00/90.jpg,5,0,112,112,112,222,57,17,180,ok
train/5-00/91.jpg,5,0,112,112,222,112,17,167,90,ok
train/5-00/93.jpg,5,0,112,112,222,112,17,167,90,ok
train/5-00/94.jpg,5,0,112,112,112,17,164,201,0,ok
train/5-00/95.jpg,5,0,112,112,112,18,142,164,0,ok
train/5-00/96.jpg,5,0,112,112,112,2,142,164,0,ok
train/5-00/97.jpg,5,0,112,112,112,204,81,59,180,ok
train/5-05/0.jpg,5,5,112,112,158,31,140,165,0,ok
train/5-05/1.jpg,5,5,112,112,207,167,14,163,90,ok
train/5-05/10.jpg,5,5,112,112,194,159,58,140,90,ok
train/5-05/11.jpg,5,5,112,112,207,167,14,163,90,ok
train/5-05/12.jpg,5,5,112,112,207,167,58,140,90,ok
train/5-05/13.jpg,5,5,112,112,167,17,140,165,0,ok
train/5-05/14.jpg,5,5,112,112,167,17,163,210,0,ok
train/5-05/15.jpg,5,5,112,112,27,63,165,84,270,ok
train/5-05/16.jpg,5,5,112,112,167,17,163,210,0,ok
train/5-05/17.jpg,5,5,112,112,163,24,140,165,0,ok
train/5-05/19.jpg,5,5,112,112,158,31,140,165,0,ok
train/5-05/20.jpg,5,5,112,112,162,25,140,165,0,ok
train/5-05/21.jpg,5,5,112,112,167,17,140,165,0,ok
train/5-05/22.jpg,5,5,112,112,17,57,210,61,270,ok
train/5-05/23.jpg,5,5,112,112,207,167,14,163,90,ok
train/5-05/26.jpg,5,5,112,112,166,19,161,207,0,ok
train/5-05/27.jpg,5,5,112,112,167,17,163,210,0,ok
train/5-05/29.jpg,5,5,112,112,57,207,83,57,180,ok
train/5-05/3.jpg,5,5,112,112,57,207,61,14,180,ok
train/5-05/30.jpg,5,5,112,112,31,65,165,84,270,ok
train/5-05/32.jpg,5,5,112,112,207,167,14,163,90,ok
train/5-05/33.jpg,5,5,112,112,158,31,140,165,0,ok
train/5-05/35.jpg,5,5,112,112,206,166,14,163,90,ok
train/5-05/36.jpg,5,5,112,112,167,17,163,210,0,ok
train/5-05/37.jpg,5,5,112,112,27,63,168,83,270,ok
train/5-05/38.jpg,5,5,112,112,31,65,165,84,270,ok
train/5-05/39.jpg,5,5,112,112,159,31,142,170,0,ok
train/5-05/4.jpg,5,5,112,112,167,17,163,210,0,ok
train/5-05/40.jpg,5,5,112,112,167,17,140,165,0,ok
train/5-05/41.jpg,5,5,112,112,167,17,162,209,0,ok
train/5-05/42.jpg,5,5,112,112,167,17,146,177,0,ok
train/5-05/43.jpg,5,5,112,112,17,57,209,62,270,ok
train/5-05/44.jpg,5,5,112,112,161,27,140,165,0,ok
train/5-05/45.jpg,5,5,112,112,61,199,84,58,180,ok
train/5-05/46.jpg,5,5,112,112,158,31,140,165,0,ok
train/5-05/47.jpg,5,5,112,112,160,28,140,165,0,ok
train/5-05/48.jpg,5,5,112,112,167,17,163,210,0,ok
train/5-05/49.jpg,5,5,112,112,198,161,53,143,90,ok
train/5-05/5.jpg,5,5,112,112,166,18,140,165,0,ok
train/5-05/50.jpg,5,5,112,112,167,17,163,210,0,ok
train/5-05/52.jpg,5,5,112,112,167,17,163,210,0,ok
train/5-05/53.jpg,5,5,112,112,166,18,163,210,0,ok
train/5-05/54.jpg,5,5,112,112,167,17,163,210,0,ok
train/5-05/55.jpg,5,5,112,112,167,17,163,210,0,ok
train/5-05/56.jpg,5,5,112,112,161,27,140,165,0,ok
train/5-05/57.jpg,5,5,112,112,167,17,163,210,0,ok
train/5-05/58.jpg,5,5,112,112,167,17,150,185,0,ok
train/5-05/59.jpg,5,5,112,112,167,17,140,166,0,ok
train/5-05/6.jpg,5,5,112,112,167,17,163,210,0,ok
train/5-05/61.jpg,5,5,112,112,158,31,140,165,0,ok
train/5-05/62.jpg,5,5,112,112,195,160,58,140,90,ok
train/5-05/63.jpg,5,5,112,112,160,28,140,165,0,ok
train/5-05/65.jpg,5,5,112,112,167,17,163,210,0,ok
train/5-05/66.jpg,5,5,112,112,198,161,58,140,90,ok
train/5-05/67.jpg,5,5,112,112,207,167,58,140,90,ok
train/5-05/69.jpg,5,5,112,112,207,167,14,163,90,ok
train/5-05/70.jpg,5,5,112,112,58,206,61,14,180,ok
train/5-05/71.jpg,5,5,112,112,167,17,163,210,0,ok
train/5-05/72.jpg,5,5,112,112,17,57,165,84,270,ok
train/5-05/73.jpg,5,5,112,112,158,31,163,210,0,ok
train/5-05/74.jpg,5,5,112,112,167,17,163,210,0,ok
train/5-05/77.jpg,5,5,112,112,207,167,14,163,90,ok
train/5-05/78.jpg,5,5,112,112,158,31,140,165,0,ok
train/5-05/79.jpg,5,5,112,112,57,207,61,14,180,ok
train/5-05/8.jpg,5,5,112,112,160,28,140,165,0,ok
train/5-05/81.jpg,5,5,112,112,207,167,14,163,90,ok
train/5-05/82.jpg,5,5,112,112,17,57,210,61,270,ok
train/5-05/83.jpg,5,5,112,112,207,167,14,163,90,ok
train/5-05/84.jpg,5,5,112,112,66,192,84,58,180,ok
train/5-05/88.jpg,5,5,112,112,160,28,140,165,0,ok
train/5-05/9.jpg,5,5,112,112,161,27,140,165,0,ok
train/5-05/90.jpg,5,5,112,112,167,17,163,210,0,ok
train/5-05/91.jpg,5,5,112,112,57,207,61,14,180,ok
train/5-05/92.jpg,5,5,112,112,207,167,40,149,90,ok
train/5-05/93.jpg,5,5,112,112,167,17,163,210,0,ok
train/5-05/94.jpg,5,5,112,112,167,17,163,210,0,ok
train/5-05/96.jpg,5,5,112,112,29,64,165,84,270,ok
train/5-05/97.jpg,5,5,112,112,159,31,140,165,0,ok
train/5-05/98.jpg,5,5,112,112,160,28,140,165,0,ok
train/5-05/99.jpg,5,5,112,112,31,65,165,84,270,ok
train/5-10/1.jpg,5,10,112,112,167,207,12,158,90,ok
train/5-10/10.jpg,5,10,112,112,194,64,137,166,0,ok
train/5-10/11.jpg,5,10,112,112,17,167,66,12,180,ok
train/5-10/12.jpg,5,10,112,112,65,31,166,87,270,ok
train/5-10/13.jpg,5,10,112,112,28,161,86,57,180,ok
train/5-10/14.jpg,5,10,112,112,207,57,158,212,0,ok
train/5-10/15.jpg,5,10,112,112,30,160,86,57,180,ok
train/5-10/16.jpg,5,10,112,112,207,57,158,212,0,ok
train/5-10/17.jpg,5,10,112,112,192,66,137,166,0,ok
train/5-10/18.jpg,5,10,112,112,57,17,175,82,270,ok
train/5-10/19.jpg,5,10,112,112,192,66,137,166,0,ok
train/5-10/2.jpg,5,10,112,112,65,31,166,87,270,ok
train/5-10/20.jpg,5,10,112,112,161,197,57,138,90,ok
train/5-10/21.jpg,5,10,112,112,197,63,137,166,0,ok
train/5-10/22.jpg,5,10,112,112,207,57,158,212,0,ok
train/5-10/23.jpg,5,10,112,112,167,207,12,158,90,ok
train/5-10/24.jpg,5,10,112,112,207,57,137,166,0,ok
train/5-10/25.jpg,5,10,112,112,167,207,12,158,90,ok
train/5-10/26.jpg,5,10,112,112,189,68,157,209,0,ok
train/5-10/27.jpg,5,10,112,112,207,57,158,212,0,ok
train/5-10/3.jpg,5,10,112,112,17,167,72,26,180,ok
train/5-10/30.jpg,5,10,112,112,32,158,86,57,180,ok
train/5-10/32.jpg,5,10,112,112,167,207,12,158,90,ok
train/5-10/33.jpg,5,10,112,112,64,30,166,87,270,ok
train/5-10/34.jpg,5,10,112,112,18,166,86,57,180,ok
train/5-10/35.jpg,5,10,112,112,167,207,12,158,90,ok
train/5-10/36.jpg,5,10,112,112,57,17,212,66,270,ok
train/5-10/37.jpg,5,10,112,112,24,163,79,41,180,ok
train/5-10/39.jpg,5,10,112,112,65,31,171,85,270,ok
train/5-10/40.jpg,5,10,112,112,167,207,57,138,90,ok
train/5-10/41.jpg,5,10,112,112,57,17,212,66,270,ok
train/5-10/42.jpg,5,10,112,112,17,167,86,57,180,ok
train/5-10/44.jpg,5,10,112,112,65,31,166,87,270,ok
train/5-10/46.jpg,5,10,112,112,158,192,57,138,90,ok
train/5-10/47.jpg,5,10,112,112,32,158,86,57,180,ok
train/5-10/48.jpg,5,10,112,112,207,57,158,212,0,ok
train/5-10/49.jpg,5,10,112,112,207,57,140,173,0,ok
train/5-10/5.jpg,5,10,112,112,65,31,166,87,270,ok
train/5-10/50.jpg,5,10,112,112,17,167,66,12,180,ok
train/5-10/52.jpg,5,10,112,112,207,57,158,212,0,ok
train/5-10/53.jpg,5,10,112,112,164,201,12,158,90,ok
train/5-10/54.jpg,5,10,112,112,207,57,158,212,0,ok
train/5-10/55.jpg,5,10,112,112,167,207,12,158,90,ok
train/5-10/56.jpg,5,10,112,112,199,61,137,166,0,ok
train/5-10/57.jpg,5,10,112,112,207,57,158,212,0,ok
train/5-10/58.jpg,5,10,112,112,207,57,155,204,0,ok
train/5-10/59.jpg,5,10,112,112,57,17,168,86,270,ok
train/5-10/6.jpg,5,10,112,112,207,57,158,212,0,ok
train/5-10/60.jpg,5,10,112,112,60,23,166,87,270,ok
train/5-10/61.jpg,5,10,112,112,204,59,137,166,0,ok
train/5-10/62.jpg,5,10,112,112,194,64,137,166,0,ok
train/5-10/63.jpg,5,10,112,112,194,64,137,166,0,ok
train/5-10/64.jpg,5,10,112,112,192,66,137,166,0,ok
train/5-10/65.jpg,5,10,112,112,17,167,66,12,180,ok
train/5-10/67.jpg,5,10,112,112,167,207,57,138,90,ok
train/5-10/69.jpg,5,10,112,112,17,167,66,12,180,ok
train/5-10/7.jpg,5,10,112,112,207,57,158,212,0,ok
train/5-10/71.jpg,5,10,112,112,17,167,66,12,180,ok
train/5-10/72.jpg,5,10,112,112,167,207,57,138,90,ok
train/5-10/73.jpg,5,10,112,112,166,206,12,158,90,ok
train/5-10/75.jpg,5,10,112,112,164,201,57,138,90,ok
train/5-10/76.jpg,5,10,112,112,35,157,66,13,180,ok
train/5-10/79.jpg,5,10,112,112,57,17,212,66,270,ok
train/5-10/8.jpg,5,10,112,112,199,61,137,166,0,ok
train/5-10/81.jpg,5,10,112,112,207,57,158,212,0,ok
train/5-10/82.jpg,5,10,112,112,17,167,66,12,180,ok
train/5-10/84.jpg,5,10,112,112,207,57,137,166,0,ok
train/5-10/86.jpg,5,10,112,112,194,64,137,166,0,ok
train/5-10/87.jpg,5,10,112,112,167,207,57,138,90,ok
train/5-10/88.jpg,5,10,112,112,161,197,57,138,90,ok
train/5-10/89.jpg,5,10,112,112,32,158,86,57,180,ok
train/5-10/90.jpg,5,10,112,112,207,57,158,212,0,ok
train/5-10/91.jpg,5,10,112,112,57,17,212,66,270,ok
train/5-10/92.jpg,5,10,112,112,57,17,212,66,270,ok
train/5-10/93.jpg,5,10,112,112,207,57,158,212,0,ok
train/5-10/94.jpg,5,10,112,112,202,60,158,212,0,ok
train/5-10/95.jpg,5,10,112,112,57,18,166,87,270,ok
train/5-10/96.jpg,5,10,112,112,167,207,57,138,90,ok
train/5-10/97.jpg,5,10,112,112,198,62,137,166,0,ok
train/5-10/99.jpg,5,10,112,112,192,66,137,166,0,ok
train/5-15/0.jpg,5,15,112,112,9,112,89,56,180,ok
train/5-15/1.jpg,5,15,112,112,222,112,154,214,0,ok
train/5-15/10.jpg,5,15,112,112,207,112,135,167,0,ok
train/5-15/11.jpg,5,15,112,112,2,112,70,10,180,ok
train/5-15/12.jpg,5,15,112,112,222,112,135,167,0,ok
train/5-15/13.jpg,5,15,112,112,222,112,135,167,0,ok
train/5-15/14.jpg,5,15,112,112,222,112,154,214,0,ok
train/5-15/15.jpg,5,15,112,112,112,18,167,89,270,ok
train/5-15/16.jpg,5,15,112,112,222,112,154,214,0,ok
train/5-15/17.jpg,5,15,112,112,216,112,135,167,0,ok
train/5-15/18.jpg,5,15,112,112,219,112,137,172,0,ok
train/5-15/19.jpg,5,15,112,112,112,18,167,89,270,ok
train/5-15/2.jpg,5,15,112,112,112,222,56,135,90,ok
train/5-15/20.jpg,5,15,112,112,208,112,135,167,0,ok
train/5-15/21.jpg,5,15,112,112,210,112,135,167,0,ok
train/5-15/22.jpg,5,15,112,112,112,222,10,154,90,ok
train/5-15/24.jpg,5,15,112,112,112,222,56,135,90,ok
train/5-15/25.jpg,5,15,112,112,112,222,10,154,90,ok
train/5-15/26.jpg,5,15,112,112,112,218,12,153,90,ok
train/5-15/27.jpg,5,15,112,112,222,112,154,214,0,ok
train/5-15/28.jpg,5,15,112,112,112,222,56,135,90,ok
train/5-15/29.jpg,5,15,112,112,222,112,135,168,0,ok
train/5-15/3.jpg,5,15,112,112,112,18,214,70,270,ok
train/5-15/30.jpg,5,15,112,112,221,112,135,167,0,ok
train/5-15/31.jpg,5,15,112,112,14,112,89,56,180,ok
train/5-15/32.jpg,5,15,112,112,222,112,154,214,0,ok
train/5-15/33.jpg,5,15,112,112,112,18,167,89,270,ok
train/5-15/34.jpg,5,15,112,112,222,112,135,167,0,ok
train/5-15/35.jpg,5,15,112,112,112,222,10,154,90,ok
train/5-15/36.jpg,5,15,112,112,222,112,154,214,0,ok
train/5-15/37.jpg,5,15,112,112,112,217,46,139,90,ok
train/5-15/38.jpg,5,15,112,112,221,112,135,167,0,ok
train/5-15/39.jpg,5,15,112,112,206,112,137,172,0,ok
train/5-15/4.jpg,5,15,112,112,112,222,10,154,90,ok
train/5-15/40.jpg,5,15,112,112,222,112,135,167,0,ok
train/5-15/42.jpg,5,15,112,112,112,222,56,135,90,ok
train/5-15/43.jpg,5,15,112,112,112,222,10,154,90,ok
train/5-15/44.jpg,5,15,112,112,222,112,135,167,0,ok
train/5-15/45.jpg,5,15,112,112,15,112,89,56,180,ok
train/5-15/46.jpg,5,15,112,112,207,112,135,167,0,ok
train/5-15/47.jpg,5,15,112,112,2,112,89,56,180,ok
train/5-15/49.jpg,5,15,112,112,112,204,50,138,90,ok
train/5-15/51.jpg,5,15,112,112,222,112,135,167,0,ok
train/5-15/52.jpg,5,15,112,112,222,112,154,214,0,ok
train/5-15/54.jpg,5,15,112,112,222,112,154,214,0,ok
train/5-15/56.jpg,5,15,112,112,205,112,135,167,0,ok
train/5-15/57.jpg,5,15,112,112,222,112,154,214,0,ok
train/5-15/58.jpg,5,15,112,112,222,112,154,214,0,ok
train/5-15/59.jpg,5,15,112,112,112,18,170,88,270,ok
train/5-15/6.jpg,5,15,112,112,2,112,70,10,180,ok
train/5-15/60.jpg,5,15,112,112,112,10,167,89,270,ok
train/5-15/62.jpg,5,15,112,112,207,112,135,167,0,ok
train/5-15/64.jpg,5,15,112,112,205,112,135,167,0,ok
train/5-15/65.jpg,5,15,112,112,222,112,154,214,0,ok
train/5-15/66.jpg,5,15,112,112,213,112,135,167,0,ok
train/5-15/67.jpg,5,15,112,112,2,112,89,56,180,ok
train/5-15/68.jpg,5,15,112,112,205,112,135,167,0,ok
train/5-15/69.jpg,5,15,112,112,112,222,10,154,90,ok
train/5-15/70.jpg,5,15,112,112,4,112,70,10,180,ok
train/5-15/71.jpg,5,15,112,112,222,112,154,213,0,ok
train/5-15/72.jpg,5,15,112,112,112,2,167,89,270,ok
train/5-15/73.jpg,5,15,112,112,112,2,214,70,270,ok
train/5-15/74.jpg,5,15,112,112,222,112,154,214,0,ok
train/5-15/77.jpg,5,15,112,112,112,2,214,70,270,ok
train/5-15/78.jpg,5,15,112,112,205,112,135,167,0,ok
train/5-15/79.jpg,5,15,112,112,112,222,10,154,90,ok
train/5-15/8.jpg,5,15,112,112,112,204,56,135,90,ok
train/5-15/80.jpg,5,15,112,112,112,222,56,135,90,ok
train/5-15/81.jpg,5,15,112,112,112,222,10,154,90,ok
train/5-15/82.jpg,5,15,112,112,112,222,10,154,90,ok
train/5-15/85.jpg,5,15,112,112,222,112,154,214,0,ok
train/5-15/86.jpg,5,15,112,112,205,112,135,167,0,ok
train/5-15/87.jpg,5,15,112,112,222,112,135,167,0,ok
train/5-15/89.jpg,5,15,112,112,112,2,167,89,270,ok
train/5-15/92.jpg,5,15,112,112,112,222,10,154,90,ok
train/5-15/93.jpg,5,15,112,112,222,112,154,214,0,ok
train/5-15/94.jpg,5,15,112,112,222,112,154,214,0,ok
train/5-15/96.jpg,5,15,112,112,222,112,135,167,0,ok
train/5-15/97.jpg,5,15,112,112,221,112,135,167,0,ok
train/5-15/99.jpg,5,15,112,112,2,112,89,56,180,ok
train/5-20/0.jpg,5,20,112,112,199,162,133,168,0,ok
train/5-20/1.jpg,5,20,112,112,207,167,150,215,0,ok
train/5-20/10.jpg,5,20,112,112,194,159,133,168,0,ok
train/5-20/11.jpg,5,20,112,112,17,57,74,9,180,ok
train/5-20/13.jpg,5,20,112,112,159,31,168,91,270,ok
train/5-20/14.jpg,5,20,112,112,207,167,150,215,0,ok
train/5-20/15.jpg,5,20,112,112,192,158,133,168,0,ok
train/5-20/16.jpg,5,20,112,112,207,167,150,215,0,ok
train/5-20/17.jpg,5,20,112,112,59,203,55,133,90,ok
train/5-20/18.jpg,5,20,112,112,207,167,134,173,0,ok
train/5-20/19.jpg,5,20,112,112,57,207,55,133,90,ok
train/5-20/20.jpg,5,20,112,112,28,64,91,55,180,ok
train/5-20/21.jpg,5,20,112,112,195,160,133,168,0,ok
train/5-20/22.jpg,5,20,112,112,166,18,215,74,270,ok
train/5-20/23.jpg,5,20,112,112,207,167,150,215,0,ok
train/5-20/24.jpg,5,20,112,112,207,167,133,168,0,ok
train/5-20/25.jpg,5,20,112,112,57,207,9,150,90,ok
train/5-20/26.jpg,5,20,112,112,58,205,11,149,90,ok
train/5-20/27.jpg,5,20,112,112,207,167,150,215,0,ok
train/5-20/28.jpg,5,20,112,112,17,57,91,55,180,ok
train/5-20/29.jpg,5,20,112,112,57,207,54,133,90,ok
train/5-20/30.jpg,5,20,112,112,192,158,133,168,0,ok
train/5-20/31.jpg,5,20,112,112,194,159,133,168,0,ok
train/5-20/32.jpg,5,20,112,112,207,167,150,215,0,ok
train/5-20/33.jpg,5,20,112,112,65,193,55,133,90,ok
train/5-20/34.jpg,5,20,112,112,192,158,133,168,0,ok
train/5-20/36.jpg,5,20,112,112,207,167,150,215,0,ok
train/5-20/37.jpg,5,20,112,112,160,28,195,82,270,ok
train/5-20/39.jpg,5,20,112,112,207,167,134,173,0,ok
train/5-20/4.jpg,5,20,112,112,207,167,150,215,0,ok
train/5-20/41.jpg,5,20,112,112,207,167,150,215,0,ok
train/5-20/42.jpg,5,20,112,112,207,167,133,168,0,ok
train/5-20/43.jpg,5,20,112,112,17,57,74,9,180,ok
train/5-20/46.jpg,5,20,112,112,192,158,133,168,0,ok
train/5-20/47.jpg,5,20,112,112,207,167,133,168,0,ok
train/5-20/49.jpg,5,20,112,112,66,193,49,135,90,ok
train/5-20/50.jpg,5,20,112,112,207,167,150,215,0,ok
train/5-20/51.jpg,5,20,112,112,207,167,133,168,0,ok
train/5-20/52.jpg,5,20,112,112,207,167,150,215,0,ok
train/5-20/53.jpg,5,20,112,112,207,167,150,215,0,ok
train/5-20/54.jpg,5,20,112,112,207,167,150,215,0,ok
train/5-20/55.jpg,5,20,112,112,57,207,9,150,90,ok
train/5-20/56.jpg,5,20,112,112,199,162,133,168,0,ok
train/5-20/57.jpg,5,20,112,112,207,167,150,215,0,ok
train/5-20/58.jpg,5,20,112,112,17,57,76,14,180,ok
train/5-20/59.jpg,5,20,112,112,167,17,171,90,270,ok
train/5-20/6.jpg,5,20,112,112,207,167,150,215,0,ok
train/5-20/60.jpg,5,20,112,112,197,161,133,168,0,ok
train/5-20/61.jpg,5,20,112,112,160,30,168,91,270,ok
train/5-20/62.jpg,5,20,112,112,207,167,133,168,0,ok
train/5-20/63.jpg,5,20,112,112,194,159,133,168,0,ok
train/5-20/65.jpg,5,20,112,112,17,57,74,9,180,ok
train/5-20/66.jpg,5,20,112,112,200,163,133,168,0,ok
train/5-20/67.jpg,5,20,112,112,167,17,168,91,270,ok
train/5-20/69.jpg,5,20,112,112,57,207,9,150,90,ok
train/5-20/7.jpg,5,20,112,112,167,17,215,74,270,ok
train/5-20/71.jpg,5,20,112,112,207,167,150,215,0,ok
train/5-20/72.jpg,5,20,112,112,167,17,168,91,270,ok
train/5-20/73.jpg,5,20,112,112,207,167,150,215,0,ok
train/5-20/74.jpg,5,20,112,112,207,167,150,215,0,ok
train/5-20/75.jpg,5,20,112,112,63,196,55,133,90,ok
train/5-20/76.jpg,5,20,112,112,189,156,149,214,0,ok
train/5-20/78.jpg,5,20,112,112,192,158,133,168,0,ok
train/5-20/79.jpg,5,20,112,112,207,167,136,178,0,ok
train/5-20/8.jpg,5,20,112,112,66,193,55,133,90,ok
train/5-20/80.jpg,5,20,112,112,207,167,133,168,0,ok
train/5-20/81.jpg,5,20,112,112,17,57,74,9,180,ok
train/5-20/82.jpg,5,20,112,112,207,167,150,215,0,ok
train/5-20/83.jpg,5,20,112,112,57,207,9,150,90,ok
train/5-20/84.jpg,5,20,112,112,167,17,168,91,270,ok
train/5-20/85.jpg,5,20,112,112,167,17,215,74,270,ok
train/5-20/88.jpg,5,20,112,112,163,24,168,91,270,ok
train/5-20/90.jpg,5,20,112,112,207,167,150,215,0,ok
train/5-20/91.jpg,5,20,112,112,207,167,150,215,0,ok
train/5-20/92.jpg,5,20,112,112,167,17,215,74,270,ok
train/5-20/93.jpg,5,20,112,112,207,167,150,215,0,ok
train/5-20/94.jpg,5,20,112,112,18,58,74,9,180,ok
train/5-20/96.jpg,5,20,112,112,17,57,91,55,180,ok
train/5-20/98.jpg,5,20,112,112,61,200,55,133,90,ok
train/5-20/99.jpg,5,20,112,112,192,158,133,168,0,ok
train/5-25/0.jpg,5,25,112,112,163,200,130,169,0,ok
train/5-25/1.jpg,5,25,112,112,207,57,217,79,270,ok
train/5-25/10.jpg,5,25,112,112,167,207,130,169,0,ok
train/5-25/11.jpg,5,25,112,112,167,207,145,217,0,ok
train/5-25/12.jpg,5,25,112,112,167,207,130,169,0,ok
train/5-25/13.jpg,5,25,112,112,65,31,94,54,180,ok
train/5-25/14.jpg,5,25,112,112,167,207,145,217,0,ok
train/5-25/15.jpg,5,25,112,112,64,30,94,54,180,ok
train/5-25/16.jpg,5,25,112,112,167,207,145,217,0,ok
train/5-25/18.jpg,5,25,112,112,57,17,92,49,180,ok
train/5-25/19.jpg,5,25,112,112,167,207,130,169,0,ok
train/5-25/2.jpg,5,25,112,112,160,194,130,169,0,ok
train/5-25/20.jpg,5,25,112,112,201,60,169,94,270,ok
train/5-25/22.jpg,5,25,112,112,207,57,217,79,270,ok
train/5-25/23.jpg,5,25,112,112,167,207,145,217,0,ok
train/5-25/25.jpg,5,25,112,112,207,57,217,79,270,ok
train/5-25/27.jpg,5,25,112,112,167,207,145,217,0,ok
train/5-25/28.jpg,5,25,112,112,192,66,169,94,270,ok
train/5-25/29.jpg,5,25,112,112,167,207,130,169,0,ok
train/5-25/3.jpg,5,25,112,112,167,207,145,217,0,ok
train/5-25/30.jpg,5,25,112,112,65,31,94,54,180,ok
train/5-25/31.jpg,5,25,112,112,57,17,94,54,180,ok
train/5-25/32.jpg,5,25,112,112,17,167,7,145,90,ok
train/5-25/33.jpg,5,25,112,112,64,30,94,54,180,ok
train/5-25/34.jpg,5,25,112,112,160,194,130,169,0,ok
train/5-25/35.jpg,5,25,112,112,17,167,7,145,90,ok
train/5-25/36.jpg,5,25,112,112,57,17,79,7,180,ok
train/5-25/37.jpg,5,25,112,112,162,198,138,193,0,ok
train/5-25/38.jpg,5,25,112,112,192,66,169,94,270,ok
train/5-25/39.jpg,5,25,112,112,158,193,132,174,0,ok
train/5-25/4.jpg,5,25,112,112,167,207,145,217,0,ok
train/5-25/40.jpg,5,25,112,112,57,17,94,54,180,ok
train/5-25/42.jpg,5,25,112,112,17,167,54,130,90,ok
train/5-25/43.jpg,5,25,112,112,17,167,7,145,90,ok
train/5-25/44.jpg,5,25,112,112,198,62,169,94,270,ok
train/5-25/45.jpg,5,25,112,112,162,199,130,169,0,ok
train/5-25/46.jpg,5,25,112,112,192,66,169,94,270,ok
train/5-25/47.jpg,5,25,112,112,29,160,54,130,90,ok
train/5-25/49.jpg,5,25,112,112,167,207,132,175,0,ok
train/5-25/5.jpg,5,25,112,112,194,64,169,94,270,ok
train/5-25/50.jpg,5,25,112,112,167,207,145,217,0,ok
train/5-25/52.jpg,5,25,112,112,17,167,7,145,90,ok
train/5-25/54.jpg,5,25,112,112,167,207,145,217,0,ok
train/5-25/55.jpg,5,25,112,112,167,207,145,217,0,ok
train/5-25/56.jpg,5,25,112,112,193,65,169,94,270,ok
train/5-25/58.jpg,5,25,112,112,24,163,14,143,90,ok
train/5-25/59.jpg,5,25,112,112,161,197,131,172,0,ok
train/5-25/6.jpg,5,25,112,112,167,207,145,217,0,ok
train/5-25/60.jpg,5,25,112,112,158,192,130,169,0,ok
train/5-25/61.jpg,5,25,112,112,163,200,130,169,0,ok
train/5-25/62.jpg,5,25,112,112,167,207,130,169,0,ok
train/5-25/63.jpg,5,25,112,112,64,29,94,54,180,ok
train/5-25/64.jpg,5,25,112,112,167,207,130,169,0,ok
train/5-25/65.jpg,5,25,112,112,57,17,79,7,180,ok
train/5-25/66.jpg,5,25,112,112,207,57,169,94,270,ok
train/5-25/68.jpg,5,25,112,112,192,66,169,94,270,ok
train/5-25/7.jpg,5,25,112,112,167,207,145,217,0,ok
train/5-25/72.jpg,5,25,112,112,167,207,130,169,0,ok
train/5-25/73.jpg,5,25,112,112,57,17,79,7,180,ok
train/5-25/75.jpg,5,25,112,112,29,160,54,130,90,ok
train/5-25/76.jpg,5,25,112,112,189,68,215,80,270,ok
train/5-25/77.jpg,5,25,112,112,17,167,7,145,90,ok
train/5-25/78.jpg,5,25,112,112,192,66,169,94,270,ok
train/5-25/79.jpg,5,25,112,112,17,167,7,145,90,ok
train/5-25/81.jpg,5,25,112,112,167,207,145,217,0,ok
train/5-25/82.jpg,5,25,112,112,57,17,79,7,180,ok
train/5-25/83.jpg,5,25,112,112,167,207,145,217,0,ok
train/5-25/84.jpg,5,25,112,112,167,207,130,169,0,ok
train/5-25/85.jpg,5,25,112,112,167,207,145,217,0,ok
train/5-25/86.jpg,5,25,112,112,160,195,130,169,0,ok
train/5-25/87.jpg,5,25,112,112,167,207,130,169,0,ok
train/5-25/88.jpg,5,25,112,112,164,201,130,169,0,ok
train/5-25/89.jpg,5,25,112,112,57,17,94,54,180,ok
train/5-25/9.jpg,5,25,112,112,203,59,169,94,270,ok
train/5-25/91.jpg,5,25,112,112,167,207,145,217,0,ok
train/5-25/92.jpg,5,25,112,112,167,207,145,217,0,ok
train/5-25/93.jpg,5,25,112,112,167,207,145,217,0,ok
train/5-25/94.jpg,5,25,112,112,207,57,217,79,270,ok
train/5-25/95.jpg,5,25,112,112,207,57,169,94,270,ok
train/5-25/97.jpg,5,25,112,112,194,64,169,94,270,ok
train/5-30/0.jpg,5,30,112,112,112,215,128,170,0,ok
train/5-30/1.jpg,5,30,112,112,112,222,140,218,0,ok
train/5-30/11.jpg,5,30,112,112,112,2,84,6,180,ok
train/5-30/12.jpg,5,30,112,112,2,112,53,128,90,ok
train/5-30/13.jpg,5,30,112,112,112,222,128,170,0,ok
train/5-30/15.jpg,5,30,112,112,112,205,128,170,0,ok
train/5-30/16.jpg,5,30,112,112,112,222,140,218,0,ok
train/5-30/18.jpg,5,30,112,112,222,112,175,95,270,ok
train/5-30/19.jpg,5,30,112,112,112,222,128,170,0,ok
train/5-30/2.jpg,5,30,112,112,2,112,53,128,90,ok
train/5-30/20.jpg,5,30,112,112,112,215,128,170,0,ok
train/5-30/23.jpg,5,30,112,112,222,112,218,84,270,ok
train/5-30/25.jpg,5,30,112,112,2,112,6,140,90,ok
train/5-30/26.jpg,5,30,112,112,112,5,84,8,180,ok
train/5-30/28.jpg,5,30,112,112,112,204,128,170,0,ok
train/5-30/29.jpg,5,30,112,112,112,222,128,171,0,ok
train/5-30/3.jpg,5,30,112,112,112,222,140,218,0,ok
train/5-30/32.jpg,5,30,112,112,2,112,6,140,90,ok
train/5-30/34.jpg,5,30,112,112,112,2,96,53,180,ok
train/5-30/35.jpg,5,30,112,112,112,222,140,218,0,ok
train/5-30/36.jpg,5,30,112,112,112,222,140,218,0,ok
train/5-30/37.jpg,5,30,112,112,112,2,87,18,180,ok
train/5-30/38.jpg,5,30,112,112,112,204,128,170,0,ok
train/5-30/39.jpg,5,30,112,112,206,112,175,95,270,ok
train/5-30/4.jpg,5,30,112,112,2,112,6,140,90,ok
train/5-30/40.jpg,5,30,112,112,112,222,128,170,0,ok
train/5-30/41.jpg,5,30,112,112,112,222,140,218,0,ok
train/5-30/42.jpg,5,30,112,112,222,112,170,96,270,ok
train/5-30/43.jpg,5,30,112,112,2,112,6,140,90,ok
train/5-30/44.jpg,5,30,112,112,112,222,128,170,0,ok
train/5-30/45.jpg,5,30,112,112,213,112,170,96,270,ok
train/5-30/46.jpg,5,30,112,112,112,204,128,170,0,ok
train/5-30/47.jpg,5,30,112,112,112,207,128,170,0,ok
train/5-30/5.jpg,5,30,112,112,112,18,96,53,180,ok
train/5-30/50.jpg,5,30,112,112,2,112,6,140,90,ok
train/5-30/51.jpg,5,30,112,112,2,112,53,128,90,ok
train/5-30/52.jpg,5,30,112,112,112,222,140,218,0,ok
train/5-30/53.jpg,5,30,112,112,222,112,218,84,270,ok
train/5-30/55.jpg,5,30,112,112,112,222,140,218,0,ok
train/5-30/56.jpg,5,30,112,112,206,112,170,96,270,ok
train/5-30/57.jpg,5,30,112,112,112,222,140,218,0,ok
train/5-30/58.jpg,5,30,112,112,112,214,138,211,0,ok
train/5-30/59.jpg,5,30,112,112,112,204,128,172,0,ok
train/5-30/6.jpg,5,30,112,112,112,222,140,218,0,ok
train/5-30/60.jpg,5,30,112,112,112,204,128,170,0,ok
train/5-30/63.jpg,5,30,112,112,208,112,170,96,270,ok
train/5-30/66.jpg,5,30,112,112,112,204,128,170,0,ok
train/5-30/67.jpg,5,30,112,112,112,222,128,170,0,ok
train/5-30/68.jpg,5,30,112,112,19,112,53,128,90,ok
train/5-30/69.jpg,5,30,112,112,112,222,140,218,0,ok
train/5-30/70.jpg,5,30,112,112,2,112,6,140,90,ok
train/5-30/71.jpg,5,30,112,112,112,222,140,218,0,ok
train/5-30/72.jpg,5,30,112,112,112,222,128,170,0,ok
train/5-30/73.jpg,5,30,112,112,112,222,140,218,0,ok
train/5-30/74.jpg,5,30,112,112,112,222,140,218,0,ok
train/5-30/75.jpg,5,30,112,112,112,17,96,53,180,ok
train/5-30/76.jpg,5,30,112,112,112,220,140,217,0,ok
train/5-30/77.jpg,5,30,112,112,112,2,84,6,180,ok
train/5-30/78.jpg,5,30,112,112,205,112,170,96,270,ok
train/5-30/79.jpg,5,30,112,112,222,112,218,84,270,ok
train/5-30/8.jpg,5,30,112,112,112,210,128,170,0,ok
train/5-30/80.jpg,5,30,112,112,112,204,128,170,0,ok
train/5-30/81.jpg,5,30,112,112,112,222,140,218,0,ok
train/5-30/82.jpg,5,30,112,112,2,112,6,140,90,ok
train/5-30/83.jpg,5,30,112,112,112,222,140,218,0,ok
train/5-30/84.jpg,5,30,112,112,112,222,128,170,0,ok
train/5-30/85.jpg,5,30,112,112,112,222,140,218,0,ok
train/5-30/86.jpg,5,30,112,112,112,14,96,53,180,ok
train/5-30/87.jpg,5,30,112,112,112,222,128,170,0,ok
train/5-30/89.jpg,5,30,112,112,112,204,128,170,0,ok
train/5-30/9.jpg,5,30,112,112,112,222,128,170,0,ok
train/5-30/90.jpg,5,30,112,112,112,222,140,218,0,ok
train/5-30/91.jpg,5,30,112,112,2,112,6,140,90,ok
train/5-30/92.jpg,5,30,112,112,222,112,177,95,270,ok
train/5-30/93.jpg,5,30,112,112,112,222,140,218,0,ok
train/5-30/94.jpg,5,30,112,112,206,112,218,84,270,ok
train/5-30/95.jpg,5,30,112,112,222,112,170,96,270,ok
train/5-30/96.jpg,5,30,112,112,112,222,128,170,0,ok
train/5-30/97.jpg,5,30,112,112,112,222,128,170,0,ok
train/5-30/98.jpg,5,30,112,112,112,204,128,170,0,ok
train/5-35/0.jpg,5,35,112,112,60,201,125,170,0,ok
train/5-35/12.jpg,5,35,112,112,27,63,53,125,90,ok
train/5-35/13.jpg,5,35,112,112,66,192,125,171,0,ok
train/5-35/14.jpg,5,35,112,112,57,207,136,219,0,ok
train/5-35/15.jpg,5,35,112,112,66,193,125,170,0,ok
train/5-35/16.jpg,5,35,112,112,57,207,136,219,0,ok
train/5-35/17.jpg,5,35,112,112,59,204,125,170,0,ok
train/5-35/18.jpg,5,35,112,112,167,17,97,47,180,ok
train/5-35/19.jpg,5,35,112,112,158,31,99,52,180,ok
train/5-35/2.jpg,5,35,112,112,158,31,99,52,180,ok
train/5-35/21.jpg,5,35,112,112,66,192,125,170,0,ok
train/5-35/22.jpg,5,35,112,112,159,31,88,5,180,ok
train/5-35/23.jpg,5,35,112,112,57,207,136,219,0,ok
train/5-35/24.jpg,5,35,112,112,57,207,125,170,0,ok
train/5-35/25.jpg,5,35,112,112,207,167,219,88,270,ok
train/5-35/26.jpg,5,35,112,112,165,20,89,7,180,ok
train/5-35/27.jpg,5,35,112,112,57,207,136,219,0,ok
train/5-35/28.jpg,5,35,112,112,192,158,171,99,270,ok
train/5-35/29.jpg,5,35,112,112,57,207,125,172,0,ok
train/5-35/30.jpg,5,35,112,112,66,192,125,170,0,ok
train/5-35/31.jpg,5,35,112,112,57,207,125,170,0,ok
train/5-35/33.jpg,5,35,112,112,66,192,125,170,0,ok
train/5-35/34.jpg,5,35,112,112,31,65,53,125,90,ok
train/5-35/36.jpg,5,35,112,112,17,57,5,136,90,ok
train/5-35/37.jpg,5,35,112,112,64,195,133,207,0,ok
train/5-35/38.jpg,5,35,112,112,192,158,171,99,270,ok
train/5-35/39.jpg,5,35,112,112,167,17,97,45,180,ok
train/5-35/40.jpg,5,35,112,112,167,17,99,52,180,ok
train/5-35/42.jpg,5,35,112,112,207,167,171,99,270,ok
train/5-35/43.jpg,5,35,112,112,17,57,5,136,90,ok
train/5-35/45.jpg,5,35,112,112,61,200,125,170,0,ok
train/5-35/46.jpg,5,35,112,112,31,65,53,125,90,ok
train/5-35/47.jpg,5,35,112,112,206,166,171,99,270,ok
train/5-35/48.jpg,5,35,112,112,57,207,136,219,0,ok
train/5-35/5.jpg,5,35,112,112,57,207,125,170,0,ok
train/5-35/50.jpg,5,35,112,112,167,17,88,5,180,ok
train/5-35/51.jpg,5,35,112,112,207,167,171,99,270,ok
train/5-35/52.jpg,5,35,112,112,17,57,5,136,90,ok
train/5-35/53.jpg,5,35,112,112,57,207,133,209,0,ok
train/5-35/54.jpg,5,35,112,112,57,207,136,219,0,ok
train/5-35/55.jpg,5,35,112,112,17,57,5,136,90,ok
train/5-35/56.jpg,5,35,112,112,62,199,125,170,0,ok
train/5-35/58.jpg,5,35,112,112,167,17,90,11,180,ok
train/5-35/59.jpg,5,35,112,112,167,17,99,52,180,ok
train/5-35/6.jpg,5,35,112,112,57,207,136,219,0,ok
train/5-35/60.jpg,5,35,112,112,199,162,171,99,270,ok
train/5-35/61.jpg,5,35,112,112,192,158,171,99,270,ok
train/5-35/62.jpg,5,35,112,112,64,195,125,170,0,ok
train/5-35/63.jpg,5,35,112,112,64,195,125,170,0,ok
train/5-35/64.jpg,5,35,112,112,57,207,125,170,0,ok
train/5-35/68.jpg,5,35,112,112,192,158,171,99,270,ok
train/5-35/69.jpg,5,35,112,112,207,167,219,88,270,ok
train/5-35/7.jpg,5,35,112,112,17,57,5,136,90,ok
train/5-35/70.jpg,5,35,112,112,206,166,219,88,270,ok
train/5-35/71.jpg,5,35,112,112,167,17,88,5,180,ok
train/5-35/72.jpg,5,35,112,112,58,205,125,170,0,ok
train/5-35/73.jpg,5,35,112,112,207,167,219,88,270,ok
train/5-35/74.jpg,5,35,112,112,57,207,136,219,0,ok
train/5-35/75.jpg,5,35,112,112,31,65,53,125,90,ok
train/5-35/77.jpg,5,35,112,112,57,207,136,219,0,ok
train/5-35/78.jpg,5,35,112,112,66,193,125,170,0,ok
train/5-35/79.jpg,5,35,112,112,17,57,5,136,90,ok
train/5-35/8.jpg,5,35,112,112,31,65,53,125,90,ok
train/5-35/80.jpg,5,35,112,112,167,17,99,52,180,ok
train/5-35/81.jpg,5,35,112,112,57,207,136,219,0,ok
train/5-35/82.jpg,5,35,112,112,57,207,136,219,0,ok
train/5-35/83.jpg,5,35,112,112,57,207,136,219,0,ok
train/5-35/84.jpg,5,35,112,112,207,167,171,99,270,ok
train/5-35/85.jpg,5,35,112,112,57,207,136,219,0,ok
train/5-35/86.jpg,5,35,112,112,193,158,171,99,270,ok
train/5-35/87.jpg,5,35,112,112,31,65,53,125,90,ok
train/5-35/89.jpg,5,35,112,112,66,192,125,170,0,ok
train/5-35/9.jpg,5,35,112,112,31,65,53,125,90,ok
train/5-35/90.jpg,5,35,112,112,57,207,136,219,0,ok
train/5-35/91.jpg,5,35,112,112,207,167,219,88,270,ok
train/5-35/92.jpg,5,35,112,112,17,57,5,136,90,ok
train/5-35/93.jpg,5,35,112,112,57,207,136,219,0,ok
train/5-35/95.jpg,5,35,112,112,207,167,171,99,270,ok
train/5-35/96.jpg,5,35,112,112,57,207,125,170,0,ok
train/5-35/97.jpg,5,35,112,112,207,167,171,99,270,ok
train/5-40/0.jpg,5,40,112,112,60,22,52,123,90,ok
train/5-40/1.jpg,5,40,112,112,167,207,220,93,270,ok
train/5-40/11.jpg,5,40,112,112,17,167,131,220,0,ok
train/5-40/13.jpg,5,40,112,112,32,158,122,171,0,ok
train/5-40/14.jpg,5,40,112,112,17,167,131,220,0,ok
train/5-40/15.jpg,5,40,112,112,65,31,52,123,90,ok
train/5-40/16.jpg,5,40,112,112,17,167,131,220,0,ok
train/5-40/17.jpg,5,40,112,112,21,165,122,171,0,ok
train/5-40/18.jpg,5,40,112,112,32,158,123,177,0,ok
train/5-40/19.jpg,5,40,112,112,17,167,122,171,0,ok
train/5-40/2.jpg,5,40,112,112,17,167,122,171,0,ok
train/5-40/20.jpg,5,40,112,112,26,162,122,171,0,ok
train/5-40/21.jpg,5,40,112,112,32,158,122,171,0,ok
train/5-40/22.jpg,5,40,112,112,17,167,131,220,0,ok
train/5-40/23.jpg,5,40,112,112,57,17,4,131,90,ok
train/5-40/24.jpg,5,40,112,112,57,17,52,123,90,ok
train/5-40/25.jpg,5,40,112,112,17,167,131,220,0,ok
train/5-40/26.jpg,5,40,112,112,165,204,217,93,270,ok
train/5-40/27.jpg,5,40,112,112,17,167,131,220,0,ok
train/5-40/3.jpg,5,40,112,112,30,160,131,220,0,ok
train/5-40/30.jpg,5,40,112,112,32,158,122,171,0,ok
train/5-40/31.jpg,5,40,112,112,207,57,101,52,180,ok
train/5-40/32.jpg,5,40,112,112,17,167,131,220,0,ok
train/5-40/33.jpg,5,40,112,112,32,158,122,171,0,ok
train/5-40/34.jpg,5,40,112,112,57,17,52,123,90,ok
train/5-40/36.jpg,5,40,112,112,207,57,93,4,180,ok
train/5-40/37.jpg,5,40,112,112,17,167,124,182,0,ok
train/5-40/39.jpg,5,40,112,112,167,207,177,101,270,ok
train/5-40/4.jpg,5,40,112,112,17,167,131,220,0,ok
train/5-40/41.jpg,5,40,112,112,57,17,4,131,90,ok
train/5-40/42.jpg,5,40,112,112,167,207,171,102,270,ok
train/5-40/43.jpg,5,40,112,112,57,17,4,131,90,ok
train/5-40/44.jpg,5,40,112,112,17,167,122,171,0,ok
train/5-40/45.jpg,5,40,112,112,63,27,52,123,90,ok
train/5-40/46.jpg,5,40,112,112,32,158,122,171,0,ok
train/5-40/48.jpg,5,40,112,112,17,167,131,220,0,ok
train/5-40/49.jpg,5,40,112,112,17,167,123,177,0,ok
train/5-40/5.jpg,5,40,112,112,18,167,122,171,0,ok
train/5-40/50.jpg,5,40,112,112,17,167,131,220,0,ok
train/5-40/51.jpg,5,40,112,112,167,207,171,102,270,ok
train/5-40/53.jpg,5,40,112,112,207,57,93,4,180,ok
train/5-40/54.jpg,5,40,112,112,17,167,131,220,0,ok
train/5-40/56.jpg,5,40,112,112,61,24,52,123,90,ok
train/5-40/57.jpg,5,40,112,112,207,57,93,4,180,ok
train/5-40/58.jpg,5,40,112,112,63,27,7,131,90,ok
train/5-40/6.jpg,5,40,112,112,17,167,131,220,0,ok
train/5-40/61.jpg,5,40,112,112,27,161,122,171,0,ok
train/5-40/63.jpg,5,40,112,112,62,25,52,123,90,ok
train/5-40/65.jpg,5,40,112,112,167,207,220,93,270,ok
train/5-40/66.jpg,5,40,112,112,197,63,101,52,180,ok
train/5-40/67.jpg,5,40,112,112,206,57,101,52,180,ok
train/5-40/68.jpg,5,40,112,112,63,28,52,123,90,ok
train/5-40/69.jpg,5,40,112,112,17,167,131,220,0,ok
train/5-40/7.jpg,5,40,112,112,207,57,93,4,180,ok
train/5-40/70.jpg,5,40,112,112,17,167,131,220,0,ok
train/5-40/71.jpg,5,40,112,112,207,57,93,4,180,ok
train/5-40/72.jpg,5,40,112,112,203,59,101,52,180,ok
train/5-40/73.jpg,5,40,112,112,17,167,131,220,0,ok
train/5-40/74.jpg,5,40,112,112,17,167,131,220,0,ok
train/5-40/75.jpg,5,40,112,112,32,158,122,171,0,ok
train/5-40/76.jpg,5,40,112,112,188,68,93,4,180,ok
train/5-40/77.jpg,5,40,112,112,167,207,220,93,270,ok
train/5-40/78.jpg,5,40,112,112,18,167,122,171,0,ok
train/5-40/79.jpg,5,40,112,112,207,57,93,4,180,ok
train/5-40/80.jpg,5,40,112,112,31,159,122,171,0,ok
train/5-40/81.jpg,5,40,112,112,17,167,131,220,0,ok
train/5-40/82.jpg,5,40,112,112,17,167,131,220,0,ok
train/5-40/85.jpg,5,40,112,112,17,167,131,220,0,ok
train/5-40/86.jpg,5,40,112,112,30,160,122,171,0,ok
train/5-40/87.jpg,5,40,112,112,17,167,122,171,0,ok
train/5-40/88.jpg,5,40,112,112,27,161,122,171,0,ok
train/5-40/89.jpg,5,40,112,112,57,17,52,123,90,ok
train/5-40/9.jpg,5,40,112,112,207,57,101,52,180,ok
train/5-40/92.jpg,5,40,112,112,17,167,131,220,0,ok
train/5-40/93.jpg,5,40,112,112,17,167,131,220,0,ok
train/5-40/94.jpg,5,40,112,112,17,167,131,220,0,ok
train/5-40/95.jpg,5,40,112,112,203,59,101,52,180,ok
train/5-40/96.jpg,5,40,112,112,167,207,171,102,270,ok
train/5-40/97.jpg,5,40,112,112,17,167,122,171,0,ok
train/5-40/98.jpg,5,40,112,112,32,158,122,171,0,ok
train/5-45/0.jpg,5,45,112,112,112,8,52,120,90,ok
train/5-45/1.jpg,5,45,112,112,222,112,98,3,180,ok
train/5-45/10.jpg,5,45,112,112,222,112,104,51,180,ok
train/5-45/11.jpg,5,45,112,112,2,112,126,221,0,ok
train/5-45/12.jpg,5,45,112,112,112,18,52,120,90,ok
train/5-45/13.jpg,5,45,112,112,112,2,52,120,90,ok
train/5-45/15.jpg,5,45,112,112,19,112,120,171,0,ok
train/5-45/16.jpg,5,45,112,112,2,112,126,221,0,ok
train/5-45/17.jpg,5,45,112,112,214,112,104,51,180,ok
train/5-45/18.jpg,5,45,112,112,112,222,177,103,270,ok
train/5-45/19.jpg,5,45,112,112,112,204,172,104,270,ok
train/5-45/2.jpg,5,45,112,112,2,112,120,171,0,ok
train/5-45/21.jpg,5,45,112,112,15,112,120,171,0,ok
train/5-45/24.jpg,5,45,112,112,112,222,172,104,270,ok
train/5-45/25.jpg,5,45,112,112,2,112,126,221,0,ok
train/5-45/26.jpg,5,45,112,112,197,112,98,5,180,ok
train/5-45/27.jpg,5,45,112,112,2,112,126,221,0,ok
train/5-45/28.jpg,5,45,112,112,112,2,52,120,90,ok
train/5-45/3.jpg,5,45,112,112,112,222,221,98,270,ok
train/5-45/31.jpg,5,45,112,112,15,112,120,171,0,ok
train/5-45/32.jpg,5,45,112,112,112,2,3,126,90,ok
train/5-45/34.jpg,5,45,112,112,112,222,172,104,270,ok
train/5-45/35.jpg,5,45,112,112,112,222,221,98,270,ok
train/5-45/36.jpg,5,45,112,112,112,2,3,126,90,ok
train/5-45/37.jpg,5,45,112,112,112,3,36,122,90,ok
train/5-45/39.jpg,5,45,112,112,112,222,177,103,270,ok
train/5-45/4.jpg,5,45,112,112,112,2,3,126,90,ok
train/5-45/40.jpg,5,45,112,112,2,112,120,171,0,ok
train/5-45/41.jpg,5,45,112,112,112,222,221,98,270,ok
train/5-45/43.jpg,5,45,112,112,112,2,3,126,90,ok
train/5-45/44.jpg,5,45,112,112,2,112,120,171,0,ok
train/5-45/45.jpg,5,45,112,112,112,15,52,120,90,ok
train/5-45/47.jpg,5,45,112,112,18,112,120,171,0,ok
train/5-45/48.jpg,5,45,112,112,2,112,126,221,0,ok
train/5-45/49.jpg,5,45,112,112,17,112,120,172,0,ok
train/5-45/5.jpg,5,45,112,112,205,112,104,51,180,ok
train/5-45/50.jpg,5,45,112,112,112,2,3,126,90,ok
train/5-45/51.jpg,5,45,112,112,2,112,120,171,0,ok
train/5-45/52.jpg,5,45,112,112,112,2,3,126,90,ok
train/5-45/53.jpg,5,45,112,112,5,112,126,221,0,ok
train/5-45/54.jpg,5,45,112,112,2,112,126,221,0,ok
train/5-45/55.jpg,5,45,112,112,2,112,126,221,0,ok
train/5-45/56.jpg,5,45,112,112,12,112,120,171,0,ok
train/5-45/58.jpg,5,45,112,112,2,112,125,214,0,ok
train/5-45/59.jpg,5,45,112,112,2,112,120,171,0,ok
train/5-45/6.jpg,5,45,112,112,2,112,126,221,0,ok
train/5-45/60.jpg,5,45,112,112,112,10,52,120,90,ok
train/5-45/61.jpg,5,45,112,112,12,112,120,171,0,ok
train/5-45/62.jpg,5,45,112,112,112,15,52,120,90,ok
train/5-45/64.jpg,5,45,112,112,218,112,104,51,180,ok
train/5-45/66.jpg,5,45,112,112,112,212,172,104,270,ok
train/5-45/67.jpg,5,45,112,112,4,112,120,171,0,ok
train/5-45/68.jpg,5,45,112,112,19,112,120,171,0,ok
train/5-45/7.jpg,5,45,112,112,112,2,3,126,90,ok
train/5-45/70.jpg,5,45,112,112,2,112,126,220,0,ok
train/5-45/71.jpg,5,45,112,112,112,2,3,126,90,ok
train/5-45/72.jpg,5,45,112,112,5,112,120,171,0,ok
train/5-45/73.jpg,5,45,112,112,2,112,126,221,0,ok
train/5-45/74.jpg,5,45,112,112,2,112,126,221,0,ok
train/5-45/75.jpg,5,45,112,112,112,204,172,104,270,ok
train/5-45/76.jpg,5,45,112,112,112,3,4,126,90,ok
train/5-45/77.jpg,5,45,112,112,112,2,3,126,90,ok
train/5-45/79.jpg,5,45,112,112,112,222,221,98,270,ok
train/5-45/8.jpg,5,45,112,112,206,112,104,51,180,ok
train/5-45/80.jpg,5,45,112,112,2,112,120,171,0,ok
train/5-45/81.jpg,5,45,112,112,2,112,126,221,0,ok
train/5-45/82.jpg,5,45,112,112,112,222,221,98,270,ok
train/5-45/83.jpg,5,45,112,112,2,112,126,221,0,ok
train/5-45/84.jpg,5,45,112,112,112,18,52,120,90,ok
train/5-45/86.jpg,5,45,112,112,18,112,120,171,0,ok
train/5-45/88.jpg,5,45,112,112,13,112,120,171,0,ok
train/5-45/89.jpg,5,45,112,112,112,222,172,104,270,ok
train/5-45/9.jpg,5,45,112,112,112,2,52,120,90,ok
train/5-45/90.jpg,5,45,112,112,2,112,126,221,0,ok
train/5-45/93.jpg,5,45,112,112,2,112,126,221,0,ok
train/5-45/95.jpg,5,45,112,112,112,3,52,120,90,ok
train/5-45/96.jpg,5,45,112,112,2,112,120,171,0,ok
train/5-45/97.jpg,5,45,112,112,16,112,120,171,0,ok
train/5-45/98.jpg,5,45,112,112,10,112,120,171,0,ok
train/5-45/99.jpg,5,45,112,112,112,222,172,104,270,ok
train/5-50/0.jpg,5,50,112,112,21,60,117,171,0,ok
train/5-50/1.jpg,5,50,112,112,17,57,122,222,0,ok
train/5-50/10.jpg,5,50,112,112,28,64,117,171,0,ok
train/5-50/11.jpg,5,50,112,112,17,57,122,222,0,ok
train/5-50/12.jpg,5,50,112,112,57,207,172,107,270,ok
train/5-50/13.jpg,5,50,112,112,17,57,117,171,0,ok
train/5-50/14.jpg,5,50,112,112,17,57,122,222,0,ok
train/5-50/15.jpg,5,50,112,112,31,65,117,171,0,ok
train/5-50/16.jpg,5,50,112,112,17,57,122,222,0,ok
train/5-50/17.jpg,5,50,112,112,24,61,117,171,0,ok
train/5-50/19.jpg,5,50,112,112,17,57,117,171,0,ok
train/5-50/20.jpg,5,50,112,112,27,63,117,171,0,ok
train/5-50/22.jpg,5,50,112,112,207,167,102,2,180,ok
train/5-50/23.jpg,5,50,112,112,17,57,122,222,0,ok
train/5-50/24.jpg,5,50,112,112,17,57,117,171,0,ok
train/5-50/25.jpg,5,50,112,112,207,167,102,2,180,ok
train/5-50/26.jpg,5,50,112,112,59,204,218,103,270,ok
train/5-50/27.jpg,5,50,112,112,17,57,122,222,0,ok
train/5-50/28.jpg,5,50,112,112,207,167,107,51,180,ok
train/5-50/3.jpg,5,50,112,112,167,17,2,122,90,ok
train/5-50/30.jpg,5,50,112,112,158,31,52,117,90,ok
train/5-50/31.jpg,5,50,112,112,17,57,117,171,0,ok
train/5-50/32.jpg,5,50,112,112,17,57,122,222,0,ok
train/5-50/34.jpg,5,50,112,112,57,207,172,107,270,ok
train/5-50/35.jpg,5,50,112,112,17,57,122,222,0,ok
train/5-50/36.jpg,5,50,112,112,17,57,122,222,0,ok
train/5-50/37.jpg,5,50,112,112,28,64,117,174,0,ok
train/5-50/38.jpg,5,50,112,112,192,158,107,51,180,ok
train/5-50/39.jpg,5,50,112,112,17,57,118,178,0,ok
train/5-50/4.jpg,5,50,112,112,207,167,102,2,180,ok
train/5-50/40.jpg,5,50,112,112,195,160,107,51,180,ok
train/5-50/41.jpg,5,50,112,112,167,17,2,122,90,ok
train/5-50/42.jpg,5,50,112,112,57,207,172,107,270,ok
train/5-50/44.jpg,5,50,112,112,158,31,52,117,90,ok
train/5-50/45.jpg,5,50,112,112,21,60,117,171,0,ok
train/5-50/46.jpg,5,50,112,112,66,192,172,107,270,ok
train/5-50/47.jpg,5,50,112,112,162,26,52,117,90,ok
train/5-50/48.jpg,5,50,112,112,17,57,122,222,0,ok
train/5-50/49.jpg,5,50,112,112,30,64,118,178,0,ok
train/5-50/50.jpg,5,50,112,112,17,57,122,222,0,ok
train/5-50/51.jpg,5,50,112,112,57,207,172,107,270,ok
train/5-50/52.jpg,5,50,112,112,167,17,2,122,90,ok
train/5-50/53.jpg,5,50,112,112,206,166,102,2,180,ok
train/5-50/55.jpg,5,50,112,112,17,57,122,222,0,ok
train/5-50/57.jpg,5,50,112,112,17,57,122,222,0,ok
train/5-50/58.jpg,5,50,112,112,206,166,103,6,180,ok
train/5-50/6.jpg,5,50,112,112,17,57,122,222,0,ok
train/5-50/60.jpg,5,50,112,112,160,28,52,117,90,ok
train/5-50/61.jpg,5,50,112,112,158,31,52,117,90,ok
train/5-50/62.jpg,5,50,112,112,64,195,172,107,270,ok
train/5-50/63.jpg,5,50,112,112,167,17,52,117,90,ok
train/5-50/64.jpg,5,50,112,112,17,57,117,171,0,ok
train/5-50/65.jpg,5,50,112,112,167,17,2,122,90,ok
train/5-50/66.jpg,5,50,112,112,26,62,117,171,0,ok
train/5-50/67.jpg,5,50,112,112,17,57,117,171,0,ok
train/5-50/68.jpg,5,50,112,112,28,64,117,171,0,ok
train/5-50/71.jpg,5,50,112,112,207,167,102,2,180,ok
train/5-50/72.jpg,5,50,112,112,59,204,172,107,270,ok
train/5-50/73.jpg,5,50,112,112,207,167,102,2,180,ok
train/5-50/74.jpg,5,50,112,112,17,57,122,222,0,ok
train/5-50/75.jpg,5,50,112,112,31,65,117,171,0,ok
train/5-50/77.jpg,5,50,112,112,17,57,122,222,0,ok
train/5-50/79.jpg,5,50,112,112,68,188,222,102,270,ok
train/5-50/8.jpg,5,50,112,112,29,64,117,171,0,ok
train/5-50/80.jpg,5,50,112,112,17,57,117,171,0,ok
train/5-50/81.jpg,5,50,112,112,17,57,122,222,0,ok
train/5-50/83.jpg,5,50,112,112,17,57,122,222,0,ok
train/5-50/84.jpg,5,50,112,112,17,57,117,171,0,ok
train/5-50/85.jpg,5,50,112,112,167,17,2,122,90,ok
train/5-50/88.jpg,5,50,112,112,196,160,107,51,180,ok
train/5-50/89.jpg,5,50,112,112,167,17,52,117,90,ok
train/5-50/90.jpg,5,50,112,112,207,167,102,2,180,ok
train/5-50/92.jpg,5,50,112,112,167,17,2,122,90,ok
train/5-50/93.jpg,5,50,112,112,17,57,122,222,0,ok
train/5-50/94.jpg,5,50,112,112,21,60,122,222,0,ok
train/5-50/95.jpg,5,50,112,112,17,57,117,171,0,ok
train/5-50/96.jpg,5,50,112,112,17,57,117,171,0,ok
train/5-50/97.jpg,5,50,112,112,192,158,107,51,180,ok
train/5-50/98.jpg,5,50,112,112,63,197,172,107,270,ok
train/5-50/99.jpg,5,50,112,112,57,207,172,107,270,ok
train/5-55/0.jpg,5,55,112,112,22,164,172,109,270,ok
train/5-55/1.jpg,5,55,112,112,17,167,222,107,270,ok
train/5-55/10.jpg,5,55,112,112,17,167,172,109,270,ok
train/5-55/11.jpg,5,55,112,112,57,17,117,222,0,ok
train/5-55/12.jpg,5,55,112,112,17,167,188,109,270,ok
train/5-55/13.jpg,5,55,112,112,167,207,109,38,180,ok
train/5-55/14.jpg,5,55,112,112,57,17,117,222,0,ok
train/5-55/15.jpg,5,55,112,112,63,27,115,171,0,ok
train/5-55/17.jpg,5,55,112,112,62,26,115,171,0,ok
train/5-55/19.jpg,5,55,112,112,57,17,115,171,0,ok
train/5-55/2.jpg,5,55,112,112,65,31,115,171,0,ok
train/5-55/20.jpg,5,55,112,112,27,161,172,109,270,ok
train/5-55/21.jpg,5,55,112,112,57,17,115,171,0,ok
train/5-55/24.jpg,5,55,112,112,57,17,115,171,0,ok
train/5-55/26.jpg,5,55,112,112,165,204,107,4,180,ok
train/5-55/29.jpg,5,55,112,112,17,167,222,107,270,ok
train/5-55/3.jpg,5,55,112,112,65,31,117,222,0,ok
train/5-55/30.jpg,5,55,112,112,158,192,109,51,180,ok
train/5-55/34.jpg,5,55,112,112,57,17,115,171,0,ok
train/5-55/36.jpg,5,55,112,112,57,17,117,222,0,ok
train/5-55/37.jpg,5,55,112,112,169,79,6,117,90,ok
train/5-55/39.jpg,5,55,112,112,17,167,180,109,270,ok
train/5-55/4.jpg,5,55,112,112,17,167,222,107,270,ok
train/5-55/41.jpg,5,55,112,112,17,167,222,107,270,ok
train/5-55/42.jpg,5,55,112,112,17,167,172,109,270,ok
train/5-55/43.jpg,5,55,112,112,17,167,221,107,270,ok
train/5-55/44.jpg,5,55,112,112,32,158,172,109,270,ok
train/5-55/45.jpg,5,55,112,112,27,161,172,109,270,ok
train/5-55/46.jpg,5,55,112,112,32,158,172,109,270,ok
train/5-55/47.jpg,5,55,112,112,192,66,52,115,90,ok
train/5-55/48.jpg,5,55,112,112,57,17,117,222,0,ok
train/5-55/49.jpg,5,55,112,112,198,62,44,115,90,ok
train/5-55/5.jpg,5,55,112,112,158,192,109,51,180,ok
train/5-55/50.jpg,5,55,112,112,207,57,2,117,90,ok
train/5-55/51.jpg,5,55,112,112,57,17,115,171,0,ok
train/5-55/52.jpg,5,55,112,112,167,207,107,2,180,ok
train/5-55/53.jpg,5,55,112,112,57,17,117,222,0,ok
train/5-55/54.jpg,5,55,112,112,57,17,117,222,0,ok
train/5-55/55.jpg,5,55,112,112,57,17,117,222,0,ok
train/5-55/56.jpg,5,55,112,112,65,31,115,171,0,ok
train/5-55/57.jpg,5,55,112,112,167,207,107,2,180,ok
train/5-55/58.jpg,5,55,112,112,57,17,116,214,0,ok
train/5-55/59.jpg,5,55,112,112,62,25,115,171,0,ok
train/5-55/6.jpg,5,55,112,112,57,17,117,222,0,ok
train/5-55/61.jpg,5,55,112,112,192,66,52,115,90,ok
train/5-55/62.jpg,5,55,112,112,63,27,115,171,0,ok
train/5-55/63.jpg,5,55,112,112,17,167,172,109,270,ok
train/5-55/64.jpg,5,55,112,112,65,31,115,171,0,ok
train/5-55/65.jpg,5,55,112,112,167,207,107,2,180,ok
train/5-55/66.jpg,5,55,112,112,57,17,115,171,0,ok
train/5-55/67.jpg,5,55,112,112,58,18,115,171,0,ok
train/5-55/68.jpg,5,55,112,112,65,31,115,171,0,ok
train/5-55/69.jpg,5,55,112,112,57,17,117,222,0,ok
train/5-55/7.jpg,5,55,112,112,17,167,222,107,270,ok
train/5-55/70.jpg,5,55,112,112,57,17,117,221,0,ok
train/5-55/71.jpg,5,55,112,112,57,17,117,221,0,ok
train/5-55/72.jpg,5,55,112,112,58,18,115,171,0,ok
train/5-55/73.jpg,5,55,112,112,65,31,117,222,0,ok
train/5-55/74.jpg,5,55,112,112,207,57,2,117,90,ok
train/5-55/75.jpg,5,55,112,112,65,31,115,171,0,ok
train/5-55/76.jpg,5,55,112,112,67,35,117,220,0,ok
train/5-55/78.jpg,5,55,112,112,64,30,115,171,0,ok
train/5-55/79.jpg,5,55,112,112,17,167,222,107,270,ok
train/5-55/80.jpg,5,55,112,112,167,207,109,51,180,ok
train/5-55/82.jpg,5,55,112,112,17,167,222,107,270,ok
train/5-55/83.jpg,5,55,112,112,57,17,117,222,0,ok
train/5-55/84.jpg,5,55,112,112,57,17,115,171,0,ok
train/5-55/85.jpg,5,55,112,112,32,158,222,107,270,ok
train/5-55/86.jpg,5,55,112,112,63,27,115,171,0,ok
train/5-55/87.jpg,5,55,112,112,207,57,52,115,90,ok
train/5-55/89.jpg,5,55,112,112,57,17,115,171,0,ok
train/5-55/90.jpg,5,55,112,112,167,207,107,2,180,ok
train/5-55/91.jpg,5,55,112,112,57,17,117,222,0,ok
train/5-55/93.jpg,5,55,112,112,57,17,117,222,0,ok
train/5-55/94.jpg,5,55,112,112,167,207,108,27,180,ok
train/5-55/95.jpg,5,55,112,112,167,207,109,51,180,ok
train/5-55/96.jpg,5,55,112,112,57,17,115,171,0,ok
train/5-55/97.jpg,5,55,112,112,65,31,115,171,0,ok
train/5-55/98.jpg,5,55,112,112,57,17,115,171,0,ok
train/5-55/99.jpg,5,55,112,112,17,167,172,109,270,ok
train/6-00/0.jpg,6,0,112,112,172,112,12,112,90,ok
train/6-00/1.jpg,6,0,112,112,112,2,112,222,0,ok
train/6-00/10.jpg,6,0,112,112,112,51,112,204,0,ok
train/6-00/12.jpg,6,0,112,112,112,2,112,189,0,ok
train/6-00/13.jpg,6,0,112,112,112,2,112,184,0,ok
train/6-00/14.jpg,6,0,112,112,112,2,112,222,0,ok
train/6-00/15.jpg,6,0,112,112,112,17,112,171,0,ok
train/6-00/16.jpg,6,0,112,112,112,2,112,222,0,ok
train/6-00/17.jpg,6,0,112,112,112,14,112,171,0,ok
train/6-00/18.jpg,6,0,112,112,112,2,112,222,0,ok
train/6-00/2.jpg,6,0,112,112,112,51,112,204,0,ok
train/6-00/20.jpg,6,0,112,112,205,112,52,112,90,ok
train/6-00/21.jpg,6,0,112,112,172,112,18,112,90,ok
train/6-00/22.jpg,6,0,112,112,112,2,112,222,0,ok
train/6-00/23.jpg,6,0,112,112,112,2,112,222,0,ok
train/6-00/25.jpg,6,0,112,112,112,12,112,222,0,ok
train/6-00/26.jpg,6,0,112,112,197,112,5,112,90,ok
train/6-00/27.jpg,6,0,112,112,112,2,112,222,0,ok
train/6-00/28.jpg,6,0,112,112,172,112,19,112,90,ok
train/6-00/29.jpg,6,0,112,112,112,33,112,222,0,ok
train/6-00/3.jpg,6,0,112,112,112,2,112,222,0,ok
train/6-00/30.jpg,6,0,112,112,112,2,112,171,0,ok
train/6-00/31.jpg,6,0,112,112,112,2,112,171,0,ok
train/6-00/32.jpg,6,0,112,112,222,112,2,112,90,ok
train/6-00/33.jpg,6,0,112,112,112,18,112,171,0,ok
train/6-00/34.jpg,6,0,112,112,112,51,112,204,0,ok
train/6-00/35.jpg,6,0,112,112,222,112,2,112,90,ok
train/6-00/36.jpg,6,0,112,112,222,112,2,112,90,ok
train/6-00/37.jpg,6,0,112,112,220,112,52,112,90,ok
train/6-00/38.jpg,6,0,112,112,112,2,112,171,0,ok
train/6-00/39.jpg,6,0,112,112,112,2,112,178,0,ok
train/6-00/4.jpg,6,0,112,112,112,2,112,222,0,ok
train/6-00/40.jpg,6,0,112,112,112,2,112,171,0,ok
train/6-00/41.jpg,6,0,112,112,112,2,112,222,0,ok
train/6-00/43.jpg,6,0,112,112,222,112,2,112,90,ok
train/6-00/44.jpg,6,0,112,112,172,112,19,112,90,ok
train/6-00/45.jpg,6,0,112,112,205,112,52,112,90,ok
train/6-00/46.jpg,6,0,112,112,172,112,2,112,90,ok
train/6-00/47.jpg,6,0,112,112,112,18,112,171,0,ok
train/6-00/48.jpg,6,0,112,112,112,2,112,222,0,ok
train/6-00/49.jpg,6,0,112,112,112,2,112,179,0,ok
train/6-00/5.jpg,6,0,112,112,172,112,19,112,90,ok
train/6-00/50.jpg,6,0,112,112,222,112,2,112,90,ok
train/6-00/51.jpg,6,0,112,112,112,51,112,222,0,ok
train/6-00/52.jpg,6,0,112,112,222,112,2,112,90,ok
train/6-00/53.jpg,6,0,112,112,112,2,112,221,0,ok
train/6-00/54.jpg,6,0,112,112,112,2,112,222,0,ok
train/6-00/55.jpg,6,0,112,112,222,112,2,112,90,ok
train/6-00/59.jpg,6,0,112,112,112,12,112,171,0,ok
train/6-00/60.jpg,6,0,112,112,172,112,19,112,90,ok
train/6-00/63.jpg,6,0,112,112,112,51,112,204,0,ok
train/6-00/64.jpg,6,0,112,112,172,112,18,112,90,ok
train/6-00/65.jpg,6,0,112,112,112,3,112,222,0,ok
train/6-00/66.jpg,6,0,112,112,112,12,112,171,0,ok
train/6-00/68.jpg,6,0,112,112,112,51,112,208,0,ok
train/6-00/69.jpg,6,0,112,112,112,2,112,222,0,ok
train/6-00/7.jpg,6,0,112,112,112,2,112,222,0,ok
train/6-00/70.jpg,6,0,112,112,219,112,2,112,90,ok
train/6-00/72.jpg,6,0,112,112,112,2,112,171,0,ok
train/6-00/73.jpg,6,0,112,112,211,112,2,112,90,ok
train/6-00/76.jpg,6,0,112,112,220,112,3,112,90,ok
train/6-00/78.jpg,6,0,112,112,112,18,112,171,0,ok
train/6-00/8.jpg,6,0,112,112,112,17,112,171,0,ok
train/6-00/81.jpg,6,0,112,112,112,2,112,222,0,ok
train/6-00/82.jpg,6,0,112,112,112,2,112,222,0,ok
train/6-00/84.jpg,6,0,112,112,112,2,112,171,0,ok
train/6-00/85.jpg,6,0,112,112,112,2,112,209,0,ok
train/6-00/86.jpg,6,0,112,112,112,18,112,171,0,ok
train/6-00/88.jpg,6,0,112,112,112,17,112,171,0,ok
train/6-00/9.jpg,6,0,112,112,172,112,2,112,90,ok
train/6-00/90.jpg,6,0,112,112,112,2,112,222,0,ok
train/6-00/91.jpg,6,0,112,112,112,2,112,222,0,ok
train/6-00/92.jpg,6,0,112,112,222,112,2,112,90,ok
train/6-00/93.jpg,6,0,112,112,112,2,112,222,0,ok
train/6-00/94.jpg,6,0,112,112,112,35,112,195,0,ok
train/6-00/95.jpg,6,0,112,112,112,18,112,171,0,ok
train/6-00/96.jpg,6,0,112,112,112,2,112,171,0,ok
train/6-00/97.jpg,6,0,112,112,205,112,52,112,90,ok
train/6-00/98.jpg,6,0,112,112,112,51,112,212,0,ok
train/6-00/99.jpg,6,0,112,112,112,2,112,171,0,ok
train/6-05/0.jpg,6,5,112,112,158,31,109,172,0,ok
train/6-05/1.jpg,6,5,112,112,167,17,107,222,0,ok
train/6-05/10.jpg,6,5,112,112,159,31,109,172,0,ok
train/6-05/11.jpg,6,5,112,112,207,167,2,107,90,ok
train/6-05/12.jpg,6,5,112,112,207,167,34,109,90,ok
train/6-05/13.jpg,6,5,112,112,167,17,109,185,0,ok
train/6-05/14.jpg,6,5,112,112,167,17,107,222,0,ok
train/6-05/16.jpg,6,5,112,112,167,17,107,222,0,ok
train/6-05/17.jpg,6,5,112,112,24,61,171,115,270,ok
train/6-05/2.jpg,6,5,112,112,167,17,109,172,0,ok
train/6-05/21.jpg,6,5,112,112,167,17,109,172,0,ok
train/6-05/22.jpg,6,5,112,112,167,17,107,222,0,ok
train/6-05/23.jpg,6,5,112,112,207,167,2,107,90,ok
train/6-05/24.jpg,6,5,112,112,194,159,51,109,90,ok
train/6-05/25.jpg,6,5,112,112,17,57,222,117,270,ok
train/6-05/26.jpg,6,5,112,112,166,19,107,219,0,ok
train/6-05/27.jpg,6,5,112,112,167,17,107,222,0,ok
train/6-05/28.jpg,6,5,112,112,207,167,51,109,90,ok
train/6-05/29.jpg,6,5,112,112,17,57,212,116,270,ok
train/6-05/3.jpg,6,5,112,112,167,17,107,222,0,ok
train/6-05/30.jpg,6,5,112,112,192,158,51,109,90,ok
train/6-05/31.jpg,6,5,112,112,192,158,51,109,90,ok
train/6-05/32.jpg,6,5,112,112,207,167,2,107,90,ok
train/6-05/33.jpg,6,5,112,112,158,31,109,172,0,ok
train/6-05/34.jpg,6,5,112,112,57,207,115,52,180,ok
train/6-05/35.jpg,6,5,112,112,17,57,222,117,270,ok
train/6-05/38.jpg,6,5,112,112,192,158,51,109,90,ok
train/6-05/39.jpg,6,5,112,112,57,207,115,46,180,ok
train/6-05/4.jpg,6,5,112,112,167,17,107,222,0,ok
train/6-05/40.jpg,6,5,112,112,57,207,115,52,180,ok
train/6-05/41.jpg,6,5,112,112,167,17,107,222,0,ok
train/6-05/43.jpg,6,5,112,112,57,207,117,2,180,ok
train/6-05/44.jpg,6,5,112,112,161,27,109,172,0,ok
train/6-05/45.jpg,6,5,112,112,199,162,51,109,90,ok
train/6-05/47.jpg,6,5,112,112,160,28,109,172,0,ok
train/6-05/48.jpg,6,5,112,112,167,17,107,222,0,ok
train/6-05/49.jpg,6,5,112,112,167,17,109,179,0,ok
train/6-05/5.jpg,6,5,112,112,166,18,109,172,0,ok
train/6-05/51.jpg,6,5,112,112,167,17,109,172,0,ok
train/6-05/52.jpg,6,5,112,112,167,17,107,222,0,ok
train/6-05/53.jpg,6,5,112,112,166,18,107,222,0,ok
train/6-05/54.jpg,6,5,112,112,167,17,107,222,0,ok
train/6-05/55.jpg,6,5,112,112,167,17,107,222,0,ok
train/6-05/56.jpg,6,5,112,112,161,27,109,172,0,ok
train/6-05/57.jpg,6,5,112,112,167,17,107,222,0,ok
train/6-05/58.jpg,6,5,112,112,167,17,108,198,0,ok
train/6-05/59.jpg,6,5,112,112,167,17,109,172,0,ok
train/6-05/60.jpg,6,5,112,112,25,62,171,115,270,ok
train/6-05/61.jpg,6,5,112,112,158,31,109,172,0,ok
train/6-05/62.jpg,6,5,112,112,160,28,109,172,0,ok
train/6-05/63.jpg,6,5,112,112,160,28,109,172,0,ok
train/6-05/64.jpg,6,5,112,112,31,65,171,115,270,ok
train/6-05/66.jpg,6,5,112,112,161,27,109,172,0,ok
train/6-05/67.jpg,6,5,112,112,207,167,51,109,90,ok
train/6-05/68.jpg,6,5,112,112,158,31,109,177,0,ok
train/6-05/69.jpg,6,5,112,112,167,17,107,222,0,ok
train/6-05/7.jpg,6,5,112,112,207,167,47,109,90,ok
train/6-05/71.jpg,6,5,112,112,17,57,221,117,270,ok
train/6-05/72.jpg,6,5,112,112,57,207,115,52,180,ok
train/6-05/73.jpg,6,5,112,112,31,65,222,117,270,ok
train/6-05/74.jpg,6,5,112,112,167,17,107,222,0,ok
train/6-05/76.jpg,6,5,112,112,34,67,220,117,270,ok
train/6-05/77.jpg,6,5,112,112,207,167,2,107,90,ok
train/6-05/78.jpg,6,5,112,112,28,64,171,115,270,ok
train/6-05/8.jpg,6,5,112,112,27,63,171,115,270,ok
train/6-05/80.jpg,6,5,112,112,164,21,109,172,0,ok
train/6-05/81.jpg,6,5,112,112,167,17,107,222,0,ok
train/6-05/82.jpg,6,5,112,112,17,57,222,117,270,ok
train/6-05/83.jpg,6,5,112,112,167,17,107,222,0,ok
train/6-05/85.jpg,6,5,112,112,158,31,107,222,0,ok
train/6-05/87.jpg,6,5,112,112,193,158,51,109,90,ok
train/6-05/88.jpg,6,5,112,112,27,63,171,115,270,ok
train/6-05/89.jpg,6,5,112,112,167,17,109,172,0,ok
train/6-05/9.jpg,6,5,112,112,63,197,115,52,180,ok
train/6-05/91.jpg,6,5,112,112,57,207,117,2,180,ok
train/6-05/92.jpg,6,5,112,112,57,207,117,2,180,ok
train/6-05/95.jpg,6,5,112,112,167,17,109,172,0,ok
train/6-05/96.jpg,6,5,112,112,167,17,109,172,0,ok
train/6-05/97.jpg,6,5,112,112,28,64,171,115,270,ok
train/6-05/99.jpg,6,5,112,112,192,158,51,109,90,ok
train/6-10/0.jpg,6,10,112,112,163,200,51,107,90,ok
train/6-10/1.jpg,6,10,112,112,57,17,222,122,270,ok
train/6-10/11.jpg,6,10,112,112,17,167,122,2,180,ok
train/6-10/12.jpg,6,10,112,112,193,66,106,186,0,ok
train/6-10/13.jpg,6,10,112,112,207,57,105,195,0,ok
train/6-10/14.jpg,6,10,112,112,207,57,102,222,0,ok
train/6-10/16.jpg,6,10,112,112,207,57,102,222,0,ok
train/6-10/17.jpg,6,10,112,112,192,66,107,172,0,ok
train/6-10/2.jpg,6,10,112,112,32,158,117,52,180,ok
train/6-10/21.jpg,6,10,112,112,25,162,117,52,180,ok
train/6-10/22.jpg,6,10,112,112,207,57,102,222,0,ok
train/6-10/24.jpg,6,10,112,112,167,207,51,107,90,ok
train/6-10/26.jpg,6,10,112,112,165,204,5,103,90,ok
train/6-10/28.jpg,6,10,112,112,57,17,171,117,270,ok
train/6-10/29.jpg,6,10,112,112,207,57,106,176,0,ok
train/6-10/3.jpg,6,10,112,112,193,65,102,222,0,ok
train/6-10/30.jpg,6,10,112,112,158,192,51,107,90,ok
train/6-10/31.jpg,6,10,112,112,32,158,117,52,180,ok
train/6-10/32.jpg,6,10,112,112,167,207,2,102,90,ok
train/6-10/33.jpg,6,10,112,112,193,65,107,172,0,ok
train/6-10/34.jpg,6,10,112,112,192,66,107,172,0,ok
train/6-10/35.jpg,6,10,112,112,207,57,102,222,0,ok
train/6-10/37.jpg,6,10,112,112,196,63,104,209,0,ok
train/6-10/38.jpg,6,10,112,112,192,66,107,172,0,ok
train/6-10/39.jpg,6,10,112,112,207,57,106,178,0,ok
train/6-10/4.jpg,6,10,112,112,17,167,122,2,180,ok
train/6-10/40.jpg,6,10,112,112,207,57,107,172,0,ok
train/6-10/41.jpg,6,10,112,112,167,207,2,102,90,ok
train/6-10/42.jpg,6,10,112,112,17,167,117,52,180,ok
train/6-10/43.jpg,6,10,112,112,167,207,3,103,90,ok
train/6-10/44.jpg,6,10,112,112,32,158,117,52,180,ok
train/6-10/45.jpg,6,10,112,112,198,62,107,172,0,ok
train/6-10/46.jpg,6,10,112,112,192,66,107,172,0,ok
train/6-10/47.jpg,6,10,112,112,207,57,107,172,0,ok
train/6-10/49.jpg,6,10,112,112,207,57,106,178,0,ok
train/6-10/5.jpg,6,10,112,112,65,31,171,117,270,ok
train/6-10/50.jpg,6,10,112,112,167,207,2,102,90,ok
train/6-10/51.jpg,6,10,112,112,207,57,107,172,0,ok
train/6-10/52.jpg,6,10,112,112,17,167,122,2,180,ok
train/6-10/53.jpg,6,10,112,112,164,201,2,102,90,ok
train/6-10/55.jpg,6,10,112,112,167,207,2,102,90,ok
train/6-10/56.jpg,6,10,112,112,199,61,107,172,0,ok
train/6-10/57.jpg,6,10,112,112,167,207,2,102,90,ok
train/6-10/58.jpg,6,10,112,112,57,17,188,119,270,ok
train/6-10/6.jpg,6,10,112,112,167,207,2,102,90,ok
train/6-10/60.jpg,6,10,112,112,163,200,51,107,90,ok
train/6-10/61.jpg,6,10,112,112,58,19,171,117,270,ok
train/6-10/62.jpg,6,10,112,112,160,194,51,107,90,ok
train/6-10/64.jpg,6,10,112,112,192,66,107,172,0,ok
train/6-10/65.jpg,6,10,112,112,207,57,102,222,0,ok
train/6-10/66.jpg,6,10,112,112,198,62,107,172,0,ok
train/6-10/67.jpg,6,10,112,112,57,17,171,117,270,ok
train/6-10/68.jpg,6,10,112,112,192,66,107,172,0,ok
train/6-10/69.jpg,6,10,112,112,207,57,102,222,0,ok
train/6-10/7.jpg,6,10,112,112,167,207,2,102,90,ok
train/6-10/74.jpg,6,10,112,112,207,57,102,222,0,ok
train/6-10/77.jpg,6,10,112,112,207,57,102,222,0,ok
train/6-10/78.jpg,6,10,112,112,167,207,51,107,90,ok
train/6-10/79.jpg,6,10,112,112,207,57,102,222,0,ok
train/6-10/8.jpg,6,10,112,112,65,31,171,117,270,ok
train/6-10/80.jpg,6,10,112,112,65,31,171,117,270,ok
train/6-10/81.jpg,6,10,112,112,207,57,102,222,0,ok
train/6-10/82.jpg,6,10,112,112,17,167,122,2,180,ok
train/6-10/83.jpg,6,10,112,112,167,207,2,102,90,ok
train/6-10/84.jpg,6,10,112,112,167,207,51,107,90,ok
train/6-10/85.jpg,6,10,112,112,17,167,122,2,180,ok
train/6-10/86.jpg,6,10,112,112,194,64,107,172,0,ok
train/6-10/87.jpg,6,10,112,112,207,57,107,172,0,ok
train/6-10/88.jpg,6,10,112,112,62,26,171,117,270,ok
train/6-10/89.jpg,6,10,112,112,32,158,117,52,180,ok
train/6-10/9.jpg,6,10,112,112,26,162,117,52,180,ok
train/6-10/90.jpg,6,10,112,112,207,57,102,222,0,ok
train/6-10/91.jpg,6,10,112,112,17,167,122,2,180,ok
train/6-10/93.jpg,6,10,112,112,167,207,2,102,90,ok
train/6-10/94.jpg,6,10,112,112,164,202,20,104,90,ok
train/6-10/95.jpg,6,10,112,112,57,18,171,117,270,ok
train/6-10/96.jpg,6,10,112,112,57,17,171,117,270,ok
train/6-10/97.jpg,6,10,112,112,32,158,117,52,180,ok
train/6-10/98.jpg,6,10,112,112,25,163,117,52,180,ok
train/6-10/99.jpg,6,10,112,112,17,167,117,52,180,ok
train/6-15/0.jpg,6,15,112,112,205,112,104,172,0,ok
train/6-15/1.jpg,6,15,112,112,112,222,3,98,90,ok
train/6-15/10.jpg,6,15,112,112,207,112,104,172,0,ok
train/6-15/11.jpg,6,15,112,112,222,112,98,221,0,ok
train/6-15/12.jpg,6,15,112,112,222,112,104,172,0,ok
train/6-15/14.jpg,6,15,112,112,222,112,98,221,0,ok
train/6-15/15.jpg,6,15,112,112,19,112,120,52,180,ok
train/6-15/16.jpg,6,15,112,112,222,112,98,221,0,ok
train/6-15/17.jpg,6,15,112,112,19,112,120,52,180,ok
train/6-15/19.jpg,6,15,112,112,205,112,104,172,0,ok
train/6-15/2.jpg,6,15,112,112,222,112,104,172,0,ok
train/6-15/21.jpg,6,15,112,112,210,112,104,172,0,ok
train/6-15/22.jpg,6,15,112,112,112,2,220,126,270,ok
train/6-15/23.jpg,6,15,112,112,222,112,98,221,0,ok
train/6-15/26.jpg,6,15,112,112,112,218,5,98,90,ok
train/6-15/29.jpg,6,15,112,112,112,222,41,103,90,ok
train/6-15/3.jpg,6,15,112,112,112,222,3,98,90,ok
train/6-15/32.jpg,6,15,112,112,222,112,98,221,0,ok
train/6-15/33.jpg,6,15,112,112,112,204,51,104,90,ok
train/6-15/34.jpg,6,15,112,112,112,2,171,120,270,ok
train/6-15/35.jpg,6,15,112,112,2,112,126,3,180,ok
train/6-15/38.jpg,6,15,112,112,221,112,104,172,0,ok
train/6-15/39.jpg,6,15,112,112,112,206,47,103,90,ok
train/6-15/4.jpg,6,15,112,112,222,112,98,221,0,ok
train/6-15/42.jpg,6,15,112,112,222,112,104,172,0,ok
train/6-15/43.jpg,6,15,112,112,2,112,126,3,180,ok
train/6-15/45.jpg,6,15,112,112,209,112,104,172,0,ok
train/6-15/46.jpg,6,15,112,112,112,16,171,120,270,ok
train/6-15/47.jpg,6,15,112,112,2,112,120,52,180,ok
train/6-15/48.jpg,6,15,112,112,222,112,98,221,0,ok
train/6-15/49.jpg,6,15,112,112,112,204,45,103,90,ok
train/6-15/5.jpg,6,15,112,112,222,112,104,172,0,ok
train/6-15/50.jpg,6,15,112,112,112,2,221,126,270,ok
train/6-15/51.jpg,6,15,112,112,2,112,120,52,180,ok
train/6-15/52.jpg,6,15,112,112,112,2,221,126,270,ok
train/6-15/55.jpg,6,15,112,112,222,112,98,221,0,ok
train/6-15/56.jpg,6,15,112,112,205,112,104,172,0,ok
train/6-15/57.jpg,6,15,112,112,112,2,221,126,270,ok
train/6-15/58.jpg,6,15,112,112,2,112,122,35,180,ok
train/6-15/6.jpg,6,15,112,112,112,222,3,98,90,ok
train/6-15/60.jpg,6,15,112,112,213,112,104,172,0,ok
train/6-15/61.jpg,6,15,112,112,221,112,104,172,0,ok
train/6-15/62.jpg,6,15,112,112,17,112,120,52,180,ok
train/6-15/63.jpg,6,15,112,112,112,17,171,120,270,ok
train/6-15/64.jpg,6,15,112,112,205,112,104,172,0,ok
train/6-15/65.jpg,6,15,112,112,222,112,98,221,0,ok
train/6-15/66.jpg,6,15,112,112,213,112,104,172,0,ok
train/6-15/67.jpg,6,15,112,112,222,112,104,172,0,ok
train/6-15/68.jpg,6,15,112,112,112,204,51,104,90,ok
train/6-15/69.jpg,6,15,112,112,112,222,3,98,90,ok
train/6-15/7.jpg,6,15,112,112,222,112,98,221,0,ok
train/6-15/70.jpg,6,15,112,112,4,112,126,3,180,ok
train/6-15/71.jpg,6,15,112,112,112,221,3,98,90,ok
train/6-15/72.jpg,6,15,112,112,112,222,51,104,90,ok
train/6-15/73.jpg,6,15,112,112,112,222,3,98,90,ok
train/6-15/74.jpg,6,15,112,112,222,112,98,221,0,ok
train/6-15/75.jpg,6,15,112,112,2,112,120,52,180,ok
train/6-15/76.jpg,6,15,112,112,198,112,98,219,0,ok
train/6-15/77.jpg,6,15,112,112,112,2,221,126,270,ok
train/6-15/78.jpg,6,15,112,112,205,112,104,172,0,ok
train/6-15/79.jpg,6,15,112,112,112,222,3,98,90,ok
train/6-15/8.jpg,6,15,112,112,112,16,171,120,270,ok
train/6-15/80.jpg,6,15,112,112,112,222,51,104,90,ok
train/6-15/81.jpg,6,15,112,112,112,222,3,98,90,ok
train/6-15/82.jpg,6,15,112,112,112,222,3,98,90,ok
train/6-15/83.jpg,6,15,112,112,222,112,98,221,0,ok
train/6-15/84.jpg,6,15,112,112,222,112,104,172,0,ok
train/6-15/85.jpg,6,15,112,112,222,112,98,221,0,ok
train/6-15/86.jpg,6,15,112,112,112,205,51,104,90,ok
train/6-15/87.jpg,6,15,112,112,112,207,51,104,90,ok
train/6-15/89.jpg,6,15,112,112,222,112,104,172,0,ok
train/6-15/9.jpg,6,15,112,112,208,112,104,172,0,ok
train/6-15/90.jpg,6,15,112,112,112,222,3,98,90,ok
train/6-15/91.jpg,6,15,112,112,112,222,3,98,90,ok
train/6-15/92.jpg,6,15,112,112,2,112,126,3,180,ok
train/6-15/93.jpg,6,15,112,112,222,112,98,221,0,ok
train/6-15/94.jpg,6,15,112,112,112,2,182,121,270,ok
train/6-15/96.jpg,6,15,112,112,222,112,104,172,0,ok
train/6-15/97.jpg,6,15,112,112,221,112,104,172,0,ok
train/6-15/99.jpg,6,15,112,112,222,112,104,172,0,ok
train/6-20/0.jpg,6,20,112,112,158,31,171,122,270,ok
train/6-20/1.jpg,6,20,112,112,207,167,93,220,0,ok
train/6-20/10.jpg,6,20,112,112,194,159,102,171,0,ok
train/6-20/12.jpg,6,20,112,112,195,160,102,171,0,ok
train/6-20/14.jpg,6,20,112,112,207,167,93,220,0,ok
train/6-20/15.jpg,6,20,112,112,192,158,102,171,0,ok
train/6-20/17.jpg,6,20,112,112,59,203,52,101,90,ok
train/6-20/20.jpg,6,20,112,112,195,160,102,171,0,ok
train/6-20/21.jpg,6,20,112,112,160,28,171,122,270,ok
train/6-20/23.jpg,6,20,112,112,167,17,220,131,270,ok
train/6-20/24.jpg,6,20,112,112,57,207,52,101,90,ok
train/6-20/25.jpg,6,20,112,112,207,167,93,220,0,ok
train/6-20/26.jpg,6,20,112,112,204,165,93,217,0,ok
train/6-20/27.jpg,6,20,112,112,207,167,93,220,0,ok
train/6-20/29.jpg,6,20,112,112,17,57,123,51,180,ok
train/6-20/3.jpg,6,20,112,112,65,193,4,93,90,ok
train/6-20/30.jpg,6,20,112,112,192,158,102,171,0,ok
train/6-20/31.jpg,6,20,112,112,194,159,102,171,0,ok
train/6-20/32.jpg,6,20,112,112,17,57,131,4,180,ok
train/6-20/33.jpg,6,20,112,112,160,30,171,122,270,ok
train/6-20/34.jpg,6,20,112,112,192,158,102,171,0,ok
train/6-20/35.jpg,6,20,112,112,206,166,93,220,0,ok
train/6-20/36.jpg,6,20,112,112,207,167,93,220,0,ok
train/6-20/37.jpg,6,20,112,112,196,160,101,172,0,ok
train/6-20/39.jpg,6,20,112,112,193,158,100,178,0,ok
train/6-20/4.jpg,6,20,112,112,57,207,4,93,90,ok
train/6-20/40.jpg,6,20,112,112,207,167,102,171,0,ok
train/6-20/41.jpg,6,20,112,112,167,17,220,131,270,ok
train/6-20/42.jpg,6,20,112,112,207,167,102,171,0,ok
train/6-20/44.jpg,6,20,112,112,207,167,102,171,0,ok
train/6-20/45.jpg,6,20,112,112,195,160,102,171,0,ok
train/6-20/46.jpg,6,20,112,112,192,158,102,171,0,ok
train/6-20/48.jpg,6,20,112,112,207,167,93,220,0,ok
train/6-20/5.jpg,6,20,112,112,31,65,123,52,180,ok
train/6-20/50.jpg,6,20,112,112,207,167,93,220,0,ok
train/6-20/51.jpg,6,20,112,112,207,167,102,171,0,ok
train/6-20/52.jpg,6,20,112,112,207,167,93,220,0,ok
train/6-20/53.jpg,6,20,112,112,207,167,93,220,0,ok
train/6-20/54.jpg,6,20,112,112,207,167,93,220,0,ok
train/6-20/56.jpg,6,20,112,112,199,162,102,171,0,ok
train/6-20/57.jpg,6,20,112,112,17,57,131,4,180,ok
train/6-20/59.jpg,6,20,112,112,17,57,123,52,180,ok
train/6-20/6.jpg,6,20,112,112,207,167,93,220,0,ok
train/6-20/60.jpg,6,20,112,112,197,161,102,171,0,ok
train/6-20/63.jpg,6,20,112,112,194,159,102,171,0,ok
train/6-20/64.jpg,6,20,112,112,192,158,102,171,0,ok
train/6-20/65.jpg,6,20,112,112,166,18,220,131,270,ok
train/6-20/66.jpg,6,20,112,112,61,200,52,101,90,ok
train/6-20/67.jpg,6,20,112,112,207,167,102,171,0,ok
train/6-20/68.jpg,6,20,112,112,66,192,52,101,90,ok
train/6-20/69.jpg,6,20,112,112,207,167,93,220,0,ok
train/6-20/7.jpg,6,20,112,112,207,167,102,171,0,ok
train/6-20/70.jpg,6,20,112,112,17,57,131,4,180,ok
train/6-20/73.jpg,6,20,112,112,207,167,93,220,0,ok
train/6-20/74.jpg,6,20,112,112,207,167,93,220,0,ok
train/6-20/75.jpg,6,20,112,112,63,196,52,101,90,ok
train/6-20/76.jpg,6,20,112,112,34,67,131,4,180,ok
train/6-20/77.jpg,6,20,112,112,207,167,93,220,0,ok
train/6-20/78.jpg,6,20,112,112,62,199,52,101,90,ok
train/6-20/79.jpg,6,20,112,112,68,188,4,93,90,ok
train/6-20/8.jpg,6,20,112,112,158,31,171,122,270,ok
train/6-20/80.jpg,6,20,112,112,207,167,102,171,0,ok
train/6-20/81.jpg,6,20,112,112,207,167,93,220,0,ok
train/6-20/82.jpg,6,20,112,112,207,167,93,220,0,ok
train/6-20/83.jpg,6,20,112,112,207,167,93,220,0,ok
train/6-20/84.jpg,6,20,112,112,17,57,123,52,180,ok
train/6-20/85.jpg,6,20,112,112,57,207,4,93,90,ok
train/6-20/86.jpg,6,20,112,112,193,159,102,171,0,ok
train/6-20/87.jpg,6,20,112,112,57,207,52,101,90,ok
train/6-20/88.jpg,6,20,112,112,199,162,102,171,0,ok
train/6-20/89.jpg,6,20,112,112,207,167,102,171,0,ok
train/6-20/90.jpg,6,20,112,112,207,167,93,220,0,ok
train/6-20/91.jpg,6,20,112,112,207,167,93,220,0,ok
train/6-20/92.jpg,6,20,112,112,167,17,220,131,270,ok
train/6-20/93.jpg,6,20,112,112,207,167,93,220,0,ok
train/6-20/94.jpg,6,20,112,112,201,163,93,220,0,ok
train/6-20/96.jpg,6,20,112,112,57,207,52,101,90,ok
train/6-20/97.jpg,6,20,112,112,167,17,171,122,270,ok
train/6-20/98.jpg,6,20,112,112,199,162,102,171,0,ok
train/6-20/99.jpg,6,20,112,112,192,158,102,171,0,ok
train/6-25/0.jpg,6,25,112,112,201,60,170,125,270,ok
train/6-25/1.jpg,6,25,112,112,167,207,88,219,0,ok
train/6-25/10.jpg,6,25,112,112,32,158,52,99,90,ok
train/6-25/11.jpg,6,25,112,112,167,207,88,219,0,ok
train/6-25/12.jpg,6,25,112,112,17,167,52,99,90,ok
train/6-25/13.jpg,6,25,112,112,192,66,170,125,270,ok
train/6-25/14.jpg,6,25,112,112,167,207,88,219,0,ok
train/6-25/15.jpg,6,25,112,112,159,193,99,171,0,ok
train/6-25/16.jpg,6,25,112,112,167,207,88,219,0,ok
train/6-25/17.jpg,6,25,112,112,158,192,99,171,0,ok
train/6-25/18.jpg,6,25,112,112,207,57,174,126,270,ok
train/6-25/19.jpg,6,25,112,112,17,167,52,99,90,ok
train/6-25/2.jpg,6,25,112,112,64,30,125,53,180,ok
train/6-25/20.jpg,6,25,112,112,60,22,125,53,180,ok
train/6-25/21.jpg,6,25,112,112,167,207,99,171,0,ok
train/6-25/22.jpg,6,25,112,112,57,17,136,5,180,ok
train/6-25/23.jpg,6,25,112,112,167,207,88,219,0,ok
train/6-25/24.jpg,6,25,112,112,17,167,52,99,90,ok
train/6-25/25.jpg,6,25,112,112,207,57,219,136,270,ok
train/6-25/26.jpg,6,25,112,112,65,31,135,7,180,ok
train/6-25/27.jpg,6,25,112,112,167,207,88,219,0,ok
train/6-25/28.jpg,6,25,112,112,158,192,99,171,0,ok
train/6-25/29.jpg,6,25,112,112,167,207,99,171,0,ok
train/6-25/3.jpg,6,25,112,112,57,17,136,5,180,ok
train/6-25/30.jpg,6,25,112,112,158,192,99,171,0,ok
train/6-25/34.jpg,6,25,112,112,160,194,99,171,0,ok
train/6-25/35.jpg,6,25,112,112,17,167,8,89,90,ok
train/6-25/36.jpg,6,25,112,112,57,17,136,5,180,ok
train/6-25/37.jpg,6,25,112,112,57,17,133,15,180,ok
train/6-25/38.jpg,6,25,112,112,57,17,125,53,180,ok
train/6-25/4.jpg,6,25,112,112,167,207,88,219,0,ok
train/6-25/41.jpg,6,25,112,112,207,57,219,136,270,ok
train/6-25/42.jpg,6,25,112,112,207,57,170,125,270,ok
train/6-25/43.jpg,6,25,112,112,17,167,5,88,90,ok
train/6-25/44.jpg,6,25,112,112,167,207,99,171,0,ok
train/6-25/48.jpg,6,25,112,112,167,207,88,219,0,ok
train/6-25/49.jpg,6,25,112,112,167,207,97,177,0,ok
train/6-25/50.jpg,6,25,112,112,167,207,88,219,0,ok
train/6-25/51.jpg,6,25,112,112,167,207,99,171,0,ok
train/6-25/52.jpg,6,25,112,112,167,207,88,219,0,ok
train/6-25/53.jpg,6,25,112,112,17,167,5,88,90,ok
train/6-25/55.jpg,6,25,112,112,167,207,88,219,0,ok
train/6-25/56.jpg,6,25,112,112,158,192,99,171,0,ok
train/6-25/58.jpg,6,25,112,112,200,61,188,129,270,ok
train/6-25/59.jpg,6,25,112,112,161,197,99,171,0,ok
train/6-25/6.jpg,6,25,112,112,167,207,88,219,0,ok
train/6-25/60.jpg,6,25,112,112,65,31,125,53,180,ok
train/6-25/62.jpg,6,25,112,112,207,57,170,125,270,ok
train/6-25/63.jpg,6,25,112,112,160,194,99,171,0,ok
train/6-25/65.jpg,6,25,112,112,167,207,88,219,0,ok
train/6-25/66.jpg,6,25,112,112,167,207,99,171,0,ok
train/6-25/67.jpg,6,25,112,112,57,17,125,53,180,ok
train/6-25/68.jpg,6,25,112,112,192,66,170,125,270,ok
train/6-25/69.jpg,6,25,112,112,167,207,88,219,0,ok
train/6-25/70.jpg,6,25,112,112,166,206,88,219,0,ok
train/6-25/72.jpg,6,25,112,112,167,207,99,171,0,ok
train/6-25/73.jpg,6,25,112,112,207,57,219,136,270,ok
train/6-25/75.jpg,6,25,112,112,194,64,170,125,270,ok
train/6-25/76.jpg,6,25,112,112,189,68,218,136,270,ok
train/6-25/77.jpg,6,25,112,112,167,207,88,219,0,ok
train/6-25/78.jpg,6,25,112,112,167,207,99,171,0,ok
train/6-25/79.jpg,6,25,112,112,17,167,5,88,90,ok
train/6-25/8.jpg,6,25,112,112,30,160,52,99,90,ok
train/6-25/82.jpg,6,25,112,112,167,207,88,219,0,ok
train/6-25/83.jpg,6,25,112,112,167,207,88,219,0,ok
train/6-25/85.jpg,6,25,112,112,57,17,136,5,180,ok
train/6-25/86.jpg,6,25,112,112,160,195,99,171,0,ok
train/6-25/87.jpg,6,25,112,112,207,57,170,125,270,ok
train/6-25/89.jpg,6,25,112,112,57,17,125,53,180,ok
train/6-25/9.jpg,6,25,112,112,203,59,170,125,270,ok
train/6-25/90.jpg,6,25,112,112,167,207,88,219,0,ok
train/6-25/91.jpg,6,25,112,112,167,207,88,219,0,ok
train/6-25/92.jpg,6,25,112,112,17,167,5,88,90,ok
train/6-25/93.jpg,6,25,112,112,167,207,88,219,0,ok
train/6-25/94.jpg,6,25,112,112,57,17,136,5,180,ok
train/6-25/95.jpg,6,25,112,112,17,167,52,99,90,ok
train/6-25/96.jpg,6,25,112,112,207,57,170,125,270,ok
train/6-25/97.jpg,6,25,112,112,167,207,99,171,0,ok
train/6-25/98.jpg,6,25,112,112,167,207,99,171,0,ok
train/6-25/99.jpg,6,25,112,112,158,192,99,171,0,ok
train/6-30/0.jpg,6,30,112,112,8,112,53,96,90,ok
train/6-30/1.jpg,6,30,112,112,112,222,84,218,0,ok
train/6-30/10.jpg,6,30,112,112,222,112,170,128,270,ok
train/6-30/11.jpg,6,30,112,112,112,2,140,6,180,ok
train/6-30/12.jpg,6,30,112,112,112,222,96,170,0,ok
train/6-30/13.jpg,6,30,112,112,2,112,53,96,90,ok
train/6-30/14.jpg,6,30,112,112,112,222,84,218,0,ok
train/6-30/15.jpg,6,30,112,112,112,205,96,170,0,ok
train/6-30/16.jpg,6,30,112,112,112,222,84,218,0,ok
train/6-30/17.jpg,6,30,112,112,218,112,170,128,270,ok
train/6-30/18.jpg,6,30,112,112,2,112,50,95,90,ok
train/6-30/19.jpg,6,30,112,112,222,112,170,128,270,ok
train/6-30/2.jpg,6,30,112,112,112,222,96,170,0,ok
train/6-30/20.jpg,6,30,112,112,112,215,96,170,0,ok
train/6-30/21.jpg,6,30,112,112,112,204,96,170,0,ok
train/6-30/22.jpg,6,30,112,112,112,222,84,218,0,ok
train/6-30/23.jpg,6,30,112,112,112,222,84,218,0,ok
train/6-30/24.jpg,6,30,112,112,112,222,96,170,0,ok
train/6-30/25.jpg,6,30,112,112,2,112,6,84,90,ok
train/6-30/26.jpg,6,30,112,112,112,218,84,215,0,ok
train/6-30/27.jpg,6,30,112,112,112,222,84,218,0,ok
train/6-30/28.jpg,6,30,112,112,112,204,96,170,0,ok
train/6-30/29.jpg,6,30,112,112,112,222,96,171,0,ok
train/6-30/3.jpg,6,30,112,112,112,222,84,218,0,ok
train/6-30/31.jpg,6,30,112,112,205,112,170,128,270,ok
train/6-30/34.jpg,6,30,112,112,2,112,53,96,90,ok
train/6-30/35.jpg,6,30,112,112,2,112,8,84,90,ok
train/6-30/37.jpg,6,30,112,112,112,204,86,208,0,ok
train/6-30/38.jpg,6,30,112,112,112,204,96,170,0,ok
train/6-30/39.jpg,6,30,112,112,206,112,176,129,270,ok
train/6-30/4.jpg,6,30,112,112,112,2,140,6,180,ok
train/6-30/41.jpg,6,30,112,112,112,222,84,218,0,ok
train/6-30/42.jpg,6,30,112,112,222,112,170,128,270,ok
train/6-30/43.jpg,6,30,112,112,222,112,218,140,270,ok
train/6-30/45.jpg,6,30,112,112,112,213,96,170,0,ok
train/6-30/47.jpg,6,30,112,112,112,207,96,170,0,ok
train/6-30/48.jpg,6,30,112,112,112,222,84,218,0,ok
train/6-30/5.jpg,6,30,112,112,112,204,96,170,0,ok
train/6-30/50.jpg,6,30,112,112,2,112,6,84,90,ok
train/6-30/51.jpg,6,30,112,112,112,222,96,170,0,ok
train/6-30/52.jpg,6,30,112,112,112,222,84,218,0,ok
train/6-30/53.jpg,6,30,112,112,112,222,84,218,0,ok
train/6-30/54.jpg,6,30,112,112,112,222,84,218,0,ok
train/6-30/56.jpg,6,30,112,112,17,112,53,96,90,ok
train/6-30/57.jpg,6,30,112,112,112,222,84,218,0,ok
train/6-30/58.jpg,6,30,112,112,112,3,129,49,180,ok
train/6-30/59.jpg,6,30,112,112,112,204,94,181,0,ok
train/6-30/6.jpg,6,30,112,112,112,222,84,218,0,ok
train/6-30/61.jpg,6,30,112,112,112,204,96,170,0,ok
train/6-30/62.jpg,6,30,112,112,112,222,96,170,0,ok
train/6-30/63.jpg,6,30,112,112,16,112,53,96,90,ok
train/6-30/64.jpg,6,30,112,112,112,222,96,170,0,ok
train/6-30/65.jpg,6,30,112,112,112,3,140,6,180,ok
train/6-30/66.jpg,6,30,112,112,205,112,170,128,270,ok
train/6-30/7.jpg,6,30,112,112,2,112,53,96,90,ok
train/6-30/70.jpg,6,30,112,112,2,112,6,84,90,ok
train/6-30/71.jpg,6,30,112,112,112,2,140,6,180,ok
train/6-30/72.jpg,6,30,112,112,112,222,96,170,0,ok
train/6-30/73.jpg,6,30,112,112,222,112,218,140,270,ok
train/6-30/74.jpg,6,30,112,112,112,222,84,218,0,ok
train/6-30/75.jpg,6,30,112,112,17,112,53,96,90,ok
train/6-30/77.jpg,6,30,112,112,112,2,140,6,180,ok
train/6-30/78.jpg,6,30,112,112,205,112,170,128,270,ok
train/6-30/8.jpg,6,30,112,112,112,210,96,170,0,ok
train/6-30/80.jpg,6,30,112,112,112,204,96,170,0,ok
train/6-30/81.jpg,6,30,112,112,2,112,6,84,90,ok
train/6-30/82.jpg,6,30,112,112,2,112,6,84,90,ok
train/6-30/84.jpg,6,30,112,112,222,112,170,128,270,ok
train/6-30/85.jpg,6,30,112,112,222,112,218,140,270,ok
train/6-30/86.jpg,6,30,112,112,14,112,53,96,90,ok
train/6-30/9.jpg,6,30,112,112,112,2,128,53,180,ok
train/6-30/90.jpg,6,30,112,112,112,222,84,218,0,ok
train/6-30/91.jpg,6,30,112,112,2,112,6,84,90,ok
train/6-30/92.jpg,6,30,112,112,112,222,84,218,0,ok
train/6-30/93.jpg,6,30,112,112,112,222,84,218,0,ok
train/6-30/95.jpg,6,30,112,112,112,212,96,170,0,ok
train/6-30/96.jpg,6,30,112,112,112,2,128,53,180,ok
train/6-30/97.jpg,6,30,112,112,112,222,96,170,0,ok
train/6-30/98.jpg,6,30,112,112,112,18,128,53,180,ok
train/6-30/99.jpg,6,30,112,112,112,204,96,170,0,ok
train/6-35/0.jpg,6,35,112,112,60,201,94,169,0,ok
train/6-35/1.jpg,6,35,112,112,17,57,7,79,90,ok
train/6-35/10.jpg,6,35,112,112,192,158,169,130,270,ok
train/6-35/11.jpg,6,35,112,112,57,207,79,217,0,ok
train/6-35/12.jpg,6,35,112,112,158,31,130,54,180,ok
train/6-35/13.jpg,6,35,112,112,66,192,94,169,0,ok
train/6-35/14.jpg,6,35,112,112,57,207,79,217,0,ok
train/6-35/15.jpg,6,35,112,112,158,31,130,54,180,ok
train/6-35/16.jpg,6,35,112,112,57,207,79,217,0,ok
train/6-35/17.jpg,6,35,112,112,59,204,94,169,0,ok
train/6-35/18.jpg,6,35,112,112,57,207,93,173,0,ok
train/6-35/20.jpg,6,35,112,112,163,24,130,54,180,ok
train/6-35/21.jpg,6,35,112,112,192,158,169,130,270,ok
train/6-35/22.jpg,6,35,112,112,61,200,79,217,0,ok
train/6-35/23.jpg,6,35,112,112,57,207,79,217,0,ok
train/6-35/24.jpg,6,35,112,112,57,207,94,169,0,ok
train/6-35/25.jpg,6,35,112,112,167,17,145,7,180,ok
train/6-35/26.jpg,6,35,112,112,58,205,80,214,0,ok
train/6-35/27.jpg,6,35,112,112,57,207,79,217,0,ok
train/6-35/28.jpg,6,35,112,112,192,158,169,130,270,ok
train/6-35/29.jpg,6,35,112,112,57,207,94,170,0,ok
train/6-35/3.jpg,6,35,112,112,17,57,7,79,90,ok
train/6-35/30.jpg,6,35,112,112,66,192,94,169,0,ok
train/6-35/31.jpg,6,35,112,112,57,207,94,169,0,ok
train/6-35/33.jpg,6,35,112,112,66,192,94,169,0,ok
train/6-35/34.jpg,6,35,112,112,66,192,94,169,0,ok
train/6-35/35.jpg,6,35,112,112,206,166,217,145,270,ok
train/6-35/36.jpg,6,35,112,112,17,57,7,79,90,ok
train/6-35/38.jpg,6,35,112,112,66,192,94,169,0,ok
train/6-35/39.jpg,6,35,112,112,207,167,174,132,270,ok
train/6-35/4.jpg,6,35,112,112,57,207,79,217,0,ok
train/6-35/40.jpg,6,35,112,112,207,167,169,130,270,ok
train/6-35/41.jpg,6,35,112,112,207,167,217,145,270,ok
train/6-35/43.jpg,6,35,112,112,207,167,217,145,270,ok
train/6-35/44.jpg,6,35,112,112,57,207,94,169,0,ok
train/6-35/46.jpg,6,35,112,112,158,31,130,54,180,ok
train/6-35/47.jpg,6,35,112,112,57,207,94,169,0,ok
train/6-35/48.jpg,6,35,112,112,57,207,79,217,0,ok
train/6-35/49.jpg,6,35,112,112,66,192,92,176,0,ok
train/6-35/50.jpg,6,35,112,112,167,17,145,7,180,ok
train/6-35/51.jpg,6,35,112,112,17,57,54,94,90,ok
train/6-35/52.jpg,6,35,112,112,17,57,7,79,90,ok
train/6-35/53.jpg,6,35,112,112,17,57,7,79,90,ok
train/6-35/54.jpg,6,35,112,112,57,207,79,217,0,ok
train/6-35/56.jpg,6,35,112,112,196,160,169,130,270,ok
train/6-35/57.jpg,6,35,112,112,57,207,79,217,0,ok
train/6-35/59.jpg,6,35,112,112,57,207,92,177,0,ok
train/6-35/6.jpg,6,35,112,112,57,207,79,217,0,ok
train/6-35/60.jpg,6,35,112,112,61,199,94,169,0,ok
train/6-35/61.jpg,6,35,112,112,66,193,94,169,0,ok
train/6-35/64.jpg,6,35,112,112,57,207,94,169,0,ok
train/6-35/66.jpg,6,35,112,112,28,64,54,94,90,ok
train/6-35/67.jpg,6,35,112,112,57,207,94,169,0,ok
train/6-35/68.jpg,6,35,112,112,192,158,169,130,270,ok
train/6-35/7.jpg,6,35,112,112,57,207,94,169,0,ok
train/6-35/70.jpg,6,35,112,112,206,166,216,145,270,ok
train/6-35/71.jpg,6,35,112,112,17,57,7,79,90,ok
train/6-35/72.jpg,6,35,112,112,58,205,94,169,0,ok
train/6-35/73.jpg,6,35,112,112,57,207,79,217,0,ok
train/6-35/74.jpg,6,35,112,112,57,207,79,217,0,ok
train/6-35/75.jpg,6,35,112,112,192,158,169,130,270,ok
train/6-35/76.jpg,6,35,112,112,35,68,8,79,90,ok
train/6-35/78.jpg,6,35,112,112,158,31,130,54,180,ok
train/6-35/79.jpg,6,35,112,112,17,57,7,79,90,ok
train/6-35/8.jpg,6,35,112,112,158,31,130,54,180,ok
train/6-35/80.jpg,6,35,112,112,167,17,130,54,180,ok
train/6-35/82.jpg,6,35,112,112,57,207,79,217,0,ok
train/6-35/83.jpg,6,35,112,112,17,57,7,79,90,ok
train/6-35/85.jpg,6,35,112,112,17,57,7,79,90,ok
train/6-35/86.jpg,6,35,112,112,193,158,169,130,270,ok
train/6-35/88.jpg,6,35,112,112,66,193,94,169,0,ok
train/6-35/9.jpg,6,35,112,112,31,65,54,94,90,ok
train/6-35/90.jpg,6,35,112,112,57,207,79,217,0,ok
train/6-35/91.jpg,6,35,112,112,57,207,79,217,0,ok
train/6-35/93.jpg,6,35,112,112,57,207,79,217,0,ok
train/6-35/94.jpg,6,35,112,112,21,60,7,79,90,ok
train/6-35/96.jpg,6,35,112,112,17,57,54,94,90,ok
train/6-35/97.jpg,6,35,112,112,207,167,169,130,270,ok
train/6-35/98.jpg,6,35,112,112,196,160,169,130,270,ok
train/6-35/99.jpg,6,35,112,112,66,192,94,169,0,ok
train/6-40/0.jpg,6,40,112,112,201,60,133,55,180,ok
train/6-40/1.jpg,6,40,112,112,167,207,215,150,270,ok
train/6-40/10.jpg,6,40,112,112,167,207,168,133,270,ok
train/6-40/11.jpg,6,40,112,112,17,167,74,215,0,ok
train/6-40/12.jpg,6,40,112,112,23,164,91,168,0,ok
train/6-40/13.jpg,6,40,112,112,32,158,91,168,0,ok
train/6-40/15.jpg,6,40,112,112,65,31,55,91,90,ok
train/6-40/16.jpg,6,40,112,112,17,167,74,215,0,ok
train/6-40/17.jpg,6,40,112,112,21,165,91,168,0,ok
train/6-40/18.jpg,6,40,112,112,167,207,171,134,270,ok
train/6-40/19.jpg,6,40,112,112,17,167,91,168,0,ok
train/6-40/2.jpg,6,40,112,112,17,167,91,168,0,ok
train/6-40/20.jpg,6,40,112,112,160,196,168,133,270,ok
train/6-40/21.jpg,6,40,112,112,32,158,91,168,0,ok
train/6-40/22.jpg,6,40,112,112,17,167,75,214,0,ok
train/6-40/25.jpg,6,40,112,112,57,17,9,74,90,ok
train/6-40/26.jpg,6,40,112,112,165,204,212,148,270,ok
train/6-40/27.jpg,6,40,112,112,17,167,74,215,0,ok
train/6-40/3.jpg,6,40,112,112,207,57,144,24,180,ok
train/6-40/31.jpg,6,40,112,112,17,167,91,168,0,ok
train/6-40/32.jpg,6,40,112,112,57,17,9,74,90,ok
train/6-40/34.jpg,6,40,112,112,17,167,91,168,0,ok
train/6-40/35.jpg,6,40,112,112,206,57,150,9,180,ok
train/6-40/36.jpg,6,40,112,112,17,167,74,215,0,ok
train/6-40/37.jpg,6,40,112,112,63,27,16,77,90,ok
train/6-40/38.jpg,6,40,112,112,158,192,168,133,270,ok
train/6-40/39.jpg,6,40,112,112,17,167,89,176,0,ok
train/6-40/4.jpg,6,40,112,112,17,167,74,215,0,ok
train/6-40/40.jpg,6,40,112,112,17,167,91,168,0,ok
train/6-40/43.jpg,6,40,112,112,207,57,150,9,180,ok
train/6-40/44.jpg,6,40,112,112,17,167,91,168,0,ok
train/6-40/45.jpg,6,40,112,112,196,63,133,55,180,ok
train/6-40/46.jpg,6,40,112,112,158,192,168,133,270,ok
train/6-40/47.jpg,6,40,112,112,17,167,91,168,0,ok
train/6-40/48.jpg,6,40,112,112,17,167,74,215,0,ok
train/6-40/5.jpg,6,40,112,112,18,167,91,168,0,ok
train/6-40/50.jpg,6,40,112,112,57,17,9,74,90,ok
train/6-40/51.jpg,6,40,112,112,17,167,91,168,0,ok
train/6-40/52.jpg,6,40,112,112,17,167,74,215,0,ok
train/6-40/54.jpg,6,40,112,112,17,167,74,215,0,ok
train/6-40/56.jpg,6,40,112,112,24,163,91,168,0,ok
train/6-40/57.jpg,6,40,112,112,17,167,74,215,0,ok
train/6-40/58.jpg,6,40,112,112,196,63,135,49,180,ok
train/6-40/59.jpg,6,40,112,112,158,192,170,133,270,ok
train/6-40/60.jpg,6,40,112,112,192,66,133,55,180,ok
train/6-40/62.jpg,6,40,112,112,207,57,133,55,180,ok
train/6-40/63.jpg,6,40,112,112,28,161,91,168,0,ok
train/6-40/64.jpg,6,40,112,112,17,167,91,168,0,ok
train/6-40/65.jpg,6,40,112,112,17,167,74,215,0,ok
train/6-40/66.jpg,6,40,112,112,162,198,168,133,270,ok
train/6-40/68.jpg,6,40,112,112,195,64,133,55,180,ok
train/6-40/69.jpg,6,40,112,112,57,17,9,74,90,ok
train/6-40/7.jpg,6,40,112,112,17,167,91,168,0,ok
train/6-40/70.jpg,6,40,112,112,166,206,215,150,270,ok
train/6-40/71.jpg,6,40,112,112,207,57,150,9,180,ok
train/6-40/72.jpg,6,40,112,112,59,20,55,91,90,ok
train/6-40/73.jpg,6,40,112,112,17,167,74,215,0,ok
train/6-40/75.jpg,6,40,112,112,32,158,91,168,0,ok
train/6-40/76.jpg,6,40,112,112,35,157,75,214,0,ok
train/6-40/77.jpg,6,40,112,112,17,167,74,215,0,ok
train/6-40/78.jpg,6,40,112,112,18,167,91,168,0,ok
train/6-40/79.jpg,6,40,112,112,17,167,74,215,0,ok
train/6-40/8.jpg,6,40,112,112,30,160,91,168,0,ok
train/6-40/80.jpg,6,40,112,112,31,159,91,168,0,ok
train/6-40/82.jpg,6,40,112,112,17,167,74,215,0,ok
train/6-40/83.jpg,6,40,112,112,57,17,9,74,90,ok
train/6-40/84.jpg,6,40,112,112,25,162,91,168,0,ok
train/6-40/85.jpg,6,40,112,112,57,17,9,74,90,ok
train/6-40/86.jpg,6,40,112,112,64,30,55,91,90,ok
train/6-40/88.jpg,6,40,112,112,160,196,168,133,270,ok
train/6-40/89.jpg,6,40,112,112,57,17,55,91,90,ok
train/6-40/9.jpg,6,40,112,112,17,167,91,168,0,ok
train/6-40/90.jpg,6,40,112,112,17,167,74,215,0,ok
train/6-40/91.jpg,6,40,112,112,17,167,74,215,0,ok
train/6-40/93.jpg,6,40,112,112,17,167,74,215,0,ok
train/6-40/94.jpg,6,40,112,112,17,167,74,215,0,ok
train/6-40/96.jpg,6,40,112,112,32,158,91,168,0,ok
train/6-40/97.jpg,6,40,112,112,17,167,91,168,0,ok
train/6-40/98.jpg,6,40,112,112,162,198,168,133,270,ok
train/6-40/99.jpg,6,40,112,112,167,207,168,133,270,ok
train/6-45/0.jpg,6,45,112,112,215,112,135,56,180,ok
train/6-45/1.jpg,6,45,112,112,2,112,70,214,0,ok
train/6-45/10.jpg,6,45,112,112,2,112,89,167,0,ok
train/6-45/11.jpg,6,45,112,112,2,112,70,214,0,ok
train/6-45/12.jpg,6,45,112,112,2,112,89,167,0,ok
train/6-45/13.jpg,6,45,112,112,19,112,89,167,0,ok
train/6-45/15.jpg,6,45,112,112,205,112,135,56,180,ok
train/6-45/17.jpg,6,45,112,112,112,214,167,135,270,ok
train/6-45/18.jpg,6,45,112,112,222,112,136,53,180,ok
train/6-45/19.jpg,6,45,112,112,112,204,167,135,270,ok
train/6-45/2.jpg,6,45,112,112,2,112,89,167,0,ok
train/6-45/21.jpg,6,45,112,112,15,112,89,167,0,ok
train/6-45/23.jpg,6,45,112,112,112,2,10,70,90,ok
train/6-45/24.jpg,6,45,112,112,2,112,89,167,0,ok
train/6-45/26.jpg,6,45,112,112,112,5,12,71,90,ok
train/6-45/27.jpg,6,45,112,112,2,112,70,214,0,ok
train/6-45/28.jpg,6,45,112,112,222,112,135,56,180,ok
train/6-45/29.jpg,6,45,112,112,112,2,56,89,90,ok
train/6-45/3.jpg,6,45,112,112,18,112,70,214,0,ok
train/6-45/31.jpg,6,45,112,112,15,112,89,167,0,ok
train/6-45/32.jpg,6,45,112,112,2,112,70,214,0,ok
train/6-45/33.jpg,6,45,112,112,205,112,135,56,180,ok
train/6-45/35.jpg,6,45,112,112,112,2,10,70,90,ok
train/6-45/36.jpg,6,45,112,112,2,112,70,214,0,ok
train/6-45/37.jpg,6,45,112,112,112,2,46,85,90,ok
train/6-45/39.jpg,6,45,112,112,2,112,87,172,0,ok
train/6-45/4.jpg,6,45,112,112,2,112,70,214,0,ok
train/6-45/40.jpg,6,45,112,112,2,112,89,167,0,ok
train/6-45/42.jpg,6,45,112,112,222,112,135,56,180,ok
train/6-45/43.jpg,6,45,112,112,2,112,70,213,0,ok
train/6-45/45.jpg,6,45,112,112,15,112,89,167,0,ok
train/6-45/46.jpg,6,45,112,112,9,112,89,167,0,ok
train/6-45/47.jpg,6,45,112,112,18,112,89,167,0,ok
train/6-45/49.jpg,6,45,112,112,205,112,138,50,180,ok
train/6-45/50.jpg,6,45,112,112,222,112,154,10,180,ok
train/6-45/51.jpg,6,45,112,112,2,112,89,167,0,ok
train/6-45/52.jpg,6,45,112,112,222,112,154,10,180,ok
train/6-45/54.jpg,6,45,112,112,2,112,70,214,0,ok
train/6-45/55.jpg,6,45,112,112,2,112,70,214,0,ok
train/6-45/57.jpg,6,45,112,112,2,112,70,214,0,ok
train/6-45/58.jpg,6,45,112,112,112,222,168,135,270,ok
train/6-45/59.jpg,6,45,112,112,2,112,89,167,0,ok
train/6-45/60.jpg,6,45,112,112,11,112,89,167,0,ok
train/6-45/61.jpg,6,45,112,112,112,211,167,135,270,ok
train/6-45/62.jpg,6,45,112,112,16,112,89,167,0,ok
train/6-45/63.jpg,6,45,112,112,19,112,89,167,0,ok
train/6-45/64.jpg,6,45,112,112,6,112,89,167,0,ok
train/6-45/65.jpg,6,45,112,112,2,112,70,214,0,ok
train/6-45/66.jpg,6,45,112,112,112,11,56,89,90,ok
train/6-45/67.jpg,6,45,112,112,4,112,89,167,0,ok
train/6-45/68.jpg,6,45,112,112,19,112,89,167,0,ok
train/6-45/69.jpg,6,45,112,112,112,2,10,70,90,ok
train/6-45/7.jpg,6,45,112,112,112,2,56,89,90,ok
train/6-45/70.jpg,6,45,112,112,112,221,213,154,270,ok
train/6-45/71.jpg,6,45,112,112,222,112,154,10,180,ok
train/6-45/72.jpg,6,45,112,112,5,112,89,167,0,ok
train/6-45/73.jpg,6,45,112,112,2,112,70,214,0,ok
train/6-45/74.jpg,6,45,112,112,2,112,70,214,0,ok
train/6-45/77.jpg,6,45,112,112,222,112,154,10,180,ok
train/6-45/78.jpg,6,45,112,112,5,112,89,167,0,ok
train/6-45/79.jpg,6,45,112,112,112,222,214,154,270,ok
train/6-45/8.jpg,6,45,112,112,112,17,56,89,90,ok
train/6-45/80.jpg,6,45,112,112,2,112,89,167,0,ok
train/6-45/82.jpg,6,45,112,112,2,112,70,214,0,ok
train/6-45/83.jpg,6,45,112,112,2,112,70,214,0,ok
train/6-45/85.jpg,6,45,112,112,19,112,70,214,0,ok
train/6-45/86.jpg,6,45,112,112,18,112,89,167,0,ok
train/6-45/88.jpg,6,45,112,112,112,12,56,89,90,ok
train/6-45/89.jpg,6,45,112,112,112,222,167,135,270,ok
train/6-45/9.jpg,6,45,112,112,2,112,89,167,0,ok
train/6-45/90.jpg,6,45,112,112,2,112,70,214,0,ok
train/6-45/91.jpg,6,45,112,112,112,2,10,70,90,ok
train/6-45/92.jpg,6,45,112,112,2,112,70,214,0,ok
train/6-45/93.jpg,6,45,112,112,2,112,70,214,0,ok
train/6-45/94.jpg,6,45,112,112,112,204,214,154,270,ok
train/6-45/95.jpg,6,45,112,112,4,112,89,167,0,ok
train/6-45/96.jpg,6,45,112,112,112,222,167,135,270,ok
train/6-45/97.jpg,6,45,112,112,222,112,135,56,180,ok
train/6-45/98.jpg,6,45,112,112,10,112,89,167,0,ok
train/6-45/99.jpg,6,45,112,112,2,112,89,167,0,ok
train/6-50/0.jpg,6,50,112,112,21,60,87,166,0,ok
train/6-50/1.jpg,6,50,112,112,17,57,66,212,0,ok
train/6-50/10.jpg,6,50,112,112,28,64,87,166,0,ok
train/6-50/11.jpg,6,50,112,112,57,207,212,158,270,ok
train/6-50/13.jpg,6,50,112,112,17,57,86,167,0,ok
train/6-50/16.jpg,6,50,112,112,17,57,66,212,0,ok
train/6-50/18.jpg,6,50,112,112,57,207,169,139,270,ok
train/6-50/19.jpg,6,50,112,112,17,57,87,166,0,ok
train/6-50/2.jpg,6,50,112,112,57,207,166,137,270,ok
train/6-50/20.jpg,6,50,112,112,27,63,87,166,0,ok
train/6-50/21.jpg,6,50,112,112,31,65,87,166,0,ok
train/6-50/22.jpg,6,50,112,112,21,60,66,210,0,ok
train/6-50/23.jpg,6,50,112,112,207,167,158,12,180,ok
train/6-50/24.jpg,6,50,112,112,57,207,166,137,270,ok
train/6-50/25.jpg,6,50,112,112,57,207,212,158,270,ok
train/6-50/27.jpg,6,50,112,112,17,57,66,212,0,ok
train/6-50/28.jpg,6,50,112,112,207,167,138,57,180,ok
train/6-50/30.jpg,6,50,112,112,158,31,57,86,90,ok
train/6-50/32.jpg,6,50,112,112,164,21,12,66,90,ok
train/6-50/34.jpg,6,50,112,112,160,28,57,86,90,ok
train/6-50/35.jpg,6,50,112,112,58,206,212,158,270,ok
train/6-50/36.jpg,6,50,112,112,167,17,12,66,90,ok
train/6-50/37.jpg,6,50,112,112,64,195,168,138,270,ok
train/6-50/38.jpg,6,50,112,112,31,65,87,166,0,ok
train/6-50/39.jpg,6,50,112,112,57,207,171,139,270,ok
train/6-50/40.jpg,6,50,112,112,28,64,87,166,0,ok
train/6-50/41.jpg,6,50,112,112,57,207,212,158,270,ok
train/6-50/42.jpg,6,50,112,112,17,57,84,172,0,ok
train/6-50/43.jpg,6,50,112,112,17,57,66,211,0,ok
train/6-50/45.jpg,6,50,112,112,160,28,57,86,90,ok
train/6-50/46.jpg,6,50,112,112,66,192,166,137,270,ok
train/6-50/49.jpg,6,50,112,112,30,64,84,172,0,ok
train/6-50/5.jpg,6,50,112,112,207,167,138,57,180,ok
train/6-50/50.jpg,6,50,112,112,167,17,12,66,90,ok
train/6-50/51.jpg,6,50,112,112,17,57,87,166,0,ok
train/6-50/54.jpg,6,50,112,112,17,57,66,212,0,ok
train/6-50/56.jpg,6,50,112,112,23,60,87,166,0,ok
train/6-50/57.jpg,6,50,112,112,17,57,66,212,0,ok
train/6-50/58.jpg,6,50,112,112,167,17,56,86,90,ok
train/6-50/59.jpg,6,50,112,112,167,17,57,86,90,ok
train/6-50/6.jpg,6,50,112,112,17,57,66,212,0,ok
train/6-50/60.jpg,6,50,112,112,28,64,87,166,0,ok
train/6-50/61.jpg,6,50,112,112,158,31,57,86,90,ok
train/6-50/62.jpg,6,50,112,112,195,160,138,57,180,ok
train/6-50/63.jpg,6,50,112,112,57,206,166,137,270,ok
train/6-50/64.jpg,6,50,112,112,17,57,87,166,0,ok
train/6-50/65.jpg,6,50,112,112,17,57,66,212,0,ok
train/6-50/66.jpg,6,50,112,112,197,161,138,57,180,ok
train/6-50/68.jpg,6,50,112,112,28,64,74,194,0,ok
train/6-50/7.jpg,6,50,112,112,17,57,87,166,0,ok
train/6-50/70.jpg,6,50,112,112,17,57,66,212,0,ok
train/6-50/71.jpg,6,50,112,112,207,167,158,12,180,ok
train/6-50/72.jpg,6,50,112,112,19,58,87,166,0,ok
train/6-50/73.jpg,6,50,112,112,57,207,212,158,270,ok
train/6-50/74.jpg,6,50,112,112,17,57,66,212,0,ok
train/6-50/75.jpg,6,50,112,112,66,192,166,137,270,ok
train/6-50/76.jpg,6,50,112,112,187,155,158,13,180,ok
train/6-50/77.jpg,6,50,112,112,17,57,66,212,0,ok
train/6-50/78.jpg,6,50,112,112,62,199,166,137,270,ok
train/6-50/79.jpg,6,50,112,112,17,57,82,176,0,ok
train/6-50/8.jpg,6,50,112,112,64,194,166,137,270,ok
train/6-50/80.jpg,6,50,112,112,17,57,87,166,0,ok
train/6-50/81.jpg,6,50,112,112,167,17,12,66,90,ok
train/6-50/83.jpg,6,50,112,112,167,17,12,66,90,ok
train/6-50/84.jpg,6,50,112,112,17,57,87,166,0,ok
train/6-50/85.jpg,6,50,112,112,17,57,66,212,0,ok
train/6-50/86.jpg,6,50,112,112,196,160,138,57,180,ok
train/6-50/87.jpg,6,50,112,112,167,17,57,86,90,ok
train/6-50/88.jpg,6,50,112,112,27,63,87,166,0,ok
train/6-50/89.jpg,6,50,112,112,57,207,166,137,270,ok
train/6-50/9.jpg,6,50,112,112,167,17,57,86,90,ok
train/6-50/91.jpg,6,50,112,112,17,57,66,212,0,ok
train/6-50/92.jpg,6,50,112,112,207,167,145,42,180,ok
train/6-50/93.jpg,6,50,112,112,17,57,66,212,0,ok
train/6-50/94.jpg,6,50,112,112,167,17,12,66,90,ok
train/6-50/95.jpg,6,50,112,112,57,207,166,137,270,ok
train/6-50/96.jpg,6,50,112,112,57,207,166,137,270,ok
train/6-50/97.jpg,6,50,112,112,25,62,87,166,0,ok
train/6-50/98.jpg,6,50,112,112,162,26,57,86,90,ok
train/6-50/99.jpg,6,50,112,112,17,57,87,166,0,ok
train/6-55/0.jpg,6,55,112,112,61,25,84,165,0,ok
train/6-55/1.jpg,6,55,112,112,57,17,61,210,0,ok
train/6-55/11.jpg,6,55,112,112,57,17,61,210,0,ok
train/6-55/13.jpg,6,55,112,112,57,17,84,165,0,ok
train/6-55/14.jpg,6,55,112,112,57,17,61,210,0,ok
train/6-55/15.jpg,6,55,112,112,196,63,58,84,90,ok
train/6-55/16.jpg,6,55,112,112,57,17,61,210,0,ok
train/6-55/18.jpg,6,55,112,112,57,17,61,210,0,ok
train/6-55/19.jpg,6,55,112,112,17,167,165,140,270,ok
train/6-55/2.jpg,6,55,112,112,167,207,140,58,180,ok
train/6-55/20.jpg,6,55,112,112,63,27,84,165,0,ok
train/6-55/21.jpg,6,55,112,112,57,17,84,165,0,ok
train/6-55/22.jpg,6,55,112,112,166,206,163,14,180,ok
train/6-55/23.jpg,6,55,112,112,17,167,210,163,270,ok
train/6-55/24.jpg,6,55,112,112,167,207,140,58,180,ok
train/6-55/25.jpg,6,55,112,112,57,17,72,189,0,ok
train/6-55/26.jpg,6,55,112,112,165,204,161,17,180,ok
train/6-55/28.jpg,6,55,112,112,17,167,165,140,270,ok
train/6-55/29.jpg,6,55,112,112,167,207,148,44,180,ok
train/6-55/3.jpg,6,55,112,112,207,57,14,61,90,ok
train/6-55/30.jpg,6,55,112,112,65,31,84,165,0,ok
train/6-55/31.jpg,6,55,112,112,17,167,210,163,270,ok
train/6-55/32.jpg,6,55,112,112,57,17,61,210,0,ok
train/6-55/34.jpg,6,55,112,112,167,207,140,58,180,ok
train/6-55/36.jpg,6,55,112,112,57,17,61,210,0,ok
train/6-55/37.jpg,6,55,112,112,63,27,78,177,0,ok
train/6-55/38.jpg,6,55,112,112,32,158,165,140,270,ok
train/6-55/39.jpg,6,55,112,112,207,57,51,80,90,ok
train/6-55/4.jpg,6,55,112,112,207,57,14,61,90,ok
train/6-55/40.jpg,6,55,112,112,17,167,165,140,270,ok
train/6-55/41.jpg,6,55,112,112,57,17,61,210,0,ok
train/6-55/42.jpg,6,55,112,112,57,17,69,194,0,ok
train/6-55/45.jpg,6,55,112,112,197,63,58,84,90,ok
train/6-55/46.jpg,6,55,112,112,65,31,84,165,0,ok
train/6-55/48.jpg,6,55,112,112,57,17,61,210,0,ok
train/6-55/5.jpg,6,55,112,112,65,31,84,165,0,ok
train/6-55/50.jpg,6,55,112,112,207,57,14,61,90,ok
train/6-55/51.jpg,6,55,112,112,207,57,58,84,90,ok
train/6-55/52.jpg,6,55,112,112,17,167,210,163,270,ok
train/6-55/53.jpg,6,55,112,112,57,17,61,210,0,ok
train/6-55/54.jpg,6,55,112,112,57,17,61,210,0,ok
train/6-55/55.jpg,6,55,112,112,57,17,61,210,0,ok
train/6-55/56.jpg,6,55,112,112,158,192,140,58,180,ok
train/6-55/58.jpg,6,55,112,112,17,167,166,140,270,ok
train/6-55/59.jpg,6,55,112,112,62,25,84,165,0,ok
train/6-55/6.jpg,6,55,112,112,57,17,61,210,0,ok
train/6-55/61.jpg,6,55,112,112,57,17,84,165,0,ok
train/6-55/62.jpg,6,55,112,112,27,161,165,140,270,ok
train/6-55/63.jpg,6,55,112,112,57,17,84,165,0,ok
train/6-55/66.jpg,6,55,112,112,207,57,58,84,90,ok
train/6-55/67.jpg,6,55,112,112,58,18,84,165,0,ok
train/6-55/68.jpg,6,55,112,112,65,31,81,171,0,ok
train/6-55/7.jpg,6,55,112,112,57,17,84,165,0,ok
train/6-55/70.jpg,6,55,112,112,57,17,62,209,0,ok
train/6-55/71.jpg,6,55,112,112,207,57,15,62,90,ok
train/6-55/73.jpg,6,55,112,112,65,31,70,193,0,ok
train/6-55/74.jpg,6,55,112,112,57,17,61,210,0,ok
train/6-55/75.jpg,6,55,112,112,65,31,84,165,0,ok
train/6-55/76.jpg,6,55,112,112,156,187,162,15,180,ok
train/6-55/77.jpg,6,55,112,112,167,207,163,14,180,ok
train/6-55/78.jpg,6,55,112,112,64,30,84,165,0,ok
train/6-55/79.jpg,6,55,112,112,167,207,163,14,180,ok
train/6-55/8.jpg,6,55,112,112,27,161,165,140,270,ok
train/6-55/80.jpg,6,55,112,112,17,167,165,140,270,ok
train/6-55/81.jpg,6,55,112,112,57,17,61,210,0,ok
train/6-55/85.jpg,6,55,112,112,194,64,14,61,90,ok
train/6-55/86.jpg,6,55,112,112,63,27,84,165,0,ok
train/6-55/87.jpg,6,55,112,112,57,17,84,165,0,ok
train/6-55/88.jpg,6,55,112,112,198,62,58,84,90,ok
train/6-55/89.jpg,6,55,112,112,167,207,151,37,180,ok
train/6-55/9.jpg,6,55,112,112,167,207,140,58,180,ok
train/6-55/90.jpg,6,55,112,112,207,57,14,61,90,ok
train/6-55/91.jpg,6,55,112,112,57,17,61,210,0,ok
train/6-55/92.jpg,6,55,112,112,57,17,61,210,0,ok
train/6-55/93.jpg,6,55,112,112,57,17,61,210,0,ok
train/6-55/95.jpg,6,55,112,112,201,60,58,84,90,ok
train/6-55/96.jpg,6,55,112,112,32,158,165,140,270,ok
train/6-55/97.jpg,6,55,112,112,158,192,140,58,180,ok
train/6-55/98.jpg,6,55,112,112,207,57,58,84,90,ok
train/6-55/99.jpg,6,55,112,112,57,17,84,165,0,ok
train/7-00/10.jpg,7,0,112,112,112,2,82,164,0,ok
train/7-00/11.jpg,7,0,112,112,112,2,57,207,0,ok
train/7-00/12.jpg,7,0,112,112,112,222,146,54,180,ok
train/7-00/13.jpg,7,0,112,112,112,222,151,44,180,ok
train/7-00/14.jpg,7,0,112,112,112,2,57,207,0,ok
train/7-00/15.jpg,7,0,112,112,18,112,164,142,270,ok
train/7-00/16.jpg,7,0,112,112,112,2,57,207,0,ok
train/7-00/17.jpg,7,0,112,112,112,14,82,164,0,ok
train/7-00/18.jpg,7,0,112,112,112,2,57,207,0,ok
train/7-00/19.jpg,7,0,112,112,222,112,59,82,90,ok
train/7-00/2.jpg,7,0,112,112,112,204,142,59,180,ok
train/7-00/20.jpg,7,0,112,112,112,18,82,164,0,ok
train/7-00/23.jpg,7,0,112,112,112,2,57,207,0,ok
train/7-00/25.jpg,7,0,112,112,112,222,153,41,180,ok
train/7-00/27.jpg,7,0,112,112,112,2,57,207,0,ok
train/7-00/28.jpg,7,0,112,112,112,204,142,59,180,ok
train/7-00/29.jpg,7,0,112,112,112,2,57,207,0,ok
train/7-00/3.jpg,7,0,112,112,222,112,17,57,90,ok
train/7-00/30.jpg,7,0,112,112,112,2,82,164,0,ok
train/7-00/31.jpg,7,0,112,112,222,112,17,57,90,ok
train/7-00/32.jpg,7,0,112,112,222,112,17,57,90,ok
train/7-00/33.jpg,7,0,112,112,112,205,142,59,180,ok
train/7-00/34.jpg,7,0,112,112,112,18,82,164,0,ok
train/7-00/35.jpg,7,0,112,112,222,112,17,57,90,ok
train/7-00/36.jpg,7,0,112,112,222,112,17,57,90,ok
train/7-00/38.jpg,7,0,112,112,112,204,142,59,180,ok
train/7-00/4.jpg,7,0,112,112,112,2,57,207,0,ok
train/7-00/40.jpg,7,0,112,112,112,2,82,165,0,ok
train/7-00/41.jpg,7,0,112,112,222,112,17,57,90,ok
train/7-00/42.jpg,7,0,112,112,112,222,148,49,180,ok
train/7-00/43.jpg,7,0,112,112,112,2,57,207,0,ok
train/7-00/44.jpg,7,0,112,112,112,18,82,164,0,ok
train/7-00/45.jpg,7,0,112,112,112,18,82,164,0,ok
train/7-00/46.jpg,7,0,112,112,222,112,59,82,90,ok
train/7-00/48.jpg,7,0,112,112,112,2,57,207,0,ok
train/7-00/49.jpg,7,0,112,112,221,112,54,78,90,ok
train/7-00/5.jpg,7,0,112,112,112,18,82,164,0,ok
train/7-00/50.jpg,7,0,112,112,112,2,57,207,0,ok
train/7-00/51.jpg,7,0,112,112,2,112,164,142,270,ok
train/7-00/52.jpg,7,0,112,112,2,112,207,167,270,ok
train/7-00/54.jpg,7,0,112,112,112,2,57,207,0,ok
train/7-00/55.jpg,7,0,112,112,222,112,17,57,90,ok
train/7-00/56.jpg,7,0,112,112,112,14,82,164,0,ok
train/7-00/57.jpg,7,0,112,112,2,112,207,167,270,ok
train/7-00/58.jpg,7,0,112,112,112,2,81,166,0,ok
train/7-00/59.jpg,7,0,112,112,12,112,169,145,270,ok
train/7-00/6.jpg,7,0,112,112,112,2,57,207,0,ok
train/7-00/60.jpg,7,0,112,112,211,112,59,82,90,ok
train/7-00/62.jpg,7,0,112,112,112,15,82,164,0,ok
train/7-00/63.jpg,7,0,112,112,112,18,82,164,0,ok
train/7-00/65.jpg,7,0,112,112,222,112,17,57,90,ok
train/7-00/66.jpg,7,0,112,112,112,211,142,59,180,ok
train/7-00/68.jpg,7,0,112,112,15,112,189,156,270,ok
train/7-00/69.jpg,7,0,112,112,2,112,207,167,270,ok
train/7-00/7.jpg,7,0,112,112,112,222,167,17,180,ok
train/7-00/70.jpg,7,0,112,112,112,2,58,206,0,ok
train/7-00/71.jpg,7,0,112,112,112,222,167,17,180,ok
train/7-00/72.jpg,7,0,112,112,3,112,164,142,270,ok
train/7-00/73.jpg,7,0,112,112,112,18,57,207,0,ok
train/7-00/74.jpg,7,0,112,112,112,2,57,207,0,ok
train/7-00/75.jpg,7,0,112,112,112,15,82,164,0,ok
train/7-00/77.jpg,7,0,112,112,222,112,17,57,90,ok
train/7-00/78.jpg,7,0,112,112,112,222,142,59,180,ok
train/7-00/79.jpg,7,0,112,112,222,112,17,57,90,ok
train/7-00/81.jpg,7,0,112,112,112,222,167,17,180,ok
train/7-00/82.jpg,7,0,112,112,112,222,167,17,180,ok
train/7-00/84.jpg,7,0,112,112,112,204,142,59,180,ok
train/7-00/85.jpg,7,0,112,112,112,14,57,207,0,ok
train/7-00/87.jpg,7,0,112,112,222,112,59,82,90,ok
train/7-00/88.jpg,7,0,112,112,206,112,59,82,90,ok
train/7-00/89.jpg,7,0,112,112,112,2,78,172,0,ok
train/7-00/9.jpg,7,0,112,112,112,2,82,164,0,ok
train/7-00/91.jpg,7,0,112,112,222,112,17,57,90,ok
train/7-00/92.jpg,7,0,112,112,2,112,165,142,270,ok
train/7-00/93.jpg,7,0,112,112,112,2,57,207,0,ok
train/7-00/94.jpg,7,0,112,112,18,112,205,165,270,ok
train/7-00/95.jpg,7,0,112,112,112,204,142,59,180,ok
train/7-00/96.jpg,7,0,112,112,19,112,164,142,270,ok
train/7-00/97.jpg,7,0,112,112,112,204,142,59,180,ok
train/7-00/99.jpg,7,0,112,112,112,2,82,164,0,ok
train/7-05/0.jpg,7,5,112,112,31,65,163,145,270,ok
train/7-05/1.jpg,7,5,112,112,167,17,53,205,0,ok
train/7-05/10.jpg,7,5,112,112,159,31,79,163,0,ok
train/7-05/12.jpg,7,5,112,112,169,145,19,53,90,ok
train/7-05/13.jpg,7,5,112,112,180,151,19,53,90,ok
train/7-05/14.jpg,7,5,112,112,167,17,53,205,0,ok
train/7-05/17.jpg,7,5,112,112,142,59,57,199,0,ok
train/7-05/18.jpg,7,5,112,112,57,207,171,19,180,ok
train/7-05/19.jpg,7,5,112,112,158,31,79,163,0,ok
train/7-05/2.jpg,7,5,112,112,17,57,163,145,270,ok
train/7-05/20.jpg,7,5,112,112,164,142,27,58,90,ok
train/7-05/21.jpg,7,5,112,112,198,161,60,79,90,ok
train/7-05/22.jpg,7,5,112,112,167,17,72,175,0,ok
train/7-05/23.jpg,7,5,112,112,167,17,53,205,0,ok
train/7-05/24.jpg,7,5,112,112,28,64,163,145,270,ok
train/7-05/25.jpg,7,5,112,112,17,57,178,154,270,ok
train/7-05/26.jpg,7,5,112,112,166,19,55,202,0,ok
train/7-05/27.jpg,7,5,112,112,167,17,53,205,0,ok
train/7-05/28.jpg,7,5,112,112,17,57,163,145,270,ok
train/7-05/29.jpg,7,5,112,112,207,167,19,53,90,ok
train/7-05/3.jpg,7,5,112,112,17,57,205,171,270,ok
train/7-05/30.jpg,7,5,112,112,31,65,163,145,270,ok
train/7-05/31.jpg,7,5,112,112,158,31,79,163,0,ok
train/7-05/32.jpg,7,5,112,112,167,17,53,205,0,ok
train/7-05/33.jpg,7,5,112,112,158,31,79,163,0,ok
train/7-05/34.jpg,7,5,112,112,17,57,163,145,270,ok
train/7-05/35.jpg,7,5,112,112,58,206,169,22,180,ok
train/7-05/39.jpg,7,5,112,112,159,31,76,169,0,ok
train/7-05/4.jpg,7,5,112,112,167,17,53,205,0,ok
train/7-05/40.jpg,7,5,112,112,167,17,64,188,0,ok
train/7-05/42.jpg,7,5,112,112,71,183,171,19,180,ok
train/7-05/43.jpg,7,5,112,112,17,57,204,171,270,ok
train/7-05/44.jpg,7,5,112,112,161,27,79,163,0,ok
train/7-05/47.jpg,7,5,112,112,196,160,60,79,90,ok
train/7-05/48.jpg,7,5,112,112,167,17,53,205,0,ok
train/7-05/49.jpg,7,5,112,112,167,17,77,168,0,ok
train/7-05/5.jpg,7,5,112,112,18,58,163,145,270,ok
train/7-05/51.jpg,7,5,112,112,167,17,79,163,0,ok
train/7-05/52.jpg,7,5,112,112,167,17,53,205,0,ok
train/7-05/53.jpg,7,5,112,112,206,166,19,53,90,ok
train/7-05/54.jpg,7,5,112,112,167,17,53,205,0,ok
train/7-05/55.jpg,7,5,112,112,207,167,19,53,90,ok
train/7-05/56.jpg,7,5,112,112,161,27,79,163,0,ok
train/7-05/57.jpg,7,5,112,112,57,207,171,19,180,ok
train/7-05/58.jpg,7,5,112,112,167,17,78,166,0,ok
train/7-05/59.jpg,7,5,112,112,167,17,75,169,0,ok
train/7-05/6.jpg,7,5,112,112,167,17,53,205,0,ok
train/7-05/62.jpg,7,5,112,112,64,195,145,60,180,ok
train/7-05/63.jpg,7,5,112,112,64,195,145,60,180,ok
train/7-05/65.jpg,7,5,112,112,167,17,53,205,0,ok
train/7-05/66.jpg,7,5,112,112,161,27,79,163,0,ok
train/7-05/67.jpg,7,5,112,112,207,167,60,79,90,ok
train/7-05/69.jpg,7,5,112,112,167,17,53,205,0,ok
train/7-05/70.jpg,7,5,112,112,17,57,203,170,270,ok
train/7-05/71.jpg,7,5,112,112,57,206,171,19,180,ok
train/7-05/72.jpg,7,5,112,112,17,57,163,145,270,ok
train/7-05/73.jpg,7,5,112,112,158,31,53,205,0,ok
train/7-05/75.jpg,7,5,112,112,164,142,32,61,90,ok
train/7-05/77.jpg,7,5,112,112,167,17,53,205,0,ok
train/7-05/78.jpg,7,5,112,112,158,31,79,163,0,ok
train/7-05/79.jpg,7,5,112,112,167,17,53,205,0,ok
train/7-05/8.jpg,7,5,112,112,160,28,79,163,0,ok
train/7-05/80.jpg,7,5,112,112,17,57,163,145,270,ok
train/7-05/81.jpg,7,5,112,112,167,17,53,205,0,ok
train/7-05/82.jpg,7,5,112,112,207,167,19,53,90,ok
train/7-05/83.jpg,7,5,112,112,167,17,53,205,0,ok
train/7-05/84.jpg,7,5,112,112,195,160,60,79,90,ok
train/7-05/85.jpg,7,5,112,112,192,158,19,53,90,ok
train/7-05/86.jpg,7,5,112,112,31,65,163,145,270,ok
train/7-05/87.jpg,7,5,112,112,158,31,79,163,0,ok
train/7-05/88.jpg,7,5,112,112,160,28,79,163,0,ok
train/7-05/91.jpg,7,5,112,112,207,167,19,53,90,ok
train/7-05/92.jpg,7,5,112,112,57,207,171,19,180,ok
train/7-05/93.jpg,7,5,112,112,167,17,53,205,0,ok
train/7-05/94.jpg,7,5,112,112,167,17,53,205,0,ok
train/7-05/95.jpg,7,5,112,112,17,57,163,145,270,ok
train/7-05/96.jpg,7,5,112,112,167,17,79,163,0,ok
train/7-05/97.jpg,7,5,112,112,159,31,79,163,0,ok
train/7-05/98.jpg,7,5,112,112,27,63,163,145,270,ok
train/7-05/99.jpg,7,5,112,112,82,163,170,21,180,ok
train/7-10/0.jpg,7,10,112,112,192,66,78,161,0,ok
train/7-10/1.jpg,7,10,112,112,207,57,49,202,0,ok
train/7-10/10.jpg,7,10,112,112,167,207,62,77,90,ok
train/7-10/11.jpg,7,10,112,112,207,57,49,202,0,ok
train/7-10/13.jpg,7,10,112,112,207,57,74,166,0,ok
train/7-10/14.jpg,7,10,112,112,207,57,49,202,0,ok
train/7-10/15.jpg,7,10,112,112,193,65,78,161,0,ok
train/7-10/16.jpg,7,10,112,112,207,57,49,202,0,ok
train/7-10/17.jpg,7,10,112,112,192,66,78,161,0,ok
train/7-10/18.jpg,7,10,112,112,17,167,164,37,180,ok
train/7-10/19.jpg,7,10,112,112,158,192,62,77,90,ok
train/7-10/2.jpg,7,10,112,112,193,66,78,161,0,ok
train/7-10/20.jpg,7,10,112,112,161,197,62,77,90,ok
train/7-10/21.jpg,7,10,112,112,25,162,147,62,180,ok
train/7-10/22.jpg,7,10,112,112,207,57,49,201,0,ok
train/7-10/25.jpg,7,10,112,112,57,17,202,175,270,ok
train/7-10/26.jpg,7,10,112,112,165,204,24,50,90,ok
train/7-10/27.jpg,7,10,112,112,207,57,49,202,0,ok
train/7-10/28.jpg,7,10,112,112,57,17,161,146,270,ok
train/7-10/29.jpg,7,10,112,112,17,167,147,62,180,ok
train/7-10/3.jpg,7,10,112,112,193,65,49,202,0,ok
train/7-10/31.jpg,7,10,112,112,65,31,161,146,270,ok
train/7-10/34.jpg,7,10,112,112,18,166,147,62,180,ok
train/7-10/35.jpg,7,10,112,112,207,57,49,201,0,ok
train/7-10/36.jpg,7,10,112,112,17,167,175,22,180,ok
train/7-10/38.jpg,7,10,112,112,192,66,78,161,0,ok
train/7-10/39.jpg,7,10,112,112,31,159,150,57,180,ok
train/7-10/40.jpg,7,10,112,112,17,167,175,22,180,ok
train/7-10/41.jpg,7,10,112,112,17,167,175,22,180,ok
train/7-10/42.jpg,7,10,112,112,207,57,73,168,0,ok
train/7-10/43.jpg,7,10,112,112,57,17,201,175,270,ok
train/7-10/44.jpg,7,10,112,112,158,192,62,77,90,ok
train/7-10/45.jpg,7,10,112,112,198,62,78,161,0,ok
train/7-10/46.jpg,7,10,112,112,192,66,78,161,0,ok
train/7-10/47.jpg,7,10,112,112,207,57,78,161,0,ok
train/7-10/48.jpg,7,10,112,112,207,57,49,202,0,ok
train/7-10/49.jpg,7,10,112,112,207,57,74,167,0,ok
train/7-10/50.jpg,7,10,112,112,207,57,49,202,0,ok
train/7-10/53.jpg,7,10,112,112,201,60,49,202,0,ok
train/7-10/54.jpg,7,10,112,112,207,57,49,202,0,ok
train/7-10/55.jpg,7,10,112,112,207,57,49,202,0,ok
train/7-10/56.jpg,7,10,112,112,61,24,161,146,270,ok
train/7-10/57.jpg,7,10,112,112,17,167,175,22,180,ok
train/7-10/58.jpg,7,10,112,112,207,57,74,166,0,ok
train/7-10/6.jpg,7,10,112,112,207,57,49,202,0,ok
train/7-10/60.jpg,7,10,112,112,60,23,161,146,270,ok
train/7-10/62.jpg,7,10,112,112,194,64,78,161,0,ok
train/7-10/64.jpg,7,10,112,112,158,192,62,77,90,ok
train/7-10/65.jpg,7,10,112,112,17,167,175,22,180,ok
train/7-10/66.jpg,7,10,112,112,198,62,78,161,0,ok
train/7-10/67.jpg,7,10,112,112,167,207,62,77,90,ok
train/7-10/68.jpg,7,10,112,112,65,31,165,149,270,ok
train/7-10/69.jpg,7,10,112,112,206,57,49,202,0,ok
train/7-10/7.jpg,7,10,112,112,207,57,73,168,0,ok
train/7-10/70.jpg,7,10,112,112,17,167,175,23,180,ok
train/7-10/71.jpg,7,10,112,112,17,167,175,22,180,ok
train/7-10/73.jpg,7,10,112,112,57,17,202,175,270,ok
train/7-10/75.jpg,7,10,112,112,201,60,78,161,0,ok
train/7-10/76.jpg,7,10,112,112,189,68,49,201,0,ok
train/7-10/77.jpg,7,10,112,112,17,167,175,22,180,ok
train/7-10/78.jpg,7,10,112,112,57,18,161,146,270,ok
train/7-10/79.jpg,7,10,112,112,57,17,202,175,270,ok
train/7-10/8.jpg,7,10,112,112,199,61,78,161,0,ok
train/7-10/80.jpg,7,10,112,112,32,158,147,62,180,ok
train/7-10/82.jpg,7,10,112,112,17,167,175,22,180,ok
train/7-10/83.jpg,7,10,112,112,167,207,22,49,90,ok
train/7-10/84.jpg,7,10,112,112,167,207,62,77,90,ok
train/7-10/87.jpg,7,10,112,112,57,17,161,146,270,ok
train/7-10/88.jpg,7,10,112,112,196,63,78,161,0,ok
train/7-10/89.jpg,7,10,112,112,167,207,62,77,90,ok
train/7-10/9.jpg,7,10,112,112,198,62,78,161,0,ok
train/7-10/90.jpg,7,10,112,112,207,57,49,202,0,ok
train/7-10/91.jpg,7,10,112,112,167,207,22,49,90,ok
train/7-10/92.jpg,7,10,112,112,207,57,77,162,0,ok
train/7-10/93.jpg,7,10,112,112,167,207,22,49,90,ok
train/7-10/94.jpg,7,10,112,112,202,60,49,202,0,ok
train/7-10/95.jpg,7,10,112,112,166,205,62,77,90,ok
train/7-10/96.jpg,7,10,112,112,207,57,78,161,0,ok
train/7-10/97.jpg,7,10,112,112,32,158,147,62,180,ok
train/7-10/98.jpg,7,10,112,112,161,197,62,77,90,ok
train/7-15/10.jpg,7,15,112,112,2,112,149,64,180,ok
train/7-15/11.jpg,7,15,112,112,112,222,25,45,90,ok
train/7-15/13.jpg,7,15,112,112,222,112,71,166,0,ok
train/7-15/14.jpg,7,15,112,112,222,112,45,199,0,ok
train/7-15/15.jpg,7,15,112,112,19,112,149,64,180,ok
train/7-15/16.jpg,7,15,112,112,222,112,45,199,0,ok
train/7-15/17.jpg,7,15,112,112,216,112,75,160,0,ok
train/7-15/19.jpg,7,15,112,112,205,112,75,160,0,ok
train/7-15/2.jpg,7,15,112,112,222,112,75,160,0,ok
train/7-15/21.jpg,7,15,112,112,210,112,75,160,0,ok
train/7-15/23.jpg,7,15,112,112,222,112,45,199,0,ok
train/7-15/24.jpg,7,15,112,112,112,2,160,149,270,ok
train/7-15/26.jpg,7,15,112,112,5,112,177,27,180,ok
train/7-15/27.jpg,7,15,112,112,222,112,45,199,0,ok
train/7-15/28.jpg,7,15,112,112,222,112,75,160,0,ok
train/7-15/29.jpg,7,15,112,112,112,222,62,74,90,ok
train/7-15/3.jpg,7,15,112,112,205,112,45,199,0,ok
train/7-15/32.jpg,7,15,112,112,112,222,25,45,90,ok
train/7-15/33.jpg,7,15,112,112,112,18,160,149,270,ok
train/7-15/34.jpg,7,15,112,112,222,112,75,160,0,ok
train/7-15/35.jpg,7,15,112,112,222,112,45,199,0,ok
train/7-15/36.jpg,7,15,112,112,112,222,25,45,90,ok
train/7-15/37.jpg,7,15,112,112,112,16,192,173,270,ok
train/7-15/39.jpg,7,15,112,112,17,112,153,59,180,ok
train/7-15/4.jpg,7,15,112,112,2,112,179,25,180,ok
train/7-15/40.jpg,7,15,112,112,222,112,57,183,0,ok
train/7-15/42.jpg,7,15,112,112,222,112,68,170,0,ok
train/7-15/43.jpg,7,15,112,112,222,112,45,199,0,ok
train/7-15/44.jpg,7,15,112,112,112,204,63,74,90,ok
train/7-15/45.jpg,7,15,112,112,112,208,63,74,90,ok
train/7-15/46.jpg,7,15,112,112,207,112,75,160,0,ok
train/7-15/48.jpg,7,15,112,112,222,112,45,199,0,ok
train/7-15/49.jpg,7,15,112,112,222,112,71,165,0,ok
train/7-15/5.jpg,7,15,112,112,222,112,75,160,0,ok
train/7-15/50.jpg,7,15,112,112,112,2,199,179,270,ok
train/7-15/51.jpg,7,15,112,112,222,112,75,160,0,ok
train/7-15/52.jpg,7,15,112,112,222,112,45,199,0,ok
train/7-15/53.jpg,7,15,112,112,222,112,45,199,0,ok
train/7-15/54.jpg,7,15,112,112,222,112,45,199,0,ok
train/7-15/56.jpg,7,15,112,112,205,112,75,160,0,ok
train/7-15/57.jpg,7,15,112,112,222,112,45,199,0,ok
train/7-15/58.jpg,7,15,112,112,2,112,154,57,180,ok
train/7-15/6.jpg,7,15,112,112,222,112,45,199,0,ok
train/7-15/60.jpg,7,15,112,112,112,213,63,74,90,ok
train/7-15/61.jpg,7,15,112,112,112,2,160,149,270,ok
train/7-15/62.jpg,7,15,112,112,112,16,160,149,270,ok
train/7-15/63.jpg,7,15,112,112,112,206,63,74,90,ok
train/7-15/64.jpg,7,15,112,112,205,112,75,160,0,ok
train/7-15/65.jpg,7,15,112,112,222,112,45,199,0,ok
train/7-15/66.jpg,7,15,112,112,11,112,149,64,180,ok
train/7-15/67.jpg,7,15,112,112,222,112,75,160,0,ok
train/7-15/68.jpg,7,15,112,112,112,204,63,74,90,ok
train/7-15/69.jpg,7,15,112,112,2,112,179,25,180,ok
train/7-15/7.jpg,7,15,112,112,112,222,55,68,90,ok
train/7-15/70.jpg,7,15,112,112,221,112,46,198,0,ok
train/7-15/71.jpg,7,15,112,112,112,2,199,179,270,ok
train/7-15/72.jpg,7,15,112,112,112,222,63,74,90,ok
train/7-15/73.jpg,7,15,112,112,222,112,58,182,0,ok
train/7-15/74.jpg,7,15,112,112,222,112,45,199,0,ok
train/7-15/75.jpg,7,15,112,112,112,2,160,149,270,ok
train/7-15/76.jpg,7,15,112,112,112,3,198,178,270,ok
train/7-15/77.jpg,7,15,112,112,112,2,199,179,270,ok
train/7-15/78.jpg,7,15,112,112,2,112,149,64,180,ok
train/7-15/79.jpg,7,15,112,112,222,112,45,199,0,ok
train/7-15/81.jpg,7,15,112,112,222,112,45,199,0,ok
train/7-15/82.jpg,7,15,112,112,112,222,25,45,90,ok
train/7-15/83.jpg,7,15,112,112,222,112,45,199,0,ok
train/7-15/85.jpg,7,15,112,112,222,112,45,199,0,ok
train/7-15/87.jpg,7,15,112,112,222,112,75,160,0,ok
train/7-15/89.jpg,7,15,112,112,222,112,75,160,0,ok
train/7-15/90.jpg,7,15,112,112,222,112,45,199,0,ok
train/7-15/91.jpg,7,15,112,112,222,112,45,199,0,ok
train/7-15/92.jpg,7,15,112,112,112,222,25,45,90,ok
train/7-15/93.jpg,7,15,112,112,222,112,45,199,0,ok
train/7-15/94.jpg,7,15,112,112,7,112,179,25,180,ok
train/7-15/95.jpg,7,15,112,112,218,112,75,160,0,ok
train/7-15/96.jpg,7,15,112,112,222,112,75,160,0,ok
train/7-15/97.jpg,7,15,112,112,112,209,63,74,90,ok
train/7-15/98.jpg,7,15,112,112,212,112,75,160,0,ok
train/7-15/99.jpg,7,15,112,112,222,112,75,160,0,ok
train/7-20/0.jpg,7,20,112,112,61,200,65,73,90,ok
train/7-20/1.jpg,7,20,112,112,207,167,41,196,0,ok
train/7-20/10.jpg,7,20,112,112,29,64,151,66,180,ok
train/7-20/11.jpg,7,20,112,112,57,207,28,41,90,ok
train/7-20/12.jpg,7,20,112,112,195,160,73,158,0,ok
train/7-20/13.jpg,7,20,112,112,28,64,151,66,180,ok
train/7-20/14.jpg,7,20,112,112,207,167,41,196,0,ok
train/7-20/15.jpg,7,20,112,112,192,158,73,158,0,ok
train/7-20/16.jpg,7,20,112,112,207,167,41,196,0,ok
train/7-20/17.jpg,7,20,112,112,203,164,73,158,0,ok
train/7-20/18.jpg,7,20,112,112,207,167,72,160,0,ok
train/7-20/19.jpg,7,20,112,112,207,167,73,158,0,ok
train/7-20/2.jpg,7,20,112,112,192,158,73,158,0,ok
train/7-20/20.jpg,7,20,112,112,195,160,73,158,0,ok
train/7-20/22.jpg,7,20,112,112,57,206,28,41,90,ok
train/7-20/23.jpg,7,20,112,112,17,57,183,28,180,ok
train/7-20/24.jpg,7,20,112,112,57,207,65,73,90,ok
train/7-20/26.jpg,7,20,112,112,27,63,181,29,180,ok
train/7-20/28.jpg,7,20,112,112,17,57,151,66,180,ok
train/7-20/29.jpg,7,20,112,112,207,167,73,158,0,ok
train/7-20/3.jpg,7,20,112,112,17,57,183,28,180,ok
train/7-20/30.jpg,7,20,112,112,158,31,157,150,270,ok
train/7-20/31.jpg,7,20,112,112,194,159,73,158,0,ok
train/7-20/32.jpg,7,20,112,112,207,167,41,196,0,ok
train/7-20/34.jpg,7,20,112,112,192,158,73,158,0,ok
train/7-20/35.jpg,7,20,112,112,17,57,183,28,180,ok
train/7-20/36.jpg,7,20,112,112,57,207,28,41,90,ok
train/7-20/37.jpg,7,20,112,112,196,160,72,159,0,ok
train/7-20/38.jpg,7,20,112,112,192,158,73,158,0,ok
train/7-20/39.jpg,7,20,112,112,193,158,69,163,0,ok
train/7-20/4.jpg,7,20,112,112,57,207,28,41,90,ok
train/7-20/40.jpg,7,20,112,112,207,167,70,163,0,ok
train/7-20/42.jpg,7,20,112,112,207,167,73,158,0,ok
train/7-20/43.jpg,7,20,112,112,207,167,41,196,0,ok
train/7-20/44.jpg,7,20,112,112,57,207,65,73,90,ok
train/7-20/46.jpg,7,20,112,112,192,158,73,158,0,ok
train/7-20/47.jpg,7,20,112,112,57,207,65,73,90,ok
train/7-20/49.jpg,7,20,112,112,192,158,69,163,0,ok
train/7-20/5.jpg,7,20,112,112,192,158,73,158,0,ok
train/7-20/50.jpg,7,20,112,112,57,207,28,41,90,ok
train/7-20/51.jpg,7,20,112,112,167,17,157,150,270,ok
train/7-20/52.jpg,7,20,112,112,167,17,196,183,270,ok
train/7-20/53.jpg,7,20,112,112,17,57,183,28,180,ok
train/7-20/54.jpg,7,20,112,112,207,167,41,196,0,ok
train/7-20/56.jpg,7,20,112,112,199,162,73,158,0,ok
train/7-20/57.jpg,7,20,112,112,207,167,41,196,0,ok
train/7-20/58.jpg,7,20,112,112,167,17,166,158,270,ok
train/7-20/6.jpg,7,20,112,112,207,167,41,196,0,ok
train/7-20/61.jpg,7,20,112,112,193,159,73,158,0,ok
train/7-20/62.jpg,7,20,112,112,17,57,151,66,180,ok
train/7-20/63.jpg,7,20,112,112,160,29,157,150,270,ok
train/7-20/64.jpg,7,20,112,112,66,192,65,73,90,ok
train/7-20/67.jpg,7,20,112,112,207,167,73,158,0,ok
train/7-20/68.jpg,7,20,112,112,192,158,73,158,0,ok
train/7-20/69.jpg,7,20,112,112,207,167,41,196,0,ok
train/7-20/7.jpg,7,20,112,112,17,57,183,28,180,ok
train/7-20/72.jpg,7,20,112,112,17,57,151,66,180,ok
train/7-20/73.jpg,7,20,112,112,207,167,41,196,0,ok
train/7-20/75.jpg,7,20,112,112,196,160,73,158,0,ok
train/7-20/76.jpg,7,20,112,112,34,67,182,29,180,ok
train/7-20/77.jpg,7,20,112,112,207,167,41,196,0,ok
train/7-20/79.jpg,7,20,112,112,68,188,28,41,90,ok
train/7-20/8.jpg,7,20,112,112,192,158,73,158,0,ok
train/7-20/80.jpg,7,20,112,112,57,207,65,73,90,ok
train/7-20/82.jpg,7,20,112,112,207,167,41,196,0,ok
train/7-20/83.jpg,7,20,112,112,207,167,41,196,0,ok
train/7-20/84.jpg,7,20,112,112,167,17,157,150,270,ok
train/7-20/85.jpg,7,20,112,112,207,167,41,196,0,ok
train/7-20/87.jpg,7,20,112,112,207,167,73,158,0,ok
train/7-20/88.jpg,7,20,112,112,199,162,73,158,0,ok
train/7-20/89.jpg,7,20,112,112,57,207,65,73,90,ok
train/7-20/9.jpg,7,20,112,112,160,30,157,150,270,ok
train/7-20/90.jpg,7,20,112,112,207,167,41,196,0,ok
train/7-20/91.jpg,7,20,112,112,207,167,41,196,0,ok
train/7-20/92.jpg,7,20,112,112,17,57,183,28,180,ok
train/7-20/93.jpg,7,20,112,112,207,167,41,196,0,ok
train/7-20/95.jpg,7,20,112,112,19,58,151,66,180,ok
train/7-20/96.jpg,7,20,112,112,192,158,73,158,0,ok
train/7-20/97.jpg,7,20,112,112,167,17,157,150,270,ok
train/7-20/98.jpg,7,20,112,112,199,162,73,158,0,ok
train/7-25/0.jpg,7,25,112,112,23,164,67,71,90,ok
train/7-25/1.jpg,7,25,112,112,57,17,186,31,180,ok
train/7-25/10.jpg,7,25,112,112,57,17,153,67,180,ok
train/7-25/14.jpg,7,25,112,112,167,207,38,193,0,ok
train/7-25/15.jpg,7,25,112,112,159,193,71,157,0,ok
train/7-25/16.jpg,7,25,112,112,167,207,38,193,0,ok
train/7-25/17.jpg,7,25,112,112,19,166,67,71,90,ok
train/7-25/18.jpg,7,25,112,112,57,17,155,66,180,ok
train/7-25/19.jpg,7,25,112,112,167,207,71,157,0,ok
train/7-25/2.jpg,7,25,112,112,160,194,71,157,0,ok
train/7-25/21.jpg,7,25,112,112,167,207,71,157,0,ok
train/7-25/24.jpg,7,25,112,112,167,207,71,157,0,ok
train/7-25/25.jpg,7,25,112,112,167,207,38,193,0,ok
train/7-25/26.jpg,7,25,112,112,165,204,40,191,0,ok
train/7-25/27.jpg,7,25,112,112,167,207,38,193,0,ok
train/7-25/28.jpg,7,25,112,112,17,167,67,71,90,ok
train/7-25/29.jpg,7,25,112,112,167,207,71,157,0,ok
train/7-25/3.jpg,7,25,112,112,17,167,42,48,90,ok
train/7-25/30.jpg,7,25,112,112,158,192,71,157,0,ok
train/7-25/31.jpg,7,25,112,112,167,207,71,157,0,ok
train/7-25/32.jpg,7,25,112,112,167,207,38,193,0,ok
train/7-25/33.jpg,7,25,112,112,159,193,71,157,0,ok
train/7-25/36.jpg,7,25,112,112,17,167,31,38,90,ok
train/7-25/38.jpg,7,25,112,112,158,192,71,157,0,ok
train/7-25/39.jpg,7,25,112,112,65,31,157,63,180,ok
train/7-25/4.jpg,7,25,112,112,167,207,38,193,0,ok
train/7-25/40.jpg,7,25,112,112,167,207,71,157,0,ok
train/7-25/41.jpg,7,25,112,112,17,167,31,38,90,ok
train/7-25/42.jpg,7,25,112,112,57,17,153,67,180,ok
train/7-25/43.jpg,7,25,112,112,17,167,31,38,90,ok
train/7-25/45.jpg,7,25,112,112,162,199,71,157,0,ok
train/7-25/46.jpg,7,25,112,112,32,158,67,71,90,ok
train/7-25/47.jpg,7,25,112,112,160,194,71,157,0,ok
train/7-25/48.jpg,7,25,112,112,167,207,38,193,0,ok
train/7-25/49.jpg,7,25,112,112,167,207,67,161,0,ok
train/7-25/51.jpg,7,25,112,112,17,167,67,71,90,ok
train/7-25/52.jpg,7,25,112,112,167,207,38,193,0,ok
train/7-25/53.jpg,7,25,112,112,167,207,38,193,0,ok
train/7-25/54.jpg,7,25,112,112,167,207,38,193,0,ok
train/7-25/55.jpg,7,25,112,112,167,207,38,193,0,ok
train/7-25/56.jpg,7,25,112,112,193,65,156,153,270,ok
train/7-25/57.jpg,7,25,112,112,57,17,186,31,180,ok
train/7-25/58.jpg,7,25,112,112,162,199,69,159,0,ok
train/7-25/59.jpg,7,25,112,112,207,57,156,153,270,ok
train/7-25/6.jpg,7,25,112,112,167,207,38,193,0,ok
train/7-25/60.jpg,7,25,112,112,158,192,71,157,0,ok
train/7-25/61.jpg,7,25,112,112,163,200,71,157,0,ok
train/7-25/62.jpg,7,25,112,112,167,207,71,157,0,ok
train/7-25/64.jpg,7,25,112,112,57,17,153,67,180,ok
train/7-25/67.jpg,7,25,112,112,57,17,153,67,180,ok
train/7-25/68.jpg,7,25,112,112,192,66,156,153,270,ok
train/7-25/7.jpg,7,25,112,112,57,17,186,31,180,ok
train/7-25/71.jpg,7,25,112,112,167,207,38,193,0,ok
train/7-25/72.jpg,7,25,112,112,167,207,71,157,0,ok
train/7-25/73.jpg,7,25,112,112,167,207,38,193,0,ok
train/7-25/74.jpg,7,25,112,112,167,207,38,193,0,ok
train/7-25/75.jpg,7,25,112,112,194,64,156,153,270,ok
train/7-25/76.jpg,7,25,112,112,35,157,31,38,90,ok
train/7-25/77.jpg,7,25,112,112,167,207,38,193,0,ok
train/7-25/78.jpg,7,25,112,112,167,207,71,157,0,ok
train/7-25/79.jpg,7,25,112,112,167,207,61,167,0,ok
train/7-25/8.jpg,7,25,112,112,159,193,71,157,0,ok
train/7-25/80.jpg,7,25,112,112,17,167,67,71,90,ok
train/7-25/81.jpg,7,25,112,112,167,207,38,193,0,ok
train/7-25/82.jpg,7,25,112,112,167,207,38,193,0,ok
train/7-25/83.jpg,7,25,112,112,167,207,38,193,0,ok
train/7-25/84.jpg,7,25,112,112,167,207,71,157,0,ok
train/7-25/85.jpg,7,25,112,112,167,207,38,193,0,ok
train/7-25/87.jpg,7,25,112,112,57,17,153,67,180,ok
train/7-25/89.jpg,7,25,112,112,167,207,71,157,0,ok
train/7-25/9.jpg,7,25,112,112,22,164,67,71,90,ok
train/7-25/90.jpg,7,25,112,112,207,57,193,186,270,ok
train/7-25/91.jpg,7,25,112,112,167,207,38,193,0,ok
train/7-25/92.jpg,7,25,112,112,167,207,56,173,0,ok
train/7-25/94.jpg,7,25,112,112,164,202,38,193,0,ok
train/7-25/95.jpg,7,25,112,112,167,207,71,157,0,ok
train/7-25/96.jpg,7,25,112,112,167,207,71,157,0,ok
train/7-25/97.jpg,7,25,112,112,167,207,71,157,0,ok
train/7-25/98.jpg,7,25,112,112,207,57,156,153,270,ok
train/7-25/99.jpg,7,25,112,112,158,192,71,157,0,ok
train/7-30/0.jpg,7,30,112,112,112,215,69,155,0,ok
train/7-30/1.jpg,7,30,112,112,2,112,34,34,90,ok
train/7-30/10.jpg,7,30,112,112,222,112,154,154,270,ok
train/7-30/11.jpg,7,30,112,112,112,2,190,34,180,ok
train/7-30/12.jpg,7,30,112,112,112,222,69,155,0,ok
train/7-30/14.jpg,7,30,112,112,112,222,34,190,0,ok
train/7-30/15.jpg,7,30,112,112,205,112,154,154,270,ok
train/7-30/16.jpg,7,30,112,112,112,222,34,190,0,ok
train/7-30/17.jpg,7,30,112,112,112,204,69,155,0,ok
train/7-30/18.jpg,7,30,112,112,112,222,68,156,0,ok
train/7-30/19.jpg,7,30,112,112,222,112,154,154,270,ok
train/7-30/2.jpg,7,30,112,112,222,112,154,154,270,ok
train/7-30/20.jpg,7,30,112,112,112,215,69,155,0,ok
train/7-30/22.jpg,7,30,112,112,2,112,34,34,90,ok
train/7-30/24.jpg,7,30,112,112,112,222,69,155,0,ok
train/7-30/25.jpg,7,30,112,112,112,222,34,190,0,ok
train/7-30/26.jpg,7,30,112,112,112,5,188,36,180,ok
train/7-30/27.jpg,7,30,112,112,112,222,34,190,0,ok
train/7-30/28.jpg,7,30,112,112,19,112,69,69,90,ok
train/7-30/3.jpg,7,30,112,112,112,222,46,178,0,ok
train/7-30/30.jpg,7,30,112,112,112,204,69,155,0,ok
train/7-30/31.jpg,7,30,112,112,112,204,69,155,0,ok
train/7-30/33.jpg,7,30,112,112,112,222,69,155,0,ok
train/7-30/34.jpg,7,30,112,112,222,112,154,154,270,ok
train/7-30/35.jpg,7,30,112,112,112,222,34,190,0,ok
train/7-30/36.jpg,7,30,112,112,2,112,34,34,90,ok
train/7-30/37.jpg,7,30,112,112,222,112,166,166,270,ok
train/7-30/38.jpg,7,30,112,112,112,204,69,155,0,ok
train/7-30/39.jpg,7,30,112,112,112,205,65,159,0,ok
train/7-30/4.jpg,7,30,112,112,2,112,34,34,90,ok
train/7-30/41.jpg,7,30,112,112,112,222,34,190,0,ok
train/7-30/42.jpg,7,30,112,112,112,222,69,155,0,ok
train/7-30/43.jpg,7,30,112,112,2,112,34,34,90,ok
train/7-30/44.jpg,7,30,112,112,210,112,154,154,270,ok
train/7-30/45.jpg,7,30,112,112,10,112,69,69,90,ok
train/7-30/46.jpg,7,30,112,112,112,204,69,155,0,ok
train/7-30/47.jpg,7,30,112,112,112,207,69,155,0,ok
train/7-30/49.jpg,7,30,112,112,19,112,65,65,90,ok
train/7-30/51.jpg,7,30,112,112,112,2,155,69,180,ok
train/7-30/52.jpg,7,30,112,112,221,112,190,190,270,ok
train/7-30/54.jpg,7,30,112,112,112,222,34,190,0,ok
train/7-30/55.jpg,7,30,112,112,112,2,190,34,180,ok
train/7-30/57.jpg,7,30,112,112,222,112,190,190,270,ok
train/7-30/58.jpg,7,30,112,112,112,214,65,159,0,ok
train/7-30/59.jpg,7,30,112,112,112,204,63,161,0,ok
train/7-30/6.jpg,7,30,112,112,2,112,34,34,90,ok
train/7-30/60.jpg,7,30,112,112,19,112,69,69,90,ok
train/7-30/61.jpg,7,30,112,112,19,112,69,69,90,ok
train/7-30/62.jpg,7,30,112,112,222,112,154,154,270,ok
train/7-30/63.jpg,7,30,112,112,112,207,69,155,0,ok
train/7-30/64.jpg,7,30,112,112,222,112,154,154,270,ok
train/7-30/65.jpg,7,30,112,112,2,112,34,34,90,ok
train/7-30/67.jpg,7,30,112,112,112,2,155,69,180,ok
train/7-30/68.jpg,7,30,112,112,112,18,155,69,180,ok
train/7-30/69.jpg,7,30,112,112,112,2,190,34,180,ok
train/7-30/70.jpg,7,30,112,112,2,112,34,34,90,ok
train/7-30/71.jpg,7,30,112,112,112,221,35,189,0,ok
train/7-30/72.jpg,7,30,112,112,112,222,69,155,0,ok
train/7-30/73.jpg,7,30,112,112,222,112,154,154,270,ok
train/7-30/74.jpg,7,30,112,112,112,222,34,190,0,ok
train/7-30/75.jpg,7,30,112,112,206,112,154,154,270,ok
train/7-30/76.jpg,7,30,112,112,3,112,35,35,90,ok
train/7-30/77.jpg,7,30,112,112,222,112,190,190,270,ok
train/7-30/79.jpg,7,30,112,112,2,112,34,34,90,ok
train/7-30/80.jpg,7,30,112,112,112,204,69,155,0,ok
train/7-30/82.jpg,7,30,112,112,2,112,34,34,90,ok
train/7-30/83.jpg,7,30,112,112,112,222,34,190,0,ok
train/7-30/84.jpg,7,30,112,112,222,112,154,154,270,ok
train/7-30/85.jpg,7,30,112,112,112,222,34,190,0,ok
train/7-30/86.jpg,7,30,112,112,112,209,69,155,0,ok
train/7-30/87.jpg,7,30,112,112,222,112,154,154,270,ok
train/7-30/89.jpg,7,30,112,112,112,204,69,155,0,ok
train/7-30/9.jpg,7,30,112,112,112,2,155,69,180,ok
train/7-30/90.jpg,7,30,112,112,112,222,34,190,0,ok
train/7-30/91.jpg,7,30,112,112,2,112,34,34,90,ok
train/7-30/92.jpg,7,30,112,112,112,2,190,34,180,ok
train/7-30/94.jpg,7,30,112,112,112,206,34,190,0,ok
train/7-30/95.jpg,7,30,112,112,112,212,69,155,0,ok
train/7-30/96.jpg,7,30,112,112,112,222,69,155,0,ok
train/7-30/98.jpg,7,30,112,112,112,204,69,155,0,ok
train/7-35/0.jpg,7,35,112,112,60,201,67,153,0,ok
train/7-35/1.jpg,7,35,112,112,57,207,31,186,0,ok
train/7-35/12.jpg,7,35,112,112,57,207,67,153,0,ok
train/7-35/14.jpg,7,35,112,112,57,207,31,186,0,ok
train/7-35/15.jpg,7,35,112,112,158,31,157,71,180,ok
train/7-35/16.jpg,7,35,112,112,57,207,31,186,0,ok
train/7-35/17.jpg,7,35,112,112,59,204,67,153,0,ok
train/7-35/18.jpg,7,35,112,112,57,207,64,156,0,ok
train/7-35/2.jpg,7,35,112,112,192,158,153,156,270,ok
train/7-35/21.jpg,7,35,112,112,192,158,153,156,270,ok
train/7-35/23.jpg,7,35,112,112,167,17,193,38,180,ok
train/7-35/24.jpg,7,35,112,112,57,207,67,153,0,ok
train/7-35/25.jpg,7,35,112,112,167,17,193,38,180,ok
train/7-35/26.jpg,7,35,112,112,165,20,191,40,180,ok
train/7-35/27.jpg,7,35,112,112,57,207,31,186,0,ok
train/7-35/29.jpg,7,35,112,112,57,207,67,153,0,ok
train/7-35/3.jpg,7,35,112,112,167,17,193,38,180,ok
train/7-35/30.jpg,7,35,112,112,66,192,67,153,0,ok
train/7-35/31.jpg,7,35,112,112,57,207,67,153,0,ok
train/7-35/33.jpg,7,35,112,112,158,31,157,71,180,ok
train/7-35/34.jpg,7,35,112,112,66,192,67,153,0,ok
train/7-35/35.jpg,7,35,112,112,18,58,38,31,90,ok
train/7-35/36.jpg,7,35,112,112,17,57,38,31,90,ok
train/7-35/37.jpg,7,35,112,112,64,195,56,163,0,ok
train/7-35/38.jpg,7,35,112,112,158,31,157,71,180,ok
train/7-35/39.jpg,7,35,112,112,57,207,63,157,0,ok
train/7-35/4.jpg,7,35,112,112,57,207,31,186,0,ok
train/7-35/40.jpg,7,35,112,112,57,207,67,153,0,ok
train/7-35/41.jpg,7,35,112,112,167,17,193,38,180,ok
train/7-35/42.jpg,7,35,112,112,57,207,67,153,0,ok
train/7-35/44.jpg,7,35,112,112,57,207,67,153,0,ok
train/7-35/47.jpg,7,35,112,112,206,166,153,156,270,ok
train/7-35/48.jpg,7,35,112,112,57,207,31,186,0,ok
train/7-35/49.jpg,7,35,112,112,66,192,63,157,0,ok
train/7-35/5.jpg,7,35,112,112,18,58,71,67,90,ok
train/7-35/50.jpg,7,35,112,112,57,207,31,186,0,ok
train/7-35/52.jpg,7,35,112,112,57,207,31,186,0,ok
train/7-35/53.jpg,7,35,112,112,17,57,38,31,90,ok
train/7-35/54.jpg,7,35,112,112,57,207,31,186,0,ok
train/7-35/55.jpg,7,35,112,112,57,207,31,186,0,ok
train/7-35/56.jpg,7,35,112,112,158,31,157,71,180,ok
train/7-35/57.jpg,7,35,112,112,57,207,31,186,0,ok
train/7-35/58.jpg,7,35,112,112,167,17,157,71,180,ok
train/7-35/59.jpg,7,35,112,112,57,207,61,159,0,ok
train/7-35/6.jpg,7,35,112,112,57,207,31,186,0,ok
train/7-35/60.jpg,7,35,112,112,61,199,67,153,0,ok
train/7-35/62.jpg,7,35,112,112,167,17,157,71,180,ok
train/7-35/63.jpg,7,35,112,112,160,29,157,71,180,ok
train/7-35/65.jpg,7,35,112,112,167,17,192,38,180,ok
train/7-35/66.jpg,7,35,112,112,64,195,67,153,0,ok
train/7-35/67.jpg,7,35,112,112,17,57,71,67,90,ok
train/7-35/68.jpg,7,35,112,112,31,65,71,67,90,ok
train/7-35/69.jpg,7,35,112,112,57,207,31,186,0,ok
train/7-35/70.jpg,7,35,112,112,17,57,38,31,90,ok
train/7-35/71.jpg,7,35,112,112,57,206,31,186,0,ok
train/7-35/72.jpg,7,35,112,112,58,205,67,153,0,ok
train/7-35/73.jpg,7,35,112,112,17,57,38,31,90,ok
train/7-35/74.jpg,7,35,112,112,57,207,31,186,0,ok
train/7-35/75.jpg,7,35,112,112,31,65,71,67,90,ok
train/7-35/76.jpg,7,35,112,112,68,189,32,186,0,ok
train/7-35/77.jpg,7,35,112,112,17,57,38,31,90,ok
train/7-35/78.jpg,7,35,112,112,66,193,67,153,0,ok
train/7-35/79.jpg,7,35,112,112,57,207,31,186,0,ok
train/7-35/8.jpg,7,35,112,112,66,192,67,153,0,ok
train/7-35/80.jpg,7,35,112,112,207,167,153,156,270,ok
train/7-35/81.jpg,7,35,112,112,17,57,38,31,90,ok
train/7-35/82.jpg,7,35,112,112,57,207,31,186,0,ok
train/7-35/85.jpg,7,35,112,112,57,207,31,186,0,ok
train/7-35/86.jpg,7,35,112,112,158,31,157,71,180,ok
train/7-35/87.jpg,7,35,112,112,158,31,157,71,180,ok
train/7-35/88.jpg,7,35,112,112,66,193,67,153,0,ok
train/7-35/9.jpg,7,35,112,112,31,65,71,67,90,ok
train/7-35/90.jpg,7,35,112,112,17,57,38,31,90,ok
train/7-35/91.jpg,7,35,112,112,57,207,31,186,0,ok
train/7-35/92.jpg,7,35,112,112,207,167,186,193,270,ok
train/7-35/93.jpg,7,35,112,112,57,207,31,186,0,ok
train/7-35/95.jpg,7,35,112,112,57,207,67,153,0,ok
train/7-35/96.jpg,7,35,112,112,207,167,153,156,270,ok
train/7-35/98.jpg,7,35,112,112,63,197,67,153,0,ok
train/7-35/99.jpg,7,35,112,112,66,192,67,153,0,ok
train/7-40/1.jpg,7,40,112,112,207,57,196,41,180,ok
train/7-40/10.jpg,7,40,112,112,167,207,150,157,270,ok
train/7-40/11.jpg,7,40,112,112,17,167,28,183,0,ok
train/7-40/12.jpg,7,40,112,112,160,194,150,157,270,ok
train/7-40/14.jpg,7,40,112,112,17,167,28,183,0,ok
train/7-40/15.jpg,7,40,112,112,32,158,66,151,0,ok
train/7-40/16.jpg,7,40,112,112,17,167,28,183,0,ok
train/7-40/17.jpg,7,40,112,112,59,21,73,65,90,ok
train/7-40/18.jpg,7,40,112,112,57,17,72,64,90,ok
train/7-40/19.jpg,7,40,112,112,17,167,66,151,0,ok
train/7-40/20.jpg,7,40,112,112,160,196,150,157,270,ok
train/7-40/21.jpg,7,40,112,112,32,158,66,151,0,ok
train/7-40/22.jpg,7,40,112,112,206,57,196,41,180,ok
train/7-40/23.jpg,7,40,112,112,17,167,28,183,0,ok
train/7-40/24.jpg,7,40,112,112,17,167,66,151,0,ok
train/7-40/25.jpg,7,40,112,112,17,167,28,183,0,ok
train/7-40/26.jpg,7,40,112,112,58,19,43,29,90,ok
train/7-40/28.jpg,7,40,112,112,57,17,73,65,90,ok
train/7-40/29.jpg,7,40,112,112,167,207,150,157,270,ok
train/7-40/3.jpg,7,40,112,112,167,207,183,196,270,ok
train/7-40/31.jpg,7,40,112,112,57,17,73,65,90,ok
train/7-40/32.jpg,7,40,112,112,17,167,28,183,0,ok
train/7-40/33.jpg,7,40,112,112,65,31,73,65,90,ok
train/7-40/35.jpg,7,40,112,112,206,57,196,41,180,ok
train/7-40/36.jpg,7,40,112,112,207,57,196,41,180,ok
train/7-40/37.jpg,7,40,112,112,17,167,59,156,0,ok
train/7-40/38.jpg,7,40,112,112,32,158,66,151,0,ok
train/7-40/39.jpg,7,40,112,112,57,17,69,61,90,ok
train/7-40/4.jpg,7,40,112,112,167,207,183,196,270,ok
train/7-40/40.jpg,7,40,112,112,17,167,66,151,0,ok
train/7-40/42.jpg,7,40,112,112,207,57,158,73,180,ok
train/7-40/43.jpg,7,40,112,112,17,167,28,183,0,ok
train/7-40/44.jpg,7,40,112,112,167,207,150,157,270,ok
train/7-40/45.jpg,7,40,112,112,27,161,66,151,0,ok
train/7-40/46.jpg,7,40,112,112,158,192,150,157,270,ok
train/7-40/48.jpg,7,40,112,112,17,167,28,183,0,ok
train/7-40/49.jpg,7,40,112,112,17,167,61,155,0,ok
train/7-40/5.jpg,7,40,112,112,207,57,158,73,180,ok
train/7-40/50.jpg,7,40,112,112,57,17,41,28,90,ok
train/7-40/51.jpg,7,40,112,112,167,207,150,157,270,ok
train/7-40/52.jpg,7,40,112,112,17,167,28,183,0,ok
train/7-40/53.jpg,7,40,112,112,17,167,28,183,0,ok
train/7-40/54.jpg,7,40,112,112,17,167,28,183,0,ok
train/7-40/55.jpg,7,40,112,112,17,167,28,183,0,ok
train/7-40/56.jpg,7,40,112,112,61,24,73,65,90,ok
train/7-40/57.jpg,7,40,112,112,17,167,28,183,0,ok
train/7-40/58.jpg,7,40,112,112,24,163,28,183,0,ok
train/7-40/59.jpg,7,40,112,112,31,159,60,156,0,ok
train/7-40/6.jpg,7,40,112,112,17,167,28,183,0,ok
train/7-40/60.jpg,7,40,112,112,32,158,66,151,0,ok
train/7-40/61.jpg,7,40,112,112,160,196,150,157,270,ok
train/7-40/63.jpg,7,40,112,112,28,161,66,151,0,ok
train/7-40/64.jpg,7,40,112,112,17,167,66,151,0,ok
train/7-40/66.jpg,7,40,112,112,32,158,66,151,0,ok
train/7-40/67.jpg,7,40,112,112,57,17,73,65,90,ok
train/7-40/68.jpg,7,40,112,112,29,160,66,151,0,ok
train/7-40/70.jpg,7,40,112,112,17,167,28,183,0,ok
train/7-40/71.jpg,7,40,112,112,167,207,183,196,270,ok
train/7-40/72.jpg,7,40,112,112,59,20,73,65,90,ok
train/7-40/73.jpg,7,40,112,112,207,57,159,72,180,ok
train/7-40/74.jpg,7,40,112,112,17,167,28,183,0,ok
train/7-40/75.jpg,7,40,112,112,32,158,66,151,0,ok
train/7-40/76.jpg,7,40,112,112,36,156,29,182,0,ok
train/7-40/77.jpg,7,40,112,112,17,167,28,183,0,ok
train/7-40/79.jpg,7,40,112,112,57,17,41,28,90,ok
train/7-40/8.jpg,7,40,112,112,30,160,66,151,0,ok
train/7-40/80.jpg,7,40,112,112,31,159,66,151,0,ok
train/7-40/81.jpg,7,40,112,112,17,167,28,183,0,ok
train/7-40/82.jpg,7,40,112,112,17,167,28,183,0,ok
train/7-40/83.jpg,7,40,112,112,17,167,28,183,0,ok
train/7-40/86.jpg,7,40,112,112,30,160,66,151,0,ok
train/7-40/87.jpg,7,40,112,112,207,57,158,73,180,ok
train/7-40/89.jpg,7,40,112,112,17,167,66,151,0,ok
train/7-40/9.jpg,7,40,112,112,17,167,66,151,0,ok
train/7-40/90.jpg,7,40,112,112,167,207,183,196,270,ok
train/7-40/91.jpg,7,40,112,112,57,17,41,28,90,ok
train/7-40/93.jpg,7,40,112,112,17,167,28,183,0,ok
train/7-40/95.jpg,7,40,112,112,19,166,66,151,0,ok
train/7-40/98.jpg,7,40,112,112,162,198,150,157,270,ok
train/7-40/99.jpg,7,40,112,112,207,57,158,73,180,ok
train/7-45/0.jpg,7,45,112,112,7,112,64,149,0,ok
train/7-45/1.jpg,7,45,112,112,222,112,199,45,180,ok
train/7-45/11.jpg,7,45,112,112,222,112,199,45,180,ok
train/7-45/12.jpg,7,45,112,112,2,112,64,149,0,ok
train/7-45/13.jpg,7,45,112,112,19,112,64,149,0,ok
train/7-45/14.jpg,7,45,112,112,2,112,25,179,0,ok
train/7-45/15.jpg,7,45,112,112,112,204,149,160,270,ok
train/7-45/16.jpg,7,45,112,112,2,112,25,179,0,ok
train/7-45/17.jpg,7,45,112,112,214,112,160,75,180,ok
train/7-45/18.jpg,7,45,112,112,2,112,63,150,0,ok
train/7-45/19.jpg,7,45,112,112,205,112,160,75,180,ok
train/7-45/2.jpg,7,45,112,112,222,112,160,75,180,ok
train/7-45/20.jpg,7,45,112,112,112,14,74,63,90,ok
train/7-45/22.jpg,7,45,112,112,2,112,25,179,0,ok
train/7-45/23.jpg,7,45,112,112,222,112,199,45,180,ok
train/7-45/24.jpg,7,45,112,112,222,112,160,75,180,ok
train/7-45/25.jpg,7,45,112,112,222,112,199,45,180,ok
train/7-45/26.jpg,7,45,112,112,112,5,46,26,90,ok
train/7-45/27.jpg,7,45,112,112,2,112,25,179,0,ok
train/7-45/3.jpg,7,45,112,112,112,222,179,199,270,ok
train/7-45/30.jpg,7,45,112,112,19,112,64,149,0,ok
train/7-45/32.jpg,7,45,112,112,2,112,25,179,0,ok
train/7-45/33.jpg,7,45,112,112,19,112,64,149,0,ok
train/7-45/34.jpg,7,45,112,112,217,112,160,75,180,ok
train/7-45/36.jpg,7,45,112,112,2,112,25,179,0,ok
train/7-45/37.jpg,7,45,112,112,13,112,55,156,0,ok
train/7-45/38.jpg,7,45,112,112,2,112,64,149,0,ok
train/7-45/39.jpg,7,45,112,112,2,112,60,152,0,ok
train/7-45/40.jpg,7,45,112,112,112,222,179,199,270,ok
train/7-45/42.jpg,7,45,112,112,2,112,64,149,0,ok
train/7-45/43.jpg,7,45,112,112,2,112,25,179,0,ok
train/7-45/45.jpg,7,45,112,112,15,112,64,149,0,ok
train/7-45/46.jpg,7,45,112,112,112,9,74,63,90,ok
train/7-45/47.jpg,7,45,112,112,112,205,149,160,270,ok
train/7-45/48.jpg,7,45,112,112,2,112,25,179,0,ok
train/7-45/5.jpg,7,45,112,112,112,204,149,160,270,ok
train/7-45/50.jpg,7,45,112,112,112,222,179,199,270,ok
train/7-45/51.jpg,7,45,112,112,2,112,64,149,0,ok
train/7-45/52.jpg,7,45,112,112,112,2,45,25,90,ok
train/7-45/53.jpg,7,45,112,112,5,112,25,179,0,ok
train/7-45/54.jpg,7,45,112,112,2,112,25,179,0,ok
train/7-45/55.jpg,7,45,112,112,2,112,25,179,0,ok
train/7-45/56.jpg,7,45,112,112,12,112,64,149,0,ok
train/7-45/58.jpg,7,45,112,112,112,222,152,164,270,ok
train/7-45/59.jpg,7,45,112,112,2,112,59,153,0,ok
train/7-45/6.jpg,7,45,112,112,2,112,25,179,0,ok
train/7-45/60.jpg,7,45,112,112,112,10,74,63,90,ok
train/7-45/61.jpg,7,45,112,112,12,112,64,149,0,ok
train/7-45/62.jpg,7,45,112,112,112,207,149,160,270,ok
train/7-45/63.jpg,7,45,112,112,112,204,149,160,270,ok
train/7-45/64.jpg,7,45,112,112,112,217,149,160,270,ok
train/7-45/66.jpg,7,45,112,112,112,11,74,63,90,ok
train/7-45/69.jpg,7,45,112,112,2,112,25,179,0,ok
train/7-45/7.jpg,7,45,112,112,2,112,25,179,0,ok
train/7-45/71.jpg,7,45,112,112,222,112,199,45,180,ok
train/7-45/72.jpg,7,45,112,112,5,112,64,149,0,ok
train/7-45/73.jpg,7,45,112,112,2,112,25,179,0,ok
train/7-45/74.jpg,7,45,112,112,2,112,25,179,0,ok
train/7-45/75.jpg,7,45,112,112,112,204,149,160,270,ok
train/7-45/76.jpg,7,45,112,112,112,3,45,25,90,ok
train/7-45/77.jpg,7,45,112,112,112,2,45,25,90,ok
train/7-45/78.jpg,7,45,112,112,205,112,160,75,180,ok
train/7-45/8.jpg,7,45,112,112,206,112,160,75,180,ok
train/7-45/80.jpg,7,45,112,112,2,112,64,149,0,ok
train/7-45/81.jpg,7,45,112,112,112,222,179,199,270,ok
train/7-45/82.jpg,7,45,112,112,2,112,25,179,0,ok
train/7-45/83.jpg,7,45,112,112,2,112,25,179,0,ok
train/7-45/84.jpg,7,45,112,112,2,112,64,149,0,ok
train/7-45/85.jpg,7,45,112,112,19,112,25,179,0,ok
train/7-45/86.jpg,7,45,112,112,206,112,160,75,180,ok
train/7-45/87.jpg,7,45,112,112,2,112,64,149,0,ok
train/7-45/88.jpg,7,45,112,112,112,210,149,160,270,ok
train/7-45/89.jpg,7,45,112,112,112,222,149,160,270,ok
train/7-45/9.jpg,7,45,112,112,112,222,149,160,270,ok
train/7-45/91.jpg,7,45,112,112,112,2,45,25,90,ok
train/7-45/93.jpg,7,45,112,112,2,112,25,179,0,ok
train/7-45/94.jpg,7,45,112,112,2,112,25,179,0,ok
train/7-45/95.jpg,7,45,112,112,220,112,160,75,180,ok
train/7-45/96.jpg,7,45,112,112,2,112,64,149,0,ok
train/7-45/97.jpg,7,45,112,112,16,112,64,149,0,ok
train/7-50/1.jpg,7,50,112,112,17,57,22,175,0,ok
train/7-50/10.jpg,7,50,112,112,28,64,62,147,0,ok
train/7-50/11.jpg,7,50,112,112,17,57,22,175,0,ok
train/7-50/12.jpg,7,50,112,112,160,28,77,62,90,ok
train/7-50/13.jpg,7,50,112,112,57,207,146,161,270,ok
train/7-50/14.jpg,7,50,112,112,17,57,22,175,0,ok
train/7-50/15.jpg,7,50,112,112,31,65,62,147,0,ok
train/7-50/16.jpg,7,50,112,112,17,57,22,175,0,ok
train/7-50/17.jpg,7,50,112,112,24,61,62,147,0,ok
train/7-50/18.jpg,7,50,112,112,17,57,61,148,0,ok
train/7-50/19.jpg,7,50,112,112,17,57,62,147,0,ok
train/7-50/20.jpg,7,50,112,112,160,28,77,62,90,ok
train/7-50/21.jpg,7,50,112,112,31,65,62,147,0,ok
train/7-50/24.jpg,7,50,112,112,17,57,62,147,0,ok
train/7-50/25.jpg,7,50,112,112,207,167,202,49,180,ok
train/7-50/26.jpg,7,50,112,112,19,58,24,174,0,ok
train/7-50/27.jpg,7,50,112,112,17,57,22,175,0,ok
train/7-50/28.jpg,7,50,112,112,57,207,146,161,270,ok
train/7-50/29.jpg,7,50,112,112,17,57,62,147,0,ok
train/7-50/3.jpg,7,50,112,112,207,167,202,49,180,ok
train/7-50/30.jpg,7,50,112,112,158,31,77,62,90,ok
train/7-50/31.jpg,7,50,112,112,207,167,161,78,180,ok
train/7-50/33.jpg,7,50,112,112,30,64,62,147,0,ok
train/7-50/36.jpg,7,50,112,112,17,57,22,175,0,ok
train/7-50/38.jpg,7,50,112,112,31,65,62,147,0,ok
train/7-50/4.jpg,7,50,112,112,167,17,49,22,90,ok
train/7-50/40.jpg,7,50,112,112,64,195,146,161,270,ok
train/7-50/41.jpg,7,50,112,112,167,17,49,22,90,ok
train/7-50/42.jpg,7,50,112,112,17,57,62,147,0,ok
train/7-50/43.jpg,7,50,112,112,17,57,22,175,0,ok
train/7-50/44.jpg,7,50,112,112,66,192,146,161,270,ok
train/7-50/45.jpg,7,50,112,112,21,60,62,147,0,ok
train/7-50/46.jpg,7,50,112,112,192,158,161,78,180,ok
train/7-50/47.jpg,7,50,112,112,63,197,146,161,270,ok
train/7-50/48.jpg,7,50,112,112,17,57,22,175,0,ok
train/7-50/5.jpg,7,50,112,112,207,167,161,78,180,ok
train/7-50/50.jpg,7,50,112,112,17,57,22,175,0,ok
train/7-50/51.jpg,7,50,112,112,17,57,62,147,0,ok
train/7-50/52.jpg,7,50,112,112,207,167,202,49,180,ok
train/7-50/55.jpg,7,50,112,112,17,57,22,175,0,ok
train/7-50/56.jpg,7,50,112,112,61,200,146,161,270,ok
train/7-50/57.jpg,7,50,112,112,207,167,202,49,180,ok
train/7-50/58.jpg,7,50,112,112,17,57,55,152,0,ok
train/7-50/59.jpg,7,50,112,112,167,17,75,59,90,ok
train/7-50/6.jpg,7,50,112,112,17,57,22,175,0,ok
train/7-50/60.jpg,7,50,112,112,28,64,62,147,0,ok
train/7-50/62.jpg,7,50,112,112,64,195,146,161,270,ok
train/7-50/65.jpg,7,50,112,112,17,57,23,175,0,ok
train/7-50/66.jpg,7,50,112,112,197,161,161,78,180,ok
train/7-50/67.jpg,7,50,112,112,17,57,62,147,0,ok
train/7-50/68.jpg,7,50,112,112,28,64,44,160,0,ok
train/7-50/69.jpg,7,50,112,112,167,17,49,22,90,ok
train/7-50/7.jpg,7,50,112,112,164,23,49,22,90,ok
train/7-50/70.jpg,7,50,112,112,17,57,22,175,0,ok
train/7-50/71.jpg,7,50,112,112,17,57,22,175,0,ok
train/7-50/72.jpg,7,50,112,112,165,20,77,62,90,ok
train/7-50/73.jpg,7,50,112,112,17,57,22,175,0,ok
train/7-50/75.jpg,7,50,112,112,192,158,161,78,180,ok
train/7-50/76.jpg,7,50,112,112,68,188,174,200,270,ok
train/7-50/77.jpg,7,50,112,112,17,57,22,175,0,ok
train/7-50/78.jpg,7,50,112,112,192,158,161,78,180,ok
train/7-50/79.jpg,7,50,112,112,207,167,202,49,180,ok
train/7-50/80.jpg,7,50,112,112,17,57,62,147,0,ok
train/7-50/82.jpg,7,50,112,112,207,167,202,49,180,ok
train/7-50/83.jpg,7,50,112,112,207,167,202,49,180,ok
train/7-50/84.jpg,7,50,112,112,17,57,62,147,0,ok
train/7-50/85.jpg,7,50,112,112,17,57,22,175,0,ok
train/7-50/86.jpg,7,50,112,112,27,63,62,147,0,ok
train/7-50/87.jpg,7,50,112,112,167,17,77,62,90,ok
train/7-50/88.jpg,7,50,112,112,27,63,62,147,0,ok
train/7-50/89.jpg,7,50,112,112,207,167,161,78,180,ok
train/7-50/90.jpg,7,50,112,112,17,57,22,175,0,ok
train/7-50/91.jpg,7,50,112,112,17,57,22,175,0,ok
train/7-50/92.jpg,7,50,112,112,207,167,202,49,180,ok
train/7-50/93.jpg,7,50,112,112,17,57,22,175,0,ok
train/7-50/94.jpg,7,50,112,112,167,17,49,22,90,ok
train/7-50/95.jpg,7,50,112,112,17,57,62,147,0,ok
train/7-50/97.jpg,7,50,112,112,25,62,62,147,0,ok
train/7-50/98.jpg,7,50,112,112,26,62,62,147,0,ok
train/7-50/99.jpg,7,50,112,112,17,57,62,147,0,ok
train/7-55/0.jpg,7,55,112,112,164,201,163,79,180,ok
train/7-55/1.jpg,7,55,112,112,207,57,53,19,90,ok
train/7-55/11.jpg,7,55,112,112,57,17,19,171,0,ok
train/7-55/12.jpg,7,55,112,112,167,207,205,53,180,ok
train/7-55/13.jpg,7,55,112,112,207,57,79,60,90,ok
train/7-55/14.jpg,7,55,112,112,57,17,19,171,0,ok
train/7-55/15.jpg,7,55,112,112,32,158,145,163,270,ok
train/7-55/17.jpg,7,55,112,112,62,26,60,145,0,ok
train/7-55/18.jpg,7,55,112,112,57,17,36,160,0,ok
train/7-55/2.jpg,7,55,112,112,192,66,79,60,90,ok
train/7-55/20.jpg,7,55,112,112,63,27,60,145,0,ok
train/7-55/21.jpg,7,55,112,112,57,17,60,145,0,ok
train/7-55/22.jpg,7,55,112,112,207,57,53,19,90,ok
train/7-55/23.jpg,7,55,112,112,57,17,19,171,0,ok
train/7-55/24.jpg,7,55,112,112,167,207,163,79,180,ok
train/7-55/25.jpg,7,55,112,112,167,207,205,53,180,ok
train/7-55/26.jpg,7,55,112,112,165,204,202,55,180,ok
train/7-55/27.jpg,7,55,112,112,57,17,19,171,0,ok
train/7-55/29.jpg,7,55,112,112,17,167,148,169,270,ok
train/7-55/3.jpg,7,55,112,112,207,57,53,19,90,ok
train/7-55/31.jpg,7,55,112,112,167,207,163,79,180,ok
train/7-55/33.jpg,7,55,112,112,65,31,60,145,0,ok
train/7-55/34.jpg,7,55,112,112,57,17,60,145,0,ok
train/7-55/35.jpg,7,55,112,112,17,167,171,205,270,ok
train/7-55/36.jpg,7,55,112,112,57,17,19,171,0,ok
train/7-55/38.jpg,7,55,112,112,32,158,145,163,270,ok
train/7-55/39.jpg,7,55,112,112,65,31,56,147,0,ok
train/7-55/4.jpg,7,55,112,112,207,57,53,19,90,ok
train/7-55/40.jpg,7,55,112,112,207,57,63,35,90,ok
train/7-55/41.jpg,7,55,112,112,57,17,19,171,0,ok
train/7-55/42.jpg,7,55,112,112,167,207,163,79,180,ok
train/7-55/43.jpg,7,55,112,112,57,17,19,171,0,ok
train/7-55/45.jpg,7,55,112,112,62,26,60,145,0,ok
train/7-55/46.jpg,7,55,112,112,65,31,60,145,0,ok
train/7-55/47.jpg,7,55,112,112,32,158,145,163,270,ok
train/7-55/48.jpg,7,55,112,112,57,17,19,171,0,ok
train/7-55/49.jpg,7,55,112,112,158,193,168,77,180,ok
train/7-55/5.jpg,7,55,112,112,65,31,60,145,0,ok
train/7-55/51.jpg,7,55,112,112,17,167,145,163,270,ok
train/7-55/52.jpg,7,55,112,112,57,17,19,171,0,ok
train/7-55/53.jpg,7,55,112,112,57,17,20,171,0,ok
train/7-55/55.jpg,7,55,112,112,207,57,53,19,90,ok
train/7-55/56.jpg,7,55,112,112,158,192,163,79,180,ok
train/7-55/57.jpg,7,55,112,112,57,17,19,171,0,ok
train/7-55/58.jpg,7,55,112,112,57,17,59,146,0,ok
train/7-55/6.jpg,7,55,112,112,57,17,19,171,0,ok
train/7-55/60.jpg,7,55,112,112,167,207,163,79,180,ok
train/7-55/61.jpg,7,55,112,112,192,66,79,60,90,ok
train/7-55/63.jpg,7,55,112,112,57,17,60,145,0,ok
train/7-55/64.jpg,7,55,112,112,65,31,60,145,0,ok
train/7-55/65.jpg,7,55,112,112,57,17,19,171,0,ok
train/7-55/66.jpg,7,55,112,112,26,162,145,163,270,ok
train/7-55/69.jpg,7,55,112,112,17,167,171,205,270,ok
train/7-55/70.jpg,7,55,112,112,166,206,204,53,180,ok
train/7-55/71.jpg,7,55,112,112,207,57,53,19,90,ok
train/7-55/73.jpg,7,55,112,112,193,66,53,19,90,ok
train/7-55/74.jpg,7,55,112,112,57,17,19,171,0,ok
train/7-55/75.jpg,7,55,112,112,32,158,145,163,270,ok
train/7-55/76.jpg,7,55,112,112,156,187,203,54,180,ok
train/7-55/77.jpg,7,55,112,112,57,17,19,171,0,ok
train/7-55/78.jpg,7,55,112,112,64,30,60,145,0,ok
train/7-55/79.jpg,7,55,112,112,57,17,19,171,0,ok
train/7-55/8.jpg,7,55,112,112,161,197,163,79,180,ok
train/7-55/80.jpg,7,55,112,112,17,167,145,163,270,ok
train/7-55/81.jpg,7,55,112,112,17,167,171,205,270,ok
train/7-55/82.jpg,7,55,112,112,17,167,171,205,270,ok
train/7-55/83.jpg,7,55,112,112,207,57,53,19,90,ok
train/7-55/85.jpg,7,55,112,112,32,158,154,179,270,ok
train/7-55/87.jpg,7,55,112,112,57,17,60,145,0,ok
train/7-55/88.jpg,7,55,112,112,26,162,145,163,270,ok
train/7-55/89.jpg,7,55,112,112,167,207,163,79,180,ok
train/7-55/9.jpg,7,55,112,112,167,207,163,79,180,ok
train/7-55/90.jpg,7,55,112,112,57,17,19,171,0,ok
train/7-55/91.jpg,7,55,112,112,57,17,19,171,0,ok
train/7-55/92.jpg,7,55,112,112,167,207,205,53,180,ok
train/7-55/93.jpg,7,55,112,112,57,17,19,171,0,ok
train/7-55/94.jpg,7,55,112,112,166,206,205,53,180,ok
train/7-55/95.jpg,7,55,112,112,17,167,145,163,270,ok
train/7-55/97.jpg,7,55,112,112,192,66,79,60,90,ok
train/7-55/99.jpg,7,55,112,112,207,57,79,60,90,ok
train/8-00/0.jpg,8,0,112,112,205,112,81,59,90,ok
train/8-00/1.jpg,8,0,112,112,112,2,17,167,0,ok
train/8-00/11.jpg,8,0,112,112,112,2,17,167,0,ok
train/8-00/12.jpg,8,0,112,112,222,112,81,59,90,ok
train/8-00/13.jpg,8,0,112,112,222,112,81,59,90,ok
train/8-00/14.jpg,8,0,112,112,112,2,17,167,0,ok
train/8-00/15.jpg,8,0,112,112,112,17,60,142,0,ok
train/8-00/16.jpg,8,0,112,112,112,2,17,167,0,ok
train/8-00/17.jpg,8,0,112,112,19,112,142,164,270,ok
train/8-00/18.jpg,8,0,112,112,222,112,57,17,90,ok
train/8-00/19.jpg,8,0,112,112,18,112,142,164,270,ok
train/8-00/2.jpg,8,0,112,112,19,112,142,164,270,ok
train/8-00/20.jpg,8,0,112,112,112,18,60,142,0,ok
train/8-00/21.jpg,8,0,112,112,112,16,60,142,0,ok
train/8-00/23.jpg,8,0,112,112,112,222,207,57,180,ok
train/8-00/24.jpg,8,0,112,112,112,2,60,142,0,ok
train/8-00/25.jpg,8,0,112,112,2,112,167,207,270,ok
train/8-00/26.jpg,8,0,112,112,219,112,58,18,90,ok
train/8-00/28.jpg,8,0,112,112,112,204,164,82,180,ok
train/8-00/3.jpg,8,0,112,112,112,2,17,167,0,ok
train/8-00/30.jpg,8,0,112,112,19,112,142,164,270,ok
train/8-00/31.jpg,8,0,112,112,222,112,81,59,90,ok
train/8-00/32.jpg,8,0,112,112,112,2,17,167,0,ok
train/8-00/33.jpg,8,0,112,112,112,18,60,142,0,ok
train/8-00/34.jpg,8,0,112,112,205,112,81,59,90,ok
train/8-00/36.jpg,8,0,112,112,222,112,57,17,90,ok
train/8-00/37.jpg,8,0,112,112,112,3,54,146,0,ok
train/8-00/38.jpg,8,0,112,112,222,112,81,59,90,ok
train/8-00/39.jpg,8,0,112,112,112,2,55,145,0,ok
train/8-00/4.jpg,8,0,112,112,112,2,17,167,0,ok
train/8-00/41.jpg,8,0,112,112,112,222,207,57,180,ok
train/8-00/42.jpg,8,0,112,112,112,2,60,142,0,ok
train/8-00/44.jpg,8,0,112,112,112,18,60,142,0,ok
train/8-00/45.jpg,8,0,112,112,112,18,60,142,0,ok
train/8-00/46.jpg,8,0,112,112,2,112,142,164,270,ok
train/8-00/48.jpg,8,0,112,112,112,2,17,167,0,ok
train/8-00/49.jpg,8,0,112,112,2,112,145,169,270,ok
train/8-00/5.jpg,8,0,112,112,112,18,60,142,0,ok
train/8-00/50.jpg,8,0,112,112,112,2,17,167,0,ok
train/8-00/51.jpg,8,0,112,112,222,112,81,59,90,ok
train/8-00/52.jpg,8,0,112,112,112,2,17,167,0,ok
train/8-00/53.jpg,8,0,112,112,112,2,17,167,0,ok
train/8-00/54.jpg,8,0,112,112,112,2,17,167,0,ok
train/8-00/55.jpg,8,0,112,112,222,112,57,17,90,ok
train/8-00/56.jpg,8,0,112,112,112,14,60,142,0,ok
train/8-00/57.jpg,8,0,112,112,112,222,207,57,180,ok
train/8-00/58.jpg,8,0,112,112,112,222,166,81,180,ok
train/8-00/59.jpg,8,0,112,112,211,112,70,40,90,ok
train/8-00/60.jpg,8,0,112,112,112,12,60,142,0,ok
train/8-00/62.jpg,8,0,112,112,19,112,142,164,270,ok
train/8-00/63.jpg,8,0,112,112,205,112,81,59,90,ok
train/8-00/64.jpg,8,0,112,112,112,16,60,142,0,ok
train/8-00/65.jpg,8,0,112,112,112,222,207,57,180,ok
train/8-00/67.jpg,8,0,112,112,112,2,60,142,0,ok
train/8-00/68.jpg,8,0,112,112,205,112,81,59,90,ok
train/8-00/7.jpg,8,0,112,112,112,2,60,142,0,ok
train/8-00/72.jpg,8,0,112,112,112,2,60,142,0,ok
train/8-00/74.jpg,8,0,112,112,112,2,17,167,0,ok
train/8-00/75.jpg,8,0,112,112,112,15,60,142,0,ok
train/8-00/76.jpg,8,0,112,112,3,112,156,189,270,ok
train/8-00/77.jpg,8,0,112,112,2,112,167,207,270,ok
train/8-00/78.jpg,8,0,112,112,112,18,60,142,0,ok
train/8-00/79.jpg,8,0,112,112,2,112,167,207,270,ok
train/8-00/8.jpg,8,0,112,112,112,17,60,142,0,ok
train/8-00/80.jpg,8,0,112,112,112,18,60,142,0,ok
train/8-00/81.jpg,8,0,112,112,112,222,207,57,180,ok
train/8-00/82.jpg,8,0,112,112,112,2,17,167,0,ok
train/8-00/83.jpg,8,0,112,112,112,2,17,167,0,ok
train/8-00/85.jpg,8,0,112,112,112,14,17,167,0,ok
train/8-00/86.jpg,8,0,112,112,112,18,60,142,0,ok
train/8-00/87.jpg,8,0,112,112,112,2,60,142,0,ok
train/8-00/88.jpg,8,0,112,112,112,17,60,142,0,ok
train/8-00/89.jpg,8,0,112,112,112,2,60,142,0,ok
train/8-00/9.jpg,8,0,112,112,112,2,60,142,0,ok
train/8-00/90.jpg,8,0,112,112,112,2,17,167,0,ok
train/8-00/91.jpg,8,0,112,112,112,2,17,167,0,ok
train/8-00/94.jpg,8,0,112,112,112,18,17,167,0,ok
train/8-00/95.jpg,8,0,112,112,19,112,142,164,270,ok
train/8-00/97.jpg,8,0,112,112,112,18,60,142,0,ok
train/8-00/99.jpg,8,0,112,112,2,112,142,164,270,ok
train/8-05/0.jpg,8,5,112,112,66,193,165,84,180,ok
train/8-05/1.jpg,8,5,112,112,17,57,163,210,270,ok
train/8-05/11.jpg,8,5,112,112,167,17,14,163,0,ok
train/8-05/12.jpg,8,5,112,112,66,192,165,84,180,ok
train/8-05/14.jpg,8,5,112,112,167,17,14,163,0,ok
train/8-05/15.jpg,8,5,112,112,160,28,58,140,0,ok
train/8-05/17.jpg,8,5,112,112,163,24,58,140,0,ok
train/8-05/19.jpg,8,5,112,112,193,158,84,58,90,ok
train/8-05/2.jpg,8,5,112,112,207,167,84,58,90,ok
train/8-05/21.jpg,8,5,112,112,20,59,140,165,270,ok
train/8-05/22.jpg,8,5,112,112,207,167,61,14,90,ok
train/8-05/23.jpg,8,5,112,112,207,167,61,14,90,ok
train/8-05/24.jpg,8,5,112,112,159,31,58,140,0,ok
train/8-05/25.jpg,8,5,112,112,167,17,14,163,0,ok
train/8-05/27.jpg,8,5,112,112,167,17,14,163,0,ok
train/8-05/28.jpg,8,5,112,112,17,57,140,165,270,ok
train/8-05/29.jpg,8,5,112,112,167,17,44,148,0,ok
train/8-05/3.jpg,8,5,112,112,57,207,210,61,180,ok
train/8-05/30.jpg,8,5,112,112,167,17,54,142,0,ok
train/8-05/32.jpg,8,5,112,112,207,167,61,14,90,ok
train/8-05/33.jpg,8,5,112,112,158,31,58,140,0,ok
train/8-05/35.jpg,8,5,112,112,166,18,14,163,0,ok
train/8-05/36.jpg,8,5,112,112,167,17,14,163,0,ok
train/8-05/37.jpg,8,5,112,112,63,197,169,82,180,ok
train/8-05/38.jpg,8,5,112,112,66,192,165,84,180,ok
train/8-05/39.jpg,8,5,112,112,167,17,51,144,0,ok
train/8-05/4.jpg,8,5,112,112,167,17,14,163,0,ok
train/8-05/40.jpg,8,5,112,112,207,167,70,31,90,ok
train/8-05/41.jpg,8,5,112,112,167,17,15,162,0,ok
train/8-05/42.jpg,8,5,112,112,167,17,58,140,0,ok
train/8-05/43.jpg,8,5,112,112,167,17,14,163,0,ok
train/8-05/44.jpg,8,5,112,112,161,27,58,140,0,ok
train/8-05/45.jpg,8,5,112,112,163,24,58,140,0,ok
train/8-05/46.jpg,8,5,112,112,158,31,58,140,0,ok
train/8-05/47.jpg,8,5,112,112,160,28,58,140,0,ok
train/8-05/48.jpg,8,5,112,112,167,17,14,163,0,ok
train/8-05/49.jpg,8,5,112,112,17,57,154,194,270,ok
train/8-05/5.jpg,8,5,112,112,166,18,58,140,0,ok
train/8-05/51.jpg,8,5,112,112,57,207,165,84,180,ok
train/8-05/52.jpg,8,5,112,112,57,207,210,61,180,ok
train/8-05/53.jpg,8,5,112,112,17,57,163,210,270,ok
train/8-05/55.jpg,8,5,112,112,167,17,14,163,0,ok
train/8-05/56.jpg,8,5,112,112,161,27,58,140,0,ok
train/8-05/57.jpg,8,5,112,112,167,17,14,163,0,ok
train/8-05/59.jpg,8,5,112,112,17,57,143,172,270,ok
train/8-05/6.jpg,8,5,112,112,167,17,14,163,0,ok
train/8-05/61.jpg,8,5,112,112,31,65,140,165,270,ok
train/8-05/62.jpg,8,5,112,112,160,28,58,140,0,ok
train/8-05/65.jpg,8,5,112,112,166,18,15,162,0,ok
train/8-05/67.jpg,8,5,112,112,17,57,140,165,270,ok
train/8-05/68.jpg,8,5,112,112,192,158,67,25,90,ok
train/8-05/7.jpg,8,5,112,112,164,23,14,163,0,ok
train/8-05/70.jpg,8,5,112,112,17,57,162,209,270,ok
train/8-05/71.jpg,8,5,112,112,207,167,61,14,90,ok
train/8-05/73.jpg,8,5,112,112,31,65,163,210,270,ok
train/8-05/74.jpg,8,5,112,112,167,17,14,163,0,ok
train/8-05/75.jpg,8,5,112,112,31,65,140,165,270,ok
train/8-05/76.jpg,8,5,112,112,156,36,15,162,0,ok
train/8-05/77.jpg,8,5,112,112,57,207,210,61,180,ok
train/8-05/78.jpg,8,5,112,112,158,31,58,140,0,ok
train/8-05/79.jpg,8,5,112,112,167,17,14,163,0,ok
train/8-05/8.jpg,8,5,112,112,27,63,140,165,270,ok
train/8-05/81.jpg,8,5,112,112,57,207,210,61,180,ok
train/8-05/82.jpg,8,5,112,112,167,17,14,163,0,ok
train/8-05/83.jpg,8,5,112,112,207,167,61,14,90,ok
train/8-05/85.jpg,8,5,112,112,158,31,14,163,0,ok
train/8-05/86.jpg,8,5,112,112,158,31,58,140,0,ok
train/8-05/87.jpg,8,5,112,112,158,31,58,140,0,ok
train/8-05/88.jpg,8,5,112,112,27,63,140,165,270,ok
train/8-05/89.jpg,8,5,112,112,207,167,84,58,90,ok
train/8-05/9.jpg,8,5,112,112,161,27,58,140,0,ok
train/8-05/90.jpg,8,5,112,112,167,17,14,163,0,ok
train/8-05/92.jpg,8,5,112,112,167,17,14,163,0,ok
train/8-05/93.jpg,8,5,112,112,167,17,14,163,0,ok
train/8-05/94.jpg,8,5,112,112,167,17,14,163,0,ok
train/8-05/95.jpg,8,5,112,112,167,17,58,140,0,ok
train/8-05/96.jpg,8,5,112,112,167,17,58,140,0,ok
train/8-05/97.jpg,8,5,112,112,28,64,140,165,270,ok
train/8-05/98.jpg,8,5,112,112,160,28,58,140,0,ok
train/8-05/99.jpg,8,5,112,112,158,31,58,140,0,ok
train/8-10/0.jpg,8,10,112,112,163,200,86,57,90,ok
train/8-10/1.jpg,8,10,112,112,207,57,12,158,0,ok
train/8-10/10.jpg,8,10,112,112,167,207,86,57,90,ok
train/8-10/11.jpg,8,10,112,112,207,57,12,158,0,ok
train/8-10/13.jpg,8,10,112,112,158,193,83,50,90,ok
train/8-10/14.jpg,8,10,112,112,207,57,12,158,0,ok
train/8-10/15.jpg,8,10,112,112,193,65,57,138,0,ok
train/8-10/16.jpg,8,10,112,112,207,57,12,158,0,ok
train/8-10/17.jpg,8,10,112,112,192,66,57,138,0,ok
train/8-10/18.jpg,8,10,112,112,207,57,12,158,0,ok
train/8-10/19.jpg,8,10,112,112,192,66,57,138,0,ok
train/8-10/2.jpg,8,10,112,112,158,192,86,57,90,ok
train/8-10/21.jpg,8,10,112,112,25,162,166,87,180,ok
train/8-10/23.jpg,8,10,112,112,207,57,12,158,0,ok
train/8-10/24.jpg,8,10,112,112,207,57,57,138,0,ok
train/8-10/25.jpg,8,10,112,112,207,57,12,158,0,ok
train/8-10/26.jpg,8,10,112,112,165,204,66,14,90,ok
train/8-10/27.jpg,8,10,112,112,207,57,12,158,0,ok
train/8-10/28.jpg,8,10,112,112,17,167,166,87,180,ok
train/8-10/29.jpg,8,10,112,112,207,57,56,138,0,ok
train/8-10/3.jpg,8,10,112,112,32,158,212,66,180,ok
train/8-10/30.jpg,8,10,112,112,192,66,53,139,0,ok
train/8-10/32.jpg,8,10,112,112,167,207,66,12,90,ok
train/8-10/35.jpg,8,10,112,112,166,206,66,12,90,ok
train/8-10/36.jpg,8,10,112,112,207,57,12,158,0,ok
train/8-10/37.jpg,8,10,112,112,196,63,53,139,0,ok
train/8-10/38.jpg,8,10,112,112,158,192,86,57,90,ok
train/8-10/39.jpg,8,10,112,112,207,57,53,139,0,ok
train/8-10/40.jpg,8,10,112,112,207,57,30,150,0,ok
train/8-10/41.jpg,8,10,112,112,57,17,158,211,270,ok
train/8-10/42.jpg,8,10,112,112,207,57,39,146,0,ok
train/8-10/43.jpg,8,10,112,112,166,206,66,12,90,ok
train/8-10/45.jpg,8,10,112,112,198,62,57,138,0,ok
train/8-10/46.jpg,8,10,112,112,32,158,166,87,180,ok
train/8-10/47.jpg,8,10,112,112,207,57,57,138,0,ok
train/8-10/48.jpg,8,10,112,112,207,57,12,158,0,ok
train/8-10/49.jpg,8,10,112,112,207,57,52,140,0,ok
train/8-10/5.jpg,8,10,112,112,193,66,57,138,0,ok
train/8-10/50.jpg,8,10,112,112,167,207,66,12,90,ok
train/8-10/51.jpg,8,10,112,112,17,167,166,87,180,ok
train/8-10/52.jpg,8,10,112,112,207,57,12,158,0,ok
train/8-10/53.jpg,8,10,112,112,201,60,12,158,0,ok
train/8-10/55.jpg,8,10,112,112,207,57,12,158,0,ok
train/8-10/56.jpg,8,10,112,112,199,61,57,138,0,ok
train/8-10/57.jpg,8,10,112,112,207,57,12,158,0,ok
train/8-10/58.jpg,8,10,112,112,167,207,85,53,90,ok
train/8-10/59.jpg,8,10,112,112,207,57,49,142,0,ok
train/8-10/6.jpg,8,10,112,112,207,57,12,158,0,ok
train/8-10/60.jpg,8,10,112,112,200,61,57,138,0,ok
train/8-10/61.jpg,8,10,112,112,58,19,137,166,270,ok
train/8-10/62.jpg,8,10,112,112,194,64,57,138,0,ok
train/8-10/63.jpg,8,10,112,112,194,64,57,138,0,ok
train/8-10/65.jpg,8,10,112,112,207,57,12,158,0,ok
train/8-10/66.jpg,8,10,112,112,162,198,86,57,90,ok
train/8-10/67.jpg,8,10,112,112,167,207,86,57,90,ok
train/8-10/68.jpg,8,10,112,112,192,66,49,142,0,ok
train/8-10/7.jpg,8,10,112,112,207,57,12,158,0,ok
train/8-10/71.jpg,8,10,112,112,17,167,212,66,180,ok
train/8-10/73.jpg,8,10,112,112,207,57,29,151,0,ok
train/8-10/74.jpg,8,10,112,112,207,57,12,158,0,ok
train/8-10/75.jpg,8,10,112,112,201,60,57,138,0,ok
train/8-10/76.jpg,8,10,112,112,156,189,66,13,90,ok
train/8-10/78.jpg,8,10,112,112,17,167,166,87,180,ok
train/8-10/79.jpg,8,10,112,112,17,167,212,66,180,ok
train/8-10/80.jpg,8,10,112,112,32,158,166,87,180,ok
train/8-10/81.jpg,8,10,112,112,207,57,12,158,0,ok
train/8-10/82.jpg,8,10,112,112,167,207,66,12,90,ok
train/8-10/83.jpg,8,10,112,112,167,207,66,12,90,ok
train/8-10/85.jpg,8,10,112,112,207,57,34,148,0,ok
train/8-10/86.jpg,8,10,112,112,29,160,166,87,180,ok
train/8-10/87.jpg,8,10,112,112,207,57,57,138,0,ok
train/8-10/88.jpg,8,10,112,112,196,63,57,138,0,ok
train/8-10/91.jpg,8,10,112,112,167,207,66,12,90,ok
train/8-10/92.jpg,8,10,112,112,167,207,66,12,90,ok
train/8-10/93.jpg,8,10,112,112,207,57,12,158,0,ok
train/8-10/94.jpg,8,10,112,112,202,60,12,158,0,ok
train/8-10/95.jpg,8,10,112,112,205,58,57,138,0,ok
train/8-10/96.jpg,8,10,112,112,57,17,137,166,270,ok
train/8-10/98.jpg,8,10,112,112,197,63,57,138,0,ok
train/8-10/99.jpg,8,10,112,112,192,66,57,138,0,ok
train/8-15/0.jpg,8,15,112,112,9,112,167,89,180,ok
train/8-15/1.jpg,8,15,112,112,112,2,154,214,270,ok
train/8-15/10.jpg,8,15,112,112,207,112,56,135,0,ok
train/8-15/11.jpg,8,15,112,112,2,112,214,70,180,ok
train/8-15/12.jpg,8,15,112,112,19,112,167,89,180,ok
train/8-15/13.jpg,8,15,112,112,112,222,89,56,90,ok
train/8-15/14.jpg,8,15,112,112,222,112,10,154,0,ok
train/8-15/15.jpg,8,15,112,112,205,112,56,135,0,ok
train/8-15/17.jpg,8,15,112,112,216,112,56,135,0,ok
train/8-15/18.jpg,8,15,112,112,112,219,83,43,90,ok
train/8-15/19.jpg,8,15,112,112,112,18,135,167,270,ok
train/8-15/20.jpg,8,15,112,112,13,112,167,89,180,ok
train/8-15/24.jpg,8,15,112,112,222,112,56,135,0,ok
train/8-15/25.jpg,8,15,112,112,222,112,10,154,0,ok
train/8-15/26.jpg,8,15,112,112,112,218,71,12,90,ok
train/8-15/27.jpg,8,15,112,112,222,112,10,154,0,ok
train/8-15/29.jpg,8,15,112,112,112,222,89,56,90,ok
train/8-15/3.jpg,8,15,112,112,222,112,26,148,0,ok
train/8-15/30.jpg,8,15,112,112,221,112,56,135,0,ok
train/8-15/31.jpg,8,15,112,112,112,14,135,167,270,ok
train/8-15/32.jpg,8,15,112,112,222,112,10,154,0,ok
train/8-15/33.jpg,8,15,112,112,112,204,89,56,90,ok
train/8-15/34.jpg,8,15,112,112,222,112,56,135,0,ok
train/8-15/35.jpg,8,15,112,112,112,2,153,212,270,ok
train/8-15/36.jpg,8,15,112,112,222,112,10,154,0,ok
train/8-15/37.jpg,8,15,112,112,112,217,87,51,90,ok
train/8-15/38.jpg,8,15,112,112,112,2,135,167,270,ok
train/8-15/4.jpg,8,15,112,112,222,112,10,154,0,ok
train/8-15/40.jpg,8,15,112,112,222,112,10,154,0,ok
train/8-15/41.jpg,8,15,112,112,2,112,213,70,180,ok
train/8-15/42.jpg,8,15,112,112,112,2,135,167,270,ok
train/8-15/43.jpg,8,15,112,112,222,112,10,154,0,ok
train/8-15/45.jpg,8,15,112,112,209,112,56,135,0,ok
train/8-15/46.jpg,8,15,112,112,207,112,56,135,0,ok
train/8-15/48.jpg,8,15,112,112,222,112,10,154,0,ok
train/8-15/49.jpg,8,15,112,112,19,112,173,87,180,ok
train/8-15/5.jpg,8,15,112,112,112,2,135,167,270,ok
train/8-15/52.jpg,8,15,112,112,2,112,214,70,180,ok
train/8-15/53.jpg,8,15,112,112,112,2,154,214,270,ok
train/8-15/54.jpg,8,15,112,112,222,112,10,154,0,ok
train/8-15/55.jpg,8,15,112,112,222,112,10,154,0,ok
train/8-15/56.jpg,8,15,112,112,19,112,167,89,180,ok
train/8-15/57.jpg,8,15,112,112,222,112,10,154,0,ok
train/8-15/58.jpg,8,15,112,112,222,112,51,137,0,ok
train/8-15/59.jpg,8,15,112,112,112,204,83,41,90,ok
train/8-15/6.jpg,8,15,112,112,222,112,10,154,0,ok
train/8-15/60.jpg,8,15,112,112,112,10,135,167,270,ok
train/8-15/61.jpg,8,15,112,112,2,112,167,89,180,ok
train/8-15/63.jpg,8,15,112,112,17,112,167,89,180,ok
train/8-15/64.jpg,8,15,112,112,205,112,56,135,0,ok
train/8-15/66.jpg,8,15,112,112,213,112,56,135,0,ok
train/8-15/67.jpg,8,15,112,112,222,112,56,135,0,ok
train/8-15/68.jpg,8,15,112,112,205,112,51,137,0,ok
train/8-15/69.jpg,8,15,112,112,222,112,10,154,0,ok
train/8-15/71.jpg,8,15,112,112,112,221,70,10,90,ok
train/8-15/72.jpg,8,15,112,112,222,112,56,135,0,ok
train/8-15/74.jpg,8,15,112,112,222,112,10,154,0,ok
train/8-15/75.jpg,8,15,112,112,222,112,56,135,0,ok
train/8-15/76.jpg,8,15,112,112,3,112,212,71,180,ok
train/8-15/77.jpg,8,15,112,112,222,112,10,154,0,ok
train/8-15/78.jpg,8,15,112,112,2,112,167,89,180,ok
train/8-15/79.jpg,8,15,112,112,112,222,70,10,90,ok
train/8-15/8.jpg,8,15,112,112,19,112,167,89,180,ok
train/8-15/81.jpg,8,15,112,112,2,112,214,70,180,ok
train/8-15/82.jpg,8,15,112,112,2,112,214,70,180,ok
train/8-15/83.jpg,8,15,112,112,222,112,10,154,0,ok
train/8-15/84.jpg,8,15,112,112,222,112,56,135,0,ok
train/8-15/85.jpg,8,15,112,112,112,222,79,33,90,ok
train/8-15/86.jpg,8,15,112,112,205,112,56,135,0,ok
train/8-15/88.jpg,8,15,112,112,112,211,89,56,90,ok
train/8-15/89.jpg,8,15,112,112,2,112,167,89,180,ok
train/8-15/9.jpg,8,15,112,112,112,208,89,56,90,ok
train/8-15/90.jpg,8,15,112,112,222,112,10,154,0,ok
train/8-15/91.jpg,8,15,112,112,112,222,70,10,90,ok
train/8-15/93.jpg,8,15,112,112,222,112,10,154,0,ok
train/8-15/94.jpg,8,15,112,112,112,216,70,10,90,ok
train/8-15/95.jpg,8,15,112,112,5,112,167,89,180,ok
train/8-15/96.jpg,8,15,112,112,112,222,89,56,90,ok
train/8-15/98.jpg,8,15,112,112,112,211,89,56,90,ok
train/8-15/99.jpg,8,15,112,112,2,112,167,89,180,ok
train/8-20/0.jpg,8,20,112,112,199,162,55,133,0,ok
train/8-20/1.jpg,8,20,112,112,57,207,74,9,90,ok
train/8-20/11.jpg,8,20,112,112,57,207,74,9,90,ok
train/8-20/12.jpg,8,20,112,112,31,65,168,91,180,ok
train/8-20/13.jpg,8,20,112,112,64,195,91,55,90,ok
train/8-20/14.jpg,8,20,112,112,207,167,9,150,0,ok
train/8-20/15.jpg,8,20,112,112,192,158,55,133,0,ok
train/8-20/16.jpg,8,20,112,112,207,167,9,150,0,ok
train/8-20/17.jpg,8,20,112,112,20,59,168,91,180,ok
train/8-20/19.jpg,8,20,112,112,57,207,91,55,90,ok
train/8-20/2.jpg,8,20,112,112,192,158,55,133,0,ok
train/8-20/21.jpg,8,20,112,112,64,195,91,55,90,ok
train/8-20/23.jpg,8,20,112,112,207,167,9,150,0,ok
train/8-20/24.jpg,8,20,112,112,57,207,91,55,90,ok
train/8-20/26.jpg,8,20,112,112,165,20,148,212,270,ok
train/8-20/28.jpg,8,20,112,112,17,57,168,91,180,ok
train/8-20/29.jpg,8,20,112,112,207,167,54,133,0,ok
train/8-20/3.jpg,8,20,112,112,191,157,9,150,0,ok
train/8-20/30.jpg,8,20,112,112,192,158,55,133,0,ok
train/8-20/31.jpg,8,20,112,112,160,28,133,168,270,ok
train/8-20/33.jpg,8,20,112,112,193,159,55,133,0,ok
train/8-20/34.jpg,8,20,112,112,66,192,91,55,90,ok
train/8-20/35.jpg,8,20,112,112,17,57,214,75,180,ok
train/8-20/36.jpg,8,20,112,112,207,167,9,150,0,ok
train/8-20/37.jpg,8,20,112,112,27,63,178,88,180,ok
train/8-20/39.jpg,8,20,112,112,167,17,135,174,270,ok
train/8-20/4.jpg,8,20,112,112,57,207,74,9,90,ok
train/8-20/40.jpg,8,20,112,112,207,167,33,141,0,ok
train/8-20/41.jpg,8,20,112,112,57,207,74,9,90,ok
train/8-20/42.jpg,8,20,112,112,167,17,133,168,270,ok
train/8-20/43.jpg,8,20,112,112,17,57,214,75,180,ok
train/8-20/45.jpg,8,20,112,112,64,195,91,55,90,ok
train/8-20/46.jpg,8,20,112,112,158,31,133,168,270,ok
train/8-20/47.jpg,8,20,112,112,17,57,168,91,180,ok
train/8-20/5.jpg,8,20,112,112,192,158,55,133,0,ok
train/8-20/51.jpg,8,20,112,112,207,167,55,133,0,ok
train/8-20/52.jpg,8,20,112,112,17,57,215,74,180,ok
train/8-20/53.jpg,8,20,112,112,17,57,215,74,180,ok
train/8-20/54.jpg,8,20,112,112,207,167,9,150,0,ok
train/8-20/55.jpg,8,20,112,112,207,167,9,150,0,ok
train/8-20/56.jpg,8,20,112,112,163,24,133,168,270,ok
train/8-20/58.jpg,8,20,112,112,207,167,48,135,0,ok
train/8-20/59.jpg,8,20,112,112,198,161,45,136,0,ok
train/8-20/6.jpg,8,20,112,112,207,167,9,150,0,ok
train/8-20/60.jpg,8,20,112,112,63,197,91,55,90,ok
train/8-20/61.jpg,8,20,112,112,65,193,91,55,90,ok
train/8-20/64.jpg,8,20,112,112,192,158,55,133,0,ok
train/8-20/65.jpg,8,20,112,112,57,207,74,9,90,ok
train/8-20/66.jpg,8,20,112,112,200,163,55,133,0,ok
train/8-20/67.jpg,8,20,112,112,17,57,168,91,180,ok
train/8-20/69.jpg,8,20,112,112,207,167,9,150,0,ok
train/8-20/7.jpg,8,20,112,112,164,23,150,215,270,ok
train/8-20/71.jpg,8,20,112,112,17,57,215,74,180,ok
train/8-20/73.jpg,8,20,112,112,207,167,48,135,0,ok
train/8-20/74.jpg,8,20,112,112,57,207,74,9,90,ok
train/8-20/75.jpg,8,20,112,112,27,63,168,91,180,ok
train/8-20/76.jpg,8,20,112,112,35,68,214,75,180,ok
train/8-20/77.jpg,8,20,112,112,207,167,9,150,0,ok
train/8-20/78.jpg,8,20,112,112,28,64,168,91,180,ok
train/8-20/79.jpg,8,20,112,112,17,57,215,74,180,ok
train/8-20/80.jpg,8,20,112,112,17,57,168,91,180,ok
train/8-20/81.jpg,8,20,112,112,57,207,74,9,90,ok
train/8-20/83.jpg,8,20,112,112,207,167,9,150,0,ok
train/8-20/84.jpg,8,20,112,112,207,167,55,133,0,ok
train/8-20/85.jpg,8,20,112,112,207,167,55,133,0,ok
train/8-20/86.jpg,8,20,112,112,65,193,91,55,90,ok
train/8-20/87.jpg,8,20,112,112,17,57,168,91,180,ok
train/8-20/88.jpg,8,20,112,112,61,200,91,55,90,ok
train/8-20/89.jpg,8,20,112,112,207,167,55,133,0,ok
train/8-20/9.jpg,8,20,112,112,160,30,133,168,270,ok
train/8-20/90.jpg,8,20,112,112,207,167,9,150,0,ok
train/8-20/91.jpg,8,20,112,112,57,207,74,9,90,ok
train/8-20/92.jpg,8,20,112,112,57,207,88,47,90,ok
train/8-20/93.jpg,8,20,112,112,207,167,9,150,0,ok
train/8-20/94.jpg,8,20,112,112,167,17,150,215,270,ok
train/8-20/95.jpg,8,20,112,112,59,203,91,55,90,ok
train/8-20/96.jpg,8,20,112,112,17,57,168,91,180,ok
train/8-20/97.jpg,8,20,112,112,206,166,55,133,0,ok
train/8-20/98.jpg,8,20,112,112,199,162,55,133,0,ok
train/8-20/99.jpg,8,20,112,112,192,158,55,133,0,ok
train/8-25/1.jpg,8,25,112,112,167,207,7,145,0,ok
train/8-25/10.jpg,8,25,112,112,167,207,54,130,0,ok
train/8-25/11.jpg,8,25,112,112,167,207,7,145,0,ok
train/8-25/12.jpg,8,25,112,112,207,57,130,169,270,ok
train/8-25/13.jpg,8,25,112,112,158,192,54,130,0,ok
train/8-25/14.jpg,8,25,112,112,167,207,7,145,0,ok
train/8-25/15.jpg,8,25,112,112,193,65,130,169,270,ok
train/8-25/16.jpg,8,25,112,112,167,207,7,145,0,ok
train/8-25/17.jpg,8,25,112,112,158,192,54,130,0,ok
train/8-25/18.jpg,8,25,112,112,207,57,131,171,270,ok
train/8-25/19.jpg,8,25,112,112,207,57,130,169,270,ok
train/8-25/2.jpg,8,25,112,112,160,194,54,130,0,ok
train/8-25/21.jpg,8,25,112,112,192,66,130,169,270,ok
train/8-25/22.jpg,8,25,112,112,166,206,8,145,0,ok
train/8-25/23.jpg,8,25,112,112,167,207,7,145,0,ok
train/8-25/24.jpg,8,25,112,112,207,57,130,169,270,ok
train/8-25/26.jpg,8,25,112,112,65,31,214,80,180,ok
train/8-25/27.jpg,8,25,112,112,167,207,7,145,0,ok
train/8-25/29.jpg,8,25,112,112,17,167,94,54,90,ok
train/8-25/30.jpg,8,25,112,112,192,66,130,169,270,ok
train/8-25/31.jpg,8,25,112,112,167,207,54,130,0,ok
train/8-25/33.jpg,8,25,112,112,159,193,54,130,0,ok
train/8-25/34.jpg,8,25,112,112,28,161,94,54,90,ok
train/8-25/35.jpg,8,25,112,112,167,207,7,145,0,ok
train/8-25/36.jpg,8,25,112,112,167,207,7,145,0,ok
train/8-25/37.jpg,8,25,112,112,25,162,91,44,90,ok
train/8-25/38.jpg,8,25,112,112,158,192,54,130,0,ok
train/8-25/39.jpg,8,25,112,112,167,207,45,133,0,ok
train/8-25/4.jpg,8,25,112,112,167,207,7,145,0,ok
train/8-25/40.jpg,8,25,112,112,167,207,52,131,0,ok
train/8-25/41.jpg,8,25,112,112,167,207,7,145,0,ok
train/8-25/42.jpg,8,25,112,112,167,207,54,130,0,ok
train/8-25/43.jpg,8,25,112,112,166,206,7,145,0,ok
train/8-25/44.jpg,8,25,112,112,167,207,54,130,0,ok
train/8-25/45.jpg,8,25,112,112,162,199,54,130,0,ok
train/8-25/47.jpg,8,25,112,112,64,29,169,94,180,ok
train/8-25/49.jpg,8,25,112,112,167,207,48,132,0,ok
train/8-25/5.jpg,8,25,112,112,160,194,54,130,0,ok
train/8-25/50.jpg,8,25,112,112,167,207,7,145,0,ok
train/8-25/52.jpg,8,25,112,112,167,207,7,145,0,ok
train/8-25/53.jpg,8,25,112,112,167,207,7,145,0,ok
train/8-25/54.jpg,8,25,112,112,167,207,7,145,0,ok
train/8-25/55.jpg,8,25,112,112,167,207,7,145,0,ok
train/8-25/57.jpg,8,25,112,112,167,207,7,145,0,ok
train/8-25/58.jpg,8,25,112,112,162,199,45,133,0,ok
train/8-25/59.jpg,8,25,112,112,161,197,44,133,0,ok
train/8-25/6.jpg,8,25,112,112,167,207,7,145,0,ok
train/8-25/61.jpg,8,25,112,112,163,200,54,130,0,ok
train/8-25/62.jpg,8,25,112,112,167,207,54,130,0,ok
train/8-25/63.jpg,8,25,112,112,160,194,54,130,0,ok
train/8-25/64.jpg,8,25,112,112,207,57,130,169,270,ok
train/8-25/65.jpg,8,25,112,112,17,167,79,7,90,ok
train/8-25/66.jpg,8,25,112,112,167,207,54,130,0,ok
train/8-25/68.jpg,8,25,112,112,158,192,54,130,0,ok
train/8-25/69.jpg,8,25,112,112,167,207,7,145,0,ok
train/8-25/7.jpg,8,25,112,112,207,57,145,217,270,ok
train/8-25/70.jpg,8,25,112,112,17,167,79,8,90,ok
train/8-25/71.jpg,8,25,112,112,57,17,217,79,180,ok
train/8-25/72.jpg,8,25,112,112,207,57,130,169,270,ok
train/8-25/73.jpg,8,25,112,112,167,207,53,131,0,ok
train/8-25/74.jpg,8,25,112,112,167,207,7,145,0,ok
train/8-25/76.jpg,8,25,112,112,35,157,79,8,90,ok
train/8-25/77.jpg,8,25,112,112,167,207,7,145,0,ok
train/8-25/79.jpg,8,25,112,112,167,207,7,145,0,ok
train/8-25/80.jpg,8,25,112,112,198,62,130,169,270,ok
train/8-25/81.jpg,8,25,112,112,167,207,7,145,0,ok
train/8-25/82.jpg,8,25,112,112,17,167,79,7,90,ok
train/8-25/85.jpg,8,25,112,112,167,207,49,132,0,ok
train/8-25/86.jpg,8,25,112,112,160,195,54,130,0,ok
train/8-25/87.jpg,8,25,112,112,167,207,54,130,0,ok
train/8-25/88.jpg,8,25,112,112,60,22,169,94,180,ok
train/8-25/89.jpg,8,25,112,112,57,17,169,94,180,ok
train/8-25/90.jpg,8,25,112,112,17,167,79,7,90,ok
train/8-25/91.jpg,8,25,112,112,17,167,79,7,90,ok
train/8-25/93.jpg,8,25,112,112,17,167,79,7,90,ok
train/8-25/94.jpg,8,25,112,112,17,167,79,7,90,ok
train/8-25/95.jpg,8,25,112,112,167,207,54,130,0,ok
train/8-25/96.jpg,8,25,112,112,207,57,130,169,270,ok
train/8-25/97.jpg,8,25,112,112,64,29,169,94,180,ok
train/8-25/98.jpg,8,25,112,112,167,207,54,130,0,ok
train/8-30/0.jpg,8,30,112,112,112,215,53,128,0,ok
train/8-30/1.jpg,8,30,112,112,112,222,6,140,0,ok
train/8-30/10.jpg,8,30,112,112,112,204,53,128,0,ok
train/8-30/11.jpg,8,30,112,112,112,222,6,140,0,ok
train/8-30/12.jpg,8,30,112,112,112,222,53,128,0,ok
train/8-30/15.jpg,8,30,112,112,112,18,170,96,180,ok
train/8-30/17.jpg,8,30,112,112,112,204,53,128,0,ok
train/8-30/18.jpg,8,30,112,112,112,222,51,128,0,ok
train/8-30/19.jpg,8,30,112,112,112,222,53,128,0,ok
train/8-30/2.jpg,8,30,112,112,222,112,128,170,270,ok
train/8-30/20.jpg,8,30,112,112,112,8,170,96,180,ok
train/8-30/21.jpg,8,30,112,112,19,112,96,53,90,ok
train/8-30/22.jpg,8,30,112,112,112,222,7,140,0,ok
train/8-30/24.jpg,8,30,112,112,112,222,53,128,0,ok
train/8-30/25.jpg,8,30,112,112,112,222,6,140,0,ok
train/8-30/27.jpg,8,30,112,112,112,222,6,140,0,ok
train/8-30/28.jpg,8,30,112,112,205,112,128,170,270,ok
train/8-30/29.jpg,8,30,112,112,112,2,171,96,180,ok
train/8-30/3.jpg,8,30,112,112,2,112,88,21,90,ok
train/8-30/30.jpg,8,30,112,112,19,112,96,53,90,ok
train/8-30/31.jpg,8,30,112,112,205,112,128,170,270,ok
train/8-30/32.jpg,8,30,112,112,112,222,6,140,0,ok
train/8-30/33.jpg,8,30,112,112,112,222,53,128,0,ok
train/8-30/35.jpg,8,30,112,112,222,112,140,217,270,ok
train/8-30/36.jpg,8,30,112,112,2,112,84,6,90,ok
train/8-30/37.jpg,8,30,112,112,112,2,192,91,180,ok
train/8-30/38.jpg,8,30,112,112,19,112,96,53,90,ok
train/8-30/39.jpg,8,30,112,112,112,17,176,95,180,ok
train/8-30/40.jpg,8,30,112,112,112,222,53,128,0,ok
train/8-30/41.jpg,8,30,112,112,112,222,6,140,0,ok
train/8-30/43.jpg,8,30,112,112,222,112,140,217,270,ok
train/8-30/44.jpg,8,30,112,112,112,222,53,128,0,ok
train/8-30/46.jpg,8,30,112,112,112,204,53,128,0,ok
train/8-30/47.jpg,8,30,112,112,112,207,53,128,0,ok
train/8-30/48.jpg,8,30,112,112,112,222,6,140,0,ok
train/8-30/49.jpg,8,30,112,112,19,112,96,53,90,ok
train/8-30/5.jpg,8,30,112,112,112,204,53,128,0,ok
train/8-30/50.jpg,8,30,112,112,112,222,6,140,0,ok
train/8-30/51.jpg,8,30,112,112,112,222,53,128,0,ok
train/8-30/52.jpg,8,30,112,112,112,222,6,140,0,ok
train/8-30/53.jpg,8,30,112,112,112,222,6,140,0,ok
train/8-30/54.jpg,8,30,112,112,112,222,6,140,0,ok
train/8-30/55.jpg,8,30,112,112,112,222,6,140,0,ok
train/8-30/56.jpg,8,30,112,112,112,206,53,128,0,ok
train/8-30/57.jpg,8,30,112,112,112,2,218,84,180,ok
train/8-30/58.jpg,8,30,112,112,214,112,133,191,270,ok
train/8-30/60.jpg,8,30,112,112,19,112,96,53,90,ok
train/8-30/61.jpg,8,30,112,112,112,13,170,96,180,ok
train/8-30/62.jpg,8,30,112,112,222,112,128,170,270,ok
train/8-30/63.jpg,8,30,112,112,112,207,53,128,0,ok
train/8-30/64.jpg,8,30,112,112,112,222,53,128,0,ok
train/8-30/65.jpg,8,30,112,112,3,112,84,6,90,ok
train/8-30/67.jpg,8,30,112,112,112,222,52,128,0,ok
train/8-30/69.jpg,8,30,112,112,112,222,6,140,0,ok
train/8-30/7.jpg,8,30,112,112,2,112,96,53,90,ok
train/8-30/70.jpg,8,30,112,112,2,112,84,6,90,ok
train/8-30/71.jpg,8,30,112,112,2,112,84,6,90,ok
train/8-30/73.jpg,8,30,112,112,2,112,95,50,90,ok
train/8-30/74.jpg,8,30,112,112,112,222,6,140,0,ok
train/8-30/75.jpg,8,30,112,112,112,17,170,96,180,ok
train/8-30/78.jpg,8,30,112,112,112,222,53,128,0,ok
train/8-30/79.jpg,8,30,112,112,112,222,6,140,0,ok
train/8-30/80.jpg,8,30,112,112,19,112,96,53,90,ok
train/8-30/81.jpg,8,30,112,112,2,112,84,6,90,ok
train/8-30/82.jpg,8,30,112,112,112,222,6,140,0,ok
train/8-30/83.jpg,8,30,112,112,112,222,6,140,0,ok
train/8-30/85.jpg,8,30,112,112,112,222,53,128,0,ok
train/8-30/86.jpg,8,30,112,112,112,209,53,128,0,ok
train/8-30/87.jpg,8,30,112,112,222,112,128,170,270,ok
train/8-30/88.jpg,8,30,112,112,13,112,96,53,90,ok
train/8-30/89.jpg,8,30,112,112,112,204,53,128,0,ok
train/8-30/9.jpg,8,30,112,112,2,112,96,53,90,ok
train/8-30/90.jpg,8,30,112,112,112,222,6,140,0,ok
train/8-30/91.jpg,8,30,112,112,112,222,6,140,0,ok
train/8-30/92.jpg,8,30,112,112,2,112,84,6,90,ok
train/8-30/93.jpg,8,30,112,112,112,222,6,140,0,ok
train/8-30/94.jpg,8,30,112,112,112,206,6,140,0,ok
train/8-30/96.jpg,8,30,112,112,222,112,128,170,270,ok
train/8-30/97.jpg,8,30,112,112,207,112,128,170,270,ok
train/8-30/98.jpg,8,30,112,112,112,204,53,128,0,ok
train/8-35/0.jpg,8,35,112,112,162,25,171,99,180,ok
train/8-35/10.jpg,8,35,112,112,66,192,53,125,0,ok
train/8-35/11.jpg,8,35,112,112,57,207,5,136,0,ok
train/8-35/12.jpg,8,35,112,112,57,207,53,125,0,ok
train/8-35/13.jpg,8,35,112,112,31,65,99,52,90,ok
train/8-35/14.jpg,8,35,112,112,57,207,5,136,0,ok
train/8-35/16.jpg,8,35,112,112,57,207,5,136,0,ok
train/8-35/17.jpg,8,35,112,112,59,204,53,125,0,ok
train/8-35/18.jpg,8,35,112,112,57,207,52,125,0,ok
train/8-35/19.jpg,8,35,112,112,57,207,53,125,0,ok
train/8-35/20.jpg,8,35,112,112,22,60,99,52,90,ok
train/8-35/22.jpg,8,35,112,112,61,200,5,136,0,ok
train/8-35/23.jpg,8,35,112,112,17,57,88,5,90,ok
train/8-35/24.jpg,8,35,112,112,57,207,53,125,0,ok
train/8-35/26.jpg,8,35,112,112,165,20,216,89,180,ok
train/8-35/27.jpg,8,35,112,112,57,207,5,136,0,ok
train/8-35/28.jpg,8,35,112,112,17,57,99,52,90,ok
train/8-35/29.jpg,8,35,112,112,57,207,53,125,0,ok
train/8-35/3.jpg,8,35,112,112,207,167,136,219,270,ok
train/8-35/30.jpg,8,35,112,112,158,31,171,99,180,ok
train/8-35/31.jpg,8,35,112,112,57,207,53,125,0,ok
train/8-35/32.jpg,8,35,112,112,57,207,5,136,0,ok
train/8-35/33.jpg,8,35,112,112,66,192,53,125,0,ok
train/8-35/35.jpg,8,35,112,112,206,166,136,219,270,ok
train/8-35/36.jpg,8,35,112,112,17,57,88,5,90,ok
train/8-35/37.jpg,8,35,112,112,28,64,95,36,90,ok
train/8-35/38.jpg,8,35,112,112,17,57,99,52,90,ok
train/8-35/39.jpg,8,35,112,112,207,167,126,176,270,ok
train/8-35/4.jpg,8,35,112,112,207,167,136,219,270,ok
train/8-35/40.jpg,8,35,112,112,57,207,53,125,0,ok
train/8-35/41.jpg,8,35,112,112,57,207,5,136,0,ok
train/8-35/43.jpg,8,35,112,112,57,207,5,136,0,ok
train/8-35/44.jpg,8,35,112,112,198,161,125,170,270,ok
train/8-35/45.jpg,8,35,112,112,199,162,125,170,270,ok
train/8-35/46.jpg,8,35,112,112,192,158,125,170,270,ok
train/8-35/47.jpg,8,35,112,112,206,166,125,170,270,ok
train/8-35/48.jpg,8,35,112,112,57,207,5,136,0,ok
train/8-35/49.jpg,8,35,112,112,66,192,47,127,0,ok
train/8-35/5.jpg,8,35,112,112,57,207,53,125,0,ok
train/8-35/50.jpg,8,35,112,112,17,57,88,5,90,ok
train/8-35/51.jpg,8,35,112,112,57,207,53,125,0,ok
train/8-35/52.jpg,8,35,112,112,167,17,219,88,180,ok
train/8-35/54.jpg,8,35,112,112,57,207,5,136,0,ok
train/8-35/57.jpg,8,35,112,112,17,57,88,5,90,ok
train/8-35/58.jpg,8,35,112,112,59,203,34,129,0,ok
train/8-35/59.jpg,8,35,112,112,57,207,42,128,0,ok
train/8-35/6.jpg,8,35,112,112,57,207,5,136,0,ok
train/8-35/60.jpg,8,35,112,112,162,25,171,99,180,ok
train/8-35/61.jpg,8,35,112,112,31,65,99,52,90,ok
train/8-35/64.jpg,8,35,112,112,17,57,99,52,90,ok
train/8-35/65.jpg,8,35,112,112,57,207,5,136,0,ok
train/8-35/66.jpg,8,35,112,112,64,195,53,125,0,ok
train/8-35/67.jpg,8,35,112,112,57,207,53,125,0,ok
train/8-35/68.jpg,8,35,112,112,66,192,53,125,0,ok
train/8-35/69.jpg,8,35,112,112,57,207,5,136,0,ok
train/8-35/7.jpg,8,35,112,112,167,17,171,99,180,ok
train/8-35/70.jpg,8,35,112,112,57,207,5,136,0,ok
train/8-35/71.jpg,8,35,112,112,17,57,88,5,90,ok
train/8-35/74.jpg,8,35,112,112,57,207,5,136,0,ok
train/8-35/75.jpg,8,35,112,112,64,194,53,125,0,ok
train/8-35/76.jpg,8,35,112,112,68,189,5,136,0,ok
train/8-35/77.jpg,8,35,112,112,57,207,5,136,0,ok
train/8-35/79.jpg,8,35,112,112,207,167,136,219,270,ok
train/8-35/80.jpg,8,35,112,112,17,57,99,52,90,ok
train/8-35/81.jpg,8,35,112,112,57,207,5,136,0,ok
train/8-35/82.jpg,8,35,112,112,57,207,5,136,0,ok
train/8-35/83.jpg,8,35,112,112,57,207,5,136,0,ok
train/8-35/84.jpg,8,35,112,112,57,207,53,125,0,ok
train/8-35/85.jpg,8,35,112,112,57,207,51,125,0,ok
train/8-35/86.jpg,8,35,112,112,65,193,53,125,0,ok
train/8-35/87.jpg,8,35,112,112,65,193,53,125,0,ok
train/8-35/89.jpg,8,35,112,112,158,31,171,99,180,ok
train/8-35/90.jpg,8,35,112,112,57,207,5,136,0,ok
train/8-35/91.jpg,8,35,112,112,57,207,5,136,0,ok
train/8-35/92.jpg,8,35,112,112,207,167,136,219,270,ok
train/8-35/93.jpg,8,35,112,112,57,207,5,136,0,ok
train/8-35/95.jpg,8,35,112,112,57,207,53,125,0,ok
train/8-35/96.jpg,8,35,112,112,207,167,125,170,270,ok
train/8-35/97.jpg,8,35,112,112,57,207,53,125,0,ok
train/8-35/98.jpg,8,35,112,112,27,63,99,52,90,ok
train/8-40/0.jpg,8,40,112,112,22,164,52,123,0,ok
train/8-40/1.jpg,8,40,112,112,167,207,131,220,270,ok
train/8-40/10.jpg,8,40,112,112,17,167,52,123,0,ok
train/8-40/11.jpg,8,40,112,112,17,167,4,131,0,ok
train/8-40/12.jpg,8,40,112,112,160,194,122,171,270,ok
train/8-40/14.jpg,8,40,112,112,17,167,4,131,0,ok
train/8-40/17.jpg,8,40,112,112,202,60,171,102,180,ok
train/8-40/18.jpg,8,40,112,112,32,158,52,123,0,ok
train/8-40/19.jpg,8,40,112,112,17,167,52,123,0,ok
train/8-40/2.jpg,8,40,112,112,207,57,171,102,180,ok
train/8-40/21.jpg,8,40,112,112,158,192,122,171,270,ok
train/8-40/22.jpg,8,40,112,112,57,17,93,4,90,ok
train/8-40/23.jpg,8,40,112,112,57,17,93,4,90,ok
train/8-40/24.jpg,8,40,112,112,207,57,171,102,180,ok
train/8-40/25.jpg,8,40,112,112,17,167,4,131,0,ok
train/8-40/26.jpg,8,40,112,112,165,204,131,217,270,ok
train/8-40/28.jpg,8,40,112,112,167,207,122,171,270,ok
train/8-40/29.jpg,8,40,112,112,17,167,51,123,0,ok
train/8-40/3.jpg,8,40,112,112,57,17,93,4,90,ok
train/8-40/30.jpg,8,40,112,112,32,158,52,123,0,ok
train/8-40/32.jpg,8,40,112,112,17,167,4,131,0,ok
train/8-40/34.jpg,8,40,112,112,206,57,171,102,180,ok
train/8-40/35.jpg,8,40,112,112,57,17,93,4,90,ok
train/8-40/36.jpg,8,40,112,112,57,17,93,4,90,ok
train/8-40/37.jpg,8,40,112,112,63,27,95,16,90,ok
train/8-40/38.jpg,8,40,112,112,158,192,122,171,270,ok
train/8-40/39.jpg,8,40,112,112,207,57,177,101,180,ok
train/8-40/4.jpg,8,40,112,112,207,57,220,93,180,ok
train/8-40/40.jpg,8,40,112,112,17,167,52,123,0,ok
train/8-40/42.jpg,8,40,112,112,17,167,52,123,0,ok
train/8-40/43.jpg,8,40,112,112,207,57,220,93,180,ok
train/8-40/44.jpg,8,40,112,112,199,61,171,102,180,ok
train/8-40/45.jpg,8,40,112,112,27,161,52,123,0,ok
train/8-40/46.jpg,8,40,112,112,65,31,101,52,90,ok
train/8-40/47.jpg,8,40,112,112,17,167,52,123,0,ok
train/8-40/48.jpg,8,40,112,112,17,167,4,131,0,ok
train/8-40/5.jpg,8,40,112,112,57,18,101,52,90,ok
train/8-40/50.jpg,8,40,112,112,57,17,93,4,90,ok
train/8-40/51.jpg,8,40,112,112,207,57,171,102,180,ok
train/8-40/52.jpg,8,40,112,112,207,57,220,93,180,ok
train/8-40/53.jpg,8,40,112,112,167,207,131,220,270,ok
train/8-40/54.jpg,8,40,112,112,17,167,4,131,0,ok
train/8-40/55.jpg,8,40,112,112,17,167,4,131,0,ok
train/8-40/57.jpg,8,40,112,112,17,167,4,131,0,ok
train/8-40/58.jpg,8,40,112,112,196,63,184,99,180,ok
train/8-40/6.jpg,8,40,112,112,17,167,4,131,0,ok
train/8-40/60.jpg,8,40,112,112,65,31,101,52,90,ok
train/8-40/61.jpg,8,40,112,112,27,161,52,123,0,ok
train/8-40/62.jpg,8,40,112,112,207,57,171,102,180,ok
train/8-40/63.jpg,8,40,112,112,62,25,101,52,90,ok
train/8-40/65.jpg,8,40,112,112,166,206,131,220,270,ok
train/8-40/66.jpg,8,40,112,112,197,63,171,102,180,ok
train/8-40/67.jpg,8,40,112,112,17,167,52,123,0,ok
train/8-40/69.jpg,8,40,112,112,17,167,4,131,0,ok
train/8-40/7.jpg,8,40,112,112,17,167,52,123,0,ok
train/8-40/70.jpg,8,40,112,112,57,17,93,4,90,ok
train/8-40/73.jpg,8,40,112,112,207,57,174,101,180,ok
train/8-40/75.jpg,8,40,112,112,32,158,52,123,0,ok
train/8-40/76.jpg,8,40,112,112,67,34,93,4,90,ok
train/8-40/77.jpg,8,40,112,112,17,167,4,131,0,ok
train/8-40/78.jpg,8,40,112,112,18,167,52,123,0,ok
train/8-40/79.jpg,8,40,112,112,207,57,220,93,180,ok
train/8-40/81.jpg,8,40,112,112,57,17,93,4,90,ok
train/8-40/82.jpg,8,40,112,112,17,167,4,131,0,ok
train/8-40/83.jpg,8,40,112,112,17,167,4,131,0,ok
train/8-40/84.jpg,8,40,112,112,57,17,101,52,90,ok
train/8-40/85.jpg,8,40,112,112,17,167,40,125,0,ok
train/8-40/86.jpg,8,40,112,112,64,30,101,52,90,ok
train/8-40/87.jpg,8,40,112,112,207,57,171,102,180,ok
train/8-40/88.jpg,8,40,112,112,63,27,101,52,90,ok
train/8-40/9.jpg,8,40,112,112,17,167,52,123,0,ok
train/8-40/90.jpg,8,40,112,112,57,17,93,4,90,ok
train/8-40/91.jpg,8,40,112,112,57,17,93,4,90,ok
train/8-40/92.jpg,8,40,112,112,17,167,4,131,0,ok
train/8-40/93.jpg,8,40,112,112,17,167,4,131,0,ok
train/8-40/94.jpg,8,40,112,112,18,167,4,131,0,ok
train/8-40/95.jpg,8,40,112,112,203,59,171,102,180,ok
train/8-40/97.jpg,8,40,112,112,17,167,52,123,0,ok
train/8-40/98.jpg,8,40,112,112,32,158,52,123,0,ok
train/8-40/99.jpg,8,40,112,112,32,158,52,123,0,ok
train/8-45/0.jpg,8,45,112,112,7,112,52,120,0,ok
train/8-45/10.jpg,8,45,112,112,222,112,172,104,180,ok
train/8-45/12.jpg,8,45,112,112,112,222,120,171,270,ok
train/8-45/14.jpg,8,45,112,112,2,112,3,126,0,ok
train/8-45/15.jpg,8,45,112,112,19,112,52,120,0,ok
train/8-45/16.jpg,8,45,112,112,2,112,3,126,0,ok
train/8-45/19.jpg,8,45,112,112,112,204,120,171,270,ok
train/8-45/2.jpg,8,45,112,112,2,112,52,120,0,ok
train/8-45/20.jpg,8,45,112,112,112,209,120,171,270,ok
train/8-45/21.jpg,8,45,112,112,15,112,52,120,0,ok
train/8-45/22.jpg,8,45,112,112,112,222,126,221,270,ok
train/8-45/24.jpg,8,45,112,112,222,112,172,104,180,ok
train/8-45/25.jpg,8,45,112,112,112,222,126,221,270,ok
train/8-45/27.jpg,8,45,112,112,2,112,3,126,0,ok
train/8-45/28.jpg,8,45,112,112,2,112,52,120,0,ok
train/8-45/29.jpg,8,45,112,112,2,112,52,120,0,ok
train/8-45/3.jpg,8,45,112,112,112,222,126,221,270,ok
train/8-45/30.jpg,8,45,112,112,112,204,120,171,270,ok
train/8-45/31.jpg,8,45,112,112,112,14,104,51,90,ok
train/8-45/32.jpg,8,45,112,112,2,112,3,126,0,ok
train/8-45/33.jpg,8,45,112,112,19,112,52,120,0,ok
train/8-45/35.jpg,8,45,112,112,112,222,126,221,270,ok
train/8-45/37.jpg,8,45,112,112,112,210,122,187,270,ok
train/8-45/38.jpg,8,45,112,112,112,2,104,51,90,ok
train/8-45/4.jpg,8,45,112,112,222,112,221,98,180,ok
train/8-45/40.jpg,8,45,112,112,2,112,48,120,0,ok
train/8-45/41.jpg,8,45,112,112,112,222,126,221,270,ok
train/8-45/42.jpg,8,45,112,112,2,112,52,120,0,ok
train/8-45/43.jpg,8,45,112,112,112,2,98,3,90,ok
train/8-45/45.jpg,8,45,112,112,15,112,52,120,0,ok
train/8-45/48.jpg,8,45,112,112,2,112,3,126,0,ok
train/8-45/49.jpg,8,45,112,112,17,112,46,121,0,ok
train/8-45/5.jpg,8,45,112,112,112,204,120,171,270,ok
train/8-45/50.jpg,8,45,112,112,112,2,98,3,90,ok
train/8-45/51.jpg,8,45,112,112,2,112,52,120,0,ok
train/8-45/53.jpg,8,45,112,112,218,112,221,98,180,ok
train/8-45/55.jpg,8,45,112,112,2,112,3,126,0,ok
train/8-45/56.jpg,8,45,112,112,12,112,52,120,0,ok
train/8-45/57.jpg,8,45,112,112,2,112,3,126,0,ok
train/8-45/58.jpg,8,45,112,112,222,112,172,104,180,ok
train/8-45/59.jpg,8,45,112,112,112,222,121,182,270,ok
train/8-45/6.jpg,8,45,112,112,2,112,3,126,0,ok
train/8-45/60.jpg,8,45,112,112,11,112,52,120,0,ok
train/8-45/61.jpg,8,45,112,112,211,112,172,104,180,ok
train/8-45/62.jpg,8,45,112,112,208,112,172,104,180,ok
train/8-45/64.jpg,8,45,112,112,6,112,52,120,0,ok
train/8-45/65.jpg,8,45,112,112,222,112,221,98,180,ok
train/8-45/66.jpg,8,45,112,112,112,212,120,171,270,ok
train/8-45/67.jpg,8,45,112,112,219,112,172,104,180,ok
train/8-45/68.jpg,8,45,112,112,19,112,52,120,0,ok
train/8-45/7.jpg,8,45,112,112,112,222,120,171,270,ok
train/8-45/70.jpg,8,45,112,112,2,112,3,126,0,ok
train/8-45/71.jpg,8,45,112,112,112,2,98,3,90,ok
train/8-45/73.jpg,8,45,112,112,112,222,124,200,270,ok
train/8-45/74.jpg,8,45,112,112,2,112,3,126,0,ok
train/8-45/75.jpg,8,45,112,112,112,204,120,171,270,ok
train/8-45/76.jpg,8,45,112,112,112,220,126,219,270,ok
train/8-45/77.jpg,8,45,112,112,112,2,98,3,90,ok
train/8-45/78.jpg,8,45,112,112,112,218,120,171,270,ok
train/8-45/79.jpg,8,45,112,112,2,112,3,126,0,ok
train/8-45/8.jpg,8,45,112,112,112,212,120,171,270,ok
train/8-45/80.jpg,8,45,112,112,112,222,120,171,270,ok
train/8-45/81.jpg,8,45,112,112,2,112,3,126,0,ok
train/8-45/82.jpg,8,45,112,112,112,222,126,221,270,ok
train/8-45/84.jpg,8,45,112,112,112,222,120,171,270,ok
train/8-45/85.jpg,8,45,112,112,19,112,18,124,0,ok
train/8-45/86.jpg,8,45,112,112,112,17,104,51,90,ok
train/8-45/87.jpg,8,45,112,112,112,222,120,171,270,ok
train/8-45/88.jpg,8,45,112,112,13,112,52,120,0,ok
train/8-45/89.jpg,8,45,112,112,2,112,52,120,0,ok
train/8-45/9.jpg,8,45,112,112,2,112,52,120,0,ok
train/8-45/90.jpg,8,45,112,112,2,112,3,126,0,ok
train/8-45/91.jpg,8,45,112,112,112,2,98,3,90,ok
train/8-45/93.jpg,8,45,112,112,2,112,3,126,0,ok
train/8-45/94.jpg,8,45,112,112,112,222,122,190,270,ok
train/8-45/95.jpg,8,45,112,112,112,3,104,51,90,ok
train/8-45/96.jpg,8,45,112,112,222,112,172,104,180,ok
train/8-45/97.jpg,8,45,112,112,222,112,172,104,180,ok
train/8-45/98.jpg,8,45,112,112,10,112,52,120,0,ok
train/8-45/99.jpg,8,45,112,112,2,112,52,120,0,ok
train/8-50/0.jpg,8,50,112,112,201,163,172,107,180,ok
train/8-50/10.jpg,8,50,112,112,57,207,117,171,270,ok
train/8-50/11.jpg,8,50,112,112,17,57,2,122,0,ok
train/8-50/13.jpg,8,50,112,112,167,17,107,51,90,ok
train/8-50/14.jpg,8,50,112,112,17,57,2,122,0,ok
train/8-50/16.jpg,8,50,112,112,17,57,2,122,0,ok
train/8-50/17.jpg,8,50,112,112,163,24,107,51,90,ok
train/8-50/18.jpg,8,50,112,112,167,17,106,48,90,ok
train/8-50/19.jpg,8,50,112,112,17,57,52,117,0,ok
train/8-50/20.jpg,8,50,112,112,160,28,107,51,90,ok
train/8-50/21.jpg,8,50,112,112,66,192,117,171,270,ok
train/8-50/22.jpg,8,50,112,112,21,60,3,121,0,ok
train/8-50/23.jpg,8,50,112,112,57,207,122,222,270,ok
train/8-50/24.jpg,8,50,112,112,17,57,52,117,0,ok
train/8-50/25.jpg,8,50,112,112,207,167,222,102,180,ok
train/8-50/26.jpg,8,50,112,112,59,204,121,218,270,ok
train/8-50/27.jpg,8,50,112,112,17,57,2,122,0,ok
train/8-50/29.jpg,8,50,112,112,167,17,107,51,90,ok
train/8-50/3.jpg,8,50,112,112,167,17,102,2,90,ok
train/8-50/30.jpg,8,50,112,112,31,65,52,117,0,ok
train/8-50/31.jpg,8,50,112,112,17,57,52,117,0,ok
train/8-50/32.jpg,8,50,112,112,167,17,102,2,90,ok
train/8-50/33.jpg,8,50,112,112,193,159,172,107,180,ok
train/8-50/34.jpg,8,50,112,112,28,64,52,117,0,ok
train/8-50/35.jpg,8,50,112,112,17,57,2,122,0,ok
train/8-50/38.jpg,8,50,112,112,31,65,52,117,0,ok
train/8-50/39.jpg,8,50,112,112,17,57,47,118,0,ok
train/8-50/4.jpg,8,50,112,112,57,207,122,222,270,ok
train/8-50/40.jpg,8,50,112,112,195,160,222,102,180,ok
train/8-50/42.jpg,8,50,112,112,17,57,52,117,0,ok
train/8-50/43.jpg,8,50,112,112,17,57,2,122,0,ok
train/8-50/44.jpg,8,50,112,112,31,65,52,117,0,ok
train/8-50/45.jpg,8,50,112,112,201,163,172,107,180,ok
train/8-50/47.jpg,8,50,112,112,197,161,172,107,180,ok
train/8-50/48.jpg,8,50,112,112,17,57,2,122,0,ok
train/8-50/5.jpg,8,50,112,112,207,167,172,107,180,ok
train/8-50/50.jpg,8,50,112,112,57,207,122,222,270,ok
train/8-50/51.jpg,8,50,112,112,57,207,117,171,270,ok
train/8-50/52.jpg,8,50,112,112,17,57,2,122,0,ok
train/8-50/53.jpg,8,50,112,112,17,57,2,122,0,ok
train/8-50/54.jpg,8,50,112,112,17,57,2,122,0,ok
train/8-50/55.jpg,8,50,112,112,17,57,2,122,0,ok
train/8-50/56.jpg,8,50,112,112,23,60,52,117,0,ok
train/8-50/57.jpg,8,50,112,112,17,57,2,122,0,ok
train/8-50/58.jpg,8,50,112,112,206,166,176,106,180,ok
train/8-50/59.jpg,8,50,112,112,17,57,41,118,0,ok
train/8-50/60.jpg,8,50,112,112,28,64,52,117,0,ok
train/8-50/63.jpg,8,50,112,112,17,57,52,117,0,ok
train/8-50/64.jpg,8,50,112,112,17,57,52,117,0,ok
train/8-50/65.jpg,8,50,112,112,17,57,2,122,0,ok
train/8-50/66.jpg,8,50,112,112,197,161,172,107,180,ok
train/8-50/67.jpg,8,50,112,112,167,17,107,51,90,ok
train/8-50/68.jpg,8,50,112,112,158,31,104,21,90,ok
train/8-50/69.jpg,8,50,112,112,167,17,102,2,90,ok
train/8-50/7.jpg,8,50,112,112,17,57,52,117,0,ok
train/8-50/70.jpg,8,50,112,112,17,57,3,121,0,ok
train/8-50/71.jpg,8,50,112,112,167,17,102,2,90,ok
train/8-50/72.jpg,8,50,112,112,19,58,52,117,0,ok
train/8-50/73.jpg,8,50,112,112,207,167,181,106,180,ok
train/8-50/74.jpg,8,50,112,112,167,17,102,2,90,ok
train/8-50/75.jpg,8,50,112,112,192,158,172,107,180,ok
train/8-50/76.jpg,8,50,112,112,68,188,121,220,270,ok
train/8-50/77.jpg,8,50,112,112,17,57,2,122,0,ok
train/8-50/78.jpg,8,50,112,112,28,64,52,117,0,ok
train/8-50/79.jpg,8,50,112,112,207,167,222,102,180,ok
train/8-50/8.jpg,8,50,112,112,29,64,52,117,0,ok
train/8-50/80.jpg,8,50,112,112,17,57,52,117,0,ok
train/8-50/81.jpg,8,50,112,112,167,17,102,2,90,ok
train/8-50/82.jpg,8,50,112,112,57,207,122,222,270,ok
train/8-50/83.jpg,8,50,112,112,17,57,2,122,0,ok
train/8-50/85.jpg,8,50,112,112,17,57,19,120,0,ok
train/8-50/86.jpg,8,50,112,112,196,160,172,107,180,ok
train/8-50/88.jpg,8,50,112,112,161,27,107,51,90,ok
train/8-50/9.jpg,8,50,112,112,17,57,52,117,0,ok
train/8-50/91.jpg,8,50,112,112,57,207,122,222,270,ok
train/8-50/92.jpg,8,50,112,112,167,17,102,2,90,ok
train/8-50/93.jpg,8,50,112,112,17,57,2,122,0,ok
train/8-50/95.jpg,8,50,112,112,17,57,52,117,0,ok
train/8-50/97.jpg,8,50,112,112,25,62,52,117,0,ok
train/8-50/98.jpg,8,50,112,112,162,26,107,51,90,ok
train/8-55/1.jpg,8,55,112,112,57,17,2,117,0,ok
train/8-55/10.jpg,8,55,112,112,57,17,52,115,0,ok
train/8-55/11.jpg,8,55,112,112,17,167,117,222,270,ok
train/8-55/12.jpg,8,55,112,112,167,207,222,107,180,ok
train/8-55/13.jpg,8,55,112,112,207,57,109,51,90,ok
train/8-55/14.jpg,8,55,112,112,57,17,2,117,0,ok
train/8-55/15.jpg,8,55,112,112,63,27,52,115,0,ok
train/8-55/16.jpg,8,55,112,112,57,17,2,117,0,ok
train/8-55/17.jpg,8,55,112,112,32,158,115,171,270,ok
train/8-55/18.jpg,8,55,112,112,207,57,107,2,90,ok
train/8-55/19.jpg,8,55,112,112,207,57,109,51,90,ok
train/8-55/21.jpg,8,55,112,112,57,17,52,115,0,ok
train/8-55/22.jpg,8,55,112,112,207,57,107,2,90,ok
train/8-55/23.jpg,8,55,112,112,57,17,2,117,0,ok
train/8-55/24.jpg,8,55,112,112,57,17,52,115,0,ok
train/8-55/25.jpg,8,55,112,112,207,57,108,12,90,ok
train/8-55/29.jpg,8,55,112,112,17,167,115,172,270,ok
train/8-55/3.jpg,8,55,112,112,65,31,2,117,0,ok
train/8-55/30.jpg,8,55,112,112,32,158,115,171,270,ok
train/8-55/31.jpg,8,55,112,112,57,17,52,115,0,ok
train/8-55/32.jpg,8,55,112,112,57,17,2,117,0,ok
train/8-55/33.jpg,8,55,112,112,65,31,52,115,0,ok
train/8-55/34.jpg,8,55,112,112,57,17,52,115,0,ok
train/8-55/35.jpg,8,55,112,112,17,167,117,222,270,ok
train/8-55/37.jpg,8,55,112,112,160,196,210,108,180,ok
train/8-55/39.jpg,8,55,112,112,57,17,45,115,0,ok
train/8-55/4.jpg,8,55,112,112,57,17,2,117,0,ok
train/8-55/40.jpg,8,55,112,112,57,17,20,116,0,ok
train/8-55/41.jpg,8,55,112,112,57,17,37,115,0,ok
train/8-55/42.jpg,8,55,112,112,207,57,109,51,90,ok
train/8-55/43.jpg,8,55,112,112,57,17,2,117,0,ok
train/8-55/44.jpg,8,55,112,112,65,31,52,115,0,ok
train/8-55/45.jpg,8,55,112,112,197,63,109,51,90,ok
train/8-55/46.jpg,8,55,112,112,65,31,52,115,0,ok
train/8-55/47.jpg,8,55,112,112,192,66,109,51,90,ok
train/8-55/48.jpg,8,55,112,112,57,17,2,117,0,ok
train/8-55/49.jpg,8,55,112,112,65,31,45,115,0,ok
train/8-55/5.jpg,8,55,112,112,158,192,172,109,180,ok
train/8-55/50.jpg,8,55,112,112,17,167,117,222,270,ok
train/8-55/51.jpg,8,55,112,112,57,17,52,115,0,ok
train/8-55/53.jpg,8,55,112,112,18,167,117,222,270,ok
train/8-55/55.jpg,8,55,112,112,57,17,2,117,0,ok
train/8-55/56.jpg,8,55,112,112,65,31,52,115,0,ok
train/8-55/58.jpg,8,55,112,112,57,17,50,115,0,ok
train/8-55/59.jpg,8,55,112,112,161,197,182,109,180,ok
train/8-55/6.jpg,8,55,112,112,57,17,2,117,0,ok
train/8-55/60.jpg,8,55,112,112,167,207,172,109,180,ok
train/8-55/61.jpg,8,55,112,112,192,66,109,51,90,ok
train/8-55/62.jpg,8,55,112,112,196,63,109,51,90,ok
train/8-55/63.jpg,8,55,112,112,206,57,109,51,90,ok
train/8-55/64.jpg,8,55,112,112,65,31,52,115,0,ok
train/8-55/65.jpg,8,55,112,112,57,17,2,117,0,ok
train/8-55/66.jpg,8,55,112,112,57,17,52,115,0,ok
train/8-55/67.jpg,8,55,112,112,58,18,52,115,0,ok
train/8-55/70.jpg,8,55,112,112,57,17,2,117,0,ok
train/8-55/71.jpg,8,55,112,112,17,167,117,221,270,ok
train/8-55/72.jpg,8,55,112,112,205,58,109,51,90,ok
train/8-55/75.jpg,8,55,112,112,192,66,109,51,90,ok
train/8-55/76.jpg,8,55,112,112,188,68,107,3,90,ok
train/8-55/77.jpg,8,55,112,112,207,57,107,2,90,ok
train/8-55/78.jpg,8,55,112,112,64,30,52,115,0,ok
train/8-55/79.jpg,8,55,112,112,57,17,2,117,0,ok
train/8-55/8.jpg,8,55,112,112,161,197,172,109,180,ok
train/8-55/81.jpg,8,55,112,112,57,17,2,117,0,ok
train/8-55/82.jpg,8,55,112,112,17,167,117,222,270,ok
train/8-55/83.jpg,8,55,112,112,207,57,107,2,90,ok
train/8-55/84.jpg,8,55,112,112,167,207,172,109,180,ok
train/8-55/85.jpg,8,55,112,112,65,31,46,115,0,ok
train/8-55/86.jpg,8,55,112,112,160,196,172,109,180,ok
train/8-55/87.jpg,8,55,112,112,17,167,115,171,270,ok
train/8-55/88.jpg,8,55,112,112,62,25,52,115,0,ok
train/8-55/9.jpg,8,55,112,112,57,17,52,115,0,ok
train/8-55/90.jpg,8,55,112,112,57,17,2,117,0,ok
train/8-55/91.jpg,8,55,112,112,57,17,2,117,0,ok
train/8-55/92.jpg,8,55,112,112,57,17,2,117,0,ok
train/8-55/93.jpg,8,55,112,112,57,17,2,117,0,ok
train/8-55/94.jpg,8,55,112,112,164,201,196,108,180,ok
train/8-55/97.jpg,8,55,112,112,158,192,172,109,180,ok
train/8-55/98.jpg,8,55,112,112,162,198,172,109,180,ok
train/8-55/99.jpg,8,55,112,112,17,167,115,171,270,ok
train/9-00/0.jpg,9,0,112,112,112,18,52,112,0,ok
train/9-00/1.jpg,9,0,112,112,112,222,222,112,180,ok
train/9-00/11.jpg,9,0,112,112,112,2,2,112,0,ok
train/9-00/13.jpg,9,0,112,112,2,112,112,171,270,ok
train/9-00/14.jpg,9,0,112,112,112,2,2,112,0,ok
train/9-00/15.jpg,9,0,112,112,112,17,52,112,0,ok
train/9-00/16.jpg,9,0,112,112,112,2,2,112,0,ok
train/9-00/17.jpg,9,0,112,112,112,204,172,112,180,ok
train/9-00/18.jpg,9,0,112,112,112,2,2,112,0,ok
train/9-00/19.jpg,9,0,112,112,112,2,52,112,0,ok
train/9-00/2.jpg,9,0,112,112,112,18,52,112,0,ok
train/9-00/20.jpg,9,0,112,112,112,18,52,112,0,ok
train/9-00/21.jpg,9,0,112,112,112,205,172,112,180,ok
train/9-00/22.jpg,9,0,112,112,222,112,112,2,90,ok
train/9-00/23.jpg,9,0,112,112,112,2,2,112,0,ok
train/9-00/24.jpg,9,0,112,112,112,2,52,112,0,ok
train/9-00/25.jpg,9,0,112,112,112,2,2,112,0,ok
train/9-00/26.jpg,9,0,112,112,112,218,197,112,180,ok
train/9-00/28.jpg,9,0,112,112,112,2,52,112,0,ok
train/9-00/29.jpg,9,0,112,112,222,112,112,2,90,ok
train/9-00/3.jpg,9,0,112,112,112,2,2,112,0,ok
train/9-00/30.jpg,9,0,112,112,19,112,112,171,270,ok
train/9-00/32.jpg,9,0,112,112,112,2,2,112,0,ok
train/9-00/34.jpg,9,0,112,112,112,18,52,112,0,ok
train/9-00/35.jpg,9,0,112,112,222,112,112,4,90,ok
train/9-00/36.jpg,9,0,112,112,112,2,2,112,0,ok
train/9-00/37.jpg,9,0,112,112,112,3,40,112,0,ok
train/9-00/38.jpg,9,0,112,112,112,2,52,112,0,ok
train/9-00/39.jpg,9,0,112,112,112,222,178,112,180,ok
train/9-00/4.jpg,9,0,112,112,112,2,2,112,0,ok
train/9-00/40.jpg,9,0,112,112,112,2,42,112,0,ok
train/9-00/41.jpg,9,0,112,112,112,222,222,112,180,ok
train/9-00/43.jpg,9,0,112,112,222,112,112,2,90,ok
train/9-00/44.jpg,9,0,112,112,19,112,112,171,270,ok
train/9-00/45.jpg,9,0,112,112,112,18,52,112,0,ok
train/9-00/46.jpg,9,0,112,112,112,2,52,112,0,ok
train/9-00/47.jpg,9,0,112,112,112,18,52,112,0,ok
train/9-00/48.jpg,9,0,112,112,112,2,2,112,0,ok
train/9-00/49.jpg,9,0,112,112,2,112,112,177,270,ok
train/9-00/5.jpg,9,0,112,112,205,112,112,51,90,ok
train/9-00/50.jpg,9,0,112,112,112,222,222,112,180,ok
train/9-00/51.jpg,9,0,112,112,112,2,52,112,0,ok
train/9-00/52.jpg,9,0,112,112,112,222,222,112,180,ok
train/9-00/53.jpg,9,0,112,112,112,221,218,112,180,ok
train/9-00/55.jpg,9,0,112,112,112,2,2,112,0,ok
train/9-00/56.jpg,9,0,112,112,112,14,52,112,0,ok
train/9-00/57.jpg,9,0,112,112,112,2,2,112,0,ok
train/9-00/58.jpg,9,0,112,112,222,112,112,2,90,ok
train/9-00/59.jpg,9,0,112,112,112,12,41,112,0,ok
train/9-00/6.jpg,9,0,112,112,112,2,2,112,0,ok
train/9-00/60.jpg,9,0,112,112,211,112,112,51,90,ok
train/9-00/61.jpg,9,0,112,112,205,112,112,51,90,ok
train/9-00/63.jpg,9,0,112,112,19,112,112,171,270,ok
train/9-00/64.jpg,9,0,112,112,18,112,112,171,270,ok
train/9-00/65.jpg,9,0,112,112,3,112,112,222,270,ok
train/9-00/66.jpg,9,0,112,112,112,12,52,112,0,ok
train/9-00/67.jpg,9,0,112,112,112,222,172,112,180,ok
train/9-00/68.jpg,9,0,112,112,15,112,112,171,270,ok
train/9-00/69.jpg,9,0,112,112,221,112,112,2,90,ok
train/9-00/70.jpg,9,0,112,112,112,2,2,112,0,ok
train/9-00/71.jpg,9,0,112,112,2,112,112,222,270,ok
train/9-00/72.jpg,9,0,112,112,112,2,52,112,0,ok
train/9-00/73.jpg,9,0,112,112,211,112,112,16,90,ok
train/9-00/74.jpg,9,0,112,112,222,112,112,2,90,ok
train/9-00/77.jpg,9,0,112,112,112,2,2,112,0,ok
train/9-00/78.jpg,9,0,112,112,2,112,112,171,270,ok
train/9-00/79.jpg,9,0,112,112,2,112,112,222,270,ok
train/9-00/8.jpg,9,0,112,112,112,17,52,112,0,ok
train/9-00/81.jpg,9,0,112,112,112,2,2,112,0,ok
train/9-00/83.jpg,9,0,112,112,112,2,2,112,0,ok
train/9-00/85.jpg,9,0,112,112,112,14,18,112,0,ok
train/9-00/86.jpg,9,0,112,112,112,18,52,112,0,ok
train/9-00/87.jpg,9,0,112,112,222,112,112,51,90,ok
train/9-00/88.jpg,9,0,112,112,206,112,112,51,90,ok
train/9-00/91.jpg,9,0,112,112,112,2,2,112,0,ok
train/9-00/93.jpg,9,0,112,112,112,2,2,112,0,ok
train/9-00/94.jpg,9,0,112,112,28,112,112,204,270,ok
train/9-00/95.jpg,9,0,112,112,112,18,52,112,0,ok
train/9-00/96.jpg,9,0,112,112,112,204,172,112,180,ok
train/9-00/97.jpg,9,0,112,112,112,18,52,112,0,ok
train/9-05/0.jpg,9,5,112,112,192,158,115,52,90,ok
train/9-05/1.jpg,9,5,112,112,167,17,2,107,0,ok
train/9-05/10.jpg,9,5,112,112,159,31,51,109,0,ok
train/9-05/12.jpg,9,5,112,112,167,17,36,109,0,ok
train/9-05/13.jpg,9,5,112,112,17,57,109,172,270,ok
train/9-05/14.jpg,9,5,112,112,167,17,2,107,0,ok
train/9-05/15.jpg,9,5,112,112,160,28,51,109,0,ok
train/9-05/16.jpg,9,5,112,112,167,17,2,107,0,ok
train/9-05/17.jpg,9,5,112,112,199,162,115,52,90,ok
train/9-05/18.jpg,9,5,112,112,167,17,22,108,0,ok
train/9-05/19.jpg,9,5,112,112,158,31,51,109,0,ok
train/9-05/2.jpg,9,5,112,112,167,17,51,109,0,ok
train/9-05/21.jpg,9,5,112,112,167,17,51,109,0,ok
train/9-05/22.jpg,9,5,112,112,185,154,117,2,90,ok
train/9-05/25.jpg,9,5,112,112,17,57,107,221,270,ok
train/9-05/26.jpg,9,5,112,112,59,204,218,117,180,ok
train/9-05/27.jpg,9,5,112,112,167,17,2,107,0,ok
train/9-05/28.jpg,9,5,112,112,207,167,115,52,90,ok
train/9-05/29.jpg,9,5,112,112,17,57,107,222,270,ok
train/9-05/3.jpg,9,5,112,112,57,207,222,117,180,ok
train/9-05/30.jpg,9,5,112,112,167,17,51,109,0,ok
train/9-05/31.jpg,9,5,112,112,66,192,171,115,180,ok
train/9-05/33.jpg,9,5,112,112,29,64,109,172,270,ok
train/9-05/34.jpg,9,5,112,112,167,17,51,109,0,ok
train/9-05/36.jpg,9,5,112,112,167,17,2,107,0,ok
train/9-05/37.jpg,9,5,112,112,160,28,42,109,0,ok
train/9-05/39.jpg,9,5,112,112,159,31,45,109,0,ok
train/9-05/4.jpg,9,5,112,112,207,167,117,2,90,ok
train/9-05/40.jpg,9,5,112,112,207,167,116,27,90,ok
train/9-05/41.jpg,9,5,112,112,207,167,117,2,90,ok
train/9-05/42.jpg,9,5,112,112,207,167,115,52,90,ok
train/9-05/43.jpg,9,5,112,112,167,17,2,107,0,ok
train/9-05/44.jpg,9,5,112,112,62,199,171,115,180,ok
train/9-05/47.jpg,9,5,112,112,160,28,51,109,0,ok
train/9-05/48.jpg,9,5,112,112,167,17,2,107,0,ok
train/9-05/49.jpg,9,5,112,112,17,57,109,177,270,ok
train/9-05/5.jpg,9,5,112,112,18,58,109,172,270,ok
train/9-05/50.jpg,9,5,112,112,207,167,117,2,90,ok
train/9-05/51.jpg,9,5,112,112,17,57,109,172,270,ok
train/9-05/52.jpg,9,5,112,112,167,17,2,107,0,ok
train/9-05/53.jpg,9,5,112,112,166,18,5,107,0,ok
train/9-05/55.jpg,9,5,112,112,17,57,107,222,270,ok
train/9-05/57.jpg,9,5,112,112,167,17,2,107,0,ok
train/9-05/6.jpg,9,5,112,112,167,17,2,107,0,ok
train/9-05/60.jpg,9,5,112,112,161,27,51,109,0,ok
train/9-05/62.jpg,9,5,112,112,160,28,51,109,0,ok
train/9-05/63.jpg,9,5,112,112,206,166,115,52,90,ok
train/9-05/64.jpg,9,5,112,112,31,65,109,172,270,ok
train/9-05/65.jpg,9,5,112,112,17,57,107,222,270,ok
train/9-05/66.jpg,9,5,112,112,25,62,109,172,270,ok
train/9-05/68.jpg,9,5,112,112,158,31,36,109,0,ok
train/9-05/69.jpg,9,5,112,112,167,17,2,107,0,ok
train/9-05/7.jpg,9,5,112,112,164,23,2,107,0,ok
train/9-05/71.jpg,9,5,112,112,57,206,222,117,180,ok
train/9-05/73.jpg,9,5,112,112,192,158,115,37,90,ok
train/9-05/74.jpg,9,5,112,112,167,17,2,107,0,ok
train/9-05/75.jpg,9,5,112,112,162,25,51,109,0,ok
train/9-05/76.jpg,9,5,112,112,68,188,220,117,180,ok
train/9-05/77.jpg,9,5,112,112,207,167,117,2,90,ok
train/9-05/78.jpg,9,5,112,112,158,31,51,109,0,ok
train/9-05/79.jpg,9,5,112,112,17,57,107,222,270,ok
train/9-05/80.jpg,9,5,112,112,164,21,51,109,0,ok
train/9-05/81.jpg,9,5,112,112,167,17,2,107,0,ok
train/9-05/82.jpg,9,5,112,112,207,167,117,2,90,ok
train/9-05/83.jpg,9,5,112,112,167,17,2,107,0,ok
train/9-05/84.jpg,9,5,112,112,30,64,109,172,270,ok
train/9-05/85.jpg,9,5,112,112,158,31,27,108,0,ok
train/9-05/86.jpg,9,5,112,112,158,31,51,109,0,ok
train/9-05/87.jpg,9,5,112,112,158,31,51,109,0,ok
train/9-05/88.jpg,9,5,112,112,160,28,51,109,0,ok
train/9-05/89.jpg,9,5,112,112,17,57,109,172,270,ok
train/9-05/90.jpg,9,5,112,112,207,167,117,2,90,ok
train/9-05/91.jpg,9,5,112,112,167,17,2,107,0,ok
train/9-05/92.jpg,9,5,112,112,167,17,2,107,0,ok
train/9-05/94.jpg,9,5,112,112,205,165,116,20,90,ok
train/9-05/95.jpg,9,5,112,112,206,166,115,52,90,ok
train/9-05/96.jpg,9,5,112,112,167,17,51,109,0,ok
train/9-05/97.jpg,9,5,112,112,159,31,51,109,0,ok
train/9-05/98.jpg,9,5,112,112,63,197,171,115,180,ok
train/9-05/99.jpg,9,5,112,112,192,158,115,52,90,ok
train/9-10/1.jpg,9,10,112,112,207,57,2,102,0,ok
train/9-10/10.jpg,9,10,112,112,194,64,51,107,0,ok
train/9-10/11.jpg,9,10,112,112,17,167,222,122,180,ok
train/9-10/12.jpg,9,10,112,112,193,66,51,107,0,ok
train/9-10/13.jpg,9,10,112,112,207,57,51,107,0,ok
train/9-10/14.jpg,9,10,112,112,207,57,2,102,0,ok
train/9-10/15.jpg,9,10,112,112,159,193,117,52,90,ok
train/9-10/16.jpg,9,10,112,112,207,57,2,102,0,ok
train/9-10/17.jpg,9,10,112,112,192,66,51,107,0,ok
train/9-10/18.jpg,9,10,112,112,207,57,39,106,0,ok
train/9-10/2.jpg,9,10,112,112,32,158,171,117,180,ok
train/9-10/20.jpg,9,10,112,112,197,63,51,107,0,ok
train/9-10/21.jpg,9,10,112,112,197,63,51,107,0,ok
train/9-10/24.jpg,9,10,112,112,207,57,51,107,0,ok
train/9-10/25.jpg,9,10,112,112,167,207,122,2,90,ok
train/9-10/26.jpg,9,10,112,112,165,204,121,5,90,ok
train/9-10/28.jpg,9,10,112,112,57,17,107,172,270,ok
train/9-10/29.jpg,9,10,112,112,207,57,51,107,0,ok
train/9-10/3.jpg,9,10,112,112,32,158,222,122,180,ok
train/9-10/30.jpg,9,10,112,112,32,158,171,117,180,ok
train/9-10/31.jpg,9,10,112,112,192,66,51,107,0,ok
train/9-10/32.jpg,9,10,112,112,207,57,2,102,0,ok
train/9-10/33.jpg,9,10,112,112,64,30,107,172,270,ok
train/9-10/34.jpg,9,10,112,112,64,30,107,172,270,ok
train/9-10/35.jpg,9,10,112,112,17,167,222,122,180,ok
train/9-10/36.jpg,9,10,112,112,17,167,222,122,180,ok
train/9-10/37.jpg,9,10,112,112,196,63,27,105,0,ok
train/9-10/38.jpg,9,10,112,112,158,192,117,52,90,ok
train/9-10/39.jpg,9,10,112,112,65,31,107,175,270,ok
train/9-10/40.jpg,9,10,112,112,57,17,106,184,270,ok
train/9-10/42.jpg,9,10,112,112,17,167,171,117,180,ok
train/9-10/43.jpg,9,10,112,112,57,17,102,222,270,ok
train/9-10/44.jpg,9,10,112,112,192,66,51,107,0,ok
train/9-10/45.jpg,9,10,112,112,198,62,51,107,0,ok
train/9-10/46.jpg,9,10,112,112,192,66,51,107,0,ok
train/9-10/47.jpg,9,10,112,112,207,57,51,107,0,ok
train/9-10/49.jpg,9,10,112,112,57,17,106,177,270,ok
train/9-10/5.jpg,9,10,112,112,65,31,107,172,270,ok
train/9-10/52.jpg,9,10,112,112,207,57,2,102,0,ok
train/9-10/53.jpg,9,10,112,112,201,60,6,103,0,ok
train/9-10/54.jpg,9,10,112,112,207,57,2,102,0,ok
train/9-10/55.jpg,9,10,112,112,207,57,2,102,0,ok
train/9-10/57.jpg,9,10,112,112,167,207,122,2,90,ok
train/9-10/59.jpg,9,10,112,112,207,57,42,106,0,ok
train/9-10/6.jpg,9,10,112,112,207,57,2,102,0,ok
train/9-10/60.jpg,9,10,112,112,163,200,117,52,90,ok
train/9-10/62.jpg,9,10,112,112,64,29,107,172,270,ok
train/9-10/63.jpg,9,10,112,112,194,64,51,107,0,ok
train/9-10/64.jpg,9,10,112,112,192,66,51,107,0,ok
train/9-10/65.jpg,9,10,112,112,57,17,102,222,270,ok
train/9-10/66.jpg,9,10,112,112,198,62,51,107,0,ok
train/9-10/68.jpg,9,10,112,112,192,66,45,106,0,ok
train/9-10/69.jpg,9,10,112,112,207,57,2,102,0,ok
train/9-10/7.jpg,9,10,112,112,57,17,107,172,270,ok
train/9-10/70.jpg,9,10,112,112,57,17,103,221,270,ok
train/9-10/71.jpg,9,10,112,112,207,57,2,102,0,ok
train/9-10/72.jpg,9,10,112,112,207,57,51,107,0,ok
train/9-10/73.jpg,9,10,112,112,207,57,37,105,0,ok
train/9-10/74.jpg,9,10,112,112,207,57,2,102,0,ok
train/9-10/75.jpg,9,10,112,112,201,60,51,107,0,ok
train/9-10/76.jpg,9,10,112,112,156,189,121,3,90,ok
train/9-10/77.jpg,9,10,112,112,207,57,2,102,0,ok
train/9-10/79.jpg,9,10,112,112,17,167,222,122,180,ok
train/9-10/82.jpg,9,10,112,112,17,167,222,122,180,ok
train/9-10/83.jpg,9,10,112,112,207,57,2,102,0,ok
train/9-10/84.jpg,9,10,112,112,207,57,51,107,0,ok
train/9-10/85.jpg,9,10,112,112,207,57,38,106,0,ok
train/9-10/86.jpg,9,10,112,112,194,64,51,107,0,ok
train/9-10/87.jpg,9,10,112,112,57,17,107,172,270,ok
train/9-10/88.jpg,9,10,112,112,196,63,51,107,0,ok
train/9-10/90.jpg,9,10,112,112,17,167,222,122,180,ok
train/9-10/91.jpg,9,10,112,112,167,207,122,2,90,ok
train/9-10/92.jpg,9,10,112,112,207,57,2,102,0,ok
train/9-10/93.jpg,9,10,112,112,207,57,2,102,0,ok
train/9-10/94.jpg,9,10,112,112,57,17,105,188,270,ok
train/9-10/95.jpg,9,10,112,112,205,58,51,107,0,ok
train/9-10/96.jpg,9,10,112,112,207,57,51,107,0,ok
train/9-10/97.jpg,9,10,112,112,198,62,51,107,0,ok
train/9-10/98.jpg,9,10,112,112,197,63,51,107,0,ok
train/9-10/99.jpg,9,10,112,112,192,66,51,107,0,ok
train/9-15/0.jpg,9,15,112,112,205,112,51,104,0,ok
train/9-15/1.jpg,9,15,112,112,2,112,221,126,180,ok
train/9-15/10.jpg,9,15,112,112,207,112,51,104,0,ok
train/9-15/11.jpg,9,15,112,112,222,112,3,98,0,ok
train/9-15/13.jpg,9,15,112,112,112,222,120,52,90,ok
train/9-15/14.jpg,9,15,112,112,222,112,3,98,0,ok
train/9-15/15.jpg,9,15,112,112,205,112,51,104,0,ok
train/9-15/16.jpg,9,15,112,112,222,112,3,98,0,ok
train/9-15/17.jpg,9,15,112,112,19,112,171,120,180,ok
train/9-15/18.jpg,9,15,112,112,4,112,174,120,180,ok
train/9-15/2.jpg,9,15,112,112,112,222,120,52,90,ok
train/9-15/20.jpg,9,15,112,112,208,112,51,104,0,ok
train/9-15/21.jpg,9,15,112,112,210,112,51,104,0,ok
train/9-15/22.jpg,9,15,112,112,112,222,126,3,90,ok
train/9-15/24.jpg,9,15,112,112,112,222,120,52,90,ok
train/9-15/27.jpg,9,15,112,112,222,112,3,98,0,ok
train/9-15/29.jpg,9,15,112,112,112,2,104,172,270,ok
train/9-15/3.jpg,9,15,112,112,205,112,3,98,0,ok
train/9-15/30.jpg,9,15,112,112,19,112,171,120,180,ok
train/9-15/31.jpg,9,15,112,112,209,112,51,104,0,ok
train/9-15/32.jpg,9,15,112,112,112,222,126,3,90,ok
train/9-15/34.jpg,9,15,112,112,222,112,51,104,0,ok
train/9-15/36.jpg,9,15,112,112,112,222,126,3,90,ok
train/9-15/37.jpg,9,15,112,112,207,112,41,103,0,ok
train/9-15/38.jpg,9,15,112,112,221,112,51,104,0,ok
train/9-15/4.jpg,9,15,112,112,222,112,3,98,0,ok
train/9-15/41.jpg,9,15,112,112,222,112,3,98,0,ok
train/9-15/42.jpg,9,15,112,112,112,2,104,172,270,ok
train/9-15/43.jpg,9,15,112,112,2,112,221,126,180,ok
train/9-15/44.jpg,9,15,112,112,112,204,120,52,90,ok
train/9-15/45.jpg,9,15,112,112,112,208,120,52,90,ok
train/9-15/46.jpg,9,15,112,112,207,112,51,104,0,ok
train/9-15/47.jpg,9,15,112,112,222,112,51,104,0,ok
train/9-15/49.jpg,9,15,112,112,112,2,103,177,270,ok
train/9-15/5.jpg,9,15,112,112,2,112,171,120,180,ok
train/9-15/50.jpg,9,15,112,112,112,222,126,3,90,ok
train/9-15/51.jpg,9,15,112,112,222,112,51,104,0,ok
train/9-15/52.jpg,9,15,112,112,112,2,98,221,270,ok
train/9-15/53.jpg,9,15,112,112,112,2,103,179,270,ok
train/9-15/54.jpg,9,15,112,112,222,112,3,98,0,ok
train/9-15/55.jpg,9,15,112,112,222,112,3,98,0,ok
train/9-15/56.jpg,9,15,112,112,205,112,51,104,0,ok
train/9-15/57.jpg,9,15,112,112,112,222,126,3,90,ok
train/9-15/58.jpg,9,15,112,112,2,112,182,121,180,ok
train/9-15/59.jpg,9,15,112,112,205,112,43,103,0,ok
train/9-15/6.jpg,9,15,112,112,222,112,3,98,0,ok
train/9-15/60.jpg,9,15,112,112,213,112,51,104,0,ok
train/9-15/61.jpg,9,15,112,112,112,221,120,52,90,ok
train/9-15/62.jpg,9,15,112,112,207,112,51,104,0,ok
train/9-15/63.jpg,9,15,112,112,206,112,51,104,0,ok
train/9-15/64.jpg,9,15,112,112,112,18,104,172,270,ok
train/9-15/65.jpg,9,15,112,112,112,2,98,221,270,ok
train/9-15/66.jpg,9,15,112,112,213,112,51,104,0,ok
train/9-15/67.jpg,9,15,112,112,222,112,51,104,0,ok
train/9-15/70.jpg,9,15,112,112,112,221,126,3,90,ok
train/9-15/71.jpg,9,15,112,112,112,2,98,221,270,ok
train/9-15/73.jpg,9,15,112,112,2,112,176,120,180,ok
train/9-15/74.jpg,9,15,112,112,222,112,3,98,0,ok
train/9-15/76.jpg,9,15,112,112,112,3,98,219,270,ok
train/9-15/77.jpg,9,15,112,112,112,2,98,221,270,ok
train/9-15/79.jpg,9,15,112,112,222,112,3,98,0,ok
train/9-15/8.jpg,9,15,112,112,207,112,51,104,0,ok
train/9-15/80.jpg,9,15,112,112,222,112,51,104,0,ok
train/9-15/82.jpg,9,15,112,112,112,222,126,3,90,ok
train/9-15/83.jpg,9,15,112,112,222,112,3,98,0,ok
train/9-15/84.jpg,9,15,112,112,112,204,120,52,90,ok
train/9-15/85.jpg,9,15,112,112,112,222,120,48,90,ok
train/9-15/86.jpg,9,15,112,112,112,18,104,172,270,ok
train/9-15/87.jpg,9,15,112,112,16,112,171,120,180,ok
train/9-15/88.jpg,9,15,112,112,212,112,51,104,0,ok
train/9-15/89.jpg,9,15,112,112,2,112,171,120,180,ok
train/9-15/9.jpg,9,15,112,112,112,208,120,52,90,ok
train/9-15/90.jpg,9,15,112,112,222,112,3,98,0,ok
train/9-15/91.jpg,9,15,112,112,112,222,126,3,90,ok
train/9-15/92.jpg,9,15,112,112,112,2,98,221,270,ok
train/9-15/95.jpg,9,15,112,112,218,112,51,104,0,ok
train/9-15/96.jpg,9,15,112,112,222,112,51,104,0,ok
train/9-15/97.jpg,9,15,112,112,112,209,120,52,90,ok
train/9-15/98.jpg,9,15,112,112,212,112,51,104,0,ok
train/9-15/99.jpg,9,15,112,112,222,112,51,104,0,ok
train/9-20/0.jpg,9,20,112,112,158,31,102,171,270,ok
train/9-20/1.jpg,9,20,112,112,57,207,131,4,90,ok
train/9-20/10.jpg,9,20,112,112,194,159,52,101,0,ok
train/9-20/11.jpg,9,20,112,112,207,167,4,93,0,ok
train/9-20/13.jpg,9,20,112,112,28,64,171,122,180,ok
train/9-20/14.jpg,9,20,112,112,207,167,4,93,0,ok
train/9-20/15.jpg,9,20,112,112,192,158,52,101,0,ok
train/9-20/17.jpg,9,20,112,112,59,203,123,52,90,ok
train/9-20/18.jpg,9,20,112,112,207,167,52,101,0,ok
train/9-20/19.jpg,9,20,112,112,57,207,123,52,90,ok
train/9-20/2.jpg,9,20,112,112,31,65,171,122,180,ok
train/9-20/20.jpg,9,20,112,112,64,195,123,52,90,ok
train/9-20/21.jpg,9,20,112,112,160,28,102,171,270,ok
train/9-20/22.jpg,9,20,112,112,206,166,4,93,0,ok
train/9-20/23.jpg,9,20,112,112,57,207,131,4,90,ok
train/9-20/25.jpg,9,20,112,112,57,207,131,4,90,ok
train/9-20/27.jpg,9,20,112,112,207,167,4,93,0,ok
train/9-20/3.jpg,9,20,112,112,191,157,4,93,0,ok
train/9-20/30.jpg,9,20,112,112,192,158,52,101,0,ok
train/9-20/33.jpg,9,20,112,112,65,193,123,52,90,ok
train/9-20/34.jpg,9,20,112,112,192,158,52,101,0,ok
train/9-20/35.jpg,9,20,112,112,166,18,93,218,270,ok
train/9-20/36.jpg,9,20,112,112,207,167,4,93,0,ok
train/9-20/37.jpg,9,20,112,112,63,196,126,35,90,ok
train/9-20/38.jpg,9,20,112,112,192,158,52,101,0,ok
train/9-20/39.jpg,9,20,112,112,31,65,177,123,180,ok
train/9-20/4.jpg,9,20,112,112,167,17,93,220,270,ok
train/9-20/40.jpg,9,20,112,112,167,17,102,171,270,ok
train/9-20/41.jpg,9,20,112,112,207,167,4,93,0,ok
train/9-20/42.jpg,9,20,112,112,167,17,102,171,270,ok
train/9-20/43.jpg,9,20,112,112,17,57,220,131,180,ok
train/9-20/44.jpg,9,20,112,112,17,57,171,122,180,ok
train/9-20/45.jpg,9,20,112,112,195,160,52,101,0,ok
train/9-20/46.jpg,9,20,112,112,31,65,171,122,180,ok
train/9-20/47.jpg,9,20,112,112,17,57,171,122,180,ok
train/9-20/48.jpg,9,20,112,112,207,167,4,93,0,ok
train/9-20/49.jpg,9,20,112,112,192,158,47,101,0,ok
train/9-20/50.jpg,9,20,112,112,17,57,220,131,180,ok
train/9-20/51.jpg,9,20,112,112,207,167,52,101,0,ok
train/9-20/52.jpg,9,20,112,112,207,167,4,93,0,ok
train/9-20/53.jpg,9,20,112,112,57,207,130,8,90,ok
train/9-20/54.jpg,9,20,112,112,207,167,4,93,0,ok
train/9-20/57.jpg,9,20,112,112,207,167,4,93,0,ok
train/9-20/58.jpg,9,20,112,112,167,17,100,179,270,ok
train/9-20/59.jpg,9,20,112,112,198,161,44,100,0,ok
train/9-20/6.jpg,9,20,112,112,207,167,4,93,0,ok
train/9-20/62.jpg,9,20,112,112,207,167,52,101,0,ok
train/9-20/63.jpg,9,20,112,112,194,159,52,101,0,ok
train/9-20/64.jpg,9,20,112,112,192,158,52,101,0,ok
train/9-20/65.jpg,9,20,112,112,166,18,93,220,270,ok
train/9-20/66.jpg,9,20,112,112,200,163,52,101,0,ok
train/9-20/67.jpg,9,20,112,112,207,167,52,101,0,ok
train/9-20/68.jpg,9,20,112,112,192,158,52,101,0,ok
train/9-20/69.jpg,9,20,112,112,57,207,131,4,90,ok
train/9-20/7.jpg,9,20,112,112,57,207,131,4,90,ok
train/9-20/71.jpg,9,20,112,112,167,17,93,220,270,ok
train/9-20/72.jpg,9,20,112,112,57,207,123,52,90,ok
train/9-20/73.jpg,9,20,112,112,207,167,52,101,0,ok
train/9-20/74.jpg,9,20,112,112,57,207,131,4,90,ok
train/9-20/75.jpg,9,20,112,112,63,196,123,52,90,ok
train/9-20/76.jpg,9,20,112,112,188,156,4,93,0,ok
train/9-20/77.jpg,9,20,112,112,207,167,4,93,0,ok
train/9-20/78.jpg,9,20,112,112,158,31,102,171,270,ok
train/9-20/79.jpg,9,20,112,112,207,167,4,93,0,ok
train/9-20/8.jpg,9,20,112,112,31,65,171,122,180,ok
train/9-20/81.jpg,9,20,112,112,207,167,4,93,0,ok
train/9-20/82.jpg,9,20,112,112,207,167,4,93,0,ok
train/9-20/83.jpg,9,20,112,112,57,207,131,4,90,ok
train/9-20/84.jpg,9,20,112,112,207,167,52,101,0,ok
train/9-20/85.jpg,9,20,112,112,167,17,102,171,270,ok
train/9-20/86.jpg,9,20,112,112,193,159,52,101,0,ok
train/9-20/9.jpg,9,20,112,112,193,159,52,101,0,ok
train/9-20/90.jpg,9,20,112,112,207,167,4,93,0,ok
train/9-20/91.jpg,9,20,112,112,207,167,4,93,0,ok
train/9-20/92.jpg,9,20,112,112,17,57,178,124,180,ok
train/9-20/93.jpg,9,20,112,112,207,167,4,93,0,ok
train/9-20/94.jpg,9,20,112,112,60,202,131,4,90,ok
train/9-20/95.jpg,9,20,112,112,166,18,102,171,270,ok
train/9-20/98.jpg,9,20,112,112,199,162,52,101,0,ok
train/9-20/99.jpg,9,20,112,112,31,65,171,122,180,ok
train/9-25/0.jpg,9,25,112,112,163,200,52,99,0,ok
train/9-25/1.jpg,9,25,112,112,17,167,136,5,90,ok
train/9-25/10.jpg,9,25,112,112,57,17,170,125,180,ok
train/9-25/12.jpg,9,25,112,112,57,17,170,125,180,ok
train/9-25/15.jpg,9,25,112,112,193,65,99,171,270,ok
train/9-25/17.jpg,9,25,112,112,158,192,52,99,0,ok
train/9-25/19.jpg,9,25,112,112,167,207,52,99,0,ok
train/9-25/2.jpg,9,25,112,112,160,194,52,99,0,ok
train/9-25/20.jpg,9,25,112,112,23,164,125,53,90,ok
train/9-25/22.jpg,9,25,112,112,207,57,89,217,270,ok
train/9-25/24.jpg,9,25,112,112,167,207,52,99,0,ok
train/9-25/25.jpg,9,25,112,112,207,57,88,219,270,ok
train/9-25/26.jpg,9,25,112,112,58,19,216,135,180,ok
train/9-25/27.jpg,9,25,112,112,167,207,5,88,0,ok
train/9-25/29.jpg,9,25,112,112,207,57,99,171,270,ok
train/9-25/3.jpg,9,25,112,112,17,167,136,5,90,ok
train/9-25/31.jpg,9,25,112,112,57,17,170,125,180,ok
train/9-25/32.jpg,9,25,112,112,167,207,5,88,0,ok
train/9-25/33.jpg,9,25,112,112,159,193,52,99,0,ok
train/9-25/34.jpg,9,25,112,112,160,194,52,99,0,ok
train/9-25/35.jpg,9,25,112,112,167,207,5,88,0,ok
train/9-25/36.jpg,9,25,112,112,167,207,5,88,0,ok
train/9-25/39.jpg,9,25,112,112,207,57,97,177,270,ok
train/9-25/40.jpg,9,25,112,112,167,207,52,99,0,ok
train/9-25/41.jpg,9,25,112,112,57,17,219,136,180,ok
train/9-25/42.jpg,9,25,112,112,167,207,52,99,0,ok
train/9-25/43.jpg,9,25,112,112,207,57,88,219,270,ok
train/9-25/44.jpg,9,25,112,112,167,207,52,99,0,ok
train/9-25/45.jpg,9,25,112,112,61,24,170,125,180,ok
train/9-25/46.jpg,9,25,112,112,65,31,170,125,180,ok
train/9-25/48.jpg,9,25,112,112,167,207,5,88,0,ok
train/9-25/49.jpg,9,25,112,112,167,207,47,97,0,ok
train/9-25/51.jpg,9,25,112,112,167,207,52,99,0,ok
train/9-25/53.jpg,9,25,112,112,17,167,125,52,90,ok
train/9-25/54.jpg,9,25,112,112,167,207,5,88,0,ok
train/9-25/55.jpg,9,25,112,112,167,207,5,88,0,ok
train/9-25/57.jpg,9,25,112,112,17,167,136,5,90,ok
train/9-25/58.jpg,9,25,112,112,200,61,97,178,270,ok
train/9-25/59.jpg,9,25,112,112,207,57,97,178,270,ok
train/9-25/6.jpg,9,25,112,112,167,207,5,88,0,ok
train/9-25/60.jpg,9,25,112,112,65,31,170,125,180,ok
train/9-25/61.jpg,9,25,112,112,163,200,52,99,0,ok
train/9-25/62.jpg,9,25,112,112,207,57,99,171,270,ok
train/9-25/63.jpg,9,25,112,112,160,194,52,99,0,ok
train/9-25/64.jpg,9,25,112,112,167,207,52,99,0,ok
train/9-25/66.jpg,9,25,112,112,167,207,52,99,0,ok
train/9-25/67.jpg,9,25,112,112,207,57,99,171,270,ok
train/9-25/68.jpg,9,25,112,112,158,192,52,99,0,ok
train/9-25/69.jpg,9,25,112,112,167,207,5,88,0,ok
train/9-25/7.jpg,9,25,112,112,167,207,52,99,0,ok
train/9-25/70.jpg,9,25,112,112,17,167,136,5,90,ok
train/9-25/71.jpg,9,25,112,112,17,167,136,5,90,ok
train/9-25/72.jpg,9,25,112,112,167,207,52,99,0,ok
train/9-25/73.jpg,9,25,112,112,17,167,125,53,90,ok
train/9-25/74.jpg,9,25,112,112,167,207,5,88,0,ok
train/9-25/75.jpg,9,25,112,112,160,194,52,99,0,ok
train/9-25/76.jpg,9,25,112,112,35,157,136,5,90,ok
train/9-25/77.jpg,9,25,112,112,17,167,136,5,90,ok
train/9-25/78.jpg,9,25,112,112,57,17,170,125,180,ok
train/9-25/79.jpg,9,25,112,112,17,167,136,5,90,ok
train/9-25/8.jpg,9,25,112,112,159,193,52,99,0,ok
train/9-25/80.jpg,9,25,112,112,167,207,52,99,0,ok
train/9-25/82.jpg,9,25,112,112,17,167,136,5,90,ok
train/9-25/83.jpg,9,25,112,112,167,207,5,88,0,ok
train/9-25/84.jpg,9,25,112,112,167,207,52,99,0,ok
train/9-25/85.jpg,9,25,112,112,207,57,98,174,270,ok
train/9-25/86.jpg,9,25,112,112,195,64,99,171,270,ok
train/9-25/87.jpg,9,25,112,112,167,207,52,99,0,ok
train/9-25/88.jpg,9,25,112,112,22,164,125,53,90,ok
train/9-25/89.jpg,9,25,112,112,167,207,52,99,0,ok
train/9-25/9.jpg,9,25,112,112,22,164,125,53,90,ok
train/9-25/90.jpg,9,25,112,112,167,207,5,88,0,ok
train/9-25/91.jpg,9,25,112,112,17,167,136,5,90,ok
train/9-25/92.jpg,9,25,112,112,207,57,88,219,270,ok
train/9-25/93.jpg,9,25,112,112,167,207,5,88,0,ok
train/9-25/94.jpg,9,25,112,112,17,167,136,5,90,ok
train/9-25/95.jpg,9,25,112,112,17,167,125,53,90,ok
train/9-25/96.jpg,9,25,112,112,167,207,52,99,0,ok
train/9-25/97.jpg,9,25,112,112,64,29,170,125,180,ok
train/9-25/99.jpg,9,25,112,112,65,31,170,125,180,ok
train/9-30/1.jpg,9,30,112,112,112,222,6,84,0,ok
train/9-30/10.jpg,9,30,112,112,112,204,53,96,0,ok
train/9-30/11.jpg,9,30,112,112,222,112,84,218,270,ok
train/9-30/12.jpg,9,30,112,112,112,222,53,96,0,ok
train/9-30/14.jpg,9,30,112,112,112,222,6,84,0,ok
train/9-30/15.jpg,9,30,112,112,112,205,53,96,0,ok
train/9-30/17.jpg,9,30,112,112,19,112,128,53,90,ok
train/9-30/19.jpg,9,30,112,112,2,112,128,53,90,ok
train/9-30/2.jpg,9,30,112,112,222,112,96,170,270,ok
train/9-30/21.jpg,9,30,112,112,112,5,170,128,180,ok
train/9-30/23.jpg,9,30,112,112,112,222,6,84,0,ok
train/9-30/24.jpg,9,30,112,112,2,112,128,53,90,ok
train/9-30/25.jpg,9,30,112,112,112,222,6,84,0,ok
train/9-30/26.jpg,9,30,112,112,218,112,84,215,270,ok
train/9-30/27.jpg,9,30,112,112,112,222,6,84,0,ok
train/9-30/28.jpg,9,30,112,112,112,18,170,128,180,ok
train/9-30/29.jpg,9,30,112,112,112,222,52,96,0,ok
train/9-30/30.jpg,9,30,112,112,112,204,53,96,0,ok
train/9-30/31.jpg,9,30,112,112,205,112,96,170,270,ok
train/9-30/32.jpg,9,30,112,112,112,2,218,140,180,ok
train/9-30/34.jpg,9,30,112,112,112,222,53,96,0,ok
train/9-30/35.jpg,9,30,112,112,112,2,217,140,180,ok
train/9-30/36.jpg,9,30,112,112,112,222,6,84,0,ok
train/9-30/38.jpg,9,30,112,112,19,112,128,53,90,ok
train/9-30/39.jpg,9,30,112,112,206,112,95,177,270,ok
train/9-30/4.jpg,9,30,112,112,112,222,6,84,0,ok
train/9-30/40.jpg,9,30,112,112,112,222,53,96,0,ok
train/9-30/41.jpg,9,30,112,112,112,2,218,140,180,ok
train/9-30/42.jpg,9,30,112,112,2,112,128,53,90,ok
train/9-30/43.jpg,9,30,112,112,222,112,84,217,270,ok
train/9-30/44.jpg,9,30,112,112,112,13,170,128,180,ok
train/9-30/45.jpg,9,30,112,112,112,213,53,96,0,ok
train/9-30/47.jpg,9,30,112,112,112,207,53,96,0,ok
train/9-30/48.jpg,9,30,112,112,112,222,6,84,0,ok
train/9-30/49.jpg,9,30,112,112,112,13,175,129,180,ok
train/9-30/5.jpg,9,30,112,112,112,204,53,96,0,ok
train/9-30/50.jpg,9,30,112,112,112,222,6,84,0,ok
train/9-30/51.jpg,9,30,112,112,112,2,170,128,180,ok
train/9-30/52.jpg,9,30,112,112,112,2,218,140,180,ok
train/9-30/53.jpg,9,30,112,112,2,112,140,9,90,ok
train/9-30/54.jpg,9,30,112,112,112,222,6,84,0,ok
train/9-30/56.jpg,9,30,112,112,112,206,53,96,0,ok
train/9-30/57.jpg,9,30,112,112,112,222,6,84,0,ok
train/9-30/58.jpg,9,30,112,112,214,112,95,177,270,ok
train/9-30/59.jpg,9,30,112,112,112,204,46,94,0,ok
train/9-30/60.jpg,9,30,112,112,112,204,53,96,0,ok
train/9-30/62.jpg,9,30,112,112,2,112,128,53,90,ok
train/9-30/63.jpg,9,30,112,112,112,207,53,96,0,ok
train/9-30/64.jpg,9,30,112,112,112,222,53,96,0,ok
train/9-30/65.jpg,9,30,112,112,2,112,140,6,90,ok
train/9-30/67.jpg,9,30,112,112,112,222,53,96,0,ok
train/9-30/68.jpg,9,30,112,112,112,18,170,128,180,ok
train/9-30/7.jpg,9,30,112,112,222,112,94,181,270,ok
train/9-30/70.jpg,9,30,112,112,4,112,140,6,90,ok
train/9-30/71.jpg,9,30,112,112,2,112,140,6,90,ok
train/9-30/72.jpg,9,30,112,112,112,222,53,96,0,ok
train/9-30/73.jpg,9,30,112,112,112,222,53,96,0,ok
train/9-30/74.jpg,9,30,112,112,112,2,218,140,180,ok
train/9-30/76.jpg,9,30,112,112,112,3,217,140,180,ok
train/9-30/77.jpg,9,30,112,112,112,222,6,84,0,ok
train/9-30/8.jpg,9,30,112,112,112,210,53,96,0,ok
train/9-30/80.jpg,9,30,112,112,205,112,96,170,270,ok
train/9-30/81.jpg,9,30,112,112,112,222,6,84,0,ok
train/9-30/82.jpg,9,30,112,112,112,222,6,84,0,ok
train/9-30/83.jpg,9,30,112,112,112,222,6,84,0,ok
train/9-30/84.jpg,9,30,112,112,112,222,53,96,0,ok
train/9-30/85.jpg,9,30,112,112,2,112,128,52,90,ok
train/9-30/86.jpg,9,30,112,112,14,112,128,53,90,ok
train/9-30/87.jpg,9,30,112,112,112,222,53,96,0,ok
train/9-30/88.jpg,9,30,112,112,112,210,53,96,0,ok
train/9-30/89.jpg,9,30,112,112,112,204,53,96,0,ok
train/9-30/9.jpg,9,30,112,112,112,222,53,96,0,ok
train/9-30/90.jpg,9,30,112,112,112,222,6,84,0,ok
train/9-30/91.jpg,9,30,112,112,112,222,6,84,0,ok
train/9-30/93.jpg,9,30,112,112,112,222,6,84,0,ok
train/9-30/94.jpg,9,30,112,112,17,112,140,6,90,ok
train/9-30/95.jpg,9,30,112,112,112,212,53,96,0,ok
train/9-30/96.jpg,9,30,112,112,112,222,53,96,0,ok
train/9-30/97.jpg,9,30,112,112,112,222,53,96,0,ok
train/9-30/99.jpg,9,30,112,112,112,2,170,128,180,ok
train/9-35/0.jpg,9,35,112,112,22,60,130,54,90,ok
train/9-35/1.jpg,9,35,112,112,57,207,7,79,0,ok
train/9-35/11.jpg,9,35,112,112,57,207,7,79,0,ok
train/9-35/13.jpg,9,35,112,112,31,65,130,54,90,ok
train/9-35/15.jpg,9,35,112,112,66,193,54,94,0,ok
train/9-35/16.jpg,9,35,112,112,57,207,7,79,0,ok
train/9-35/17.jpg,9,35,112,112,203,164,94,169,270,ok
train/9-35/18.jpg,9,35,112,112,57,207,54,94,0,ok
train/9-35/19.jpg,9,35,112,112,158,31,169,130,180,ok
train/9-35/2.jpg,9,35,112,112,192,158,94,169,270,ok
train/9-35/20.jpg,9,35,112,112,60,201,54,94,0,ok
train/9-35/21.jpg,9,35,112,112,192,158,94,169,270,ok
train/9-35/22.jpg,9,35,112,112,27,63,144,9,90,ok
train/9-35/23.jpg,9,35,112,112,207,167,79,217,270,ok
train/9-35/24.jpg,9,35,112,112,57,207,54,94,0,ok
train/9-35/25.jpg,9,35,112,112,57,207,7,79,0,ok
train/9-35/28.jpg,9,35,112,112,66,192,54,94,0,ok
train/9-35/29.jpg,9,35,112,112,17,57,130,54,90,ok
train/9-35/3.jpg,9,35,112,112,207,167,79,217,270,ok
train/9-35/30.jpg,9,35,112,112,158,31,169,130,180,ok
train/9-35/31.jpg,9,35,112,112,198,161,94,169,270,ok
train/9-35/32.jpg,9,35,112,112,59,203,7,79,0,ok
train/9-35/34.jpg,9,35,112,112,166,18,169,130,180,ok
train/9-35/35.jpg,9,35,112,112,205,165,79,217,270,ok
train/9-35/36.jpg,9,35,112,112,17,57,145,7,90,ok
train/9-35/37.jpg,9,35,112,112,148,51,217,145,180,ok
train/9-35/38.jpg,9,35,112,112,158,31,169,130,180,ok
train/9-35/39.jpg,9,35,112,112,167,17,173,131,180,ok
train/9-35/4.jpg,9,35,112,112,57,207,7,79,0,ok
train/9-35/40.jpg,9,35,112,112,57,207,54,94,0,ok
train/9-35/41.jpg,9,35,112,112,57,207,7,79,0,ok
train/9-35/42.jpg,9,35,112,112,57,207,54,94,0,ok
train/9-35/43.jpg,9,35,112,112,17,57,145,7,90,ok
train/9-35/46.jpg,9,35,112,112,31,65,130,54,90,ok
train/9-35/47.jpg,9,35,112,112,161,27,169,130,180,ok
train/9-35/48.jpg,9,35,112,112,57,207,7,79,0,ok
train/9-35/5.jpg,9,35,112,112,57,207,54,94,0,ok
train/9-35/50.jpg,9,35,112,112,167,17,217,145,180,ok
train/9-35/51.jpg,9,35,112,112,207,167,94,169,270,ok
train/9-35/52.jpg,9,35,112,112,57,207,7,79,0,ok
train/9-35/53.jpg,9,35,112,112,57,207,7,79,0,ok
train/9-35/54.jpg,9,35,112,112,57,207,7,79,0,ok
train/9-35/56.jpg,9,35,112,112,62,199,54,94,0,ok
train/9-35/57.jpg,9,35,112,112,17,57,145,7,90,ok
train/9-35/58.jpg,9,35,112,112,167,17,173,131,180,ok
train/9-35/59.jpg,9,35,112,112,57,207,47,92,0,ok
train/9-35/6.jpg,9,35,112,112,57,207,7,79,0,ok
train/9-35/60.jpg,9,35,112,112,61,199,54,94,0,ok
train/9-35/62.jpg,9,35,112,112,64,195,54,94,0,ok
train/9-35/63.jpg,9,35,112,112,64,195,54,94,0,ok
train/9-35/64.jpg,9,35,112,112,57,207,54,94,0,ok
train/9-35/66.jpg,9,35,112,112,28,64,130,54,90,ok
train/9-35/67.jpg,9,35,112,112,17,57,130,54,90,ok
train/9-35/68.jpg,9,35,112,112,66,192,54,94,0,ok
train/9-35/7.jpg,9,35,112,112,167,17,204,141,180,ok
train/9-35/71.jpg,9,35,112,112,167,17,217,145,180,ok
train/9-35/72.jpg,9,35,112,112,58,205,54,94,0,ok
train/9-35/73.jpg,9,35,112,112,57,207,53,93,0,ok
train/9-35/74.jpg,9,35,112,112,57,207,7,79,0,ok
train/9-35/75.jpg,9,35,112,112,64,194,54,94,0,ok
train/9-35/76.jpg,9,35,112,112,35,68,145,8,90,ok
train/9-35/77.jpg,9,35,112,112,17,57,145,7,90,ok
train/9-35/79.jpg,9,35,112,112,167,17,217,145,180,ok
train/9-35/8.jpg,9,35,112,112,66,192,54,94,0,ok
train/9-35/80.jpg,9,35,112,112,57,207,54,94,0,ok
train/9-35/82.jpg,9,35,112,112,57,207,7,79,0,ok
train/9-35/83.jpg,9,35,112,112,57,207,7,79,0,ok
train/9-35/85.jpg,9,35,112,112,57,207,54,94,0,ok
train/9-35/86.jpg,9,35,112,112,65,193,54,94,0,ok
train/9-35/88.jpg,9,35,112,112,66,193,54,94,0,ok
train/9-35/89.jpg,9,35,112,112,66,192,54,94,0,ok
train/9-35/9.jpg,9,35,112,112,64,195,54,94,0,ok
train/9-35/90.jpg,9,35,112,112,57,207,7,79,0,ok
train/9-35/93.jpg,9,35,112,112,57,207,7,79,0,ok
train/9-35/94.jpg,9,35,112,112,57,207,7,79,0,ok
train/9-35/95.jpg,9,35,112,112,57,207,54,94,0,ok
train/9-35/96.jpg,9,35,112,112,207,167,94,169,270,ok
train/9-35/97.jpg,9,35,112,112,57,207,54,94,0,ok
train/9-35/98.jpg,9,35,112,112,63,197,54,94,0,ok
train/9-35/99.jpg,9,35,112,112,66,192,54,94,0,ok
train/9-40/0.jpg,9,40,112,112,22,164,55,91,0,ok
train/9-40/1.jpg,9,40,112,112,207,57,215,150,180,ok
train/9-40/10.jpg,9,40,112,112,167,207,91,168,270,ok
train/9-40/11.jpg,9,40,112,112,17,167,9,74,0,ok
train/9-40/12.jpg,9,40,112,112,160,194,91,168,270,ok
train/9-40/14.jpg,9,40,112,112,17,167,9,74,0,ok
train/9-40/15.jpg,9,40,112,112,192,66,168,133,180,ok
train/9-40/17.jpg,9,40,112,112,21,165,55,91,0,ok
train/9-40/18.jpg,9,40,112,112,32,158,54,91,0,ok
train/9-40/19.jpg,9,40,112,112,17,167,55,91,0,ok
train/9-40/2.jpg,9,40,112,112,17,167,55,91,0,ok
train/9-40/20.jpg,9,40,112,112,26,162,55,91,0,ok
train/9-40/21.jpg,9,40,112,112,32,158,55,91,0,ok
train/9-40/23.jpg,9,40,112,112,207,57,215,150,180,ok
train/9-40/24.jpg,9,40,112,112,167,207,91,168,270,ok
train/9-40/25.jpg,9,40,112,112,207,57,215,150,180,ok
train/9-40/26.jpg,9,40,112,112,58,19,149,11,90,ok
train/9-40/27.jpg,9,40,112,112,17,167,9,74,0,ok
train/9-40/29.jpg,9,40,112,112,57,17,133,55,90,ok
train/9-40/3.jpg,9,40,112,112,167,207,74,215,270,ok
train/9-40/30.jpg,9,40,112,112,65,31,135,49,90,ok
train/9-40/32.jpg,9,40,112,112,57,17,150,9,90,ok
train/9-40/33.jpg,9,40,112,112,192,66,168,133,180,ok
train/9-40/34.jpg,9,40,112,112,206,57,168,133,180,ok
train/9-40/35.jpg,9,40,112,112,57,17,150,9,90,ok
train/9-40/36.jpg,9,40,112,112,57,17,150,9,90,ok
train/9-40/37.jpg,9,40,112,112,160,196,86,183,270,ok
train/9-40/38.jpg,9,40,112,112,57,17,133,55,90,ok
train/9-40/39.jpg,9,40,112,112,207,57,172,134,180,ok
train/9-40/4.jpg,9,40,112,112,167,207,74,215,270,ok
train/9-40/40.jpg,9,40,112,112,57,17,133,55,90,ok
train/9-40/41.jpg,9,40,112,112,167,207,74,215,270,ok
train/9-40/42.jpg,9,40,112,112,167,207,91,168,270,ok
train/9-40/44.jpg,9,40,112,112,17,167,55,91,0,ok
train/9-40/46.jpg,9,40,112,112,32,158,55,91,0,ok
train/9-40/47.jpg,9,40,112,112,17,167,55,91,0,ok
train/9-40/48.jpg,9,40,112,112,17,167,9,74,0,ok
train/9-40/49.jpg,9,40,112,112,17,167,50,89,0,ok
train/9-40/5.jpg,9,40,112,112,57,18,133,55,90,ok
train/9-40/50.jpg,9,40,112,112,57,17,150,9,90,ok
train/9-40/51.jpg,9,40,112,112,207,57,168,133,180,ok
train/9-40/52.jpg,9,40,112,112,57,17,150,9,90,ok
train/9-40/53.jpg,9,40,112,112,17,167,11,75,0,ok
train/9-40/54.jpg,9,40,112,112,17,167,9,74,0,ok
train/9-40/57.jpg,9,40,112,112,17,167,9,74,0,ok
train/9-40/58.jpg,9,40,112,112,27,161,49,89,0,ok
train/9-40/59.jpg,9,40,112,112,65,31,135,49,90,ok
train/9-40/61.jpg,9,40,112,112,196,63,168,133,180,ok
train/9-40/64.jpg,9,40,112,112,17,167,55,91,0,ok
train/9-40/65.jpg,9,40,112,112,57,17,150,9,90,ok
train/9-40/66.jpg,9,40,112,112,61,25,133,55,90,ok
train/9-40/68.jpg,9,40,112,112,160,195,91,168,270,ok
train/9-40/69.jpg,9,40,112,112,57,17,150,9,90,ok
train/9-40/70.jpg,9,40,112,112,166,206,74,215,270,ok
train/9-40/71.jpg,9,40,112,112,57,17,150,9,90,ok
train/9-40/73.jpg,9,40,112,112,207,57,215,150,180,ok
train/9-40/74.jpg,9,40,112,112,17,167,9,74,0,ok
train/9-40/75.jpg,9,40,112,112,158,192,91,168,270,ok
train/9-40/76.jpg,9,40,112,112,156,189,75,214,270,ok
train/9-40/77.jpg,9,40,112,112,57,17,150,9,90,ok
train/9-40/78.jpg,9,40,112,112,61,25,133,55,90,ok
train/9-40/8.jpg,9,40,112,112,30,160,55,91,0,ok
train/9-40/80.jpg,9,40,112,112,31,159,55,91,0,ok
train/9-40/81.jpg,9,40,112,112,57,17,150,9,90,ok
train/9-40/83.jpg,9,40,112,112,17,167,9,74,0,ok
train/9-40/85.jpg,9,40,112,112,17,167,48,89,0,ok
train/9-40/86.jpg,9,40,112,112,30,160,55,91,0,ok
train/9-40/87.jpg,9,40,112,112,167,207,91,168,270,ok
train/9-40/88.jpg,9,40,112,112,160,196,91,168,270,ok
train/9-40/89.jpg,9,40,112,112,17,167,55,91,0,ok
train/9-40/9.jpg,9,40,112,112,57,17,133,55,90,ok
train/9-40/90.jpg,9,40,112,112,17,167,9,74,0,ok
train/9-40/92.jpg,9,40,112,112,17,167,42,87,0,ok
train/9-40/93.jpg,9,40,112,112,17,167,9,74,0,ok
train/9-40/94.jpg,9,40,112,112,17,167,9,74,0,ok
train/9-40/95.jpg,9,40,112,112,203,59,168,133,180,ok
train/9-40/96.jpg,9,40,112,112,57,17,133,55,90,ok
train/9-40/97.jpg,9,40,112,112,57,17,133,55,90,ok
train/9-40/98.jpg,9,40,112,112,162,198,91,168,270,ok
train/9-40/99.jpg,9,40,112,112,32,158,55,91,0,ok
train/9-45/0.jpg,9,45,112,112,112,8,135,56,90,ok
train/9-45/1.jpg,9,45,112,112,112,222,70,214,270,ok
train/9-45/13.jpg,9,45,112,112,19,112,53,88,0,ok
train/9-45/14.jpg,9,45,112,112,2,112,10,70,0,ok
train/9-45/15.jpg,9,45,112,112,19,112,56,89,0,ok
train/9-45/16.jpg,9,45,112,112,2,112,10,70,0,ok
train/9-45/17.jpg,9,45,112,112,214,112,167,135,180,ok
train/9-45/18.jpg,9,45,112,112,2,112,55,88,0,ok
train/9-45/19.jpg,9,45,112,112,205,112,167,135,180,ok
train/9-45/20.jpg,9,45,112,112,14,112,56,89,0,ok
train/9-45/21.jpg,9,45,112,112,15,112,56,89,0,ok
train/9-45/23.jpg,9,45,112,112,2,112,10,70,0,ok
train/9-45/24.jpg,9,45,112,112,2,112,56,89,0,ok
train/9-45/25.jpg,9,45,112,112,112,222,70,214,270,ok
train/9-45/27.jpg,9,45,112,112,2,112,10,70,0,ok
train/9-45/28.jpg,9,45,112,112,222,112,167,135,180,ok
train/9-45/29.jpg,9,45,112,112,222,112,167,135,180,ok
train/9-45/3.jpg,9,45,112,112,222,112,214,154,180,ok
train/9-45/30.jpg,9,45,112,112,222,112,168,135,180,ok
train/9-45/31.jpg,9,45,112,112,15,112,56,89,0,ok
train/9-45/32.jpg,9,45,112,112,2,112,10,70,0,ok
train/9-45/33.jpg,9,45,112,112,19,112,56,89,0,ok
train/9-45/34.jpg,9,45,112,112,2,112,56,89,0,ok
train/9-45/36.jpg,9,45,112,112,2,112,10,70,0,ok
train/9-45/37.jpg,9,45,112,112,112,3,147,28,90,ok
train/9-45/39.jpg,9,45,112,112,2,112,10,70,0,ok
train/9-45/4.jpg,9,45,112,112,222,112,214,154,180,ok
train/9-45/40.jpg,9,45,112,112,222,112,167,135,180,ok
train/9-45/41.jpg,9,45,112,112,112,222,70,214,270,ok
train/9-45/42.jpg,9,45,112,112,2,112,50,86,0,ok
train/9-45/43.jpg,9,45,112,112,2,112,10,70,0,ok
train/9-45/44.jpg,9,45,112,112,208,112,167,135,180,ok
train/9-45/45.jpg,9,45,112,112,112,15,135,56,90,ok
train/9-45/46.jpg,9,45,112,112,9,112,56,89,0,ok
train/9-45/47.jpg,9,45,112,112,112,205,89,167,270,ok
train/9-45/48.jpg,9,45,112,112,2,112,10,70,0,ok
train/9-45/49.jpg,9,45,112,112,205,112,172,137,180,ok
train/9-45/5.jpg,9,45,112,112,112,204,89,167,270,ok
train/9-45/51.jpg,9,45,112,112,2,112,56,89,0,ok
train/9-45/52.jpg,9,45,112,112,2,112,10,70,0,ok
train/9-45/53.jpg,9,45,112,112,112,218,71,212,270,ok
train/9-45/54.jpg,9,45,112,112,2,112,10,70,0,ok
train/9-45/55.jpg,9,45,112,112,2,112,10,70,0,ok
train/9-45/56.jpg,9,45,112,112,12,112,56,89,0,ok
train/9-45/57.jpg,9,45,112,112,112,2,154,10,90,ok
train/9-45/59.jpg,9,45,112,112,112,18,138,50,90,ok
train/9-45/60.jpg,9,45,112,112,11,112,56,89,0,ok
train/9-45/61.jpg,9,45,112,112,112,211,89,167,270,ok
train/9-45/62.jpg,9,45,112,112,112,207,89,167,270,ok
train/9-45/63.jpg,9,45,112,112,19,112,56,89,0,ok
train/9-45/64.jpg,9,45,112,112,112,217,89,167,270,ok
train/9-45/66.jpg,9,45,112,112,212,112,167,135,180,ok
train/9-45/67.jpg,9,45,112,112,4,112,56,89,0,ok
train/9-45/68.jpg,9,45,112,112,19,112,50,86,0,ok
train/9-45/69.jpg,9,45,112,112,2,112,10,70,0,ok
train/9-45/7.jpg,9,45,112,112,2,112,10,70,0,ok
train/9-45/71.jpg,9,45,112,112,2,112,10,70,0,ok
train/9-45/72.jpg,9,45,112,112,218,112,167,135,180,ok
train/9-45/73.jpg,9,45,112,112,205,112,214,154,180,ok
train/9-45/75.jpg,9,45,112,112,19,112,56,89,0,ok
train/9-45/78.jpg,9,45,112,112,5,112,56,89,0,ok
train/9-45/8.jpg,9,45,112,112,206,112,167,135,180,ok
train/9-45/81.jpg,9,45,112,112,112,2,154,10,90,ok
train/9-45/82.jpg,9,45,112,112,112,222,70,214,270,ok
train/9-45/83.jpg,9,45,112,112,2,112,10,70,0,ok
train/9-45/84.jpg,9,45,112,112,2,112,56,89,0,ok
train/9-45/86.jpg,9,45,112,112,18,112,56,89,0,ok
train/9-45/87.jpg,9,45,112,112,112,2,135,56,90,ok
train/9-45/89.jpg,9,45,112,112,112,222,89,167,270,ok
train/9-45/9.jpg,9,45,112,112,112,2,135,56,90,ok
train/9-45/90.jpg,9,45,112,112,2,112,10,70,0,ok
train/9-45/91.jpg,9,45,112,112,112,222,70,214,270,ok
train/9-45/92.jpg,9,45,112,112,2,112,53,88,0,ok
train/9-45/93.jpg,9,45,112,112,2,112,10,70,0,ok
train/9-45/94.jpg,9,45,112,112,112,18,154,10,90,ok
train/9-45/95.jpg,9,45,112,112,4,112,56,89,0,ok
train/9-45/96.jpg,9,45,112,112,2,112,56,89,0,ok
train/9-45/97.jpg,9,45,112,112,112,207,89,167,270,ok
train/9-45/98.jpg,9,45,112,112,10,112,56,89,0,ok
train/9-45/99.jpg,9,45,112,112,2,112,56,89,0,ok
train/9-50/0.jpg,9,50,112,112,21,60,57,86,0,ok
train/9-50/1.jpg,9,50,112,112,17,57,12,66,0,ok
train/9-50/10.jpg,9,50,112,112,167,17,139,55,90,ok
train/9-50/11.jpg,9,50,112,112,167,17,158,12,90,ok
train/9-50/12.jpg,9,50,112,112,207,167,179,143,180,ok
train/9-50/13.jpg,9,50,112,112,17,57,54,85,0,ok
train/9-50/14.jpg,9,50,112,112,17,57,12,66,0,ok
train/9-50/15.jpg,9,50,112,112,31,65,57,86,0,ok
train/9-50/17.jpg,9,50,112,112,199,162,166,137,180,ok
train/9-50/18.jpg,9,50,112,112,17,57,55,85,0,ok
train/9-50/19.jpg,9,50,112,112,167,17,139,55,90,ok
train/9-50/21.jpg,9,50,112,112,31,65,57,86,0,ok
train/9-50/22.jpg,9,50,112,112,207,167,211,158,180,ok
train/9-50/23.jpg,9,50,112,112,207,167,212,158,180,ok
train/9-50/24.jpg,9,50,112,112,17,57,57,86,0,ok
train/9-50/26.jpg,9,50,112,112,165,20,157,15,90,ok
train/9-50/27.jpg,9,50,112,112,17,57,12,66,0,ok
train/9-50/28.jpg,9,50,112,112,17,57,57,86,0,ok
train/9-50/29.jpg,9,50,112,112,17,57,54,85,0,ok
train/9-50/3.jpg,9,50,112,112,57,207,66,212,270,ok
train/9-50/31.jpg,9,50,112,112,207,167,166,137,180,ok
train/9-50/32.jpg,9,50,112,112,17,57,12,66,0,ok
train/9-50/33.jpg,9,50,112,112,65,193,87,166,270,ok
train/9-50/34.jpg,9,50,112,112,195,160,166,137,180,ok
train/9-50/35.jpg,9,50,112,112,166,18,158,12,90,ok
train/9-50/36.jpg,9,50,112,112,17,57,12,66,0,ok
train/9-50/37.jpg,9,50,112,112,64,195,82,175,270,ok
train/9-50/38.jpg,9,50,112,112,66,192,87,166,270,ok
train/9-50/4.jpg,9,50,112,112,57,207,66,212,270,ok
train/9-50/42.jpg,9,50,112,112,17,57,40,79,0,ok
train/9-50/43.jpg,9,50,112,112,207,167,212,158,180,ok
train/9-50/44.jpg,9,50,112,112,66,192,87,166,270,ok
train/9-50/45.jpg,9,50,112,112,60,202,87,166,270,ok
train/9-50/46.jpg,9,50,112,112,192,158,166,137,180,ok
train/9-50/47.jpg,9,50,112,112,162,26,139,55,90,ok
train/9-50/48.jpg,9,50,112,112,17,57,12,66,0,ok
train/9-50/49.jpg,9,50,112,112,30,64,52,84,0,ok
train/9-50/5.jpg,9,50,112,112,18,58,57,86,0,ok
train/9-50/51.jpg,9,50,112,112,167,17,139,55,90,ok
train/9-50/52.jpg,9,50,112,112,167,17,158,12,90,ok
train/9-50/53.jpg,9,50,112,112,17,57,12,66,0,ok
train/9-50/55.jpg,9,50,112,112,167,17,158,12,90,ok
train/9-50/57.jpg,9,50,112,112,167,17,158,12,90,ok
train/9-50/58.jpg,9,50,112,112,17,57,54,85,0,ok
train/9-50/59.jpg,9,50,112,112,17,57,51,84,0,ok
train/9-50/61.jpg,9,50,112,112,31,65,57,86,0,ok
train/9-50/62.jpg,9,50,112,112,160,28,139,55,90,ok
train/9-50/63.jpg,9,50,112,112,206,166,166,137,180,ok
train/9-50/64.jpg,9,50,112,112,17,57,57,86,0,ok
train/9-50/66.jpg,9,50,112,112,197,161,175,142,180,ok
train/9-50/67.jpg,9,50,112,112,17,57,57,86,0,ok
train/9-50/68.jpg,9,50,112,112,64,195,82,176,270,ok
train/9-50/7.jpg,9,50,112,112,66,192,82,175,270,ok
train/9-50/70.jpg,9,50,112,112,17,57,12,66,0,ok
train/9-50/71.jpg,9,50,112,112,17,57,12,66,0,ok
train/9-50/72.jpg,9,50,112,112,165,20,139,55,90,ok
train/9-50/74.jpg,9,50,112,112,167,17,158,12,90,ok
train/9-50/75.jpg,9,50,112,112,158,31,147,37,90,ok
train/9-50/77.jpg,9,50,112,112,207,167,212,158,180,ok
train/9-50/78.jpg,9,50,112,112,158,31,139,55,90,ok
train/9-50/79.jpg,9,50,112,112,207,167,212,158,180,ok
train/9-50/8.jpg,9,50,112,112,194,159,166,137,180,ok
train/9-50/80.jpg,9,50,112,112,17,57,57,86,0,ok
train/9-50/81.jpg,9,50,112,112,167,17,158,12,90,ok
train/9-50/82.jpg,9,50,112,112,207,167,212,158,180,ok
train/9-50/83.jpg,9,50,112,112,17,57,12,66,0,ok
train/9-50/85.jpg,9,50,112,112,17,57,12,66,0,ok
train/9-50/86.jpg,9,50,112,112,196,160,166,137,180,ok
train/9-50/87.jpg,9,50,112,112,17,57,57,86,0,ok
train/9-50/88.jpg,9,50,112,112,27,63,57,86,0,ok
train/9-50/89.jpg,9,50,112,112,207,167,175,142,180,ok
train/9-50/90.jpg,9,50,112,112,17,57,12,66,0,ok
train/9-50/91.jpg,9,50,112,112,17,57,12,66,0,ok
train/9-50/92.jpg,9,50,112,112,17,57,57,86,0,ok
train/9-50/93.jpg,9,50,112,112,17,57,12,66,0,ok
train/9-50/94.jpg,9,50,112,112,167,17,158,12,90,ok
train/9-50/95.jpg,9,50,112,112,57,207,87,166,270,ok
train/9-50/96.jpg,9,50,112,112,17,57,57,86,0,ok
train/9-50/97.jpg,9,50,112,112,192,158,166,137,180,ok
train/9-50/98.jpg,9,50,112,112,26,62,57,86,0,ok
train/9-55/0.jpg,9,55,112,112,61,25,58,84,0,ok
train/9-55/1.jpg,9,55,112,112,167,207,210,163,180,ok
train/9-55/10.jpg,9,55,112,112,57,17,58,84,0,ok
train/9-55/11.jpg,9,55,112,112,207,57,163,14,90,ok
train/9-55/12.jpg,9,55,112,112,207,57,163,14,90,ok
train/9-55/13.jpg,9,55,112,112,17,167,77,179,270,ok
train/9-55/14.jpg,9,55,112,112,57,17,14,61,0,ok
train/9-55/17.jpg,9,55,112,112,32,158,84,165,270,ok
train/9-55/19.jpg,9,55,112,112,17,167,84,165,270,ok
train/9-55/20.jpg,9,55,112,112,63,27,58,84,0,ok
train/9-55/21.jpg,9,55,112,112,57,17,58,84,0,ok
train/9-55/22.jpg,9,55,112,112,207,57,163,14,90,ok
train/9-55/23.jpg,9,55,112,112,207,57,163,14,90,ok
train/9-55/24.jpg,9,55,112,112,167,207,165,140,180,ok
train/9-55/25.jpg,9,55,112,112,207,57,158,23,90,ok
train/9-55/26.jpg,9,55,112,112,165,204,207,161,180,ok
train/9-55/27.jpg,9,55,112,112,57,17,14,61,0,ok
train/9-55/28.jpg,9,55,112,112,57,17,58,84,0,ok
train/9-55/29.jpg,9,55,112,112,17,167,84,166,270,ok
train/9-55/3.jpg,9,55,112,112,158,193,210,163,180,ok
train/9-55/31.jpg,9,55,112,112,57,17,58,84,0,ok
train/9-55/32.jpg,9,55,112,112,207,57,163,14,90,ok
train/9-55/33.jpg,9,55,112,112,65,31,58,84,0,ok
train/9-55/35.jpg,9,55,112,112,167,207,209,162,180,ok
train/9-55/36.jpg,9,55,112,112,207,57,163,14,90,ok
train/9-55/37.jpg,9,55,112,112,160,196,174,144,180,ok
train/9-55/39.jpg,9,55,112,112,158,193,210,163,180,ok
train/9-55/4.jpg,9,55,112,112,57,17,14,61,0,ok
train/9-55/41.jpg,9,55,112,112,57,17,14,61,0,ok
train/9-55/42.jpg,9,55,112,112,57,17,56,83,0,ok
train/9-55/43.jpg,9,55,112,112,207,57,163,14,90,ok
train/9-55/44.jpg,9,55,112,112,65,31,58,84,0,ok
train/9-55/46.jpg,9,55,112,112,158,192,165,140,180,ok
train/9-55/47.jpg,9,55,112,112,65,31,58,84,0,ok
train/9-55/48.jpg,9,55,112,112,57,17,14,61,0,ok
train/9-55/49.jpg,9,55,112,112,65,31,53,82,0,ok
train/9-55/5.jpg,9,55,112,112,192,66,140,58,90,ok
train/9-55/50.jpg,9,55,112,112,57,17,14,61,0,ok
train/9-55/51.jpg,9,55,112,112,167,207,165,140,180,ok
train/9-55/52.jpg,9,55,112,112,57,17,14,61,0,ok
train/9-55/54.jpg,9,55,112,112,57,17,14,61,0,ok
train/9-55/55.jpg,9,55,112,112,57,17,14,61,0,ok
train/9-55/56.jpg,9,55,112,112,192,66,140,58,90,ok
train/9-55/57.jpg,9,55,112,112,17,167,61,210,270,ok
train/9-55/58.jpg,9,55,112,112,57,17,57,83,0,ok
train/9-55/59.jpg,9,55,112,112,161,197,170,142,180,ok
train/9-55/6.jpg,9,55,112,112,57,17,14,61,0,ok
train/9-55/60.jpg,9,55,112,112,57,17,58,84,0,ok
train/9-55/61.jpg,9,55,112,112,192,66,140,58,90,ok
train/9-55/62.jpg,9,55,112,112,27,161,84,165,270,ok
train/9-55/63.jpg,9,55,112,112,17,167,84,165,270,ok
train/9-55/64.jpg,9,55,112,112,65,31,58,84,0,ok
train/9-55/67.jpg,9,55,112,112,58,18,58,84,0,ok
train/9-55/68.jpg,9,55,112,112,65,31,25,67,0,ok
train/9-55/69.jpg,9,55,112,112,17,167,61,210,270,ok
train/9-55/7.jpg,9,55,112,112,167,207,202,159,180,ok
train/9-55/71.jpg,9,55,112,112,17,167,61,210,270,ok
train/9-55/72.jpg,9,55,112,112,58,18,58,84,0,ok
train/9-55/73.jpg,9,55,112,112,158,192,210,163,180,ok
train/9-55/75.jpg,9,55,112,112,158,192,186,150,180,ok
train/9-55/76.jpg,9,55,112,112,188,68,162,15,90,ok
train/9-55/77.jpg,9,55,112,112,167,207,209,162,180,ok
train/9-55/78.jpg,9,55,112,112,164,201,165,140,180,ok
train/9-55/79.jpg,9,55,112,112,17,167,61,210,270,ok
train/9-55/8.jpg,9,55,112,112,62,26,58,84,0,ok
train/9-55/81.jpg,9,55,112,112,167,207,210,163,180,ok
train/9-55/82.jpg,9,55,112,112,57,17,14,61,0,ok
train/9-55/83.jpg,9,55,112,112,207,57,163,14,90,ok
train/9-55/84.jpg,9,55,112,112,57,17,47,78,0,ok
train/9-55/85.jpg,9,55,112,112,158,192,210,163,180,ok
train/9-55/87.jpg,9,55,112,112,57,17,58,84,0,ok
train/9-55/89.jpg,9,55,112,112,57,17,58,84,0,ok
train/9-55/9.jpg,9,55,112,112,57,17,58,84,0,ok
train/9-55/91.jpg,9,55,112,112,57,17,14,61,0,ok
train/9-55/92.jpg,9,55,112,112,167,207,209,162,180,ok
train/9-55/93.jpg,9,55,112,112,57,17,14,61,0,ok
train/9-55/94.jpg,9,55,112,112,207,57,163,14,90,ok
train/9-55/96.jpg,9,55,112,112,207,57,146,47,90,ok
train/9-55/97.jpg,9,55,112,112,158,192,165,140,180,ok
train/9-55/98.jpg,9,55,112,112,162,198,175,145,180,ok
test/1-00/10.jpg,1,0,112,112,112,2,142,59,0,ok
test/1-00/31.jpg,1,0,112,112,112,2,142,59,0,ok
test/1-00/38.jpg,1,0,112,112,112,2,142,59,0,ok
test/1-00/50.jpg,1,0,112,112,222,112,207,167,90,ok
test/1-00/53.jpg,1,0,112,112,221,112,206,166,90,ok
test/1-00/59.jpg,1,0,112,112,211,112,172,146,90,ok
test/1-00/60.jpg,1,0,112,112,211,112,164,142,90,ok
test/1-00/70.jpg,1,0,112,112,221,112,206,166,90,ok
test/1-00/75.jpg,1,0,112,112,208,112,164,142,90,ok
test/1-00/87.jpg,1,0,112,112,112,2,142,59,0,ok
test/1-05/1.jpg,1,5,112,112,17,57,19,53,270,ok
test/1-05/35.jpg,1,5,112,112,57,206,53,204,180,ok
test/1-05/36.jpg,1,5,112,112,167,17,171,19,0,ok
test/1-05/40.jpg,1,5,112,112,17,57,19,53,270,ok
test/1-05/45.jpg,1,5,112,112,163,24,158,39,0,ok
test/1-05/53.jpg,1,5,112,112,166,18,171,20,0,ok
test/1-05/55.jpg,1,5,112,112,207,167,205,171,90,ok
test/1-05/7.jpg,1,5,112,112,164,23,161,35,0,ok
test/1-05/70.jpg,1,5,112,112,17,57,20,53,270,ok
test/1-05/78.jpg,1,5,112,112,62,199,63,189,180,ok
test/1-10/13.jpg,1,10,112,112,207,57,147,62,0,ok
test/1-10/15.jpg,1,10,112,112,193,65,149,60,0,ok
test/1-10/24.jpg,1,10,112,112,207,57,147,62,0,ok
test/1-10/44.jpg,1,10,112,112,32,158,78,161,180,ok
test/1-10/45.jpg,1,10,112,112,62,25,62,77,270,ok
test/1-10/5.jpg,1,10,112,112,193,66,147,62,0,ok
test/1-10/68.jpg,1,10,112,112,30,160,74,166,180,ok
test/1-10/7.jpg,1,10,112,112,167,207,177,157,90,ok
test/1-10/70.jpg,1,10,112,112,17,167,49,201,180,ok
test/1-10/72.jpg,1,10,112,112,17,167,78,161,180,ok
test/1-15/10.jpg,1,15,112,112,112,222,160,149,90,ok
test/1-15/38.jpg,1,15,112,112,112,204,160,149,90,ok
test/1-15/42.jpg,1,15,112,112,2,112,75,160,180,ok
test/1-15/55.jpg,1,15,112,112,112,222,199,179,90,ok
test/1-15/72.jpg,1,15,112,112,222,112,149,64,0,ok
test/1-15/8.jpg,1,15,112,112,207,112,149,64,0,ok
test/1-15/84.jpg,1,15,112,112,222,112,149,64,0,ok
test/1-15/85.jpg,1,15,112,112,222,112,149,64,0,ok
test/1-15/90.jpg,1,15,112,112,112,222,199,179,90,ok
test/1-15/94.jpg,1,15,112,112,222,112,179,25,0,ok
test/1-20/32.jpg,1,20,112,112,57,207,196,183,90,ok
test/1-20/35.jpg,1,20,112,112,206,166,183,28,0,ok
test/1-20/55.jpg,1,20,112,112,17,57,41,196,180,ok
test/1-20/56.jpg,1,20,112,112,61,200,157,150,90,ok
test/1-20/67.jpg,1,20,112,112,207,167,151,66,0,ok
test/1-20/72.jpg,1,20,112,112,167,17,65,73,270,ok
test/1-20/79.jpg,1,20,112,112,207,167,183,28,0,ok
test/1-20/90.jpg,1,20,112,112,207,167,183,28,0,ok
test/1-20/97.jpg,1,20,112,112,206,166,151,66,0,ok
test/1-20/98.jpg,1,20,112,112,199,162,151,66,0,ok
test/1-25/27.jpg,1,25,112,112,167,207,186,31,0,ok
test/1-25/31.jpg,1,25,112,112,167,207,153,67,0,ok
test/1-25/37.jpg,1,25,112,112,162,198,158,62,0,ok
test/1-25/45.jpg,1,25,112,112,162,199,153,67,0,ok
test/1-25/51.jpg,1,25,112,112,207,57,67,71,270,ok
test/1-25/57.jpg,1,25,112,112,167,207,186,31,0,ok
test/1-25/65.jpg,1,25,112,112,17,167,193,186,90,ok
test/1-25/67.jpg,1,25,112,112,57,17,71,157,180,ok
test/1-25/69.jpg,1,25,112,112,207,57,31,38,270,ok
test/1-25/85.jpg,1,25,112,112,167,207,156,64,0,ok
test/1-30/10.jpg,1,30,112,112,112,2,69,155,180,ok
test/1-30/12.jpg,1,30,112,112,112,2,69,155,180,ok
test/1-30/15.jpg,1,30,112,112,18,112,156,156,90,ok
test/1-30/39.jpg,1,30,112,112,112,205,157,67,0,ok
test/1-30/49.jpg,1,30,112,112,112,13,66,158,180,ok
test/1-30/5.jpg,1,30,112,112,112,204,155,69,0,ok
test/1-30/76.jpg,1,30,112,112,3,112,188,188,90,ok
test/1-30/85.jpg,1,30,112,112,112,222,159,65,0,ok
test/1-30/86.jpg,1,30,112,112,112,209,155,69,0,ok
test/1-30/88.jpg,1,30,112,112,13,112,154,154,90,ok
test/1-35/17.jpg,1,35,112,112,59,204,157,71,0,ok
test/1-35/19.jpg,1,35,112,112,31,65,153,156,90,ok
test/1-35/33.jpg,1,35,112,112,66,192,157,71,0,ok
test/1-35/44.jpg,1,35,112,112,57,207,157,71,0,ok
test/1-35/6.jpg,1,35,112,112,57,207,193,38,0,ok
test/1-35/66.jpg,1,35,112,112,64,195,157,71,0,ok
test/1-35/70.jpg,1,35,112,112,17,57,186,192,90,ok
test/1-35/77.jpg,1,35,112,112,57,207,193,38,0,ok
test/1-35/83.jpg,1,35,112,112,17,57,186,193,90,ok
test/1-35/89.jpg,1,35,112,112,66,192,157,71,0,ok
test/1-40/36.jpg,1,40,112,112,207,57,28,183,180,ok
test/1-40/38.jpg,1,40,112,112,57,17,150,157,90,ok
test/1-40/44.jpg,1,40,112,112,17,167,158,73,0,ok
test/1-40/52.jpg,1,40,112,112,207,57,28,183,180,ok
test/1-40/61.jpg,1,40,112,112,63,27,150,157,90,ok
test/1-40/64.jpg,1,40,112,112,57,17,150,157,90,ok
test/1-40/78.jpg,1,40,112,112,192,66,66,151,180,ok
test/1-40/79.jpg,1,40,112,112,207,57,28,183,180,ok
test/1-40/85.jpg,1,40,112,112,17,167,158,73,0,ok
test/1-40/9.jpg,1,40,112,112,167,207,73,65,270,ok
test/1-45/16.jpg,1,45,112,112,2,112,199,45,0,ok
test/1-45/17.jpg,1,45,112,112,112,214,74,63,270,ok
test/1-45/19.jpg,1,45,112,112,112,204,74,63,270,ok
test/1-45/34.jpg,1,45,112,112,217,112,64,149,180,ok
test/1-45/37.jpg,1,45,112,112,13,112,169,68,0,ok
test/1-45/51.jpg,1,45,112,112,2,112,160,75,0,ok
test/1-45/6.jpg,1,45,112,112,2,112,199,45,0,ok
test/1-45/60.jpg,1,45,112,112,112,212,74,63,270,ok
test/1-45/62.jpg,1,45,112,112,112,15,149,160,90,ok
test/1-45/68.jpg,1,45,112,112,205,112,64,149,180,ok
test/1-50/15.jpg,1,50,112,112,31,65,164,75,0,ok
test/1-50/29.jpg,1,50,112,112,17,57,162,77,0,ok
test/1-50/33.jpg,1,50,112,112,65,193,77,62,270,ok
test/1-50/38.jpg,1,50,112,112,192,158,62,147,180,ok
test/1-50/46.jpg,1,50,112,112,31,65,161,78,0,ok
test/1-50/70.jpg,1,50,112,112,17,57,201,49,0,ok
test/1-50/81.jpg,1,50,112,112,17,57,202,49,0,ok
test/1-50/84.jpg,1,50,112,112,207,167,62,147,180,ok
test/1-50/92.jpg,1,50,112,112,17,57,202,49,0,ok
test/1-50/94.jpg,1,50,112,112,167,17,175,202,90,ok
test/1-55/13.jpg,1,55,112,112,57,17,163,79,0,ok
test/1-55/19.jpg,1,55,112,112,167,207,60,145,180,ok
test/1-55/33.jpg,1,55,112,112,158,192,60,145,180,ok
test/1-55/65.jpg,1,55,112,112,166,206,19,171,180,ok
test/1-55/69.jpg,1,55,112,112,207,57,171,205,90,ok
test/1-55/7.jpg,1,55,112,112,167,207,19,171,180,ok
test/1-55/77.jpg,1,55,112,112,207,57,171,205,90,ok
test/1-55/81.jpg,1,55,112,112,167,207,19,171,180,ok
test/1-55/87.jpg,1,55,112,112,57,17,163,79,0,ok
test/1-55/88.jpg,1,55,112,112,62,25,163,79,0,ok
test/10-00/16.jpg,10,0,112,112,112,2,17,57,0,ok
test/10-00/21.jpg,10,0,112,112,112,16,59,82,0,ok
test/10-00/30.jpg,10,0,112,112,112,2,55,79,0,ok
test/10-00/35.jpg,10,0,112,112,112,222,206,166,180,ok
test/10-00/45.jpg,10,0,112,112,112,18,59,82,0,ok
test/10-00/60.jpg,10,0,112,112,211,112,142,59,90,ok
test/10-00/76.jpg,10,0,112,112,112,3,35,68,0,ok
test/10-00/77.jpg,10,0,112,112,112,2,17,57,0,ok
test/10-00/81.jpg,10,0,112,112,112,2,17,57,0,ok
test/10-00/97.jpg,10,0,112,112,112,18,59,82,0,ok
test/10-05/19.jpg,10,5,112,112,193,158,145,60,90,ok
test/10-05/20.jpg,10,5,112,112,26,62,79,163,270,ok
test/10-05/30.jpg,10,5,112,112,167,17,55,75,0,ok
test/10-05/47.jpg,10,5,112,112,63,197,163,145,180,ok
test/10-05/49.jpg,10,5,112,112,57,207,166,146,180,ok
test/10-05/50.jpg,10,5,112,112,57,207,205,171,180,ok
test/10-05/6.jpg,10,5,112,112,167,17,19,53,0,ok
test/10-05/68.jpg,10,5,112,112,158,31,55,76,0,ok
test/10-05/81.jpg,10,5,112,112,57,207,205,171,180,ok
test/10-05/99.jpg,10,5,112,112,66,192,163,145,180,ok
test/10-10/11.jpg,10,10,112,112,207,57,22,49,0,ok
test/10-10/12.jpg,10,10,112,112,65,31,76,163,270,ok
test/10-10/2.jpg,10,10,112,112,65,31,78,161,270,ok
test/10-10/20.jpg,10,10,112,112,197,63,62,77,0,ok
test/10-10/3.jpg,10,10,112,112,167,207,166,35,90,ok
test/10-10/39.jpg,10,10,112,112,31,159,202,175,180,ok
test/10-10/50.jpg,10,10,112,112,57,17,49,202,270,ok
test/10-10/84.jpg,10,10,112,112,207,57,57,74,0,ok
test/10-10/9.jpg,10,10,112,112,62,25,78,161,270,ok
test/10-10/96.jpg,10,10,112,112,167,207,150,57,90,ok
test/10-15/13.jpg,10,15,112,112,112,2,73,163,270,ok
test/10-15/49.jpg,10,15,112,112,19,112,163,151,180,ok
test/10-15/51.jpg,10,15,112,112,2,112,160,149,180,ok
test/10-15/58.jpg,10,15,112,112,222,112,62,74,0,ok
test/10-15/62.jpg,10,15,112,112,207,112,63,74,0,ok
test/10-15/68.jpg,10,15,112,112,19,112,160,149,180,ok
test/10-15/70.jpg,10,15,112,112,219,112,25,45,0,ok
test/10-15/72.jpg,10,15,112,112,112,2,75,160,270,ok
test/10-15/80.jpg,10,15,112,112,222,112,63,74,0,ok
test/10-15/86.jpg,10,15,112,112,112,205,149,64,90,ok
test/10-20/26.jpg,10,20,112,112,165,20,43,195,270,ok
test/10-20/36.jpg,10,20,112,112,207,167,28,41,0,ok
test/10-20/40.jpg,10,20,112,112,207,167,59,68,0,ok
test/10-20/44.jpg,10,20,112,112,17,57,157,150,180,ok
test/10-20/50.jpg,10,20,112,112,207,167,28,41,0,ok
test/10-20/61.jpg,10,20,112,112,193,159,65,73,0,ok
test/10-20/62.jpg,10,20,112,112,207,167,65,73,0,ok
test/10-20/68.jpg,10,20,112,112,31,65,157,150,180,ok
test/10-20/69.jpg,10,20,112,112,207,167,28,41,0,ok
test/10-20/87.jpg,10,20,112,112,57,207,151,66,90,ok
test/10-25/20.jpg,10,25,112,112,23,164,153,67,90,ok
test/10-25/24.jpg,10,25,112,112,167,207,67,71,0,ok
test/10-25/3.jpg,10,25,112,112,158,193,31,38,0,ok
test/10-25/47.jpg,10,25,112,112,64,29,156,153,180,ok
test/10-25/65.jpg,10,25,112,112,167,207,31,38,0,ok
test/10-25/68.jpg,10,25,112,112,158,192,67,71,0,ok
test/10-25/7.jpg,10,25,112,112,17,167,153,67,90,ok
test/10-25/81.jpg,10,25,112,112,167,207,31,38,0,ok
test/10-25/83.jpg,10,25,112,112,17,167,186,31,90,ok
test/10-25/86.jpg,10,25,112,112,29,160,153,67,90,ok
test/10-30/11.jpg,10,30,112,112,222,112,34,190,270,ok
test/10-30/26.jpg,10,30,112,112,5,112,188,36,90,ok
test/10-30/32.jpg,10,30,112,112,112,222,34,34,0,ok
test/10-30/38.jpg,10,30,112,112,112,204,69,69,0,ok
test/10-30/51.jpg,10,30,112,112,112,2,154,154,180,ok
test/10-30/59.jpg,10,30,112,112,112,18,155,155,180,ok
test/10-30/72.jpg,10,30,112,112,112,222,69,69,0,ok
test/10-30/74.jpg,10,30,112,112,112,222,34,34,0,ok
test/10-30/8.jpg,10,30,112,112,112,210,69,69,0,ok
test/10-30/85.jpg,10,30,112,112,112,222,69,69,0,ok
test/10-35/2.jpg,10,35,112,112,66,192,71,67,0,ok
test/10-35/22.jpg,10,35,112,112,196,160,41,177,270,ok
test/10-35/28.jpg,10,35,112,112,192,158,67,153,270,ok
test/10-35/36.jpg,10,35,112,112,17,57,193,38,90,ok
test/10-35/46.jpg,10,35,112,112,66,192,71,67,0,ok
test/10-35/48.jpg,10,35,112,112,57,207,38,31,0,ok
test/10-35/73.jpg,10,35,112,112,57,207,63,58,0,ok
test/10-35/79.jpg,10,35,112,112,17,57,193,38,90,ok
test/10-35/88.jpg,10,35,112,112,66,193,71,67,0,ok
test/10-35/89.jpg,10,35,112,112,66,192,71,67,0,ok
test/10-40/27.jpg,10,40,112,112,17,167,41,28,0,ok
test/10-40/65.jpg,10,40,112,112,166,206,28,183,270,ok
test/10-40/7.jpg,10,40,112,112,17,167,41,28,0,ok
test/10-40/70.jpg,10,40,112,112,206,57,182,195,180,ok
test/10-40/76.jpg,10,40,112,112,67,35,195,42,90,ok
test/10-40/78.jpg,10,40,112,112,61,25,158,73,90,ok
test/10-40/82.jpg,10,40,112,112,17,167,41,28,0,ok
test/10-40/87.jpg,10,40,112,112,17,167,73,65,0,ok
test/10-40/92.jpg,10,40,112,112,167,207,64,152,270,ok
test/10-40/97.jpg,10,40,112,112,17,167,73,65,0,ok
test/10-45/20.jpg,10,45,112,112,14,112,74,63,0,ok
test/10-45/46.jpg,10,45,112,112,9,112,74,63,0,ok
test/10-45/5.jpg,10,45,112,112,19,112,74,63,0,ok
test/10-45/52.jpg,10,45,112,112,222,112,179,199,180,ok
test/10-45/58.jpg,10,45,112,112,112,222,63,150,270,ok
test/10-45/63.jpg,10,45,112,112,19,112,74,63,0,ok
test/10-45/67.jpg,10,45,112,112,4,112,74,63,0,ok
test/10-45/7.jpg,10,45,112,112,2,112,45,25,0,ok
test/10-45/75.jpg,10,45,112,112,112,18,160,75,90,ok
test/10-45/99.jpg,10,45,112,112,2,112,74,63,0,ok
test/10-50/21.jpg,10,50,112,112,192,158,146,161,180,ok
test/10-50/24.jpg,10,50,112,112,17,57,77,62,0,ok
test/10-50/27.jpg,10,50,112,112,17,57,49,22,0,ok
test/10-50/3.jpg,10,50,112,112,167,17,202,49,90,ok
test/10-50/30.jpg,10,50,112,112,31,65,77,62,0,ok
test/10-50/57.jpg,10,50,112,112,17,57,49,22,0,ok
test/10-50/61.jpg,10,50,112,112,158,31,161,78,90,ok
test/10-50/70.jpg,10,50,112,112,57,207,22,175,270,ok
test/10-50/74.jpg,10,50,112,112,17,57,49,22,0,ok
test/10-50/77.jpg,10,50,112,112,17,57,49,22,0,ok
test/10-55/13.jpg,10,55,112,112,207,57,189,63,90,ok
test/10-55/18.jpg,10,55,112,112,57,17,63,34,0,ok
test/10-55/37.jpg,10,55,112,112,18,167,34,161,270,ok
test/10-55/47.jpg,10,55,112,112,65,31,63,34,0,ok
test/10-55/5.jpg,10,55,112,112,192,66,193,60,90,ok
test/10-55/54.jpg,10,55,112,112,57,17,53,19,0,ok
test/10-55/72.jpg,10,55,112,112,58,18,63,34,0,ok
test/10-55/76.jpg,10,55,112,112,35,157,20,171,270,ok
test/10-55/80.jpg,10,55,112,112,167,207,171,205,180,ok
test/10-55/99.jpg,10,55,112,112,167,207,164,193,180,ok
test/11-00/10.jpg,11,0,112,112,112,204,142,164,180,ok
test/11-00/18.jpg,11,0,112,112,112,2,67,34,0,ok
test/11-00/21.jpg,11,0,112,112,112,16,81,59,0,ok
test/11-00/30.jpg,11,0,112,112,112,2,81,59,0,ok
test/11-00/35.jpg,11,0,112,112,112,2,57,17,0,ok
test/11-00/48.jpg,11,0,112,112,112,2,57,17,0,ok
test/11-00/56.jpg,11,0,112,112,209,112,164,82,90,ok
test/11-00/85.jpg,11,0,112,112,209,112,175,76,90,ok
test/11-00/88.jpg,11,0,112,112,206,112,164,82,90,ok
test/11-00/91.jpg,11,0,112,112,112,2,57,17,0,ok
test/11-05/50.jpg,11,5,112,112,207,167,210,61,90,ok
test/11-05/52.jpg,11,5,112,112,57,207,163,210,180,ok
test/11-05/54.jpg,11,5,112,112,167,17,61,14,0,ok
test/11-05/55.jpg,11,5,112,112,207,167,210,61,90,ok
test/11-05/6.jpg,11,5,112,112,167,17,61,14,0,ok
test/11-05/61.jpg,11,5,112,112,31,65,58,140,270,ok
test/11-05/69.jpg,11,5,112,112,167,17,61,14,0,ok
test/11-05/7.jpg,11,5,112,112,57,207,163,210,180,ok
test/11-05/78.jpg,11,5,112,112,158,31,84,58,0,ok
test/11-05/92.jpg,11,5,112,112,167,17,61,14,0,ok
test/11-10/15.jpg,11,10,112,112,193,65,86,56,0,ok
test/11-10/16.jpg,11,10,112,112,207,57,66,12,0,ok
test/11-10/31.jpg,11,10,112,112,32,158,137,166,180,ok
test/11-10/38.jpg,11,10,112,112,192,66,86,57,0,ok
test/11-10/51.jpg,11,10,112,112,207,57,86,57,0,ok
test/11-10/74.jpg,11,10,112,112,207,57,66,12,0,ok
test/11-10/76.jpg,11,10,112,112,35,157,158,210,180,ok
test/11-10/78.jpg,11,10,112,112,192,66,86,57,0,ok
test/11-10/79.jpg,11,10,112,112,207,57,66,12,0,ok
test/11-10/95.jpg,11,10,112,112,166,205,166,87,90,ok
test/11-15/17.jpg,11,15,112,112,216,112,89,56,0,ok
test/11-15/24.jpg,11,15,112,112,222,112,89,56,0,ok
test/11-15/33.jpg,11,15,112,112,112,204,167,89,90,ok
test/11-15/41.jpg,11,15,112,112,112,222,214,70,90,ok
test/11-15/48.jpg,11,15,112,112,222,112,70,10,0,ok
test/11-15/61.jpg,11,15,112,112,112,2,56,135,270,ok
test/11-15/68.jpg,11,15,112,112,19,112,135,167,180,ok
test/11-15/87.jpg,11,15,112,112,222,112,89,56,0,ok
test/11-15/9.jpg,11,15,112,112,112,208,167,89,90,ok
test/11-15/95.jpg,11,15,112,112,112,218,167,89,90,ok
test/11-20/10.jpg,11,20,112,112,29,64,133,168,180,ok
test/11-20/21.jpg,11,20,112,112,195,160,91,55,0,ok
test/11-20/39.jpg,11,20,112,112,65,193,175,89,90,ok
test/11-20/48.jpg,11,20,112,112,207,167,74,9,0,ok
test/11-20/51.jpg,11,20,112,112,207,167,91,55,0,ok
test/11-20/63.jpg,11,20,112,112,194,159,91,55,0,ok
test/11-20/88.jpg,11,20,112,112,199,162,91,55,0,ok
test/11-20/92.jpg,11,20,112,112,207,167,89,48,0,ok
test/11-20/93.jpg,11,20,112,112,207,167,74,9,0,ok
test/11-20/97.jpg,11,20,112,112,167,17,55,133,270,ok
test/11-25/25.jpg,11,25,112,112,167,207,79,7,0,ok
test/11-25/26.jpg,11,25,112,112,21,165,214,80,90,ok
test/11-25/36.jpg,11,25,112,112,207,57,7,145,270,ok
test/11-25/40.jpg,11,25,112,112,167,207,94,54,0,ok
test/11-25/67.jpg,11,25,112,112,167,207,94,54,0,ok
test/11-25/69.jpg,11,25,112,112,167,207,79,7,0,ok
test/11-25/70.jpg,11,25,112,112,17,167,216,79,90,ok
test/11-25/83.jpg,11,25,112,112,167,207,79,7,0,ok
test/11-25/88.jpg,11,25,112,112,164,201,94,54,0,ok
test/11-25/98.jpg,11,25,112,112,207,57,54,130,270,ok
test/11-30/26.jpg,11,30,112,112,112,218,84,8,0,ok
test/11-30/49.jpg,11,30,112,112,112,204,95,49,0,ok
test/11-30/50.jpg,11,30,112,112,2,112,218,84,90,ok
test/11-30/57.jpg,11,30,112,112,112,222,84,6,0,ok
test/11-30/69.jpg,11,30,112,112,112,222,84,6,0,ok
test/11-30/7.jpg,11,30,112,112,112,222,84,6,0,ok
test/11-30/77.jpg,11,30,112,112,112,2,140,218,180,ok
test/11-30/81.jpg,11,30,112,112,112,222,84,6,0,ok
test/11-30/87.jpg,11,30,112,112,112,222,96,53,0,ok
test/11-30/97.jpg,11,30,112,112,112,222,96,53,0,ok
test/11-35/11.jpg,11,35,112,112,57,207,88,5,0,ok
test/11-35/14.jpg,11,35,112,112,57,207,88,5,0,ok
test/11-35/28.jpg,11,35,112,112,66,192,99,52,0,ok
test/11-35/33.jpg,11,35,112,112,192,158,53,125,270,ok
test/11-35/57.jpg,11,35,112,112,57,207,88,5,0,ok
test/11-35/69.jpg,11,35,112,112,57,207,88,5,0,ok
test/11-35/7.jpg,11,35,112,112,167,17,136,219,180,ok
test/11-35/71.jpg,11,35,112,112,17,57,219,88,90,ok
test/11-35/74.jpg,11,35,112,112,57,207,88,5,0,ok
test/11-35/8.jpg,11,35,112,112,66,192,99,52,0,ok
test/11-40/14.jpg,11,40,112,112,17,167,93,4,0,ok
test/11-40/15.jpg,11,40,112,112,65,31,172,101,90,ok
test/11-40/28.jpg,11,40,112,112,57,17,171,102,90,ok
test/11-40/30.jpg,11,40,112,112,32,158,101,52,0,ok
test/11-40/41.jpg,11,40,112,112,207,57,131,220,180,ok
test/11-40/42.jpg,11,40,112,112,57,17,188,99,90,ok
test/11-40/44.jpg,11,40,112,112,17,167,101,52,0,ok
test/11-40/52.jpg,11,40,112,112,167,207,4,131,270,ok
test/11-40/79.jpg,11,40,112,112,17,167,93,4,0,ok
test/11-40/80.jpg,11,40,112,112,64,29,171,102,90,ok
test/11-45/13.jpg,11,45,112,112,19,112,104,51,0,ok
test/11-45/35.jpg,11,45,112,112,112,222,3,126,270,ok
test/11-45/39.jpg,11,45,112,112,2,112,103,42,0,ok
test/11-45/57.jpg,11,45,112,112,2,112,98,3,0,ok
test/11-45/61.jpg,11,45,112,112,211,112,120,171,180,ok
test/11-45/65.jpg,11,45,112,112,2,112,98,3,0,ok
test/11-45/76.jpg,11,45,112,112,220,112,126,219,180,ok
test/11-45/8.jpg,11,45,112,112,112,17,172,104,90,ok
test/11-45/96.jpg,11,45,112,112,2,112,104,51,0,ok
test/11-45/98.jpg,11,45,112,112,10,112,104,51,0,ok
test/11-50/13.jpg,11,50,112,112,17,57,105,28,0,ok
test/11-50/25.jpg,11,50,112,112,17,57,102,2,0,ok
test/11-50/43.jpg,11,50,112,112,17,57,102,2,0,ok
test/11-50/54.jpg,11,50,112,112,17,57,102,2,0,ok
test/11-50/60.jpg,11,50,112,112,64,195,52,117,270,ok
test/11-50/7.jpg,11,50,112,112,17,57,102,2,0,ok
test/11-50/76.jpg,11,50,112,112,68,188,3,121,270,ok
test/11-50/77.jpg,11,50,112,112,17,57,102,2,0,ok
test/11-50/87.jpg,11,50,112,112,57,207,52,117,270,ok
test/11-50/9.jpg,11,50,112,112,57,207,52,117,270,ok
test/11-55/19.jpg,11,55,112,112,57,17,109,51,0,ok
test/11-55/29.jpg,11,55,112,112,57,17,107,2,0,ok
test/11-55/31.jpg,11,55,112,112,57,17,109,51,0,ok
test/11-55/33.jpg,11,55,112,112,158,192,115,171,180,ok
test/11-55/51.jpg,11,55,112,112,167,207,115,171,180,ok
test/11-55/58.jpg,11,55,112,112,17,167,51,115,270,ok
test/11-55/65.jpg,11,55,112,112,17,167,2,117,270,ok
test/11-55/70.jpg,11,55,112,112,166,206,117,221,180,ok
test/11-55/8.jpg,11,55,112,112,62,26,109,51,0,ok
test/11-55/91.jpg,11,55,112,112,57,17,107,2,0,ok
test/12-00/25.jpg,12,0,112,112,112,222,112,222,180,ok
test/12-00/31.jpg,12,0,112,112,2,112,2,112,270,ok
test/12-00/42.jpg,12,0,112,112,112,2,112,2,0,ok
test/12-00/45.jpg,12,0,112,112,112,18,112,18,0,ok
test/12-00/50.jpg,12,0,112,112,222,112,222,112,90,ok
test/12-00/63.jpg,12,0,112,112,19,112,19,112,270,ok
test/12-00/74.jpg,12,0,112,112,112,2,112,2,0,ok
test/12-00/82.jpg,12,0,112,112,2,112,2,112,270,ok
test/12-00/83.jpg,12,0,112,112,112,2,112,2,0,ok
test/12-00/92.jpg,12,0,112,112,222,112,222,112,90,ok
test/12-05/23.jpg,12,5,112,112,167,17,117,2,0,ok
test/12-05/32.jpg,12,5,112,112,207,167,222,117,90,ok
test/12-05/41.jpg,12,5,112,112,207,167,222,117,90,ok
test/12-05/52.jpg,12,5,112,112,57,207,107,222,180,ok
test/12-05/71.jpg,12,5,112,112,17,57,2,107,270,ok
test/12-05/76.jpg,12,5,112,112,156,36,117,3,0,ok
test/12-05/85.jpg,12,5,112,112,158,31,116,20,0,ok
test/12-05/89.jpg,12,5,112,112,57,207,109,181,180,ok
test/12-05/9.jpg,12,5,112,112,161,27,115,52,0,ok
test/12-05/99.jpg,12,5,112,112,66,192,109,172,180,ok
test/12-10/16.jpg,12,10,112,112,207,57,122,2,0,ok
test/12-10/21.jpg,12,10,112,112,57,17,51,107,270,ok
test/12-10/30.jpg,12,10,112,112,192,66,117,52,0,ok
test/12-10/35.jpg,12,10,112,112,17,167,102,222,180,ok
test/12-10/36.jpg,12,10,112,112,207,57,122,2,0,ok
test/12-10/46.jpg,12,10,112,112,158,192,171,117,90,ok
test/12-10/47.jpg,12,10,112,112,57,17,51,107,270,ok
test/12-10/64.jpg,12,10,112,112,192,66,117,52,0,ok
test/12-10/86.jpg,12,10,112,112,29,160,107,172,180,ok
test/12-10/88.jpg,12,10,112,112,161,197,173,117,90,ok
test/12-15/1.jpg,12,15,112,112,222,112,126,3,0,ok
test/12-15/20.jpg,12,15,112,112,208,112,120,52,0,ok
test/12-15/3.jpg,12,15,112,112,112,222,221,126,90,ok
test/12-15/45.jpg,12,15,112,112,209,112,120,52,0,ok
test/12-15/48.jpg,12,15,112,112,222,112,126,3,0,ok
test/12-15/52.jpg,12,15,112,112,2,112,98,221,180,ok
test/12-15/58.jpg,12,15,112,112,222,112,120,51,0,ok
test/12-15/64.jpg,12,15,112,112,205,112,120,52,0,ok
test/12-15/67.jpg,12,15,112,112,2,112,104,172,180,ok
test/12-15/99.jpg,12,15,112,112,2,112,104,172,180,ok
test/12-20/10.jpg,12,20,112,112,194,159,123,52,0,ok
test/12-20/21.jpg,12,20,112,112,160,28,52,101,270,ok
test/12-20/26.jpg,12,20,112,112,27,63,93,217,180,ok
test/12-20/39.jpg,12,20,112,112,30,64,101,176,180,ok
test/12-20/48.jpg,12,20,112,112,207,167,131,4,0,ok
test/12-20/67.jpg,12,20,112,112,57,207,171,122,90,ok
test/12-20/8.jpg,12,20,112,112,192,158,123,52,0,ok
test/12-20/85.jpg,12,20,112,112,57,207,179,124,90,ok
test/12-20/89.jpg,12,20,112,112,17,57,101,176,180,ok
test/12-20/97.jpg,12,20,112,112,57,207,171,122,90,ok
test/12-25/23.jpg,12,25,112,112,167,207,136,5,0,ok
test/12-25/4.jpg,12,25,112,112,207,57,5,88,270,ok
test/12-25/55.jpg,12,25,112,112,167,207,136,5,0,ok
test/12-25/61.jpg,12,25,112,112,60,22,99,171,180,ok
test/12-25/68.jpg,12,25,112,112,65,31,99,171,180,ok
test/12-25/73.jpg,12,25,112,112,57,17,99,171,180,ok
test/12-25/84.jpg,12,25,112,112,167,207,125,53,0,ok
test/12-25/85.jpg,12,25,112,112,207,57,48,98,270,ok
test/12-25/89.jpg,12,25,112,112,207,57,52,99,270,ok
test/12-25/91.jpg,12,25,112,112,17,167,219,136,90,ok
test/12-30/16.jpg,12,30,112,112,112,222,140,6,0,ok
test/12-30/40.jpg,12,30,112,112,112,222,128,53,0,ok
test/12-30/45.jpg,12,30,112,112,112,10,96,170,180,ok
test/12-30/48.jpg,12,30,112,112,112,222,140,6,0,ok
test/12-30/52.jpg,12,30,112,112,2,112,218,140,90,ok
test/12-30/56.jpg,12,30,112,112,112,17,96,170,180,ok
test/12-30/57.jpg,12,30,112,112,112,222,140,6,0,ok
test/12-30/75.jpg,12,30,112,112,112,206,128,53,0,ok
test/12-30/9.jpg,12,30,112,112,112,222,128,53,0,ok
test/12-30/96.jpg,12,30,112,112,112,222,128,53,0,ok
test/12-35/21.jpg,12,35,112,112,66,192,130,54,0,ok
test/12-35/41.jpg,12,35,112,112,207,167,7,79,270,ok
test/12-35/51.jpg,12,35,112,112,167,17,94,169,180,ok
test/12-35/53.jpg,12,35,112,112,57,207,136,37,0,ok
test/12-35/55.jpg,12,35,112,112,57,207,145,7,0,ok
test/12-35/62.jpg,12,35,112,112,167,17,94,169,180,ok
test/12-35/8.jpg,12,35,112,112,192,158,54,94,270,ok
test/12-35/80.jpg,12,35,112,112,57,207,130,54,0,ok
test/12-35/81.jpg,12,35,112,112,17,57,217,145,90,ok
test/12-35/88.jpg,12,35,112,112,31,65,169,130,90,ok
test/12-40/18.jpg,12,40,112,112,207,57,91,170,180,ok
test/12-40/30.jpg,12,40,112,112,32,158,133,55,0,ok
test/12-40/36.jpg,12,40,112,112,207,57,74,215,180,ok
test/12-40/43.jpg,12,40,112,112,207,57,74,215,180,ok
test/12-40/56.jpg,12,40,112,112,24,163,133,55,0,ok
test/12-40/65.jpg,12,40,112,112,207,57,74,215,180,ok
test/12-40/75.jpg,12,40,112,112,158,192,55,91,270,ok
test/12-40/84.jpg,12,40,112,112,207,57,91,168,180,ok
test/12-40/95.jpg,12,40,112,112,19,166,133,55,0,ok
test/12-40/96.jpg,12,40,112,112,167,207,55,91,270,ok
test/12-45/29.jpg,12,45,112,112,2,112,136,55,0,ok
test/12-45/32.jpg,12,45,112,112,2,112,154,10,0,ok
test/12-45/41.jpg,12,45,112,112,222,112,70,214,180,ok
test/12-45/6.jpg,12,45,112,112,2,112,154,10,0,ok
test/12-45/63.jpg,12,45,112,112,19,112,135,56,0,ok
test/12-45/69.jpg,12,45,112,112,2,112,154,10,0,ok
test/12-45/78.jpg,12,45,112,112,5,112,135,56,0,ok
test/12-45/91.jpg,12,45,112,112,112,2,214,154,90,ok
test/12-45/92.jpg,12,45,112,112,2,112,154,10,0,ok
test/12-45/98.jpg,12,45,112,112,112,213,56,89,270,ok
test/12-50/41.jpg,12,50,112,112,17,57,158,12,0,ok
test/12-50/43.jpg,12,50,112,112,207,167,66,212,180,ok
test/12-50/45.jpg,12,50,112,112,21,60,138,57,0,ok
test/12-50/52.jpg,12,50,112,112,207,167,66,212,180,ok
test/12-50/6.jpg,12,50,112,112,17,57,158,12,0,ok
test/12-50/72.jpg,12,50,112,112,19,58,138,57,0,ok
test/12-50/76.jpg,12,50,112,112,187,155,66,210,180,ok
test/12-50/77.jpg,12,50,112,112,17,57,158,12,0,ok
test/12-50/78.jpg,12,50,112,112,158,31,166,137,90,ok
test/12-50/79.jpg,12,50,112,112,17,57,158,12,0,ok
test/12-55/33.jpg,12,55,112,112,31,159,58,84,270,ok
test/12-55/48.jpg,12,55,112,112,57,17,163,14,0,ok
test/12-55/5.jpg,12,55,112,112,65,31,140,58,0,ok
test/12-55/50.jpg,12,55,112,112,167,207,61,210,180,ok
test/12-55/64.jpg,12,55,112,112,65,31,140,58,0,ok
test/12-55/66.jpg,12,55,112,112,207,57,165,140,90,ok
test/12-55/71.jpg,12,55,112,112,17,167,14,61,270,ok
test/12-55/77.jpg,12,55,112,112,17,167,14,61,270,ok
test/12-55/86.jpg,12,55,112,112,160,196,84,165,180,ok
test/12-55/9.jpg,12,55,112,112,17,167,58,84,270,ok
test/2-00/13.jpg,2,0,112,112,2,112,81,59,270,ok
test/2-00/14.jpg,2,0,112,112,112,2,207,57,0,ok
test/2-00/20.jpg,2,0,112,112,19,112,81,59,270,ok
test/2-00/21.jpg,2,0,112,112,207,112,142,164,90,ok
test/2-00/30.jpg,2,0,112,112,112,2,168,80,0,ok
test/2-00/53.jpg,2,0,112,112,221,112,164,201,90,ok
test/2-00/77.jpg,2,0,112,112,2,112,57,17,270,ok
test/2-00/8.jpg,2,0,112,112,112,17,164,82,0,ok
test/2-00/97.jpg,2,0,112,112,112,18,164,82,0,ok
test/2-00/99.jpg,2,0,112,112,112,2,164,82,0,ok
test/2-05/39.jpg,2,5,112,112,17,57,81,52,270,ok
test/2-05/41.jpg,2,5,112,112,57,207,14,163,180,ok
test/2-05/46.jpg,2,5,112,112,158,31,165,84,0,ok
test/2-05/57.jpg,2,5,112,112,57,207,14,163,180,ok
test/2-05/70.jpg,2,5,112,112,166,18,209,62,0,ok
test/2-05/73.jpg,2,5,112,112,158,31,176,79,0,ok
test/2-05/83.jpg,2,5,112,112,207,167,163,210,90,ok
test/2-05/86.jpg,2,5,112,112,158,31,165,84,0,ok
test/2-05/95.jpg,2,5,112,112,167,17,165,84,0,ok
test/2-05/99.jpg,2,5,112,112,31,65,84,58,270,ok
test/2-10/13.jpg,2,10,112,112,57,17,86,57,270,ok
test/2-10/14.jpg,2,10,112,112,207,57,212,66,0,ok
test/2-10/33.jpg,2,10,112,112,193,65,166,87,0,ok
test/2-10/40.jpg,2,10,112,112,207,57,182,79,0,ok
test/2-10/49.jpg,2,10,112,112,207,57,171,85,0,ok
test/2-10/74.jpg,2,10,112,112,207,57,212,66,0,ok
test/2-10/87.jpg,2,10,112,112,207,57,166,87,0,ok
test/2-10/93.jpg,2,10,112,112,207,57,212,66,0,ok
test/2-10/96.jpg,2,10,112,112,207,57,166,87,0,ok
test/2-10/97.jpg,2,10,112,112,198,62,166,87,0,ok
test/2-15/1.jpg,2,15,112,112,222,112,214,70,0,ok
test/2-15/30.jpg,2,15,112,112,221,112,170,88,0,ok
test/2-15/36.jpg,2,15,112,112,222,112,214,70,0,ok
test/2-15/48.jpg,2,15,112,112,222,112,214,70,0,ok
test/2-15/57.jpg,2,15,112,112,222,112,214,70,0,ok
test/2-15/79.jpg,2,15,112,112,2,112,10,154,180,ok
test/2-15/87.jpg,2,15,112,112,222,112,167,89,0,ok
test/2-15/91.jpg,2,15,112,112,112,222,154,214,90,ok
test/2-15/96.jpg,2,15,112,112,222,112,167,89,0,ok
test/2-15/97.jpg,2,15,112,112,221,112,167,89,0,ok
test/2-20/23.jpg,2,20,112,112,57,207,150,215,90,ok
test/2-20/4.jpg,2,20,112,112,167,17,74,9,270,ok
test/2-20/64.jpg,2,20,112,112,31,65,55,133,180,ok
test/2-20/72.jpg,2,20,112,112,167,17,91,55,270,ok
test/2-20/73.jpg,2,20,112,112,207,167,181,87,0,ok
test/2-20/82.jpg,2,20,112,112,207,167,215,74,0,ok
test/2-20/83.jpg,2,20,112,112,207,167,215,74,0,ok
test/2-20/87.jpg,2,20,112,112,207,167,168,91,0,ok
test/2-20/91.jpg,2,20,112,112,207,167,215,74,0,ok
test/2-20/94.jpg,2,20,112,112,167,17,74,9,270,ok
test/2-25/18.jpg,2,25,112,112,167,207,174,92,0,ok
test/2-25/31.jpg,2,25,112,112,167,207,169,94,0,ok
test/2-25/35.jpg,2,25,112,112,167,207,217,79,0,ok
test/2-25/50.jpg,2,25,112,112,207,57,79,7,270,ok
test/2-25/65.jpg,2,25,112,112,167,207,216,79,0,ok
test/2-25/75.jpg,2,25,112,112,194,64,94,54,270,ok
test/2-25/79.jpg,2,25,112,112,167,207,217,79,0,ok
test/2-25/86.jpg,2,25,112,112,29,160,130,169,90,ok
test/2-25/96.jpg,2,25,112,112,207,57,94,54,270,ok
test/2-25/99.jpg,2,25,112,112,32,158,130,169,90,ok
test/2-30/26.jpg,2,30,112,112,112,5,8,140,180,ok
test/2-30/31.jpg,2,30,112,112,205,112,96,53,270,ok
test/2-30/37.jpg,2,30,112,112,112,39,13,139,180,ok
test/2-30/53.jpg,2,30,112,112,112,222,180,94,0,ok
test/2-30/55.jpg,2,30,112,112,112,222,218,84,0,ok
test/2-30/62.jpg,2,30,112,112,222,112,96,53,270,ok
test/2-30/80.jpg,2,30,112,112,205,112,96,53,270,ok
test/2-30/85.jpg,2,30,112,112,112,222,174,95,0,ok
test/2-30/92.jpg,2,30,112,112,112,222,218,84,0,ok
test/2-30/98.jpg,2,30,112,112,112,204,170,96,0,ok
test/2-35/35.jpg,2,35,112,112,18,58,136,219,90,ok
test/2-35/4.jpg,2,35,112,112,57,207,219,88,0,ok
test/2-35/46.jpg,2,35,112,112,31,65,125,170,90,ok
test/2-35/47.jpg,2,35,112,112,57,207,171,99,0,ok
test/2-35/52.jpg,2,35,112,112,207,167,88,5,270,ok
test/2-35/54.jpg,2,35,112,112,57,207,219,88,0,ok
test/2-35/58.jpg,2,35,112,112,59,203,219,88,0,ok
test/2-35/62.jpg,2,35,112,112,167,17,53,125,180,ok
test/2-35/78.jpg,2,35,112,112,158,31,53,125,180,ok
test/2-35/8.jpg,2,35,112,112,66,192,171,99,0,ok
test/2-40/21.jpg,2,40,112,112,32,158,171,102,0,ok
test/2-40/31.jpg,2,40,112,112,167,207,101,52,270,ok
test/2-40/36.jpg,2,40,112,112,17,167,220,93,0,ok
test/2-40/48.jpg,2,40,112,112,17,167,220,93,0,ok
test/2-40/5.jpg,2,40,112,112,57,18,122,171,90,ok
test/2-40/50.jpg,2,40,112,112,57,17,131,220,90,ok
test/2-40/65.jpg,2,40,112,112,57,17,131,220,90,ok
test/2-40/72.jpg,2,40,112,112,20,165,171,102,0,ok
test/2-40/80.jpg,2,40,112,112,64,29,122,171,90,ok
test/2-40/93.jpg,2,40,112,112,17,167,220,93,0,ok
test/2-45/10.jpg,2,45,112,112,2,112,172,104,0,ok
test/2-45/2.jpg,2,45,112,112,112,2,120,171,90,ok
test/2-45/21.jpg,2,45,112,112,15,112,172,104,0,ok
test/2-45/3.jpg,2,45,112,112,112,28,126,221,90,ok
test/2-45/47.jpg,2,45,112,112,112,205,104,51,270,ok
test/2-45/56.jpg,2,45,112,112,212,112,52,120,180,ok
test/2-45/68.jpg,2,45,112,112,19,112,178,103,0,ok
test/2-45/72.jpg,2,45,112,112,112,218,104,51,270,ok
test/2-45/78.jpg,2,45,112,112,112,18,120,171,90,ok
test/2-45/79.jpg,2,45,112,112,2,112,221,98,0,ok
test/2-50/1.jpg,2,50,112,112,207,167,2,122,180,ok
test/2-50/11.jpg,2,50,112,112,17,57,222,102,0,ok
test/2-50/32.jpg,2,50,112,112,167,17,122,222,90,ok
test/2-50/53.jpg,2,50,112,112,17,57,221,103,0,ok
test/2-50/71.jpg,2,50,112,112,57,206,102,2,270,ok
test/2-50/79.jpg,2,50,112,112,17,57,222,102,0,ok
test/2-50/87.jpg,2,50,112,112,17,57,172,107,0,ok
test/2-50/90.jpg,2,50,112,112,17,57,222,102,0,ok
test/2-50/94.jpg,2,50,112,112,18,58,201,104,0,ok
test/2-50/99.jpg,2,50,112,112,207,167,52,117,180,ok
test/2-55/25.jpg,2,55,112,112,207,57,116,211,90,ok
test/2-55/34.jpg,2,55,112,112,167,207,52,115,180,ok
test/2-55/50.jpg,2,55,112,112,17,167,107,2,270,ok
test/2-55/51.jpg,2,55,112,112,57,17,172,109,0,ok
test/2-55/52.jpg,2,55,112,112,207,57,117,222,90,ok
test/2-55/53.jpg,2,55,112,112,18,167,107,2,270,ok
test/2-55/61.jpg,2,55,112,112,192,66,115,171,90,ok
test/2-55/71.jpg,2,55,112,112,207,57,117,221,90,ok
test/2-55/78.jpg,2,55,112,112,164,201,52,115,180,ok
test/2-55/97.jpg,2,55,112,112,158,192,52,115,180,ok
test/3-00/16.jpg,3,0,112,112,112,2,222,112,0,ok
test/3-00/2.jpg,3,0,112,112,112,18,173,112,0,ok
test/3-00/23.jpg,3,0,112,112,112,2,222,112,0,ok
test/3-00/28.jpg,3,0,112,112,112,2,173,112,0,ok
test/3-00/46.jpg,3,0,112,112,112,2,173,112,0,ok
test/3-00/5.jpg,3,0,112,112,19,112,112,50,270,ok
test/3-00/6.jpg,3,0,112,112,112,2,222,112,0,ok
test/3-00/65.jpg,3,0,112,112,112,2,222,112,0,ok
test/3-00/67.jpg,3,0,112,112,112,2,173,112,0,ok
test/3-00/8.jpg,3,0,112,112,112,17,173,112,0,ok
test/3-05/20.jpg,3,5,112,112,162,25,171,115,0,ok
test/3-05/24.jpg,3,5,112,112,159,31,171,115,0,ok
test/3-05/30.jpg,3,5,112,112,192,158,109,172,90,ok
test/3-05/38.jpg,3,5,112,112,167,17,171,115,0,ok
test/3-05/54.jpg,3,5,112,112,167,17,222,117,0,ok
test/3-05/59.jpg,3,5,112,112,167,17,178,115,0,ok
test/3-05/80.jpg,3,5,112,112,17,57,115,52,270,ok
test/3-05/85.jpg,3,5,112,112,192,158,107,222,90,ok
test/3-05/92.jpg,3,5,112,112,17,57,117,2,270,ok
test/3-05/99.jpg,3,5,112,112,158,31,171,115,0,ok
test/3-10/0.jpg,3,10,112,112,192,66,171,117,0,ok
test/3-10/13.jpg,3,10,112,112,207,57,171,117,0,ok
test/3-10/22.jpg,3,10,112,112,207,57,222,122,0,ok
test/3-10/50.jpg,3,10,112,112,207,57,222,122,0,ok
test/3-10/52.jpg,3,10,112,112,207,57,222,122,0,ok
test/3-10/55.jpg,3,10,112,112,207,57,222,122,0,ok
test/3-10/6.jpg,3,10,112,112,167,207,102,222,90,ok
test/3-10/62.jpg,3,10,112,112,194,64,171,117,0,ok
test/3-10/77.jpg,3,10,112,112,207,57,222,122,0,ok
test/3-10/83.jpg,3,10,112,112,167,207,102,222,90,ok
test/3-15/13.jpg,3,15,112,112,112,2,120,52,270,ok
test/3-15/21.jpg,3,15,112,112,210,112,171,120,0,ok
test/3-15/24.jpg,3,15,112,112,112,222,104,172,90,ok
test/3-15/37.jpg,3,15,112,112,207,112,181,121,0,ok
test/3-15/54.jpg,3,15,112,112,222,112,221,126,0,ok
test/3-15/66.jpg,3,15,112,112,112,10,120,52,270,ok
test/3-15/67.jpg,3,15,112,112,112,222,104,175,90,ok
test/3-15/78.jpg,3,15,112,112,112,18,120,52,270,ok
test/3-15/8.jpg,3,15,112,112,112,16,120,52,270,ok
test/3-15/99.jpg,3,15,112,112,222,112,171,120,0,ok
test/3-20/10.jpg,3,20,112,112,167,17,123,52,270,ok
test/3-20/15.jpg,3,20,112,112,192,158,174,123,0,ok
test/3-20/2.jpg,3,20,112,112,192,158,171,122,0,ok
test/3-20/26.jpg,3,20,112,112,165,20,131,6,270,ok
test/3-20/33.jpg,3,20,112,112,160,30,123,52,270,ok
test/3-20/45.jpg,3,20,112,112,195,160,171,122,0,ok
test/3-20/57.jpg,3,20,112,112,167,17,131,4,270,ok
test/3-20/85.jpg,3,20,112,112,57,207,93,220,90,ok
test/3-20/87.jpg,3,20,112,112,207,167,171,122,0,ok
test/3-20/91.jpg,3,20,112,112,207,167,220,131,0,ok
test/3-25/29.jpg,3,25,112,112,207,57,125,53,270,ok
test/3-25/31.jpg,3,25,112,112,167,207,170,125,0,ok
test/3-25/37.jpg,3,25,112,112,162,198,185,128,0,ok
test/3-25/40.jpg,3,25,112,112,167,207,170,125,0,ok
test/3-25/44.jpg,3,25,112,112,167,207,170,125,0,ok
test/3-25/63.jpg,3,25,112,112,27,161,99,171,90,ok
test/3-25/7.jpg,3,25,112,112,167,207,170,125,0,ok
test/3-25/81.jpg,3,25,112,112,17,167,88,219,90,ok
test/3-25/85.jpg,3,25,112,112,167,207,219,136,0,ok
test/3-25/86.jpg,3,25,112,112,63,28,52,99,180,ok
test/3-30/22.jpg,3,30,112,112,112,222,217,140,0,ok
test/3-30/36.jpg,3,30,112,112,112,222,218,140,0,ok
test/3-30/49.jpg,3,30,112,112,112,204,176,129,0,ok
test/3-30/77.jpg,3,30,112,112,2,112,84,218,90,ok
test/3-30/81.jpg,3,30,112,112,112,222,218,140,0,ok
test/3-30/83.jpg,3,30,112,112,112,222,218,140,0,ok
test/3-30/89.jpg,3,30,112,112,112,2,53,96,180,ok
test/3-30/90.jpg,3,30,112,112,112,222,218,140,0,ok
test/3-30/91.jpg,3,30,112,112,112,222,218,140,0,ok
test/3-30/95.jpg,3,30,112,112,11,112,96,170,90,ok
test/3-35/13.jpg,3,35,112,112,192,158,130,54,270,ok
test/3-35/27.jpg,3,35,112,112,57,207,217,145,0,ok
test/3-35/28.jpg,3,35,112,112,192,158,130,54,270,ok
test/3-35/33.jpg,3,35,112,112,192,158,130,54,270,ok
test/3-35/34.jpg,3,35,112,112,66,192,169,130,0,ok
test/3-35/36.jpg,3,35,112,112,17,57,79,217,90,ok
test/3-35/38.jpg,3,35,112,112,66,192,169,130,0,ok
test/3-35/73.jpg,3,35,112,112,167,17,7,79,180,ok
test/3-35/83.jpg,3,35,112,112,57,207,217,145,0,ok
test/3-35/97.jpg,3,35,112,112,57,207,169,130,0,ok
test/3-40/0.jpg,3,40,112,112,22,164,168,133,0,ok
test/3-40/19.jpg,3,40,112,112,17,167,168,133,0,ok
test/3-40/22.jpg,3,40,112,112,207,57,9,74,180,ok
test/3-40/32.jpg,3,40,112,112,17,167,215,150,0,ok
test/3-40/42.jpg,3,40,112,112,207,57,55,91,180,ok
test/3-40/49.jpg,3,40,112,112,17,167,174,135,0,ok
test/3-40/60.jpg,3,40,112,112,32,158,168,133,0,ok
test/3-40/62.jpg,3,40,112,112,28,161,168,133,0,ok
test/3-40/86.jpg,3,40,112,112,30,160,168,133,0,ok
test/3-40/89.jpg,3,40,112,112,17,167,168,133,0,ok
test/3-45/11.jpg,3,45,112,112,112,2,70,214,90,ok
test/3-45/18.jpg,3,45,112,112,2,112,176,138,0,ok
test/3-45/23.jpg,3,45,112,112,222,112,10,70,180,ok
test/3-45/26.jpg,3,45,112,112,218,112,12,71,180,ok
test/3-45/29.jpg,3,45,112,112,222,112,56,89,180,ok
test/3-45/41.jpg,3,45,112,112,2,112,214,154,0,ok
test/3-45/8.jpg,3,45,112,112,112,212,135,56,270,ok
test/3-45/82.jpg,3,45,112,112,112,222,154,10,270,ok
test/3-45/95.jpg,3,45,112,112,112,219,135,56,270,ok
test/3-45/99.jpg,3,45,112,112,2,112,167,135,0,ok
test/3-50/10.jpg,3,50,112,112,207,167,57,86,180,ok
test/3-50/14.jpg,3,50,112,112,17,57,212,158,0,ok
test/3-50/21.jpg,3,50,112,112,31,65,166,137,0,ok
test/3-50/24.jpg,3,50,112,112,167,17,87,166,90,ok
test/3-50/30.jpg,3,50,112,112,66,192,139,55,270,ok
test/3-50/40.jpg,3,50,112,112,28,64,212,158,0,ok
test/3-50/6.jpg,3,50,112,112,17,57,212,158,0,ok
test/3-50/61.jpg,3,50,112,112,192,158,57,86,180,ok
test/3-50/77.jpg,3,50,112,112,17,57,212,158,0,ok
test/3-50/9.jpg,3,50,112,112,167,17,87,166,90,ok
test/3-55/17.jpg,3,55,112,112,32,158,140,58,270,ok
test/3-55/19.jpg,3,55,112,112,207,57,84,165,90,ok
test/3-55/29.jpg,3,55,112,112,57,17,173,144,0,ok
test/3-55/38.jpg,3,55,112,112,65,31,165,140,0,ok
test/3-55/50.jpg,3,55,112,112,57,17,210,163,0,ok
test/3-55/66.jpg,3,55,112,112,26,162,140,58,270,ok
test/3-55/74.jpg,3,55,112,112,57,17,210,163,0,ok
test/3-55/75.jpg,3,55,112,112,158,192,58,84,180,ok
test/3-55/93.jpg,3,55,112,112,57,17,210,163,0,ok
test/3-55/99.jpg,3,55,112,112,57,17,165,140,0,ok
test/4-00/1.jpg,4,0,112,112,112,2,207,167,0,ok
test/4-00/25.jpg,4,0,112,112,12,112,167,17,270,ok
test/4-00/29.jpg,4,0,112,112,2,112,167,17,270,ok
test/4-00/41.jpg,4,0,112,112,112,222,17,57,180,ok
test/4-00/52.jpg,4,0,112,112,2,112,167,17,270,ok
test/4-00/74.jpg,4,0,112,112,112,2,207,167,0,ok
test/4-00/78.jpg,4,0,112,112,112,18,164,142,0,ok
test/4-00/80.jpg,4,0,112,112,205,112,82,164,90,ok
test/4-00/83.jpg,4,0,112,112,112,2,207,167,0,ok
test/4-00/88.jpg,4,0,112,112,206,112,82,164,90,ok
test/4-05/13.jpg,4,5,112,112,57,207,60,79,180,ok
test/4-05/15.jpg,4,5,112,112,160,28,164,145,0,ok
test/4-05/20.jpg,4,5,112,112,162,25,163,145,0,ok
test/4-05/24.jpg,4,5,112,112,159,31,163,145,0,ok
test/4-05/27.jpg,4,5,112,112,167,17,205,171,0,ok
test/4-05/42.jpg,4,5,112,112,57,207,60,79,180,ok
test/4-05/55.jpg,4,5,112,112,207,167,53,205,90,ok
test/4-05/67.jpg,4,5,112,112,167,17,163,145,0,ok
test/4-05/68.jpg,4,5,112,112,192,158,77,168,90,ok
test/4-05/84.jpg,4,5,112,112,167,17,163,145,0,ok
test/4-10/11.jpg,4,10,112,112,207,57,202,175,0,ok
test/4-10/16.jpg,4,10,112,112,207,57,202,175,0,ok
test/4-10/35.jpg,4,10,112,112,207,57,202,175,0,ok
test/4-10/59.jpg,4,10,112,112,207,57,167,150,0,ok
test/4-10/73.jpg,4,10,112,112,17,167,22,49,180,ok
test/4-10/74.jpg,4,10,112,112,207,57,202,175,0,ok
test/4-10/80.jpg,4,10,112,112,192,66,161,146,0,ok
test/4-10/81.jpg,4,10,112,112,207,57,202,175,0,ok
test/4-10/86.jpg,4,10,112,112,64,29,147,62,270,ok
test/4-10/95.jpg,4,10,112,112,205,58,161,146,0,ok
test/4-15/0.jpg,4,15,112,112,205,112,160,149,0,ok
test/4-15/13.jpg,4,15,112,112,222,112,160,149,0,ok
test/4-15/36.jpg,4,15,112,112,112,222,45,199,90,ok
test/4-15/52.jpg,4,15,112,112,112,222,45,199,90,ok
test/4-15/55.jpg,4,15,112,112,222,112,199,179,0,ok
test/4-15/60.jpg,4,15,112,112,213,112,160,149,0,ok
test/4-15/68.jpg,4,15,112,112,19,112,63,74,180,ok
test/4-15/74.jpg,4,15,112,112,222,112,199,179,0,ok
test/4-15/93.jpg,4,15,112,112,222,112,199,179,0,ok
test/4-15/98.jpg,4,15,112,112,112,211,75,160,90,ok
test/4-20/12.jpg,4,20,112,112,31,65,65,73,180,ok
test/4-20/17.jpg,4,20,112,112,203,164,157,150,0,ok
test/4-20/38.jpg,4,20,112,112,192,158,157,150,0,ok
test/4-20/41.jpg,4,20,112,112,207,167,196,183,0,ok
test/4-20/49.jpg,4,20,112,112,192,158,163,154,0,ok
test/4-20/5.jpg,4,20,112,112,66,192,73,158,90,ok
test/4-20/6.jpg,4,20,112,112,207,167,196,183,0,ok
test/4-20/64.jpg,4,20,112,112,192,158,157,150,0,ok
test/4-20/67.jpg,4,20,112,112,207,167,157,150,0,ok
test/4-20/69.jpg,4,20,112,112,57,207,41,196,90,ok
test/4-25/14.jpg,4,25,112,112,167,207,193,186,0,ok
test/4-25/17.jpg,4,25,112,112,158,192,156,153,0,ok
test/4-25/25.jpg,4,25,112,112,207,57,186,31,270,ok
test/4-25/35.jpg,4,25,112,112,167,207,192,185,0,ok
test/4-25/45.jpg,4,25,112,112,61,24,67,71,180,ok
test/4-25/51.jpg,4,25,112,112,167,207,156,153,0,ok
test/4-25/72.jpg,4,25,112,112,167,207,156,153,0,ok
test/4-25/8.jpg,4,25,112,112,194,64,153,67,270,ok
test/4-25/97.jpg,4,25,112,112,194,64,153,67,270,ok
test/4-25/98.jpg,4,25,112,112,167,207,156,153,0,ok
test/4-30/22.jpg,4,30,112,112,112,222,189,189,0,ok
test/4-30/3.jpg,4,30,112,112,222,112,190,34,270,ok
test/4-30/32.jpg,4,30,112,112,112,2,34,34,180,ok
test/4-30/49.jpg,4,30,112,112,112,13,64,64,180,ok
test/4-30/70.jpg,4,30,112,112,2,112,35,189,90,ok
test/4-30/76.jpg,4,30,112,112,112,3,35,35,180,ok
test/4-30/80.jpg,4,30,112,112,112,204,154,154,0,ok
test/4-30/88.jpg,4,30,112,112,112,210,154,154,0,ok
test/4-30/89.jpg,4,30,112,112,19,112,69,155,90,ok
test/4-30/95.jpg,4,30,112,112,112,212,154,154,0,ok
test/4-35/18.jpg,4,35,112,112,57,207,158,162,0,ok
test/4-35/2.jpg,4,35,112,112,66,192,153,156,0,ok
test/4-35/25.jpg,4,35,112,112,57,207,186,193,0,ok
test/4-35/27.jpg,4,35,112,112,57,207,186,193,0,ok
test/4-35/29.jpg,4,35,112,112,57,207,153,157,0,ok
test/4-35/40.jpg,4,35,112,112,57,207,153,156,0,ok
test/4-35/44.jpg,4,35,112,112,57,207,153,156,0,ok
test/4-35/54.jpg,4,35,112,112,57,207,186,193,0,ok
test/4-35/60.jpg,4,35,112,112,61,199,153,156,0,ok
test/4-35/95.jpg,4,35,112,112,57,207,153,156,0,ok
test/4-40/14.jpg,4,40,112,112,17,167,183,196,0,ok
test/4-40/20.jpg,4,40,112,112,26,162,150,157,0,ok
test/4-40/24.jpg,4,40,112,112,17,167,150,157,0,ok
test/4-40/34.jpg,4,40,112,112,17,167,150,157,0,ok
test/4-40/50.jpg,4,40,112,112,57,17,28,183,90,ok
test/4-40/52.jpg,4,40,112,112,17,167,183,196,0,ok
test/4-40/62.jpg,4,40,112,112,207,57,73,65,180,ok
test/4-40/64.jpg,4,40,112,112,17,167,150,157,0,ok
test/4-40/68.jpg,4,40,112,112,29,160,150,157,0,ok
test/4-40/88.jpg,4,40,112,112,27,161,150,157,0,ok
test/4-45/23.jpg,4,45,112,112,222,112,45,25,180,ok
test/4-45/28.jpg,4,45,112,112,2,112,149,160,0,ok
test/4-45/30.jpg,4,45,112,112,19,112,149,160,0,ok
test/4-45/32.jpg,4,45,112,112,2,112,179,199,0,ok
test/4-45/34.jpg,4,45,112,112,217,112,74,63,180,ok
test/4-45/40.jpg,4,45,112,112,2,112,150,161,0,ok
test/4-45/5.jpg,4,45,112,112,112,18,64,149,90,ok
test/4-45/72.jpg,4,45,112,112,112,218,160,75,270,ok
test/4-45/95.jpg,4,45,112,112,4,112,149,160,0,ok
test/4-45/99.jpg,4,45,112,112,112,222,160,75,270,ok
test/4-50/0.jpg,4,50,112,112,21,60,146,161,0,ok
test/4-50/45.jpg,4,50,112,112,21,60,146,161,0,ok
test/4-50/46.jpg,4,50,112,112,66,192,161,78,270,ok
test/4-50/48.jpg,4,50,112,112,17,57,175,202,0,ok
test/4-50/62.jpg,4,50,112,112,28,64,146,161,0,ok
test/4-50/69.jpg,4,50,112,112,167,17,22,175,90,ok
test/4-50/76.jpg,4,50,112,112,188,156,49,22,180,ok
test/4-50/86.jpg,4,50,112,112,196,160,77,62,180,ok
test/4-50/9.jpg,4,50,112,112,17,57,146,161,0,ok
test/4-50/98.jpg,4,50,112,112,63,197,161,78,270,ok
test/4-55/44.jpg,4,55,112,112,158,192,79,60,180,ok
test/4-55/49.jpg,4,55,112,112,145,169,53,19,180,ok
test/4-55/59.jpg,4,55,112,112,165,82,19,171,90,ok
test/4-55/63.jpg,4,55,112,112,17,167,163,79,270,ok
test/4-55/75.jpg,4,55,112,112,158,192,79,60,180,ok
test/4-55/85.jpg,4,55,112,112,167,207,53,19,180,ok
test/4-55/89.jpg,4,55,112,112,167,207,75,55,180,ok
test/4-55/90.jpg,4,55,112,112,57,17,171,205,0,ok
test/4-55/91.jpg,4,55,112,112,207,57,19,171,90,ok
test/4-55/94.jpg,4,55,112,112,166,206,53,19,180,ok
test/5-00/15.jpg,5,0,112,112,112,17,142,164,0,ok
test/5-00/24.jpg,5,0,112,112,112,2,142,164,0,ok
test/5-00/45.jpg,5,0,112,112,112,18,142,164,0,ok
test/5-00/50.jpg,5,0,112,112,112,2,167,207,0,ok
test/5-00/55.jpg,5,0,112,112,222,112,17,167,90,ok
test/5-00/62.jpg,5,0,112,112,208,112,60,142,90,ok
test/5-00/70.jpg,5,0,112,112,112,221,57,17,180,ok
test/5-00/85.jpg,5,0,112,112,112,14,167,207,0,ok
test/5-00/98.jpg,5,0,112,112,112,18,142,164,0,ok
test/5-00/99.jpg,5,0,112,112,2,112,164,82,270,ok
test/5-05/2.jpg,5,5,112,112,17,57,165,84,270,ok
test/5-05/34.jpg,5,5,112,112,17,57,165,84,270,ok
test/5-05/60.jpg,5,5,112,112,198,161,58,140,90,ok
test/5-05/68.jpg,5,5,112,112,66,192,84,58,180,ok
test/5-05/80.jpg,5,5,112,112,164,21,140,165,0,ok
test/5-05/85.jpg,5,5,112,112,158,31,163,210,0,ok
test/5-05/86.jpg,5,5,112,112,158,31,140,165,0,ok
test/5-05/87.jpg,5,5,112,112,158,31,140,165,0,ok
test/5-05/89.jpg,5,5,112,112,17,57,165,84,270,ok
test/5-05/95.jpg,5,5,112,112,167,17,140,165,0,ok
test/5-10/31.jpg,5,10,112,112,65,31,166,87,270,ok
test/5-10/38.jpg,5,10,112,112,32,158,86,57,180,ok
test/5-10/4.jpg,5,10,112,112,17,167,66,12,180,ok
test/5-10/43.jpg,5,10,112,112,207,57,158,211,0,ok
test/5-10/68.jpg,5,10,112,112,192,66,137,166,0,ok
test/5-10/74.jpg,5,10,112,112,207,57,158,212,0,ok
test/5-10/78.jpg,5,10,112,112,192,66,137,166,0,ok
test/5-10/83.jpg,5,10,112,112,207,57,158,212,0,ok
test/5-10/9.jpg,5,10,112,112,26,162,86,57,180,ok
test/5-10/98.jpg,5,10,112,112,197,63,137,166,0,ok
test/5-15/41.jpg,5,15,112,112,112,222,10,154,90,ok
test/5-15/5.jpg,5,15,112,112,2,112,89,56,180,ok
test/5-15/61.jpg,5,15,112,112,2,112,89,56,180,ok
test/5-15/76.jpg,5,15,112,112,3,112,70,11,180,ok
test/5-15/83.jpg,5,15,112,112,222,112,154,214,0,ok
test/5-15/84.jpg,5,15,112,112,19,112,89,56,180,ok
test/5-15/9.jpg,5,15,112,112,208,112,135,167,0,ok
test/5-15/90.jpg,5,15,112,112,222,112,154,214,0,ok
test/5-15/91.jpg,5,15,112,112,112,222,10,154,90,ok
test/5-15/98.jpg,5,15,112,112,212,112,135,167,0,ok
test/5-20/35.jpg,5,20,112,112,17,57,74,9,180,ok
test/5-20/38.jpg,5,20,112,112,66,192,55,133,90,ok
test/5-20/40.jpg,5,20,112,112,17,57,91,55,180,ok
test/5-20/45.jpg,5,20,112,112,195,160,133,168,0,ok
test/5-20/5.jpg,5,20,112,112,192,158,133,168,0,ok
test/5-20/70.jpg,5,20,112,112,17,57,74,9,180,ok
test/5-20/77.jpg,5,20,112,112,207,167,150,215,0,ok
test/5-20/87.jpg,5,20,112,112,207,167,133,168,0,ok
test/5-20/95.jpg,5,20,112,112,204,165,133,168,0,ok
test/5-20/97.jpg,5,20,112,112,167,17,168,91,270,ok
test/5-25/21.jpg,5,25,112,112,17,167,54,130,90,ok
test/5-25/24.jpg,5,25,112,112,17,167,54,130,90,ok
test/5-25/41.jpg,5,25,112,112,167,207,145,216,0,ok
test/5-25/70.jpg,5,25,112,112,57,17,79,7,180,ok
test/5-25/74.jpg,5,25,112,112,167,207,145,217,0,ok
test/5-25/80.jpg,5,25,112,112,17,167,54,130,90,ok
test/5-25/90.jpg,5,25,112,112,167,207,145,217,0,ok
test/5-25/96.jpg,5,25,112,112,207,57,169,94,270,ok
test/5-25/98.jpg,5,25,112,112,167,207,130,169,0,ok
test/5-25/99.jpg,5,25,112,112,32,158,54,130,90,ok
test/5-30/10.jpg,5,30,112,112,112,204,128,170,0,ok
test/5-30/14.jpg,5,30,112,112,112,222,140,218,0,ok
test/5-30/22.jpg,5,30,112,112,2,112,6,140,90,ok
test/5-30/27.jpg,5,30,112,112,112,222,140,218,0,ok
test/5-30/33.jpg,5,30,112,112,112,222,128,170,0,ok
test/5-30/49.jpg,5,30,112,112,19,112,47,129,90,ok
test/5-30/54.jpg,5,30,112,112,112,222,140,218,0,ok
test/5-30/62.jpg,5,30,112,112,112,222,128,170,0,ok
test/5-30/64.jpg,5,30,112,112,112,222,128,170,0,ok
test/5-30/99.jpg,5,30,112,112,19,112,53,128,90,ok
test/5-35/1.jpg,5,35,112,112,17,57,5,136,90,ok
test/5-35/11.jpg,5,35,112,112,17,57,5,136,90,ok
test/5-35/20.jpg,5,35,112,112,60,201,125,170,0,ok
test/5-35/3.jpg,5,35,112,112,17,57,5,136,90,ok
test/5-35/4.jpg,5,35,112,112,167,17,88,5,180,ok
test/5-35/41.jpg,5,35,112,112,57,207,136,219,0,ok
test/5-35/57.jpg,5,35,112,112,57,207,136,219,0,ok
test/5-35/65.jpg,5,35,112,112,57,207,136,219,0,ok
test/5-35/76.jpg,5,35,112,112,34,67,5,136,90,ok
test/5-35/98.jpg,5,35,112,112,63,197,125,170,0,ok
test/5-40/12.jpg,5,40,112,112,23,164,122,171,0,ok
test/5-40/29.jpg,5,40,112,112,17,167,123,172,0,ok
test/5-40/35.jpg,5,40,112,112,17,167,131,220,0,ok
test/5-40/38.jpg,5,40,112,112,32,158,122,171,0,ok
test/5-40/47.jpg,5,40,112,112,17,167,122,171,0,ok
test/5-40/60.jpg,5,40,112,112,32,158,122,171,0,ok
test/5-40/62.jpg,5,40,112,112,28,161,122,171,0,ok
test/5-40/64.jpg,5,40,112,112,57,17,52,123,90,ok
test/5-40/90.jpg,5,40,112,112,17,167,131,220,0,ok
test/5-40/91.jpg,5,40,112,112,17,167,131,220,0,ok
test/5-45/20.jpg,5,45,112,112,209,112,104,51,180,ok
test/5-45/22.jpg,5,45,112,112,2,112,126,221,0,ok
test/5-45/30.jpg,5,45,112,112,112,2,52,120,90,ok
test/5-45/38.jpg,5,45,112,112,2,112,120,171,0,ok
test/5-45/42.jpg,5,45,112,112,2,112,120,172,0,ok
test/5-45/46.jpg,5,45,112,112,9,112,120,171,0,ok
test/5-45/85.jpg,5,45,112,112,19,112,126,221,0,ok
test/5-45/87.jpg,5,45,112,112,2,112,120,171,0,ok
test/5-45/92.jpg,5,45,112,112,112,222,221,98,270,ok
test/5-45/94.jpg,5,45,112,112,2,112,126,221,0,ok
test/5-50/18.jpg,5,50,112,112,17,57,118,177,0,ok
test/5-50/29.jpg,5,50,112,112,207,167,106,42,180,ok
test/5-50/43.jpg,5,50,112,112,167,17,2,122,90,ok
test/5-50/5.jpg,5,50,112,112,18,58,117,171,0,ok
test/5-50/56.jpg,5,50,112,112,23,60,117,171,0,ok
test/5-50/59.jpg,5,50,112,112,17,57,117,171,0,ok
test/5-50/7.jpg,5,50,112,112,17,57,122,222,0,ok
test/5-50/76.jpg,5,50,112,112,156,35,3,121,90,ok
test/5-50/86.jpg,5,50,112,112,27,63,117,171,0,ok
test/5-50/9.jpg,5,50,112,112,17,57,117,171,0,ok
test/5-55/16.jpg,5,55,112,112,57,17,117,222,0,ok
test/5-55/18.jpg,5,55,112,112,17,167,177,109,270,ok
test/5-55/23.jpg,5,55,112,112,167,207,107,2,180,ok
test/5-55/25.jpg,5,55,112,112,207,57,12,116,90,ok
test/5-55/28.jpg,5,55,112,112,57,17,115,171,0,ok
test/5-55/35.jpg,5,55,112,112,57,17,117,222,0,ok
test/5-55/60.jpg,5,55,112,112,57,17,115,171,0,ok
test/5-55/81.jpg,5,55,112,112,57,17,117,222,0,ok
test/5-55/9.jpg,5,55,112,112,207,57,52,115,90,ok
test/5-55/92.jpg,5,55,112,112,57,17,117,222,0,ok
test/6-00/11.jpg,6,0,112,112,112,2,112,222,0,ok
test/6-00/19.jpg,6,0,112,112,172,112,18,112,90,ok
test/6-00/24.jpg,6,0,112,112,112,2,112,171,0,ok
test/6-00/56.jpg,6,0,112,112,112,14,112,171,0,ok
test/6-00/57.jpg,6,0,112,112,112,2,112,222,0,ok
test/6-00/6.jpg,6,0,112,112,112,2,112,222,0,ok
test/6-00/62.jpg,6,0,112,112,112,51,112,204,0,ok
test/6-00/75.jpg,6,0,112,112,112,15,112,171,0,ok
test/6-00/77.jpg,6,0,112,112,112,2,112,222,0,ok
test/6-00/89.jpg,6,0,112,112,112,2,112,171,0,ok
test/6-05/18.jpg,6,5,112,112,167,17,107,222,0,ok
test/6-05/19.jpg,6,5,112,112,158,31,109,172,0,ok
test/6-05/36.jpg,6,5,112,112,167,17,107,222,0,ok
test/6-05/37.jpg,6,5,112,112,160,28,109,184,0,ok
test/6-05/42.jpg,6,5,112,112,57,207,115,52,180,ok
test/6-05/6.jpg,6,5,112,112,167,17,107,222,0,ok
test/6-05/65.jpg,6,5,112,112,167,17,107,222,0,ok
test/6-05/70.jpg,6,5,112,112,57,207,117,2,180,ok
test/6-05/79.jpg,6,5,112,112,57,207,117,2,180,ok
test/6-05/84.jpg,6,5,112,112,66,192,115,52,180,ok
test/6-10/10.jpg,6,10,112,112,57,17,171,117,270,ok
test/6-10/19.jpg,6,10,112,112,65,31,171,117,270,ok
test/6-10/27.jpg,6,10,112,112,207,57,102,222,0,ok
test/6-10/36.jpg,6,10,112,112,207,57,102,222,0,ok
test/6-10/48.jpg,6,10,112,112,207,57,102,222,0,ok
test/6-10/59.jpg,6,10,112,112,167,207,37,105,90,ok
test/6-10/71.jpg,6,10,112,112,207,57,103,221,0,ok
test/6-10/75.jpg,6,10,112,112,20,165,117,52,180,ok
test/6-10/76.jpg,6,10,112,112,67,34,220,121,270,ok
test/6-10/92.jpg,6,10,112,112,57,17,184,118,270,ok
test/6-15/13.jpg,6,15,112,112,112,222,51,104,90,ok
test/6-15/20.jpg,6,15,112,112,208,112,104,172,0,ok
test/6-15/24.jpg,6,15,112,112,2,112,120,52,180,ok
test/6-15/28.jpg,6,15,112,112,222,112,104,172,0,ok
test/6-15/41.jpg,6,15,112,112,222,112,98,221,0,ok
test/6-15/44.jpg,6,15,112,112,222,112,104,172,0,ok
test/6-15/54.jpg,6,15,112,112,222,112,98,221,0,ok
test/6-15/59.jpg,6,15,112,112,19,112,120,52,180,ok
test/6-15/88.jpg,6,15,112,112,212,112,104,172,0,ok
test/6-15/98.jpg,6,15,112,112,112,211,51,104,90,ok
test/6-20/13.jpg,6,20,112,112,64,195,52,101,90,ok
test/6-20/16.jpg,6,20,112,112,207,167,93,220,0,ok
test/6-20/18.jpg,6,20,112,112,57,207,48,101,90,ok
test/6-20/2.jpg,6,20,112,112,66,192,52,101,90,ok
test/6-20/22.jpg,6,20,112,112,166,18,220,131,270,ok
test/6-20/38.jpg,6,20,112,112,192,158,102,171,0,ok
test/6-20/43.jpg,6,20,112,112,207,167,93,220,0,ok
test/6-20/47.jpg,6,20,112,112,207,167,102,171,0,ok
test/6-20/58.jpg,6,20,112,112,57,207,35,98,90,ok
test/6-20/62.jpg,6,20,112,112,17,57,123,52,180,ok
test/6-25/32.jpg,6,25,112,112,167,207,88,219,0,ok
test/6-25/33.jpg,6,25,112,112,64,30,125,53,180,ok
test/6-25/39.jpg,6,25,112,112,158,193,97,177,0,ok
test/6-25/47.jpg,6,25,112,112,160,194,99,171,0,ok
test/6-25/57.jpg,6,25,112,112,167,207,88,219,0,ok
test/6-25/64.jpg,6,25,112,112,207,57,170,125,270,ok
test/6-25/7.jpg,6,25,112,112,57,17,126,50,180,ok
test/6-25/71.jpg,6,25,112,112,57,17,136,5,180,ok
test/6-25/80.jpg,6,25,112,112,167,207,99,171,0,ok
test/6-25/88.jpg,6,25,112,112,206,57,170,125,270,ok
test/6-30/32.jpg,6,30,112,112,2,112,6,84,90,ok
test/6-30/33.jpg,6,30,112,112,112,222,96,170,0,ok
test/6-30/36.jpg,6,30,112,112,112,222,84,218,0,ok
test/6-30/40.jpg,6,30,112,112,112,222,96,170,0,ok
test/6-30/46.jpg,6,30,112,112,112,204,96,170,0,ok
test/6-30/60.jpg,6,30,112,112,205,112,170,128,270,ok
test/6-30/76.jpg,6,30,112,112,112,220,84,217,0,ok
test/6-30/83.jpg,6,30,112,112,112,222,84,218,0,ok
test/6-30/88.jpg,6,30,112,112,112,210,96,170,0,ok
test/6-30/89.jpg,6,30,112,112,112,204,96,170,0,ok
test/6-35/2.jpg,6,35,112,112,158,31,130,54,180,ok
test/6-35/37.jpg,6,35,112,112,158,31,145,7,180,ok
test/6-35/45.jpg,6,35,112,112,61,200,94,169,0,ok
test/6-35/58.jpg,6,35,112,112,19,58,49,92,90,ok
test/6-35/63.jpg,6,35,112,112,64,195,94,169,0,ok
test/6-35/77.jpg,6,35,112,112,57,207,79,217,0,ok
test/6-35/84.jpg,6,35,112,112,207,167,169,130,270,ok
test/6-35/87.jpg,6,35,112,112,65,193,94,169,0,ok
test/6-35/92.jpg,6,35,112,112,17,57,7,79,90,ok
test/6-35/95.jpg,6,35,112,112,207,167,169,130,270,ok
test/6-40/23.jpg,6,40,112,112,17,167,74,215,0,ok
test/6-40/42.jpg,6,40,112,112,207,57,133,55,180,ok
test/6-40/49.jpg,6,40,112,112,17,167,89,175,0,ok
test/6-40/53.jpg,6,40,112,112,17,167,74,215,0,ok
test/6-40/6.jpg,6,40,112,112,17,167,74,215,0,ok
test/6-40/67.jpg,6,40,112,112,206,57,133,55,180,ok
test/6-40/74.jpg,6,40,112,112,17,167,74,215,0,ok
test/6-40/87.jpg,6,40,112,112,57,17,55,91,90,ok
test/6-40/92.jpg,6,40,112,112,17,167,74,215,0,ok
test/6-40/95.jpg,6,40,112,112,19,166,91,168,0,ok
test/6-45/25.jpg,6,45,112,112,222,112,154,10,180,ok
test/6-45/30.jpg,6,45,112,112,19,112,89,167,0,ok
test/6-45/34.jpg,6,45,112,112,112,222,167,135,270,ok
test/6-45/38.jpg,6,45,112,112,222,112,135,56,180,ok
test/6-45/48.jpg,6,45,112,112,2,112,70,214,0,ok
test/6-45/5.jpg,6,45,112,112,19,112,89,167,0,ok
test/6-45/53.jpg,6,45,112,112,112,218,214,154,270,ok
test/6-45/76.jpg,6,45,112,112,112,3,11,70,90,ok
test/6-45/84.jpg,6,45,112,112,2,112,89,167,0,ok
test/6-45/87.jpg,6,45,112,112,112,2,56,89,90,ok
test/6-50/12.jpg,6,50,112,112,17,57,85,170,0,ok
test/6-50/17.jpg,6,50,112,112,24,61,87,166,0,ok
test/6-50/26.jpg,6,50,112,112,191,157,157,15,180,ok
test/6-50/29.jpg,6,50,112,112,167,17,56,86,90,ok
test/6-50/33.jpg,6,50,112,112,30,64,87,166,0,ok
test/6-50/44.jpg,6,50,112,112,31,65,87,166,0,ok
test/6-50/47.jpg,6,50,112,112,63,197,166,137,270,ok
test/6-50/48.jpg,6,50,112,112,17,57,66,212,0,ok
test/6-50/67.jpg,6,50,112,112,57,206,166,137,270,ok
test/6-50/69.jpg,6,50,112,112,202,164,158,12,180,ok
test/6-55/10.jpg,6,55,112,112,17,167,165,140,270,ok
test/6-55/35.jpg,6,55,112,112,17,167,209,162,270,ok
test/6-55/49.jpg,6,55,112,112,198,62,52,81,90,ok
test/6-55/60.jpg,6,55,112,112,207,57,58,84,90,ok
test/6-55/65.jpg,6,55,112,112,57,17,61,210,0,ok
test/6-55/69.jpg,6,55,112,112,57,17,61,210,0,ok
test/6-55/72.jpg,6,55,112,112,58,18,84,165,0,ok
test/6-55/82.jpg,6,55,112,112,167,207,163,14,180,ok
test/6-55/83.jpg,6,55,112,112,57,17,61,210,0,ok
test/6-55/94.jpg,6,55,112,112,166,206,163,14,180,ok
test/7-00/0.jpg,7,0,112,112,112,212,142,59,180,ok
test/7-00/21.jpg,7,0,112,112,18,112,164,142,270,ok
test/7-00/22.jpg,7,0,112,112,222,112,38,69,90,ok
test/7-00/26.jpg,7,0,112,112,219,112,19,58,90,ok
test/7-00/39.jpg,7,0,112,112,2,112,169,145,270,ok
test/7-00/67.jpg,7,0,112,112,2,112,164,142,270,ok
test/7-00/8.jpg,7,0,112,112,206,112,59,82,90,ok
test/7-00/80.jpg,7,0,112,112,205,112,59,82,90,ok
test/7-00/83.jpg,7,0,112,112,112,2,57,207,0,ok
test/7-00/98.jpg,7,0,112,112,205,112,59,82,90,ok
test/7-05/36.jpg,7,5,112,112,167,17,53,205,0,ok
test/7-05/37.jpg,7,5,112,112,164,142,25,57,90,ok
test/7-05/38.jpg,7,5,112,112,167,17,79,163,0,ok
test/7-05/41.jpg,7,5,112,112,167,17,53,205,0,ok
test/7-05/60.jpg,7,5,112,112,161,27,79,163,0,ok
test/7-05/61.jpg,7,5,112,112,142,59,59,195,0,ok
test/7-05/68.jpg,7,5,112,112,157,34,60,194,0,ok
test/7-05/74.jpg,7,5,112,112,167,17,53,205,0,ok
test/7-05/76.jpg,7,5,112,112,34,67,203,170,270,ok
test/7-05/90.jpg,7,5,112,112,167,17,53,205,0,ok
test/7-10/23.jpg,7,10,112,112,207,57,49,202,0,ok
test/7-10/24.jpg,7,10,112,112,57,17,161,146,270,ok
test/7-10/30.jpg,7,10,112,112,32,158,147,62,180,ok
test/7-10/32.jpg,7,10,112,112,207,57,49,202,0,ok
test/7-10/37.jpg,7,10,112,112,196,63,74,166,0,ok
test/7-10/52.jpg,7,10,112,112,167,207,22,49,90,ok
test/7-10/61.jpg,7,10,112,112,58,19,161,146,270,ok
test/7-10/74.jpg,7,10,112,112,207,57,49,202,0,ok
test/7-10/85.jpg,7,10,112,112,57,17,202,175,270,ok
test/7-10/86.jpg,7,10,112,112,194,64,78,161,0,ok
test/7-15/12.jpg,7,15,112,112,222,112,75,160,0,ok
test/7-15/20.jpg,7,15,112,112,208,112,75,160,0,ok
test/7-15/22.jpg,7,15,112,112,222,112,45,199,0,ok
test/7-15/25.jpg,7,15,112,112,112,222,25,45,90,ok
test/7-15/30.jpg,7,15,112,112,112,2,160,149,270,ok
test/7-15/38.jpg,7,15,112,112,112,2,160,149,270,ok
test/7-15/41.jpg,7,15,112,112,222,112,45,199,0,ok
test/7-15/55.jpg,7,15,112,112,222,112,45,199,0,ok
test/7-15/59.jpg,7,15,112,112,19,112,154,57,180,ok
test/7-15/88.jpg,7,15,112,112,212,112,75,160,0,ok
test/7-20/21.jpg,7,20,112,112,195,160,73,158,0,ok
test/7-20/25.jpg,7,20,112,112,207,167,41,196,0,ok
test/7-20/41.jpg,7,20,112,112,207,167,41,196,0,ok
test/7-20/65.jpg,7,20,112,112,17,57,183,28,180,ok
test/7-20/70.jpg,7,20,112,112,57,207,28,41,90,ok
test/7-20/71.jpg,7,20,112,112,207,167,42,195,0,ok
test/7-20/74.jpg,7,20,112,112,207,167,41,196,0,ok
test/7-20/78.jpg,7,20,112,112,192,158,73,158,0,ok
test/7-20/81.jpg,7,20,112,112,207,167,41,196,0,ok
test/7-20/86.jpg,7,20,112,112,160,30,157,150,270,ok
test/7-25/11.jpg,7,25,112,112,167,207,38,193,0,ok
test/7-25/13.jpg,7,25,112,112,158,192,68,160,0,ok
test/7-25/23.jpg,7,25,112,112,167,207,38,193,0,ok
test/7-25/34.jpg,7,25,112,112,195,64,156,153,270,ok
test/7-25/35.jpg,7,25,112,112,17,167,31,38,90,ok
test/7-25/44.jpg,7,25,112,112,167,207,71,157,0,ok
test/7-25/5.jpg,7,25,112,112,28,161,67,71,90,ok
test/7-25/66.jpg,7,25,112,112,57,17,153,67,180,ok
test/7-25/69.jpg,7,25,112,112,57,17,186,31,180,ok
test/7-25/86.jpg,7,25,112,112,29,160,67,71,90,ok
test/7-30/13.jpg,7,30,112,112,222,112,154,154,270,ok
test/7-30/23.jpg,7,30,112,112,112,222,34,190,0,ok
test/7-30/32.jpg,7,30,112,112,2,112,34,34,90,ok
test/7-30/5.jpg,7,30,112,112,112,18,155,69,180,ok
test/7-30/7.jpg,7,30,112,112,112,2,155,69,180,ok
test/7-30/81.jpg,7,30,112,112,112,222,34,190,0,ok
test/7-30/88.jpg,7,30,112,112,13,112,69,69,90,ok
test/7-30/93.jpg,7,30,112,112,112,222,34,190,0,ok
test/7-30/97.jpg,7,30,112,112,112,222,69,155,0,ok
test/7-30/99.jpg,7,30,112,112,112,204,69,155,0,ok
test/7-35/13.jpg,7,35,112,112,66,192,67,153,0,ok
test/7-35/22.jpg,7,35,112,112,159,31,193,38,180,ok
test/7-35/28.jpg,7,35,112,112,192,158,153,156,270,ok
test/7-35/32.jpg,7,35,112,112,57,207,31,186,0,ok
test/7-35/43.jpg,7,35,112,112,57,207,31,186,0,ok
test/7-35/45.jpg,7,35,112,112,199,162,153,156,270,ok
test/7-35/46.jpg,7,35,112,112,66,192,67,153,0,ok
test/7-35/51.jpg,7,35,112,112,167,17,157,71,180,ok
test/7-35/61.jpg,7,35,112,112,31,65,71,67,90,ok
test/7-35/94.jpg,7,35,112,112,18,58,38,31,90,ok
test/7-40/0.jpg,7,40,112,112,164,201,150,157,270,ok
test/7-40/27.jpg,7,40,112,112,17,167,28,183,0,ok
test/7-40/30.jpg,7,40,112,112,32,158,66,151,0,ok
test/7-40/41.jpg,7,40,112,112,207,57,196,41,180,ok
test/7-40/47.jpg,7,40,112,112,207,57,158,73,180,ok
test/7-40/62.jpg,7,40,112,112,28,161,66,151,0,ok
test/7-40/69.jpg,7,40,112,112,207,57,196,41,180,ok
test/7-40/78.jpg,7,40,112,112,18,167,66,151,0,ok
test/7-40/92.jpg,7,40,112,112,167,207,183,196,270,ok
test/7-40/94.jpg,7,40,112,112,17,167,28,183,0,ok
test/7-45/21.jpg,7,45,112,112,112,2,74,63,90,ok
test/7-45/28.jpg,7,45,112,112,2,112,64,149,0,ok
test/7-45/29.jpg,7,45,112,112,2,112,64,149,0,ok
test/7-45/35.jpg,7,45,112,112,2,112,25,179,0,ok
test/7-45/49.jpg,7,45,112,112,17,112,59,153,0,ok
test/7-45/57.jpg,7,45,112,112,112,222,179,199,270,ok
test/7-45/68.jpg,7,45,112,112,19,112,64,149,0,ok
test/7-45/90.jpg,7,45,112,112,2,112,25,179,0,ok
test/7-45/92.jpg,7,45,112,112,2,112,25,179,0,ok
test/7-45/99.jpg,7,45,112,112,2,112,64,149,0,ok
test/7-50/0.jpg,7,50,112,112,201,163,161,78,180,ok
test/7-50/22.jpg,7,50,112,112,21,60,22,175,0,ok
test/7-50/32.jpg,7,50,112,112,167,17,49,22,90,ok
test/7-50/34.jpg,7,50,112,112,57,207,146,161,270,ok
test/7-50/35.jpg,7,50,112,112,17,57,22,175,0,ok
test/7-50/37.jpg,7,50,112,112,195,160,169,72,180,ok
test/7-50/49.jpg,7,50,112,112,30,64,57,150,0,ok
test/7-50/53.jpg,7,50,112,112,57,206,175,202,270,ok
test/7-50/9.jpg,7,50,112,112,57,207,146,161,270,ok
test/7-50/96.jpg,7,50,112,112,17,57,62,147,0,ok
test/7-55/10.jpg,7,55,112,112,57,17,60,145,0,ok
test/7-55/19.jpg,7,55,112,112,57,17,60,145,0,ok
test/7-55/28.jpg,7,55,112,112,167,207,163,79,180,ok
test/7-55/30.jpg,7,55,112,112,158,192,163,79,180,ok
test/7-55/37.jpg,7,55,112,112,196,63,75,54,90,ok
test/7-55/59.jpg,7,55,112,112,27,161,147,168,270,ok
test/7-55/67.jpg,7,55,112,112,58,18,60,145,0,ok
test/7-55/84.jpg,7,55,112,112,57,17,60,145,0,ok
test/7-55/86.jpg,7,55,112,112,63,27,60,145,0,ok
test/7-55/98.jpg,7,55,112,112,207,57,79,60,90,ok
test/8-00/22.jpg,8,0,112,112,2,112,167,207,270,ok
test/8-00/27.jpg,8,0,112,112,112,2,17,167,0,ok
test/8-00/40.jpg,8,0,112,112,112,2,17,167,0,ok
test/8-00/47.jpg,8,0,112,112,112,18,60,142,0,ok
test/8-00/61.jpg,8,0,112,112,112,18,60,142,0,ok
test/8-00/69.jpg,8,0,112,112,2,112,167,207,270,ok
test/8-00/70.jpg,8,0,112,112,2,112,166,206,270,ok
test/8-00/71.jpg,8,0,112,112,112,2,17,167,0,ok
test/8-00/96.jpg,8,0,112,112,112,2,60,142,0,ok
test/8-00/98.jpg,8,0,112,112,112,18,60,142,0,ok
test/8-05/10.jpg,8,5,112,112,159,31,58,140,0,ok
test/8-05/13.jpg,8,5,112,112,57,207,186,74,180,ok
test/8-05/20.jpg,8,5,112,112,162,25,58,140,0,ok
test/8-05/31.jpg,8,5,112,112,66,192,165,84,180,ok
test/8-05/54.jpg,8,5,112,112,167,17,14,163,0,ok
test/8-05/58.jpg,8,5,112,112,17,57,142,171,270,ok
test/8-05/64.jpg,8,5,112,112,192,158,84,58,90,ok
test/8-05/66.jpg,8,5,112,112,25,62,140,165,270,ok
test/8-05/72.jpg,8,5,112,112,17,57,140,165,270,ok
test/8-05/80.jpg,8,5,112,112,57,207,165,84,180,ok
test/8-10/20.jpg,8,10,112,112,197,63,57,138,0,ok
test/8-10/34.jpg,8,10,112,112,167,207,86,57,90,ok
test/8-10/4.jpg,8,10,112,112,57,17,158,212,270,ok
test/8-10/64.jpg,8,10,112,112,192,66,57,138,0,ok
test/8-10/72.jpg,8,10,112,112,17,167,166,87,180,ok
test/8-10/77.jpg,8,10,112,112,207,57,12,158,0,ok
test/8-10/8.jpg,8,10,112,112,32,158,166,87,180,ok
test/8-10/84.jpg,8,10,112,112,32,158,166,87,180,ok
test/8-10/9.jpg,8,10,112,112,198,62,57,138,0,ok
test/8-10/97.jpg,8,10,112,112,198,62,57,138,0,ok
test/8-15/2.jpg,8,15,112,112,222,112,56,135,0,ok
test/8-15/22.jpg,8,15,112,112,112,222,70,11,90,ok
test/8-15/39.jpg,8,15,112,112,206,112,52,137,0,ok
test/8-15/51.jpg,8,15,112,112,222,112,56,135,0,ok
test/8-15/7.jpg,8,15,112,112,2,112,167,89,180,ok
test/8-15/73.jpg,8,15,112,112,112,222,84,44,90,ok
test/8-15/80.jpg,8,15,112,112,2,112,167,89,180,ok
test/8-15/87.jpg,8,15,112,112,112,207,89,56,90,ok
test/8-15/92.jpg,8,15,112,112,222,112,10,154,0,ok
test/8-15/97.jpg,8,15,112,112,112,209,89,56,90,ok
test/8-20/10.jpg,8,20,112,112,57,207,91,55,90,ok
test/8-20/18.jpg,8,20,112,112,57,207,90,52,90,ok
test/8-20/22.jpg,8,20,112,112,206,166,10,149,0,ok
test/8-20/25.jpg,8,20,112,112,57,207,74,9,90,ok
test/8-20/38.jpg,8,20,112,112,192,158,55,133,0,ok
test/8-20/49.jpg,8,20,112,112,158,31,135,174,270,ok
test/8-20/50.jpg,8,20,112,112,57,207,74,9,90,ok
test/8-20/68.jpg,8,20,112,112,192,158,55,133,0,ok
test/8-20/72.jpg,8,20,112,112,207,167,55,133,0,ok
test/8-20/82.jpg,8,20,112,112,17,57,215,74,180,ok
test/8-25/20.jpg,8,25,112,112,163,200,54,130,0,ok
test/8-25/3.jpg,8,25,112,112,167,207,21,141,0,ok
test/8-25/32.jpg,8,25,112,112,167,207,7,145,0,ok
test/8-25/75.jpg,8,25,112,112,64,29,169,94,180,ok
test/8-25/78.jpg,8,25,112,112,167,207,54,130,0,ok
test/8-25/8.jpg,8,25,112,112,194,64,130,169,270,ok
test/8-25/83.jpg,8,25,112,112,167,207,7,145,0,ok
test/8-25/84.jpg,8,25,112,112,167,207,54,130,0,ok
test/8-25/9.jpg,8,25,112,112,164,203,54,130,0,ok
test/8-25/99.jpg,8,25,112,112,158,192,54,130,0,ok
test/8-30/13.jpg,8,30,112,112,112,222,53,128,0,ok
test/8-30/14.jpg,8,30,112,112,112,222,6,140,0,ok
test/8-30/23.jpg,8,30,112,112,112,2,218,84,180,ok
test/8-30/4.jpg,8,30,112,112,112,222,6,140,0,ok
test/8-30/42.jpg,8,30,112,112,112,222,53,128,0,ok
test/8-30/59.jpg,8,30,112,112,205,112,130,180,270,ok
test/8-30/66.jpg,8,30,112,112,112,204,53,128,0,ok
test/8-30/68.jpg,8,30,112,112,112,204,53,128,0,ok
test/8-30/72.jpg,8,30,112,112,220,112,128,170,270,ok
test/8-30/99.jpg,8,30,112,112,112,204,53,128,0,ok
test/8-35/1.jpg,8,35,112,112,167,17,219,88,180,ok
test/8-35/2.jpg,8,35,112,112,31,65,99,52,90,ok
test/8-35/53.jpg,8,35,112,112,57,207,5,136,0,ok
test/8-35/56.jpg,8,35,112,112,27,63,99,52,90,ok
test/8-35/62.jpg,8,35,112,112,207,167,125,170,270,ok
test/8-35/73.jpg,8,35,112,112,57,207,51,125,0,ok
test/8-35/78.jpg,8,35,112,112,31,65,99,52,90,ok
test/8-35/8.jpg,8,35,112,112,66,192,53,125,0,ok
test/8-35/88.jpg,8,35,112,112,66,193,53,125,0,ok
test/8-35/94.jpg,8,35,112,112,57,207,5,136,0,ok
test/8-40/13.jpg,8,40,112,112,192,66,171,102,180,ok
test/8-40/15.jpg,8,40,112,112,192,66,171,102,180,ok
test/8-40/16.jpg,8,40,112,112,17,167,4,131,0,ok
test/8-40/20.jpg,8,40,112,112,26,162,52,123,0,ok
test/8-40/31.jpg,8,40,112,112,57,17,101,52,90,ok
test/8-40/33.jpg,8,40,112,112,32,158,52,123,0,ok
test/8-40/56.jpg,8,40,112,112,199,61,171,102,180,ok
test/8-40/68.jpg,8,40,112,112,29,160,52,123,0,ok
test/8-40/71.jpg,8,40,112,112,17,167,4,131,0,ok
test/8-40/74.jpg,8,40,112,112,17,167,4,131,0,ok
test/8-45/1.jpg,8,45,112,112,112,2,98,3,90,ok
test/8-45/17.jpg,8,45,112,112,9,112,52,120,0,ok
test/8-45/23.jpg,8,45,112,112,2,112,3,126,0,ok
test/8-45/34.jpg,8,45,112,112,2,112,52,120,0,ok
test/8-45/44.jpg,8,45,112,112,2,112,52,120,0,ok
test/8-45/47.jpg,8,45,112,112,112,2,104,51,90,ok
test/8-45/52.jpg,8,45,112,112,2,112,3,126,0,ok
test/8-45/63.jpg,8,45,112,112,112,204,120,171,270,ok
test/8-45/83.jpg,8,45,112,112,2,112,3,126,0,ok
test/8-45/92.jpg,8,45,112,112,222,112,221,98,180,ok
test/8-50/1.jpg,8,50,112,112,207,167,222,102,180,ok
test/8-50/15.jpg,8,50,112,112,192,158,172,107,180,ok
test/8-50/2.jpg,8,50,112,112,160,28,107,51,90,ok
test/8-50/41.jpg,8,50,112,112,167,17,102,2,90,ok
test/8-50/46.jpg,8,50,112,112,192,158,172,107,180,ok
test/8-50/61.jpg,8,50,112,112,66,192,117,171,270,ok
test/8-50/62.jpg,8,50,112,112,195,160,172,107,180,ok
test/8-50/84.jpg,8,50,112,112,17,57,52,117,0,ok
test/8-50/87.jpg,8,50,112,112,17,57,52,117,0,ok
test/8-50/90.jpg,8,50,112,112,17,57,2,122,0,ok
test/8-55/2.jpg,8,55,112,112,65,31,52,115,0,ok
test/8-55/26.jpg,8,55,112,112,165,204,219,107,180,ok
test/8-55/27.jpg,8,55,112,112,57,17,2,117,0,ok
test/8-55/28.jpg,8,55,112,112,57,17,52,115,0,ok
test/8-55/36.jpg,8,55,112,112,207,57,107,2,90,ok
test/8-55/54.jpg,8,55,112,112,57,17,2,117,0,ok
test/8-55/73.jpg,8,55,112,112,65,31,19,116,0,ok
test/8-55/89.jpg,8,55,112,112,57,17,52,115,0,ok
test/8-55/95.jpg,8,55,112,112,60,22,52,115,0,ok
test/8-55/96.jpg,8,55,112,112,160,196,172,109,180,ok
test/9-00/31.jpg,9,0,112,112,112,2,52,112,0,ok
test/9-00/42.jpg,9,0,112,112,222,112,112,51,90,ok
test/9-00/7.jpg,9,0,112,112,112,2,52,112,0,ok
test/9-00/75.jpg,9,0,112,112,112,204,172,112,180,ok
test/9-00/76.jpg,9,0,112,112,3,112,112,220,270,ok
test/9-00/80.jpg,9,0,112,112,205,112,112,51,90,ok
test/9-00/89.jpg,9,0,112,112,112,2,52,112,0,ok
test/9-00/9.jpg,9,0,112,112,112,2,52,112,0,ok
test/9-00/92.jpg,9,0,112,112,112,2,2,112,0,ok
test/9-00/99.jpg,9,0,112,112,222,112,112,51,90,ok
test/9-05/24.jpg,9,5,112,112,28,64,109,172,270,ok
test/9-05/45.jpg,9,5,112,112,24,61,109,172,270,ok
test/9-05/46.jpg,9,5,112,112,66,192,171,115,180,ok
test/9-05/54.jpg,9,5,112,112,167,17,2,107,0,ok
test/9-05/58.jpg,9,5,112,112,167,17,51,109,0,ok
test/9-05/70.jpg,9,5,112,112,17,57,107,221,270,ok
test/9-05/72.jpg,9,5,112,112,207,167,115,52,90,ok
test/9-05/8.jpg,9,5,112,112,160,28,51,109,0,ok
test/9-05/9.jpg,9,5,112,112,161,27,51,109,0,ok
test/9-05/93.jpg,9,5,112,112,167,17,2,107,0,ok
test/9-10/19.jpg,9,10,112,112,192,66,51,107,0,ok
test/9-10/22.jpg,9,10,112,112,57,17,102,222,270,ok
test/9-10/23.jpg,9,10,112,112,207,57,2,102,0,ok
test/9-10/4.jpg,9,10,112,112,167,207,122,2,90,ok
test/9-10/51.jpg,9,10,112,112,57,18,107,172,270,ok
test/9-10/67.jpg,9,10,112,112,17,167,171,117,180,ok
test/9-10/78.jpg,9,10,112,112,57,18,107,172,270,ok
test/9-10/8.jpg,9,10,112,112,199,61,51,107,0,ok
test/9-10/80.jpg,9,10,112,112,158,192,117,52,90,ok
test/9-10/89.jpg,9,10,112,112,207,57,51,107,0,ok
test/9-15/25.jpg,9,15,112,112,222,112,3,98,0,ok
test/9-15/26.jpg,9,15,112,112,218,112,5,98,0,ok
test/9-15/28.jpg,9,15,112,112,2,112,171,120,180,ok
test/9-15/35.jpg,9,15,112,112,222,112,5,98,0,ok
test/9-15/39.jpg,9,15,112,112,206,112,48,104,0,ok
test/9-15/40.jpg,9,15,112,112,112,222,120,50,90,ok
test/9-15/72.jpg,9,15,112,112,222,112,51,104,0,ok
test/9-15/78.jpg,9,15,112,112,112,222,120,52,90,ok
test/9-15/81.jpg,9,15,112,112,222,112,3,98,0,ok
test/9-15/93.jpg,9,15,112,112,222,112,3,98,0,ok
test/9-20/12.jpg,9,20,112,112,167,17,102,171,270,ok
test/9-20/28.jpg,9,20,112,112,207,167,52,101,0,ok
test/9-20/32.jpg,9,20,112,112,57,207,131,4,90,ok
test/9-20/5.jpg,9,20,112,112,167,17,102,171,270,ok
test/9-20/60.jpg,9,20,112,112,26,62,171,122,180,ok
test/9-20/61.jpg,9,20,112,112,65,193,123,52,90,ok
test/9-20/70.jpg,9,20,112,112,57,207,131,4,90,ok
test/9-20/88.jpg,9,20,112,112,163,24,102,171,270,ok
test/9-20/89.jpg,9,20,112,112,57,207,123,52,90,ok
test/9-20/96.jpg,9,20,112,112,192,158,52,101,0,ok
test/9-25/11.jpg,9,25,112,112,167,207,5,88,0,ok
test/9-25/16.jpg,9,25,112,112,167,207,5,88,0,ok
test/9-25/21.jpg,9,25,112,112,167,207,52,99,0,ok
test/9-25/28.jpg,9,25,112,112,192,66,99,171,270,ok
test/9-25/4.jpg,9,25,112,112,167,207,5,88,0,ok
test/9-25/47.jpg,9,25,112,112,194,64,99,171,270,ok
test/9-25/56.jpg,9,25,112,112,65,31,170,125,180,ok
test/9-25/65.jpg,9,25,112,112,167,207,5,88,0,ok
test/9-25/81.jpg,9,25,112,112,167,207,5,88,0,ok
test/9-25/98.jpg,9,25,112,112,167,207,52,99,0,ok
test/9-30/0.jpg,9,30,112,112,112,215,53,96,0,ok
test/9-30/18.jpg,9,30,112,112,112,222,52,96,0,ok
test/9-30/22.jpg,9,30,112,112,112,222,7,84,0,ok
test/9-30/33.jpg,9,30,112,112,112,17,170,128,180,ok
test/9-30/37.jpg,9,30,112,112,112,204,18,87,0,ok
test/9-30/55.jpg,9,30,112,112,112,222,6,84,0,ok
test/9-30/6.jpg,9,30,112,112,112,222,6,84,0,ok
test/9-30/75.jpg,9,30,112,112,206,112,96,170,270,ok
test/9-30/78.jpg,9,30,112,112,2,112,128,53,90,ok
test/9-30/92.jpg,9,30,112,112,112,2,218,140,180,ok
test/9-35/14.jpg,9,35,112,112,57,207,7,79,0,ok
test/9-35/44.jpg,9,35,112,112,160,28,169,130,180,ok
test/9-35/45.jpg,9,35,112,112,199,162,94,169,270,ok
test/9-35/49.jpg,9,35,112,112,66,192,48,92,0,ok
test/9-35/55.jpg,9,35,112,112,17,57,145,7,90,ok
test/9-35/61.jpg,9,35,112,112,192,158,94,169,270,ok
test/9-35/65.jpg,9,35,112,112,57,207,7,79,0,ok
test/9-35/69.jpg,9,35,112,112,21,60,145,7,90,ok
test/9-35/78.jpg,9,35,112,112,31,65,130,54,90,ok
test/9-35/91.jpg,9,35,112,112,57,207,7,79,0,ok
test/9-40/31.jpg,9,40,112,112,167,207,91,168,270,ok
test/9-40/43.jpg,9,40,112,112,17,167,9,74,0,ok
test/9-40/45.jpg,9,40,112,112,27,161,55,91,0,ok
test/9-40/55.jpg,9,40,112,112,17,167,9,74,0,ok
test/9-40/56.jpg,9,40,112,112,199,61,168,133,180,ok
test/9-40/62.jpg,9,40,112,112,207,57,168,133,180,ok
test/9-40/67.jpg,9,40,112,112,166,206,91,168,270,ok
test/9-40/72.jpg,9,40,112,112,20,165,55,91,0,ok
test/9-40/79.jpg,9,40,112,112,17,167,9,74,0,ok
test/9-40/84.jpg,9,40,112,112,25,162,55,91,0,ok
test/9-45/10.jpg,9,45,112,112,112,2,135,56,90,ok
test/9-45/11.jpg,9,45,112,112,112,2,154,10,90,ok
test/9-45/2.jpg,9,45,112,112,2,112,56,89,0,ok
test/9-45/22.jpg,9,45,112,112,112,2,154,10,90,ok
test/9-45/38.jpg,9,45,112,112,2,112,56,89,0,ok
test/9-45/50.jpg,9,45,112,112,112,222,70,214,270,ok
test/9-45/70.jpg,9,45,112,112,2,112,10,70,0,ok
test/9-45/74.jpg,9,45,112,112,222,112,214,154,180,ok
test/9-45/76.jpg,9,45,112,112,112,220,71,212,270,ok
test/9-45/85.jpg,9,45,112,112,222,112,213,154,180,ok
test/9-50/16.jpg,9,50,112,112,17,57,12,66,0,ok
test/9-50/2.jpg,9,50,112,112,57,207,87,166,270,ok
test/9-50/20.jpg,9,50,112,112,196,160,166,137,180,ok
test/9-50/40.jpg,9,50,112,112,28,64,55,85,0,ok
test/9-50/50.jpg,9,50,112,112,17,57,12,66,0,ok
test/9-50/54.jpg,9,50,112,112,17,57,12,66,0,ok
test/9-50/60.jpg,9,50,112,112,28,64,57,86,0,ok
test/9-50/73.jpg,9,50,112,112,17,57,12,66,0,ok
test/9-50/84.jpg,9,50,112,112,17,57,57,86,0,ok
test/9-50/9.jpg,9,50,112,112,57,207,87,166,270,ok
test/9-55/15.jpg,9,55,112,112,160,196,165,140,180,ok
test/9-55/30.jpg,9,55,112,112,32,158,83,168,270,ok
test/9-55/34.jpg,9,55,112,112,57,17,58,84,0,ok
test/9-55/38.jpg,9,55,112,112,65,31,58,84,0,ok
test/9-55/53.jpg,9,55,112,112,57,17,15,62,0,ok
test/9-55/66.jpg,9,55,112,112,57,17,58,84,0,ok
test/9-55/70.jpg,9,55,112,112,166,206,209,162,180,ok
test/9-55/80.jpg,9,55,112,112,207,57,140,58,90,ok
test/9-55/86.jpg,9,55,112,112,27,161,84,165,270,ok
test/9-55/99.jpg,9,55,112,112,207,57,140,58,90,ok
valid/1-00/24.jpg,1,0,112,112,112,2,142,59,0,ok
valid/1-00/41.jpg,1,0,112,112,112,2,167,17,0,ok
valid/1-00/51.jpg,1,0,112,112,112,222,82,164,180,ok
valid/1-00/69.jpg,1,0,112,112,222,112,207,167,90,ok
valid/1-00/7.jpg,1,0,112,112,112,2,164,23,0,ok
valid/1-00/8.jpg,1,0,112,112,206,112,164,142,90,ok
valid/1-00/81.jpg,1,0,112,112,112,2,167,17,0,ok
valid/1-00/84.jpg,1,0,112,112,222,112,164,142,90,ok
valid/1-00/92.jpg,1,0,112,112,112,2,167,17,0,ok
valid/1-00/96.jpg,1,0,112,112,222,112,164,142,90,ok
valid/1-05/0.jpg,1,5,112,112,158,31,160,37,0,ok
valid/1-05/15.jpg,1,5,112,112,27,63,34,63,270,ok
valid/1-05/22.jpg,1,5,112,112,167,17,163,32,0,ok
valid/1-05/31.jpg,1,5,112,112,158,31,158,39,0,ok
valid/1-05/49.jpg,1,5,112,112,198,161,186,159,90,ok
valid/1-05/5.jpg,1,5,112,112,207,167,186,159,90,ok
valid/1-05/62.jpg,1,5,112,112,195,160,186,159,90,ok
valid/1-05/63.jpg,1,5,112,112,28,64,34,63,270,ok
valid/1-05/68.jpg,1,5,112,112,158,31,164,30,0,ok
valid/1-05/84.jpg,1,5,112,112,167,17,158,39,0,ok
valid/1-10/16.jpg,1,10,112,112,207,57,175,22,0,ok
valid/1-10/17.jpg,1,10,112,112,32,158,78,161,180,ok
valid/1-10/18.jpg,1,10,112,112,207,57,154,51,0,ok
valid/1-10/31.jpg,1,10,112,112,192,66,147,62,0,ok
valid/1-10/43.jpg,1,10,112,112,207,57,175,22,0,ok
valid/1-10/61.jpg,1,10,112,112,58,19,62,77,270,ok
valid/1-10/69.jpg,1,10,112,112,207,57,175,22,0,ok
valid/1-10/83.jpg,1,10,112,112,167,207,202,175,90,ok
valid/1-10/86.jpg,1,10,112,112,194,64,147,62,0,ok
valid/1-10/98.jpg,1,10,112,112,197,63,147,62,0,ok
valid/1-15/0.jpg,1,15,112,112,112,214,160,149,90,ok
valid/1-15/11.jpg,1,15,112,112,2,112,45,199,180,ok
valid/1-15/14.jpg,1,15,112,112,222,112,179,25,0,ok
valid/1-15/21.jpg,1,15,112,112,13,112,75,160,180,ok
valid/1-15/26.jpg,1,15,112,112,219,112,177,27,0,ok
valid/1-15/56.jpg,1,15,112,112,205,112,149,64,0,ok
valid/1-15/61.jpg,1,15,112,112,221,112,149,64,0,ok
valid/1-15/73.jpg,1,15,112,112,112,2,62,74,270,ok
valid/1-15/79.jpg,1,15,112,112,112,222,199,179,90,ok
valid/1-15/93.jpg,1,15,112,112,222,112,179,25,0,ok
valid/1-20/10.jpg,1,20,112,112,57,207,157,150,90,ok
valid/1-20/11.jpg,1,20,112,112,57,207,196,183,90,ok
valid/1-20/16.jpg,1,20,112,112,207,167,183,28,0,ok
valid/1-20/44.jpg,1,20,112,112,207,167,151,66,0,ok
valid/1-20/59.jpg,1,20,112,112,62,198,157,150,90,ok
valid/1-20/64.jpg,1,20,112,112,158,31,65,73,270,ok
valid/1-20/73.jpg,1,20,112,112,17,57,73,158,180,ok
valid/1-20/80.jpg,1,20,112,112,167,17,65,73,270,ok
valid/1-20/81.jpg,1,20,112,112,207,167,183,28,0,ok
valid/1-20/95.jpg,1,20,112,112,204,165,151,66,0,ok
valid/1-25/16.jpg,1,25,112,112,167,207,186,31,0,ok
valid/1-25/26.jpg,1,25,112,112,158,193,184,33,0,ok
valid/1-25/29.jpg,1,25,112,112,17,167,156,153,90,ok
valid/1-25/34.jpg,1,25,112,112,195,64,67,71,270,ok
valid/1-25/38.jpg,1,25,112,112,158,192,153,67,0,ok
valid/1-25/87.jpg,1,25,112,112,207,57,67,71,270,ok
valid/1-25/90.jpg,1,25,112,112,57,17,38,193,180,ok
valid/1-25/91.jpg,1,25,112,112,57,17,38,193,180,ok
valid/1-25/92.jpg,1,25,112,112,167,207,186,31,0,ok
valid/1-25/99.jpg,1,25,112,112,32,158,156,153,90,ok
valid/1-30/2.jpg,1,30,112,112,112,222,155,69,0,ok
valid/1-30/28.jpg,1,30,112,112,112,204,155,69,0,ok
valid/1-30/29.jpg,1,30,112,112,2,112,154,154,90,ok
valid/1-30/30.jpg,1,30,112,112,19,112,154,154,90,ok
valid/1-30/43.jpg,1,30,112,112,112,2,34,190,180,ok
valid/1-30/52.jpg,1,30,112,112,112,2,34,190,180,ok
valid/1-30/54.jpg,1,30,112,112,112,222,190,34,0,ok
valid/1-30/64.jpg,1,30,112,112,112,222,155,69,0,ok
valid/1-30/80.jpg,1,30,112,112,112,204,155,69,0,ok
valid/1-30/94.jpg,1,30,112,112,112,17,34,190,180,ok
valid/1-35/13.jpg,1,35,112,112,31,65,153,156,90,ok
valid/1-35/23.jpg,1,35,112,112,57,207,193,38,0,ok
valid/1-35/24.jpg,1,35,112,112,158,31,67,153,180,ok
valid/1-35/28.jpg,1,35,112,112,17,57,153,156,90,ok
valid/1-35/40.jpg,1,35,112,112,57,207,157,71,0,ok
valid/1-35/46.jpg,1,35,112,112,66,192,157,71,0,ok
valid/1-35/47.jpg,1,35,112,112,206,166,71,67,270,ok
valid/1-35/69.jpg,1,35,112,112,167,17,31,186,180,ok
valid/1-35/88.jpg,1,35,112,112,66,193,157,71,0,ok
valid/1-35/9.jpg,1,35,112,112,64,195,157,71,0,ok
valid/1-40/19.jpg,1,40,112,112,17,167,158,73,0,ok
valid/1-40/25.jpg,1,40,112,112,17,167,196,41,0,ok
valid/1-40/27.jpg,1,40,112,112,17,167,196,41,0,ok
valid/1-40/40.jpg,1,40,112,112,17,167,158,73,0,ok
valid/1-40/45.jpg,1,40,112,112,63,27,150,157,90,ok
valid/1-40/47.jpg,1,40,112,112,17,167,158,73,0,ok
valid/1-40/50.jpg,1,40,112,112,57,17,183,196,90,ok
valid/1-40/53.jpg,1,40,112,112,167,207,45,32,270,ok
valid/1-40/97.jpg,1,40,112,112,57,17,150,157,90,ok
valid/1-40/98.jpg,1,40,112,112,32,158,158,73,0,ok
valid/1-45/22.jpg,1,45,112,112,2,112,199,45,0,ok
valid/1-45/23.jpg,1,45,112,112,2,112,199,45,0,ok
valid/1-45/26.jpg,1,45,112,112,112,218,46,26,270,ok
valid/1-45/35.jpg,1,45,112,112,5,112,199,45,0,ok
valid/1-45/36.jpg,1,45,112,112,2,112,199,45,0,ok
valid/1-45/4.jpg,1,45,112,112,222,112,25,179,180,ok
valid/1-45/42.jpg,1,45,112,112,2,112,160,75,0,ok
valid/1-45/50.jpg,1,45,112,112,112,2,179,199,90,ok
valid/1-45/81.jpg,1,45,112,112,2,112,199,45,0,ok
valid/1-45/89.jpg,1,45,112,112,222,112,64,149,180,ok
valid/1-50/36.jpg,1,50,112,112,17,57,202,49,0,ok
valid/1-50/39.jpg,1,50,112,112,207,167,57,150,180,ok
valid/1-50/41.jpg,1,50,112,112,167,17,175,202,90,ok
valid/1-50/47.jpg,1,50,112,112,197,161,62,147,180,ok
valid/1-50/49.jpg,1,50,112,112,30,64,165,75,0,ok
valid/1-50/62.jpg,1,50,112,112,28,64,161,78,0,ok
valid/1-50/64.jpg,1,50,112,112,17,57,161,78,0,ok
valid/1-50/80.jpg,1,50,112,112,167,17,146,161,90,ok
valid/1-50/91.jpg,1,50,112,112,167,17,175,202,90,ok
valid/1-50/98.jpg,1,50,112,112,26,62,161,78,0,ok
valid/1-55/0.jpg,1,55,112,112,192,66,145,163,90,ok
valid/1-55/10.jpg,1,55,112,112,207,57,145,163,90,ok
valid/1-55/54.jpg,1,55,112,112,57,17,205,53,0,ok
valid/1-55/57.jpg,1,55,112,112,57,17,205,53,0,ok
valid/1-55/63.jpg,1,55,112,112,57,17,163,79,0,ok
valid/1-55/74.jpg,1,55,112,112,57,17,205,53,0,ok
valid/1-55/83.jpg,1,55,112,112,207,57,171,205,90,ok
valid/1-55/86.jpg,1,55,112,112,192,66,145,163,90,ok
valid/1-55/92.jpg,1,55,112,112,17,167,75,54,270,ok
valid/1-55/95.jpg,1,55,112,112,60,22,163,79,0,ok
valid/10-00/17.jpg,10,0,112,112,112,14,59,82,0,ok
valid/10-00/36.jpg,10,0,112,112,112,2,17,57,0,ok
valid/10-00/4.jpg,10,0,112,112,112,2,17,57,0,ok
valid/10-00/40.jpg,10,0,112,112,112,2,28,64,0,ok
valid/10-00/55.jpg,10,0,112,112,112,222,207,167,180,ok
valid/10-00/56.jpg,10,0,112,112,112,204,164,142,180,ok
valid/10-00/61.jpg,10,0,112,112,19,112,82,164,270,ok
valid/10-00/69.jpg,10,0,112,112,112,2,17,57,0,ok
valid/10-00/9.jpg,10,0,112,112,112,2,59,82,0,ok
valid/10-00/99.jpg,10,0,112,112,112,222,164,142,180,ok
valid/10-05/1.jpg,10,5,112,112,167,17,19,53,0,ok
valid/10-05/10.jpg,10,5,112,112,64,195,163,145,180,ok
valid/10-05/13.jpg,10,5,112,112,167,17,60,79,0,ok
valid/10-05/26.jpg,10,5,112,112,59,204,202,169,180,ok
valid/10-05/3.jpg,10,5,112,112,57,207,205,171,180,ok
valid/10-05/36.jpg,10,5,112,112,167,17,19,53,0,ok
valid/10-05/38.jpg,10,5,112,112,192,158,145,60,90,ok
valid/10-05/71.jpg,10,5,112,112,207,167,171,19,90,ok
valid/10-05/85.jpg,10,5,112,112,158,31,19,53,0,ok
valid/10-05/91.jpg,10,5,112,112,57,207,205,171,180,ok
valid/10-10/15.jpg,10,10,112,112,193,65,62,77,0,ok
valid/10-10/24.jpg,10,10,112,112,167,207,147,62,90,ok
valid/10-10/26.jpg,10,10,112,112,165,204,174,24,90,ok
valid/10-10/27.jpg,10,10,112,112,207,57,22,49,0,ok
valid/10-10/52.jpg,10,10,112,112,207,57,22,49,0,ok
valid/10-10/53.jpg,10,10,112,112,60,22,49,202,270,ok
valid/10-10/60.jpg,10,10,112,112,200,61,62,77,0,ok
valid/10-10/71.jpg,10,10,112,112,207,57,22,49,0,ok
valid/10-10/73.jpg,10,10,112,112,57,17,49,202,270,ok
valid/10-10/78.jpg,10,10,112,112,57,18,78,161,270,ok
valid/10-15/14.jpg,10,15,112,112,222,112,25,45,0,ok
valid/10-15/20.jpg,10,15,112,112,112,210,149,64,90,ok
valid/10-15/36.jpg,10,15,112,112,222,112,25,45,0,ok
valid/10-15/44.jpg,10,15,112,112,19,112,160,149,180,ok
valid/10-15/45.jpg,10,15,112,112,15,112,160,149,180,ok
valid/10-15/60.jpg,10,15,112,112,213,112,63,74,0,ok
valid/10-15/74.jpg,10,15,112,112,222,112,25,45,0,ok
valid/10-15/79.jpg,10,15,112,112,112,222,179,25,90,ok
valid/10-15/93.jpg,10,15,112,112,222,112,25,45,0,ok
valid/10-15/96.jpg,10,15,112,112,112,222,160,49,90,ok
valid/10-20/0.jpg,10,20,112,112,199,162,65,73,0,ok
valid/10-20/14.jpg,10,20,112,112,207,167,28,41,0,ok
valid/10-20/23.jpg,10,20,112,112,57,207,183,28,90,ok
valid/10-20/3.jpg,10,20,112,112,17,57,196,183,180,ok
valid/10-20/32.jpg,10,20,112,112,57,207,183,28,90,ok
valid/10-20/35.jpg,10,20,112,112,206,166,28,41,0,ok
valid/10-20/37.jpg,10,20,112,112,27,63,164,156,180,ok
valid/10-20/58.jpg,10,20,112,112,17,57,158,151,180,ok
valid/10-20/64.jpg,10,20,112,112,192,158,65,73,0,ok
valid/10-20/72.jpg,10,20,112,112,207,167,65,73,0,ok
valid/10-25/18.jpg,10,25,112,112,207,57,71,157,270,ok
valid/10-25/27.jpg,10,25,112,112,167,207,31,38,0,ok
valid/10-25/58.jpg,10,25,112,112,200,61,71,157,270,ok
valid/10-25/6.jpg,10,25,112,112,167,207,31,38,0,ok
valid/10-25/62.jpg,10,25,112,112,167,207,67,71,0,ok
valid/10-25/66.jpg,10,25,112,112,167,207,67,71,0,ok
valid/10-25/75.jpg,10,25,112,112,29,160,153,67,90,ok
valid/10-25/77.jpg,10,25,112,112,167,207,31,38,0,ok
valid/10-25/88.jpg,10,25,112,112,164,201,67,71,0,ok
valid/10-25/98.jpg,10,25,112,112,207,57,71,157,270,ok
valid/10-30/14.jpg,10,30,112,112,112,222,34,34,0,ok
valid/10-30/23.jpg,10,30,112,112,112,222,34,34,0,ok
valid/10-30/29.jpg,10,30,112,112,2,112,155,69,90,ok
valid/10-30/4.jpg,10,30,112,112,112,222,34,34,0,ok
valid/10-30/70.jpg,10,30,112,112,112,221,34,34,0,ok
valid/10-30/77.jpg,10,30,112,112,112,2,190,190,180,ok
valid/10-30/81.jpg,10,30,112,112,112,222,34,34,0,ok
valid/10-30/84.jpg,10,30,112,112,222,112,69,155,270,ok
valid/10-30/88.jpg,10,30,112,112,13,112,155,69,90,ok
valid/10-30/9.jpg,10,30,112,112,112,222,69,69,0,ok
valid/10-35/21.jpg,10,35,112,112,66,192,71,67,0,ok
valid/10-35/24.jpg,10,35,112,112,57,207,71,67,0,ok
valid/10-35/33.jpg,10,35,112,112,192,158,67,153,270,ok
valid/10-35/34.jpg,10,35,112,112,166,18,153,156,180,ok
valid/10-35/35.jpg,10,35,112,112,58,206,38,31,0,ok
valid/10-35/47.jpg,10,35,112,112,57,207,71,67,0,ok
valid/10-35/69.jpg,10,35,112,112,57,207,38,31,0,ok
valid/10-35/75.jpg,10,35,112,112,64,194,71,67,0,ok
valid/10-35/90.jpg,10,35,112,112,17,57,193,38,90,ok
valid/10-35/93.jpg,10,35,112,112,57,207,38,31,0,ok
valid/10-40/15.jpg,10,40,112,112,32,158,72,65,0,ok
valid/10-40/20.jpg,10,40,112,112,26,162,73,65,0,ok
valid/10-40/43.jpg,10,40,112,112,57,17,196,41,90,ok
valid/10-40/49.jpg,10,40,112,112,207,57,150,157,180,ok
valid/10-40/51.jpg,10,40,112,112,17,167,73,65,0,ok
valid/10-40/62.jpg,10,40,112,112,28,161,73,65,0,ok
valid/10-40/68.jpg,10,40,112,112,29,160,73,65,0,ok
valid/10-40/83.jpg,10,40,112,112,17,167,41,28,0,ok
valid/10-40/84.jpg,10,40,112,112,207,57,150,157,180,ok
valid/10-40/89.jpg,10,40,112,112,17,167,73,65,0,ok
valid/10-45/16.jpg,10,45,112,112,2,112,45,25,0,ok
valid/10-45/23.jpg,10,45,112,112,112,2,199,45,90,ok
valid/10-45/34.jpg,10,45,112,112,2,112,74,63,0,ok
valid/10-45/47.jpg,10,45,112,112,221,112,149,160,180,ok
valid/10-45/48.jpg,10,45,112,112,2,112,45,25,0,ok
valid/10-45/56.jpg,10,45,112,112,112,11,160,75,90,ok
valid/10-45/61.jpg,10,45,112,112,12,112,74,63,0,ok
valid/10-45/66.jpg,10,45,112,112,112,11,160,75,90,ok
valid/10-45/71.jpg,10,45,112,112,222,112,179,199,180,ok
valid/10-45/81.jpg,10,45,112,112,2,112,45,25,0,ok
valid/10-50/16.jpg,10,50,112,112,17,57,49,22,0,ok
valid/10-50/23.jpg,10,50,112,112,57,207,22,175,270,ok
valid/10-50/43.jpg,10,50,112,112,17,57,49,22,0,ok
valid/10-50/55.jpg,10,50,112,112,167,17,202,49,90,ok
valid/10-50/56.jpg,10,50,112,112,200,163,146,161,180,ok
valid/10-50/68.jpg,10,50,112,112,28,64,60,38,0,ok
valid/10-50/75.jpg,10,50,112,112,66,192,62,147,270,ok
valid/10-50/87.jpg,10,50,112,112,17,57,77,62,0,ok
valid/10-50/91.jpg,10,50,112,112,17,57,49,22,0,ok
valid/10-50/93.jpg,10,50,112,112,17,57,49,22,0,ok
valid/10-55/1.jpg,10,55,112,112,57,17,53,19,0,ok
valid/10-55/2.jpg,10,55,112,112,65,31,55,22,0,ok
valid/10-55/32.jpg,10,55,112,112,57,17,53,19,0,ok
valid/10-55/57.jpg,10,55,112,112,167,207,171,205,180,ok
valid/10-55/68.jpg,10,55,112,112,192,66,193,60,90,ok
valid/10-55/70.jpg,10,55,112,112,57,17,53,19,0,ok
valid/10-55/75.jpg,10,55,112,112,65,31,63,34,0,ok
valid/10-55/81.jpg,10,55,112,112,207,57,205,53,90,ok
valid/10-55/84.jpg,10,55,112,112,32,158,45,154,270,ok
valid/10-55/87.jpg,10,55,112,112,17,167,45,154,270,ok
valid/11-00/11.jpg,11,0,112,112,112,2,57,17,0,ok
valid/11-00/13.jpg,11,0,112,112,2,112,60,142,270,ok
valid/11-00/2.jpg,11,0,112,112,205,112,164,82,90,ok
valid/11-00/32.jpg,11,0,112,112,112,2,57,17,0,ok
valid/11-00/4.jpg,11,0,112,112,2,112,17,167,270,ok
valid/11-00/43.jpg,11,0,112,112,112,2,57,17,0,ok
valid/11-00/51.jpg,11,0,112,112,112,222,142,164,180,ok
valid/11-00/60.jpg,11,0,112,112,112,12,81,59,0,ok
valid/11-00/75.jpg,11,0,112,112,208,112,164,82,90,ok
valid/11-00/96.jpg,11,0,112,112,112,204,142,164,180,ok
valid/11-05/29.jpg,11,5,112,112,167,17,84,58,0,ok
valid/11-05/31.jpg,11,5,112,112,66,192,140,165,180,ok
valid/11-05/40.jpg,11,5,112,112,207,167,210,61,90,ok
valid/11-05/41.jpg,11,5,112,112,167,17,61,14,0,ok
valid/11-05/48.jpg,11,5,112,112,167,17,61,14,0,ok
valid/11-05/57.jpg,11,5,112,112,57,207,163,210,180,ok
valid/11-05/75.jpg,11,5,112,112,162,25,84,58,0,ok
valid/11-05/86.jpg,11,5,112,112,158,31,84,58,0,ok
valid/11-05/87.jpg,11,5,112,112,158,31,84,58,0,ok
valid/11-05/99.jpg,11,5,112,112,158,31,84,58,0,ok
valid/11-10/19.jpg,11,10,112,112,65,31,57,138,270,ok
valid/11-10/4.jpg,11,10,112,112,57,17,12,158,270,ok
valid/11-10/40.jpg,11,10,112,112,57,17,12,158,270,ok
valid/11-10/46.jpg,11,10,112,112,192,66,86,57,0,ok
valid/11-10/61.jpg,11,10,112,112,165,204,166,87,90,ok
valid/11-10/70.jpg,11,10,112,112,166,206,211,66,90,ok
valid/11-10/82.jpg,11,10,112,112,17,167,158,212,180,ok
valid/11-10/87.jpg,11,10,112,112,17,167,137,166,180,ok
valid/11-10/92.jpg,11,10,112,112,207,57,66,12,0,ok
valid/11-10/96.jpg,11,10,112,112,207,57,86,57,0,ok
valid/11-15/10.jpg,11,15,112,112,207,112,89,56,0,ok
valid/11-15/2.jpg,11,15,112,112,222,112,89,56,0,ok
valid/11-15/31.jpg,11,15,112,112,112,209,167,89,90,ok
valid/11-15/51.jpg,11,15,112,112,222,112,89,56,0,ok
valid/11-15/52.jpg,11,15,112,112,222,112,70,10,0,ok
valid/11-15/70.jpg,11,15,112,112,221,112,70,10,0,ok
valid/11-15/81.jpg,11,15,112,112,112,222,214,70,90,ok
valid/11-15/89.jpg,11,15,112,112,2,112,135,167,180,ok
valid/11-15/93.jpg,11,15,112,112,222,112,70,10,0,ok
valid/11-15/97.jpg,11,15,112,112,112,2,56,135,270,ok
valid/11-20/20.jpg,11,20,112,112,195,160,91,55,0,ok
valid/11-20/23.jpg,11,20,112,112,207,167,74,9,0,ok
valid/11-20/28.jpg,11,20,112,112,207,167,91,55,0,ok
valid/11-20/38.jpg,11,20,112,112,192,158,91,55,0,ok
valid/11-20/4.jpg,11,20,112,112,57,207,215,74,90,ok
valid/11-20/53.jpg,11,20,112,112,17,57,133,168,180,ok
valid/11-20/58.jpg,11,20,112,112,167,17,51,134,270,ok
valid/11-20/64.jpg,11,20,112,112,66,192,168,91,90,ok
valid/11-20/69.jpg,11,20,112,112,167,17,9,150,270,ok
valid/11-20/94.jpg,11,20,112,112,205,165,74,9,0,ok
valid/11-25/0.jpg,11,25,112,112,23,164,169,94,90,ok
valid/11-25/15.jpg,11,25,112,112,159,193,93,53,0,ok
valid/11-25/19.jpg,11,25,112,112,167,207,94,54,0,ok
valid/11-25/3.jpg,11,25,112,112,70,39,145,217,180,ok
valid/11-25/39.jpg,11,25,112,112,57,17,132,175,180,ok
valid/11-25/53.jpg,11,25,112,112,207,57,54,130,270,ok
valid/11-25/56.jpg,11,25,112,112,158,192,94,54,0,ok
valid/11-25/61.jpg,11,25,112,112,202,60,54,130,270,ok
valid/11-25/72.jpg,11,25,112,112,167,207,94,54,0,ok
valid/11-25/76.jpg,11,25,112,112,156,188,79,8,0,ok
valid/11-30/40.jpg,11,30,112,112,112,222,96,53,0,ok
valid/11-30/45.jpg,11,30,112,112,112,213,96,53,0,ok
valid/11-30/5.jpg,11,30,112,112,19,112,170,96,90,ok
valid/11-30/55.jpg,11,30,112,112,112,222,84,6,0,ok
valid/11-30/64.jpg,11,30,112,112,112,2,128,170,180,ok
valid/11-30/67.jpg,11,30,112,112,112,222,96,53,0,ok
valid/11-30/76.jpg,11,30,112,112,3,112,217,84,90,ok
valid/11-30/78.jpg,11,30,112,112,2,112,170,96,90,ok
valid/11-30/84.jpg,11,30,112,112,222,112,53,128,270,ok
valid/11-30/95.jpg,11,30,112,112,112,212,96,53,0,ok
valid/11-35/27.jpg,11,35,112,112,57,207,88,5,0,ok
valid/11-35/34.jpg,11,35,112,112,66,192,99,52,0,ok
valid/11-35/35.jpg,11,35,112,112,58,206,88,5,0,ok
valid/11-35/36.jpg,11,35,112,112,17,57,219,88,90,ok
valid/11-35/44.jpg,11,35,112,112,21,60,171,99,90,ok
valid/11-35/49.jpg,11,35,112,112,66,192,98,48,0,ok
valid/11-35/56.jpg,11,35,112,112,27,63,171,99,90,ok
valid/11-35/85.jpg,11,35,112,112,57,207,99,52,0,ok
valid/11-35/9.jpg,11,35,112,112,31,65,171,99,90,ok
valid/11-35/97.jpg,11,35,112,112,57,207,99,52,0,ok
valid/11-40/17.jpg,11,40,112,112,21,165,101,52,0,ok
valid/11-40/20.jpg,11,40,112,112,63,27,171,102,90,ok
valid/11-40/27.jpg,11,40,112,112,17,167,93,4,0,ok
valid/11-40/33.jpg,11,40,112,112,32,158,101,52,0,ok
valid/11-40/53.jpg,11,40,112,112,17,167,101,49,0,ok
valid/11-40/6.jpg,11,40,112,112,17,167,93,4,0,ok
valid/11-40/67.jpg,11,40,112,112,17,167,101,52,0,ok
valid/11-40/71.jpg,11,40,112,112,17,167,93,4,0,ok
valid/11-40/73.jpg,11,40,112,112,57,17,194,98,90,ok
valid/11-40/9.jpg,11,40,112,112,17,167,101,52,0,ok
valid/11-45/17.jpg,11,45,112,112,9,112,104,51,0,ok
valid/11-45/38.jpg,11,45,112,112,2,112,104,51,0,ok
valid/11-45/43.jpg,11,45,112,112,112,222,3,126,270,ok
valid/11-45/49.jpg,11,45,112,112,17,112,103,47,0,ok
valid/11-45/52.jpg,11,45,112,112,2,112,98,3,0,ok
valid/11-45/68.jpg,11,45,112,112,19,112,103,44,0,ok
valid/11-45/73.jpg,11,45,112,112,2,112,98,3,0,ok
valid/11-45/77.jpg,11,45,112,112,2,112,98,3,0,ok
valid/11-45/91.jpg,11,45,112,112,2,112,98,3,0,ok
valid/11-45/99.jpg,11,45,112,112,2,112,104,51,0,ok
valid/11-50/37.jpg,11,50,112,112,64,195,51,117,270,ok
valid/11-50/40.jpg,11,50,112,112,28,64,104,22,0,ok
valid/11-50/44.jpg,11,50,112,112,66,192,52,117,270,ok
valid/11-50/45.jpg,11,50,112,112,21,60,107,51,0,ok
valid/11-50/58.jpg,11,50,112,112,17,57,107,50,0,ok
valid/11-50/62.jpg,11,50,112,112,195,160,117,171,180,ok
valid/11-50/66.jpg,11,50,112,112,167,17,172,107,90,ok
valid/11-50/75.jpg,11,50,112,112,66,192,52,117,270,ok
valid/11-50/80.jpg,11,50,112,112,57,207,52,117,270,ok
valid/11-50/98.jpg,11,50,112,112,63,197,50,117,270,ok
valid/11-55/25.jpg,11,55,112,112,207,57,222,107,90,ok
valid/11-55/28.jpg,11,55,112,112,207,57,172,109,90,ok
valid/11-55/30.jpg,11,55,112,112,65,31,109,51,0,ok
valid/11-55/44.jpg,11,55,112,112,65,31,109,51,0,ok
valid/11-55/45.jpg,11,55,112,112,161,197,115,171,180,ok
valid/11-55/48.jpg,11,55,112,112,57,17,107,2,0,ok
valid/11-55/63.jpg,11,55,112,112,206,57,172,109,90,ok
valid/11-55/68.jpg,11,55,112,112,29,160,15,116,270,ok
valid/11-55/82.jpg,11,55,112,112,57,17,107,2,0,ok
valid/11-55/87.jpg,11,55,112,112,17,167,52,115,270,ok
valid/12-00/11.jpg,12,0,112,112,112,2,112,2,0,ok
valid/12-00/3.jpg,12,0,112,112,112,222,112,222,180,ok
valid/12-00/36.jpg,12,0,112,112,112,2,112,2,0,ok
valid/12-00/54.jpg,12,0,112,112,112,2,112,2,0,ok
valid/12-00/58.jpg,12,0,112,112,112,2,112,2,0,ok
valid/12-00/62.jpg,12,0,112,112,112,15,112,15,0,ok
valid/12-00/64.jpg,12,0,112,112,112,16,112,16,0,ok
valid/12-00/77.jpg,12,0,112,112,222,112,222,112,90,ok
valid/12-00/96.jpg,12,0,112,112,112,2,112,2,0,ok
valid/12-00/99.jpg,12,0,112,112,112,2,112,2,0,ok
valid/12-05/12.jpg,12,5,112,112,207,167,177,115,90,ok
valid/12-05/14.jpg,12,5,112,112,167,17,117,2,0,ok
valid/12-05/16.jpg,12,5,112,112,167,17,117,2,0,ok
valid/12-05/22.jpg,12,5,112,112,57,207,107,222,180,ok
valid/12-05/24.jpg,12,5,112,112,159,31,115,52,0,ok
valid/12-05/25.jpg,12,5,112,112,207,167,222,117,90,ok
valid/12-05/44.jpg,12,5,112,112,198,161,171,115,90,ok
valid/12-05/50.jpg,12,5,112,112,57,207,107,222,180,ok
valid/12-05/6.jpg,12,5,112,112,167,17,117,2,0,ok
valid/12-05/62.jpg,12,5,112,112,64,195,109,172,180,ok
valid/12-10/11.jpg,12,10,112,112,207,57,122,2,0,ok
valid/12-10/19.jpg,12,10,112,112,192,66,117,52,0,ok
valid/12-10/25.jpg,12,10,112,112,207,57,121,12,0,ok
valid/12-10/3.jpg,12,10,112,112,193,65,122,2,0,ok
valid/12-10/40.jpg,12,10,112,112,17,167,102,222,180,ok
valid/12-10/45.jpg,12,10,112,112,198,62,117,52,0,ok
valid/12-10/81.jpg,12,10,112,112,207,57,122,2,0,ok
valid/12-10/9.jpg,12,10,112,112,26,162,107,172,180,ok
valid/12-10/90.jpg,12,10,112,112,167,207,222,122,90,ok
valid/12-10/95.jpg,12,10,112,112,205,58,117,52,0,ok
valid/12-15/11.jpg,12,15,112,112,222,112,126,3,0,ok
valid/12-15/22.jpg,12,15,112,112,112,2,3,98,270,ok
valid/12-15/33.jpg,12,15,112,112,205,112,120,52,0,ok
valid/12-15/34.jpg,12,15,112,112,112,2,51,104,270,ok
valid/12-15/51.jpg,12,15,112,112,222,112,120,52,0,ok
valid/12-15/54.jpg,12,15,112,112,222,112,126,3,0,ok
valid/12-15/63.jpg,12,15,112,112,17,112,104,172,180,ok
valid/12-15/75.jpg,12,15,112,112,112,222,171,120,90,ok
valid/12-15/8.jpg,12,15,112,112,207,112,120,52,0,ok
valid/12-15/91.jpg,12,15,112,112,222,112,126,3,0,ok
valid/12-20/13.jpg,12,20,112,112,28,64,100,178,180,ok
valid/12-20/31.jpg,12,20,112,112,160,28,52,101,270,ok
valid/12-20/37.jpg,12,20,112,112,27,63,101,173,180,ok
valid/12-20/41.jpg,12,20,112,112,167,17,4,93,270,ok
valid/12-20/56.jpg,12,20,112,112,199,162,123,52,0,ok
valid/12-20/63.jpg,12,20,112,112,194,159,123,52,0,ok
valid/12-20/64.jpg,12,20,112,112,192,158,123,52,0,ok
valid/12-20/69.jpg,12,20,112,112,57,207,220,131,90,ok
valid/12-20/83.jpg,12,20,112,112,207,167,131,4,0,ok
valid/12-20/9.jpg,12,20,112,112,193,159,123,52,0,ok
valid/12-25/17.jpg,12,25,112,112,158,192,125,53,0,ok
valid/12-25/26.jpg,12,25,112,112,65,31,89,217,180,ok
valid/12-25/27.jpg,12,25,112,112,167,207,136,5,0,ok
valid/12-25/3.jpg,12,25,112,112,193,66,5,88,270,ok
valid/12-25/30.jpg,12,25,112,112,158,192,125,53,0,ok
valid/12-25/48.jpg,12,25,112,112,167,207,136,5,0,ok
valid/12-25/49.jpg,12,25,112,112,207,57,48,98,270,ok
valid/12-25/5.jpg,12,25,112,112,64,30,99,171,180,ok
valid/12-25/62.jpg,12,25,112,112,57,17,99,171,180,ok
valid/12-25/64.jpg,12,25,112,112,167,207,125,53,0,ok
valid/12-30/10.jpg,12,30,112,112,112,2,96,170,180,ok
valid/12-30/12.jpg,12,30,112,112,112,2,96,170,180,ok
valid/12-30/35.jpg,12,30,112,112,112,2,84,218,180,ok
valid/12-30/41.jpg,12,30,112,112,112,222,140,6,0,ok
valid/12-30/43.jpg,12,30,112,112,222,112,6,84,270,ok
valid/12-30/60.jpg,12,30,112,112,112,204,128,53,0,ok
valid/12-30/63.jpg,12,30,112,112,208,112,53,96,270,ok
valid/12-30/70.jpg,12,30,112,112,2,112,218,140,90,ok
valid/12-30/87.jpg,12,30,112,112,112,222,128,53,0,ok
valid/12-30/88.jpg,12,30,112,112,13,112,170,128,90,ok
valid/12-35/15.jpg,12,35,112,112,66,193,131,52,0,ok
valid/12-35/18.jpg,12,35,112,112,207,167,52,93,270,ok
valid/12-35/24.jpg,12,35,112,112,193,158,54,94,270,ok
valid/12-35/28.jpg,12,35,112,112,158,31,94,169,180,ok
valid/12-35/40.jpg,12,35,112,112,17,57,169,130,90,ok
valid/12-35/56.jpg,12,35,112,112,62,199,130,54,0,ok
valid/12-35/69.jpg,12,35,112,112,57,207,145,7,0,ok
valid/12-35/89.jpg,12,35,112,112,66,192,130,54,0,ok
valid/12-35/9.jpg,12,35,112,112,31,65,169,130,90,ok
valid/12-35/96.jpg,12,35,112,112,167,17,94,169,180,ok
valid/12-40/10.jpg,12,40,112,112,207,57,91,168,180,ok
valid/12-40/11.jpg,12,40,112,112,17,167,150,9,0,ok
valid/12-40/17.jpg,12,40,112,112,59,21,168,133,90,ok
valid/12-40/44.jpg,12,40,112,112,199,61,91,168,180,ok
valid/12-40/6.jpg,12,40,112,112,17,167,150,9,0,ok
valid/12-40/73.jpg,12,40,112,112,17,167,137,44,0,ok
valid/12-40/86.jpg,12,40,112,112,64,30,168,133,90,ok
valid/12-40/89.jpg,12,40,112,112,167,207,55,91,270,ok
valid/12-40/90.jpg,12,40,112,112,17,167,150,9,0,ok
valid/12-40/93.jpg,12,40,112,112,17,167,150,9,0,ok
valid/12-45/10.jpg,12,45,112,112,112,222,56,89,270,ok
valid/12-45/15.jpg,12,45,112,112,19,112,136,53,0,ok
valid/12-45/24.jpg,12,45,112,112,222,112,89,167,180,ok
valid/12-45/47.jpg,12,45,112,112,18,112,135,56,0,ok
valid/12-45/48.jpg,12,45,112,112,2,112,154,10,0,ok
valid/12-45/53.jpg,12,45,112,112,112,5,180,140,90,ok
valid/12-45/68.jpg,12,45,112,112,19,112,135,56,0,ok
valid/12-45/7.jpg,12,45,112,112,2,112,137,52,0,ok
valid/12-45/76.jpg,12,45,112,112,220,112,71,212,180,ok
valid/12-45/90.jpg,12,45,112,112,112,2,214,154,90,ok
valid/12-50/1.jpg,12,50,112,112,17,57,158,12,0,ok
valid/12-50/13.jpg,12,50,112,112,17,57,138,57,0,ok
valid/12-50/17.jpg,12,50,112,112,24,61,138,57,0,ok
valid/12-50/19.jpg,12,50,112,112,17,57,138,57,0,ok
valid/12-50/20.jpg,12,50,112,112,61,200,57,86,270,ok
valid/12-50/46.jpg,12,50,112,112,192,158,87,166,180,ok
valid/12-50/56.jpg,12,50,112,112,61,200,57,86,270,ok
valid/12-50/83.jpg,12,50,112,112,17,57,158,12,0,ok
valid/12-50/84.jpg,12,50,112,112,167,17,166,137,90,ok
valid/12-50/88.jpg,12,50,112,112,27,63,138,57,0,ok
valid/12-55/21.jpg,12,55,112,112,57,17,140,58,0,ok
valid/12-55/22.jpg,12,55,112,112,57,17,163,14,0,ok
valid/12-55/3.jpg,12,55,112,112,57,17,163,14,0,ok
valid/12-55/37.jpg,12,55,112,112,18,167,26,67,270,ok
valid/12-55/4.jpg,12,55,112,112,167,207,61,210,180,ok
valid/12-55/57.jpg,12,55,112,112,57,17,163,14,0,ok
valid/12-55/59.jpg,12,55,112,112,62,25,145,48,0,ok
valid/12-55/60.jpg,12,55,112,112,17,167,58,84,270,ok
valid/12-55/81.jpg,12,55,112,112,57,17,163,14,0,ok
valid/12-55/84.jpg,12,55,112,112,57,17,140,58,0,ok
valid/2-00/18.jpg,2,0,112,112,112,2,207,57,0,ok
valid/2-00/31.jpg,2,0,112,112,2,112,81,59,270,ok
valid/2-00/4.jpg,2,0,112,112,2,112,57,17,270,ok
valid/2-00/42.jpg,2,0,112,112,112,2,164,82,0,ok
valid/2-00/50.jpg,2,0,112,112,222,112,167,207,90,ok
valid/2-00/67.jpg,2,0,112,112,112,222,60,142,180,ok
valid/2-00/73.jpg,2,0,112,112,112,18,190,67,0,ok
valid/2-00/87.jpg,2,0,112,112,222,112,142,164,90,ok
valid/2-00/94.jpg,2,0,112,112,18,112,57,17,270,ok
valid/2-00/98.jpg,2,0,112,112,112,212,60,142,180,ok
valid/2-05/24.jpg,2,5,112,112,159,31,165,84,0,ok
valid/2-05/25.jpg,2,5,112,112,207,167,163,210,90,ok
valid/2-05/31.jpg,2,5,112,112,192,158,140,165,90,ok
valid/2-05/58.jpg,2,5,112,112,17,57,73,37,270,ok
valid/2-05/63.jpg,2,5,112,112,28,64,84,58,270,ok
valid/2-05/66.jpg,2,5,112,112,62,199,58,140,180,ok
valid/2-05/74.jpg,2,5,112,112,167,17,210,61,0,ok
valid/2-05/75.jpg,2,5,112,112,66,192,58,140,180,ok
valid/2-05/81.jpg,2,5,112,112,167,17,210,61,0,ok
valid/2-05/90.jpg,2,5,112,112,167,17,210,61,0,ok
valid/2-10/21.jpg,2,10,112,112,197,63,166,87,0,ok
valid/2-10/26.jpg,2,10,112,112,165,204,157,209,90,ok
valid/2-10/69.jpg,2,10,112,112,207,57,212,66,0,ok
valid/2-10/72.jpg,2,10,112,112,207,57,166,87,0,ok
valid/2-10/75.jpg,2,10,112,112,201,60,166,87,0,ok
valid/2-10/81.jpg,2,10,112,112,207,57,212,66,0,ok
valid/2-10/85.jpg,2,10,112,112,57,17,86,57,270,ok
valid/2-10/91.jpg,2,10,112,112,167,207,158,212,90,ok
valid/2-10/95.jpg,2,10,112,112,57,18,86,57,270,ok
valid/2-10/99.jpg,2,10,112,112,160,194,137,166,90,ok
valid/2-15/12.jpg,2,15,112,112,222,112,167,89,0,ok
valid/2-15/37.jpg,2,15,112,112,207,112,171,88,0,ok
valid/2-15/4.jpg,2,15,112,112,222,112,214,70,0,ok
valid/2-15/44.jpg,2,15,112,112,112,204,135,167,90,ok
valid/2-15/67.jpg,2,15,112,112,222,112,167,89,0,ok
valid/2-15/75.jpg,2,15,112,112,222,112,167,89,0,ok
valid/2-15/76.jpg,2,15,112,112,220,112,212,71,0,ok
valid/2-15/77.jpg,2,15,112,112,112,2,70,10,270,ok
valid/2-15/8.jpg,2,15,112,112,207,112,167,89,0,ok
valid/2-15/85.jpg,2,15,112,112,222,112,179,84,0,ok
valid/2-20/12.jpg,2,20,112,112,31,65,55,133,180,ok
valid/2-20/15.jpg,2,20,112,112,192,158,172,90,0,ok
valid/2-20/26.jpg,2,20,112,112,166,19,75,11,270,ok
valid/2-20/39.jpg,2,20,112,112,193,158,174,89,0,ok
valid/2-20/55.jpg,2,20,112,112,57,207,150,215,90,ok
valid/2-20/65.jpg,2,20,112,112,17,57,9,150,180,ok
valid/2-20/71.jpg,2,20,112,112,17,57,9,150,180,ok
valid/2-20/79.jpg,2,20,112,112,167,17,74,9,270,ok
valid/2-20/88.jpg,2,20,112,112,199,162,168,91,0,ok
valid/2-20/98.jpg,2,20,112,112,24,61,55,133,180,ok
valid/2-25/0.jpg,2,25,112,112,201,60,94,54,270,ok
valid/2-25/2.jpg,2,25,112,112,160,194,169,94,0,ok
valid/2-25/20.jpg,2,25,112,112,60,22,54,130,180,ok
valid/2-25/26.jpg,2,25,112,112,158,193,214,80,0,ok
valid/2-25/46.jpg,2,25,112,112,158,192,169,94,0,ok
valid/2-25/64.jpg,2,25,112,112,207,57,94,54,270,ok
valid/2-25/66.jpg,2,25,112,112,57,17,54,130,180,ok
valid/2-25/71.jpg,2,25,112,112,167,207,217,79,0,ok
valid/2-25/82.jpg,2,25,112,112,167,207,217,79,0,ok
valid/2-25/84.jpg,2,25,112,112,17,167,130,169,90,ok
valid/2-30/1.jpg,2,30,112,112,2,112,140,218,90,ok
valid/2-30/10.jpg,2,30,112,112,112,204,170,96,0,ok
valid/2-30/13.jpg,2,30,112,112,112,2,53,128,180,ok
valid/2-30/17.jpg,2,30,112,112,112,5,53,128,180,ok
valid/2-30/64.jpg,2,30,112,112,112,222,170,96,0,ok
valid/2-30/71.jpg,2,30,112,112,112,221,218,84,0,ok
valid/2-30/81.jpg,2,30,112,112,112,222,218,84,0,ok
valid/2-30/88.jpg,2,30,112,112,112,210,170,96,0,ok
valid/2-30/89.jpg,2,30,112,112,112,204,170,96,0,ok
valid/2-30/94.jpg,2,30,112,112,112,206,218,84,0,ok
valid/2-35/22.jpg,2,35,112,112,27,63,136,219,90,ok
valid/2-35/44.jpg,2,35,112,112,57,207,171,99,0,ok
valid/2-35/50.jpg,2,35,112,112,17,57,136,219,90,ok
valid/2-35/64.jpg,2,35,112,112,57,207,171,99,0,ok
valid/2-35/68.jpg,2,35,112,112,158,31,53,125,180,ok
valid/2-35/69.jpg,2,35,112,112,17,57,136,219,90,ok
valid/2-35/80.jpg,2,35,112,112,57,207,171,99,0,ok
valid/2-35/81.jpg,2,35,112,112,57,207,219,88,0,ok
valid/2-35/86.jpg,2,35,112,112,65,193,171,99,0,ok
valid/2-35/95.jpg,2,35,112,112,57,207,171,99,0,ok
valid/2-40/18.jpg,2,40,112,112,32,158,220,93,0,ok
valid/2-40/25.jpg,2,40,112,112,207,57,4,131,180,ok
valid/2-40/26.jpg,2,40,112,112,58,18,131,217,90,ok
valid/2-40/32.jpg,2,40,112,112,57,17,131,220,90,ok
valid/2-40/35.jpg,2,40,112,112,57,17,131,220,90,ok
valid/2-40/58.jpg,2,40,112,112,27,161,220,93,0,ok
valid/2-40/76.jpg,2,40,112,112,67,34,131,219,90,ok
valid/2-40/78.jpg,2,40,112,112,18,167,171,102,0,ok
valid/2-40/85.jpg,2,40,112,112,17,167,182,100,0,ok
valid/2-40/91.jpg,2,40,112,112,57,17,131,220,90,ok
valid/2-45/16.jpg,2,45,112,112,2,112,221,98,0,ok
valid/2-45/18.jpg,2,45,112,112,222,112,3,126,180,ok
valid/2-45/29.jpg,2,45,112,112,2,112,172,104,0,ok
valid/2-45/49.jpg,2,45,112,112,17,112,177,103,0,ok
valid/2-45/62.jpg,2,45,112,112,16,112,172,104,0,ok
valid/2-45/63.jpg,2,45,112,112,19,112,172,104,0,ok
valid/2-45/65.jpg,2,45,112,112,112,2,126,221,90,ok
valid/2-45/69.jpg,2,45,112,112,2,112,221,98,0,ok
valid/2-45/70.jpg,2,45,112,112,2,112,220,98,0,ok
valid/2-45/87.jpg,2,45,112,112,222,112,52,120,180,ok
valid/2-50/15.jpg,2,50,112,112,192,158,48,118,180,ok
valid/2-50/16.jpg,2,50,112,112,17,57,222,102,0,ok
valid/2-50/47.jpg,2,50,112,112,63,197,107,51,270,ok
valid/2-50/5.jpg,2,50,112,112,166,19,117,171,90,ok
valid/2-50/58.jpg,2,50,112,112,206,166,2,122,180,ok
valid/2-50/74.jpg,2,50,112,112,167,17,122,222,90,ok
valid/2-50/78.jpg,2,50,112,112,62,199,107,51,270,ok
valid/2-50/83.jpg,2,50,112,112,167,17,122,222,90,ok
valid/2-50/96.jpg,2,50,112,112,207,167,52,117,180,ok
valid/2-50/98.jpg,2,50,112,112,26,62,172,107,0,ok
valid/2-55/14.jpg,2,55,112,112,57,17,222,107,0,ok
valid/2-55/18.jpg,2,55,112,112,57,17,219,107,0,ok
valid/2-55/19.jpg,2,55,112,112,207,57,115,171,90,ok
valid/2-55/28.jpg,2,55,112,112,57,17,172,109,0,ok
valid/2-55/37.jpg,2,55,112,112,18,167,109,39,270,ok
valid/2-55/64.jpg,2,55,112,112,65,31,172,109,0,ok
valid/2-55/65.jpg,2,55,112,112,17,167,107,2,270,ok
valid/2-55/74.jpg,2,55,112,112,57,17,222,107,0,ok
valid/2-55/94.jpg,2,55,112,112,164,202,27,116,180,ok
valid/2-55/96.jpg,2,55,112,112,160,196,52,115,180,ok
valid/3-00/10.jpg,3,0,112,112,112,2,173,112,0,ok
valid/3-00/12.jpg,3,0,112,112,112,2,173,112,0,ok
valid/3-00/14.jpg,3,0,112,112,112,2,222,112,0,ok
valid/3-00/26.jpg,3,0,112,112,5,112,112,4,270,ok
valid/3-00/44.jpg,3,0,112,112,112,18,173,112,0,ok
valid/3-00/57.jpg,3,0,112,112,112,2,222,112,0,ok
valid/3-00/58.jpg,3,0,112,112,112,2,201,112,0,ok
valid/3-00/70.jpg,3,0,112,112,112,221,2,112,180,ok
valid/3-00/77.jpg,3,0,112,112,112,2,222,112,0,ok
valid/3-00/94.jpg,3,0,112,112,112,18,200,112,0,ok
valid/3-05/11.jpg,3,5,112,112,17,57,117,2,270,ok
valid/3-05/3.jpg,3,5,112,112,207,167,107,222,90,ok
valid/3-05/37.jpg,3,5,112,112,63,197,27,108,180,ok
valid/3-05/39.jpg,3,5,112,112,159,31,176,115,0,ok
valid/3-05/40.jpg,3,5,112,112,207,167,108,203,90,ok
valid/3-05/47.jpg,3,5,112,112,63,197,51,109,180,ok
valid/3-05/50.jpg,3,5,112,112,207,167,107,222,90,ok
valid/3-05/51.jpg,3,5,112,112,207,167,109,172,90,ok
valid/3-05/60.jpg,3,5,112,112,62,199,51,109,180,ok
valid/3-05/86.jpg,3,5,112,112,158,31,171,115,0,ok
valid/3-10/26.jpg,3,10,112,112,165,204,103,218,90,ok
valid/3-10/28.jpg,3,10,112,112,192,66,171,117,0,ok
valid/3-10/30.jpg,3,10,112,112,192,66,171,117,0,ok
valid/3-10/36.jpg,3,10,112,112,207,57,222,122,0,ok
valid/3-10/53.jpg,3,10,112,112,201,60,222,122,0,ok
valid/3-10/54.jpg,3,10,112,112,207,57,222,122,0,ok
valid/3-10/64.jpg,3,10,112,112,192,66,171,117,0,ok
valid/3-10/71.jpg,3,10,112,112,57,17,121,3,270,ok
valid/3-10/72.jpg,3,10,112,112,57,17,117,52,270,ok
valid/3-10/87.jpg,3,10,112,112,17,167,51,107,180,ok
valid/3-15/1.jpg,3,15,112,112,222,112,221,126,0,ok
valid/3-15/23.jpg,3,15,112,112,112,222,98,221,90,ok
valid/3-15/5.jpg,3,15,112,112,222,112,171,120,0,ok
valid/3-15/51.jpg,3,15,112,112,222,112,171,120,0,ok
valid/3-15/53.jpg,3,15,112,112,112,222,98,221,90,ok
valid/3-15/6.jpg,3,15,112,112,222,112,221,126,0,ok
valid/3-15/60.jpg,3,15,112,112,10,112,51,104,180,ok
valid/3-15/71.jpg,3,15,112,112,2,112,3,98,180,ok
valid/3-15/79.jpg,3,15,112,112,112,2,126,3,270,ok
valid/3-15/85.jpg,3,15,112,112,222,112,221,126,0,ok
valid/3-20/14.jpg,3,20,112,112,207,167,220,131,0,ok
valid/3-20/16.jpg,3,20,112,112,207,167,220,131,0,ok
valid/3-20/28.jpg,3,20,112,112,167,17,123,52,270,ok
valid/3-20/32.jpg,3,20,112,112,207,167,220,131,0,ok
valid/3-20/55.jpg,3,20,112,112,57,207,93,220,90,ok
valid/3-20/61.jpg,3,20,112,112,193,159,171,122,0,ok
valid/3-20/73.jpg,3,20,112,112,167,17,123,47,270,ok
valid/3-20/77.jpg,3,20,112,112,207,167,220,131,0,ok
valid/3-20/94.jpg,3,20,112,112,18,58,4,93,180,ok
valid/3-20/99.jpg,3,20,112,112,192,158,171,122,0,ok
valid/3-25/16.jpg,3,25,112,112,167,207,219,136,0,ok
valid/3-25/23.jpg,3,25,112,112,167,207,219,136,0,ok
valid/3-25/25.jpg,3,25,112,112,207,57,136,5,270,ok
valid/3-25/32.jpg,3,25,112,112,17,167,88,219,90,ok
valid/3-25/38.jpg,3,25,112,112,57,17,52,99,180,ok
valid/3-25/60.jpg,3,25,112,112,65,31,52,99,180,ok
valid/3-25/69.jpg,3,25,112,112,167,207,219,136,0,ok
valid/3-25/78.jpg,3,25,112,112,167,207,170,125,0,ok
valid/3-25/89.jpg,3,25,112,112,167,207,170,125,0,ok
valid/3-25/96.jpg,3,25,112,112,17,167,99,171,90,ok
valid/3-30/16.jpg,3,30,112,112,112,222,218,140,0,ok
valid/3-30/18.jpg,3,30,112,112,112,222,177,129,0,ok
valid/3-30/23.jpg,3,30,112,112,112,2,6,84,180,ok
valid/3-30/26.jpg,3,30,112,112,112,5,8,84,180,ok
valid/3-30/27.jpg,3,30,112,112,112,222,218,140,0,ok
valid/3-30/5.jpg,3,30,112,112,205,112,128,53,270,ok
valid/3-30/50.jpg,3,30,112,112,112,222,218,140,0,ok
valid/3-30/78.jpg,3,30,112,112,112,222,170,128,0,ok
valid/3-30/9.jpg,3,30,112,112,112,2,53,96,180,ok
valid/3-30/98.jpg,3,30,112,112,19,112,96,170,90,ok
valid/3-35/1.jpg,3,35,112,112,57,207,217,145,0,ok
valid/3-35/16.jpg,3,35,112,112,57,207,217,145,0,ok
valid/3-35/20.jpg,3,35,112,112,60,201,169,130,0,ok
valid/3-35/4.jpg,3,35,112,112,167,17,7,79,180,ok
valid/3-35/6.jpg,3,35,112,112,57,207,217,145,0,ok
valid/3-35/76.jpg,3,35,112,112,35,68,80,215,90,ok
valid/3-35/80.jpg,3,35,112,112,57,207,169,130,0,ok
valid/3-35/86.jpg,3,35,112,112,158,31,54,94,180,ok
valid/3-35/87.jpg,3,35,112,112,65,193,169,130,0,ok
valid/3-35/88.jpg,3,35,112,112,158,31,54,94,180,ok
valid/3-40/12.jpg,3,40,112,112,23,164,168,133,0,ok
valid/3-40/16.jpg,3,40,112,112,17,167,215,150,0,ok
valid/3-40/38.jpg,3,40,112,112,158,192,133,55,270,ok
valid/3-40/50.jpg,3,40,112,112,57,17,74,215,90,ok
valid/3-40/54.jpg,3,40,112,112,17,167,215,150,0,ok
valid/3-40/55.jpg,3,40,112,112,17,167,215,150,0,ok
valid/3-40/64.jpg,3,40,112,112,167,207,133,55,270,ok
valid/3-40/67.jpg,3,40,112,112,57,17,91,168,90,ok
valid/3-40/77.jpg,3,40,112,112,17,167,215,150,0,ok
valid/3-40/95.jpg,3,40,112,112,58,19,91,168,90,ok
valid/3-45/0.jpg,3,45,112,112,215,112,56,89,180,ok
valid/3-45/1.jpg,3,45,112,112,112,222,154,10,270,ok
valid/3-45/40.jpg,3,45,112,112,2,112,214,154,0,ok
valid/3-45/48.jpg,3,45,112,112,2,112,214,154,0,ok
valid/3-45/5.jpg,3,45,112,112,19,112,167,135,0,ok
valid/3-45/63.jpg,3,45,112,112,205,112,56,89,180,ok
valid/3-45/7.jpg,3,45,112,112,2,112,167,135,0,ok
valid/3-45/71.jpg,3,45,112,112,112,2,70,214,90,ok
valid/3-45/75.jpg,3,45,112,112,205,112,56,89,180,ok
valid/3-45/92.jpg,3,45,112,112,2,112,214,154,0,ok
valid/3-50/12.jpg,3,50,112,112,160,28,87,166,90,ok
valid/3-50/37.jpg,3,50,112,112,28,64,175,142,0,ok
valid/3-50/41.jpg,3,50,112,112,17,57,212,158,0,ok
valid/3-50/55.jpg,3,50,112,112,17,57,212,158,0,ok
valid/3-50/60.jpg,3,50,112,112,195,160,57,86,180,ok
valid/3-50/64.jpg,3,50,112,112,207,167,57,86,180,ok
valid/3-50/66.jpg,3,50,112,112,26,62,166,137,0,ok
valid/3-50/69.jpg,3,50,112,112,167,17,66,212,90,ok
valid/3-50/8.jpg,3,50,112,112,194,159,57,86,180,ok
valid/3-50/87.jpg,3,50,112,112,207,167,57,86,180,ok
valid/3-55/2.jpg,3,55,112,112,65,31,165,140,0,ok
valid/3-55/44.jpg,3,55,112,112,65,31,165,140,0,ok
valid/3-55/47.jpg,3,55,112,112,192,66,84,165,90,ok
valid/3-55/49.jpg,3,55,112,112,65,31,170,142,0,ok
valid/3-55/5.jpg,3,55,112,112,158,192,58,84,180,ok
valid/3-55/53.jpg,3,55,112,112,206,57,61,210,90,ok
valid/3-55/77.jpg,3,55,112,112,167,207,14,61,180,ok
valid/3-55/78.jpg,3,55,112,112,164,201,58,84,180,ok
valid/3-55/80.jpg,3,55,112,112,207,57,84,165,90,ok
valid/3-55/84.jpg,3,55,112,112,57,17,165,140,0,ok
valid/4-00/14.jpg,4,0,112,112,112,2,207,167,0,ok
valid/4-00/19.jpg,4,0,112,112,112,2,164,142,0,ok
valid/4-00/30.jpg,4,0,112,112,112,2,168,144,0,ok
valid/4-00/40.jpg,4,0,112,112,222,112,57,207,90,ok
valid/4-00/49.jpg,4,0,112,112,112,2,169,145,0,ok
valid/4-00/5.jpg,4,0,112,112,112,204,59,82,180,ok
valid/4-00/57.jpg,4,0,112,112,112,2,207,167,0,ok
valid/4-00/59.jpg,4,0,112,112,12,112,167,17,270,ok
valid/4-00/75.jpg,4,0,112,112,112,204,59,82,180,ok
valid/4-00/81.jpg,4,0,112,112,2,112,167,17,270,ok
valid/4-05/0.jpg,4,5,112,112,66,193,60,79,180,ok
valid/4-05/3.jpg,4,5,112,112,207,167,53,205,90,ok
valid/4-05/4.jpg,4,5,112,112,167,17,205,171,0,ok
valid/4-05/56.jpg,4,5,112,112,198,161,79,163,90,ok
valid/4-05/66.jpg,4,5,112,112,62,199,60,79,180,ok
valid/4-05/70.jpg,4,5,112,112,57,207,20,53,180,ok
valid/4-05/81.jpg,4,5,112,112,167,17,205,171,0,ok
valid/4-05/88.jpg,4,5,112,112,27,63,145,60,270,ok
valid/4-05/89.jpg,4,5,112,112,167,17,163,145,0,ok
valid/4-05/99.jpg,4,5,112,112,66,192,60,79,180,ok
valid/4-10/10.jpg,4,10,112,112,194,64,161,146,0,ok
valid/4-10/20.jpg,4,10,112,112,197,63,161,146,0,ok
valid/4-10/5.jpg,4,10,112,112,32,158,62,77,180,ok
valid/4-10/56.jpg,4,10,112,112,199,61,161,146,0,ok
valid/4-10/7.jpg,4,10,112,112,57,17,158,46,270,ok
valid/4-10/77.jpg,4,10,112,112,167,207,49,202,90,ok
valid/4-10/79.jpg,4,10,112,112,57,17,175,22,270,ok
valid/4-10/84.jpg,4,10,112,112,32,158,62,77,180,ok
valid/4-10/88.jpg,4,10,112,112,196,63,161,146,0,ok
valid/4-10/94.jpg,4,10,112,112,202,60,202,175,0,ok
valid/4-15/42.jpg,4,15,112,112,112,2,149,64,270,ok
valid/4-15/45.jpg,4,15,112,112,209,112,160,149,0,ok
valid/4-15/46.jpg,4,15,112,112,207,112,160,149,0,ok
valid/4-15/58.jpg,4,15,112,112,2,112,43,59,180,ok
valid/4-15/71.jpg,4,15,112,112,112,222,45,199,90,ok
valid/4-15/79.jpg,4,15,112,112,112,222,45,199,90,ok
valid/4-15/8.jpg,4,15,112,112,207,112,160,149,0,ok
valid/4-15/9.jpg,4,15,112,112,208,112,160,149,0,ok
valid/4-15/95.jpg,4,15,112,112,218,112,160,149,0,ok
valid/4-15/97.jpg,4,15,112,112,112,2,149,64,270,ok
valid/4-20/23.jpg,4,20,112,112,57,207,41,196,90,ok
valid/4-20/27.jpg,4,20,112,112,207,167,196,183,0,ok
valid/4-20/3.jpg,4,20,112,112,167,17,183,28,270,ok
valid/4-20/32.jpg,4,20,112,112,57,207,41,196,90,ok
valid/4-20/45.jpg,4,20,112,112,195,160,157,150,0,ok
valid/4-20/48.jpg,4,20,112,112,207,167,196,183,0,ok
valid/4-20/63.jpg,4,20,112,112,160,29,151,66,270,ok
valid/4-20/73.jpg,4,20,112,112,17,57,28,41,180,ok
valid/4-20/77.jpg,4,20,112,112,207,167,196,183,0,ok
valid/4-20/98.jpg,4,20,112,112,199,162,157,150,0,ok
valid/4-25/1.jpg,4,25,112,112,167,207,193,186,0,ok
valid/4-25/11.jpg,4,25,112,112,17,167,38,193,90,ok
valid/4-25/27.jpg,4,25,112,112,167,207,193,186,0,ok
valid/4-25/28.jpg,4,25,112,112,158,192,156,153,0,ok
valid/4-25/32.jpg,4,25,112,112,167,207,193,186,0,ok
valid/4-25/34.jpg,4,25,112,112,28,161,71,157,90,ok
valid/4-25/47.jpg,4,25,112,112,160,194,156,153,0,ok
valid/4-25/58.jpg,4,25,112,112,162,199,193,186,0,ok
valid/4-25/6.jpg,4,25,112,112,167,207,193,186,0,ok
valid/4-25/69.jpg,4,25,112,112,17,167,38,193,90,ok
valid/4-30/1.jpg,4,30,112,112,112,222,190,190,0,ok
valid/4-30/15.jpg,4,30,112,112,112,205,155,155,0,ok
valid/4-30/20.jpg,4,30,112,112,112,8,69,69,180,ok
valid/4-30/25.jpg,4,30,112,112,112,222,190,190,0,ok
valid/4-30/34.jpg,4,30,112,112,112,222,154,154,0,ok
valid/4-30/36.jpg,4,30,112,112,112,222,190,190,0,ok
valid/4-30/41.jpg,4,30,112,112,2,112,34,190,90,ok
valid/4-30/42.jpg,4,30,112,112,112,222,154,154,0,ok
valid/4-30/63.jpg,4,30,112,112,208,112,155,69,270,ok
valid/4-30/74.jpg,4,30,112,112,112,222,190,190,0,ok
valid/4-35/0.jpg,4,35,112,112,60,201,153,156,0,ok
valid/4-35/15.jpg,4,35,112,112,66,193,153,157,0,ok
valid/4-35/17.jpg,4,35,112,112,59,204,153,156,0,ok
valid/4-35/24.jpg,4,35,112,112,57,207,153,156,0,ok
valid/4-35/28.jpg,4,35,112,112,66,192,153,156,0,ok
valid/4-35/3.jpg,4,35,112,112,17,57,31,186,90,ok
valid/4-35/34.jpg,4,35,112,112,31,65,67,153,90,ok
valid/4-35/65.jpg,4,35,112,112,57,207,186,193,0,ok
valid/4-35/90.jpg,4,35,112,112,167,17,38,31,180,ok
valid/4-35/91.jpg,4,35,112,112,57,207,186,193,0,ok
valid/4-40/11.jpg,4,40,112,112,17,167,183,196,0,ok
valid/4-40/16.jpg,4,40,112,112,17,167,183,196,0,ok
valid/4-40/18.jpg,4,40,112,112,167,207,164,68,270,ok
valid/4-40/33.jpg,4,40,112,112,192,66,73,65,180,ok
valid/4-40/36.jpg,4,40,112,112,57,17,28,183,90,ok
valid/4-40/4.jpg,4,40,112,112,207,57,41,28,180,ok
valid/4-40/47.jpg,4,40,112,112,57,17,66,151,90,ok
valid/4-40/55.jpg,4,40,112,112,17,167,183,196,0,ok
valid/4-40/72.jpg,4,40,112,112,20,165,150,157,0,ok
valid/4-40/85.jpg,4,40,112,112,207,57,41,28,180,ok
valid/4-45/10.jpg,4,45,112,112,2,112,149,160,0,ok
valid/4-45/14.jpg,4,45,112,112,2,112,179,199,0,ok
valid/4-45/18.jpg,4,45,112,112,222,112,70,57,180,ok
valid/4-45/24.jpg,4,45,112,112,2,112,149,160,0,ok
valid/4-45/31.jpg,4,45,112,112,112,14,64,149,90,ok
valid/4-45/36.jpg,4,45,112,112,2,112,179,199,0,ok
valid/4-45/39.jpg,4,45,112,112,112,2,61,151,90,ok
valid/4-45/44.jpg,4,45,112,112,2,112,149,160,0,ok
valid/4-45/65.jpg,4,45,112,112,2,112,179,199,0,ok
valid/4-45/81.jpg,4,45,112,112,2,112,179,199,0,ok
valid/4-50/2.jpg,4,50,112,112,160,28,62,147,90,ok
valid/4-50/34.jpg,4,50,112,112,57,207,161,78,270,ok
valid/4-50/54.jpg,4,50,112,112,17,57,175,202,0,ok
valid/4-50/59.jpg,4,50,112,112,17,57,146,161,0,ok
valid/4-50/71.jpg,4,50,112,112,17,57,175,202,0,ok
valid/4-50/8.jpg,4,50,112,112,29,64,146,161,0,ok
valid/4-50/84.jpg,4,50,112,112,17,57,146,161,0,ok
valid/4-50/85.jpg,4,50,112,112,17,57,175,202,0,ok
valid/4-50/92.jpg,4,50,112,112,17,57,175,202,0,ok
valid/4-50/96.jpg,4,50,112,112,167,17,62,147,90,ok
valid/4-55/13.jpg,4,55,112,112,17,167,174,72,270,ok
valid/4-55/24.jpg,4,55,112,112,57,17,145,163,0,ok
valid/4-55/28.jpg,4,55,112,112,57,17,145,163,0,ok
valid/4-55/50.jpg,4,55,112,112,207,57,19,171,90,ok
valid/4-55/56.jpg,4,55,112,112,65,31,145,163,0,ok
valid/4-55/69.jpg,4,55,112,112,57,17,171,205,0,ok
valid/4-55/7.jpg,4,55,112,112,167,207,53,19,180,ok
valid/4-55/72.jpg,4,55,112,112,32,158,163,79,270,ok
valid/4-55/8.jpg,4,55,112,112,197,63,60,145,90,ok
valid/4-55/97.jpg,4,55,112,112,32,158,163,79,270,ok
valid/5-00/10.jpg,5,0,112,112,112,2,142,164,0,ok
valid/5-00/12.jpg,5,0,112,112,112,2,153,183,0,ok
valid/5-00/23.jpg,5,0,112,112,112,2,167,207,0,ok
valid/5-00/36.jpg,5,0,112,112,2,112,207,57,270,ok
valid/5-00/38.jpg,5,0,112,112,222,112,60,142,90,ok
valid/5-00/73.jpg,5,0,112,112,112,222,57,17,180,ok
valid/5-00/74.jpg,5,0,112,112,112,2,167,207,0,ok
valid/5-00/8.jpg,5,0,112,112,112,17,142,164,0,ok
valid/5-00/84.jpg,5,0,112,112,19,112,164,82,270,ok
valid/5-00/92.jpg,5,0,112,112,112,2,167,207,0,ok
valid/5-05/18.jpg,5,5,112,112,167,17,150,185,0,ok
valid/5-05/24.jpg,5,5,112,112,194,159,58,140,90,ok
valid/5-05/25.jpg,5,5,112,112,167,17,163,210,0,ok
valid/5-05/28.jpg,5,5,112,112,167,17,140,165,0,ok
valid/5-05/31.jpg,5,5,112,112,66,192,84,58,180,ok
valid/5-05/51.jpg,5,5,112,112,57,207,84,58,180,ok
valid/5-05/64.jpg,5,5,112,112,66,192,84,58,180,ok
valid/5-05/7.jpg,5,5,112,112,57,207,61,14,180,ok
valid/5-05/75.jpg,5,5,112,112,162,25,140,165,0,ok
valid/5-05/76.jpg,5,5,112,112,188,156,15,162,90,ok
valid/5-10/0.jpg,5,10,112,112,163,200,57,138,90,ok
valid/5-10/28.jpg,5,10,112,112,17,167,86,57,180,ok
valid/5-10/29.jpg,5,10,112,112,207,57,137,166,0,ok
valid/5-10/45.jpg,5,10,112,112,161,197,57,138,90,ok
valid/5-10/51.jpg,5,10,112,112,207,57,137,166,0,ok
valid/5-10/66.jpg,5,10,112,112,162,198,57,138,90,ok
valid/5-10/70.jpg,5,10,112,112,57,17,211,66,270,ok
valid/5-10/77.jpg,5,10,112,112,207,57,158,212,0,ok
valid/5-10/80.jpg,5,10,112,112,192,66,137,166,0,ok
valid/5-10/85.jpg,5,10,112,112,207,57,158,212,0,ok
valid/5-15/23.jpg,5,15,112,112,222,112,154,214,0,ok
valid/5-15/48.jpg,5,15,112,112,222,112,154,214,0,ok
valid/5-15/50.jpg,5,15,112,112,112,222,10,154,90,ok
valid/5-15/53.jpg,5,15,112,112,222,112,154,214,0,ok
valid/5-15/55.jpg,5,15,112,112,222,112,154,214,0,ok
valid/5-15/63.jpg,5,15,112,112,112,206,56,135,90,ok
valid/5-15/7.jpg,5,15,112,112,222,112,154,214,0,ok
valid/5-15/75.jpg,5,15,112,112,112,222,56,135,90,ok
valid/5-15/88.jpg,5,15,112,112,212,112,135,167,0,ok
valid/5-15/95.jpg,5,15,112,112,218,112,135,167,0,ok
valid/5-20/12.jpg,5,20,112,112,167,17,168,91,270,ok
valid/5-20/2.jpg,5,20,112,112,66,192,55,133,90,ok
valid/5-20/3.jpg,5,20,112,112,207,167,150,215,0,ok
valid/5-20/44.jpg,5,20,112,112,57,207,55,133,90,ok
valid/5-20/48.jpg,5,20,112,112,207,167,150,215,0,ok
valid/5-20/64.jpg,5,20,112,112,192,158,133,168,0,ok
valid/5-20/68.jpg,5,20,112,112,158,31,168,91,270,ok
valid/5-20/86.jpg,5,20,112,112,65,193,55,133,90,ok
valid/5-20/89.jpg,5,20,112,112,207,167,133,168,0,ok
valid/5-20/9.jpg,5,20,112,112,193,159,133,168,0,ok
valid/5-25/17.jpg,5,25,112,112,19,166,54,130,90,ok
valid/5-25/26.jpg,5,25,112,112,65,31,80,9,180,ok
valid/5-25/48.jpg,5,25,112,112,167,207,145,217,0,ok
valid/5-25/51.jpg,5,25,112,112,207,57,169,94,270,ok
valid/5-25/53.jpg,5,25,112,112,167,207,145,217,0,ok
valid/5-25/57.jpg,5,25,112,112,57,17,79,7,180,ok
valid/5-25/67.jpg,5,25,112,112,57,17,94,54,180,ok
valid/5-25/69.jpg,5,25,112,112,17,167,7,145,90,ok
valid/5-25/71.jpg,5,25,112,112,17,167,7,145,90,ok
valid/5-25/8.jpg,5,25,112,112,159,193,130,169,0,ok
valid/5-30/17.jpg,5,30,112,112,112,204,128,170,0,ok
valid/5-30/21.jpg,5,30,112,112,112,5,96,53,180,ok
valid/5-30/24.jpg,5,30,112,112,112,222,128,170,0,ok
valid/5-30/30.jpg,5,30,112,112,112,2,96,53,180,ok
valid/5-30/31.jpg,5,30,112,112,112,204,128,170,0,ok
valid/5-30/48.jpg,5,30,112,112,112,222,140,218,0,ok
valid/5-30/61.jpg,5,30,112,112,112,204,128,170,0,ok
valid/5-30/65.jpg,5,30,112,112,2,112,6,140,90,ok
valid/5-30/7.jpg,5,30,112,112,112,222,140,218,0,ok
valid/5-30/88.jpg,5,30,112,112,13,112,53,128,90,ok
valid/5-35/10.jpg,5,35,112,112,66,192,125,170,0,ok
valid/5-35/32.jpg,5,35,112,112,57,207,136,219,0,ok
valid/5-35/35.jpg,5,35,112,112,58,206,136,219,0,ok
valid/5-35/44.jpg,5,35,112,112,57,207,125,170,0,ok
valid/5-35/49.jpg,5,35,112,112,192,158,177,97,270,ok
valid/5-35/66.jpg,5,35,112,112,28,64,53,125,90,ok
valid/5-35/67.jpg,5,35,112,112,57,207,125,170,0,ok
valid/5-35/88.jpg,5,35,112,112,158,31,99,52,180,ok
valid/5-35/94.jpg,5,35,112,112,18,58,5,136,90,ok
valid/5-35/99.jpg,5,35,112,112,158,31,99,52,180,ok
valid/5-40/10.jpg,5,40,112,112,17,167,122,171,0,ok
valid/5-40/28.jpg,5,40,112,112,57,17,52,123,90,ok
valid/5-40/40.jpg,5,40,112,112,17,167,122,171,0,ok
valid/5-40/52.jpg,5,40,112,112,17,167,131,220,0,ok
valid/5-40/55.jpg,5,40,112,112,17,167,131,220,0,ok
valid/5-40/59.jpg,5,40,112,112,158,192,171,102,270,ok
valid/5-40/8.jpg,5,40,112,112,30,160,122,171,0,ok
valid/5-40/83.jpg,5,40,112,112,17,167,131,220,0,ok
valid/5-40/84.jpg,5,40,112,112,25,162,122,171,0,ok
valid/5-40/99.jpg,5,40,112,112,207,57,101,52,180,ok
valid/5-45/14.jpg,5,45,112,112,2,112,126,221,0,ok
valid/5-45/23.jpg,5,45,112,112,2,112,126,221,0,ok
valid/5-45/29.jpg,5,45,112,112,112,222,189,102,270,ok
valid/5-45/33.jpg,5,45,112,112,19,112,120,171,0,ok
valid/5-45/57.jpg,5,45,112,112,222,112,98,3,180,ok
valid/5-45/63.jpg,5,45,112,112,205,112,104,51,180,ok
valid/5-45/65.jpg,5,45,112,112,2,112,126,221,0,ok
valid/5-45/69.jpg,5,45,112,112,112,2,3,126,90,ok
valid/5-45/78.jpg,5,45,112,112,5,112,120,171,0,ok
valid/5-45/91.jpg,5,45,112,112,2,112,126,221,0,ok
valid/5-50/2.jpg,5,50,112,112,27,63,117,171,0,ok
valid/5-50/21.jpg,5,50,112,112,31,65,117,171,0,ok
valid/5-50/33.jpg,5,50,112,112,30,64,117,171,0,ok
valid/5-50/54.jpg,5,50,112,112,17,57,122,222,0,ok
valid/5-50/69.jpg,5,50,112,112,167,17,2,122,90,ok
valid/5-50/70.jpg,5,50,112,112,17,57,121,221,0,ok
valid/5-50/78.jpg,5,50,112,112,28,64,117,171,0,ok
valid/5-50/82.jpg,5,50,112,112,17,57,122,222,0,ok
valid/5-50/87.jpg,5,50,112,112,17,57,117,171,0,ok
valid/5-50/91.jpg,5,50,112,112,17,57,122,222,0,ok
valid/5-55/22.jpg,5,55,112,112,57,17,117,222,0,ok
valid/5-55/27.jpg,5,55,112,112,57,17,117,222,0,ok
valid/5-55/31.jpg,5,55,112,112,167,207,109,51,180,ok
valid/5-55/32.jpg,5,55,112,112,207,57,2,117,90,ok
valid/5-55/33.jpg,5,55,112,112,192,66,52,115,90,ok
valid/5-55/38.jpg,5,55,112,112,65,31,115,171,0,ok
valid/5-55/40.jpg,5,55,112,112,207,57,52,115,90,ok
valid/5-55/77.jpg,5,55,112,112,167,207,107,2,180,ok
valid/5-55/8.jpg,5,55,112,112,197,63,52,115,90,ok
valid/5-55/88.jpg,5,55,112,112,198,62,52,115,90,ok
valid/6-00/42.jpg,6,0,112,112,222,112,2,112,90,ok
valid/6-00/58.jpg,6,0,112,112,196,112,2,112,90,ok
valid/6-00/61.jpg,6,0,112,112,172,112,19,112,90,ok
valid/6-00/67.jpg,6,0,112,112,112,51,112,222,0,ok
valid/6-00/71.jpg,6,0,112,112,112,2,112,221,0,ok
valid/6-00/74.jpg,6,0,112,112,112,2,112,222,0,ok
valid/6-00/79.jpg,6,0,112,112,222,112,2,112,90,ok
valid/6-00/80.jpg,6,0,112,112,172,112,19,112,90,ok
valid/6-00/83.jpg,6,0,112,112,112,2,112,222,0,ok
valid/6-00/87.jpg,6,0,112,112,112,2,112,171,0,ok
valid/6-05/15.jpg,6,5,112,112,63,197,115,52,180,ok
valid/6-05/20.jpg,6,5,112,112,162,25,109,172,0,ok
valid/6-05/46.jpg,6,5,112,112,192,158,51,109,90,ok
valid/6-05/50.jpg,6,5,112,112,167,17,107,222,0,ok
valid/6-05/75.jpg,6,5,112,112,66,192,115,52,180,ok
valid/6-05/86.jpg,6,5,112,112,65,193,115,52,180,ok
valid/6-05/90.jpg,6,5,112,112,57,207,117,2,180,ok
valid/6-05/93.jpg,6,5,112,112,167,17,107,222,0,ok
valid/6-05/94.jpg,6,5,112,112,164,21,108,203,0,ok
valid/6-05/98.jpg,6,5,112,112,27,63,171,115,270,ok
valid/6-10/15.jpg,6,10,112,112,193,65,107,172,0,ok
valid/6-10/18.jpg,6,10,112,112,17,167,118,46,180,ok
valid/6-10/20.jpg,6,10,112,112,62,26,171,117,270,ok
valid/6-10/23.jpg,6,10,112,112,207,57,102,222,0,ok
valid/6-10/25.jpg,6,10,112,112,207,57,105,195,0,ok
valid/6-10/54.jpg,6,10,112,112,207,57,102,222,0,ok
valid/6-10/63.jpg,6,10,112,112,194,64,107,172,0,ok
valid/6-10/70.jpg,6,10,112,112,57,17,220,121,270,ok
valid/6-10/72.jpg,6,10,112,112,207,57,107,172,0,ok
valid/6-10/73.jpg,6,10,112,112,207,57,102,222,0,ok
valid/6-15/18.jpg,6,15,112,112,112,4,176,120,270,ok
valid/6-15/25.jpg,6,15,112,112,222,112,98,221,0,ok
valid/6-15/27.jpg,6,15,112,112,222,112,98,221,0,ok
valid/6-15/30.jpg,6,15,112,112,112,2,171,120,270,ok
valid/6-15/31.jpg,6,15,112,112,209,112,104,172,0,ok
valid/6-15/36.jpg,6,15,112,112,222,112,98,221,0,ok
valid/6-15/37.jpg,6,15,112,112,112,3,181,121,270,ok
valid/6-15/40.jpg,6,15,112,112,112,2,171,120,270,ok
valid/6-15/53.jpg,6,15,112,112,2,112,126,3,180,ok
valid/6-15/95.jpg,6,15,112,112,5,112,120,52,180,ok
valid/6-20/11.jpg,6,20,112,112,17,57,131,4,180,ok
valid/6-20/19.jpg,6,20,112,112,207,167,102,171,0,ok
valid/6-20/28.jpg,6,20,112,112,57,207,52,101,90,ok
valid/6-20/49.jpg,6,20,112,112,192,158,100,178,0,ok
valid/6-20/55.jpg,6,20,112,112,207,167,93,220,0,ok
valid/6-20/61.jpg,6,20,112,112,30,64,123,52,180,ok
valid/6-20/71.jpg,6,20,112,112,57,206,4,93,90,ok
valid/6-20/72.jpg,6,20,112,112,207,167,102,171,0,ok
valid/6-20/9.jpg,6,20,112,112,65,193,52,101,90,ok
valid/6-20/95.jpg,6,20,112,112,204,165,102,171,0,ok
valid/6-25/31.jpg,6,25,112,112,17,167,52,99,90,ok
valid/6-25/40.jpg,6,25,112,112,17,167,52,99,90,ok
valid/6-25/45.jpg,6,25,112,112,162,199,99,171,0,ok
valid/6-25/46.jpg,6,25,112,112,32,158,52,99,90,ok
valid/6-25/5.jpg,6,25,112,112,160,194,99,171,0,ok
valid/6-25/54.jpg,6,25,112,112,167,207,88,219,0,ok
valid/6-25/61.jpg,6,25,112,112,24,163,52,99,90,ok
valid/6-25/74.jpg,6,25,112,112,167,207,88,219,0,ok
valid/6-25/81.jpg,6,25,112,112,167,207,88,219,0,ok
valid/6-25/84.jpg,6,25,112,112,167,207,99,171,0,ok
valid/6-30/30.jpg,6,30,112,112,112,2,128,53,180,ok
valid/6-30/44.jpg,6,30,112,112,112,222,96,170,0,ok
valid/6-30/49.jpg,6,30,112,112,19,112,47,95,90,ok
valid/6-30/55.jpg,6,30,112,112,112,222,84,218,0,ok
valid/6-30/67.jpg,6,30,112,112,2,112,53,96,90,ok
valid/6-30/68.jpg,6,30,112,112,112,204,96,170,0,ok
valid/6-30/69.jpg,6,30,112,112,2,112,6,84,90,ok
valid/6-30/79.jpg,6,30,112,112,112,222,84,218,0,ok
valid/6-30/87.jpg,6,30,112,112,222,112,170,128,270,ok
valid/6-30/94.jpg,6,30,112,112,206,112,218,140,270,ok
valid/6-35/19.jpg,6,35,112,112,31,65,54,94,90,ok
valid/6-35/32.jpg,6,35,112,112,17,57,7,79,90,ok
valid/6-35/42.jpg,6,35,112,112,57,207,94,169,0,ok
valid/6-35/5.jpg,6,35,112,112,166,18,130,54,180,ok
valid/6-35/55.jpg,6,35,112,112,57,207,79,217,0,ok
valid/6-35/62.jpg,6,35,112,112,64,195,94,169,0,ok
valid/6-35/65.jpg,6,35,112,112,57,207,79,217,0,ok
valid/6-35/69.jpg,6,35,112,112,17,57,7,79,90,ok
valid/6-35/81.jpg,6,35,112,112,17,57,7,79,90,ok
valid/6-35/89.jpg,6,35,112,112,66,192,94,169,0,ok
valid/6-40/14.jpg,6,40,112,112,17,167,74,215,0,ok
valid/6-40/24.jpg,6,40,112,112,57,17,55,91,90,ok
valid/6-40/28.jpg,6,40,112,112,32,158,91,168,0,ok
valid/6-40/29.jpg,6,40,112,112,17,167,91,169,0,ok
valid/6-40/30.jpg,6,40,112,112,65,31,55,91,90,ok
valid/6-40/33.jpg,6,40,112,112,32,158,91,168,0,ok
valid/6-40/41.jpg,6,40,112,112,57,17,9,74,90,ok
valid/6-40/55.jpg,6,40,112,112,57,17,9,74,90,ok
valid/6-40/61.jpg,6,40,112,112,27,161,91,168,0,ok
valid/6-40/81.jpg,6,40,112,112,17,167,74,215,0,ok
valid/6-45/14.jpg,6,45,112,112,2,112,70,214,0,ok
valid/6-45/16.jpg,6,45,112,112,2,112,70,214,0,ok
valid/6-45/20.jpg,6,45,112,112,14,112,89,167,0,ok
valid/6-45/22.jpg,6,45,112,112,112,3,11,70,90,ok
valid/6-45/41.jpg,6,45,112,112,2,112,70,214,0,ok
valid/6-45/44.jpg,6,45,112,112,2,112,89,167,0,ok
valid/6-45/56.jpg,6,45,112,112,112,11,56,89,90,ok
valid/6-45/6.jpg,6,45,112,112,2,112,70,214,0,ok
valid/6-45/75.jpg,6,45,112,112,19,112,89,167,0,ok
valid/6-45/81.jpg,6,45,112,112,2,112,70,214,0,ok
valid/6-50/14.jpg,6,50,112,112,17,57,66,212,0,ok
valid/6-50/15.jpg,6,50,112,112,158,31,57,86,90,ok
valid/6-50/3.jpg,6,50,112,112,57,207,212,158,270,ok
valid/6-50/31.jpg,6,50,112,112,207,167,138,57,180,ok
valid/6-50/4.jpg,6,50,112,112,17,57,66,212,0,ok
valid/6-50/52.jpg,6,50,112,112,207,167,158,12,180,ok
valid/6-50/53.jpg,6,50,112,112,57,206,212,158,270,ok
valid/6-50/55.jpg,6,50,112,112,57,207,212,158,270,ok
valid/6-50/82.jpg,6,50,112,112,17,57,66,212,0,ok
valid/6-50/90.jpg,6,50,112,112,17,57,66,212,0,ok
valid/6-55/12.jpg,6,55,112,112,207,57,14,61,90,ok
valid/6-55/17.jpg,6,55,112,112,62,26,84,165,0,ok
valid/6-55/27.jpg,6,55,112,112,57,17,61,210,0,ok
valid/6-55/33.jpg,6,55,112,112,65,31,84,165,0,ok
valid/6-55/43.jpg,6,55,112,112,57,17,62,209,0,ok
valid/6-55/44.jpg,6,55,112,112,32,158,165,140,270,ok
valid/6-55/47.jpg,6,55,112,112,65,31,84,165,0,ok
valid/6-55/57.jpg,6,55,112,112,57,17,61,210,0,ok
valid/6-55/64.jpg,6,55,112,112,32,158,165,140,270,ok
valid/6-55/84.jpg,6,55,112,112,57,17,84,165,0,ok
valid/7-00/1.jpg,7,0,112,112,112,2,57,207,0,ok
valid/7-00/24.jpg,7,0,112,112,112,2,82,164,0,ok
valid/7-00/37.jpg,7,0,112,112,3,112,164,142,270,ok
valid/7-00/47.jpg,7,0,112,112,112,204,142,59,180,ok
valid/7-00/53.jpg,7,0,112,112,221,112,17,57,90,ok
valid/7-00/61.jpg,7,0,112,112,112,18,82,164,0,ok
valid/7-00/64.jpg,7,0,112,112,112,16,82,164,0,ok
valid/7-00/76.jpg,7,0,112,112,112,220,156,35,180,ok
valid/7-00/86.jpg,7,0,112,112,205,112,59,82,90,ok
valid/7-00/90.jpg,7,0,112,112,112,2,57,207,0,ok
valid/7-05/11.jpg,7,5,112,112,57,207,171,19,180,ok
valid/7-05/15.jpg,7,5,112,112,160,28,74,171,0,ok
valid/7-05/16.jpg,7,5,112,112,167,17,53,205,0,ok
valid/7-05/45.jpg,7,5,112,112,24,61,163,145,270,ok
valid/7-05/46.jpg,7,5,112,112,158,31,79,163,0,ok
valid/7-05/50.jpg,7,5,112,112,207,167,19,53,90,ok
valid/7-05/64.jpg,7,5,112,112,192,158,60,79,90,ok
valid/7-05/7.jpg,7,5,112,112,164,23,53,205,0,ok
valid/7-05/89.jpg,7,5,112,112,17,57,168,147,270,ok
valid/7-05/9.jpg,7,5,112,112,161,27,79,163,0,ok
valid/7-10/12.jpg,7,10,112,112,65,31,167,150,270,ok
valid/7-10/33.jpg,7,10,112,112,193,65,78,161,0,ok
valid/7-10/4.jpg,7,10,112,112,57,17,202,175,270,ok
valid/7-10/5.jpg,7,10,112,112,193,66,78,161,0,ok
valid/7-10/51.jpg,7,10,112,112,207,57,78,161,0,ok
valid/7-10/59.jpg,7,10,112,112,57,17,168,151,270,ok
valid/7-10/63.jpg,7,10,112,112,64,29,161,146,270,ok
valid/7-10/72.jpg,7,10,112,112,207,57,78,161,0,ok
valid/7-10/81.jpg,7,10,112,112,167,207,22,49,90,ok
valid/7-10/99.jpg,7,10,112,112,192,66,78,161,0,ok
valid/7-15/0.jpg,7,15,112,112,205,112,75,160,0,ok
valid/7-15/1.jpg,7,15,112,112,222,112,45,199,0,ok
valid/7-15/18.jpg,7,15,112,112,112,219,60,72,90,ok
valid/7-15/31.jpg,7,15,112,112,209,112,75,160,0,ok
valid/7-15/47.jpg,7,15,112,112,222,112,75,160,0,ok
valid/7-15/8.jpg,7,15,112,112,207,112,75,160,0,ok
valid/7-15/80.jpg,7,15,112,112,112,222,63,74,90,ok
valid/7-15/84.jpg,7,15,112,112,222,112,75,160,0,ok
valid/7-15/86.jpg,7,15,112,112,112,18,160,149,270,ok
valid/7-15/9.jpg,7,15,112,112,15,112,149,64,180,ok
valid/7-20/27.jpg,7,20,112,112,207,167,41,196,0,ok
valid/7-20/33.jpg,7,20,112,112,30,64,151,66,180,ok
valid/7-20/45.jpg,7,20,112,112,195,160,73,158,0,ok
valid/7-20/48.jpg,7,20,112,112,207,167,41,196,0,ok
valid/7-20/55.jpg,7,20,112,112,167,17,196,183,270,ok
valid/7-20/59.jpg,7,20,112,112,17,57,151,66,180,ok
valid/7-20/60.jpg,7,20,112,112,166,19,157,150,270,ok
valid/7-20/66.jpg,7,20,112,112,200,163,73,158,0,ok
valid/7-20/94.jpg,7,20,112,112,18,58,183,28,180,ok
valid/7-20/99.jpg,7,20,112,112,66,192,65,73,90,ok
valid/7-25/12.jpg,7,25,112,112,167,207,71,157,0,ok
valid/7-25/20.jpg,7,25,112,112,60,22,153,67,180,ok
valid/7-25/22.jpg,7,25,112,112,17,167,31,38,90,ok
valid/7-25/37.jpg,7,25,112,112,162,198,68,160,0,ok
valid/7-25/50.jpg,7,25,112,112,167,207,38,193,0,ok
valid/7-25/63.jpg,7,25,112,112,64,29,153,67,180,ok
valid/7-25/65.jpg,7,25,112,112,57,17,186,31,180,ok
valid/7-25/70.jpg,7,25,112,112,166,206,38,193,0,ok
valid/7-25/88.jpg,7,25,112,112,164,201,71,157,0,ok
valid/7-25/93.jpg,7,25,112,112,17,167,31,38,90,ok
valid/7-30/21.jpg,7,30,112,112,112,204,69,155,0,ok
valid/7-30/29.jpg,7,30,112,112,222,112,155,155,270,ok
valid/7-30/40.jpg,7,30,112,112,112,2,155,69,180,ok
valid/7-30/48.jpg,7,30,112,112,112,222,34,190,0,ok
valid/7-30/50.jpg,7,30,112,112,2,112,34,34,90,ok
valid/7-30/53.jpg,7,30,112,112,112,222,34,190,0,ok
valid/7-30/56.jpg,7,30,112,112,112,206,69,155,0,ok
valid/7-30/66.jpg,7,30,112,112,112,204,69,155,0,ok
valid/7-30/78.jpg,7,30,112,112,112,222,69,155,0,ok
valid/7-30/8.jpg,7,30,112,112,112,210,69,155,0,ok
valid/7-35/10.jpg,7,35,112,112,192,158,153,156,270,ok
valid/7-35/11.jpg,7,35,112,112,207,167,186,193,270,ok
valid/7-35/19.jpg,7,35,112,112,158,31,157,71,180,ok
valid/7-35/20.jpg,7,35,112,112,22,60,71,67,90,ok
valid/7-35/64.jpg,7,35,112,112,57,207,67,153,0,ok
valid/7-35/7.jpg,7,35,112,112,164,23,193,38,180,ok
valid/7-35/83.jpg,7,35,112,112,17,57,38,31,90,ok
valid/7-35/84.jpg,7,35,112,112,57,207,67,153,0,ok
valid/7-35/89.jpg,7,35,112,112,66,192,67,153,0,ok
valid/7-35/97.jpg,7,35,112,112,162,25,157,71,180,ok
valid/7-40/13.jpg,7,40,112,112,32,158,66,151,0,ok
valid/7-40/2.jpg,7,40,112,112,17,167,66,151,0,ok
valid/7-40/34.jpg,7,40,112,112,206,57,158,73,180,ok
valid/7-40/65.jpg,7,40,112,112,57,17,41,28,90,ok
valid/7-40/7.jpg,7,40,112,112,17,167,28,183,0,ok
valid/7-40/84.jpg,7,40,112,112,25,162,66,151,0,ok
valid/7-40/85.jpg,7,40,112,112,167,207,183,196,270,ok
valid/7-40/88.jpg,7,40,112,112,160,196,150,157,270,ok
valid/7-40/96.jpg,7,40,112,112,57,17,73,65,90,ok
valid/7-40/97.jpg,7,40,112,112,207,57,158,73,180,ok
valid/7-45/10.jpg,7,45,112,112,2,112,64,149,0,ok
valid/7-45/31.jpg,7,45,112,112,112,14,74,63,90,ok
valid/7-45/4.jpg,7,45,112,112,2,112,25,179,0,ok
valid/7-45/41.jpg,7,45,112,112,112,222,179,199,270,ok
valid/7-45/44.jpg,7,45,112,112,112,222,149,160,270,ok
valid/7-45/65.jpg,7,45,112,112,112,222,179,199,270,ok
valid/7-45/67.jpg,7,45,112,112,219,112,160,75,180,ok
valid/7-45/70.jpg,7,45,112,112,2,112,25,179,0,ok
valid/7-45/79.jpg,7,45,112,112,222,112,173,65,180,ok
valid/7-45/98.jpg,7,45,112,112,222,112,160,75,180,ok
valid/7-50/2.jpg,7,50,112,112,57,207,146,161,270,ok
valid/7-50/23.jpg,7,50,112,112,207,167,202,49,180,ok
valid/7-50/39.jpg,7,50,112,112,17,57,58,150,0,ok
valid/7-50/54.jpg,7,50,112,112,17,57,22,175,0,ok
valid/7-50/61.jpg,7,50,112,112,31,65,62,147,0,ok
valid/7-50/63.jpg,7,50,112,112,167,17,77,62,90,ok
valid/7-50/64.jpg,7,50,112,112,17,57,62,147,0,ok
valid/7-50/74.jpg,7,50,112,112,17,57,22,175,0,ok
valid/7-50/8.jpg,7,50,112,112,64,194,146,161,270,ok
valid/7-50/81.jpg,7,50,112,112,17,57,22,175,0,ok
valid/7-55/16.jpg,7,55,112,112,57,17,19,171,0,ok
valid/7-55/32.jpg,7,55,112,112,17,167,171,205,270,ok
valid/7-55/44.jpg,7,55,112,112,65,31,60,145,0,ok
valid/7-55/50.jpg,7,55,112,112,57,17,19,171,0,ok
valid/7-55/54.jpg,7,55,112,112,57,17,19,171,0,ok
valid/7-55/62.jpg,7,55,112,112,196,63,79,60,90,ok
valid/7-55/68.jpg,7,55,112,112,158,192,193,60,180,ok
valid/7-55/7.jpg,7,55,112,112,207,57,53,19,90,ok
valid/7-55/72.jpg,7,55,112,112,205,58,79,60,90,ok
valid/7-55/96.jpg,7,55,112,112,160,196,163,79,180,ok
valid/8-00/10.jpg,8,0,112,112,112,2,60,142,0,ok
valid/8-00/29.jpg,8,0,112,112,2,112,167,207,270,ok
valid/8-00/35.jpg,8,0,112,112,2,112,166,206,270,ok
valid/8-00/43.jpg,8,0,112,112,222,112,57,17,90,ok
valid/8-00/6.jpg,8,0,112,112,112,2,17,167,0,ok
valid/8-00/66.jpg,8,0,112,112,112,12,60,142,0,ok
valid/8-00/73.jpg,8,0,112,112,112,18,17,167,0,ok
valid/8-00/84.jpg,8,0,112,112,112,2,60,142,0,ok
valid/8-00/92.jpg,8,0,112,112,112,2,17,167,0,ok
valid/8-00/93.jpg,8,0,112,112,112,2,17,167,0,ok
valid/8-05/16.jpg,8,5,112,112,167,17,14,163,0,ok
valid/8-05/18.jpg,8,5,112,112,167,17,14,163,0,ok
valid/8-05/26.jpg,8,5,112,112,166,19,17,161,0,ok
valid/8-05/34.jpg,8,5,112,112,17,57,140,165,270,ok
valid/8-05/50.jpg,8,5,112,112,167,17,14,163,0,ok
valid/8-05/60.jpg,8,5,112,112,25,62,140,165,270,ok
valid/8-05/63.jpg,8,5,112,112,64,195,165,84,180,ok
valid/8-05/69.jpg,8,5,112,112,17,57,163,210,270,ok
valid/8-05/84.jpg,8,5,112,112,66,192,165,84,180,ok
valid/8-05/91.jpg,8,5,112,112,207,167,61,14,90,ok
valid/8-10/12.jpg,8,10,112,112,193,66,57,138,0,ok
valid/8-10/22.jpg,8,10,112,112,167,207,66,13,90,ok
valid/8-10/31.jpg,8,10,112,112,192,66,57,138,0,ok
valid/8-10/33.jpg,8,10,112,112,159,193,86,57,90,ok
valid/8-10/44.jpg,8,10,112,112,65,31,137,166,270,ok
valid/8-10/54.jpg,8,10,112,112,207,57,12,158,0,ok
valid/8-10/69.jpg,8,10,112,112,207,57,12,158,0,ok
valid/8-10/70.jpg,8,10,112,112,166,206,66,13,90,ok
valid/8-10/89.jpg,8,10,112,112,207,57,57,138,0,ok
valid/8-10/90.jpg,8,10,112,112,207,57,12,158,0,ok
valid/8-15/16.jpg,8,15,112,112,222,112,10,154,0,ok
valid/8-15/21.jpg,8,15,112,112,112,210,89,56,90,ok
valid/8-15/23.jpg,8,15,112,112,222,112,10,154,0,ok
valid/8-15/28.jpg,8,15,112,112,222,112,56,135,0,ok
valid/8-15/44.jpg,8,15,112,112,112,3,135,167,270,ok
valid/8-15/47.jpg,8,15,112,112,222,112,56,135,0,ok
valid/8-15/50.jpg,8,15,112,112,112,222,70,10,90,ok
valid/8-15/62.jpg,8,15,112,112,207,112,56,135,0,ok
valid/8-15/65.jpg,8,15,112,112,112,2,154,214,270,ok
valid/8-15/70.jpg,8,15,112,112,112,221,70,11,90,ok
valid/8-20/20.jpg,8,20,112,112,160,28,133,168,270,ok
valid/8-20/27.jpg,8,20,112,112,207,167,9,150,0,ok
valid/8-20/32.jpg,8,20,112,112,207,167,9,150,0,ok
valid/8-20/44.jpg,8,20,112,112,57,207,91,55,90,ok
valid/8-20/48.jpg,8,20,112,112,207,167,9,150,0,ok
valid/8-20/57.jpg,8,20,112,112,57,207,74,9,90,ok
valid/8-20/62.jpg,8,20,112,112,207,167,55,133,0,ok
valid/8-20/63.jpg,8,20,112,112,194,159,55,133,0,ok
valid/8-20/70.jpg,8,20,112,112,206,166,10,149,0,ok
valid/8-20/8.jpg,8,20,112,112,158,31,133,168,270,ok
valid/8-25/0.jpg,8,25,112,112,201,60,130,169,270,ok
valid/8-25/25.jpg,8,25,112,112,207,57,145,217,270,ok
valid/8-25/28.jpg,8,25,112,112,17,167,94,54,90,ok
valid/8-25/46.jpg,8,25,112,112,192,66,130,169,270,ok
valid/8-25/48.jpg,8,25,112,112,167,207,7,145,0,ok
valid/8-25/51.jpg,8,25,112,112,17,167,94,54,90,ok
valid/8-25/56.jpg,8,25,112,112,193,65,130,169,270,ok
valid/8-25/60.jpg,8,25,112,112,158,192,54,130,0,ok
valid/8-25/67.jpg,8,25,112,112,207,57,130,169,270,ok
valid/8-25/92.jpg,8,25,112,112,167,207,42,134,0,ok
valid/8-30/16.jpg,8,30,112,112,112,222,6,140,0,ok
valid/8-30/26.jpg,8,30,112,112,219,112,140,215,270,ok
valid/8-30/34.jpg,8,30,112,112,2,112,96,53,90,ok
valid/8-30/45.jpg,8,30,112,112,213,112,128,170,270,ok
valid/8-30/6.jpg,8,30,112,112,112,222,6,140,0,ok
valid/8-30/76.jpg,8,30,112,112,112,3,217,84,180,ok
valid/8-30/77.jpg,8,30,112,112,2,112,84,6,90,ok
valid/8-30/8.jpg,8,30,112,112,112,13,170,96,180,ok
valid/8-30/84.jpg,8,30,112,112,112,222,53,128,0,ok
valid/8-30/95.jpg,8,30,112,112,222,112,128,170,270,ok
valid/8-35/15.jpg,8,35,112,112,158,31,171,99,180,ok
valid/8-35/21.jpg,8,35,112,112,31,65,99,52,90,ok
valid/8-35/25.jpg,8,35,112,112,167,17,219,88,180,ok
valid/8-35/34.jpg,8,35,112,112,192,158,125,170,270,ok
valid/8-35/42.jpg,8,35,112,112,17,57,99,52,90,ok
valid/8-35/55.jpg,8,35,112,112,167,17,219,88,180,ok
valid/8-35/63.jpg,8,35,112,112,64,195,53,125,0,ok
valid/8-35/72.jpg,8,35,112,112,58,205,53,125,0,ok
valid/8-35/9.jpg,8,35,112,112,64,195,53,125,0,ok
valid/8-35/99.jpg,8,35,112,112,158,31,171,99,180,ok
valid/8-40/27.jpg,8,40,112,112,17,167,4,131,0,ok
valid/8-40/41.jpg,8,40,112,112,167,207,131,220,270,ok
valid/8-40/49.jpg,8,40,112,112,17,167,52,123,0,ok
valid/8-40/59.jpg,8,40,112,112,158,192,124,181,270,ok
valid/8-40/64.jpg,8,40,112,112,167,207,122,171,270,ok
valid/8-40/72.jpg,8,40,112,112,20,165,52,123,0,ok
valid/8-40/8.jpg,8,40,112,112,30,160,52,123,0,ok
valid/8-40/80.jpg,8,40,112,112,64,29,101,52,90,ok
valid/8-40/89.jpg,8,40,112,112,57,17,101,52,90,ok
valid/8-40/96.jpg,8,40,112,112,57,17,101,52,90,ok
valid/8-45/11.jpg,8,45,112,112,112,2,98,3,90,ok
valid/8-45/13.jpg,8,45,112,112,222,112,172,104,180,ok
valid/8-45/18.jpg,8,45,112,112,112,222,120,172,270,ok
valid/8-45/26.jpg,8,45,112,112,112,5,98,5,90,ok
valid/8-45/36.jpg,8,45,112,112,112,2,98,3,90,ok
valid/8-45/39.jpg,8,45,112,112,112,2,104,48,90,ok
valid/8-45/46.jpg,8,45,112,112,9,112,52,120,0,ok
valid/8-45/54.jpg,8,45,112,112,2,112,3,126,0,ok
valid/8-45/69.jpg,8,45,112,112,2,112,3,126,0,ok
valid/8-45/72.jpg,8,45,112,112,112,5,104,51,90,ok
valid/8-50/12.jpg,8,50,112,112,17,57,39,118,0,ok
valid/8-50/28.jpg,8,50,112,112,167,17,107,51,90,ok
valid/8-50/36.jpg,8,50,112,112,167,17,102,2,90,ok
valid/8-50/37.jpg,8,50,112,112,64,195,118,186,270,ok
valid/8-50/49.jpg,8,50,112,112,66,192,118,177,270,ok
valid/8-50/6.jpg,8,50,112,112,17,57,2,122,0,ok
valid/8-50/89.jpg,8,50,112,112,57,207,117,171,270,ok
valid/8-50/94.jpg,8,50,112,112,60,202,122,222,270,ok
valid/8-50/96.jpg,8,50,112,112,17,57,52,117,0,ok
valid/8-50/99.jpg,8,50,112,112,17,57,52,117,0,ok
valid/8-55/0.jpg,8,55,112,112,164,201,172,109,180,ok
valid/8-55/20.jpg,8,55,112,112,27,161,115,171,270,ok
valid/8-55/38.jpg,8,55,112,112,65,31,52,115,0,ok
valid/8-55/52.jpg,8,55,112,112,167,207,222,107,180,ok
valid/8-55/57.jpg,8,55,112,112,207,57,107,2,90,ok
valid/8-55/68.jpg,8,55,112,112,29,160,115,171,270,ok
valid/8-55/69.jpg,8,55,112,112,207,57,107,2,90,ok
valid/8-55/7.jpg,8,55,112,112,207,57,109,50,90,ok
valid/8-55/74.jpg,8,55,112,112,57,17,2,117,0,ok
valid/8-55/80.jpg,8,55,112,112,57,17,52,115,0,ok
valid/9-00/10.jpg,9,0,112,112,112,2,52,112,0,ok
valid/9-00/12.jpg,9,0,112,112,222,112,112,35,90,ok
valid/9-00/27.jpg,9,0,112,112,112,2,2,112,0,ok
valid/9-00/33.jpg,9,0,112,112,112,18,52,112,0,ok
valid/9-00/54.jpg,9,0,112,112,112,2,2,112,0,ok
valid/9-00/62.jpg,9,0,112,112,208,112,112,51,90,ok
valid/9-00/82.jpg,9,0,112,112,112,2,2,112,0,ok
valid/9-00/84.jpg,9,0,112,112,112,2,52,112,0,ok
valid/9-00/90.jpg,9,0,112,112,112,2,2,112,0,ok
valid/9-00/98.jpg,9,0,112,112,112,18,52,112,0,ok
valid/9-05/11.jpg,9,5,112,112,167,17,2,107,0,ok
valid/9-05/20.jpg,9,5,112,112,26,62,109,172,270,ok
valid/9-05/23.jpg,9,5,112,112,57,207,222,117,180,ok
valid/9-05/32.jpg,9,5,112,112,17,57,107,222,270,ok
valid/9-05/35.jpg,9,5,112,112,206,166,117,6,90,ok
valid/9-05/38.jpg,9,5,112,112,66,192,171,115,180,ok
valid/9-05/56.jpg,9,5,112,112,161,27,51,109,0,ok
valid/9-05/59.jpg,9,5,112,112,17,57,109,181,270,ok
valid/9-05/61.jpg,9,5,112,112,66,192,171,115,180,ok
valid/9-05/67.jpg,9,5,112,112,207,167,115,52,90,ok
valid/9-10/0.jpg,9,10,112,112,60,23,107,172,270,ok
valid/9-10/27.jpg,9,10,112,112,207,57,2,102,0,ok
valid/9-10/41.jpg,9,10,112,112,17,167,222,122,180,ok
valid/9-10/48.jpg,9,10,112,112,207,57,2,102,0,ok
valid/9-10/50.jpg,9,10,112,112,167,207,122,2,90,ok
valid/9-10/56.jpg,9,10,112,112,199,61,51,107,0,ok
valid/9-10/58.jpg,9,10,112,112,207,57,40,106,0,ok
valid/9-10/61.jpg,9,10,112,112,204,59,51,107,0,ok
valid/9-10/81.jpg,9,10,112,112,207,57,2,102,0,ok
valid/9-10/9.jpg,9,10,112,112,62,25,107,172,270,ok
valid/9-15/12.jpg,9,15,112,112,112,2,104,172,270,ok
valid/9-15/19.jpg,9,15,112,112,205,112,51,104,0,ok
valid/9-15/23.jpg,9,15,112,112,222,112,3,98,0,ok
valid/9-15/33.jpg,9,15,112,112,112,18,104,172,270,ok
valid/9-15/48.jpg,9,15,112,112,222,112,3,98,0,ok
valid/9-15/68.jpg,9,15,112,112,112,18,104,172,270,ok
valid/9-15/69.jpg,9,15,112,112,112,222,126,3,90,ok
valid/9-15/7.jpg,9,15,112,112,222,112,51,104,0,ok
valid/9-15/75.jpg,9,15,112,112,222,112,51,104,0,ok
valid/9-15/94.jpg,9,15,112,112,112,2,102,189,270,ok
valid/9-20/16.jpg,9,20,112,112,207,167,4,93,0,ok
valid/9-20/24.jpg,9,20,112,112,57,207,123,52,90,ok
valid/9-20/26.jpg,9,20,112,112,165,20,93,217,270,ok
valid/9-20/29.jpg,9,20,112,112,57,207,123,51,90,ok
valid/9-20/31.jpg,9,20,112,112,194,159,52,101,0,ok
valid/9-20/55.jpg,9,20,112,112,57,207,131,4,90,ok
valid/9-20/56.jpg,9,20,112,112,163,24,102,171,270,ok
valid/9-20/80.jpg,9,20,112,112,167,17,102,171,270,ok
valid/9-20/87.jpg,9,20,112,112,207,167,52,101,0,ok
valid/9-20/97.jpg,9,20,112,112,17,57,171,122,180,ok
valid/9-25/13.jpg,9,25,112,112,192,66,99,171,270,ok
valid/9-25/14.jpg,9,25,112,112,167,207,5,88,0,ok
valid/9-25/18.jpg,9,25,112,112,167,207,51,99,0,ok
valid/9-25/23.jpg,9,25,112,112,57,17,219,136,180,ok
valid/9-25/30.jpg,9,25,112,112,158,192,52,99,0,ok
valid/9-25/37.jpg,9,25,112,112,207,57,95,189,270,ok
valid/9-25/38.jpg,9,25,112,112,158,192,52,99,0,ok
valid/9-25/5.jpg,9,25,112,112,194,64,99,171,270,ok
valid/9-25/50.jpg,9,25,112,112,57,17,219,136,180,ok
valid/9-25/52.jpg,9,25,112,112,57,17,219,136,180,ok
valid/9-30/13.jpg,9,30,112,112,112,2,170,128,180,ok
valid/9-30/16.jpg,9,30,112,112,112,222,6,84,0,ok
valid/9-30/20.jpg,9,30,112,112,8,112,128,53,90,ok
valid/9-30/3.jpg,9,30,112,112,222,112,88,203,270,ok
valid/9-30/46.jpg,9,30,112,112,222,112,96,170,270,ok
valid/9-30/61.jpg,9,30,112,112,112,13,170,128,180,ok
valid/9-30/66.jpg,9,30,112,112,112,18,170,128,180,ok
valid/9-30/69.jpg,9,30,112,112,112,2,218,140,180,ok
valid/9-30/79.jpg,9,30,112,112,112,222,6,84,0,ok
valid/9-30/98.jpg,9,30,112,112,112,204,53,96,0,ok
valid/9-35/10.jpg,9,35,112,112,158,31,169,130,180,ok
valid/9-35/12.jpg,9,35,112,112,158,31,169,130,180,ok
valid/9-35/26.jpg,9,35,112,112,165,20,214,144,180,ok
valid/9-35/27.jpg,9,35,112,112,57,207,7,79,0,ok
valid/9-35/33.jpg,9,35,112,112,31,65,130,54,90,ok
valid/9-35/70.jpg,9,35,112,112,57,206,8,79,0,ok
valid/9-35/81.jpg,9,35,112,112,17,57,145,7,90,ok
valid/9-35/84.jpg,9,35,112,112,167,17,169,130,180,ok
valid/9-35/87.jpg,9,35,112,112,65,193,54,94,0,ok
valid/9-35/92.jpg,9,35,112,112,57,207,51,93,0,ok
valid/9-40/13.jpg,9,40,112,112,158,192,91,168,270,ok
valid/9-40/16.jpg,9,40,112,112,17,167,9,74,0,ok
valid/9-40/22.jpg,9,40,112,112,57,17,150,9,90,ok
valid/9-40/28.jpg,9,40,112,112,192,66,168,133,180,ok
valid/9-40/6.jpg,9,40,112,112,17,167,9,74,0,ok
valid/9-40/60.jpg,9,40,112,112,65,31,133,55,90,ok
valid/9-40/63.jpg,9,40,112,112,28,161,55,91,0,ok
valid/9-40/7.jpg,9,40,112,112,57,17,150,9,90,ok
valid/9-40/82.jpg,9,40,112,112,57,17,150,9,90,ok
valid/9-40/91.jpg,9,40,112,112,57,17,150,9,90,ok
valid/9-45/12.jpg,9,45,112,112,2,112,56,89,0,ok
valid/9-45/26.jpg,9,45,112,112,112,218,71,211,270,ok
valid/9-45/35.jpg,9,45,112,112,222,112,214,154,180,ok
valid/9-45/58.jpg,9,45,112,112,2,112,53,88,0,ok
valid/9-45/6.jpg,9,45,112,112,2,112,10,70,0,ok
valid/9-45/65.jpg,9,45,112,112,3,112,10,70,0,ok
valid/9-45/77.jpg,9,45,112,112,112,2,154,10,90,ok
valid/9-45/79.jpg,9,45,112,112,2,112,10,70,0,ok
valid/9-45/80.jpg,9,45,112,112,2,112,56,89,0,ok
valid/9-45/88.jpg,9,45,112,112,211,112,167,135,180,ok
valid/9-50/25.jpg,9,50,112,112,57,207,66,212,270,ok
valid/9-50/30.jpg,9,50,112,112,31,65,55,85,0,ok
valid/9-50/39.jpg,9,50,112,112,167,17,158,12,90,ok
valid/9-50/41.jpg,9,50,112,112,207,167,212,158,180,ok
valid/9-50/56.jpg,9,50,112,112,23,60,57,86,0,ok
valid/9-50/6.jpg,9,50,112,112,17,57,12,66,0,ok
valid/9-50/65.jpg,9,50,112,112,17,57,12,66,0,ok
valid/9-50/69.jpg,9,50,112,112,207,167,212,158,180,ok
valid/9-50/76.jpg,9,50,112,112,156,35,158,13,90,ok
valid/9-50/99.jpg,9,50,112,112,17,57,57,86,0,ok
valid/9-55/16.jpg,9,55,112,112,57,17,14,61,0,ok
valid/9-55/18.jpg,9,55,112,112,207,57,142,55,90,ok
valid/9-55/2.jpg,9,55,112,112,17,167,84,165,270,ok
valid/9-55/40.jpg,9,55,112,112,57,17,57,83,0,ok
valid/9-55/45.jpg,9,55,112,112,161,197,165,140,180,ok
valid/9-55/65.jpg,9,55,112,112,57,17,14,61,0,ok
valid/9-55/74.jpg,9,55,112,112,57,17,14,61,0,ok
valid/9-55/88.jpg,9,55,112,112,62,25,58,84,0,ok
valid/9-55/90.jpg,9,55,112,112,207,57,163,14,90,ok
valid/9-55/95.jpg,9,55,112,112,167,207,165,140,180,ok
