file,cx,cy,twelve_x,twelve_y,rot_deg,rot_cls
train/1-00/1.jpg,112.0,112.0,63.74028595194538,112.0,270.0,3
train/1-00/12.jpg,112.0,112.0,52.864562232109925,112.0,270.0,3
train/1-00/13.jpg,112.0,112.0,50.8689931376883,112.0,270.0,3
train/1-00/15.jpg,112.0,112.0,112.0,42.73962171630883,0.0,0
train/1-00/16.jpg,112.0,112.0,112.0,31.77531551947368,0.0,0
train/1-00/17.jpg,112.0,112.0,112.0,30.7780817759147,0.0,0
train/1-00/18.jpg,112.0,112.0,112.0,57.6676891711755,0.0,0
train/1-00/19.jpg,112.0,112.0,112.0,5.830324480104025,0.0,0
train/1-00/2.jpg,112.0,112.0,112.0,24.79334887750821,0.0,0
train/1-00/20.jpg,112.0,112.0,112.0,195.0963296421689,180.0,2
train/1-00/21.jpg,112.0,112.0,37.831273436845365,112.0,270.0,3
train/1-00/23.jpg,112.0,112.0,112.0,47.719365280047214,0.0,0
train/1-00/26.jpg,112.0,112.0,112.0,12.818348471100762,0.0,0
train/1-00/27.jpg,112.0,112.0,64.7347908076141,112.0,270.0,3
train/1-00/28.jpg,112.0,112.0,112.0,31.77531551947368,0.0,0
train/1-00/29.jpg,112.0,112.0,112.0,8.762409946764066,0.0,0
train/1-00/3.jpg,112.0,112.0,112.0,50.59967426796499,0.0,0
train/1-00/30.jpg,112.0,112.0,112.0,21.800221729762555,0.0,0
train/1-00/32.jpg,112.0,112.0,112.0,43.73580733649595,0.0,0
train/1-00/33.jpg,112.0,112.0,112.0,35.678312387631266,0.0,0
train/1-00/34.jpg,112.0,112.0,24.908094520787984,112.0,270.0,3
train/1-00/36.jpg,112.0,112.0,6.9238371465725805,112.0,270.0,3
train/1-00/37.jpg,112.0,112.0,112.0,45.72783389687643,0.0,0
train/1-00/4.jpg,112.0,112.0,112.0,29.78078083562214,0.0,0
train/1-00/40.jpg,112.0,112.0,112.0,52.69569998726905,0.0,0
train/1-00/42.jpg,112.0,112.0,206.19129471453292,112.0,90.0,1
train/1-00/44.jpg,112.0,112.0,27.8513220543543,112.0,270.0,3
train/1-00/45.jpg,112.0,112.0,25.907026999876464,112.0,270.0,3
train/1-00/46.jpg,112.0,112.0,38.89049309426304,112.0,270.0,3
train/1-00/47.jpg,112.0,112.0,26.85306817036799,112.0,270.0,3
train/1-00/48.jpg,112.0,112.0,112.0,48.612304033038086,0.0,0
train/1-00/49.jpg,112.0,112.0,55.8573246095272,112.0,270.0,3
train/1-00/5.jpg,112.0,112.0,112.0,33.68652734043778,0.0,0
train/1-00/52.jpg,112.0,112.0,112.0,43.73580733649595,0.0,0
train/1-00/56.jpg,112.0,112.0,112.0,191.1012010022604,180.0,2
train/1-00/57.jpg,112.0,112.0,155.4165866921848,112.0,90.0,1
train/1-00/6.jpg,112.0,112.0,48.928611875114086,112.0,270.0,3
train/1-00/61.jpg,112.0,112.0,112.0,30.698093503288614,0.0,0
train/1-00/62.jpg,112.0,112.0,112.0,30.7780817759147,0.0,0
train/1-00/63.jpg,112.0,112.0,112.0,30.7780817759147,0.0,0
train/1-00/64.jpg,112.0,112.0,112.0,22.797982085605256,0.0,0
train/1-00/66.jpg,112.0,112.0,46.87703937934026,112.0,270.0,3
train/1-00/67.jpg,112.0,112.0,201.20201791439476,112.0,90.0,1
train/1-00/68.jpg,112.0,112.0,50.8689931376883,112.0,270.0,3
train/1-00/72.jpg,112.0,112.0,112.0,21.800221729762555,0.0,0
train/1-00/73.jpg,112.0,112.0,56.85473728415105,112.0,270.0,3
train/1-00/74.jpg,112.0,112.0,112.0,47.61832558872051,0.0,0
train/1-00/76.jpg,112.0,112.0,193.2219182240853,112.0,90.0,1
train/1-00/78.jpg,112.0,112.0,112.0,21.800221729762555,0.0,0
train/1-00/79.jpg,112.0,112.0,112.0,158.17358552246077,180.0,2
train/1-00/80.jpg,112.0,112.0,112.0,188.16429609731847,180.0,2
train/1-00/82.jpg,112.0,112.0,112.0,20.802412312605554,0.0,0
train/1-00/83.jpg,112.0,112.0,10.876313358343197,112.0,270.0,3
train/1-00/85.jpg,112.0,112.0,112.0,167.14526271584896,180.0,2
train/1-00/86.jpg,112.0,112.0,32.898798997739604,112.0,270.0,3
train/1-00/88.jpg,112.0,112.0,112.0,42.73962171630883,0.0,0
train/1-00/89.jpg,112.0,112.0,112.0,46.72366431852964,0.0,0
train/1-00/9.jpg,112.0,112.0,45.87889898073384,112.0,270.0,3
train/1-00/91.jpg,112.0,112.0,112.0,51.59304675784418,0.0,0
train/1-00/93.jpg,112.0,112.0,190.23042886243175,112.0,90.0,1
train/1-00/94.jpg,112.0,112.0,112.0,14.814610151525343,0.0,0
train/1-00/95.jpg,112.0,112.0,26.90593440198077,112.0,270.0,3
train/1-00/97.jpg,112.0,112.0,112.0,17.80870528546707,0.0,0
train/1-00/98.jpg,112.0,112.0,179.26812023536854,112.0,90.0,1
train/1-00/99.jpg,112.0,112.0,43.81642426507686,112.0,270.0,3
train/1-05/10.jpg,112.0,112.0,112.0,13.156689654787456,0.0,0
train/1-05/12.jpg,112.0,112.0,112.0,36.84682308777626,0.0,0
train/1-05/16.jpg,112.0,112.0,112.0,12.717574566290937,0.0,0
train/1-05/17.jpg,112.0,112.0,112.0,21.66174675144532,0.0,0
train/1-05/18.jpg,112.0,112.0,112.0,47.79719632290191,0.0,0
train/1-05/19.jpg,112.0,112.0,112.0,19.42570551173506,0.0,0
train/1-05/2.jpg,112.0,112.0,202.33825324855468,112.0,90.0,1
train/1-05/20.jpg,112.0,112.0,112.0,20.76404217634365,0.0,0
train/1-05/23.jpg,112.0,112.0,112.0,14.36291688093094,0.0,0
train/1-05/24.jpg,112.0,112.0,12.270365487484112,112.0,270.0,3
train/1-05/25.jpg,112.0,112.0,112.0,14.95361933590722,0.0,0
train/1-05/26.jpg,112.0,112.0,112.0,19.42570551173506,0.0,0
train/1-05/27.jpg,112.0,112.0,18.085144945008835,112.0,270.0,3
train/1-05/30.jpg,112.0,112.0,22.557280900008408,112.0,270.0,3
train/1-05/32.jpg,112.0,112.0,112.0,197.86617494683225,180.0,2
train/1-05/34.jpg,112.0,112.0,202.33825324855468,112.0,90.0,1
train/1-05/38.jpg,112.0,112.0,21.21453860887196,112.0,270.0,3
train/1-05/4.jpg,112.0,112.0,112.0,210.83825170448935,180.0,2
train/1-05/42.jpg,112.0,112.0,204.5742944882649,112.0,90.0,1
train/1-05/44.jpg,112.0,112.0,10.481528774316146,112.0,270.0,3
train/1-05/48.jpg,112.0,112.0,112.0,23.43364069806188,0.0,0
train/1-05/50.jpg,112.0,112.0,112.0,22.10005561736982,0.0,0
train/1-05/51.jpg,112.0,112.0,112.0,20.32121292250862,0.0,0
train/1-05/52.jpg,112.0,112.0,112.0,202.785461391128,180.0,2
train/1-05/56.jpg,112.0,112.0,112.0,210.83825170448935,180.0,2
train/1-05/57.jpg,112.0,112.0,112.0,170.60034129593444,180.0,2
train/1-05/6.jpg,112.0,112.0,19.869657549751835,112.0,270.0,3
train/1-05/60.jpg,112.0,112.0,112.0,8.245482026082357,0.0,0
train/1-05/61.jpg,112.0,112.0,112.0,202.785461391128,180.0,2
train/1-05/66.jpg,112.0,112.0,112.0,11.376941012509462,0.0,0
train/1-05/71.jpg,112.0,112.0,21.66174675144532,112.0,270.0,3
train/1-05/72.jpg,112.0,112.0,112.0,200.54942122905152,180.0,2
train/1-05/73.jpg,112.0,112.0,112.0,20.76404217634365,0.0,0
train/1-05/74.jpg,112.0,112.0,112.0,22.10005561736982,0.0,0
train/1-05/76.jpg,112.0,112.0,112.0,20.32121292250862,0.0,0
train/1-05/79.jpg,112.0,112.0,112.0,67.6153179576557,0.0,0
train/1-05/80.jpg,112.0,112.0,112.0,9.584180909392714,0.0,0
train/1-05/82.jpg,112.0,112.0,112.0,212.18482919085105,180.0,2
train/1-05/83.jpg,112.0,112.0,112.0,20.32121292250862,0.0,0
train/1-05/85.jpg,112.0,112.0,112.0,202.785461391128,180.0,2
train/1-05/86.jpg,112.0,112.0,112.0,206.36630754670864,180.0,2
train/1-05/87.jpg,112.0,112.0,112.0,12.717574566290937,0.0,0
train/1-05/9.jpg,112.0,112.0,190.72102641607265,112.0,90.0,1
train/1-05/91.jpg,112.0,112.0,112.0,22.10005561736982,0.0,0
train/1-05/93.jpg,112.0,112.0,112.0,20.32121292250862,0.0,0
train/1-05/94.jpg,112.0,112.0,112.0,22.557280900008408,0.0,0
train/1-05/95.jpg,112.0,112.0,112.0,6.90480505750989,0.0,0
train/1-05/96.jpg,112.0,112.0,112.0,68.91868154292396,0.0,0
train/1-05/98.jpg,112.0,112.0,112.0,7.798272567101847,0.0,0
train/1-05/99.jpg,112.0,112.0,112.0,23.43364069806188,0.0,0
train/1-10/0.jpg,112.0,112.0,112.0,26.13382505316777,0.0,0
train/1-10/10.jpg,112.0,112.0,203.6787870774914,112.0,90.0,1
train/1-10/12.jpg,112.0,112.0,112.0,17.189663010829875,0.0,0
train/1-10/19.jpg,112.0,112.0,112.0,22.557280900008408,0.0,0
train/1-10/2.jpg,112.0,112.0,210.83825170448935,112.0,90.0,1
train/1-10/20.jpg,112.0,112.0,112.0,27.029416855007995,0.0,0
train/1-10/21.jpg,112.0,112.0,34.61137034421658,112.0,270.0,3
train/1-10/23.jpg,112.0,112.0,112.0,19.642000887849463,0.0,0
train/1-10/25.jpg,112.0,112.0,112.0,43.12329856910975,0.0,0
train/1-10/26.jpg,112.0,112.0,35.077961545471254,112.0,270.0,3
train/1-10/27.jpg,112.0,112.0,112.0,201.96110270555823,180.0,2
train/1-10/28.jpg,112.0,112.0,112.0,37.31399060064864,0.0,0
train/1-10/29.jpg,112.0,112.0,112.0,7.343418744925557,0.0,0
train/1-10/30.jpg,112.0,112.0,200.10221336606705,112.0,90.0,1
train/1-10/32.jpg,112.0,112.0,179.11929677819933,112.0,90.0,1
train/1-10/33.jpg,112.0,112.0,19.42570551173506,112.0,270.0,3
train/1-10/34.jpg,112.0,112.0,112.0,10.466754213213491,0.0,0
train/1-10/36.jpg,112.0,112.0,112.0,20.293947855117,0.0,0
train/1-10/37.jpg,112.0,112.0,112.0,46.69303253097722,0.0,0
train/1-10/38.jpg,112.0,112.0,112.0,22.105617528123588,0.0,0
train/1-10/4.jpg,112.0,112.0,19.42570551173506,112.0,270.0,3
train/1-10/40.jpg,112.0,112.0,112.0,52.49369781275264,0.0,0
train/1-10/42.jpg,112.0,112.0,112.0,48.928611875114086,0.0,0
train/1-10/46.jpg,112.0,112.0,112.0,21.21453860887196,0.0,0
train/1-10/47.jpg,112.0,112.0,112.0,15.397722594133429,0.0,0
train/1-10/48.jpg,112.0,112.0,46.20486340161608,112.0,270.0,3
train/1-10/49.jpg,112.0,112.0,112.0,11.815170809148952,0.0,0
train/1-10/51.jpg,112.0,112.0,112.0,23.45057877094848,0.0,0
train/1-10/52.jpg,112.0,112.0,215.31021246711285,112.0,90.0,1
train/1-10/53.jpg,112.0,112.0,44.88070322180066,112.0,270.0,3
train/1-10/55.jpg,112.0,112.0,112.0,46.23526781017047,0.0,0
train/1-10/56.jpg,112.0,112.0,16.292111087956812,112.0,270.0,3
train/1-10/57.jpg,112.0,112.0,112.0,5.995283123815668,0.0,0
train/1-10/58.jpg,112.0,112.0,217.5461984156701,112.0,90.0,1
train/1-10/60.jpg,112.0,112.0,112.0,35.077961545471254,0.0,0
train/1-10/62.jpg,112.0,112.0,112.0,37.31399060064864,0.0,0
train/1-10/65.jpg,112.0,112.0,112.0,43.12329856910975,0.0,0
train/1-10/66.jpg,112.0,112.0,112.0,43.12329856910975,0.0,0
train/1-10/67.jpg,112.0,112.0,202.33825324855468,112.0,90.0,1
train/1-10/71.jpg,112.0,112.0,112.0,201.89994438263017,180.0,2
train/1-10/73.jpg,112.0,112.0,112.0,22.105617528123588,0.0,0
train/1-10/74.jpg,112.0,112.0,112.0,48.02344179310675,0.0,0
train/1-10/75.jpg,112.0,112.0,112.0,37.31399060064864,0.0,0
train/1-10/76.jpg,112.0,112.0,21.21453860887196,112.0,270.0,3
train/1-10/78.jpg,112.0,112.0,112.0,22.105617528123588,0.0,0
train/1-10/79.jpg,112.0,112.0,166.62600113499064,112.0,90.0,1
train/1-10/8.jpg,112.0,112.0,112.0,16.742454367121127,0.0,0
train/1-10/80.jpg,112.0,112.0,112.0,34.61137034421658,0.0,0
train/1-10/81.jpg,112.0,112.0,198.31338250816037,112.0,90.0,1
train/1-10/82.jpg,112.0,112.0,18.52807908253945,112.0,270.0,3
train/1-10/84.jpg,112.0,112.0,112.0,44.45742083692687,0.0,0
train/1-10/85.jpg,112.0,112.0,112.0,21.21453860887196,0.0,0
train/1-10/87.jpg,112.0,112.0,112.0,35.077961545471254,0.0,0
train/1-10/89.jpg,112.0,112.0,112.0,44.45742083692687,0.0,0
train/1-10/91.jpg,112.0,112.0,171.09314681077663,112.0,90.0,1
train/1-10/93.jpg,112.0,112.0,203.6787870774914,112.0,90.0,1
train/1-10/94.jpg,112.0,112.0,203.2414379544733,112.0,90.0,1
train/1-10/95.jpg,112.0,112.0,112.0,200.5663593019381,180.0,2
train/1-10/96.jpg,112.0,112.0,40.41089468361824,112.0,270.0,3
train/1-10/97.jpg,112.0,112.0,112.0,37.31399060064864,0.0,0
train/1-10/99.jpg,112.0,112.0,112.0,40.88741320975589,0.0,0
train/1-15/1.jpg,112.0,112.0,171.5399025864168,112.0,90.0,1
train/1-15/12.jpg,112.0,112.0,42.81907777428809,112.0,270.0,3
train/1-15/13.jpg,112.0,112.0,112.0,80.59936306378484,0.0,0
train/1-15/15.jpg,112.0,112.0,112.0,205.2630687893123,180.0,2
train/1-15/16.jpg,112.0,112.0,29.847702405836515,112.0,270.0,3
train/1-15/17.jpg,112.0,112.0,112.0,197.2877482408816,180.0,2
train/1-15/18.jpg,112.0,112.0,112.0,170.42088667591412,180.0,2
train/1-15/19.jpg,112.0,112.0,112.0,6.881019791856815,0.0,0
train/1-15/2.jpg,112.0,112.0,196.29116205154605,112.0,90.0,1
train/1-15/20.jpg,112.0,112.0,112.0,25.85477378287291,0.0,0
train/1-15/23.jpg,112.0,112.0,112.0,49.79871383966405,0.0,0
train/1-15/24.jpg,112.0,112.0,29.847702405836515,112.0,270.0,3
train/1-15/25.jpg,112.0,112.0,112.0,18.914018241198107,0.0,0
train/1-15/27.jpg,112.0,112.0,112.0,66.60176214873533,0.0,0
train/1-15/28.jpg,112.0,112.0,112.0,195.2946576918352,180.0,2
train/1-15/29.jpg,112.0,112.0,207.3362470417207,112.0,90.0,1
train/1-15/30.jpg,112.0,112.0,112.0,20.86274087948442,0.0,0
train/1-15/31.jpg,112.0,112.0,183.34423592694787,112.0,90.0,1
train/1-15/32.jpg,112.0,112.0,112.0,197.2877482408816,180.0,2
train/1-15/33.jpg,112.0,112.0,30.7780817759147,112.0,270.0,3
train/1-15/34.jpg,112.0,112.0,214.2399139279763,112.0,90.0,1
train/1-15/35.jpg,112.0,112.0,44.531488826268,112.0,270.0,3
train/1-15/36.jpg,112.0,112.0,112.0,21.86121811340027,0.0,0
train/1-15/37.jpg,112.0,112.0,112.0,37.831273436845365,0.0,0
train/1-15/4.jpg,112.0,112.0,112.0,213.2422836565829,180.0,2
train/1-15/40.jpg,112.0,112.0,112.0,61.75062189439555,0.0,0
train/1-15/43.jpg,112.0,112.0,112.0,83.55707469334422,0.0,0
train/1-15/44.jpg,112.0,112.0,112.0,7.827066855156659,0.0,0
train/1-15/45.jpg,112.0,112.0,112.0,24.856440283862625,0.0,0
train/1-15/46.jpg,112.0,112.0,112.0,37.831273436845365,0.0,0
train/1-15/47.jpg,112.0,112.0,112.0,214.3132444994293,180.0,2
train/1-15/48.jpg,112.0,112.0,112.0,194.38931969618392,180.0,2
train/1-15/49.jpg,112.0,112.0,112.0,183.34423592694787,180.0,2
train/1-15/5.jpg,112.0,112.0,35.76352578981633,112.0,270.0,3
train/1-15/50.jpg,112.0,112.0,112.0,49.710353990410255,0.0,0
train/1-15/51.jpg,112.0,112.0,19.864230615900325,112.0,270.0,3
train/1-15/52.jpg,112.0,112.0,112.0,183.34423592694787,180.0,2
train/1-15/53.jpg,112.0,112.0,112.0,179.47592163134937,180.0,2
train/1-15/59.jpg,112.0,112.0,143.78049716414142,112.0,90.0,1
train/1-15/60.jpg,112.0,112.0,112.0,8.878712188025887,0.0,0
train/1-15/62.jpg,112.0,112.0,112.0,31.843902290593007,0.0,0
train/1-15/63.jpg,112.0,112.0,112.0,22.797982085605256,0.0,0
train/1-15/64.jpg,112.0,112.0,112.0,6.881019791856815,0.0,0
train/1-15/66.jpg,112.0,112.0,34.8378331045583,112.0,270.0,3
train/1-15/68.jpg,112.0,112.0,112.0,13.872531878173888,0.0,0
train/1-15/69.jpg,112.0,112.0,112.0,38.82896748029313,0.0,0
train/1-15/7.jpg,112.0,112.0,201.27485648266256,112.0,90.0,1
train/1-15/71.jpg,112.0,112.0,112.0,78.62336146344273,0.0,0
train/1-15/74.jpg,112.0,112.0,178.48308055437866,112.0,90.0,1
train/1-15/75.jpg,112.0,112.0,112.0,11.875078027496071,0.0,0
train/1-15/76.jpg,112.0,112.0,112.0,202.27181176868004,180.0,2
train/1-15/78.jpg,112.0,112.0,112.0,21.86121811340027,0.0,0
train/1-15/80.jpg,112.0,112.0,36.76038277609328,112.0,270.0,3
train/1-15/82.jpg,112.0,112.0,112.0,199.2811548961172,180.0,2
train/1-15/83.jpg,112.0,112.0,112.0,38.753839691080046,0.0,0
train/1-15/86.jpg,112.0,112.0,112.0,29.847702405836515,0.0,0
train/1-15/87.jpg,112.0,112.0,195.2946576918352,112.0,90.0,1
train/1-15/88.jpg,112.0,112.0,112.0,191.30952023559345,180.0,2
train/1-15/89.jpg,112.0,112.0,112.0,38.82896748029313,0.0,0
train/1-15/9.jpg,112.0,112.0,112.0,187.32595834106596,180.0,2
train/1-15/91.jpg,112.0,112.0,112.0,47.719365280047214,0.0,0
train/1-15/92.jpg,112.0,112.0,112.0,14.871219507295365,0.0,0
train/1-15/95.jpg,112.0,112.0,112.0,6.881019791856815,0.0,0
train/1-15/96.jpg,112.0,112.0,190.40918313565064,112.0,90.0,1
train/1-15/97.jpg,112.0,112.0,213.2422836565829,112.0,90.0,1
train/1-15/98.jpg,112.0,112.0,112.0,36.833518108135465,0.0,0
train/1-15/99.jpg,112.0,112.0,112.0,42.73962171630883,0.0,0
train/1-20/0.jpg,112.0,112.0,17.968090522418933,112.0,270.0,3
train/1-20/1.jpg,112.0,112.0,34.89617389519506,112.0,270.0,3
train/1-20/12.jpg,112.0,112.0,217.5461984156701,112.0,90.0,1
train/1-20/13.jpg,112.0,112.0,112.0,25.46676938886425,0.0,0
train/1-20/14.jpg,112.0,112.0,112.0,55.38728058112736,0.0,0
train/1-20/19.jpg,112.0,112.0,112.0,18.8066525979456,0.0,0
train/1-20/2.jpg,112.0,112.0,112.0,213.78899744078436,180.0,2
train/1-20/20.jpg,112.0,112.0,23.24753524549304,112.0,270.0,3
train/1-20/22.jpg,112.0,112.0,165.33854141237833,112.0,90.0,1
train/1-20/25.jpg,112.0,112.0,112.0,31.006173074733653,0.0,0
train/1-20/29.jpg,112.0,112.0,18.8066525979456,112.0,270.0,3
train/1-20/30.jpg,112.0,112.0,112.0,204.13034245024815,180.0,2
train/1-20/31.jpg,112.0,112.0,112.0,194.0975030070952,180.0,2
train/1-20/33.jpg,112.0,112.0,112.0,21.5732340509736,0.0,0
train/1-20/34.jpg,112.0,112.0,112.0,10.03431949915698,0.0,0
train/1-20/37.jpg,112.0,112.0,112.0,37.11341909260378,0.0,0
train/1-20/38.jpg,112.0,112.0,20.731166327162924,112.0,270.0,3
train/1-20/4.jpg,112.0,112.0,112.0,20.731166327162924,0.0,0
train/1-20/42.jpg,112.0,112.0,112.0,200.10221336606705,180.0,2
train/1-20/43.jpg,112.0,112.0,112.0,23.79569171520022,0.0,0
train/1-20/45.jpg,112.0,112.0,112.0,199.9204185613331,180.0,2
train/1-20/47.jpg,112.0,112.0,215.46496991735896,112.0,90.0,1
train/1-20/50.jpg,112.0,112.0,48.754446796632415,112.0,270.0,3
train/1-20/51.jpg,112.0,112.0,204.3579991121505,112.0,90.0,1
train/1-20/57.jpg,112.0,112.0,51.78372313070161,112.0,270.0,3
train/1-20/58.jpg,112.0,112.0,112.0,21.5732340509736,0.0,0
train/1-20/6.jpg,112.0,112.0,112.0,203.80958555619344,180.0,2
train/1-20/60.jpg,112.0,112.0,213.2422836565829,112.0,90.0,1
train/1-20/61.jpg,112.0,112.0,218.2308806327049,112.0,90.0,1
train/1-20/62.jpg,112.0,112.0,112.0,194.0975030070952,180.0,2
train/1-20/63.jpg,112.0,112.0,112.0,22.412054382299843,0.0,0
train/1-20/69.jpg,112.0,112.0,34.06412892640515,112.0,270.0,3
train/1-20/7.jpg,112.0,112.0,112.0,202.13878188659973,180.0,2
train/1-20/75.jpg,112.0,112.0,112.0,15.745129993334883,0.0,0
train/1-20/76.jpg,112.0,112.0,200.54942122905152,112.0,90.0,1
train/1-20/78.jpg,112.0,112.0,202.9725233243533,112.0,90.0,1
train/1-20/82.jpg,112.0,112.0,112.0,208.2548700066651,180.0,2
train/1-20/86.jpg,112.0,112.0,112.0,17.968090522418933,0.0,0
train/1-20/87.jpg,112.0,112.0,205.47726996441435,112.0,90.0,1
train/1-20/89.jpg,112.0,112.0,112.0,22.412054382299843,0.0,0
train/1-20/92.jpg,112.0,112.0,217.6882207249228,112.0,90.0,1
train/1-20/93.jpg,112.0,112.0,112.0,19.35012142479624,0.0,0
train/1-20/94.jpg,112.0,112.0,112.0,25.17834371540704,0.0,0
train/1-25/0.jpg,112.0,112.0,21.21453860887196,112.0,270.0,3
train/1-25/1.jpg,112.0,112.0,112.0,39.08223810346344,0.0,0
train/1-25/10.jpg,112.0,112.0,112.0,200.10221336606705,180.0,2
train/1-25/12.jpg,112.0,112.0,23.45057877094848,112.0,270.0,3
train/1-25/13.jpg,112.0,112.0,112.0,203.6787870774914,180.0,2
train/1-25/14.jpg,112.0,112.0,112.0,52.90685318922337,0.0,0
train/1-25/15.jpg,112.0,112.0,112.0,20.76404217634365,0.0,0
train/1-25/17.jpg,112.0,112.0,112.0,25.235952146064548,0.0,0
train/1-25/18.jpg,112.0,112.0,112.0,20.32121292250862,0.0,0
train/1-25/19.jpg,112.0,112.0,112.0,21.5732340509736,0.0,0
train/1-25/2.jpg,112.0,112.0,112.0,9.91670068027777,0.0,0
train/1-25/21.jpg,112.0,112.0,112.0,17.189663010829875,0.0,0
train/1-25/22.jpg,112.0,112.0,203.70605214488305,112.0,90.0,1
train/1-25/23.jpg,112.0,112.0,211.8599018625594,112.0,90.0,1
train/1-25/24.jpg,112.0,112.0,30.60589701950147,112.0,270.0,3
train/1-25/28.jpg,112.0,112.0,186.3303437365925,112.0,90.0,1
train/1-25/3.jpg,112.0,112.0,112.0,41.73621131763531,0.0,0
train/1-25/30.jpg,112.0,112.0,112.0,21.5732340509736,0.0,0
train/1-25/32.jpg,112.0,112.0,37.31399060064864,112.0,270.0,3
train/1-25/33.jpg,112.0,112.0,112.0,19.42570551173506,0.0,0
train/1-25/4.jpg,112.0,112.0,112.0,200.10221336606705,180.0,2
train/1-25/40.jpg,112.0,112.0,112.0,5.76911936729509,0.0,0
train/1-25/42.jpg,112.0,112.0,5.995283123815668,112.0,270.0,3
train/1-25/44.jpg,112.0,112.0,207.4148835350125,112.0,90.0,1
train/1-25/46.jpg,112.0,112.0,112.0,203.6787870774914,180.0,2
train/1-25/47.jpg,112.0,112.0,112.0,214.62553288534,180.0,2
train/1-25/48.jpg,112.0,112.0,112.0,178.70832032063169,180.0,2
train/1-25/49.jpg,112.0,112.0,112.0,203.6787870774914,180.0,2
train/1-25/5.jpg,112.0,112.0,112.0,6.453801584329909,0.0,0
train/1-25/50.jpg,112.0,112.0,52.49369781275264,112.0,270.0,3
train/1-25/52.jpg,112.0,112.0,112.0,5.76911936729509,0.0,0
train/1-25/53.jpg,112.0,112.0,112.0,39.32951080390335,0.0,0
train/1-25/56.jpg,112.0,112.0,112.0,12.140098137440576,0.0,0
train/1-25/58.jpg,112.0,112.0,112.0,215.7689741685828,180.0,2
train/1-25/60.jpg,112.0,112.0,112.0,208.60227740586657,180.0,2
train/1-25/61.jpg,112.0,112.0,112.0,21.5732340509736,0.0,0
train/1-25/62.jpg,112.0,112.0,112.0,207.7078889120432,180.0,2
train/1-25/63.jpg,112.0,112.0,112.0,21.5732340509736,0.0,0
train/1-25/64.jpg,112.0,112.0,112.0,19.35012142479624,0.0,0
train/1-25/66.jpg,112.0,112.0,112.0,31.94376976149826,0.0,0
train/1-25/7.jpg,112.0,112.0,21.21453860887196,112.0,270.0,3
train/1-25/70.jpg,112.0,112.0,112.0,187.58438992278764,180.0,2
train/1-25/71.jpg,112.0,112.0,112.0,208.1509230324909,180.0,2
train/1-25/72.jpg,112.0,112.0,112.0,6.847729458656005,0.0,0
train/1-25/73.jpg,112.0,112.0,112.0,21.5732340509736,0.0,0
train/1-25/74.jpg,112.0,112.0,21.30270125301415,112.0,270.0,3
train/1-25/75.jpg,112.0,112.0,112.0,20.76404217634365,0.0,0
train/1-25/76.jpg,112.0,112.0,112.0,24.63295815926924,0.0,0
train/1-25/78.jpg,112.0,112.0,203.6787870774914,112.0,90.0,1
train/1-25/79.jpg,112.0,112.0,112.0,53.819247168844576,0.0,0
train/1-25/8.jpg,112.0,112.0,112.0,21.66174675144532,0.0,0
train/1-25/80.jpg,112.0,112.0,112.0,188.4852927038918,180.0,2
train/1-25/82.jpg,112.0,112.0,112.0,15.849076967509047,0.0,0
train/1-25/83.jpg,112.0,112.0,112.0,204.5742944882649,180.0,2
train/1-25/84.jpg,112.0,112.0,19.869657549751835,112.0,270.0,3
train/1-25/86.jpg,112.0,112.0,112.0,15.849076967509047,0.0,0
train/1-25/88.jpg,112.0,112.0,112.0,31.04322140796361,0.0,0
train/1-25/89.jpg,112.0,112.0,112.0,22.412054382299843,0.0,0
train/1-25/9.jpg,112.0,112.0,112.0,217.9905656178888,180.0,2
train/1-25/93.jpg,112.0,112.0,199.3670418407308,112.0,90.0,1
train/1-25/95.jpg,112.0,112.0,112.0,23.897786633932967,0.0,0
train/1-25/96.jpg,112.0,112.0,112.0,21.66174675144532,0.0,0
train/1-25/97.jpg,112.0,112.0,112.0,203.6787870774914,180.0,2
train/1-25/98.jpg,112.0,112.0,112.0,212.6230589874905,180.0,2
train/1-30/0.jpg,112.0,112.0,87.48469865573747,112.0,270.0,3
train/1-30/1.jpg,112.0,112.0,112.0,37.56882373628642,0.0,0
train/1-30/13.jpg,112.0,112.0,112.0,137.31797780234433,180.0,2
train/1-30/14.jpg,112.0,112.0,112.0,157.27692569068708,180.0,2
train/1-30/16.jpg,112.0,112.0,112.0,33.89750324093346,0.0,0
train/1-30/17.jpg,112.0,112.0,112.0,67.59279337765096,0.0,0
train/1-30/18.jpg,112.0,112.0,112.0,138.30589287593182,180.0,2
train/1-30/19.jpg,112.0,112.0,112.0,146.2344855372474,180.0,2
train/1-30/20.jpg,112.0,112.0,112.0,21.91115496355833,0.0,0
train/1-30/21.jpg,112.0,112.0,112.0,29.847702405836515,0.0,0
train/1-30/22.jpg,112.0,112.0,151.05124837953326,112.0,90.0,1
train/1-30/23.jpg,112.0,112.0,112.0,13.587602407013776,0.0,0
train/1-30/24.jpg,112.0,112.0,112.0,27.708837948453933,0.0,0
train/1-30/26.jpg,112.0,112.0,25.79095175099077,112.0,270.0,3
train/1-30/27.jpg,112.0,112.0,112.0,156.72135954999578,180.0,2
train/1-30/3.jpg,112.0,112.0,43.53102892550524,112.0,270.0,3
train/1-30/31.jpg,112.0,112.0,112.0,137.31797780234433,180.0,2
train/1-30/32.jpg,112.0,112.0,112.0,43.81642426507686,0.0,0
train/1-30/33.jpg,112.0,112.0,112.0,33.83990788132347,0.0,0
train/1-30/34.jpg,112.0,112.0,112.0,26.90593440198077,0.0,0
train/1-30/36.jpg,112.0,112.0,112.0,21.91115496355833,0.0,0
train/1-30/37.jpg,112.0,112.0,157.39823785126467,112.0,90.0,1
train/1-30/38.jpg,112.0,112.0,112.0,21.91115496355833,0.0,0
train/1-30/4.jpg,112.0,112.0,112.0,210.1274681218261,180.0,2
train/1-30/40.jpg,112.0,112.0,180.1175454637056,112.0,90.0,1
train/1-30/42.jpg,112.0,112.0,112.0,218.1178590059185,180.0,2
train/1-30/44.jpg,112.0,112.0,112.0,7.692761516757613,0.0,0
train/1-30/45.jpg,112.0,112.0,201.0898422941696,112.0,90.0,1
train/1-30/46.jpg,112.0,112.0,33.83990788132347,112.0,270.0,3
train/1-30/47.jpg,112.0,112.0,112.0,12.677293633328745,0.0,0
train/1-30/48.jpg,112.0,112.0,112.0,72.54116068610227,0.0,0
train/1-30/50.jpg,112.0,112.0,86.50490243203608,112.0,270.0,3
train/1-30/51.jpg,112.0,112.0,202.27181176868004,112.0,90.0,1
train/1-30/53.jpg,112.0,112.0,66.72307430931292,112.0,270.0,3
train/1-30/55.jpg,112.0,112.0,112.0,21.9777805205848,0.0,0
train/1-30/56.jpg,112.0,112.0,7.8798770649976575,112.0,270.0,3
train/1-30/57.jpg,112.0,112.0,112.0,172.20797289396148,180.0,2
train/1-30/58.jpg,112.0,112.0,112.0,66.60176214873533,0.0,0
train/1-30/60.jpg,112.0,112.0,112.0,188.23647421018367,180.0,2
train/1-30/61.jpg,112.0,112.0,112.0,64.4815825179331,0.0,0
train/1-30/62.jpg,112.0,112.0,112.0,30.698093503288614,0.0,0
train/1-30/63.jpg,112.0,112.0,112.0,206.19129471453292,180.0,2
train/1-30/66.jpg,112.0,112.0,157.39823785126467,112.0,90.0,1
train/1-30/67.jpg,112.0,112.0,112.0,6.957151599930427,0.0,0
train/1-30/68.jpg,112.0,112.0,36.833518108135465,112.0,270.0,3
train/1-30/69.jpg,112.0,112.0,181.18092222571192,112.0,90.0,1
train/1-30/7.jpg,112.0,112.0,159.2652091923859,112.0,90.0,1
train/1-30/71.jpg,112.0,112.0,112.0,145.9558536926993,180.0,2
train/1-30/72.jpg,112.0,112.0,69.80995378054203,112.0,270.0,3
train/1-30/73.jpg,112.0,112.0,112.0,51.59304675784418,0.0,0
train/1-30/74.jpg,112.0,112.0,112.0,23.85806900231877,0.0,0
train/1-30/75.jpg,112.0,112.0,112.0,22.72514351733743,0.0,0
train/1-30/78.jpg,112.0,112.0,112.0,203.1372591205156,180.0,2
train/1-30/79.jpg,112.0,112.0,112.0,64.7347908076141,0.0,0
train/1-30/8.jpg,112.0,112.0,112.0,6.9238371465725805,0.0,0
train/1-30/82.jpg,112.0,112.0,112.0,12.919224871824907,0.0,0
train/1-30/83.jpg,112.0,112.0,23.7220299281865,112.0,270.0,3
train/1-30/84.jpg,112.0,112.0,112.0,143.40063693621516,180.0,2
train/1-30/87.jpg,112.0,112.0,29.847702405836515,112.0,270.0,3
train/1-30/9.jpg,112.0,112.0,112.0,36.67404165893407,0.0,0
train/1-30/90.jpg,112.0,112.0,112.0,21.950013881178197,0.0,0
train/1-30/91.jpg,112.0,112.0,112.0,172.40695324215582,180.0,2
train/1-30/92.jpg,112.0,112.0,157.39823785126467,112.0,90.0,1
train/1-30/93.jpg,112.0,112.0,112.0,65.7290587949629,0.0,0
train/1-30/95.jpg,112.0,112.0,112.0,155.18564576337835,180.0,2
train/1-30/96.jpg,112.0,112.0,112.0,35.835703902681544,0.0,0
train/1-30/97.jpg,112.0,112.0,112.0,24.718845103882813,0.0,0
train/1-30/98.jpg,112.0,112.0,182.34912934784623,112.0,90.0,1
train/1-30/99.jpg,112.0,112.0,112.0,67.59279337765096,0.0,0
train/1-35/0.jpg,112.0,112.0,112.0,19.869657549751835,0.0,0
train/1-35/1.jpg,112.0,112.0,36.54802852144948,112.0,270.0,3
train/1-35/10.jpg,112.0,112.0,112.0,14.051033696112952,0.0,0
train/1-35/12.jpg,112.0,112.0,18.8066525979456,112.0,270.0,3
train/1-35/14.jpg,112.0,112.0,112.0,19.42570551173506,0.0,0
train/1-35/15.jpg,112.0,112.0,112.0,18.522730035585653,0.0,0
train/1-35/16.jpg,112.0,112.0,112.0,12.702467301548722,0.0,0
train/1-35/18.jpg,112.0,112.0,112.0,32.8419302913468,0.0,0
train/1-35/2.jpg,112.0,112.0,112.0,31.501552810007567,0.0,0
train/1-35/20.jpg,112.0,112.0,112.0,15.20123967735951,0.0,0
train/1-35/21.jpg,112.0,112.0,112.0,5.76911936729509,0.0,0
train/1-35/26.jpg,112.0,112.0,112.0,23.45057877094848,0.0,0
train/1-35/27.jpg,112.0,112.0,163.40038910358558,112.0,90.0,1
train/1-35/29.jpg,112.0,112.0,217.5461984156701,112.0,90.0,1
train/1-35/3.jpg,112.0,112.0,26.093073620341883,112.0,270.0,3
train/1-35/30.jpg,112.0,112.0,204.13034245024815,112.0,90.0,1
train/1-35/31.jpg,112.0,112.0,25.235952146064548,112.0,270.0,3
train/1-35/32.jpg,112.0,112.0,48.754446796632415,112.0,270.0,3
train/1-35/34.jpg,112.0,112.0,112.0,29.26548483250778,0.0,0
train/1-35/36.jpg,112.0,112.0,22.11117978302308,112.0,270.0,3
train/1-35/37.jpg,112.0,112.0,112.0,199.3670418407308,180.0,2
train/1-35/38.jpg,112.0,112.0,112.0,23.45057877094848,0.0,0
train/1-35/4.jpg,112.0,112.0,112.0,19.642000887849463,0.0,0
train/1-35/42.jpg,112.0,112.0,202.13878188659973,112.0,90.0,1
train/1-35/45.jpg,112.0,112.0,112.0,22.105617528123588,0.0,0
train/1-35/48.jpg,112.0,112.0,112.0,49.35017956929166,0.0,0
train/1-35/49.jpg,112.0,112.0,112.0,184.67048919609664,180.0,2
train/1-35/5.jpg,112.0,112.0,112.0,189.93587107359485,180.0,2
train/1-35/50.jpg,112.0,112.0,204.3579991121505,112.0,90.0,1
train/1-35/51.jpg,112.0,112.0,112.0,22.105617528123588,0.0,0
train/1-35/52.jpg,112.0,112.0,189.3886296557834,112.0,90.0,1
train/1-35/53.jpg,112.0,112.0,112.0,6.605502989956818,0.0,0
train/1-35/56.jpg,112.0,112.0,20.19041444380657,112.0,270.0,3
train/1-35/57.jpg,112.0,112.0,112.0,49.57404385994557,0.0,0
train/1-35/59.jpg,112.0,112.0,79.98437881283576,112.0,270.0,3
train/1-35/60.jpg,112.0,112.0,112.0,12.702467301548722,0.0,0
train/1-35/61.jpg,112.0,112.0,20.19041444380657,112.0,270.0,3
train/1-35/62.jpg,112.0,112.0,22.412054382299843,112.0,270.0,3
train/1-35/63.jpg,112.0,112.0,19.35012142479624,112.0,270.0,3
train/1-35/64.jpg,112.0,112.0,112.0,7.152491684351418,0.0,0
train/1-35/67.jpg,112.0,112.0,112.0,202.4267659490264,180.0,2
train/1-35/68.jpg,112.0,112.0,112.0,207.4148835350125,180.0,2
train/1-35/7.jpg,112.0,112.0,199.9204185613331,112.0,90.0,1
train/1-35/71.jpg,112.0,112.0,112.0,21.21453860887196,0.0,0
train/1-35/72.jpg,112.0,112.0,112.0,217.0951949424901,180.0,2
train/1-35/73.jpg,112.0,112.0,112.0,21.21453860887196,0.0,0
train/1-35/74.jpg,112.0,112.0,112.0,42.36523856578526,0.0,0
train/1-35/75.jpg,112.0,112.0,202.13878188659973,112.0,90.0,1
train/1-35/76.jpg,112.0,112.0,112.0,20.758562045526705,0.0,0
train/1-35/78.jpg,112.0,112.0,112.0,201.044932477935,180.0,2
train/1-35/79.jpg,112.0,112.0,214.8591269649903,112.0,90.0,1
train/1-35/8.jpg,112.0,112.0,112.0,29.90249699290483,0.0,0
train/1-35/80.jpg,112.0,112.0,112.0,40.88741320975589,0.0,0
train/1-35/81.jpg,112.0,112.0,112.0,199.3670418407308,180.0,2
train/1-35/82.jpg,112.0,112.0,112.0,13.161748295510606,0.0,0
train/1-35/84.jpg,112.0,112.0,112.0,20.758562045526705,0.0,0
train/1-35/85.jpg,112.0,112.0,203.6787870774914,112.0,90.0,1
train/1-35/86.jpg,112.0,112.0,112.0,200.75246475450692,180.0,2
train/1-35/87.jpg,112.0,112.0,112.0,14.051033696112952,0.0,0
train/1-35/90.jpg,112.0,112.0,112.0,22.412054382299843,0.0,0
train/1-35/91.jpg,112.0,112.0,112.0,19.642000887849463,0.0,0
train/1-35/92.jpg,112.0,112.0,209.0463806640928,112.0,90.0,1
train/1-35/93.jpg,112.0,112.0,112.0,17.421989870795016,0.0,0
train/1-35/94.jpg,112.0,112.0,112.0,201.044932477935,180.0,2
train/1-35/95.jpg,112.0,112.0,211.56907150315303,112.0,90.0,1
train/1-35/96.jpg,112.0,112.0,112.0,201.89994438263017,180.0,2
train/1-35/97.jpg,112.0,112.0,112.0,203.6787870774914,180.0,2
train/1-35/98.jpg,112.0,112.0,112.0,27.029416855007995,0.0,0
train/1-35/99.jpg,112.0,112.0,112.0,46.69303253097722,0.0,0
train/1-40/0.jpg,112.0,112.0,112.0,10.45198180171117,0.0,0
train/1-40/1.jpg,112.0,112.0,112.0,153.67733196834942,180.0,2
train/1-40/10.jpg,112.0,112.0,112.0,166.08326913195984,180.0,2
train/1-40/12.jpg,112.0,112.0,112.0,17.189663010829875,0.0,0
train/1-40/13.jpg,112.0,112.0,112.0,55.39611320766038,0.0,0
train/1-40/14.jpg,112.0,112.0,112.0,166.62600113499064,180.0,2
train/1-40/15.jpg,112.0,112.0,21.86121811340027,112.0,270.0,3
train/1-40/16.jpg,112.0,112.0,112.0,29.62281869352411,0.0,0
train/1-40/17.jpg,112.0,112.0,30.458599472415244,112.0,270.0,3
train/1-40/18.jpg,112.0,112.0,176.8999229583518,112.0,90.0,1
train/1-40/2.jpg,112.0,112.0,112.0,206.57801012920496,180.0,2
train/1-40/20.jpg,112.0,112.0,112.0,23.79569171520022,0.0,0
train/1-40/21.jpg,112.0,112.0,112.0,34.06412892640515,0.0,0
train/1-40/22.jpg,112.0,112.0,112.0,169.4282160614449,180.0,2
train/1-40/23.jpg,112.0,112.0,112.0,12.430928496846974,0.0,0
train/1-40/24.jpg,112.0,112.0,112.0,30.458599472415244,0.0,0
train/1-40/26.jpg,112.0,112.0,112.0,54.85982149135339,0.0,0
train/1-40/28.jpg,112.0,112.0,56.24159256219741,112.0,270.0,3
train/1-40/30.jpg,112.0,112.0,112.0,21.5732340509736,0.0,0
train/1-40/31.jpg,112.0,112.0,112.0,37.66965626340748,0.0,0
train/1-40/32.jpg,112.0,112.0,112.0,170.82176467941096,180.0,2
train/1-40/33.jpg,112.0,112.0,112.0,14.36291688093094,0.0,0
train/1-40/34.jpg,112.0,112.0,112.0,16.585116464987493,0.0,0
train/1-40/37.jpg,112.0,112.0,112.0,205.0215028904608,180.0,2
train/1-40/4.jpg,112.0,112.0,112.0,215.46496991735896,180.0,2
train/1-40/41.jpg,112.0,112.0,112.0,170.52349955359813,180.0,2
train/1-40/42.jpg,112.0,112.0,61.22599090085559,112.0,270.0,3
train/1-40/46.jpg,112.0,112.0,112.0,55.39611320766038,0.0,0
train/1-40/48.jpg,112.0,112.0,76.64466094067262,112.0,270.0,3
train/1-40/49.jpg,112.0,112.0,167.7584074378026,112.0,90.0,1
train/1-40/5.jpg,112.0,112.0,202.13878188659973,112.0,90.0,1
train/1-40/51.jpg,112.0,112.0,112.0,161.9299509312797,180.0,2
train/1-40/56.jpg,112.0,112.0,112.0,8.535030082641015,0.0,0
train/1-40/57.jpg,112.0,112.0,112.0,172.4648658313239,180.0,2
train/1-40/59.jpg,112.0,112.0,80.10956256179605,112.0,270.0,3
train/1-40/60.jpg,112.0,112.0,215.46496991735896,112.0,90.0,1
train/1-40/62.jpg,112.0,112.0,112.0,30.458599472415244,0.0,0
train/1-40/63.jpg,112.0,112.0,56.24159256219741,112.0,270.0,3
train/1-40/66.jpg,112.0,112.0,112.0,22.412054382299843,0.0,0
train/1-40/67.jpg,112.0,112.0,112.0,216.00961494015831,180.0,2
train/1-40/69.jpg,112.0,112.0,112.0,166.08326913195984,180.0,2
train/1-40/7.jpg,112.0,112.0,112.0,204.3579991121505,180.0,2
train/1-40/70.jpg,112.0,112.0,112.0,22.412054382299843,0.0,0
train/1-40/72.jpg,112.0,112.0,112.0,7.692761516757613,0.0,0
train/1-40/73.jpg,112.0,112.0,112.0,166.91812087098393,180.0,2
train/1-40/74.jpg,112.0,112.0,169.1401785086466,112.0,90.0,1
train/1-40/75.jpg,112.0,112.0,112.0,19.35012142479624,0.0,0
train/1-40/76.jpg,112.0,112.0,112.0,199.2066511224918,180.0,2
train/1-40/8.jpg,112.0,112.0,112.0,55.39611320766038,0.0,0
train/1-40/80.jpg,112.0,112.0,112.0,19.642000887849463,0.0,0
train/1-40/82.jpg,112.0,112.0,112.0,210.18350166906865,180.0,2
train/1-40/83.jpg,112.0,112.0,112.0,54.85982149135339,0.0,0
train/1-40/84.jpg,112.0,112.0,112.0,168.302753041037,180.0,2
train/1-40/86.jpg,112.0,112.0,112.0,28.238433634512305,0.0,0
train/1-40/87.jpg,112.0,112.0,194.0975030070952,112.0,90.0,1
train/1-40/88.jpg,112.0,112.0,112.0,34.06412892640515,0.0,0
train/1-40/89.jpg,112.0,112.0,112.0,52.92377804903228,0.0,0
train/1-40/90.jpg,112.0,112.0,112.0,23.79569171520022,0.0,0
train/1-40/91.jpg,112.0,112.0,112.0,36.28342321525622,0.0,0
train/1-40/92.jpg,112.0,112.0,112.0,217.5461984156701,180.0,2
train/1-40/93.jpg,112.0,112.0,112.0,24.63295815926924,0.0,0
train/1-40/94.jpg,112.0,112.0,112.0,23.49011354656476,0.0,0
train/1-40/95.jpg,112.0,112.0,22.412054382299843,112.0,270.0,3
train/1-40/96.jpg,112.0,112.0,169.1401785086466,112.0,90.0,1
train/1-40/99.jpg,112.0,112.0,112.0,170.2494635168428,180.0,2
train/1-45/0.jpg,112.0,112.0,8.922359359558484,112.0,270.0,3
train/1-45/1.jpg,112.0,112.0,192.3056660516554,112.0,90.0,1
train/1-45/10.jpg,112.0,112.0,112.0,17.914932109287392,0.0,0
train/1-45/12.jpg,112.0,112.0,20.731166327162924,112.0,270.0,3
train/1-45/13.jpg,112.0,112.0,112.0,80.59936306378484,0.0,0
train/1-45/15.jpg,112.0,112.0,66.72307430931292,112.0,270.0,3
train/1-45/18.jpg,112.0,112.0,112.0,58.76467338317534,0.0,0
train/1-45/2.jpg,112.0,112.0,112.0,8.762409946764066,0.0,0
train/1-45/20.jpg,112.0,112.0,112.0,26.90593440198077,0.0,0
train/1-45/21.jpg,112.0,112.0,30.60589701950147,112.0,270.0,3
train/1-45/24.jpg,112.0,112.0,112.0,65.7290587949629,0.0,0
train/1-45/25.jpg,112.0,112.0,112.0,31.77531551947368,0.0,0
train/1-45/27.jpg,112.0,112.0,112.0,155.28972164382674,180.0,2
train/1-45/28.jpg,112.0,112.0,43.88245453629439,112.0,270.0,3
train/1-45/29.jpg,112.0,112.0,68.58341330781518,112.0,270.0,3
train/1-45/3.jpg,112.0,112.0,112.0,66.60176214873533,0.0,0
train/1-45/30.jpg,112.0,112.0,112.0,21.72818823131996,0.0,0
train/1-45/31.jpg,112.0,112.0,186.16872656315465,112.0,90.0,1
train/1-45/32.jpg,112.0,112.0,112.0,64.4815825179331,0.0,0
train/1-45/33.jpg,112.0,112.0,112.0,68.58341330781518,0.0,0
train/1-45/38.jpg,112.0,112.0,112.0,200.20430828479977,180.0,2
train/1-45/44.jpg,112.0,112.0,8.689787532887152,112.0,270.0,3
train/1-45/45.jpg,112.0,112.0,112.0,25.907026999876464,0.0,0
train/1-45/46.jpg,112.0,112.0,187.23961722390672,112.0,90.0,1
train/1-45/47.jpg,112.0,112.0,112.0,10.920823113758985,0.0,0
train/1-45/48.jpg,112.0,112.0,67.59279337765096,112.0,270.0,3
train/1-45/49.jpg,112.0,112.0,112.0,154.19004621945797,180.0,2
train/1-45/5.jpg,112.0,112.0,35.835703902681544,112.0,270.0,3
train/1-45/53.jpg,112.0,112.0,151.319206502675,112.0,90.0,1
train/1-45/54.jpg,112.0,112.0,112.0,139.2029410174709,180.0,2
train/1-45/56.jpg,112.0,112.0,112.0,16.91582676386149,0.0,0
train/1-45/57.jpg,112.0,112.0,174.20128616033594,112.0,90.0,1
train/1-45/58.jpg,112.0,112.0,145.734255586866,112.0,90.0,1
train/1-45/61.jpg,112.0,112.0,154.19004621945797,112.0,90.0,1
train/1-45/63.jpg,112.0,112.0,39.888974490720216,112.0,270.0,3
train/1-45/64.jpg,112.0,112.0,112.0,205.1343116150004,180.0,2
train/1-45/66.jpg,112.0,112.0,112.0,32.898798997739604,0.0,0
train/1-45/67.jpg,112.0,112.0,112.0,43.6406553571496,0.0,0
train/1-45/69.jpg,112.0,112.0,112.0,82.57212206087567,0.0,0
train/1-45/7.jpg,112.0,112.0,112.0,155.56604182158392,180.0,2
train/1-45/72.jpg,112.0,112.0,112.0,203.1372591205156,180.0,2
train/1-45/73.jpg,112.0,112.0,52.864562232109925,112.0,270.0,3
train/1-45/74.jpg,112.0,112.0,203.19758768739445,112.0,90.0,1
train/1-45/75.jpg,112.0,112.0,112.0,36.67404165893407,0.0,0
train/1-45/76.jpg,112.0,112.0,112.0,27.708837948453933,0.0,0
train/1-45/78.jpg,112.0,112.0,112.0,155.18564576337835,180.0,2
train/1-45/79.jpg,112.0,112.0,112.0,67.59279337765096,0.0,0
train/1-45/8.jpg,112.0,112.0,112.0,64.7347908076141,0.0,0
train/1-45/80.jpg,112.0,112.0,112.0,212.17983829094555,180.0,2
train/1-45/82.jpg,112.0,112.0,199.14355971613736,112.0,90.0,1
train/1-45/83.jpg,112.0,112.0,144.38826948140328,112.0,90.0,1
train/1-45/84.jpg,112.0,112.0,36.833518108135465,112.0,270.0,3
train/1-45/85.jpg,112.0,112.0,112.0,65.7290587949629,0.0,0
train/1-45/86.jpg,112.0,112.0,112.0,27.904815833485443,0.0,0
train/1-45/87.jpg,112.0,112.0,112.0,155.56604182158392,180.0,2
train/1-45/88.jpg,112.0,112.0,112.0,142.2654919008431,180.0,2
train/1-45/9.jpg,112.0,112.0,112.0,188.23647421018367,180.0,2
train/1-45/90.jpg,112.0,112.0,112.0,22.72514351733743,0.0,0
train/1-45/91.jpg,112.0,112.0,112.0,67.59279337765096,0.0,0
train/1-45/92.jpg,112.0,112.0,112.0,21.72818823131996,0.0,0
train/1-45/93.jpg,112.0,112.0,112.0,66.60176214873533,0.0,0
train/1-45/95.jpg,112.0,112.0,112.0,154.19004621945797,180.0,2
train/1-45/96.jpg,112.0,112.0,153.77319714841084,112.0,90.0,1
train/1-45/97.jpg,112.0,112.0,112.0,6.69567910099795,0.0,0
train/1-45/98.jpg,112.0,112.0,112.0,202.19977827023743,180.0,2
train/1-45/99.jpg,112.0,112.0,65.47043950347263,112.0,270.0,3
train/1-50/0.jpg,112.0,112.0,18.255666837936275,112.0,270.0,3
train/1-50/1.jpg,112.0,112.0,36.84682308777626,112.0,270.0,3
train/1-50/10.jpg,112.0,112.0,112.0,9.374467114660009,0.0,0
train/1-50/12.jpg,112.0,112.0,168.0357029044876,112.0,90.0,1
train/1-50/13.jpg,112.0,112.0,112.0,202.33825324855468,180.0,2
train/1-50/14.jpg,112.0,112.0,152.4969134626332,112.0,90.0,1
train/1-50/16.jpg,112.0,112.0,112.0,16.036465258932864,0.0,0
train/1-50/17.jpg,112.0,112.0,112.0,31.290644904075705,0.0,0
train/1-50/18.jpg,112.0,112.0,112.0,217.9905656178888,180.0,2
train/1-50/19.jpg,112.0,112.0,112.0,6.453801584329909,0.0,0
train/1-50/2.jpg,112.0,112.0,200.20430828479977,112.0,90.0,1
train/1-50/20.jpg,112.0,112.0,112.0,19.642000887849463,0.0,0
train/1-50/21.jpg,112.0,112.0,112.0,22.10005561736982,0.0,0
train/1-50/23.jpg,112.0,112.0,112.0,17.968090522418933,0.0,0
train/1-50/24.jpg,112.0,112.0,8.8253907203909,112.0,270.0,3
train/1-50/25.jpg,112.0,112.0,112.0,23.24753524549304,0.0,0
train/1-50/26.jpg,112.0,112.0,10.211002559215656,112.0,270.0,3
train/1-50/27.jpg,112.0,112.0,31.04322140796361,112.0,270.0,3
train/1-50/28.jpg,112.0,112.0,21.21453860887196,112.0,270.0,3
train/1-50/3.jpg,112.0,112.0,112.0,203.23595782365635,180.0,2
train/1-50/30.jpg,112.0,112.0,112.0,21.21453860887196,0.0,0
train/1-50/31.jpg,112.0,112.0,112.0,33.2789735839274,0.0,0
train/1-50/32.jpg,112.0,112.0,173.85466837676847,112.0,90.0,1
train/1-50/34.jpg,112.0,112.0,112.0,213.07423014794625,180.0,2
train/1-50/37.jpg,112.0,112.0,36.41561007721238,112.0,270.0,3
train/1-50/4.jpg,112.0,112.0,112.0,9.374467114660009,0.0,0
train/1-50/40.jpg,112.0,112.0,21.21453860887196,112.0,270.0,3
train/1-50/42.jpg,112.0,112.0,5.76911936729509,112.0,270.0,3
train/1-50/44.jpg,112.0,112.0,112.0,5.76911936729509,0.0,0
train/1-50/45.jpg,112.0,112.0,24.79334887750821,112.0,270.0,3
train/1-50/48.jpg,112.0,112.0,183.28113354878693,112.0,90.0,1
train/1-50/5.jpg,112.0,112.0,112.0,34.179694166625126,0.0,0
train/1-50/50.jpg,112.0,112.0,112.0,19.642000887849463,0.0,0
train/1-50/51.jpg,112.0,112.0,112.0,201.4427190999916,180.0,2
train/1-50/52.jpg,112.0,112.0,202.4267659490264,112.0,90.0,1
train/1-50/53.jpg,112.0,112.0,31.04322140796361,112.0,270.0,3
train/1-50/56.jpg,112.0,112.0,112.0,184.91776189653652,180.0,2
train/1-50/57.jpg,112.0,112.0,112.0,49.35017956929166,0.0,0
train/1-50/6.jpg,112.0,112.0,23.45057877094848,112.0,270.0,3
train/1-50/60.jpg,112.0,112.0,10.211002559215656,112.0,270.0,3
train/1-50/61.jpg,112.0,112.0,199.3670418407308,112.0,90.0,1
train/1-50/63.jpg,112.0,112.0,21.21453860887196,112.0,270.0,3
train/1-50/65.jpg,112.0,112.0,112.0,45.96970392312329,0.0,0
train/1-50/66.jpg,112.0,112.0,112.0,35.51470729610823,0.0,0
train/1-50/67.jpg,112.0,112.0,112.0,202.33825324855468,180.0,2
train/1-50/68.jpg,112.0,112.0,112.0,14.36291688093094,0.0,0
train/1-50/69.jpg,112.0,112.0,171.64059020499377,112.0,90.0,1
train/1-50/7.jpg,112.0,112.0,112.0,21.66174675144532,0.0,0
train/1-50/71.jpg,112.0,112.0,112.0,12.430928496846974,0.0,0
train/1-50/72.jpg,112.0,112.0,112.0,23.897786633932967,0.0,0
train/1-50/73.jpg,112.0,112.0,112.0,21.86121811340027,0.0,0
train/1-50/74.jpg,112.0,112.0,211.8599018625594,112.0,90.0,1
train/1-50/75.jpg,112.0,112.0,112.0,21.027476675646724,0.0,0
train/1-50/76.jpg,112.0,112.0,112.0,21.21453860887196,0.0,0
train/1-50/78.jpg,112.0,112.0,112.0,19.869657549751835,0.0,0
train/1-50/79.jpg,112.0,112.0,112.0,52.90685318922337,0.0,0
train/1-50/8.jpg,112.0,112.0,203.80958555619344,112.0,90.0,1
train/1-50/82.jpg,112.0,112.0,112.0,14.95361933590722,0.0,0
train/1-50/83.jpg,112.0,112.0,209.9438614717635,112.0,90.0,1
train/1-50/85.jpg,112.0,112.0,112.0,51.78372313070161,0.0,0
train/1-50/86.jpg,112.0,112.0,112.0,16.742454367121127,0.0,0
train/1-50/87.jpg,112.0,112.0,112.0,214.08329931972224,180.0,2
train/1-50/88.jpg,112.0,112.0,112.0,186.2495791233863,180.0,2
train/1-50/89.jpg,112.0,112.0,5.76911936729509,112.0,270.0,3
train/1-50/9.jpg,112.0,112.0,112.0,28.513474141032788,0.0,0
train/1-50/90.jpg,112.0,112.0,112.0,38.65151671643101,0.0,0
train/1-50/93.jpg,112.0,112.0,112.0,22.557280900008408,0.0,0
train/1-50/95.jpg,112.0,112.0,193.5414005275848,112.0,90.0,1
train/1-50/96.jpg,112.0,112.0,112.0,21.66174675144532,0.0,0
train/1-50/97.jpg,112.0,112.0,112.0,217.3944970100432,180.0,2
train/1-50/99.jpg,112.0,112.0,181.06518659932803,112.0,90.0,1
train/1-55/1.jpg,112.0,112.0,206.3027040969664,112.0,90.0,1
train/1-55/12.jpg,112.0,112.0,202.13878188659973,112.0,90.0,1
train/1-55/15.jpg,112.0,112.0,193.39410298049853,112.0,90.0,1
train/1-55/16.jpg,112.0,112.0,112.0,31.290644904075705,0.0,0
train/1-55/2.jpg,112.0,112.0,213.78899744078436,112.0,90.0,1
train/1-55/20.jpg,112.0,112.0,8.535030082641015,112.0,270.0,3
train/1-55/22.jpg,112.0,112.0,112.0,18.522730035585653,0.0,0
train/1-55/23.jpg,112.0,112.0,11.595816820214113,112.0,270.0,3
train/1-55/24.jpg,112.0,112.0,112.0,14.50641046714918,0.0,0
train/1-55/26.jpg,112.0,112.0,203.5259526036195,112.0,90.0,1
train/1-55/28.jpg,112.0,112.0,17.968090522418933,112.0,270.0,3
train/1-55/29.jpg,112.0,112.0,218.2308806327049,112.0,90.0,1
train/1-55/30.jpg,112.0,112.0,112.0,18.8066525979456,0.0,0
train/1-55/34.jpg,112.0,112.0,112.0,9.374467114660009,0.0,0
train/1-55/36.jpg,112.0,112.0,213.78899744078436,112.0,90.0,1
train/1-55/38.jpg,112.0,112.0,20.731166327162924,112.0,270.0,3
train/1-55/44.jpg,112.0,112.0,26.01744362953612,112.0,270.0,3
train/1-55/45.jpg,112.0,112.0,112.0,11.815170809148952,0.0,0
train/1-55/46.jpg,112.0,112.0,112.0,201.0,180.0,2
train/1-55/49.jpg,112.0,112.0,112.0,11.595816820214113,0.0,0
train/1-55/5.jpg,112.0,112.0,112.0,187.15317691222373,180.0,2
train/1-55/51.jpg,112.0,112.0,112.0,21.027476675646724,0.0,0
train/1-55/52.jpg,112.0,112.0,212.18482919085105,112.0,90.0,1
train/1-55/53.jpg,112.0,112.0,112.0,215.17460927960911,180.0,2
train/1-55/55.jpg,112.0,112.0,112.0,205.81364506296512,180.0,2
train/1-55/58.jpg,112.0,112.0,112.0,5.76911936729509,0.0,0
train/1-55/59.jpg,112.0,112.0,112.0,217.5461984156701,180.0,2
train/1-55/6.jpg,112.0,112.0,112.0,21.5732340509736,0.0,0
train/1-55/61.jpg,112.0,112.0,112.0,17.189663010829875,0.0,0
train/1-55/62.jpg,112.0,112.0,29.62281869352411,112.0,270.0,3
train/1-55/64.jpg,112.0,112.0,112.0,7.152491684351418,0.0,0
train/1-55/67.jpg,112.0,112.0,112.0,6.453801584329909,0.0,0
train/1-55/68.jpg,112.0,112.0,14.95361933590722,112.0,270.0,3
train/1-55/72.jpg,112.0,112.0,216.65658125507449,112.0,90.0,1
train/1-55/75.jpg,112.0,112.0,112.0,21.86121811340027,0.0,0
train/1-55/78.jpg,112.0,112.0,112.0,202.4267659490264,180.0,2
train/1-55/8.jpg,112.0,112.0,112.0,5.76911936729509,0.0,0
train/1-55/82.jpg,112.0,112.0,201.8943824718764,112.0,90.0,1
train/1-55/9.jpg,112.0,112.0,112.0,21.86121811340027,0.0,0
train/1-55/96.jpg,112.0,112.0,112.0,187.4519714785505,180.0,2
train/1-55/97.jpg,112.0,112.0,112.0,11.376941012509462,0.0,0
train/10-00/0.jpg,112.0,112.0,195.1504660239496,112.0,90.0,1
train/10-00/1.jpg,112.0,112.0,112.0,160.66210024238575,180.0,2
train/10-00/10.jpg,112.0,112.0,112.0,194.29823813423957,180.0,2
train/10-00/12.jpg,112.0,112.0,112.0,53.78488168868847,0.0,0
train/10-00/13.jpg,112.0,112.0,172.20797289396148,112.0,90.0,1
train/10-00/15.jpg,112.0,112.0,177.19202405202648,112.0,90.0,1
train/10-00/18.jpg,112.0,112.0,164.2398315464359,112.0,90.0,1
train/10-00/19.jpg,112.0,112.0,112.0,30.845825738906072,0.0,0
train/10-00/2.jpg,112.0,112.0,112.0,9.877524511006882,0.0,0
train/10-00/20.jpg,112.0,112.0,194.15229759416349,112.0,90.0,1
train/10-00/23.jpg,112.0,112.0,49.87110173196373,112.0,270.0,3
train/10-00/24.jpg,112.0,112.0,112.0,190.31347265956225,180.0,2
train/10-00/26.jpg,112.0,112.0,31.694333948344592,112.0,270.0,3
train/10-00/27.jpg,112.0,112.0,112.0,65.6103459810272,0.0,0
train/10-00/28.jpg,112.0,112.0,112.0,33.83990788132347,0.0,0
train/10-00/29.jpg,112.0,112.0,15.667243369661634,112.0,270.0,3
train/10-00/31.jpg,112.0,112.0,44.63532082760284,112.0,270.0,3
train/10-00/32.jpg,112.0,112.0,112.0,45.81087702650835,0.0,0
train/10-00/33.jpg,112.0,112.0,36.5745401074677,112.0,270.0,3
train/10-00/34.jpg,112.0,112.0,194.15229759416349,112.0,90.0,1
train/10-00/37.jpg,112.0,112.0,112.0,48.80189876270016,0.0,0
train/10-00/38.jpg,112.0,112.0,202.13878188659973,112.0,90.0,1
train/10-00/41.jpg,112.0,112.0,112.0,200.3628881374981,180.0,2
train/10-00/42.jpg,112.0,112.0,112.0,206.0850678907126,180.0,2
train/10-00/46.jpg,112.0,112.0,112.0,186.3303437365925,180.0,2
train/10-00/47.jpg,112.0,112.0,112.0,205.3434518324665,180.0,2
train/10-00/48.jpg,112.0,112.0,112.0,47.719365280047214,0.0,0
train/10-00/49.jpg,112.0,112.0,112.0,55.77722881251761,0.0,0
train/10-00/5.jpg,112.0,112.0,112.0,189.41446893184764,180.0,2
train/10-00/50.jpg,112.0,112.0,112.0,54.6850804763716,0.0,0
train/10-00/51.jpg,112.0,112.0,112.0,19.864230615900325,0.0,0
train/10-00/52.jpg,112.0,112.0,112.0,44.813691871036696,0.0,0
train/10-00/53.jpg,112.0,112.0,163.2445119012758,112.0,90.0,1
train/10-00/57.jpg,112.0,112.0,59.53096151062038,112.0,270.0,3
train/10-00/58.jpg,112.0,112.0,112.0,21.86121811340027,0.0,0
train/10-00/59.jpg,112.0,112.0,112.0,81.5861873485089,0.0,0
train/10-00/6.jpg,112.0,112.0,112.0,48.80189876270016,0.0,0
train/10-00/62.jpg,112.0,112.0,30.698093503288614,112.0,270.0,3
train/10-00/63.jpg,112.0,112.0,112.0,32.8419302913468,0.0,0
train/10-00/64.jpg,112.0,112.0,197.146931829632,112.0,90.0,1
train/10-00/65.jpg,112.0,112.0,146.0587727318528,112.0,90.0,1
train/10-00/66.jpg,112.0,112.0,112.0,48.80189876270016,0.0,0
train/10-00/67.jpg,112.0,112.0,203.1372591205156,112.0,90.0,1
train/10-00/68.jpg,112.0,112.0,112.0,172.13318551349164,180.0,2
train/10-00/72.jpg,112.0,112.0,112.0,30.845825738906072,0.0,0
train/10-00/73.jpg,112.0,112.0,112.0,56.773194914063694,0.0,0
train/10-00/74.jpg,112.0,112.0,173.29437168288783,112.0,90.0,1
train/10-00/75.jpg,112.0,112.0,40.655764073052126,112.0,270.0,3
train/10-00/78.jpg,112.0,112.0,112.0,20.86274087948442,0.0,0
train/10-00/8.jpg,112.0,112.0,112.0,216.2353107157071,180.0,2
train/10-00/80.jpg,112.0,112.0,112.0,34.76658754140149,0.0,0
train/10-00/82.jpg,112.0,112.0,112.0,30.845825738906072,0.0,0
train/10-00/83.jpg,112.0,112.0,43.53102892550524,112.0,270.0,3
train/10-00/84.jpg,112.0,112.0,112.0,48.80189876270016,0.0,0
train/10-00/85.jpg,112.0,112.0,52.586196889948205,112.0,270.0,3
train/10-00/86.jpg,112.0,112.0,112.0,33.83990788132347,0.0,0
train/10-00/87.jpg,112.0,112.0,112.0,34.8378331045583,0.0,0
train/10-00/88.jpg,112.0,112.0,112.0,46.80797594797352,0.0,0
train/10-00/89.jpg,112.0,112.0,112.0,52.78851462765015,0.0,0
train/10-00/91.jpg,112.0,112.0,51.469016198313774,112.0,270.0,3
train/10-00/92.jpg,112.0,112.0,112.0,16.868512047797765,0.0,0
train/10-00/93.jpg,112.0,112.0,112.0,34.8378331045583,0.0,0
train/10-00/95.jpg,112.0,112.0,196.1486779456457,112.0,90.0,1
train/10-00/96.jpg,112.0,112.0,44.52407836865065,112.0,270.0,3
train/10-00/98.jpg,112.0,112.0,112.0,47.80498461718386,0.0,0
train/10-05/0.jpg,112.0,112.0,112.0,18.8066525979456,0.0,0
train/10-05/12.jpg,112.0,112.0,112.0,7.692761516757613,0.0,0
train/10-05/17.jpg,112.0,112.0,112.0,215.17460927960911,180.0,2
train/10-05/2.jpg,112.0,112.0,112.0,204.3579991121505,180.0,2
train/10-05/21.jpg,112.0,112.0,112.0,34.06412892640515,0.0,0
train/10-05/24.jpg,112.0,112.0,112.0,20.731166327162924,0.0,0
train/10-05/27.jpg,112.0,112.0,18.255666837936275,112.0,270.0,3
train/10-05/28.jpg,112.0,112.0,200.75246475450692,112.0,90.0,1
train/10-05/31.jpg,112.0,112.0,112.0,47.92972608143461,0.0,0
train/10-05/33.jpg,112.0,112.0,112.0,20.731166327162924,0.0,0
train/10-05/34.jpg,112.0,112.0,112.0,21.5732340509736,0.0,0
train/10-05/37.jpg,112.0,112.0,112.0,208.1509230324909,180.0,2
train/10-05/4.jpg,112.0,112.0,13.613008990009249,112.0,270.0,3
train/10-05/40.jpg,112.0,112.0,200.75246475450692,112.0,90.0,1
train/10-05/41.jpg,112.0,112.0,112.0,22.412054382299843,0.0,0
train/10-05/44.jpg,112.0,112.0,9.140873035009676,112.0,270.0,3
train/10-05/45.jpg,112.0,112.0,112.0,29.62281869352411,0.0,0
train/10-05/46.jpg,112.0,112.0,112.0,20.731166327162924,0.0,0
train/10-05/48.jpg,112.0,112.0,112.0,21.5732340509736,0.0,0
train/10-05/51.jpg,112.0,112.0,112.0,204.3579991121505,180.0,2
train/10-05/52.jpg,112.0,112.0,112.0,204.3579991121505,180.0,2
train/10-05/53.jpg,112.0,112.0,6.605502989956818,112.0,270.0,3
train/10-05/56.jpg,112.0,112.0,112.0,19.35012142479624,0.0,0
train/10-05/57.jpg,112.0,112.0,112.0,218.2308806327049,180.0,2
train/10-05/58.jpg,112.0,112.0,112.0,6.0,0.0,0
train/10-05/59.jpg,112.0,112.0,112.0,80.75900129637338,0.0,0
train/10-05/60.jpg,112.0,112.0,214.8591269649903,112.0,90.0,1
train/10-05/61.jpg,112.0,112.0,112.0,207.96353474106712,180.0,2
train/10-05/62.jpg,112.0,112.0,112.0,204.3579991121505,180.0,2
train/10-05/63.jpg,112.0,112.0,112.0,22.412054382299843,0.0,0
train/10-05/64.jpg,112.0,112.0,112.0,21.5732340509736,0.0,0
train/10-05/65.jpg,112.0,112.0,112.0,212.6230589874905,180.0,2
train/10-05/67.jpg,112.0,112.0,198.53323061113576,112.0,90.0,1
train/10-05/72.jpg,112.0,112.0,216.3072384832424,112.0,90.0,1
train/10-05/73.jpg,112.0,112.0,112.0,203.2414379544733,180.0,2
train/10-05/74.jpg,112.0,112.0,112.0,202.785461391128,180.0,2
train/10-05/76.jpg,112.0,112.0,19.35012142479624,112.0,270.0,3
train/10-05/78.jpg,112.0,112.0,112.0,22.11117978302308,0.0,0
train/10-05/8.jpg,112.0,112.0,202.13878188659973,112.0,90.0,1
train/10-05/82.jpg,112.0,112.0,201.30845424706445,112.0,90.0,1
train/10-05/83.jpg,112.0,112.0,112.0,12.97980004059778,0.0,0
train/10-05/87.jpg,112.0,112.0,112.0,37.66965626340748,0.0,0
train/10-05/88.jpg,112.0,112.0,112.0,39.888974490720216,0.0,0
train/10-05/89.jpg,112.0,112.0,112.0,206.36630754670864,180.0,2
train/10-05/9.jpg,112.0,112.0,112.0,42.10722497997379,0.0,0
train/10-05/90.jpg,112.0,112.0,112.0,39.05481510065246,0.0,0
train/10-05/92.jpg,112.0,112.0,112.0,207.13148795220224,180.0,2
train/10-05/93.jpg,112.0,112.0,112.0,18.506684730939185,0.0,0
train/10-05/94.jpg,112.0,112.0,112.0,23.79569171520022,0.0,0
train/10-05/95.jpg,112.0,112.0,112.0,25.46676938886425,0.0,0
train/10-05/97.jpg,112.0,112.0,112.0,19.35012142479624,0.0,0
train/10-05/98.jpg,112.0,112.0,112.0,40.71886645121306,0.0,0
train/10-10/0.jpg,112.0,112.0,112.0,11.815170809148952,0.0,0
train/10-10/1.jpg,112.0,112.0,112.0,38.65151671643101,0.0,0
train/10-10/10.jpg,112.0,112.0,112.0,211.02019995940225,180.0,2
train/10-10/13.jpg,112.0,112.0,112.0,20.474047396380517,0.0,0
train/10-10/14.jpg,112.0,112.0,163.62363799656123,112.0,90.0,1
train/10-10/17.jpg,112.0,112.0,112.0,30.60589701950147,0.0,0
train/10-10/18.jpg,112.0,112.0,112.0,54.728715746894586,0.0,0
train/10-10/19.jpg,112.0,112.0,112.0,22.105617528123588,0.0,0
train/10-10/21.jpg,112.0,112.0,27.685114007074645,112.0,270.0,3
train/10-10/22.jpg,112.0,112.0,55.360790965974815,112.0,270.0,3
train/10-10/25.jpg,112.0,112.0,112.0,42.68189269750651,0.0,0
train/10-10/28.jpg,112.0,112.0,112.0,209.63708311906908,180.0,2
train/10-10/30.jpg,112.0,112.0,19.869657549751835,112.0,270.0,3
train/10-10/32.jpg,112.0,112.0,112.0,46.69303253097722,0.0,0
train/10-10/33.jpg,112.0,112.0,194.92767933567177,112.0,90.0,1
train/10-10/35.jpg,112.0,112.0,62.50252531694167,112.0,270.0,3
train/10-10/36.jpg,112.0,112.0,112.0,213.54801819828884,180.0,2
train/10-10/37.jpg,112.0,112.0,11.595816820214113,112.0,270.0,3
train/10-10/38.jpg,112.0,112.0,112.0,23.45057877094848,0.0,0
train/10-10/4.jpg,112.0,112.0,112.0,19.869657549751835,0.0,0
train/10-10/40.jpg,112.0,112.0,112.0,20.474047396380517,0.0,0
train/10-10/41.jpg,112.0,112.0,112.0,21.21453860887196,0.0,0
train/10-10/42.jpg,112.0,112.0,112.0,51.16415530297948,0.0,0
train/10-10/44.jpg,112.0,112.0,10.925769852053776,112.0,270.0,3
train/10-10/45.jpg,112.0,112.0,112.0,13.81649833093138,0.0,0
train/10-10/46.jpg,112.0,112.0,112.0,20.758562045526705,0.0,0
train/10-10/47.jpg,112.0,112.0,112.0,27.029416855007995,0.0,0
train/10-10/48.jpg,112.0,112.0,112.0,203.80958555619344,180.0,2
train/10-10/49.jpg,112.0,112.0,10.925769852053776,112.0,270.0,3
train/10-10/5.jpg,112.0,112.0,112.0,216.65180361560903,180.0,2
train/10-10/51.jpg,112.0,112.0,112.0,23.45057877094848,0.0,0
train/10-10/55.jpg,112.0,112.0,112.0,7.29087909833261,0.0,0
train/10-10/56.jpg,112.0,112.0,112.0,214.62553288534,180.0,2
train/10-10/57.jpg,112.0,112.0,217.5461984156701,112.0,90.0,1
train/10-10/58.jpg,112.0,112.0,112.0,5.995283123815668,0.0,0
train/10-10/59.jpg,112.0,112.0,112.0,82.26786250536298,0.0,0
train/10-10/61.jpg,112.0,112.0,112.0,8.8253907203909,0.0,0
train/10-10/62.jpg,112.0,112.0,112.0,32.8419302913468,0.0,0
train/10-10/63.jpg,112.0,112.0,112.0,202.4267659490264,180.0,2
train/10-10/64.jpg,112.0,112.0,112.0,20.758562045526705,0.0,0
train/10-10/66.jpg,112.0,112.0,112.0,208.79876032264048,180.0,2
train/10-10/67.jpg,112.0,112.0,112.0,203.23595782365635,180.0,2
train/10-10/68.jpg,112.0,112.0,112.0,14.051033696112952,0.0,0
train/10-10/69.jpg,112.0,112.0,112.0,40.88741320975589,0.0,0
train/10-10/7.jpg,112.0,112.0,112.0,20.474047396380517,0.0,0
train/10-10/70.jpg,112.0,112.0,112.0,31.501552810007567,0.0,0
train/10-10/72.jpg,112.0,112.0,112.0,8.231025831417227,0.0,0
train/10-10/74.jpg,112.0,112.0,112.0,25.7329726952412,0.0,0
train/10-10/75.jpg,112.0,112.0,112.0,19.642000887849463,0.0,0
train/10-10/76.jpg,112.0,112.0,201.4427190999916,112.0,90.0,1
train/10-10/79.jpg,112.0,112.0,112.0,56.963648376731946,0.0,0
train/10-10/8.jpg,112.0,112.0,112.0,16.742454367121127,0.0,0
train/10-10/80.jpg,112.0,112.0,189.1038261048049,112.0,90.0,1
train/10-10/83.jpg,112.0,112.0,112.0,40.88741320975589,0.0,0
train/10-10/85.jpg,112.0,112.0,112.0,201.89994438263017,180.0,2
train/10-10/86.jpg,112.0,112.0,112.0,28.369861891779703,0.0,0
train/10-10/88.jpg,112.0,112.0,112.0,40.88741320975589,0.0,0
train/10-10/89.jpg,112.0,112.0,112.0,43.5529401654096,0.0,0
train/10-10/91.jpg,112.0,112.0,112.0,34.3340486442096,0.0,0
train/10-10/92.jpg,112.0,112.0,112.0,16.286887000787615,0.0,0
train/10-10/93.jpg,112.0,112.0,112.0,204.1357693840997,180.0,2
train/10-10/95.jpg,112.0,112.0,112.0,5.76911936729509,0.0,0
train/10-10/97.jpg,112.0,112.0,7.9903850598416994,112.0,270.0,3
train/10-10/98.jpg,112.0,112.0,112.0,192.156097709407,180.0,2
train/10-10/99.jpg,112.0,112.0,181.06518659932803,112.0,90.0,1
train/10-15/0.jpg,112.0,112.0,29.847702405836515,112.0,270.0,3
train/10-15/1.jpg,112.0,112.0,112.0,54.6850804763716,0.0,0
train/10-15/10.jpg,112.0,112.0,112.0,15.86987985027794,0.0,0
train/10-15/11.jpg,112.0,112.0,76.3068634048505,112.0,270.0,3
train/10-15/12.jpg,112.0,112.0,112.0,43.81642426507686,0.0,0
train/10-15/15.jpg,112.0,112.0,203.08786966440704,112.0,90.0,1
train/10-15/16.jpg,112.0,112.0,112.0,30.845825738906072,0.0,0
train/10-15/17.jpg,112.0,112.0,112.0,29.847702405836515,0.0,0
train/10-15/18.jpg,112.0,112.0,112.0,168.1426753904728,180.0,2
train/10-15/19.jpg,112.0,112.0,112.0,6.881019791856815,0.0,0
train/10-15/2.jpg,112.0,112.0,28.84953397605038,112.0,270.0,3
train/10-15/21.jpg,112.0,112.0,112.0,10.821939136984838,0.0,0
train/10-15/22.jpg,112.0,112.0,112.0,27.827557953924146,0.0,0
train/10-15/24.jpg,112.0,112.0,190.10249675906653,112.0,90.0,1
train/10-15/25.jpg,112.0,112.0,112.0,18.914018241198107,0.0,0
train/10-15/26.jpg,112.0,112.0,112.0,30.845825738906072,0.0,0
train/10-15/27.jpg,112.0,112.0,112.0,160.2597140480546,180.0,2
train/10-15/28.jpg,112.0,112.0,112.0,31.843902290593007,0.0,0
train/10-15/29.jpg,112.0,112.0,112.0,18.8066525979456,0.0,0
train/10-15/3.jpg,112.0,112.0,42.73962171630883,112.0,270.0,3
train/10-15/30.jpg,112.0,112.0,19.864230615900325,112.0,270.0,3
train/10-15/31.jpg,112.0,112.0,112.0,42.81907777428809,0.0,0
train/10-15/32.jpg,112.0,112.0,112.0,41.821655761909,0.0,0
train/10-15/33.jpg,112.0,112.0,193.15417426109397,112.0,90.0,1
train/10-15/34.jpg,112.0,112.0,112.0,9.823681804441591,0.0,0
train/10-15/35.jpg,112.0,112.0,24.718845103882813,112.0,270.0,3
train/10-15/37.jpg,112.0,112.0,112.0,12.818348471100762,0.0,0
train/10-15/38.jpg,112.0,112.0,20.86274087948442,112.0,270.0,3
train/10-15/4.jpg,112.0,112.0,112.0,12.87381778762989,0.0,0
train/10-15/40.jpg,112.0,112.0,112.0,51.70074627327466,0.0,0
train/10-15/42.jpg,112.0,112.0,19.80455542707112,112.0,270.0,3
train/10-15/46.jpg,112.0,112.0,36.833518108135465,112.0,270.0,3
train/10-15/47.jpg,112.0,112.0,213.1236866416568,112.0,90.0,1
train/10-15/48.jpg,112.0,112.0,45.72783389687643,112.0,270.0,3
train/10-15/5.jpg,112.0,112.0,112.0,36.76038277609328,0.0,0
train/10-15/50.jpg,112.0,112.0,48.71493067081304,112.0,270.0,3
train/10-15/52.jpg,112.0,112.0,42.81907777428809,112.0,270.0,3
train/10-15/53.jpg,112.0,112.0,179.1863081289633,112.0,90.0,1
train/10-15/56.jpg,112.0,112.0,112.0,217.07616285342743,180.0,2
train/10-15/57.jpg,112.0,112.0,67.59279337765096,112.0,270.0,3
train/10-15/61.jpg,112.0,112.0,112.0,15.86987985027794,0.0,0
train/10-15/63.jpg,112.0,112.0,112.0,22.797982085605256,0.0,0
train/10-15/64.jpg,112.0,112.0,112.0,6.881019791856815,0.0,0
train/10-15/66.jpg,112.0,112.0,112.0,35.835703902681544,0.0,0
train/10-15/67.jpg,112.0,112.0,112.0,21.800221729762555,0.0,0
train/10-15/69.jpg,112.0,112.0,112.0,38.82896748029313,0.0,0
train/10-15/7.jpg,112.0,112.0,112.0,22.797982085605256,0.0,0
train/10-15/73.jpg,112.0,112.0,50.795425007602574,112.0,270.0,3
train/10-15/75.jpg,112.0,112.0,112.0,11.875078027496071,0.0,0
train/10-15/76.jpg,112.0,112.0,112.0,20.86274087948442,0.0,0
train/10-15/77.jpg,112.0,112.0,112.0,61.51237775454265,0.0,0
train/10-15/78.jpg,112.0,112.0,112.0,204.0869154657707,180.0,2
train/10-15/8.jpg,112.0,112.0,112.0,216.0768946500615,180.0,2
train/10-15/81.jpg,112.0,112.0,164.3450093132096,112.0,90.0,1
train/10-15/82.jpg,112.0,112.0,26.85306817036799,112.0,270.0,3
train/10-15/83.jpg,112.0,112.0,112.0,187.1664818918645,180.0,2
train/10-15/84.jpg,112.0,112.0,112.0,190.1600921186765,180.0,2
train/10-15/85.jpg,112.0,112.0,112.0,48.80189876270016,0.0,0
train/10-15/87.jpg,112.0,112.0,190.10249675906653,112.0,90.0,1
train/10-15/88.jpg,112.0,112.0,112.0,17.80870528546707,0.0,0
train/10-15/89.jpg,112.0,112.0,37.831273436845365,112.0,270.0,3
train/10-15/9.jpg,112.0,112.0,112.0,186.10802925459564,180.0,2
train/10-15/91.jpg,112.0,112.0,112.0,177.19202405202648,180.0,2
train/10-15/92.jpg,112.0,112.0,112.0,14.871219507295365,0.0,0
train/10-15/94.jpg,112.0,112.0,112.0,196.09518416651457,180.0,2
train/10-15/95.jpg,112.0,112.0,112.0,6.881019791856815,0.0,0
train/10-15/97.jpg,112.0,112.0,112.0,10.876313358343197,0.0,0
train/10-15/98.jpg,112.0,112.0,112.0,18.8066525979456,0.0,0
train/10-15/99.jpg,112.0,112.0,182.178344238091,112.0,90.0,1
train/10-20/1.jpg,112.0,112.0,112.0,169.1401785086466,180.0,2
train/10-20/10.jpg,112.0,112.0,112.0,202.13878188659973,180.0,2
train/10-20/12.jpg,112.0,112.0,112.0,6.453801584329909,0.0,0
train/10-20/13.jpg,112.0,112.0,112.0,202.33825324855468,180.0,2
train/10-20/15.jpg,112.0,112.0,112.0,167.7584074378026,180.0,2
train/10-20/16.jpg,112.0,112.0,194.73451516749225,112.0,90.0,1
train/10-20/17.jpg,112.0,112.0,112.0,28.238433634512305,0.0,0
train/10-20/18.jpg,112.0,112.0,112.0,165.0,180.0,2
train/10-20/19.jpg,112.0,112.0,112.0,17.968090522418933,0.0,0
train/10-20/2.jpg,112.0,112.0,112.0,11.595816820214113,0.0,0
train/10-20/20.jpg,112.0,112.0,112.0,203.6787870774914,180.0,2
train/10-20/21.jpg,112.0,112.0,112.0,167.7584074378026,180.0,2
train/10-20/22.jpg,112.0,112.0,196.38009243891597,112.0,90.0,1
train/10-20/24.jpg,112.0,112.0,112.0,19.42570551173506,0.0,0
train/10-20/27.jpg,112.0,112.0,158.32493928760186,112.0,90.0,1
train/10-20/28.jpg,112.0,112.0,112.0,21.5732340509736,0.0,0
train/10-20/30.jpg,112.0,112.0,112.0,202.785461391128,180.0,2
train/10-20/31.jpg,112.0,112.0,30.458599472415244,112.0,270.0,3
train/10-20/33.jpg,112.0,112.0,112.0,21.5732340509736,0.0,0
train/10-20/34.jpg,112.0,112.0,112.0,10.03431949915698,0.0,0
train/10-20/38.jpg,112.0,112.0,112.0,24.63295815926924,0.0,0
train/10-20/4.jpg,112.0,112.0,112.0,18.085144945008835,0.0,0
train/10-20/42.jpg,112.0,112.0,112.0,22.557280900008408,0.0,0
train/10-20/45.jpg,112.0,112.0,26.01744362953612,112.0,270.0,3
train/10-20/46.jpg,112.0,112.0,55.39611320766038,112.0,270.0,3
train/10-20/47.jpg,112.0,112.0,8.535030082641015,112.0,270.0,3
train/10-20/48.jpg,112.0,112.0,112.0,196.0535543567314,180.0,2
train/10-20/49.jpg,112.0,112.0,112.0,213.78899744078436,180.0,2
train/10-20/5.jpg,112.0,112.0,112.0,167.7584074378026,180.0,2
train/10-20/51.jpg,112.0,112.0,201.8943824718764,112.0,90.0,1
train/10-20/52.jpg,112.0,112.0,112.0,56.24159256219741,0.0,0
train/10-20/53.jpg,112.0,112.0,112.0,42.36523856578526,0.0,0
train/10-20/56.jpg,112.0,112.0,208.60227740586657,112.0,90.0,1
train/10-20/57.jpg,112.0,112.0,112.0,165.0,180.0,2
train/10-20/59.jpg,112.0,112.0,112.0,80.75900129637338,0.0,0
train/10-20/60.jpg,112.0,112.0,12.140098137440576,112.0,270.0,3
train/10-20/63.jpg,112.0,112.0,55.39611320766038,112.0,270.0,3
train/10-20/65.jpg,112.0,112.0,112.0,169.68882040742383,180.0,2
train/10-20/66.jpg,112.0,112.0,112.0,169.68882040742383,180.0,2
train/10-20/67.jpg,112.0,112.0,112.0,203.6787870774914,180.0,2
train/10-20/7.jpg,112.0,112.0,112.0,25.235952146064548,0.0,0
train/10-20/70.jpg,112.0,112.0,195.6301381082203,112.0,90.0,1
train/10-20/71.jpg,112.0,112.0,112.0,167.7584074378026,180.0,2
train/10-20/73.jpg,112.0,112.0,112.0,169.9827560572969,180.0,2
train/10-20/74.jpg,112.0,112.0,112.0,20.32121292250862,0.0,0
train/10-20/75.jpg,112.0,112.0,112.0,208.79876032264048,180.0,2
train/10-20/76.jpg,112.0,112.0,112.0,23.79569171520022,0.0,0
train/10-20/78.jpg,112.0,112.0,112.0,23.79569171520022,0.0,0
train/10-20/79.jpg,112.0,112.0,66.72307430931292,112.0,270.0,3
train/10-20/8.jpg,112.0,112.0,24.63295815926924,112.0,270.0,3
train/10-20/80.jpg,112.0,112.0,112.0,169.1401785086466,180.0,2
train/10-20/81.jpg,112.0,112.0,22.412054382299843,112.0,270.0,3
train/10-20/82.jpg,112.0,112.0,112.0,202.13878188659973,180.0,2
train/10-20/83.jpg,112.0,112.0,112.0,169.1401785086466,180.0,2
train/10-20/84.jpg,112.0,112.0,112.0,21.66174675144532,0.0,0
train/10-20/85.jpg,112.0,112.0,57.62169550270991,112.0,270.0,3
train/10-20/86.jpg,112.0,112.0,112.0,21.66174675144532,0.0,0
train/10-20/88.jpg,112.0,112.0,30.458599472415244,112.0,270.0,3
train/10-20/89.jpg,112.0,112.0,193.39410298049853,112.0,90.0,1
train/10-20/9.jpg,112.0,112.0,55.39611320766038,112.0,270.0,3
train/10-20/90.jpg,112.0,112.0,112.0,209.63708311906908,180.0,2
train/10-20/91.jpg,112.0,112.0,112.0,176.63745044476923,180.0,2
train/10-20/92.jpg,112.0,112.0,112.0,205.1933474020544,180.0,2
train/10-20/93.jpg,112.0,112.0,27.400945631762525,112.0,270.0,3
train/10-20/94.jpg,112.0,112.0,201.0056178002265,112.0,90.0,1
train/10-20/95.jpg,112.0,112.0,22.412054382299843,112.0,270.0,3
train/10-20/96.jpg,112.0,112.0,39.888974490720216,112.0,270.0,3
train/10-20/97.jpg,112.0,112.0,112.0,166.3783044972901,180.0,2
train/10-20/98.jpg,112.0,112.0,112.0,29.072320664328245,0.0,0
train/10-20/99.jpg,112.0,112.0,112.0,169.1401785086466,180.0,2
train/10-25/0.jpg,112.0,112.0,112.0,204.3579991121505,180.0,2
train/10-25/1.jpg,112.0,112.0,112.0,188.27581530209957,180.0,2
train/10-25/10.jpg,112.0,112.0,24.79334887750821,112.0,270.0,3
train/10-25/12.jpg,112.0,112.0,112.0,25.235952146064548,0.0,0
train/10-25/13.jpg,112.0,112.0,112.0,21.66174675144532,0.0,0
train/10-25/15.jpg,112.0,112.0,112.0,20.32121292250862,0.0,0
train/10-25/16.jpg,112.0,112.0,112.0,210.18350166906865,180.0,2
train/10-25/17.jpg,112.0,112.0,112.0,6.90480505750989,0.0,0
train/10-25/19.jpg,112.0,112.0,112.0,24.63295815926924,0.0,0
train/10-25/2.jpg,112.0,112.0,112.0,214.62553288534,180.0,2
train/10-25/21.jpg,112.0,112.0,112.0,215.31021246711285,180.0,2
train/10-25/22.jpg,112.0,112.0,112.0,24.63295815926924,0.0,0
train/10-25/26.jpg,112.0,112.0,112.0,209.63708311906908,180.0,2
train/10-25/28.jpg,112.0,112.0,186.3303437365925,112.0,90.0,1
train/10-25/30.jpg,112.0,112.0,19.642000887849463,112.0,270.0,3
train/10-25/31.jpg,112.0,112.0,112.0,25.235952146064548,0.0,0
train/10-25/32.jpg,112.0,112.0,37.31399060064864,112.0,270.0,3
train/10-25/33.jpg,112.0,112.0,112.0,19.42570551173506,0.0,0
train/10-25/34.jpg,112.0,112.0,112.0,9.91670068027777,0.0,0
train/10-25/37.jpg,112.0,112.0,112.0,12.270365487484112,0.0,0
train/10-25/38.jpg,112.0,112.0,112.0,21.5732340509736,0.0,0
train/10-25/4.jpg,112.0,112.0,112.0,22.557280900008408,0.0,0
train/10-25/40.jpg,112.0,112.0,5.995283123815668,112.0,270.0,3
train/10-25/41.jpg,112.0,112.0,112.0,21.66174675144532,0.0,0
train/10-25/42.jpg,112.0,112.0,112.0,15.849076967509047,0.0,0
train/10-25/44.jpg,112.0,112.0,207.4148835350125,112.0,90.0,1
train/10-25/45.jpg,112.0,112.0,211.8599018625594,112.0,90.0,1
train/10-25/46.jpg,112.0,112.0,112.0,38.50170069994816,0.0,0
train/10-25/48.jpg,112.0,112.0,112.0,53.991379950907294,0.0,0
train/10-25/49.jpg,112.0,112.0,21.21453860887196,112.0,270.0,3
train/10-25/5.jpg,112.0,112.0,5.995283123815668,112.0,270.0,3
train/10-25/50.jpg,112.0,112.0,112.0,172.21627686929838,180.0,2
train/10-25/51.jpg,112.0,112.0,20.758562045526705,112.0,270.0,3
train/10-25/52.jpg,112.0,112.0,112.0,26.85306817036799,0.0,0
train/10-25/53.jpg,112.0,112.0,112.0,40.71886645121306,0.0,0
train/10-25/55.jpg,112.0,112.0,112.0,26.577520522991136,0.0,0
train/10-25/56.jpg,112.0,112.0,112.0,20.19041444380657,0.0,0
train/10-25/57.jpg,112.0,112.0,7.439013011544304,112.0,270.0,3
train/10-25/59.jpg,112.0,112.0,80.04690938265908,112.0,270.0,3
train/10-25/60.jpg,112.0,112.0,112.0,184.67048919609664,180.0,2
train/10-25/61.jpg,112.0,112.0,112.0,21.5732340509736,0.0,0
train/10-25/63.jpg,112.0,112.0,21.21453860887196,112.0,270.0,3
train/10-25/64.jpg,112.0,112.0,112.0,19.35012142479624,0.0,0
train/10-25/67.jpg,112.0,112.0,112.0,22.412054382299843,0.0,0
train/10-25/69.jpg,112.0,112.0,112.0,35.51470729610823,0.0,0
train/10-25/72.jpg,112.0,112.0,218.0,112.0,90.0,1
train/10-25/73.jpg,112.0,112.0,21.21453860887196,112.0,270.0,3
train/10-25/74.jpg,112.0,112.0,168.61271941887264,112.0,90.0,1
train/10-25/76.jpg,112.0,112.0,112.0,204.64987857520376,180.0,2
train/10-25/78.jpg,112.0,112.0,112.0,23.24753524549304,0.0,0
train/10-25/79.jpg,112.0,112.0,172.00833275470998,112.0,90.0,1
train/10-25/8.jpg,112.0,112.0,112.0,21.66174675144532,0.0,0
train/10-25/80.jpg,112.0,112.0,187.71657678474375,112.0,90.0,1
train/10-25/82.jpg,112.0,112.0,112.0,15.849076967509047,0.0,0
train/10-25/84.jpg,112.0,112.0,112.0,204.5742944882649,180.0,2
train/10-25/85.jpg,112.0,112.0,21.21453860887196,112.0,270.0,3
train/10-25/87.jpg,112.0,112.0,112.0,18.255666837936275,0.0,0
train/10-25/89.jpg,112.0,112.0,112.0,21.5732340509736,0.0,0
train/10-25/9.jpg,112.0,112.0,201.58794561770011,112.0,90.0,1
train/10-25/91.jpg,112.0,112.0,112.0,46.20486340161608,0.0,0
train/10-25/92.jpg,112.0,112.0,112.0,14.36291688093094,0.0,0
train/10-25/93.jpg,112.0,112.0,112.0,205.1933474020544,180.0,2
train/10-25/94.jpg,112.0,112.0,112.0,24.63295815926924,0.0,0
train/10-25/95.jpg,112.0,112.0,112.0,24.63295815926924,0.0,0
train/10-25/96.jpg,112.0,112.0,21.21453860887196,112.0,270.0,3
train/10-25/97.jpg,112.0,112.0,112.0,14.36291688093094,0.0,0
train/10-25/99.jpg,112.0,112.0,45.35917167381545,112.0,270.0,3
train/10-30/0.jpg,112.0,112.0,22.797982085605256,112.0,270.0,3
train/10-30/1.jpg,112.0,112.0,112.0,37.56882373628642,0.0,0
train/10-30/10.jpg,112.0,112.0,16.810714888701895,112.0,270.0,3
train/10-30/12.jpg,112.0,112.0,112.0,174.20128616033594,180.0,2
train/10-30/13.jpg,112.0,112.0,112.0,65.7290587949629,0.0,0
train/10-30/15.jpg,112.0,112.0,112.0,176.19501538281614,180.0,2
train/10-30/16.jpg,112.0,112.0,112.0,27.708837948453933,0.0,0
train/10-30/17.jpg,112.0,112.0,14.871219507295365,112.0,270.0,3
train/10-30/18.jpg,112.0,112.0,57.769012548175006,112.0,270.0,3
train/10-30/19.jpg,112.0,112.0,112.0,6.9238371465725805,0.0,0
train/10-30/2.jpg,112.0,112.0,159.2652091923859,112.0,90.0,1
train/10-30/20.jpg,112.0,112.0,112.0,21.91115496355833,0.0,0
train/10-30/21.jpg,112.0,112.0,112.0,18.656548167533472,0.0,0
train/10-30/22.jpg,112.0,112.0,149.0,112.0,90.0,1
train/10-30/24.jpg,112.0,112.0,159.2652091923859,112.0,90.0,1
train/10-30/27.jpg,112.0,112.0,112.0,66.60176214873533,0.0,0
train/10-30/30.jpg,112.0,112.0,112.0,156.55333881989094,180.0,2
train/10-30/31.jpg,112.0,112.0,45.81087702650835,112.0,270.0,3
train/10-30/33.jpg,112.0,112.0,112.0,64.7347908076141,0.0,0
train/10-30/34.jpg,112.0,112.0,112.0,25.907026999876464,0.0,0
train/10-30/36.jpg,112.0,112.0,217.01904589168575,112.0,90.0,1
train/10-30/37.jpg,112.0,112.0,112.0,180.26419266350405,180.0,2
train/10-30/40.jpg,112.0,112.0,112.0,152.6078810084939,180.0,2
train/10-30/41.jpg,112.0,112.0,28.78341511453381,112.0,270.0,3
train/10-30/42.jpg,112.0,112.0,159.2652091923859,112.0,90.0,1
train/10-30/43.jpg,112.0,112.0,185.10950690573696,112.0,90.0,1
train/10-30/44.jpg,112.0,112.0,202.13878188659973,112.0,90.0,1
train/10-30/45.jpg,112.0,112.0,112.0,22.72514351733743,0.0,0
train/10-30/46.jpg,112.0,112.0,112.0,77.47464699673586,0.0,0
train/10-30/47.jpg,112.0,112.0,112.0,23.85806900231877,0.0,0
train/10-30/48.jpg,112.0,112.0,112.0,68.43395817841608,0.0,0
train/10-30/49.jpg,112.0,112.0,112.0,39.6605225343727,0.0,0
train/10-30/5.jpg,112.0,112.0,112.0,36.833518108135465,0.0,0
train/10-30/50.jpg,112.0,112.0,112.0,67.59279337765096,0.0,0
train/10-30/52.jpg,112.0,112.0,112.0,40.88741320975589,0.0,0
train/10-30/53.jpg,112.0,112.0,112.0,68.58341330781518,0.0,0
train/10-30/56.jpg,112.0,112.0,159.2652091923859,112.0,90.0,1
train/10-30/57.jpg,112.0,112.0,112.0,157.5411901469428,180.0,2
train/10-30/6.jpg,112.0,112.0,147.5105618091294,112.0,90.0,1
train/10-30/60.jpg,112.0,112.0,112.0,74.66369059481106,0.0,0
train/10-30/61.jpg,112.0,112.0,35.835703902681544,112.0,270.0,3
train/10-30/62.jpg,112.0,112.0,112.0,157.5411901469428,180.0,2
train/10-30/63.jpg,112.0,112.0,112.0,17.86711520409034,0.0,0
train/10-30/64.jpg,112.0,112.0,204.0869154657707,112.0,90.0,1
train/10-30/66.jpg,112.0,112.0,112.0,41.65087065215377,0.0,0
train/10-30/67.jpg,112.0,112.0,112.0,22.72514351733743,0.0,0
train/10-30/68.jpg,112.0,112.0,210.2496819333274,112.0,90.0,1
train/10-30/69.jpg,112.0,112.0,41.65087065215377,112.0,270.0,3
train/10-30/7.jpg,112.0,112.0,112.0,143.78049716414142,180.0,2
train/10-30/71.jpg,112.0,112.0,41.65087065215377,112.0,270.0,3
train/10-30/73.jpg,112.0,112.0,112.0,46.87703937934026,0.0,0
train/10-30/75.jpg,112.0,112.0,202.27181176868004,112.0,90.0,1
train/10-30/76.jpg,112.0,112.0,112.0,19.73407996448526,0.0,0
train/10-30/78.jpg,112.0,112.0,112.0,66.72307430931292,0.0,0
train/10-30/79.jpg,112.0,112.0,66.4588098530572,112.0,270.0,3
train/10-30/80.jpg,112.0,112.0,44.63532082760284,112.0,270.0,3
train/10-30/82.jpg,112.0,112.0,112.0,200.14193099768124,180.0,2
train/10-30/83.jpg,112.0,112.0,112.0,76.4894381908706,0.0,0
train/10-30/86.jpg,112.0,112.0,193.0987052917616,112.0,90.0,1
train/10-30/87.jpg,112.0,112.0,67.44666118010907,112.0,270.0,3
train/10-30/89.jpg,112.0,112.0,112.0,40.88741320975589,0.0,0
train/10-30/90.jpg,112.0,112.0,20.86274087948442,112.0,270.0,3
train/10-30/92.jpg,112.0,112.0,112.0,40.88741320975589,0.0,0
train/10-30/93.jpg,112.0,112.0,112.0,37.89197074540438,0.0,0
train/10-30/95.jpg,112.0,112.0,202.27181176868004,112.0,90.0,1
train/10-30/96.jpg,112.0,112.0,112.0,154.7551166528639,180.0,2
train/10-30/97.jpg,112.0,112.0,112.0,20.912130335592977,0.0,0
train/10-30/98.jpg,112.0,112.0,112.0,42.64583646240119,0.0,0
train/10-30/99.jpg,112.0,112.0,200.3628881374981,112.0,90.0,1
train/10-35/0.jpg,112.0,112.0,214.4207010325549,112.0,90.0,1
train/10-35/1.jpg,112.0,112.0,188.27581530209957,112.0,90.0,1
train/10-35/10.jpg,112.0,112.0,112.0,14.051033696112952,0.0,0
train/10-35/12.jpg,112.0,112.0,112.0,178.70832032063169,180.0,2
train/10-35/13.jpg,112.0,112.0,112.0,22.557280900008408,0.0,0
train/10-35/15.jpg,112.0,112.0,112.0,18.522730035585653,0.0,0
train/10-35/16.jpg,112.0,112.0,210.83825170448935,112.0,90.0,1
train/10-35/17.jpg,112.0,112.0,112.0,217.5461984156701,180.0,2
train/10-35/18.jpg,112.0,112.0,112.0,20.32121292250862,0.0,0
train/10-35/19.jpg,112.0,112.0,204.13034245024815,112.0,90.0,1
train/10-35/20.jpg,112.0,112.0,112.0,23.45057877094848,0.0,0
train/10-35/23.jpg,112.0,112.0,189.82030583337487,112.0,90.0,1
train/10-35/26.jpg,112.0,112.0,112.0,211.72963451251587,180.0,2
train/10-35/27.jpg,112.0,112.0,163.40038910358558,112.0,90.0,1
train/10-35/29.jpg,112.0,112.0,112.0,205.1933474020544,180.0,2
train/10-35/30.jpg,112.0,112.0,205.1933474020544,112.0,90.0,1
train/10-35/31.jpg,112.0,112.0,25.235952146064548,112.0,270.0,3
train/10-35/32.jpg,112.0,112.0,205.47192091746052,112.0,90.0,1
train/10-35/37.jpg,112.0,112.0,112.0,199.3670418407308,180.0,2
train/10-35/38.jpg,112.0,112.0,112.0,23.45057877094848,0.0,0
train/10-35/4.jpg,112.0,112.0,112.0,24.79334887750821,0.0,0
train/10-35/40.jpg,112.0,112.0,189.3886296557834,112.0,90.0,1
train/10-35/42.jpg,112.0,112.0,112.0,199.3670418407308,180.0,2
train/10-35/43.jpg,112.0,112.0,23.897786633932967,112.0,270.0,3
train/10-35/44.jpg,112.0,112.0,112.0,37.31399060064864,0.0,0
train/10-35/45.jpg,112.0,112.0,112.0,20.758562045526705,0.0,0
train/10-35/49.jpg,112.0,112.0,112.0,40.88741320975589,0.0,0
train/10-35/5.jpg,112.0,112.0,112.0,189.93587107359485,180.0,2
train/10-35/50.jpg,112.0,112.0,112.0,202.4267659490264,180.0,2
train/10-35/51.jpg,112.0,112.0,24.63295815926924,112.0,270.0,3
train/10-35/52.jpg,112.0,112.0,112.0,6.881019791856815,0.0,0
train/10-35/53.jpg,112.0,112.0,112.0,5.76911936729509,0.0,0
train/10-35/55.jpg,112.0,112.0,112.0,22.529334416245675,0.0,0
train/10-35/56.jpg,112.0,112.0,112.0,23.45057877094848,0.0,0
train/10-35/57.jpg,112.0,112.0,112.0,50.25860383826748,0.0,0
train/10-35/58.jpg,112.0,112.0,112.0,10.75771634341706,0.0,0
train/10-35/6.jpg,112.0,112.0,22.11117978302308,112.0,270.0,3
train/10-35/60.jpg,112.0,112.0,112.0,12.702467301548722,0.0,0
train/10-35/61.jpg,112.0,112.0,112.0,17.63369245329136,0.0,0
train/10-35/62.jpg,112.0,112.0,112.0,18.522730035585653,0.0,0
train/10-35/63.jpg,112.0,112.0,112.0,21.21453860887196,0.0,0
train/10-35/64.jpg,112.0,112.0,112.0,22.105617528123588,0.0,0
train/10-35/66.jpg,112.0,112.0,112.0,27.029416855007995,0.0,0
train/10-35/67.jpg,112.0,112.0,112.0,19.642000887849463,0.0,0
train/10-35/68.jpg,112.0,112.0,112.0,16.036465258932864,0.0,0
train/10-35/7.jpg,112.0,112.0,112.0,203.6787870774914,180.0,2
train/10-35/70.jpg,112.0,112.0,112.0,35.72418469790047,0.0,0
train/10-35/72.jpg,112.0,112.0,112.0,19.642000887849463,0.0,0
train/10-35/74.jpg,112.0,112.0,112.0,42.22177990232196,0.0,0
train/10-35/76.jpg,112.0,112.0,112.0,22.105617528123588,0.0,0
train/10-35/78.jpg,112.0,112.0,112.0,21.21453860887196,0.0,0
train/10-35/8.jpg,112.0,112.0,12.140098137440576,112.0,270.0,3
train/10-35/80.jpg,112.0,112.0,201.0,112.0,90.0,1
train/10-35/81.jpg,112.0,112.0,112.0,23.88076259975918,0.0,0
train/10-35/82.jpg,112.0,112.0,211.72963451251587,112.0,90.0,1
train/10-35/83.jpg,112.0,112.0,21.66174675144532,112.0,270.0,3
train/10-35/84.jpg,112.0,112.0,112.0,203.23595782365635,180.0,2
train/10-35/85.jpg,112.0,112.0,112.0,202.4267659490264,180.0,2
train/10-35/86.jpg,112.0,112.0,112.0,16.286887000787615,0.0,0
train/10-35/87.jpg,112.0,112.0,209.4935895328508,112.0,90.0,1
train/10-35/9.jpg,112.0,112.0,21.86121811340027,112.0,270.0,3
train/10-35/91.jpg,112.0,112.0,112.0,60.521849295065,0.0,0
train/10-35/92.jpg,112.0,112.0,15.849076967509047,112.0,270.0,3
train/10-35/95.jpg,112.0,112.0,216.65658125507449,112.0,90.0,1
train/10-35/96.jpg,112.0,112.0,112.0,37.31399060064864,0.0,0
train/10-35/97.jpg,112.0,112.0,21.66174675144532,112.0,270.0,3
train/10-35/98.jpg,112.0,112.0,112.0,199.6641317757725,180.0,2
train/10-35/99.jpg,112.0,112.0,112.0,46.69303253097722,0.0,0
train/10-40/10.jpg,112.0,112.0,112.0,26.01744362953612,0.0,0
train/10-40/13.jpg,112.0,112.0,112.0,44.32430273724548,0.0,0
train/10-40/16.jpg,112.0,112.0,112.0,29.62281869352411,0.0,0
train/10-40/19.jpg,112.0,112.0,17.968090522418933,112.0,270.0,3
train/10-40/2.jpg,112.0,112.0,112.0,16.585116464987493,0.0,0
train/10-40/22.jpg,112.0,112.0,165.2541078227774,112.0,90.0,1
train/10-40/24.jpg,112.0,112.0,112.0,30.458599472415244,0.0,0
train/10-40/26.jpg,112.0,112.0,31.843902290593007,112.0,270.0,3
train/10-40/29.jpg,112.0,112.0,112.0,216.65658125507449,180.0,2
train/10-40/3.jpg,112.0,112.0,112.0,21.19801764278492,0.0,0
train/10-40/30.jpg,112.0,112.0,21.5732340509736,112.0,270.0,3
train/10-40/33.jpg,112.0,112.0,112.0,14.902111248493156,0.0,0
train/10-40/37.jpg,112.0,112.0,112.0,18.52807908253945,0.0,0
train/10-40/38.jpg,112.0,112.0,23.79569171520022,112.0,270.0,3
train/10-40/4.jpg,112.0,112.0,13.521575967118563,112.0,270.0,3
train/10-40/40.jpg,112.0,112.0,112.0,55.9642970955124,0.0,0
train/10-40/42.jpg,112.0,112.0,112.0,47.92972608143461,0.0,0
train/10-40/44.jpg,112.0,112.0,112.0,6.3117792750772,0.0,0
train/10-40/45.jpg,112.0,112.0,202.69729874698584,112.0,90.0,1
train/10-40/46.jpg,112.0,112.0,112.0,24.63295815926924,0.0,0
train/10-40/47.jpg,112.0,112.0,112.0,216.00961494015831,180.0,2
train/10-40/5.jpg,112.0,112.0,199.9204185613331,112.0,90.0,1
train/10-40/52.jpg,112.0,112.0,208.6074531286277,112.0,90.0,1
train/10-40/55.jpg,112.0,112.0,112.0,203.3016976841066,180.0,2
train/10-40/56.jpg,112.0,112.0,8.535030082641015,112.0,270.0,3
train/10-40/6.jpg,112.0,112.0,201.58794561770011,112.0,90.0,1
train/10-40/60.jpg,112.0,112.0,112.0,10.75771634341706,0.0,0
train/10-40/61.jpg,112.0,112.0,205.74433316206373,112.0,90.0,1
train/10-40/64.jpg,112.0,112.0,112.0,6.3117792750772,0.0,0
train/10-40/67.jpg,112.0,112.0,6.847729458656005,112.0,270.0,3
train/10-40/72.jpg,112.0,112.0,112.0,8.535030082641015,0.0,0
train/10-40/73.jpg,112.0,112.0,112.0,202.785461391128,180.0,2
train/10-40/75.jpg,112.0,112.0,112.0,19.35012142479624,0.0,0
train/10-40/8.jpg,112.0,112.0,112.0,207.96353474106712,180.0,2
train/10-40/86.jpg,112.0,112.0,112.0,29.62281869352411,0.0,0
train/10-40/88.jpg,112.0,112.0,112.0,34.06412892640515,0.0,0
train/10-40/9.jpg,112.0,112.0,191.88116173416608,112.0,90.0,1
train/10-40/90.jpg,112.0,112.0,112.0,24.63295815926924,0.0,0
train/10-40/91.jpg,112.0,112.0,24.07958143866693,112.0,270.0,3
train/10-40/93.jpg,112.0,112.0,112.0,21.5732340509736,0.0,0
train/10-40/95.jpg,112.0,112.0,203.5259526036195,112.0,90.0,1
train/10-40/98.jpg,112.0,112.0,112.0,32.67787193979224,0.0,0
train/10-45/0.jpg,112.0,112.0,112.0,7.923105349938496,0.0,0
train/10-45/1.jpg,112.0,112.0,154.7551166528639,112.0,90.0,1
train/10-45/10.jpg,112.0,112.0,18.914018241198107,112.0,270.0,3
train/10-45/12.jpg,112.0,112.0,156.55333881989094,112.0,90.0,1
train/10-45/13.jpg,112.0,112.0,112.0,73.6724642065264,0.0,0
train/10-45/15.jpg,112.0,112.0,112.0,65.7290587949629,0.0,0
train/10-45/17.jpg,112.0,112.0,112.0,31.90006242199685,0.0,0
train/10-45/19.jpg,112.0,112.0,112.0,66.72307430931292,0.0,0
train/10-45/2.jpg,112.0,112.0,66.72307430931292,112.0,270.0,3
train/10-45/21.jpg,112.0,112.0,112.0,31.843902290593007,0.0,0
train/10-45/24.jpg,112.0,112.0,112.0,30.90129470823841,0.0,0
train/10-45/26.jpg,112.0,112.0,196.2140130857092,112.0,90.0,1
train/10-45/28.jpg,112.0,112.0,44.88070322180066,112.0,270.0,3
train/10-45/29.jpg,112.0,112.0,112.0,217.1189802081432,180.0,2
train/10-45/30.jpg,112.0,112.0,145.734255586866,112.0,90.0,1
train/10-45/32.jpg,112.0,112.0,112.0,86.50490243203608,0.0,0
train/10-45/33.jpg,112.0,112.0,201.27485648266256,112.0,90.0,1
train/10-45/35.jpg,112.0,112.0,203.3947482079797,112.0,90.0,1
train/10-45/36.jpg,112.0,112.0,112.0,65.82641447753922,0.0,0
train/10-45/37.jpg,112.0,112.0,141.8328677803526,112.0,90.0,1
train/10-45/38.jpg,112.0,112.0,21.91115496355833,112.0,270.0,3
train/10-45/4.jpg,112.0,112.0,112.0,18.914018241198107,0.0,0
train/10-45/40.jpg,112.0,112.0,112.0,171.30430001273095,180.0,2
train/10-45/44.jpg,112.0,112.0,112.0,47.80498461718386,0.0,0
train/10-45/45.jpg,112.0,112.0,112.0,208.1873172512884,180.0,2
train/10-45/49.jpg,112.0,112.0,112.0,65.7290587949629,0.0,0
train/10-45/50.jpg,112.0,112.0,85.31667187174733,112.0,270.0,3
train/10-45/51.jpg,112.0,112.0,112.0,75.6544363092275,0.0,0
train/10-45/53.jpg,112.0,112.0,47.80498461718386,112.0,270.0,3
train/10-45/60.jpg,112.0,112.0,112.0,65.7290587949629,0.0,0
train/10-45/62.jpg,112.0,112.0,112.0,29.90249699290483,0.0,0
train/10-45/64.jpg,112.0,112.0,112.0,155.56604182158392,180.0,2
train/10-45/68.jpg,112.0,112.0,112.0,49.87110173196373,0.0,0
train/10-45/69.jpg,112.0,112.0,112.0,88.46279540812036,0.0,0
train/10-45/72.jpg,112.0,112.0,19.9130845342293,112.0,270.0,3
train/10-45/73.jpg,112.0,112.0,112.0,75.6544363092275,0.0,0
train/10-45/74.jpg,112.0,112.0,61.64128675194331,112.0,270.0,3
train/10-45/76.jpg,112.0,112.0,67.71682034903094,112.0,270.0,3
train/10-45/78.jpg,112.0,112.0,112.0,66.72307430931292,0.0,0
train/10-45/8.jpg,112.0,112.0,157.5411901469428,112.0,90.0,1
train/10-45/80.jpg,112.0,112.0,83.36435787344729,112.0,270.0,3
train/10-45/82.jpg,112.0,112.0,112.0,17.914932109287392,0.0,0
train/10-45/83.jpg,112.0,112.0,112.0,65.6103459810272,0.0,0
train/10-45/84.jpg,112.0,112.0,36.833518108135465,112.0,270.0,3
train/10-45/85.jpg,112.0,112.0,174.28964600958977,112.0,90.0,1
train/10-45/86.jpg,112.0,112.0,146.71310991541958,112.0,90.0,1
train/10-45/87.jpg,112.0,112.0,112.0,30.90129470823841,0.0,0
train/10-45/88.jpg,112.0,112.0,66.72307430931292,112.0,270.0,3
train/10-45/89.jpg,112.0,112.0,112.0,79.61173051859672,0.0,0
train/10-45/9.jpg,112.0,112.0,112.0,188.23647421018367,180.0,2
train/10-45/91.jpg,112.0,112.0,112.0,67.59279337765096,0.0,0
train/10-45/92.jpg,112.0,112.0,112.0,65.7290587949629,0.0,0
train/10-45/93.jpg,112.0,112.0,112.0,34.89617389519506,0.0,0
train/10-45/95.jpg,112.0,112.0,112.0,202.19977827023743,180.0,2
train/10-45/96.jpg,112.0,112.0,112.0,68.58341330781518,0.0,0
train/10-45/98.jpg,112.0,112.0,66.72307430931292,112.0,270.0,3
train/10-50/0.jpg,112.0,112.0,112.0,213.965680500843,180.0,2
train/10-50/1.jpg,112.0,112.0,112.0,37.75042087661372,0.0,0
train/10-50/12.jpg,112.0,112.0,171.09314681077663,112.0,90.0,1
train/10-50/13.jpg,112.0,112.0,203.23595782365635,112.0,90.0,1
train/10-50/15.jpg,112.0,112.0,112.0,185.824115301167,180.0,2
train/10-50/17.jpg,112.0,112.0,32.8419302913468,112.0,270.0,3
train/10-50/18.jpg,112.0,112.0,217.9905656178888,112.0,90.0,1
train/10-50/19.jpg,112.0,112.0,112.0,18.978497109539237,0.0,0
train/10-50/2.jpg,112.0,112.0,112.0,21.66174675144532,0.0,0
train/10-50/20.jpg,112.0,112.0,112.0,25.235952146064548,0.0,0
train/10-50/22.jpg,112.0,112.0,212.84641788382967,112.0,90.0,1
train/10-50/25.jpg,112.0,112.0,44.02206240257064,112.0,270.0,3
train/10-50/26.jpg,112.0,112.0,112.0,32.8419302913468,0.0,0
train/10-50/28.jpg,112.0,112.0,112.0,188.4852927038918,180.0,2
train/10-50/29.jpg,112.0,112.0,112.0,216.20172743289817,180.0,2
train/10-50/31.jpg,112.0,112.0,112.0,34.179694166625126,0.0,0
train/10-50/32.jpg,112.0,112.0,112.0,43.9705945932202,0.0,0
train/10-50/33.jpg,112.0,112.0,20.32121292250862,112.0,270.0,3
train/10-50/34.jpg,112.0,112.0,112.0,10.03431949915698,0.0,0
train/10-50/35.jpg,112.0,112.0,59.84638075837881,112.0,270.0,3
train/10-50/36.jpg,112.0,112.0,112.0,5.995283123815668,0.0,0
train/10-50/37.jpg,112.0,112.0,188.96752561957544,112.0,90.0,1
train/10-50/38.jpg,112.0,112.0,22.105617528123588,112.0,270.0,3
train/10-50/4.jpg,112.0,112.0,16.742454367121127,112.0,270.0,3
train/10-50/40.jpg,112.0,112.0,112.0,20.32121292250862,0.0,0
train/10-50/41.jpg,112.0,112.0,19.642000887849463,112.0,270.0,3
train/10-50/42.jpg,112.0,112.0,112.0,81.32427669964406,0.0,0
train/10-50/44.jpg,112.0,112.0,112.0,11.376941012509462,0.0,0
train/10-50/46.jpg,112.0,112.0,112.0,20.32121292250862,0.0,0
train/10-50/47.jpg,112.0,112.0,112.0,11.376941012509462,0.0,0
train/10-50/48.jpg,112.0,112.0,112.0,6.449064428589736,0.0,0
train/10-50/49.jpg,112.0,112.0,112.0,11.376941012509462,0.0,0
train/10-50/5.jpg,112.0,112.0,112.0,34.179694166625126,0.0,0
train/10-50/50.jpg,112.0,112.0,112.0,21.66174675144532,0.0,0
train/10-50/51.jpg,112.0,112.0,112.0,23.897786633932967,0.0,0
train/10-50/52.jpg,112.0,112.0,112.0,19.864230615900325,0.0,0
train/10-50/53.jpg,112.0,112.0,112.0,8.245482026082357,0.0,0
train/10-50/6.jpg,112.0,112.0,201.0,112.0,90.0,1
train/10-50/60.jpg,112.0,112.0,112.0,29.707837554236065,0.0,0
train/10-50/62.jpg,112.0,112.0,112.0,18.52807908253945,0.0,0
train/10-50/63.jpg,112.0,112.0,112.0,20.32121292250862,0.0,0
train/10-50/66.jpg,112.0,112.0,112.0,187.15317691222373,180.0,2
train/10-50/67.jpg,112.0,112.0,201.89994438263017,112.0,90.0,1
train/10-50/69.jpg,112.0,112.0,42.64583646240119,112.0,270.0,3
train/10-50/7.jpg,112.0,112.0,112.0,201.0,180.0,2
train/10-50/72.jpg,112.0,112.0,112.0,22.557280900008408,0.0,0
train/10-50/73.jpg,112.0,112.0,167.54277630799527,112.0,90.0,1
train/10-50/76.jpg,112.0,112.0,112.0,19.869657549751835,0.0,0
train/10-50/78.jpg,112.0,112.0,203.23595782365635,112.0,90.0,1
train/10-50/79.jpg,112.0,112.0,112.0,52.90685318922337,0.0,0
train/10-50/8.jpg,112.0,112.0,112.0,28.80745225682772,0.0,0
train/10-50/80.jpg,112.0,112.0,112.0,34.61137034421658,0.0,0
train/10-50/82.jpg,112.0,112.0,112.0,15.849076967509047,0.0,0
train/10-50/83.jpg,112.0,112.0,112.0,208.1509230324909,180.0,2
train/10-50/84.jpg,112.0,112.0,112.0,21.66174675144532,0.0,0
train/10-50/85.jpg,112.0,112.0,112.0,51.58477013202714,0.0,0
train/10-50/86.jpg,112.0,112.0,206.3716058992322,112.0,90.0,1
train/10-50/89.jpg,112.0,112.0,55.63511731583219,112.0,270.0,3
train/10-50/9.jpg,112.0,112.0,112.0,39.986112450444665,0.0,0
train/10-50/90.jpg,112.0,112.0,112.0,38.65151671643101,0.0,0
train/10-50/92.jpg,112.0,112.0,112.0,22.557280900008408,0.0,0
train/10-50/94.jpg,112.0,112.0,112.0,200.54942122905152,180.0,2
train/10-50/95.jpg,112.0,112.0,112.0,211.28242543370908,180.0,2
train/10-50/96.jpg,112.0,112.0,112.0,201.0,180.0,2
train/10-50/97.jpg,112.0,112.0,112.0,11.376941012509462,0.0,0
train/10-50/99.jpg,112.0,112.0,112.0,43.5529401654096,0.0,0
train/10-55/0.jpg,112.0,112.0,112.0,205.9148550549912,180.0,2
train/10-55/10.jpg,112.0,112.0,185.348483283569,112.0,90.0,1
train/10-55/12.jpg,112.0,112.0,112.0,55.140524096682,0.0,0
train/10-55/15.jpg,112.0,112.0,112.0,29.707837554236065,0.0,0
train/10-55/16.jpg,112.0,112.0,28.80745225682772,112.0,270.0,3
train/10-55/17.jpg,112.0,112.0,191.1580697086532,112.0,90.0,1
train/10-55/19.jpg,112.0,112.0,18.085144945008835,112.0,270.0,3
train/10-55/20.jpg,112.0,112.0,112.0,200.10221336606705,180.0,2
train/10-55/21.jpg,112.0,112.0,42.64583646240119,112.0,270.0,3
train/10-55/24.jpg,112.0,112.0,112.0,14.50641046714918,0.0,0
train/10-55/27.jpg,112.0,112.0,112.0,37.26714243386648,0.0,0
train/10-55/28.jpg,112.0,112.0,112.0,184.91776189653652,180.0,2
train/10-55/30.jpg,112.0,112.0,112.0,22.557280900008408,0.0,0
train/10-55/31.jpg,112.0,112.0,186.68600939935132,112.0,90.0,1
train/10-55/33.jpg,112.0,112.0,112.0,19.42570551173506,0.0,0
train/10-55/34.jpg,112.0,112.0,112.0,26.57166746330583,0.0,0
train/10-55/35.jpg,112.0,112.0,61.19645681647785,112.0,270.0,3
train/10-55/36.jpg,112.0,112.0,112.0,202.785461391128,180.0,2
train/10-55/38.jpg,112.0,112.0,199.2066511224918,112.0,90.0,1
train/10-55/4.jpg,112.0,112.0,112.0,21.21453860887196,0.0,0
train/10-55/40.jpg,112.0,112.0,112.0,51.58477013202714,0.0,0
train/10-55/41.jpg,112.0,112.0,112.0,202.33825324855468,180.0,2
train/10-55/44.jpg,112.0,112.0,26.57166746330583,112.0,270.0,3
train/10-55/45.jpg,112.0,112.0,112.0,38.65151671643101,0.0,0
train/10-55/48.jpg,112.0,112.0,35.94081252077433,112.0,270.0,3
train/10-55/49.jpg,112.0,112.0,112.0,11.820161709054446,0.0,0
train/10-55/50.jpg,112.0,112.0,112.0,56.05359707720254,0.0,0
train/10-55/51.jpg,112.0,112.0,112.0,38.65151671643101,0.0,0
train/10-55/52.jpg,112.0,112.0,112.0,44.45742083692687,0.0,0
train/10-55/53.jpg,112.0,112.0,112.0,159.53945729601884,180.0,2
train/10-55/55.jpg,112.0,112.0,204.17917335276988,112.0,90.0,1
train/10-55/56.jpg,112.0,112.0,112.0,26.57166746330583,0.0,0
train/10-55/58.jpg,112.0,112.0,45.78821857101261,112.0,270.0,3
train/10-55/6.jpg,112.0,112.0,112.0,200.54942122905152,180.0,2
train/10-55/60.jpg,112.0,112.0,112.0,42.22177990232196,0.0,0
train/10-55/61.jpg,112.0,112.0,112.0,16.742454367121127,0.0,0
train/10-55/62.jpg,112.0,112.0,185.348483283569,112.0,90.0,1
train/10-55/64.jpg,112.0,112.0,112.0,21.66174675144532,0.0,0
train/10-55/65.jpg,112.0,112.0,112.0,37.75042087661372,0.0,0
train/10-55/66.jpg,112.0,112.0,112.0,39.08223810346344,0.0,0
train/10-55/67.jpg,112.0,112.0,112.0,6.90480505750989,0.0,0
train/10-55/69.jpg,112.0,112.0,112.0,48.02344179310675,0.0,0
train/10-55/7.jpg,112.0,112.0,112.0,43.5529401654096,0.0,0
train/10-55/73.jpg,112.0,112.0,112.0,202.33825324855468,180.0,2
train/10-55/74.jpg,112.0,112.0,175.0713881248859,112.0,90.0,1
train/10-55/78.jpg,112.0,112.0,112.0,198.76404785393544,180.0,2
train/10-55/8.jpg,112.0,112.0,36.84682308777626,112.0,270.0,3
train/10-55/82.jpg,112.0,112.0,74.66369059481106,112.0,270.0,3
train/10-55/83.jpg,112.0,112.0,112.0,42.14300321370808,0.0,0
train/10-55/85.jpg,112.0,112.0,112.0,20.32121292250862,0.0,0
train/10-55/86.jpg,112.0,112.0,112.0,31.94376976149826,0.0,0
train/10-55/88.jpg,112.0,112.0,112.0,42.22177990232196,0.0,0
train/10-55/89.jpg,112.0,112.0,112.0,44.88070322180066,0.0,0
train/10-55/90.jpg,112.0,112.0,112.0,20.293947855117,0.0,0
train/10-55/91.jpg,112.0,112.0,112.0,55.140524096682,0.0,0
train/10-55/92.jpg,112.0,112.0,112.0,17.63369245329136,0.0,0
train/10-55/93.jpg,112.0,112.0,112.0,16.292111087956812,0.0,0
train/10-55/95.jpg,112.0,112.0,31.04322140796361,112.0,270.0,3
train/10-55/96.jpg,112.0,112.0,44.88070322180066,112.0,270.0,3
train/10-55/97.jpg,112.0,112.0,159.01063709417264,112.0,90.0,1
train/10-55/98.jpg,112.0,112.0,180.87670143089025,112.0,90.0,1
train/11-00/1.jpg,112.0,112.0,112.0,160.66210024238575,180.0,2
train/11-00/12.jpg,112.0,112.0,51.59304675784418,112.0,270.0,3
train/11-00/15.jpg,112.0,112.0,112.0,45.81087702650835,0.0,0
train/11-00/16.jpg,112.0,112.0,112.0,34.8378331045583,0.0,0
train/11-00/17.jpg,112.0,112.0,112.0,191.30952023559345,180.0,2
train/11-00/19.jpg,112.0,112.0,5.76911936729509,112.0,270.0,3
train/11-00/20.jpg,112.0,112.0,112.0,196.29116205154605,180.0,2
train/11-00/22.jpg,112.0,112.0,71.95003121099842,112.0,270.0,3
train/11-00/23.jpg,112.0,112.0,112.0,50.795425007602574,0.0,0
train/11-00/24.jpg,112.0,112.0,112.0,34.8378331045583,0.0,0
train/11-00/26.jpg,112.0,112.0,112.0,33.83990788132347,0.0,0
train/11-00/27.jpg,112.0,112.0,112.0,65.6103459810272,0.0,0
train/11-00/28.jpg,112.0,112.0,112.0,33.83990788132347,0.0,0
train/11-00/29.jpg,112.0,112.0,112.0,17.80870528546707,0.0,0
train/11-00/31.jpg,112.0,112.0,112.0,178.37017402418047,180.0,2
train/11-00/33.jpg,112.0,112.0,184.24956747275377,112.0,90.0,1
train/11-00/34.jpg,112.0,112.0,112.0,28.84953397605038,0.0,0
train/11-00/37.jpg,112.0,112.0,46.62416348527539,112.0,270.0,3
train/11-00/38.jpg,112.0,112.0,112.0,200.2779700718135,180.0,2
train/11-00/40.jpg,112.0,112.0,167.2268050859363,112.0,90.0,1
train/11-00/41.jpg,112.0,112.0,112.0,46.72366431852964,0.0,0
train/11-00/42.jpg,112.0,112.0,112.0,40.824161402903016,0.0,0
train/11-00/44.jpg,112.0,112.0,196.2140130857092,112.0,90.0,1
train/11-00/45.jpg,112.0,112.0,112.0,26.85306817036799,0.0,0
train/11-00/46.jpg,112.0,112.0,36.67404165893407,112.0,270.0,3
train/11-00/47.jpg,112.0,112.0,112.0,205.3434518324665,180.0,2
train/11-00/49.jpg,112.0,112.0,112.0,55.77722881251761,0.0,0
train/11-00/5.jpg,112.0,112.0,112.0,35.76352578981633,0.0,0
train/11-00/50.jpg,112.0,112.0,167.3263047744922,112.0,90.0,1
train/11-00/52.jpg,112.0,112.0,42.64583646240119,112.0,270.0,3
train/11-00/53.jpg,112.0,112.0,112.0,83.36435787344729,0.0,0
train/11-00/57.jpg,112.0,112.0,112.0,163.478150704935,180.0,2
train/11-00/6.jpg,112.0,112.0,112.0,48.80189876270016,0.0,0
train/11-00/61.jpg,112.0,112.0,112.0,33.76957113756822,0.0,0
train/11-00/62.jpg,112.0,112.0,112.0,32.8419302913468,0.0,0
train/11-00/64.jpg,112.0,112.0,23.7220299281865,112.0,270.0,3
train/11-00/65.jpg,112.0,112.0,112.0,178.06814663663573,180.0,2
train/11-00/66.jpg,112.0,112.0,112.0,48.80189876270016,0.0,0
train/11-00/67.jpg,112.0,112.0,112.0,201.27485648266256,180.0,2
train/11-00/68.jpg,112.0,112.0,112.0,27.8513220543543,0.0,0
train/11-00/69.jpg,112.0,112.0,112.0,44.813691871036696,0.0,0
train/11-00/72.jpg,112.0,112.0,112.0,30.845825738906072,0.0,0
train/11-00/73.jpg,112.0,112.0,54.57178393855508,112.0,270.0,3
train/11-00/74.jpg,112.0,112.0,173.29437168288783,112.0,90.0,1
train/11-00/78.jpg,112.0,112.0,22.72514351733743,112.0,270.0,3
train/11-00/79.jpg,112.0,112.0,52.586196889948205,112.0,270.0,3
train/11-00/8.jpg,112.0,112.0,216.12012293500237,112.0,90.0,1
train/11-00/80.jpg,112.0,112.0,112.0,34.76658754140149,0.0,0
train/11-00/82.jpg,112.0,112.0,192.156097709407,112.0,90.0,1
train/11-00/83.jpg,112.0,112.0,112.0,45.72783389687643,0.0,0
train/11-00/84.jpg,112.0,112.0,112.0,46.72366431852964,0.0,0
train/11-00/86.jpg,112.0,112.0,189.1621668954417,112.0,90.0,1
train/11-00/87.jpg,112.0,112.0,112.0,190.31347265956225,180.0,2
train/11-00/89.jpg,112.0,112.0,112.0,181.3541635375988,180.0,2
train/11-00/9.jpg,112.0,112.0,176.19501538281614,112.0,90.0,1
train/11-00/92.jpg,112.0,112.0,112.0,16.868512047797765,0.0,0
train/11-00/93.jpg,112.0,112.0,112.0,34.8378331045583,0.0,0
train/11-00/94.jpg,112.0,112.0,112.0,48.80189876270016,0.0,0
train/11-00/95.jpg,112.0,112.0,196.1486779456457,112.0,90.0,1
train/11-00/97.jpg,112.0,112.0,196.1486779456457,112.0,90.0,1
train/11-00/98.jpg,112.0,112.0,112.0,47.80498461718386,0.0,0
train/11-00/99.jpg,112.0,112.0,112.0,43.73580733649595,0.0,0
train/11-05/0.jpg,112.0,112.0,112.0,19.35012142479624,0.0,0
train/11-05/1.jpg,112.0,112.0,186.0607858451421,112.0,90.0,1
train/11-05/10.jpg,112.0,112.0,112.0,22.412054382299843,0.0,0
train/11-05/12.jpg,112.0,112.0,112.0,9.374467114660009,0.0,0
train/11-05/13.jpg,112.0,112.0,112.0,46.54008860378744,0.0,0
train/11-05/14.jpg,112.0,112.0,112.0,37.93921415485791,0.0,0
train/11-05/15.jpg,112.0,112.0,112.0,39.888974490720216,0.0,0
train/11-05/16.jpg,112.0,112.0,112.0,20.731166327162924,0.0,0
train/11-05/17.jpg,112.0,112.0,112.0,8.535030082641015,0.0,0
train/11-05/18.jpg,112.0,112.0,20.7366448129371,112.0,270.0,3
train/11-05/19.jpg,112.0,112.0,112.0,23.79569171520022,0.0,0
train/11-05/2.jpg,112.0,112.0,18.8066525979456,112.0,270.0,3
train/11-05/20.jpg,112.0,112.0,112.0,14.36291688093094,0.0,0
train/11-05/21.jpg,112.0,112.0,112.0,34.06412892640515,0.0,0
train/11-05/24.jpg,112.0,112.0,112.0,20.731166327162924,0.0,0
train/11-05/25.jpg,112.0,112.0,112.0,46.26568628182082,0.0,0
train/11-05/26.jpg,112.0,112.0,112.0,202.13878188659973,180.0,2
train/11-05/28.jpg,112.0,112.0,198.53323061113576,112.0,90.0,1
train/11-05/30.jpg,112.0,112.0,112.0,204.3579991121505,180.0,2
train/11-05/32.jpg,112.0,112.0,112.0,5.76911936729509,0.0,0
train/11-05/33.jpg,112.0,112.0,112.0,22.412054382299843,0.0,0
train/11-05/34.jpg,112.0,112.0,112.0,205.1933474020544,180.0,2
train/11-05/37.jpg,112.0,112.0,112.0,180.818602136341,180.0,2
train/11-05/38.jpg,112.0,112.0,112.0,20.731166327162924,0.0,0
train/11-05/4.jpg,112.0,112.0,20.474047396380517,112.0,270.0,3
train/11-05/42.jpg,112.0,112.0,6.605502989956818,112.0,270.0,3
train/11-05/44.jpg,112.0,112.0,112.0,26.01744362953612,0.0,0
train/11-05/45.jpg,112.0,112.0,112.0,212.4041831797859,180.0,2
train/11-05/46.jpg,112.0,112.0,112.0,21.5732340509736,0.0,0
train/11-05/47.jpg,112.0,112.0,18.255666837936275,112.0,270.0,3
train/11-05/49.jpg,112.0,112.0,112.0,24.63295815926924,0.0,0
train/11-05/5.jpg,112.0,112.0,112.0,20.731166327162924,0.0,0
train/11-05/51.jpg,112.0,112.0,112.0,215.46496991735896,180.0,2
train/11-05/53.jpg,112.0,112.0,112.0,216.56098698845568,180.0,2
train/11-05/56.jpg,112.0,112.0,112.0,19.35012142479624,0.0,0
train/11-05/60.jpg,112.0,112.0,112.0,34.06412892640515,0.0,0
train/11-05/62.jpg,112.0,112.0,21.86121811340027,112.0,270.0,3
train/11-05/63.jpg,112.0,112.0,112.0,24.63295815926924,0.0,0
train/11-05/64.jpg,112.0,112.0,112.0,204.3579991121505,180.0,2
train/11-05/66.jpg,112.0,112.0,112.0,39.888974490720216,0.0,0
train/11-05/67.jpg,112.0,112.0,112.0,20.731166327162924,0.0,0
train/11-05/68.jpg,112.0,112.0,112.0,15.20123967735951,0.0,0
train/11-05/71.jpg,112.0,112.0,112.0,20.19041444380657,0.0,0
train/11-05/72.jpg,112.0,112.0,112.0,7.692761516757613,0.0,0
train/11-05/73.jpg,112.0,112.0,112.0,20.731166327162924,0.0,0
train/11-05/74.jpg,112.0,112.0,46.19726449455159,112.0,270.0,3
train/11-05/76.jpg,112.0,112.0,200.20430828479977,112.0,90.0,1
train/11-05/77.jpg,112.0,112.0,112.0,7.376866802795476,0.0,0
train/11-05/79.jpg,112.0,112.0,112.0,54.57178393855508,0.0,0
train/11-05/8.jpg,112.0,112.0,18.255666837936275,112.0,270.0,3
train/11-05/80.jpg,112.0,112.0,112.0,33.50796218723838,0.0,0
train/11-05/82.jpg,112.0,112.0,112.0,202.13878188659973,180.0,2
train/11-05/84.jpg,112.0,112.0,112.0,6.847729458656005,0.0,0
train/11-05/85.jpg,112.0,112.0,24.07958143866693,112.0,270.0,3
train/11-05/88.jpg,112.0,112.0,112.0,39.888974490720216,0.0,0
train/11-05/89.jpg,112.0,112.0,112.0,206.36630754670864,180.0,2
train/11-05/9.jpg,112.0,112.0,181.63476143421477,112.0,90.0,1
train/11-05/90.jpg,112.0,112.0,112.0,22.955067522065026,0.0,0
train/11-05/91.jpg,112.0,112.0,175.00793600809345,112.0,90.0,1
train/11-05/93.jpg,112.0,112.0,112.0,197.7029754442633,180.0,2
train/11-05/94.jpg,112.0,112.0,112.0,22.955067522065026,0.0,0
train/11-05/95.jpg,112.0,112.0,112.0,37.66965626340748,0.0,0
train/11-05/96.jpg,112.0,112.0,112.0,179.4240313241503,180.0,2
train/11-05/97.jpg,112.0,112.0,112.0,18.8066525979456,0.0,0
train/11-05/98.jpg,112.0,112.0,112.0,42.10722497997379,0.0,0
train/11-10/10.jpg,112.0,112.0,209.63708311906908,112.0,90.0,1
train/11-10/13.jpg,112.0,112.0,201.58794561770011,112.0,90.0,1
train/11-10/20.jpg,112.0,112.0,112.0,19.642000887849463,0.0,0
train/11-10/24.jpg,112.0,112.0,112.0,197.146931829632,180.0,2
train/11-10/27.jpg,112.0,112.0,204.9139386744529,112.0,90.0,1
train/11-10/28.jpg,112.0,112.0,112.0,19.869657549751835,0.0,0
train/11-10/33.jpg,112.0,112.0,112.0,195.76156636548768,180.0,2
train/11-10/35.jpg,112.0,112.0,112.0,45.50939916048284,0.0,0
train/11-10/41.jpg,112.0,112.0,112.0,20.758562045526705,0.0,0
train/11-10/44.jpg,112.0,112.0,112.0,214.62553288534,180.0,2
train/11-10/47.jpg,112.0,112.0,112.0,7.9903850598416994,0.0,0
train/11-10/49.jpg,112.0,112.0,112.0,213.07423014794625,180.0,2
train/11-10/60.jpg,112.0,112.0,112.0,216.84750831564855,180.0,2
train/11-10/69.jpg,112.0,112.0,112.0,218.2308806327049,180.0,2
train/11-10/8.jpg,112.0,112.0,112.0,211.8599018625594,180.0,2
train/11-10/86.jpg,112.0,112.0,112.0,37.31399060064864,0.0,0
train/11-10/93.jpg,112.0,112.0,112.0,204.1357693840997,180.0,2
train/11-10/97.jpg,112.0,112.0,112.0,215.46496991735896,180.0,2
train/11-10/99.jpg,112.0,112.0,112.0,183.28113354878693,180.0,2
train/11-15/0.jpg,112.0,112.0,189.1038261048049,112.0,90.0,1
train/11-15/1.jpg,112.0,112.0,112.0,54.6850804763716,0.0,0
train/11-15/12.jpg,112.0,112.0,112.0,43.81642426507686,0.0,0
train/11-15/13.jpg,112.0,112.0,112.0,181.1158447825099,180.0,2
train/11-15/15.jpg,112.0,112.0,112.0,21.800221729762555,0.0,0
train/11-15/16.jpg,112.0,112.0,112.0,30.845825738906072,0.0,0
train/11-15/18.jpg,112.0,112.0,112.0,168.1426753904728,180.0,2
train/11-15/19.jpg,112.0,112.0,112.0,196.09518416651457,180.0,2
train/11-15/20.jpg,112.0,112.0,112.0,25.85477378287291,0.0,0
train/11-15/22.jpg,112.0,112.0,54.12945481507885,112.0,270.0,3
train/11-15/26.jpg,112.0,112.0,112.0,191.1012010022604,180.0,2
train/11-15/27.jpg,112.0,112.0,112.0,66.60176214873533,0.0,0
train/11-15/28.jpg,112.0,112.0,112.0,31.843902290593007,0.0,0
train/11-15/29.jpg,112.0,112.0,112.0,209.32933781753576,180.0,2
train/11-15/3.jpg,112.0,112.0,112.0,43.73580733649595,0.0,0
train/11-15/30.jpg,112.0,112.0,19.864230615900325,112.0,270.0,3
train/11-15/32.jpg,112.0,112.0,112.0,41.821655761909,0.0,0
train/11-15/34.jpg,112.0,112.0,27.8513220543543,112.0,270.0,3
train/11-15/36.jpg,112.0,112.0,202.0499861188218,112.0,90.0,1
train/11-15/37.jpg,112.0,112.0,112.0,12.818348471100762,0.0,0
train/11-15/38.jpg,112.0,112.0,112.0,203.08786966440704,180.0,2
train/11-15/4.jpg,112.0,112.0,199.091905479212,112.0,90.0,1
train/11-15/40.jpg,112.0,112.0,112.0,171.13543776789007,180.0,2
train/11-15/42.jpg,112.0,112.0,112.0,20.802412312605554,0.0,0
train/11-15/43.jpg,112.0,112.0,112.0,83.55707469334422,0.0,0
train/11-15/44.jpg,112.0,112.0,214.12247548899316,112.0,90.0,1
train/11-15/45.jpg,112.0,112.0,112.0,24.856440283862625,0.0,0
train/11-15/46.jpg,112.0,112.0,112.0,37.831273436845365,0.0,0
train/11-15/47.jpg,112.0,112.0,213.1236866416568,112.0,90.0,1
train/11-15/49.jpg,112.0,112.0,168.1426753904728,112.0,90.0,1
train/11-15/5.jpg,112.0,112.0,112.0,36.76038277609328,0.0,0
train/11-15/50.jpg,112.0,112.0,112.0,49.710353990410255,0.0,0
train/11-15/53.jpg,112.0,112.0,112.0,47.719365280047214,0.0,0
train/11-15/56.jpg,112.0,112.0,112.0,6.881019791856815,0.0,0
train/11-15/57.jpg,112.0,112.0,65.6103459810272,112.0,270.0,3
train/11-15/60.jpg,112.0,112.0,112.0,8.878712188025887,0.0,0
train/11-15/62.jpg,112.0,112.0,192.0999375780032,112.0,90.0,1
train/11-15/63.jpg,112.0,112.0,112.0,22.797982085605256,0.0,0
train/11-15/64.jpg,112.0,112.0,112.0,207.0841732361385,180.0,2
train/11-15/66.jpg,112.0,112.0,112.0,206.0850678907126,180.0,2
train/11-15/67.jpg,112.0,112.0,112.0,21.800221729762555,0.0,0
train/11-15/69.jpg,112.0,112.0,112.0,38.82896748029313,0.0,0
train/11-15/7.jpg,112.0,112.0,112.0,22.797982085605256,0.0,0
train/11-15/72.jpg,112.0,112.0,112.0,20.86274087948442,0.0,0
train/11-15/73.jpg,112.0,112.0,112.0,51.792027106038525,0.0,0
train/11-15/74.jpg,112.0,112.0,201.14033879226625,112.0,90.0,1
train/11-15/75.jpg,112.0,112.0,112.0,11.875078027496071,0.0,0
train/11-15/76.jpg,112.0,112.0,112.0,20.86274087948442,0.0,0
train/11-15/78.jpg,112.0,112.0,112.0,21.86121811340027,0.0,0
train/11-15/79.jpg,112.0,112.0,112.0,55.67948863868511,0.0,0
train/11-15/8.jpg,112.0,112.0,112.0,216.0768946500615,180.0,2
train/11-15/80.jpg,112.0,112.0,187.1664818918645,112.0,90.0,1
train/11-15/82.jpg,112.0,112.0,112.0,27.8513220543543,0.0,0
train/11-15/83.jpg,112.0,112.0,112.0,38.753839691080046,0.0,0
train/11-15/84.jpg,112.0,112.0,112.0,190.1600921186765,180.0,2
train/11-15/85.jpg,112.0,112.0,112.0,175.12685640834653,180.0,2
train/11-15/86.jpg,112.0,112.0,112.0,29.847702405836515,0.0,0
train/11-15/90.jpg,112.0,112.0,112.0,34.89617389519506,0.0,0
train/11-15/91.jpg,112.0,112.0,112.0,177.19202405202648,180.0,2
train/11-15/92.jpg,112.0,112.0,112.0,204.0869154657707,180.0,2
train/11-15/96.jpg,112.0,112.0,112.0,35.76352578981633,0.0,0
train/11-15/98.jpg,112.0,112.0,112.0,18.8066525979456,0.0,0
train/11-15/99.jpg,112.0,112.0,112.0,42.73962171630883,0.0,0
train/11-20/1.jpg,112.0,112.0,112.0,189.6659513557904,180.0,2
train/11-20/12.jpg,112.0,112.0,217.5461984156701,112.0,90.0,1
train/11-20/13.jpg,112.0,112.0,112.0,25.46676938886425,0.0,0
train/11-20/16.jpg,112.0,112.0,205.9148550549912,112.0,90.0,1
train/11-20/18.jpg,112.0,112.0,23.43364069806188,112.0,270.0,3
train/11-20/19.jpg,112.0,112.0,112.0,207.4148835350125,180.0,2
train/11-20/2.jpg,112.0,112.0,112.0,13.521575967118563,0.0,0
train/11-20/24.jpg,112.0,112.0,12.140098137440576,112.0,270.0,3
train/11-20/26.jpg,112.0,112.0,112.0,12.97980004059778,0.0,0
train/11-20/27.jpg,112.0,112.0,217.9905656178888,112.0,90.0,1
train/11-20/3.jpg,112.0,112.0,112.0,203.5259526036195,180.0,2
train/11-20/30.jpg,112.0,112.0,112.0,24.63295815926924,0.0,0
train/11-20/31.jpg,112.0,112.0,112.0,195.4865258589672,180.0,2
train/11-20/32.jpg,112.0,112.0,112.0,205.74433316206373,180.0,2
train/11-20/34.jpg,112.0,112.0,112.0,10.03431949915698,0.0,0
train/11-20/36.jpg,112.0,112.0,216.2353107157071,112.0,90.0,1
train/11-20/37.jpg,112.0,112.0,34.89617389519506,112.0,270.0,3
train/11-20/40.jpg,112.0,112.0,112.0,53.17823532058903,0.0,0
train/11-20/42.jpg,112.0,112.0,112.0,200.10221336606705,180.0,2
train/11-20/46.jpg,112.0,112.0,202.785461391128,112.0,90.0,1
train/11-20/47.jpg,112.0,112.0,8.535030082641015,112.0,270.0,3
train/11-20/49.jpg,112.0,112.0,112.0,11.595816820214113,0.0,0
train/11-20/5.jpg,112.0,112.0,112.0,35.72418469790047,0.0,0
train/11-20/50.jpg,112.0,112.0,112.0,50.967221921331486,0.0,0
train/11-20/56.jpg,112.0,112.0,112.0,15.849076967509047,0.0,0
train/11-20/59.jpg,112.0,112.0,112.0,6.3117792750772,0.0,0
train/11-20/61.jpg,112.0,112.0,217.6882207249228,112.0,90.0,1
train/11-20/62.jpg,112.0,112.0,30.458599472415244,112.0,270.0,3
train/11-20/66.jpg,112.0,112.0,28.238433634512305,112.0,270.0,3
train/11-20/71.jpg,112.0,112.0,204.3579991121505,112.0,90.0,1
train/11-20/72.jpg,112.0,112.0,112.0,21.5732340509736,0.0,0
train/11-20/73.jpg,112.0,112.0,112.0,21.66174675144532,0.0,0
train/11-20/74.jpg,112.0,112.0,112.0,23.0,0.0,0
train/11-20/75.jpg,112.0,112.0,206.36630754670864,112.0,90.0,1
train/11-20/76.jpg,112.0,112.0,22.955067522065026,112.0,270.0,3
train/11-20/78.jpg,112.0,112.0,112.0,203.80958555619344,180.0,2
train/11-20/79.jpg,112.0,112.0,112.0,55.140524096682,0.0,0
train/11-20/8.jpg,112.0,112.0,112.0,205.1933474020544,180.0,2
train/11-20/80.jpg,112.0,112.0,6.3117792750772,112.0,270.0,3
train/11-20/81.jpg,112.0,112.0,181.3181073024935,112.0,90.0,1
train/11-20/83.jpg,112.0,112.0,112.0,37.93921415485791,0.0,0
train/11-20/85.jpg,112.0,112.0,204.3579991121505,112.0,90.0,1
train/11-20/86.jpg,112.0,112.0,16.585116464987493,112.0,270.0,3
train/11-20/89.jpg,112.0,112.0,112.0,24.63295815926924,0.0,0
train/11-20/9.jpg,112.0,112.0,39.888974490720216,112.0,270.0,3
train/11-20/91.jpg,112.0,112.0,112.0,48.754446796632415,0.0,0
train/11-20/95.jpg,112.0,112.0,22.412054382299843,112.0,270.0,3
train/11-20/98.jpg,112.0,112.0,191.1580697086532,112.0,90.0,1
train/11-20/99.jpg,112.0,112.0,112.0,183.84705978674424,180.0,2
train/11-25/1.jpg,112.0,112.0,112.0,36.54802852144948,0.0,0
train/11-25/10.jpg,112.0,112.0,23.45057877094848,112.0,270.0,3
train/11-25/12.jpg,112.0,112.0,143.76476034853718,112.0,90.0,1
train/11-25/13.jpg,112.0,112.0,112.0,203.6787870774914,180.0,2
train/11-25/16.jpg,112.0,112.0,112.0,31.04322140796361,0.0,0
train/11-25/17.jpg,112.0,112.0,112.0,25.235952146064548,0.0,0
train/11-25/18.jpg,112.0,112.0,112.0,23.0,0.0,0
train/11-25/2.jpg,112.0,112.0,112.0,23.897786633932967,0.0,0
train/11-25/20.jpg,112.0,112.0,112.0,11.376941012509462,0.0,0
train/11-25/21.jpg,112.0,112.0,112.0,5.76911936729509,0.0,0
train/11-25/23.jpg,112.0,112.0,112.0,12.140098137440576,0.0,0
train/11-25/24.jpg,112.0,112.0,112.0,18.255666837936275,0.0,0
train/11-25/27.jpg,112.0,112.0,202.13878188659973,112.0,90.0,1
train/11-25/28.jpg,112.0,112.0,112.0,21.66174675144532,0.0,0
train/11-25/29.jpg,112.0,112.0,112.0,216.84750831564855,180.0,2
train/11-25/31.jpg,112.0,112.0,112.0,25.235952146064548,0.0,0
train/11-25/32.jpg,112.0,112.0,112.0,48.754446796632415,0.0,0
train/11-25/33.jpg,112.0,112.0,112.0,19.42570551173506,0.0,0
train/11-25/34.jpg,112.0,112.0,112.0,9.91670068027777,0.0,0
train/11-25/37.jpg,112.0,112.0,181.06518659932803,112.0,90.0,1
train/11-25/38.jpg,112.0,112.0,200.20430828479977,112.0,90.0,1
train/11-25/4.jpg,112.0,112.0,112.0,14.36291688093094,0.0,0
train/11-25/42.jpg,112.0,112.0,112.0,12.140098137440576,0.0,0
train/11-25/44.jpg,112.0,112.0,112.0,30.458599472415244,0.0,0
train/11-25/45.jpg,112.0,112.0,112.0,13.613008990009249,0.0,0
train/11-25/46.jpg,112.0,112.0,112.0,21.5732340509736,0.0,0
train/11-25/47.jpg,112.0,112.0,112.0,11.297467757756962,0.0,0
train/11-25/48.jpg,112.0,112.0,112.0,181.3541635375988,180.0,2
train/11-25/49.jpg,112.0,112.0,200.20430828479977,112.0,90.0,1
train/11-25/5.jpg,112.0,112.0,112.0,217.5461984156701,180.0,2
train/11-25/50.jpg,112.0,112.0,112.0,54.57178393855508,0.0,0
train/11-25/51.jpg,112.0,112.0,112.0,200.10221336606705,180.0,2
train/11-25/52.jpg,112.0,112.0,112.0,21.66174675144532,0.0,0
train/11-25/57.jpg,112.0,112.0,112.0,36.35609740369023,0.0,0
train/11-25/58.jpg,112.0,112.0,14.50641046714918,112.0,270.0,3
train/11-25/60.jpg,112.0,112.0,112.0,17.189663010829875,0.0,0
train/11-25/62.jpg,112.0,112.0,112.0,34.89617389519506,0.0,0
train/11-25/63.jpg,112.0,112.0,112.0,21.5732340509736,0.0,0
train/11-25/64.jpg,112.0,112.0,7.343418744925557,112.0,270.0,3
train/11-25/66.jpg,112.0,112.0,112.0,6.90480505750989,0.0,0
train/11-25/7.jpg,112.0,112.0,201.58794561770011,112.0,90.0,1
train/11-25/71.jpg,112.0,112.0,112.0,17.189663010829875,0.0,0
train/11-25/73.jpg,112.0,112.0,112.0,203.6787870774914,180.0,2
train/11-25/74.jpg,112.0,112.0,55.63511731583219,112.0,270.0,3
train/11-25/75.jpg,112.0,112.0,112.0,20.76404217634365,0.0,0
train/11-25/78.jpg,112.0,112.0,112.0,202.785461391128,180.0,2
train/11-25/79.jpg,112.0,112.0,112.0,171.50630218724734,180.0,2
train/11-25/8.jpg,112.0,112.0,200.75246475450692,112.0,90.0,1
train/11-25/80.jpg,112.0,112.0,188.27581530209957,112.0,90.0,1
train/11-25/81.jpg,112.0,112.0,201.3588272080604,112.0,90.0,1
train/11-25/82.jpg,112.0,112.0,208.2548700066651,112.0,90.0,1
train/11-25/84.jpg,112.0,112.0,204.1357693840997,112.0,90.0,1
train/11-25/85.jpg,112.0,112.0,21.21453860887196,112.0,270.0,3
train/11-25/86.jpg,112.0,112.0,15.397722594133429,112.0,270.0,3
train/11-25/87.jpg,112.0,112.0,112.0,15.745129993334883,0.0,0
train/11-25/89.jpg,112.0,112.0,199.3670418407308,112.0,90.0,1
train/11-25/9.jpg,112.0,112.0,201.58794561770011,112.0,90.0,1
train/11-25/91.jpg,112.0,112.0,112.0,166.12947441089744,180.0,2
train/11-25/92.jpg,112.0,112.0,209.63708311906908,112.0,90.0,1
train/11-25/93.jpg,112.0,112.0,112.0,22.412054382299843,0.0,0
train/11-25/94.jpg,112.0,112.0,201.8888202169769,112.0,90.0,1
train/11-25/95.jpg,112.0,112.0,21.21453860887196,112.0,270.0,3
train/11-25/96.jpg,112.0,112.0,112.0,21.66174675144532,0.0,0
train/11-25/97.jpg,112.0,112.0,112.0,14.36291688093094,0.0,0
train/11-25/99.jpg,112.0,112.0,8.26958016088048,112.0,270.0,3
train/11-30/0.jpg,112.0,112.0,112.0,21.72818823131996,0.0,0
train/11-30/1.jpg,112.0,112.0,112.0,162.3587132480567,180.0,2
train/11-30/10.jpg,112.0,112.0,112.0,15.745129993334883,0.0,0
train/11-30/12.jpg,112.0,112.0,150.3275357934736,112.0,90.0,1
train/11-30/13.jpg,112.0,112.0,112.0,65.7290587949629,0.0,0
train/11-30/15.jpg,112.0,112.0,112.0,36.833518108135465,0.0,0
train/11-30/16.jpg,112.0,112.0,112.0,33.89750324093346,0.0,0
train/11-30/17.jpg,112.0,112.0,112.0,27.904815833485443,0.0,0
train/11-30/18.jpg,112.0,112.0,112.0,54.78112199632013,0.0,0
train/11-30/19.jpg,112.0,112.0,112.0,6.957151599930427,0.0,0
train/11-30/2.jpg,112.0,112.0,112.0,44.88070322180066,0.0,0
train/11-30/20.jpg,112.0,112.0,112.0,65.7290587949629,0.0,0
train/11-30/21.jpg,112.0,112.0,16.810714888701895,112.0,270.0,3
train/11-30/24.jpg,112.0,112.0,29.847702405836515,112.0,270.0,3
train/11-30/27.jpg,112.0,112.0,112.0,64.83009433971698,0.0,0
train/11-30/28.jpg,112.0,112.0,112.0,170.69412236331675,180.0,2
train/11-30/29.jpg,112.0,112.0,6.881019791856815,112.0,270.0,3
train/11-30/3.jpg,112.0,112.0,112.0,43.53102892550524,0.0,0
train/11-30/30.jpg,112.0,112.0,112.0,66.72307430931292,0.0,0
train/11-30/31.jpg,112.0,112.0,112.0,67.59279337765096,0.0,0
train/11-30/32.jpg,112.0,112.0,112.0,191.30952023559345,180.0,2
train/11-30/33.jpg,112.0,112.0,31.694333948344592,112.0,270.0,3
train/11-30/34.jpg,112.0,112.0,112.0,200.20430828479977,180.0,2
train/11-30/36.jpg,112.0,112.0,112.0,75.77845944745033,0.0,0
train/11-30/37.jpg,112.0,112.0,112.0,46.87703937934026,0.0,0
train/11-30/38.jpg,112.0,112.0,112.0,21.91115496355833,0.0,0
train/11-30/4.jpg,112.0,112.0,112.0,21.91115496355833,0.0,0
train/11-30/42.jpg,112.0,112.0,112.0,182.2566722810012,180.0,2
train/11-30/43.jpg,112.0,112.0,178.12110101926618,112.0,90.0,1
train/11-30/44.jpg,112.0,112.0,112.0,22.859661207733797,0.0,0
train/11-30/46.jpg,112.0,112.0,112.0,34.89617389519506,0.0,0
train/11-30/47.jpg,112.0,112.0,12.752833793603957,112.0,270.0,3
train/11-30/51.jpg,112.0,112.0,8.878712188025887,112.0,270.0,3
train/11-30/52.jpg,112.0,112.0,112.0,43.88245453629439,0.0,0
train/11-30/53.jpg,112.0,112.0,112.0,40.824161402903016,0.0,0
train/11-30/54.jpg,112.0,112.0,112.0,66.4588098530572,0.0,0
train/11-30/56.jpg,112.0,112.0,112.0,7.923105349938496,0.0,0
train/11-30/58.jpg,112.0,112.0,215.07764064044156,112.0,90.0,1
train/11-30/61.jpg,112.0,112.0,112.0,158.52956049652738,180.0,2
train/11-30/62.jpg,112.0,112.0,112.0,30.698093503288614,0.0,0
train/11-30/63.jpg,112.0,112.0,112.0,17.86711520409034,0.0,0
train/11-30/65.jpg,112.0,112.0,112.0,31.694333948344592,0.0,0
train/11-30/66.jpg,112.0,112.0,112.0,41.65087065215377,0.0,0
train/11-30/72.jpg,112.0,112.0,112.0,65.7290587949629,0.0,0
train/11-30/73.jpg,112.0,112.0,69.80995378054203,112.0,270.0,3
train/11-30/74.jpg,112.0,112.0,171.5399025864168,112.0,90.0,1
train/11-30/75.jpg,112.0,112.0,112.0,39.888974490720216,0.0,0
train/11-30/79.jpg,112.0,112.0,112.0,43.1160396028219,0.0,0
train/11-30/8.jpg,112.0,112.0,217.07616285342743,112.0,90.0,1
train/11-30/80.jpg,112.0,112.0,112.0,170.69412236331675,180.0,2
train/11-30/82.jpg,112.0,112.0,112.0,65.7290587949629,0.0,0
train/11-30/85.jpg,112.0,112.0,180.59300255857005,112.0,90.0,1
train/11-30/86.jpg,112.0,112.0,29.78078083562214,112.0,270.0,3
train/11-30/88.jpg,112.0,112.0,112.0,46.87703937934026,0.0,0
train/11-30/89.jpg,112.0,112.0,112.0,40.88741320975589,0.0,0
train/11-30/9.jpg,112.0,112.0,112.0,36.67404165893407,0.0,0
train/11-30/90.jpg,112.0,112.0,22.859661207733797,112.0,270.0,3
train/11-30/91.jpg,112.0,112.0,78.62336146344273,112.0,270.0,3
train/11-30/92.jpg,112.0,112.0,112.0,67.59279337765096,0.0,0
train/11-30/93.jpg,112.0,112.0,37.831273436845365,112.0,270.0,3
train/11-30/94.jpg,112.0,112.0,112.0,55.4314575050762,0.0,0
train/11-30/96.jpg,112.0,112.0,112.0,68.58341330781518,0.0,0
train/11-30/98.jpg,112.0,112.0,112.0,65.7290587949629,0.0,0
train/11-30/99.jpg,112.0,112.0,112.0,192.3056660516554,180.0,2
train/11-35/0.jpg,112.0,112.0,112.0,201.58794561770011,180.0,2
train/11-35/1.jpg,112.0,112.0,36.54802852144948,112.0,270.0,3
train/11-35/10.jpg,112.0,112.0,22.412054382299843,112.0,270.0,3
train/11-35/12.jpg,112.0,112.0,112.0,7.798272567101847,0.0,0
train/11-35/13.jpg,112.0,112.0,112.0,22.105617528123588,0.0,0
train/11-35/15.jpg,112.0,112.0,112.0,202.4267659490264,180.0,2
train/11-35/16.jpg,112.0,112.0,112.0,12.702467301548722,0.0,0
train/11-35/17.jpg,112.0,112.0,112.0,10.466754213213491,0.0,0
train/11-35/18.jpg,112.0,112.0,20.76404217634365,112.0,270.0,3
train/11-35/19.jpg,112.0,112.0,112.0,23.45057877094848,0.0,0
train/11-35/2.jpg,112.0,112.0,28.238433634512305,112.0,270.0,3
train/11-35/20.jpg,112.0,112.0,112.0,20.758562045526705,0.0,0
train/11-35/21.jpg,112.0,112.0,112.0,6.605502989956818,0.0,0
train/11-35/24.jpg,112.0,112.0,13.161748295510606,112.0,270.0,3
train/11-35/26.jpg,112.0,112.0,212.18482919085105,112.0,90.0,1
train/11-35/29.jpg,112.0,112.0,112.0,40.88741320975589,0.0,0
train/11-35/30.jpg,112.0,112.0,112.0,22.105617528123588,0.0,0
train/11-35/31.jpg,112.0,112.0,112.0,44.57596867584971,0.0,0
train/11-35/32.jpg,112.0,112.0,112.0,38.65151671643101,0.0,0
train/11-35/37.jpg,112.0,112.0,112.0,12.702467301548722,0.0,0
train/11-35/38.jpg,112.0,112.0,112.0,201.044932477935,180.0,2
train/11-35/4.jpg,112.0,112.0,112.0,199.3670418407308,180.0,2
train/11-35/40.jpg,112.0,112.0,112.0,36.41561007721238,0.0,0
train/11-35/42.jpg,112.0,112.0,112.0,199.3670418407308,180.0,2
train/11-35/45.jpg,112.0,112.0,112.0,20.758562045526705,0.0,0
train/11-35/46.jpg,112.0,112.0,22.412054382299843,112.0,270.0,3
train/11-35/48.jpg,112.0,112.0,112.0,47.52519872074052,0.0,0
train/11-35/5.jpg,112.0,112.0,112.0,35.077961545471254,0.0,0
train/11-35/50.jpg,112.0,112.0,112.0,201.58794561770011,180.0,2
train/11-35/51.jpg,112.0,112.0,112.0,207.25754563287887,180.0,2
train/11-35/52.jpg,112.0,112.0,217.3944970100432,112.0,90.0,1
train/11-35/53.jpg,112.0,112.0,112.0,6.605502989956818,0.0,0
train/11-35/58.jpg,112.0,112.0,214.4207010325549,112.0,90.0,1
train/11-35/59.jpg,112.0,112.0,112.0,145.4215499341368,180.0,2
train/11-35/6.jpg,112.0,112.0,112.0,23.45057877094848,0.0,0
train/11-35/60.jpg,112.0,112.0,112.0,211.72963451251587,180.0,2
train/11-35/61.jpg,112.0,112.0,112.0,19.642000887849463,0.0,0
train/11-35/62.jpg,112.0,112.0,112.0,17.173843270962422,0.0,0
train/11-35/63.jpg,112.0,112.0,112.0,21.21453860887196,0.0,0
train/11-35/64.jpg,112.0,112.0,112.0,22.105617528123588,0.0,0
train/11-35/66.jpg,112.0,112.0,112.0,24.79334887750821,0.0,0
train/11-35/67.jpg,112.0,112.0,6.453801584329909,112.0,270.0,3
train/11-35/72.jpg,112.0,112.0,112.0,21.86121811340027,0.0,0
train/11-35/73.jpg,112.0,112.0,112.0,200.20430828479977,180.0,2
train/11-35/75.jpg,112.0,112.0,199.9204185613331,112.0,90.0,1
train/11-35/76.jpg,112.0,112.0,21.5732340509736,112.0,270.0,3
train/11-35/78.jpg,112.0,112.0,203.80958555619344,112.0,90.0,1
train/11-35/79.jpg,112.0,112.0,112.0,172.21627686929838,180.0,2
train/11-35/80.jpg,112.0,112.0,217.0951949424901,112.0,90.0,1
train/11-35/82.jpg,112.0,112.0,112.0,13.161748295510606,0.0,0
train/11-35/84.jpg,112.0,112.0,21.66174675144532,112.0,270.0,3
train/11-35/86.jpg,112.0,112.0,21.5732340509736,112.0,270.0,3
train/11-35/87.jpg,112.0,112.0,13.161748295510606,112.0,270.0,3
train/11-35/88.jpg,112.0,112.0,24.33586822422754,112.0,270.0,3
train/11-35/89.jpg,112.0,112.0,23.897786633932967,112.0,270.0,3
train/11-35/90.jpg,112.0,112.0,112.0,22.105617528123588,0.0,0
train/11-35/91.jpg,112.0,112.0,112.0,19.086061325547064,0.0,0
train/11-35/92.jpg,112.0,112.0,209.0463806640928,112.0,90.0,1
train/11-35/93.jpg,112.0,112.0,112.0,22.105617528123588,0.0,0
train/11-35/94.jpg,112.0,112.0,201.8943824718764,112.0,90.0,1
train/11-35/95.jpg,112.0,112.0,6.453801584329909,112.0,270.0,3
train/11-35/96.jpg,112.0,112.0,202.33825324855468,112.0,90.0,1
train/11-35/98.jpg,112.0,112.0,112.0,24.79334887750821,0.0,0
train/11-35/99.jpg,112.0,112.0,112.0,44.45742083692687,0.0,0
train/11-40/0.jpg,112.0,112.0,214.8591269649903,112.0,90.0,1
train/11-40/1.jpg,112.0,112.0,112.0,34.89617389519506,0.0,0
train/11-40/10.jpg,112.0,112.0,112.0,26.01744362953612,0.0,0
train/11-40/12.jpg,112.0,112.0,17.628394100767792,112.0,270.0,3
train/11-40/13.jpg,112.0,112.0,112.0,175.0713881248859,180.0,2
train/11-40/16.jpg,112.0,112.0,195.4865258589672,112.0,90.0,1
train/11-40/18.jpg,112.0,112.0,112.0,60.92162884351146,0.0,0
train/11-40/19.jpg,112.0,112.0,112.0,17.968090522418933,0.0,0
train/11-40/2.jpg,112.0,112.0,17.421989870795016,112.0,270.0,3
train/11-40/21.jpg,112.0,112.0,217.0951949424901,112.0,90.0,1
train/11-40/22.jpg,112.0,112.0,112.0,151.0,180.0,2
train/11-40/23.jpg,112.0,112.0,195.4865258589672,112.0,90.0,1
train/11-40/24.jpg,112.0,112.0,112.0,31.843902290593007,0.0,0
train/11-40/26.jpg,112.0,112.0,112.0,30.458599472415244,0.0,0
train/11-40/29.jpg,112.0,112.0,112.0,23.24753524549304,0.0,0
train/11-40/31.jpg,112.0,112.0,112.0,34.06412892640515,0.0,0
train/11-40/32.jpg,112.0,112.0,112.0,37.11341909260378,0.0,0
train/11-40/34.jpg,112.0,112.0,112.0,29.62281869352411,0.0,0
train/11-40/36.jpg,112.0,112.0,112.0,8.226207547377356,0.0,0
train/11-40/37.jpg,112.0,112.0,112.0,37.66965626340748,0.0,0
train/11-40/38.jpg,112.0,112.0,112.0,23.79569171520022,0.0,0
train/11-40/4.jpg,112.0,112.0,112.0,13.521575967118563,0.0,0
train/11-40/40.jpg,112.0,112.0,174.42595614005444,112.0,90.0,1
train/11-40/45.jpg,112.0,112.0,112.0,206.36630754670864,180.0,2
train/11-40/46.jpg,112.0,112.0,112.0,21.5732340509736,0.0,0
train/11-40/47.jpg,112.0,112.0,112.0,216.00961494015831,180.0,2
train/11-40/48.jpg,112.0,112.0,112.0,172.41522986797287,180.0,2
train/11-40/49.jpg,112.0,112.0,182.45565981523413,112.0,90.0,1
train/11-40/5.jpg,112.0,112.0,112.0,20.731166327162924,0.0,0
train/11-40/50.jpg,112.0,112.0,203.5259526036195,112.0,90.0,1
train/11-40/51.jpg,112.0,112.0,112.0,37.66965626340748,0.0,0
train/11-40/55.jpg,112.0,112.0,112.0,200.5889383614004,180.0,2
train/11-40/56.jpg,112.0,112.0,112.0,8.535030082641015,0.0,0
train/11-40/57.jpg,112.0,112.0,112.0,48.754446796632415,0.0,0
train/11-40/58.jpg,112.0,112.0,14.902111248493156,112.0,270.0,3
train/11-40/59.jpg,112.0,112.0,112.0,144.5576411921994,180.0,2
train/11-40/60.jpg,112.0,112.0,9.91670068027777,112.0,270.0,3
train/11-40/61.jpg,112.0,112.0,205.74433316206373,112.0,90.0,1
train/11-40/62.jpg,112.0,112.0,112.0,29.072320664328245,0.0,0
train/11-40/63.jpg,112.0,112.0,112.0,202.785461391128,180.0,2
train/11-40/64.jpg,112.0,112.0,17.126399878575285,112.0,270.0,3
train/11-40/65.jpg,112.0,112.0,112.0,180.87670143089025,180.0,2
train/11-40/66.jpg,112.0,112.0,112.0,16.292111087956812,0.0,0
train/11-40/69.jpg,112.0,112.0,39.32951080390335,112.0,270.0,3
train/11-40/72.jpg,112.0,112.0,112.0,8.535030082641015,0.0,0
train/11-40/74.jpg,112.0,112.0,112.0,43.75778432670873,0.0,0
train/11-40/75.jpg,112.0,112.0,112.0,19.35012142479624,0.0,0
train/11-40/76.jpg,112.0,112.0,202.9725233243533,112.0,90.0,1
train/11-40/78.jpg,112.0,112.0,112.0,21.5732340509736,0.0,0
train/11-40/8.jpg,112.0,112.0,112.0,213.2422836565829,180.0,2
train/11-40/81.jpg,112.0,112.0,178.64082832618453,112.0,90.0,1
train/11-40/82.jpg,112.0,112.0,112.0,14.36291688093094,0.0,0
train/11-40/83.jpg,112.0,112.0,180.4470598345904,112.0,90.0,1
train/11-40/84.jpg,112.0,112.0,34.3340486442096,112.0,270.0,3
train/11-40/85.jpg,112.0,112.0,112.0,168.3648826841678,180.0,2
train/11-40/86.jpg,112.0,112.0,112.0,28.238433634512305,0.0,0
train/11-40/87.jpg,112.0,112.0,194.66196223173023,112.0,90.0,1
train/11-40/88.jpg,112.0,112.0,112.0,205.9148550549912,180.0,2
train/11-40/89.jpg,112.0,112.0,112.0,180.24221567329127,180.0,2
train/11-40/90.jpg,112.0,112.0,112.0,22.955067522065026,0.0,0
train/11-40/91.jpg,112.0,112.0,112.0,36.28342321525622,0.0,0
train/11-40/92.jpg,112.0,112.0,5.76911936729509,112.0,270.0,3
train/11-40/93.jpg,112.0,112.0,112.0,20.731166327162924,0.0,0
train/11-40/95.jpg,112.0,112.0,112.0,21.5732340509736,0.0,0
train/11-40/97.jpg,112.0,112.0,112.0,24.33586822422754,0.0,0
train/11-40/98.jpg,112.0,112.0,112.0,34.06412892640515,0.0,0
train/11-40/99.jpg,112.0,112.0,112.0,42.93481340067197,0.0,0
train/11-45/10.jpg,112.0,112.0,112.0,17.914932109287392,0.0,0
train/11-45/12.jpg,112.0,112.0,20.731166327162924,112.0,270.0,3
train/11-45/14.jpg,112.0,112.0,112.0,56.42122707363899,0.0,0
train/11-45/2.jpg,112.0,112.0,206.1328847959097,112.0,90.0,1
train/11-45/22.jpg,112.0,112.0,170.03447251418763,112.0,90.0,1
train/11-45/24.jpg,112.0,112.0,112.0,30.90129470823841,0.0,0
train/11-45/26.jpg,112.0,112.0,112.0,29.90249699290483,0.0,0
train/11-45/4.jpg,112.0,112.0,112.0,18.914018241198107,0.0,0
train/11-45/48.jpg,112.0,112.0,112.0,66.60176214873533,0.0,0
train/11-45/55.jpg,112.0,112.0,112.0,22.910157705830457,0.0,0
train/11-45/60.jpg,112.0,112.0,112.0,11.92003197442557,0.0,0
train/11-45/86.jpg,112.0,112.0,112.0,27.904815833485443,0.0,0
train/11-50/1.jpg,112.0,112.0,112.0,187.64390259630977,180.0,2
train/11-50/12.jpg,112.0,112.0,112.0,170.18075283115542,180.0,2
train/11-50/15.jpg,112.0,112.0,112.0,36.84682308777626,0.0,0
train/11-50/16.jpg,112.0,112.0,112.0,31.04322140796361,0.0,0
train/11-50/17.jpg,112.0,112.0,192.52949770115296,112.0,90.0,1
train/11-50/18.jpg,112.0,112.0,112.0,13.613008990009249,0.0,0
train/11-50/19.jpg,112.0,112.0,190.72102641607265,112.0,90.0,1
train/11-50/2.jpg,112.0,112.0,112.0,21.66174675144532,0.0,0
train/11-50/20.jpg,112.0,112.0,112.0,25.235952146064548,0.0,0
train/11-50/21.jpg,112.0,112.0,112.0,6.90480505750989,0.0,0
train/11-50/22.jpg,112.0,112.0,112.0,34.47581022674278,0.0,0
train/11-50/23.jpg,112.0,112.0,112.0,21.027476675646724,0.0,0
train/11-50/24.jpg,112.0,112.0,112.0,31.04322140796361,0.0,0
train/11-50/26.jpg,112.0,112.0,112.0,31.04322140796361,0.0,0
train/11-50/27.jpg,112.0,112.0,112.0,192.52949770115296,180.0,2
train/11-50/28.jpg,112.0,112.0,112.0,20.32121292250862,0.0,0
train/11-50/29.jpg,112.0,112.0,112.0,18.52807908253945,0.0,0
train/11-50/30.jpg,112.0,112.0,201.0,112.0,90.0,1
train/11-50/31.jpg,112.0,112.0,112.0,32.37588305042247,0.0,0
train/11-50/32.jpg,112.0,112.0,112.0,49.35017956929166,0.0,0
train/11-50/33.jpg,112.0,112.0,112.0,203.23595782365635,180.0,2
train/11-50/34.jpg,112.0,112.0,213.51847122568387,112.0,90.0,1
train/11-50/35.jpg,112.0,112.0,59.84638075837881,112.0,270.0,3
train/11-50/36.jpg,112.0,112.0,112.0,7.343418744925557,0.0,0
train/11-50/38.jpg,112.0,112.0,112.0,21.21453860887196,0.0,0
train/11-50/4.jpg,112.0,112.0,112.0,15.849076967509047,0.0,0
train/11-50/41.jpg,112.0,112.0,201.58794561770011,112.0,90.0,1
train/11-50/42.jpg,112.0,112.0,53.39965870406555,112.0,270.0,3
train/11-50/47.jpg,112.0,112.0,112.0,11.376941012509462,0.0,0
train/11-50/48.jpg,112.0,112.0,112.0,50.67300757415215,0.0,0
train/11-50/49.jpg,112.0,112.0,112.0,211.28242543370908,180.0,2
train/11-50/5.jpg,112.0,112.0,112.0,34.179694166625126,0.0,0
train/11-50/50.jpg,112.0,112.0,23.897786633932967,112.0,270.0,3
train/11-50/51.jpg,112.0,112.0,112.0,23.897786633932967,0.0,0
train/11-50/52.jpg,112.0,112.0,112.0,35.51470729610823,0.0,0
train/11-50/53.jpg,112.0,112.0,215.3150521463354,112.0,90.0,1
train/11-50/56.jpg,112.0,112.0,112.0,11.376941012509462,0.0,0
train/11-50/6.jpg,112.0,112.0,112.0,21.21453860887196,0.0,0
train/11-50/61.jpg,112.0,112.0,112.0,10.481528774316146,0.0,0
train/11-50/63.jpg,112.0,112.0,112.0,21.66174675144532,0.0,0
train/11-50/64.jpg,112.0,112.0,112.0,199.6641317757725,180.0,2
train/11-50/67.jpg,112.0,112.0,112.0,20.32121292250862,0.0,0
train/11-50/69.jpg,112.0,112.0,112.0,186.0607858451421,180.0,2
train/11-50/72.jpg,112.0,112.0,112.0,23.897786633932967,0.0,0
train/11-50/73.jpg,112.0,112.0,112.0,53.819247168844576,0.0,0
train/11-50/74.jpg,112.0,112.0,112.0,11.376941012509462,0.0,0
train/11-50/78.jpg,112.0,112.0,112.0,20.32121292250862,0.0,0
train/11-50/8.jpg,112.0,112.0,53.819247168844576,112.0,270.0,3
train/11-50/81.jpg,112.0,112.0,112.0,46.69303253097722,0.0,0
train/11-50/82.jpg,112.0,112.0,16.286887000787615,112.0,270.0,3
train/11-50/83.jpg,112.0,112.0,14.50641046714918,112.0,270.0,3
train/11-50/84.jpg,112.0,112.0,112.0,21.66174675144532,0.0,0
train/11-50/85.jpg,112.0,112.0,112.0,51.58477013202714,0.0,0
train/11-50/86.jpg,112.0,112.0,206.3716058992322,112.0,90.0,1
train/11-50/88.jpg,112.0,112.0,112.0,34.61137034421658,0.0,0
train/11-50/89.jpg,112.0,112.0,112.0,54.728715746894586,0.0,0
train/11-50/90.jpg,112.0,112.0,112.0,38.65151671643101,0.0,0
train/11-50/91.jpg,112.0,112.0,22.557280900008408,112.0,270.0,3
train/11-50/92.jpg,112.0,112.0,23.45057877094848,112.0,270.0,3
train/11-50/93.jpg,112.0,112.0,112.0,23.897786633932967,0.0,0
train/11-50/94.jpg,112.0,112.0,112.0,22.105617528123588,0.0,0
train/11-50/95.jpg,112.0,112.0,198.33075929238663,112.0,90.0,1
train/11-50/96.jpg,112.0,112.0,112.0,35.51470729610823,0.0,0
train/11-50/97.jpg,112.0,112.0,212.17983829094555,112.0,90.0,1
train/11-50/99.jpg,112.0,112.0,31.04322140796361,112.0,270.0,3
train/11-55/1.jpg,112.0,112.0,112.0,35.72418469790047,0.0,0
train/11-55/10.jpg,112.0,112.0,112.0,200.75246475450692,180.0,2
train/11-55/13.jpg,112.0,112.0,21.5732340509736,112.0,270.0,3
train/11-55/15.jpg,112.0,112.0,40.71886645121306,112.0,270.0,3
train/11-55/16.jpg,112.0,112.0,112.0,29.90249699290483,0.0,0
train/11-55/17.jpg,112.0,112.0,112.0,191.32212806020777,180.0,2
train/11-55/18.jpg,112.0,112.0,112.0,58.99056687720572,0.0,0
train/11-55/2.jpg,112.0,112.0,112.0,8.8253907203909,0.0,0
train/11-55/20.jpg,112.0,112.0,215.17460927960911,112.0,90.0,1
train/11-55/21.jpg,112.0,112.0,36.28342321525622,112.0,270.0,3
train/11-55/23.jpg,112.0,112.0,112.0,199.9204185613331,180.0,2
train/11-55/24.jpg,112.0,112.0,112.0,30.72884890688455,0.0,0
train/11-55/26.jpg,112.0,112.0,204.3579991121505,112.0,90.0,1
train/11-55/27.jpg,112.0,112.0,112.0,159.80167361086848,180.0,2
train/11-55/34.jpg,112.0,112.0,9.91670068027777,112.0,270.0,3
train/11-55/38.jpg,112.0,112.0,28.238433634512305,112.0,270.0,3
train/11-55/4.jpg,112.0,112.0,112.0,18.8066525979456,0.0,0
train/11-55/40.jpg,112.0,112.0,112.0,42.36523856578526,0.0,0
train/11-55/43.jpg,112.0,112.0,112.0,26.297024555736684,0.0,0
train/11-55/46.jpg,112.0,112.0,112.0,21.027476675646724,0.0,0
train/11-55/47.jpg,112.0,112.0,24.63295815926924,112.0,270.0,3
train/11-55/49.jpg,112.0,112.0,12.140098137440576,112.0,270.0,3
train/11-55/5.jpg,112.0,112.0,189.6659513557904,112.0,90.0,1
train/11-55/52.jpg,112.0,112.0,201.8721313867653,112.0,90.0,1
train/11-55/56.jpg,112.0,112.0,199.9204185613331,112.0,90.0,1
train/11-55/59.jpg,112.0,112.0,112.0,79.35034456537099,0.0,0
train/11-55/60.jpg,112.0,112.0,189.6659513557904,112.0,90.0,1
train/11-55/61.jpg,112.0,112.0,190.2368199762746,112.0,90.0,1
train/11-55/62.jpg,112.0,112.0,194.66196223173023,112.0,90.0,1
train/11-55/64.jpg,112.0,112.0,205.74433316206373,112.0,90.0,1
train/11-55/7.jpg,112.0,112.0,112.0,43.75778432670873,0.0,0
train/11-55/71.jpg,112.0,112.0,186.0607858451421,112.0,90.0,1
train/11-55/72.jpg,112.0,112.0,112.0,21.86121811340027,0.0,0
train/11-55/73.jpg,112.0,112.0,112.0,173.61168720299744,180.0,2
train/11-55/74.jpg,112.0,112.0,112.0,211.56907150315303,180.0,2
train/11-55/75.jpg,112.0,112.0,201.30845424706445,112.0,90.0,1
train/11-55/78.jpg,112.0,112.0,112.0,18.8066525979456,0.0,0
train/11-55/79.jpg,112.0,112.0,112.0,169.4282160614449,180.0,2
train/11-55/80.jpg,112.0,112.0,189.42092740338364,112.0,90.0,1
train/11-55/83.jpg,112.0,112.0,217.94810050208545,112.0,90.0,1
train/11-55/84.jpg,112.0,112.0,36.28342321525622,112.0,270.0,3
train/11-55/85.jpg,112.0,112.0,112.0,48.1799404575646,0.0,0
train/11-55/86.jpg,112.0,112.0,112.0,27.685114007074645,0.0,0
train/11-55/88.jpg,112.0,112.0,112.0,37.93921415485791,0.0,0
train/11-55/89.jpg,112.0,112.0,112.0,217.6882207249228,180.0,2
train/11-55/9.jpg,112.0,112.0,112.0,19.642000887849463,0.0,0
train/11-55/92.jpg,112.0,112.0,112.0,21.027476675646724,0.0,0
train/11-55/93.jpg,112.0,112.0,21.5732340509736,112.0,270.0,3
train/11-55/95.jpg,112.0,112.0,112.0,5.76911936729509,0.0,0
train/11-55/96.jpg,112.0,112.0,112.0,35.72418469790047,0.0,0
train/11-55/97.jpg,112.0,112.0,112.0,22.691545752935568,0.0,0
train/11-55/99.jpg,112.0,112.0,112.0,180.818602136341,180.0,2
train/12-00/1.jpg,112.0,112.0,112.0,64.4815825179331,0.0,0
train/12-00/10.jpg,112.0,112.0,112.0,194.29823813423957,180.0,2
train/12-00/12.jpg,112.0,112.0,188.32168761236875,112.0,90.0,1
train/12-00/13.jpg,112.0,112.0,112.0,48.71493067081304,0.0,0
train/12-00/14.jpg,112.0,112.0,112.0,174.80127387243033,180.0,2
train/12-00/15.jpg,112.0,112.0,42.81907777428809,112.0,270.0,3
train/12-00/16.jpg,112.0,112.0,112.0,169.21887800367986,180.0,2
train/12-00/17.jpg,112.0,112.0,112.0,53.690481051547,0.0,0
train/12-00/18.jpg,112.0,112.0,112.0,151.45883931389773,180.0,2
train/12-00/19.jpg,112.0,112.0,217.1712888577486,112.0,90.0,1
train/12-00/2.jpg,112.0,112.0,112.0,53.690481051547,0.0,0
train/12-00/20.jpg,112.0,112.0,112.0,53.690481051547,0.0,0
train/12-00/21.jpg,112.0,112.0,112.0,55.56419576191015,0.0,0
train/12-00/23.jpg,112.0,112.0,174.28964600958977,112.0,90.0,1
train/12-00/24.jpg,112.0,112.0,53.78488168868847,112.0,270.0,3
train/12-00/26.jpg,112.0,112.0,54.78112199632013,112.0,270.0,3
train/12-00/27.jpg,112.0,112.0,112.0,64.4815825179331,0.0,0
train/12-00/28.jpg,112.0,112.0,56.673695225507785,112.0,270.0,3
train/12-00/29.jpg,112.0,112.0,112.0,54.6850804763716,0.0,0
train/12-00/30.jpg,112.0,112.0,112.0,54.6850804763716,0.0,0
train/12-00/32.jpg,112.0,112.0,112.0,43.73580733649595,0.0,0
train/12-00/33.jpg,112.0,112.0,112.0,167.3263047744922,180.0,2
train/12-00/34.jpg,112.0,112.0,53.78488168868847,112.0,270.0,3
train/12-00/37.jpg,112.0,112.0,112.0,46.72366431852964,0.0,0
train/12-00/38.jpg,112.0,112.0,53.78488168868847,112.0,270.0,3
train/12-00/4.jpg,112.0,112.0,53.78488168868847,112.0,270.0,3
train/12-00/40.jpg,112.0,112.0,112.0,55.67948863868511,0.0,0
train/12-00/44.jpg,112.0,112.0,112.0,55.56419576191015,0.0,0
train/12-00/46.jpg,112.0,112.0,112.0,170.21511831131153,180.0,2
train/12-00/47.jpg,112.0,112.0,167.44366510251643,112.0,90.0,1
train/12-00/48.jpg,112.0,112.0,112.0,40.655764073052126,0.0,0
train/12-00/49.jpg,112.0,112.0,112.0,197.146931829632,180.0,2
train/12-00/5.jpg,112.0,112.0,112.0,55.56419576191015,0.0,0
train/12-00/51.jpg,112.0,112.0,112.0,53.690481051547,0.0,0
train/12-00/52.jpg,112.0,112.0,112.0,53.690481051547,0.0,0
train/12-00/53.jpg,112.0,112.0,112.0,55.56419576191015,0.0,0
train/12-00/56.jpg,112.0,112.0,169.3149195236284,112.0,90.0,1
train/12-00/59.jpg,112.0,112.0,112.0,82.38581421007831,0.0,0
train/12-00/60.jpg,112.0,112.0,112.0,53.690481051547,0.0,0
train/12-00/61.jpg,112.0,112.0,112.0,55.56419576191015,0.0,0
train/12-00/66.jpg,112.0,112.0,112.0,178.18912297349164,180.0,2
train/12-00/67.jpg,112.0,112.0,204.1357693840997,112.0,90.0,1
train/12-00/68.jpg,112.0,112.0,112.0,174.20128616033594,180.0,2
train/12-00/69.jpg,112.0,112.0,112.0,42.73962171630883,0.0,0
train/12-00/71.jpg,112.0,112.0,112.0,55.56419576191015,0.0,0
train/12-00/72.jpg,112.0,112.0,112.0,53.690481051547,0.0,0
train/12-00/73.jpg,112.0,112.0,112.0,46.72366431852964,0.0,0
train/12-00/75.jpg,112.0,112.0,112.0,167.578772926361,180.0,2
train/12-00/76.jpg,112.0,112.0,112.0,56.55633489748355,0.0,0
train/12-00/78.jpg,112.0,112.0,112.0,56.55633489748355,0.0,0
train/12-00/79.jpg,112.0,112.0,112.0,52.69569998726905,0.0,0
train/12-00/8.jpg,112.0,112.0,216.1729331448433,112.0,90.0,1
train/12-00/80.jpg,112.0,112.0,201.27485648266256,112.0,90.0,1
train/12-00/84.jpg,112.0,112.0,55.67948863868511,112.0,270.0,3
train/12-00/85.jpg,112.0,112.0,112.0,167.2268050859363,180.0,2
train/12-00/86.jpg,112.0,112.0,169.3149195236284,112.0,90.0,1
train/12-00/87.jpg,112.0,112.0,112.0,53.690481051547,0.0,0
train/12-00/88.jpg,112.0,112.0,112.0,180.18357573492312,180.0,2
train/12-00/89.jpg,112.0,112.0,112.0,41.74332771899881,0.0,0
train/12-00/9.jpg,112.0,112.0,44.813691871036696,112.0,270.0,3
train/12-00/90.jpg,112.0,112.0,112.0,168.1426753904728,180.0,2
train/12-00/91.jpg,112.0,112.0,112.0,52.586196889948205,0.0,0
train/12-00/93.jpg,112.0,112.0,53.78488168868847,112.0,270.0,3
train/12-00/94.jpg,112.0,112.0,187.23961722390672,112.0,90.0,1
train/12-00/95.jpg,112.0,112.0,112.0,55.56419576191015,0.0,0
train/12-00/97.jpg,112.0,112.0,206.19129471453292,112.0,90.0,1
train/12-00/98.jpg,112.0,112.0,112.0,179.1863081289633,180.0,2
train/12-05/0.jpg,112.0,112.0,112.0,191.88116173416608,180.0,2
train/12-05/1.jpg,112.0,112.0,112.0,37.11341909260378,0.0,0
train/12-05/10.jpg,112.0,112.0,112.0,20.731166327162924,0.0,0
train/12-05/15.jpg,112.0,112.0,112.0,38.50170069994816,0.0,0
train/12-05/17.jpg,112.0,112.0,112.0,8.535030082641015,0.0,0
train/12-05/18.jpg,112.0,112.0,112.0,45.96970392312329,0.0,0
train/12-05/28.jpg,112.0,112.0,112.0,204.3579991121505,180.0,2
train/12-05/29.jpg,112.0,112.0,112.0,8.535030082641015,0.0,0
train/12-05/31.jpg,112.0,112.0,112.0,42.10722497997379,0.0,0
train/12-05/34.jpg,112.0,112.0,112.0,205.1933474020544,180.0,2
train/12-05/35.jpg,112.0,112.0,112.0,61.75062189439555,0.0,0
train/12-05/36.jpg,112.0,112.0,112.0,22.11117978302308,0.0,0
train/12-05/37.jpg,112.0,112.0,43.75778432670873,112.0,270.0,3
train/12-05/38.jpg,112.0,112.0,199.3670418407308,112.0,90.0,1
train/12-05/4.jpg,112.0,112.0,112.0,20.731166327162924,0.0,0
train/12-05/40.jpg,112.0,112.0,21.86121811340027,112.0,270.0,3
train/12-05/42.jpg,112.0,112.0,112.0,205.1933474020544,180.0,2
train/12-05/45.jpg,112.0,112.0,112.0,14.36291688093094,0.0,0
train/12-05/46.jpg,112.0,112.0,112.0,24.63295815926924,0.0,0
train/12-05/48.jpg,112.0,112.0,112.0,22.412054382299843,0.0,0
train/12-05/49.jpg,112.0,112.0,112.0,202.13878188659973,180.0,2
train/12-05/5.jpg,112.0,112.0,112.0,39.888974490720216,0.0,0
train/12-05/51.jpg,112.0,112.0,112.0,8.226207547377356,0.0,0
train/12-05/53.jpg,112.0,112.0,112.0,6.847729458656005,0.0,0
train/12-05/58.jpg,112.0,112.0,112.0,6.3117792750772,0.0,0
train/12-05/59.jpg,112.0,112.0,112.0,143.1448230047949,180.0,2
train/12-05/60.jpg,112.0,112.0,112.0,34.06412892640515,0.0,0
train/12-05/61.jpg,112.0,112.0,112.0,16.585116464987493,0.0,0
train/12-05/64.jpg,112.0,112.0,112.0,204.3579991121505,180.0,2
train/12-05/65.jpg,112.0,112.0,181.63476143421477,112.0,90.0,1
train/12-05/66.jpg,112.0,112.0,112.0,39.888974490720216,0.0,0
train/12-05/67.jpg,112.0,112.0,112.0,21.5732340509736,0.0,0
train/12-05/68.jpg,112.0,112.0,112.0,14.650115562472294,0.0,0
train/12-05/69.jpg,112.0,112.0,112.0,184.4223722339996,180.0,2
train/12-05/7.jpg,112.0,112.0,112.0,21.5732340509736,0.0,0
train/12-05/72.jpg,112.0,112.0,112.0,6.847729458656005,0.0,0
train/12-05/74.jpg,112.0,112.0,174.42595614005444,112.0,90.0,1
train/12-05/79.jpg,112.0,112.0,112.0,169.20139858430036,180.0,2
train/12-05/8.jpg,112.0,112.0,112.0,203.5259526036195,180.0,2
train/12-05/80.jpg,112.0,112.0,32.94305849579051,112.0,270.0,3
train/12-05/81.jpg,112.0,112.0,112.0,22.64117279193958,0.0,0
train/12-05/82.jpg,112.0,112.0,112.0,20.731166327162924,0.0,0
train/12-05/83.jpg,112.0,112.0,112.0,181.63476143421477,180.0,2
train/12-05/84.jpg,112.0,112.0,112.0,46.54008860378744,0.0,0
train/12-05/87.jpg,112.0,112.0,112.0,21.5732340509736,0.0,0
train/12-05/88.jpg,112.0,112.0,112.0,183.84705978674424,180.0,2
train/12-05/92.jpg,112.0,112.0,112.0,16.585116464987493,0.0,0
train/12-05/93.jpg,112.0,112.0,203.80958555619344,112.0,90.0,1
train/12-05/95.jpg,112.0,112.0,112.0,25.46676938886425,0.0,0
train/12-10/0.jpg,112.0,112.0,112.0,26.13382505316777,0.0,0
train/12-10/1.jpg,112.0,112.0,35.94081252077433,112.0,270.0,3
train/12-10/10.jpg,112.0,112.0,112.0,31.501552810007567,0.0,0
train/12-10/12.jpg,112.0,112.0,112.0,212.17983829094555,180.0,2
train/12-10/13.jpg,112.0,112.0,201.58794561770011,112.0,90.0,1
train/12-10/15.jpg,112.0,112.0,112.0,40.88741320975589,0.0,0
train/12-10/17.jpg,112.0,112.0,28.80745225682772,112.0,270.0,3
train/12-10/18.jpg,112.0,112.0,112.0,53.819247168844576,0.0,0
train/12-10/2.jpg,112.0,112.0,210.83825170448935,112.0,90.0,1
train/12-10/20.jpg,112.0,112.0,195.19254774317227,112.0,90.0,1
train/12-10/23.jpg,112.0,112.0,112.0,22.691545752935568,0.0,0
train/12-10/24.jpg,112.0,112.0,112.0,35.077961545471254,0.0,0
train/12-10/26.jpg,112.0,112.0,112.0,35.077961545471254,0.0,0
train/12-10/27.jpg,112.0,112.0,112.0,21.19801764278492,0.0,0
train/12-10/28.jpg,112.0,112.0,112.0,19.869657549751835,0.0,0
train/12-10/29.jpg,112.0,112.0,217.5461984156701,112.0,90.0,1
train/12-10/32.jpg,112.0,112.0,112.0,46.69303253097722,0.0,0
train/12-10/33.jpg,112.0,112.0,112.0,35.077961545471254,0.0,0
train/12-10/34.jpg,112.0,112.0,10.03431949915698,112.0,270.0,3
train/12-10/37.jpg,112.0,112.0,112.0,44.45742083692687,0.0,0
train/12-10/38.jpg,112.0,112.0,112.0,22.105617528123588,0.0,0
train/12-10/4.jpg,112.0,112.0,112.0,19.869657549751835,0.0,0
train/12-10/42.jpg,112.0,112.0,49.35017956929166,112.0,270.0,3
train/12-10/44.jpg,112.0,112.0,112.0,29.26548483250778,0.0,0
train/12-10/48.jpg,112.0,112.0,51.58477013202714,112.0,270.0,3
train/12-10/49.jpg,112.0,112.0,21.66174675144532,112.0,270.0,3
train/12-10/5.jpg,112.0,112.0,112.0,35.077961545471254,0.0,0
train/12-10/50.jpg,112.0,112.0,169.77542730261715,112.0,90.0,1
train/12-10/51.jpg,112.0,112.0,112.0,23.45057877094848,0.0,0
train/12-10/52.jpg,112.0,112.0,21.66174675144532,112.0,270.0,3
train/12-10/56.jpg,112.0,112.0,16.292111087956812,112.0,270.0,3
train/12-10/57.jpg,112.0,112.0,13.613008990009249,112.0,270.0,3
train/12-10/58.jpg,112.0,112.0,112.0,208.1509230324909,180.0,2
train/12-10/59.jpg,112.0,112.0,112.0,143.32091952673164,180.0,2
train/12-10/60.jpg,112.0,112.0,112.0,32.8419302913468,0.0,0
train/12-10/61.jpg,112.0,112.0,112.0,15.397722594133429,0.0,0
train/12-10/62.jpg,112.0,112.0,18.085144945008835,112.0,270.0,3
train/12-10/63.jpg,112.0,112.0,112.0,21.21453860887196,0.0,0
train/12-10/65.jpg,112.0,112.0,112.0,40.88741320975589,0.0,0
train/12-10/66.jpg,112.0,112.0,112.0,40.88741320975589,0.0,0
train/12-10/67.jpg,112.0,112.0,112.0,21.21453860887196,0.0,0
train/12-10/68.jpg,112.0,112.0,209.0463806640928,112.0,90.0,1
train/12-10/69.jpg,112.0,112.0,112.0,43.12329856910975,0.0,0
train/12-10/7.jpg,112.0,112.0,112.0,48.928611875114086,0.0,0
train/12-10/72.jpg,112.0,112.0,112.0,6.881019791856815,0.0,0
train/12-10/73.jpg,112.0,112.0,112.0,22.105617528123588,0.0,0
train/12-10/76.jpg,112.0,112.0,112.0,23.45057877094848,0.0,0
train/12-10/78.jpg,112.0,112.0,112.0,202.33825324855468,180.0,2
train/12-10/79.jpg,112.0,112.0,112.0,56.963648376731946,0.0,0
train/12-10/8.jpg,112.0,112.0,112.0,207.2732911156112,180.0,2
train/12-10/80.jpg,112.0,112.0,112.0,35.51470729610823,0.0,0
train/12-10/82.jpg,112.0,112.0,112.0,19.869657549751835,0.0,0
train/12-10/83.jpg,112.0,112.0,112.0,40.88741320975589,0.0,0
train/12-10/84.jpg,112.0,112.0,112.0,43.5529401654096,0.0,0
train/12-10/85.jpg,112.0,112.0,112.0,21.21453860887196,0.0,0
train/12-10/87.jpg,112.0,112.0,112.0,35.077961545471254,0.0,0
train/12-10/89.jpg,112.0,112.0,44.45742083692687,112.0,270.0,3
train/12-10/91.jpg,112.0,112.0,112.0,54.728715746894586,0.0,0
train/12-10/92.jpg,112.0,112.0,112.0,208.1509230324909,180.0,2
train/12-10/93.jpg,112.0,112.0,112.0,19.869657549751835,0.0,0
train/12-10/94.jpg,112.0,112.0,112.0,21.645144015387856,0.0,0
train/12-10/96.jpg,112.0,112.0,112.0,180.94200461257276,180.0,2
train/12-10/97.jpg,112.0,112.0,112.0,15.397722594133429,0.0,0
train/12-10/98.jpg,112.0,112.0,112.0,182.2637886823647,180.0,2
train/12-10/99.jpg,112.0,112.0,39.986112450444665,112.0,270.0,3
train/12-15/23.jpg,112.0,112.0,48.80189876270016,112.0,270.0,3
train/12-15/27.jpg,112.0,112.0,65.6103459810272,112.0,270.0,3
train/12-15/30.jpg,112.0,112.0,112.0,204.0869154657707,180.0,2
train/12-15/35.jpg,112.0,112.0,112.0,161.8196748283246,180.0,2
train/12-15/47.jpg,112.0,112.0,112.0,10.821939136984838,0.0,0
train/12-15/55.jpg,112.0,112.0,112.0,6.980954108314236,0.0,0
train/12-15/92.jpg,112.0,112.0,13.872531878173888,112.0,270.0,3
train/12-20/0.jpg,112.0,112.0,112.0,18.8066525979456,0.0,0
train/12-20/1.jpg,112.0,112.0,156.77722635447623,112.0,90.0,1
train/12-20/12.jpg,112.0,112.0,206.36630754670864,112.0,90.0,1
train/12-20/14.jpg,112.0,112.0,167.94640292279746,112.0,90.0,1
train/12-20/15.jpg,112.0,112.0,112.0,203.5259526036195,180.0,2
train/12-20/16.jpg,112.0,112.0,112.0,194.0975030070952,180.0,2
train/12-20/17.jpg,112.0,112.0,112.0,26.85306817036799,0.0,0
train/12-20/18.jpg,112.0,112.0,22.10005561736982,112.0,270.0,3
train/12-20/2.jpg,112.0,112.0,112.0,26.85306817036799,0.0,0
train/12-20/20.jpg,112.0,112.0,112.0,28.238433634512305,0.0,0
train/12-20/22.jpg,112.0,112.0,187.8023746329889,112.0,90.0,1
train/12-20/24.jpg,112.0,112.0,112.0,31.04322140796361,0.0,0
train/12-20/27.jpg,112.0,112.0,112.0,6.449064428589736,0.0,0
train/12-20/28.jpg,112.0,112.0,205.1933474020544,112.0,90.0,1
train/12-20/29.jpg,112.0,112.0,216.84750831564855,112.0,90.0,1
train/12-20/3.jpg,112.0,112.0,112.0,21.027476675646724,0.0,0
train/12-20/30.jpg,112.0,112.0,29.072320664328245,112.0,270.0,3
train/12-20/32.jpg,112.0,112.0,112.0,20.19041444380657,0.0,0
train/12-20/33.jpg,112.0,112.0,112.0,22.412054382299843,0.0,0
train/12-20/34.jpg,112.0,112.0,112.0,10.03431949915698,0.0,0
train/12-20/35.jpg,112.0,112.0,112.0,27.619907561084048,0.0,0
train/12-20/4.jpg,112.0,112.0,21.5732340509736,112.0,270.0,3
train/12-20/40.jpg,112.0,112.0,112.0,172.21627686929838,180.0,2
train/12-20/42.jpg,112.0,112.0,21.66174675144532,112.0,270.0,3
train/12-20/44.jpg,112.0,112.0,112.0,213.07423014794625,180.0,2
train/12-20/45.jpg,112.0,112.0,112.0,206.36630754670864,180.0,2
train/12-20/46.jpg,112.0,112.0,112.0,22.412054382299843,0.0,0
train/12-20/47.jpg,112.0,112.0,112.0,211.72963451251587,180.0,2
train/12-20/49.jpg,112.0,112.0,10.75771634341706,112.0,270.0,3
train/12-20/5.jpg,112.0,112.0,112.0,189.6659513557904,180.0,2
train/12-20/50.jpg,112.0,112.0,112.0,54.57178393855508,0.0,0
train/12-20/51.jpg,112.0,112.0,21.5732340509736,112.0,270.0,3
train/12-20/52.jpg,112.0,112.0,112.0,42.93481340067197,0.0,0
train/12-20/53.jpg,112.0,112.0,42.10722497997379,112.0,270.0,3
train/12-20/55.jpg,112.0,112.0,201.94442728707543,112.0,90.0,1
train/12-20/57.jpg,112.0,112.0,112.0,53.17823532058903,0.0,0
train/12-20/58.jpg,112.0,112.0,24.63295815926924,112.0,270.0,3
train/12-20/6.jpg,112.0,112.0,112.0,202.785461391128,180.0,2
train/12-20/60.jpg,112.0,112.0,112.0,11.297467757756962,0.0,0
train/12-20/61.jpg,112.0,112.0,217.6882207249228,112.0,90.0,1
train/12-20/62.jpg,112.0,112.0,112.0,32.67787193979224,0.0,0
train/12-20/66.jpg,112.0,112.0,112.0,32.37588305042247,0.0,0
train/12-20/7.jpg,112.0,112.0,112.0,23.897786633932967,0.0,0
train/12-20/72.jpg,112.0,112.0,21.5732340509736,112.0,270.0,3
train/12-20/73.jpg,112.0,112.0,112.0,203.6787870774914,180.0,2
train/12-20/74.jpg,112.0,112.0,112.0,23.0,0.0,0
train/12-20/75.jpg,112.0,112.0,209.63708311906908,112.0,90.0,1
train/12-20/76.jpg,112.0,112.0,22.955067522065026,112.0,270.0,3
train/12-20/79.jpg,112.0,112.0,53.30587763668324,112.0,270.0,3
train/12-20/80.jpg,112.0,112.0,183.1125867902441,112.0,90.0,1
train/12-20/81.jpg,112.0,112.0,179.08203932499367,112.0,90.0,1
train/12-20/82.jpg,112.0,112.0,112.0,22.412054382299843,0.0,0
train/12-20/84.jpg,112.0,112.0,112.0,203.6787870774914,180.0,2
train/12-20/86.jpg,112.0,112.0,16.585116464987493,112.0,270.0,3
train/12-20/87.jpg,112.0,112.0,112.0,212.9554357129917,180.0,2
train/12-20/88.jpg,112.0,112.0,112.0,197.7029754442633,180.0,2
train/12-20/90.jpg,112.0,112.0,112.0,14.056138528236488,0.0,0
train/12-20/91.jpg,112.0,112.0,112.0,48.754446796632415,0.0,0
train/12-20/92.jpg,112.0,112.0,112.0,25.235952146064548,0.0,0
train/12-20/93.jpg,112.0,112.0,112.0,23.897786633932967,0.0,0
train/12-20/95.jpg,112.0,112.0,112.0,23.24753524549304,0.0,0
train/12-20/96.jpg,112.0,112.0,112.0,187.58438992278764,180.0,2
train/12-20/98.jpg,112.0,112.0,112.0,196.31488599292533,180.0,2
train/12-20/99.jpg,112.0,112.0,112.0,42.93481340067197,0.0,0
train/12-25/0.jpg,112.0,112.0,112.0,14.902111248493156,0.0,0
train/12-25/1.jpg,112.0,112.0,112.0,37.11341909260378,0.0,0
train/12-25/10.jpg,112.0,112.0,23.45057877094848,112.0,270.0,3
train/12-25/12.jpg,112.0,112.0,112.0,23.897786633932967,0.0,0
train/12-25/13.jpg,112.0,112.0,22.557280900008408,112.0,270.0,3
train/12-25/14.jpg,112.0,112.0,176.47480127925948,112.0,90.0,1
train/12-25/15.jpg,112.0,112.0,20.32121292250862,112.0,270.0,3
train/12-25/16.jpg,112.0,112.0,112.0,36.28342321525622,0.0,0
train/12-25/18.jpg,112.0,112.0,197.146931829632,112.0,90.0,1
train/12-25/19.jpg,112.0,112.0,112.0,24.63295815926924,0.0,0
train/12-25/2.jpg,112.0,112.0,112.0,214.62553288534,180.0,2
train/12-25/20.jpg,112.0,112.0,112.0,11.297467757756962,0.0,0
train/12-25/21.jpg,112.0,112.0,112.0,5.76911936729509,0.0,0
train/12-25/24.jpg,112.0,112.0,112.0,36.28342321525622,0.0,0
train/12-25/28.jpg,112.0,112.0,112.0,21.66174675144532,0.0,0
train/12-25/31.jpg,112.0,112.0,112.0,25.235952146064548,0.0,0
train/12-25/32.jpg,112.0,112.0,112.0,35.94081252077433,0.0,0
train/12-25/33.jpg,112.0,112.0,112.0,19.42570551173506,0.0,0
train/12-25/34.jpg,112.0,112.0,199.3670418407308,112.0,90.0,1
train/12-25/37.jpg,112.0,112.0,12.270365487484112,112.0,270.0,3
train/12-25/38.jpg,112.0,112.0,203.26883367283708,112.0,90.0,1
train/12-25/40.jpg,112.0,112.0,217.6882207249228,112.0,90.0,1
train/12-25/42.jpg,112.0,112.0,112.0,202.13878188659973,180.0,2
train/12-25/44.jpg,112.0,112.0,112.0,9.91670068027777,0.0,0
train/12-25/45.jpg,112.0,112.0,112.0,14.95361933590722,0.0,0
train/12-25/46.jpg,112.0,112.0,21.21453860887196,112.0,270.0,3
train/12-25/47.jpg,112.0,112.0,112.0,213.78899744078436,180.0,2
train/12-25/50.jpg,112.0,112.0,48.02344179310675,112.0,270.0,3
train/12-25/51.jpg,112.0,112.0,112.0,208.2548700066651,180.0,2
train/12-25/52.jpg,112.0,112.0,112.0,203.6787870774914,180.0,2
train/12-25/53.jpg,112.0,112.0,112.0,205.74433316206373,180.0,2
train/12-25/56.jpg,112.0,112.0,112.0,212.4041831797859,180.0,2
train/12-25/57.jpg,112.0,112.0,112.0,202.13878188659973,180.0,2
train/12-25/58.jpg,112.0,112.0,112.0,215.31021246711285,180.0,2
train/12-25/59.jpg,112.0,112.0,79.10623159320295,112.0,270.0,3
train/12-25/60.jpg,112.0,112.0,112.0,209.0463806640928,180.0,2
train/12-25/63.jpg,112.0,112.0,201.58794561770011,112.0,90.0,1
train/12-25/66.jpg,112.0,112.0,112.0,31.94376976149826,0.0,0
train/12-25/67.jpg,112.0,112.0,199.3670418407308,112.0,90.0,1
train/12-25/69.jpg,112.0,112.0,112.0,34.61137034421658,0.0,0
train/12-25/7.jpg,112.0,112.0,112.0,22.412054382299843,0.0,0
train/12-25/72.jpg,112.0,112.0,112.0,6.847729458656005,0.0,0
train/12-25/74.jpg,112.0,112.0,21.30270125301415,112.0,270.0,3
train/12-25/75.jpg,112.0,112.0,112.0,20.32121292250862,0.0,0
train/12-25/76.jpg,112.0,112.0,112.0,23.79569171520022,0.0,0
train/12-25/78.jpg,112.0,112.0,20.474047396380517,112.0,270.0,3
train/12-25/79.jpg,112.0,112.0,172.92618484691127,112.0,90.0,1
train/12-25/8.jpg,112.0,112.0,112.0,24.63295815926924,0.0,0
train/12-25/80.jpg,112.0,112.0,36.41561007721238,112.0,270.0,3
train/12-25/82.jpg,112.0,112.0,112.0,209.4935895328508,180.0,2
train/12-25/83.jpg,112.0,112.0,23.518363487105415,112.0,270.0,3
train/12-25/86.jpg,112.0,112.0,112.0,209.0463806640928,180.0,2
train/12-25/87.jpg,112.0,112.0,112.0,15.745129993334883,0.0,0
train/12-25/88.jpg,112.0,112.0,217.55093557141024,112.0,90.0,1
train/12-25/9.jpg,112.0,112.0,22.557280900008408,112.0,270.0,3
train/12-25/92.jpg,112.0,112.0,112.0,25.235952146064548,0.0,0
train/12-25/93.jpg,112.0,112.0,112.0,20.731166327162924,0.0,0
train/12-25/95.jpg,112.0,112.0,112.0,205.47192091746052,180.0,2
train/12-25/96.jpg,112.0,112.0,112.0,23.0,0.0,0
train/12-25/97.jpg,112.0,112.0,10.75771634341706,112.0,270.0,3
train/12-25/98.jpg,112.0,112.0,196.31488599292533,112.0,90.0,1
train/12-25/99.jpg,112.0,112.0,215.46496991735896,112.0,90.0,1
train/12-30/0.jpg,112.0,112.0,112.0,64.7347908076141,0.0,0
train/12-30/1.jpg,112.0,112.0,67.71682034903094,112.0,270.0,3
train/12-30/13.jpg,112.0,112.0,49.79871383966405,112.0,270.0,3
train/12-30/14.jpg,112.0,112.0,112.0,157.27692569068708,180.0,2
train/12-30/15.jpg,112.0,112.0,112.0,36.833518108135465,0.0,0
train/12-30/17.jpg,112.0,112.0,112.0,27.904815833485443,0.0,0
train/12-30/18.jpg,112.0,112.0,170.21511831131153,112.0,90.0,1
train/12-30/19.jpg,112.0,112.0,112.0,23.7220299281865,0.0,0
train/12-30/2.jpg,112.0,112.0,28.84953397605038,112.0,270.0,3
train/12-30/20.jpg,112.0,112.0,112.0,216.12012293500237,180.0,2
train/12-30/21.jpg,112.0,112.0,112.0,29.847702405836515,0.0,0
train/12-30/23.jpg,112.0,112.0,112.0,40.88741320975589,0.0,0
train/12-30/24.jpg,112.0,112.0,112.0,195.1504660239496,180.0,2
train/12-30/26.jpg,112.0,112.0,112.0,66.72307430931292,0.0,0
train/12-30/28.jpg,112.0,112.0,112.0,200.20430828479977,180.0,2
train/12-30/3.jpg,112.0,112.0,112.0,43.53102892550524,0.0,0
train/12-30/30.jpg,112.0,112.0,112.0,20.912130335592977,0.0,0
train/12-30/31.jpg,112.0,112.0,112.0,43.6406553571496,0.0,0
train/12-30/32.jpg,112.0,112.0,112.0,43.81642426507686,0.0,0
train/12-30/33.jpg,112.0,112.0,112.0,168.43580423808984,180.0,2
train/12-30/34.jpg,112.0,112.0,112.0,26.712251759118416,0.0,0
train/12-30/37.jpg,112.0,112.0,112.0,65.7290587949629,0.0,0
train/12-30/38.jpg,112.0,112.0,112.0,135.34523505985752,180.0,2
train/12-30/4.jpg,112.0,112.0,112.0,21.91115496355833,0.0,0
train/12-30/42.jpg,112.0,112.0,112.0,55.28139635005107,0.0,0
train/12-30/44.jpg,112.0,112.0,56.55633489748355,112.0,270.0,3
train/12-30/46.jpg,112.0,112.0,112.0,192.22468448052632,180.0,2
train/12-30/47.jpg,112.0,112.0,112.0,12.677293633328745,0.0,0
train/12-30/49.jpg,112.0,112.0,112.0,65.7290587949629,0.0,0
train/12-30/5.jpg,112.0,112.0,157.39823785126467,112.0,90.0,1
train/12-30/50.jpg,112.0,112.0,112.0,67.59279337765096,0.0,0
train/12-30/51.jpg,112.0,112.0,69.80995378054203,112.0,270.0,3
train/12-30/53.jpg,112.0,112.0,112.0,158.2709412050371,180.0,2
train/12-30/59.jpg,112.0,112.0,112.0,145.01514803843835,180.0,2
train/12-30/61.jpg,112.0,112.0,112.0,44.63532082760284,0.0,0
train/12-30/62.jpg,112.0,112.0,112.0,168.43580423808984,180.0,2
train/12-30/64.jpg,112.0,112.0,112.0,23.7220299281865,0.0,0
train/12-30/65.jpg,112.0,112.0,112.0,77.28689008458043,0.0,0
train/12-30/66.jpg,112.0,112.0,112.0,41.65087065215377,0.0,0
train/12-30/67.jpg,112.0,112.0,112.0,204.1357693840997,180.0,2
train/12-30/69.jpg,112.0,112.0,112.0,160.2597140480546,180.0,2
train/12-30/7.jpg,112.0,112.0,46.72366431852964,112.0,270.0,3
train/12-30/73.jpg,112.0,112.0,112.0,51.59304675784418,0.0,0
train/12-30/74.jpg,112.0,112.0,112.0,150.0525951808809,180.0,2
train/12-30/76.jpg,112.0,112.0,112.0,156.55333881989094,180.0,2
train/12-30/78.jpg,112.0,112.0,112.0,20.912130335592977,0.0,0
train/12-30/79.jpg,112.0,112.0,112.0,174.28964600958977,180.0,2
train/12-30/8.jpg,112.0,112.0,160.2597140480546,112.0,90.0,1
train/12-30/80.jpg,112.0,112.0,54.44133427536736,112.0,270.0,3
train/12-30/81.jpg,112.0,112.0,66.60176214873533,112.0,270.0,3
train/12-30/82.jpg,112.0,112.0,112.0,165.33854141237833,180.0,2
train/12-30/83.jpg,112.0,112.0,112.0,33.83990788132347,0.0,0
train/12-30/84.jpg,112.0,112.0,112.0,33.83990788132347,0.0,0
train/12-30/85.jpg,112.0,112.0,54.78112199632013,112.0,270.0,3
train/12-30/86.jpg,112.0,112.0,112.0,65.7290587949629,0.0,0
train/12-30/89.jpg,112.0,112.0,112.0,39.6605225343727,0.0,0
train/12-30/91.jpg,112.0,112.0,112.0,172.40695324215582,180.0,2
train/12-30/92.jpg,112.0,112.0,202.27181176868004,112.0,90.0,1
train/12-30/93.jpg,112.0,112.0,35.76352578981633,112.0,270.0,3
train/12-30/94.jpg,112.0,112.0,47.80498461718386,112.0,270.0,3
train/12-30/95.jpg,112.0,112.0,24.856440283862625,112.0,270.0,3
train/12-30/97.jpg,112.0,112.0,112.0,20.912130335592977,0.0,0
train/12-30/98.jpg,112.0,112.0,112.0,42.64583646240119,0.0,0
train/12-30/99.jpg,112.0,112.0,112.0,43.81642426507686,0.0,0
train/12-35/0.jpg,112.0,112.0,112.0,19.642000887849463,0.0,0
train/12-35/1.jpg,112.0,112.0,37.11341909260378,112.0,270.0,3
train/12-35/10.jpg,112.0,112.0,23.24753524549304,112.0,270.0,3
train/12-35/12.jpg,112.0,112.0,112.0,18.8066525979456,0.0,0
train/12-35/13.jpg,112.0,112.0,112.0,22.105617528123588,0.0,0
train/12-35/14.jpg,112.0,112.0,112.0,19.42570551173506,0.0,0
train/12-35/16.jpg,112.0,112.0,22.412054382299843,112.0,270.0,3
train/12-35/17.jpg,112.0,112.0,112.0,5.995283123815668,0.0,0
train/12-35/19.jpg,112.0,112.0,23.897786633932967,112.0,270.0,3
train/12-35/2.jpg,112.0,112.0,112.0,27.029416855007995,0.0,0
train/12-35/20.jpg,112.0,112.0,209.3498844375277,112.0,90.0,1
train/12-35/22.jpg,112.0,112.0,112.0,25.66924070761337,0.0,0
train/12-35/26.jpg,112.0,112.0,212.18482919085105,112.0,90.0,1
train/12-35/27.jpg,112.0,112.0,112.0,54.22457269738284,0.0,0
train/12-35/29.jpg,112.0,112.0,112.0,9.374467114660009,0.0,0
train/12-35/30.jpg,112.0,112.0,21.5732340509736,112.0,270.0,3
train/12-35/31.jpg,112.0,112.0,202.33825324855468,112.0,90.0,1
train/12-35/32.jpg,112.0,112.0,112.0,18.978497109539237,0.0,0
train/12-35/33.jpg,112.0,112.0,112.0,37.31399060064864,0.0,0
train/12-35/34.jpg,112.0,112.0,112.0,197.9825563704639,180.0,2
train/12-35/35.jpg,112.0,112.0,35.15600218624749,112.0,270.0,3
train/12-35/36.jpg,112.0,112.0,112.0,7.764689284292913,0.0,0
train/12-35/37.jpg,112.0,112.0,112.0,212.17983829094555,180.0,2
train/12-35/38.jpg,112.0,112.0,21.5732340509736,112.0,270.0,3
train/12-35/4.jpg,112.0,112.0,112.0,199.3670418407308,180.0,2
train/12-35/42.jpg,112.0,112.0,205.1933474020544,112.0,90.0,1
train/12-35/43.jpg,112.0,112.0,112.0,21.645144015387856,0.0,0
train/12-35/44.jpg,112.0,112.0,112.0,20.758562045526705,0.0,0
train/12-35/45.jpg,112.0,112.0,112.0,20.758562045526705,0.0,0
train/12-35/46.jpg,112.0,112.0,21.5732340509736,112.0,270.0,3
train/12-35/48.jpg,112.0,112.0,176.47480127925948,112.0,90.0,1
train/12-35/49.jpg,112.0,112.0,112.0,40.88741320975589,0.0,0
train/12-35/5.jpg,112.0,112.0,34.89617389519506,112.0,270.0,3
train/12-35/50.jpg,112.0,112.0,204.3579991121505,112.0,90.0,1
train/12-35/52.jpg,112.0,112.0,186.2495791233863,112.0,90.0,1
train/12-35/57.jpg,112.0,112.0,174.64982043070833,112.0,90.0,1
train/12-35/58.jpg,112.0,112.0,112.0,10.925769852053776,0.0,0
train/12-35/60.jpg,112.0,112.0,112.0,210.3869910099908,180.0,2
train/12-35/61.jpg,112.0,112.0,112.0,17.63369245329136,0.0,0
train/12-35/64.jpg,112.0,112.0,112.0,22.105617528123588,0.0,0
train/12-35/66.jpg,112.0,112.0,112.0,24.79334887750821,0.0,0
train/12-35/67.jpg,112.0,112.0,112.0,6.881019791856815,0.0,0
train/12-35/68.jpg,112.0,112.0,112.0,16.036465258932864,0.0,0
train/12-35/7.jpg,112.0,112.0,112.0,201.89994438263017,180.0,2
train/12-35/70.jpg,112.0,112.0,112.0,35.15600218624749,0.0,0
train/12-35/72.jpg,112.0,112.0,216.20172743289817,112.0,90.0,1
train/12-35/73.jpg,112.0,112.0,43.75778432670873,112.0,270.0,3
train/12-35/74.jpg,112.0,112.0,112.0,181.8927750200262,180.0,2
train/12-35/75.jpg,112.0,112.0,112.0,202.4267659490264,180.0,2
train/12-35/76.jpg,112.0,112.0,204.13034245024815,112.0,90.0,1
train/12-35/78.jpg,112.0,112.0,112.0,21.21453860887196,0.0,0
train/12-35/79.jpg,112.0,112.0,214.8591269649903,112.0,90.0,1
train/12-35/82.jpg,112.0,112.0,13.613008990009249,112.0,270.0,3
train/12-35/84.jpg,112.0,112.0,203.6787870774914,112.0,90.0,1
train/12-35/85.jpg,112.0,112.0,112.0,202.4267659490264,180.0,2
train/12-35/86.jpg,112.0,112.0,112.0,199.6641317757725,180.0,2
train/12-35/87.jpg,112.0,112.0,112.0,14.051033696112952,0.0,0
train/12-35/90.jpg,112.0,112.0,112.0,23.45057877094848,0.0,0
train/12-35/91.jpg,112.0,112.0,112.0,60.521849295065,0.0,0
train/12-35/92.jpg,112.0,112.0,112.0,200.20430828479977,180.0,2
train/12-35/93.jpg,112.0,112.0,112.0,22.105617528123588,0.0,0
train/12-35/94.jpg,112.0,112.0,112.0,22.994382199773483,0.0,0
train/12-35/95.jpg,112.0,112.0,112.0,7.343418744925557,0.0,0
train/12-35/97.jpg,112.0,112.0,112.0,204.64987857520376,180.0,2
train/12-35/98.jpg,112.0,112.0,112.0,182.7248188403477,180.0,2
train/12-35/99.jpg,112.0,112.0,43.75778432670873,112.0,270.0,3
train/12-40/0.jpg,112.0,112.0,112.0,213.2422836565829,180.0,2
train/12-40/1.jpg,112.0,112.0,186.0607858451421,112.0,90.0,1
train/12-40/12.jpg,112.0,112.0,112.0,205.9148550549912,180.0,2
train/12-40/13.jpg,112.0,112.0,112.0,44.32430273724548,0.0,0
train/12-40/14.jpg,112.0,112.0,165.31041174104735,112.0,90.0,1
train/12-40/15.jpg,112.0,112.0,112.0,201.8943824718764,180.0,2
train/12-40/16.jpg,112.0,112.0,194.92767933567177,112.0,90.0,1
train/12-40/19.jpg,112.0,112.0,112.0,18.8066525979456,0.0,0
train/12-40/2.jpg,112.0,112.0,112.0,16.585116464987493,0.0,0
train/12-40/20.jpg,112.0,112.0,112.0,22.412054382299843,0.0,0
train/12-40/21.jpg,112.0,112.0,112.0,34.06412892640515,0.0,0
train/12-40/24.jpg,112.0,112.0,112.0,30.458599472415244,0.0,0
train/12-40/25.jpg,112.0,112.0,112.0,205.94147114027967,180.0,2
train/12-40/26.jpg,112.0,112.0,112.0,31.006173074733653,0.0,0
train/12-40/27.jpg,112.0,112.0,112.0,55.38728058112736,0.0,0
train/12-40/28.jpg,112.0,112.0,112.0,202.785461391128,180.0,2
train/12-40/29.jpg,112.0,112.0,216.84750831564855,112.0,90.0,1
train/12-40/31.jpg,112.0,112.0,112.0,37.66965626340748,0.0,0
train/12-40/32.jpg,112.0,112.0,180.4470598345904,112.0,90.0,1
train/12-40/33.jpg,112.0,112.0,15.20123967735951,112.0,270.0,3
train/12-40/34.jpg,112.0,112.0,112.0,16.585116464987493,0.0,0
train/12-40/37.jpg,112.0,112.0,112.0,37.66965626340748,0.0,0
train/12-40/38.jpg,112.0,112.0,112.0,19.88594026968522,0.0,0
train/12-40/4.jpg,112.0,112.0,112.0,210.18350166906865,180.0,2
train/12-40/40.jpg,112.0,112.0,171.50630218724734,112.0,90.0,1
train/12-40/42.jpg,112.0,112.0,112.0,176.40496875241848,180.0,2
train/12-40/45.jpg,112.0,112.0,112.0,12.97980004059778,0.0,0
train/12-40/46.jpg,112.0,112.0,112.0,20.731166327162924,0.0,0
train/12-40/47.jpg,112.0,112.0,9.374467114660009,112.0,270.0,3
train/12-40/48.jpg,112.0,112.0,174.24146527838172,112.0,90.0,1
train/12-40/49.jpg,112.0,112.0,42.36523856578526,112.0,270.0,3
train/12-40/5.jpg,112.0,112.0,112.0,21.5732340509736,0.0,0
train/12-40/50.jpg,112.0,112.0,174.42595614005444,112.0,90.0,1
train/12-40/51.jpg,112.0,112.0,112.0,200.54942122905152,180.0,2
train/12-40/52.jpg,112.0,112.0,112.0,185.8173421358423,180.0,2
train/12-40/53.jpg,112.0,112.0,112.0,183.1125867902441,180.0,2
train/12-40/57.jpg,112.0,112.0,167.03635162326805,112.0,90.0,1
train/12-40/60.jpg,112.0,112.0,9.91670068027777,112.0,270.0,3
train/12-40/61.jpg,112.0,112.0,112.0,30.458599472415244,0.0,0
train/12-40/62.jpg,112.0,112.0,112.0,31.843902290593007,0.0,0
train/12-40/63.jpg,112.0,112.0,112.0,22.412054382299843,0.0,0
train/12-40/64.jpg,112.0,112.0,112.0,6.3117792750772,0.0,0
train/12-40/66.jpg,112.0,112.0,18.085144945008835,112.0,270.0,3
train/12-40/67.jpg,112.0,112.0,7.692761516757613,112.0,270.0,3
train/12-40/69.jpg,112.0,112.0,112.0,179.54257916307313,180.0,2
train/12-40/7.jpg,112.0,112.0,205.1933474020544,112.0,90.0,1
train/12-40/71.jpg,112.0,112.0,205.1933474020544,112.0,90.0,1
train/12-40/72.jpg,112.0,112.0,112.0,8.535030082641015,0.0,0
train/12-40/74.jpg,112.0,112.0,180.0294054067798,112.0,90.0,1
train/12-40/76.jpg,112.0,112.0,112.0,22.11117978302308,0.0,0
train/12-40/78.jpg,112.0,112.0,112.0,20.731166327162924,0.0,0
train/12-40/79.jpg,112.0,112.0,171.09314681077663,112.0,90.0,1
train/12-40/8.jpg,112.0,112.0,112.0,11.297467757756962,0.0,0
train/12-40/80.jpg,112.0,112.0,214.41581909060727,112.0,90.0,1
train/12-40/82.jpg,112.0,112.0,206.8103369891701,112.0,90.0,1
train/12-40/83.jpg,112.0,112.0,112.0,39.32951080390335,0.0,0
train/12-40/85.jpg,112.0,112.0,112.0,21.5732340509736,0.0,0
train/12-40/87.jpg,112.0,112.0,112.0,30.458599472415244,0.0,0
train/12-40/88.jpg,112.0,112.0,112.0,34.06412892640515,0.0,0
train/12-40/9.jpg,112.0,112.0,112.0,34.06412892640515,0.0,0
train/12-40/91.jpg,112.0,112.0,112.0,36.28342321525622,0.0,0
train/12-40/92.jpg,112.0,112.0,112.0,217.5461984156701,180.0,2
train/12-40/94.jpg,112.0,112.0,112.0,202.35485598461213,180.0,2
train/12-40/97.jpg,112.0,112.0,213.51847122568387,112.0,90.0,1
train/12-40/98.jpg,112.0,112.0,112.0,17.628394100767792,0.0,0
train/12-40/99.jpg,112.0,112.0,112.0,44.32430273724548,0.0,0
train/12-45/0.jpg,112.0,112.0,65.7290587949629,112.0,270.0,3
train/12-45/1.jpg,112.0,112.0,157.27692569068708,112.0,90.0,1
train/12-45/12.jpg,112.0,112.0,66.72307430931292,112.0,270.0,3
train/12-45/13.jpg,112.0,112.0,157.5411901469428,112.0,90.0,1
train/12-45/16.jpg,112.0,112.0,112.0,29.90249699290483,0.0,0
train/12-45/17.jpg,112.0,112.0,112.0,21.72818823131996,0.0,0
train/12-45/18.jpg,112.0,112.0,112.0,153.19465984809196,180.0,2
train/12-45/19.jpg,112.0,112.0,112.0,66.72307430931292,0.0,0
train/12-45/2.jpg,112.0,112.0,29.90249699290483,112.0,270.0,3
train/12-45/20.jpg,112.0,112.0,112.0,26.90593440198077,0.0,0
train/12-45/21.jpg,112.0,112.0,112.0,29.61068030381608,0.0,0
train/12-45/23.jpg,112.0,112.0,112.0,10.821939136984838,0.0,0
train/12-45/26.jpg,112.0,112.0,112.0,29.90249699290483,0.0,0
train/12-45/27.jpg,112.0,112.0,156.28317965096906,112.0,90.0,1
train/12-45/28.jpg,112.0,112.0,112.0,34.89617389519506,0.0,0
train/12-45/33.jpg,112.0,112.0,112.0,31.60099503103288,0.0,0
train/12-45/34.jpg,112.0,112.0,22.72514351733743,112.0,270.0,3
train/12-45/37.jpg,112.0,112.0,112.0,35.894809638238215,0.0,0
train/12-45/38.jpg,112.0,112.0,112.0,20.912130335592977,0.0,0
train/12-45/4.jpg,112.0,112.0,112.0,205.1933474020544,180.0,2
train/12-45/40.jpg,112.0,112.0,112.0,53.862232585005465,0.0,0
train/12-45/42.jpg,112.0,112.0,112.0,40.88741320975589,0.0,0
train/12-45/44.jpg,112.0,112.0,112.0,7.692761516757613,0.0,0
train/12-45/45.jpg,112.0,112.0,112.0,15.745129993334883,0.0,0
train/12-45/46.jpg,112.0,112.0,188.16429609731847,112.0,90.0,1
train/12-45/49.jpg,112.0,112.0,169.21887800367986,112.0,90.0,1
train/12-45/5.jpg,112.0,112.0,112.0,190.31347265956225,180.0,2
train/12-45/50.jpg,112.0,112.0,112.0,64.4815825179331,0.0,0
train/12-45/51.jpg,112.0,112.0,112.0,19.9130845342293,0.0,0
train/12-45/52.jpg,112.0,112.0,112.0,21.72818823131996,0.0,0
train/12-45/56.jpg,112.0,112.0,112.0,22.72514351733743,0.0,0
train/12-45/57.jpg,112.0,112.0,112.0,78.45898033750316,0.0,0
train/12-45/58.jpg,112.0,112.0,112.0,16.742454367121127,0.0,0
train/12-45/60.jpg,112.0,112.0,213.1780608630152,112.0,90.0,1
train/12-45/61.jpg,112.0,112.0,211.18165152889924,112.0,90.0,1
train/12-45/62.jpg,112.0,112.0,66.72307430931292,112.0,270.0,3
train/12-45/64.jpg,112.0,112.0,112.0,207.13148795220224,180.0,2
train/12-45/66.jpg,112.0,112.0,112.0,204.1954445729289,180.0,2
train/12-45/72.jpg,112.0,112.0,112.0,65.7290587949629,0.0,0
train/12-45/73.jpg,112.0,112.0,112.0,66.60176214873533,0.0,0
train/12-45/74.jpg,112.0,112.0,112.0,65.47043950347263,0.0,0
train/12-45/75.jpg,112.0,112.0,112.0,79.44235880780059,0.0,0
train/12-45/79.jpg,112.0,112.0,112.0,156.55333881989094,180.0,2
train/12-45/8.jpg,112.0,112.0,112.0,11.92003197442557,0.0,0
train/12-45/81.jpg,112.0,112.0,112.0,21.800221729762555,0.0,0
train/12-45/82.jpg,112.0,112.0,112.0,22.72514351733743,0.0,0
train/12-45/83.jpg,112.0,112.0,66.60176214873533,112.0,270.0,3
train/12-45/84.jpg,112.0,112.0,112.0,47.80498461718386,0.0,0
train/12-45/85.jpg,112.0,112.0,52.864562232109925,112.0,270.0,3
train/12-45/86.jpg,112.0,112.0,112.0,27.904815833485443,0.0,0
train/12-45/87.jpg,112.0,112.0,112.0,45.62982597581953,0.0,0
train/12-45/9.jpg,112.0,112.0,44.88070322180066,112.0,270.0,3
train/12-45/93.jpg,112.0,112.0,67.59279337765096,112.0,270.0,3
train/12-45/95.jpg,112.0,112.0,112.0,20.731166327162924,0.0,0
train/12-45/96.jpg,112.0,112.0,112.0,188.32168761236875,180.0,2
train/12-45/99.jpg,112.0,112.0,112.0,64.4815825179331,0.0,0
train/12-50/0.jpg,112.0,112.0,112.0,213.965680500843,180.0,2
train/12-50/14.jpg,112.0,112.0,112.0,153.78516483155235,180.0,2
train/12-50/27.jpg,112.0,112.0,204.3579991121505,112.0,90.0,1
train/12-50/34.jpg,112.0,112.0,112.0,213.07423014794625,180.0,2
train/12-50/38.jpg,112.0,112.0,203.6787870774914,112.0,90.0,1
train/12-50/63.jpg,112.0,112.0,112.0,202.33825324855468,180.0,2
train/12-50/82.jpg,112.0,112.0,112.0,207.25754563287887,180.0,2
train/12-50/89.jpg,112.0,112.0,112.0,217.6882207249228,180.0,2
train/12-50/92.jpg,112.0,112.0,112.0,201.58794561770011,180.0,2
train/12-55/0.jpg,112.0,112.0,112.0,7.9903850598416994,0.0,0
train/12-55/1.jpg,112.0,112.0,112.0,35.72418469790047,0.0,0
train/12-55/10.jpg,112.0,112.0,112.0,19.642000887849463,0.0,0
train/12-55/12.jpg,112.0,112.0,112.0,21.86121811340027,0.0,0
train/12-55/13.jpg,112.0,112.0,112.0,19.642000887849463,0.0,0
train/12-55/14.jpg,112.0,112.0,112.0,24.581466495942635,0.0,0
train/12-55/15.jpg,112.0,112.0,112.0,40.152940213255775,0.0,0
train/12-55/16.jpg,112.0,112.0,112.0,34.89617389519506,0.0,0
train/12-55/17.jpg,112.0,112.0,112.0,31.290644904075705,0.0,0
train/12-55/18.jpg,112.0,112.0,112.0,19.642000887849463,0.0,0
train/12-55/19.jpg,112.0,112.0,112.0,206.87360012142472,180.0,2
train/12-55/2.jpg,112.0,112.0,112.0,8.8253907203909,0.0,0
train/12-55/20.jpg,112.0,112.0,214.62553288534,112.0,90.0,1
train/12-55/23.jpg,112.0,112.0,112.0,11.0445642870083,0.0,0
train/12-55/24.jpg,112.0,112.0,112.0,31.290644904075705,0.0,0
train/12-55/26.jpg,112.0,112.0,208.60227740586657,112.0,90.0,1
train/12-55/27.jpg,112.0,112.0,112.0,62.79634159942982,0.0,0
train/12-55/28.jpg,112.0,112.0,189.6659513557904,112.0,90.0,1
train/12-55/30.jpg,112.0,112.0,112.0,199.3670418407308,180.0,2
train/12-55/31.jpg,112.0,112.0,112.0,35.15600218624749,0.0,0
train/12-55/32.jpg,112.0,112.0,112.0,38.76066630559778,0.0,0
train/12-55/34.jpg,112.0,112.0,112.0,9.374467114660009,0.0,0
train/12-55/35.jpg,112.0,112.0,112.0,150.8329756778952,180.0,2
train/12-55/38.jpg,112.0,112.0,202.9725233243533,112.0,90.0,1
train/12-55/40.jpg,112.0,112.0,112.0,42.36523856578526,0.0,0
train/12-55/44.jpg,112.0,112.0,112.0,193.5414005275848,180.0,2
train/12-55/45.jpg,112.0,112.0,210.83825170448935,112.0,90.0,1
train/12-55/46.jpg,112.0,112.0,112.0,202.4267659490264,180.0,2
train/12-55/47.jpg,112.0,112.0,112.0,24.07958143866693,0.0,0
train/12-55/49.jpg,112.0,112.0,112.0,11.0445642870083,0.0,0
train/12-55/51.jpg,112.0,112.0,112.0,21.027476675646724,0.0,0
train/12-55/52.jpg,112.0,112.0,112.0,202.69729874698584,180.0,2
train/12-55/53.jpg,112.0,112.0,112.0,198.53323061113576,180.0,2
train/12-55/55.jpg,112.0,112.0,13.207287718172251,112.0,270.0,3
train/12-55/56.jpg,112.0,112.0,112.0,22.691545752935568,0.0,0
train/12-55/58.jpg,112.0,112.0,6.0,112.0,270.0,3
train/12-55/6.jpg,112.0,112.0,203.80958555619344,112.0,90.0,1
train/12-55/61.jpg,112.0,112.0,112.0,32.94305849579051,0.0,0
train/12-55/62.jpg,112.0,112.0,112.0,29.072320664328245,0.0,0
train/12-55/65.jpg,112.0,112.0,112.0,41.54434018476586,0.0,0
train/12-55/67.jpg,112.0,112.0,112.0,24.07958143866693,0.0,0
train/12-55/68.jpg,112.0,112.0,208.60227740586657,112.0,90.0,1
train/12-55/69.jpg,112.0,112.0,184.4223722339996,112.0,90.0,1
train/12-55/7.jpg,112.0,112.0,44.32430273724548,112.0,270.0,3
train/12-55/70.jpg,112.0,112.0,112.0,31.290644904075705,0.0,0
train/12-55/72.jpg,112.0,112.0,24.63295815926924,112.0,270.0,3
train/12-55/73.jpg,112.0,112.0,112.0,49.57404385994557,0.0,0
train/12-55/74.jpg,112.0,112.0,112.0,211.56907150315303,180.0,2
train/12-55/75.jpg,112.0,112.0,112.0,21.86121811340027,0.0,0
train/12-55/76.jpg,112.0,112.0,112.0,20.19041444380657,0.0,0
train/12-55/78.jpg,112.0,112.0,112.0,18.8066525979456,0.0,0
train/12-55/79.jpg,112.0,112.0,170.0086200490927,112.0,90.0,1
train/12-55/80.jpg,112.0,112.0,112.0,188.27581530209957,180.0,2
train/12-55/82.jpg,112.0,112.0,112.0,21.86121811340027,0.0,0
train/12-55/83.jpg,112.0,112.0,112.0,218.2308806327049,180.0,2
train/12-55/85.jpg,112.0,112.0,112.0,196.31488599292533,180.0,2
train/12-55/87.jpg,112.0,112.0,21.5732340509736,112.0,270.0,3
train/12-55/89.jpg,112.0,112.0,112.0,45.96970392312329,0.0,0
train/12-55/91.jpg,112.0,112.0,112.0,21.86121811340027,0.0,0
train/12-55/92.jpg,112.0,112.0,112.0,21.86121811340027,0.0,0
train/12-55/93.jpg,112.0,112.0,112.0,18.8066525979456,0.0,0
train/12-55/94.jpg,112.0,112.0,112.0,20.19041444380657,0.0,0
train/12-55/95.jpg,112.0,112.0,112.0,6.605502989956818,0.0,0
train/12-55/96.jpg,112.0,112.0,164.80151512977633,112.0,90.0,1
train/12-55/97.jpg,112.0,112.0,112.0,22.691545752935568,0.0,0
train/12-55/98.jpg,112.0,112.0,112.0,38.76066630559778,0.0,0
train/12-55/99.jpg,112.0,112.0,112.0,42.36523856578526,0.0,0
train/2-00/0.jpg,112.0,112.0,192.22468448052632,112.0,90.0,1
train/2-00/1.jpg,112.0,112.0,112.0,159.2652091923859,180.0,2
train/2-00/10.jpg,112.0,112.0,112.0,21.800221729762555,0.0,0
train/2-00/12.jpg,112.0,112.0,112.0,170.13776741499453,180.0,2
train/2-00/15.jpg,112.0,112.0,112.0,178.12110101926618,180.0,2
train/2-00/16.jpg,112.0,112.0,33.89750324093346,112.0,270.0,3
train/2-00/17.jpg,112.0,112.0,32.898798997739604,112.0,270.0,3
train/2-00/19.jpg,112.0,112.0,112.0,217.07616285342743,180.0,2
train/2-00/2.jpg,112.0,112.0,112.0,24.79334887750821,0.0,0
train/2-00/23.jpg,112.0,112.0,112.0,50.795425007602574,0.0,0
train/2-00/24.jpg,112.0,112.0,34.89617389519506,112.0,270.0,3
train/2-00/25.jpg,112.0,112.0,112.0,42.73962171630883,0.0,0
train/2-00/27.jpg,112.0,112.0,112.0,62.50252531694167,0.0,0
train/2-00/28.jpg,112.0,112.0,112.0,31.77531551947368,0.0,0
train/2-00/32.jpg,112.0,112.0,112.0,43.73580733649595,0.0,0
train/2-00/33.jpg,112.0,112.0,187.32595834106596,112.0,90.0,1
train/2-00/34.jpg,112.0,112.0,112.0,22.797982085605256,0.0,0
train/2-00/37.jpg,112.0,112.0,177.27633568147036,112.0,90.0,1
train/2-00/38.jpg,112.0,112.0,112.0,22.797982085605256,0.0,0
train/2-00/40.jpg,112.0,112.0,112.0,52.69569998726905,0.0,0
train/2-00/44.jpg,112.0,112.0,197.2877482408816,112.0,90.0,1
train/2-00/45.jpg,112.0,112.0,112.0,23.79569171520022,0.0,0
train/2-00/46.jpg,112.0,112.0,112.0,184.11102550927976,180.0,2
train/2-00/47.jpg,112.0,112.0,198.28441342444185,112.0,90.0,1
train/2-00/48.jpg,112.0,112.0,112.0,48.612304033038086,0.0,0
train/2-00/49.jpg,112.0,112.0,112.0,35.76352578981633,0.0,0
train/2-00/5.jpg,112.0,112.0,112.0,33.68652734043778,0.0,0
train/2-00/51.jpg,112.0,112.0,112.0,21.800221729762555,0.0,0
train/2-00/52.jpg,112.0,112.0,112.0,43.73580733649595,0.0,0
train/2-00/56.jpg,112.0,112.0,112.0,29.78078083562214,0.0,0
train/2-00/57.jpg,112.0,112.0,155.4165866921848,112.0,90.0,1
train/2-00/60.jpg,112.0,112.0,36.8934090774984,112.0,270.0,3
train/2-00/61.jpg,112.0,112.0,189.2334124585985,112.0,90.0,1
train/2-00/62.jpg,112.0,112.0,32.898798997739604,112.0,270.0,3
train/2-00/63.jpg,112.0,112.0,112.0,190.10249675906653,180.0,2
train/2-00/64.jpg,112.0,112.0,112.0,22.797982085605256,0.0,0
train/2-00/66.jpg,112.0,112.0,112.0,176.1248781675256,180.0,2
train/2-00/68.jpg,112.0,112.0,50.8689931376883,112.0,270.0,3
train/2-00/7.jpg,112.0,112.0,176.2806347199528,112.0,90.0,1
train/2-00/70.jpg,112.0,112.0,112.0,5.924555150591047,0.0,0
train/2-00/72.jpg,112.0,112.0,112.0,21.800221729762555,0.0,0
train/2-00/74.jpg,112.0,112.0,112.0,47.61832558872051,0.0,0
train/2-00/75.jpg,112.0,112.0,112.0,203.08786966440704,180.0,2
train/2-00/76.jpg,112.0,112.0,193.2219182240853,112.0,90.0,1
train/2-00/79.jpg,112.0,112.0,112.0,51.70074627327466,0.0,0
train/2-00/80.jpg,112.0,112.0,112.0,188.16429609731847,180.0,2
train/2-00/81.jpg,112.0,112.0,112.0,203.08786966440704,180.0,2
train/2-00/82.jpg,112.0,112.0,31.90006242199685,112.0,270.0,3
train/2-00/83.jpg,112.0,112.0,112.0,10.75771634341706,0.0,0
train/2-00/84.jpg,112.0,112.0,179.36467917239716,112.0,90.0,1
train/2-00/85.jpg,112.0,112.0,112.0,53.690481051547,0.0,0
train/2-00/86.jpg,112.0,112.0,32.898798997739604,112.0,270.0,3
train/2-00/88.jpg,112.0,112.0,44.88070322180066,112.0,270.0,3
train/2-00/89.jpg,112.0,112.0,112.0,46.72366431852964,0.0,0
train/2-00/9.jpg,112.0,112.0,180.26419266350405,112.0,90.0,1
train/2-00/90.jpg,112.0,112.0,38.89049309426304,112.0,270.0,3
train/2-00/91.jpg,112.0,112.0,171.4138031100518,112.0,90.0,1
train/2-00/93.jpg,112.0,112.0,190.23042886243175,112.0,90.0,1
train/2-00/95.jpg,112.0,112.0,112.0,24.79334887750821,0.0,0
train/2-00/96.jpg,112.0,112.0,112.0,43.6406553571496,0.0,0
train/2-05/0.jpg,112.0,112.0,112.0,9.584180909392714,0.0,0
train/2-05/12.jpg,112.0,112.0,112.0,36.84682308777626,0.0,0
train/2-05/13.jpg,112.0,112.0,112.0,202.785461391128,180.0,2
train/2-05/15.jpg,112.0,112.0,112.0,23.0,0.0,0
train/2-05/16.jpg,112.0,112.0,112.0,12.717574566290937,0.0,0
train/2-05/17.jpg,112.0,112.0,112.0,199.2066511224918,180.0,2
train/2-05/18.jpg,112.0,112.0,112.0,19.42570551173506,0.0,0
train/2-05/19.jpg,112.0,112.0,16.286887000787615,112.0,270.0,3
train/2-05/2.jpg,112.0,112.0,112.0,20.32121292250862,0.0,0
train/2-05/20.jpg,112.0,112.0,112.0,23.0,0.0,0
train/2-05/21.jpg,112.0,112.0,205.47192091746052,112.0,90.0,1
train/2-05/23.jpg,112.0,112.0,112.0,15.20123967735951,0.0,0
train/2-05/26.jpg,112.0,112.0,112.0,19.42570551173506,0.0,0
train/2-05/28.jpg,112.0,112.0,112.0,204.13034245024815,180.0,2
train/2-05/29.jpg,112.0,112.0,112.0,7.34819638439096,0.0,0
train/2-05/30.jpg,112.0,112.0,200.10221336606705,112.0,90.0,1
train/2-05/32.jpg,112.0,112.0,6.009434382111166,112.0,270.0,3
train/2-05/33.jpg,112.0,112.0,112.0,18.962373203095936,0.0,0
train/2-05/37.jpg,112.0,112.0,112.0,15.39254687137229,0.0,0
train/2-05/4.jpg,112.0,112.0,210.3869910099908,112.0,90.0,1
train/2-05/40.jpg,112.0,112.0,112.0,22.10005561736982,0.0,0
train/2-05/42.jpg,112.0,112.0,112.0,17.628394100767792,0.0,0
train/2-05/45.jpg,112.0,112.0,112.0,23.0,0.0,0
train/2-05/47.jpg,112.0,112.0,7.798272567101847,112.0,270.0,3
train/2-05/48.jpg,112.0,112.0,217.5461984156701,112.0,90.0,1
train/2-05/49.jpg,112.0,112.0,112.0,20.76404217634365,0.0,0
train/2-05/5.jpg,112.0,112.0,112.0,39.08223810346344,0.0,0
train/2-05/50.jpg,112.0,112.0,112.0,47.11548720996666,0.0,0
train/2-05/51.jpg,112.0,112.0,112.0,201.8943824718764,180.0,2
train/2-05/53.jpg,112.0,112.0,112.0,6.90480505750989,0.0,0
train/2-05/55.jpg,112.0,112.0,112.0,46.25808034442559,0.0,0
train/2-05/56.jpg,112.0,112.0,23.897786633932967,112.0,270.0,3
train/2-05/6.jpg,112.0,112.0,112.0,20.32121292250862,0.0,0
train/2-05/60.jpg,112.0,112.0,112.0,215.7689741685828,180.0,2
train/2-05/62.jpg,112.0,112.0,14.95361933590722,112.0,270.0,3
train/2-05/64.jpg,112.0,112.0,112.0,23.0,0.0,0
train/2-05/67.jpg,112.0,112.0,112.0,20.76404217634365,0.0,0
train/2-05/68.jpg,112.0,112.0,112.0,14.650115562472294,0.0,0
train/2-05/69.jpg,112.0,112.0,112.0,6.449064428589736,0.0,0
train/2-05/7.jpg,112.0,112.0,112.0,39.08223810346344,0.0,0
train/2-05/71.jpg,112.0,112.0,112.0,21.66174675144532,0.0,0
train/2-05/72.jpg,112.0,112.0,200.10221336606705,112.0,90.0,1
train/2-05/76.jpg,112.0,112.0,112.0,20.32121292250862,0.0,0
train/2-05/78.jpg,112.0,112.0,112.0,20.32121292250862,0.0,0
train/2-05/79.jpg,112.0,112.0,112.0,55.140524096682,0.0,0
train/2-05/80.jpg,112.0,112.0,112.0,24.76468604974245,0.0,0
train/2-05/82.jpg,112.0,112.0,112.0,13.156689654787456,0.0,0
train/2-05/84.jpg,112.0,112.0,112.0,202.785461391128,180.0,2
train/2-05/85.jpg,112.0,112.0,112.0,202.785461391128,180.0,2
train/2-05/87.jpg,112.0,112.0,112.0,210.3869910099908,180.0,2
train/2-05/89.jpg,112.0,112.0,200.10221336606705,112.0,90.0,1
train/2-05/9.jpg,112.0,112.0,112.0,30.140364036968748,0.0,0
train/2-05/91.jpg,112.0,112.0,21.66174675144532,112.0,270.0,3
train/2-05/92.jpg,112.0,112.0,198.76404785393544,112.0,90.0,1
train/2-05/93.jpg,112.0,112.0,112.0,24.33586822422754,0.0,0
train/2-05/96.jpg,112.0,112.0,112.0,47.11548720996666,0.0,0
train/2-05/97.jpg,112.0,112.0,112.0,215.7689741685828,180.0,2
train/2-05/98.jpg,112.0,112.0,112.0,9.584180909392714,0.0,0
train/2-10/0.jpg,112.0,112.0,112.0,214.08329931972224,180.0,2
train/2-10/1.jpg,112.0,112.0,112.0,37.36756737181884,0.0,0
train/2-10/12.jpg,112.0,112.0,112.0,41.54434018476586,0.0,0
train/2-10/15.jpg,112.0,112.0,13.81649833093138,112.0,270.0,3
train/2-10/18.jpg,112.0,112.0,112.0,202.4267659490264,180.0,2
train/2-10/19.jpg,112.0,112.0,112.0,205.1933474020544,180.0,2
train/2-10/2.jpg,112.0,112.0,112.0,11.595816820214113,0.0,0
train/2-10/20.jpg,112.0,112.0,112.0,21.86121811340027,0.0,0
train/2-10/23.jpg,112.0,112.0,112.0,19.642000887849463,0.0,0
train/2-10/24.jpg,112.0,112.0,112.0,195.76156636548768,180.0,2
train/2-10/28.jpg,112.0,112.0,112.0,209.63708311906908,180.0,2
train/2-10/29.jpg,112.0,112.0,7.692761516757613,112.0,270.0,3
train/2-10/30.jpg,112.0,112.0,202.4267659490264,112.0,90.0,1
train/2-10/34.jpg,112.0,112.0,112.0,22.691545752935568,0.0,0
train/2-10/38.jpg,112.0,112.0,29.90249699290483,112.0,270.0,3
train/2-10/4.jpg,112.0,112.0,112.0,12.430928496846974,0.0,0
train/2-10/42.jpg,112.0,112.0,112.0,40.152940213255775,0.0,0
train/2-10/44.jpg,112.0,112.0,112.0,15.20123967735951,0.0,0
train/2-10/47.jpg,112.0,112.0,215.46496991735896,112.0,90.0,1
train/2-10/5.jpg,112.0,112.0,33.50796218723838,112.0,270.0,3
train/2-10/50.jpg,112.0,112.0,112.0,36.54802852144948,0.0,0
train/2-10/51.jpg,112.0,112.0,112.0,22.691545752935568,0.0,0
train/2-10/52.jpg,112.0,112.0,112.0,9.374467114660009,0.0,0
train/2-10/53.jpg,112.0,112.0,112.0,42.36523856578526,0.0,0
train/2-10/56.jpg,112.0,112.0,112.0,214.9271587094485,180.0,2
train/2-10/57.jpg,112.0,112.0,112.0,52.594613038883416,0.0,0
train/2-10/59.jpg,112.0,112.0,112.0,12.430928496846974,0.0,0
train/2-10/61.jpg,112.0,112.0,112.0,216.84750831564855,180.0,2
train/2-10/63.jpg,112.0,112.0,112.0,20.474047396380517,0.0,0
train/2-10/64.jpg,112.0,112.0,112.0,22.691545752935568,0.0,0
train/2-10/73.jpg,112.0,112.0,112.0,46.784971057278526,0.0,0
train/2-10/76.jpg,112.0,112.0,166.644304369257,112.0,90.0,1
train/2-10/78.jpg,112.0,112.0,202.4267659490264,112.0,90.0,1
train/2-10/79.jpg,112.0,112.0,112.0,169.4282160614449,180.0,2
train/2-10/82.jpg,112.0,112.0,112.0,13.81649833093138,0.0,0
train/2-10/83.jpg,112.0,112.0,112.0,34.3340486442096,0.0,0
train/2-10/84.jpg,112.0,112.0,186.88658090739625,112.0,90.0,1
train/2-10/86.jpg,112.0,112.0,112.0,26.297024555736684,0.0,0
train/2-10/88.jpg,112.0,112.0,112.0,8.8253907203909,0.0,0
train/2-10/89.jpg,112.0,112.0,112.0,218.2308806327049,180.0,2
train/2-10/9.jpg,112.0,112.0,112.0,32.94305849579051,0.0,0
train/2-10/92.jpg,112.0,112.0,112.0,19.642000887849463,0.0,0
train/2-15/0.jpg,112.0,112.0,112.0,30.845825738906072,0.0,0
train/2-15/13.jpg,112.0,112.0,112.0,202.27181176868004,180.0,2
train/2-15/15.jpg,112.0,112.0,112.0,40.824161402903016,0.0,0
train/2-15/17.jpg,112.0,112.0,112.0,29.847702405836515,0.0,0
train/2-15/18.jpg,112.0,112.0,112.0,170.42088667591412,180.0,2
train/2-15/19.jpg,112.0,112.0,112.0,204.26592003551477,180.0,2
train/2-15/2.jpg,112.0,112.0,112.0,29.847702405836515,0.0,0
train/2-15/20.jpg,112.0,112.0,112.0,25.85477378287291,0.0,0
train/2-15/21.jpg,112.0,112.0,112.0,215.31021246711285,180.0,2
train/2-15/22.jpg,112.0,112.0,151.05124837953326,112.0,90.0,1
train/2-15/25.jpg,112.0,112.0,112.0,17.86711520409034,0.0,0
train/2-15/26.jpg,112.0,112.0,195.2946576918352,112.0,90.0,1
train/2-15/27.jpg,112.0,112.0,112.0,160.66210024238575,180.0,2
train/2-15/28.jpg,112.0,112.0,112.0,48.80189876270016,0.0,0
train/2-15/31.jpg,112.0,112.0,112.0,42.81907777428809,0.0,0
train/2-15/38.jpg,112.0,112.0,112.0,21.86121811340027,0.0,0
train/2-15/42.jpg,112.0,112.0,112.0,43.81642426507686,0.0,0
train/2-15/45.jpg,112.0,112.0,112.0,24.856440283862625,0.0,0
train/2-15/46.jpg,112.0,112.0,112.0,37.831273436845365,0.0,0
train/2-15/47.jpg,112.0,112.0,112.0,10.821939136984838,0.0,0
train/2-15/49.jpg,112.0,112.0,112.0,183.34423592694787,180.0,2
train/2-15/5.jpg,112.0,112.0,112.0,36.76038277609328,0.0,0
train/2-15/50.jpg,112.0,112.0,48.71493067081304,112.0,270.0,3
train/2-15/51.jpg,112.0,112.0,112.0,202.27181176868004,180.0,2
train/2-15/52.jpg,112.0,112.0,112.0,183.34423592694787,180.0,2
train/2-15/53.jpg,112.0,112.0,46.72366431852964,112.0,270.0,3
train/2-15/55.jpg,112.0,112.0,112.0,6.980954108314236,0.0,0
train/2-15/56.jpg,112.0,112.0,112.0,6.881019791856815,0.0,0
train/2-15/59.jpg,112.0,112.0,112.0,82.57212206087567,0.0,0
train/2-15/60.jpg,112.0,112.0,112.0,216.2353107157071,180.0,2
train/2-15/61.jpg,112.0,112.0,112.0,15.812682748711609,0.0,0
train/2-15/63.jpg,112.0,112.0,112.0,200.3628881374981,180.0,2
train/2-15/66.jpg,112.0,112.0,112.0,35.835703902681544,0.0,0
train/2-15/69.jpg,112.0,112.0,112.0,38.82896748029313,0.0,0
train/2-15/70.jpg,112.0,112.0,112.0,25.85477378287291,0.0,0
train/2-15/71.jpg,112.0,112.0,112.0,39.75043252724623,0.0,0
train/2-15/72.jpg,112.0,112.0,112.0,20.86274087948442,0.0,0
train/2-15/73.jpg,112.0,112.0,112.0,51.792027106038525,0.0,0
train/2-15/74.jpg,112.0,112.0,112.0,47.719365280047214,0.0,0
train/2-15/78.jpg,112.0,112.0,112.0,21.86121811340027,0.0,0
train/2-15/80.jpg,112.0,112.0,112.0,37.75715522691766,0.0,0
train/2-15/81.jpg,112.0,112.0,112.0,59.76016845356409,0.0,0
train/2-15/82.jpg,112.0,112.0,112.0,199.2811548961172,180.0,2
train/2-15/83.jpg,112.0,112.0,112.0,38.753839691080046,0.0,0
train/2-15/84.jpg,112.0,112.0,112.0,37.75715522691766,0.0,0
train/2-15/86.jpg,112.0,112.0,112.0,29.847702405836515,0.0,0
train/2-15/88.jpg,112.0,112.0,112.0,35.835703902681544,0.0,0
train/2-15/89.jpg,112.0,112.0,112.0,38.82896748029313,0.0,0
train/2-15/9.jpg,112.0,112.0,112.0,39.82659769693548,0.0,0
train/2-15/90.jpg,112.0,112.0,200.20430828479977,112.0,90.0,1
train/2-15/92.jpg,112.0,112.0,112.0,208.2548700066651,180.0,2
train/2-15/94.jpg,112.0,112.0,112.0,38.82896748029313,0.0,0
train/2-15/98.jpg,112.0,112.0,112.0,36.833518108135465,0.0,0
train/2-20/0.jpg,112.0,112.0,112.0,30.458599472415244,0.0,0
train/2-20/1.jpg,112.0,112.0,112.0,35.15600218624749,0.0,0
train/2-20/10.jpg,112.0,112.0,112.0,21.5732340509736,0.0,0
train/2-20/13.jpg,112.0,112.0,112.0,180.24221567329127,180.0,2
train/2-20/16.jpg,112.0,112.0,10.75771634341706,112.0,270.0,3
train/2-20/17.jpg,112.0,112.0,112.0,28.238433634512305,0.0,0
train/2-20/18.jpg,112.0,112.0,112.0,54.57178393855508,0.0,0
train/2-20/19.jpg,112.0,112.0,112.0,207.4148835350125,180.0,2
train/2-20/2.jpg,112.0,112.0,12.140098137440576,112.0,270.0,3
train/2-20/20.jpg,112.0,112.0,112.0,28.238433634512305,0.0,0
train/2-20/21.jpg,112.0,112.0,112.0,30.458599472415244,0.0,0
train/2-20/24.jpg,112.0,112.0,193.27115109311544,112.0,90.0,1
train/2-20/27.jpg,112.0,112.0,112.0,57.0,0.0,0
train/2-20/28.jpg,112.0,112.0,112.0,21.5732340509736,0.0,0
train/2-20/29.jpg,112.0,112.0,112.0,205.74433316206373,180.0,2
train/2-20/31.jpg,112.0,112.0,112.0,31.290644904075705,0.0,0
train/2-20/32.jpg,112.0,112.0,193.27115109311544,112.0,90.0,1
train/2-20/33.jpg,112.0,112.0,112.0,21.5732340509736,0.0,0
train/2-20/34.jpg,112.0,112.0,112.0,28.238433634512305,0.0,0
train/2-20/35.jpg,112.0,112.0,112.0,165.0,180.0,2
train/2-20/37.jpg,112.0,112.0,112.0,35.72418469790047,0.0,0
train/2-20/40.jpg,112.0,112.0,112.0,172.21627686929838,180.0,2
train/2-20/42.jpg,112.0,112.0,112.0,46.54008860378744,0.0,0
train/2-20/44.jpg,112.0,112.0,112.0,20.19041444380657,0.0,0
train/2-20/45.jpg,112.0,112.0,112.0,26.85306817036799,0.0,0
train/2-20/46.jpg,112.0,112.0,112.0,21.5732340509736,0.0,0
train/2-20/47.jpg,112.0,112.0,112.0,9.91670068027777,0.0,0
train/2-20/48.jpg,112.0,112.0,112.0,69.98809692479999,0.0,0
train/2-20/49.jpg,112.0,112.0,10.75771634341706,112.0,270.0,3
train/2-20/5.jpg,112.0,112.0,34.89617389519506,112.0,270.0,3
train/2-20/50.jpg,112.0,112.0,112.0,175.8200595424354,180.0,2
train/2-20/51.jpg,112.0,112.0,112.0,212.70253224224305,180.0,2
train/2-20/52.jpg,112.0,112.0,112.0,42.93481340067197,0.0,0
train/2-20/56.jpg,112.0,112.0,112.0,24.63295815926924,0.0,0
train/2-20/57.jpg,112.0,112.0,112.0,53.17823532058903,0.0,0
train/2-20/59.jpg,112.0,112.0,112.0,80.10956256179605,0.0,0
train/2-20/60.jpg,112.0,112.0,112.0,11.297467757756962,0.0,0
train/2-20/66.jpg,112.0,112.0,191.88116173416608,112.0,90.0,1
train/2-20/67.jpg,112.0,112.0,112.0,10.45198180171117,0.0,0
train/2-20/69.jpg,112.0,112.0,112.0,34.89617389519506,0.0,0
train/2-20/7.jpg,112.0,112.0,24.63295815926924,112.0,270.0,3
train/2-20/74.jpg,112.0,112.0,112.0,43.18139786365899,0.0,0
train/2-20/75.jpg,112.0,112.0,112.0,16.585116464987493,0.0,0
train/2-20/76.jpg,112.0,112.0,199.9204185613331,112.0,90.0,1
train/2-20/8.jpg,112.0,112.0,112.0,21.5732340509736,0.0,0
train/2-20/80.jpg,112.0,112.0,217.3944970100432,112.0,90.0,1
train/2-20/81.jpg,112.0,112.0,112.0,188.55063683601853,180.0,2
train/2-20/85.jpg,112.0,112.0,112.0,25.46676938886425,0.0,0
train/2-20/86.jpg,112.0,112.0,16.585116464987493,112.0,270.0,3
train/2-20/89.jpg,112.0,112.0,201.30845424706445,112.0,90.0,1
train/2-20/9.jpg,112.0,112.0,112.0,40.71886645121306,0.0,0
train/2-20/90.jpg,112.0,112.0,201.30845424706445,112.0,90.0,1
train/2-20/92.jpg,112.0,112.0,112.0,9.072841290551494,0.0,0
train/2-20/93.jpg,112.0,112.0,112.0,19.35012142479624,0.0,0
train/2-20/95.jpg,112.0,112.0,22.412054382299843,112.0,270.0,3
train/2-25/1.jpg,112.0,112.0,112.0,38.175884698833,0.0,0
train/2-25/10.jpg,112.0,112.0,112.0,15.745129993334883,0.0,0
train/2-25/12.jpg,112.0,112.0,112.0,23.897786633932967,0.0,0
train/2-25/15.jpg,112.0,112.0,112.0,20.76404217634365,0.0,0
train/2-25/16.jpg,112.0,112.0,112.0,14.902111248493156,0.0,0
train/2-25/21.jpg,112.0,112.0,112.0,6.453801584329909,0.0,0
train/2-25/22.jpg,112.0,112.0,201.8888202169769,112.0,90.0,1
train/2-25/27.jpg,112.0,112.0,29.707837554236065,112.0,270.0,3
train/2-25/28.jpg,112.0,112.0,21.21453860887196,112.0,270.0,3
train/2-25/29.jpg,112.0,112.0,215.46496991735896,112.0,90.0,1
train/2-25/30.jpg,112.0,112.0,112.0,21.5732340509736,0.0,0
train/2-25/32.jpg,112.0,112.0,112.0,36.84682308777626,0.0,0
train/2-25/33.jpg,112.0,112.0,112.0,19.42570551173506,0.0,0
train/2-25/34.jpg,112.0,112.0,112.0,10.45198180171117,0.0,0
train/2-25/37.jpg,112.0,112.0,12.270365487484112,112.0,270.0,3
train/2-25/4.jpg,112.0,112.0,112.0,13.521575967118563,0.0,0
train/2-25/40.jpg,112.0,112.0,112.0,6.453801584329909,0.0,0
train/2-25/42.jpg,112.0,112.0,112.0,6.3117792750772,0.0,0
train/2-25/44.jpg,112.0,112.0,112.0,203.6787870774914,180.0,2
train/2-25/45.jpg,112.0,112.0,13.161748295510606,112.0,270.0,3
train/2-25/49.jpg,112.0,112.0,21.21453860887196,112.0,270.0,3
train/2-25/5.jpg,112.0,112.0,217.6882207249228,112.0,90.0,1
train/2-25/51.jpg,112.0,112.0,112.0,22.412054382299843,0.0,0
train/2-25/52.jpg,112.0,112.0,112.0,21.66174675144532,0.0,0
train/2-25/58.jpg,112.0,112.0,10.925769852053776,112.0,270.0,3
train/2-25/61.jpg,112.0,112.0,217.5461984156701,112.0,90.0,1
train/2-25/62.jpg,112.0,112.0,112.0,31.04322140796361,0.0,0
train/2-25/63.jpg,112.0,112.0,112.0,21.5732340509736,0.0,0
train/2-25/67.jpg,112.0,112.0,112.0,203.6787870774914,180.0,2
train/2-25/69.jpg,112.0,112.0,112.0,35.51470729610823,0.0,0
train/2-25/7.jpg,112.0,112.0,112.0,203.6787870774914,180.0,2
train/2-25/72.jpg,112.0,112.0,112.0,25.235952146064548,0.0,0
train/2-25/73.jpg,112.0,112.0,112.0,21.5732340509736,0.0,0
train/2-25/74.jpg,112.0,112.0,112.0,24.07958143866693,0.0,0
train/2-25/78.jpg,112.0,112.0,204.1140597303148,112.0,90.0,1
train/2-25/80.jpg,112.0,112.0,112.0,188.4852927038918,180.0,2
train/2-25/83.jpg,112.0,112.0,112.0,204.5742944882649,180.0,2
train/2-25/85.jpg,112.0,112.0,112.0,21.66174675144532,0.0,0
train/2-25/88.jpg,112.0,112.0,112.0,31.04322140796361,0.0,0
train/2-25/89.jpg,112.0,112.0,112.0,25.235952146064548,0.0,0
train/2-25/9.jpg,112.0,112.0,112.0,37.75042087661372,0.0,0
train/2-25/90.jpg,112.0,112.0,201.3588272080604,112.0,90.0,1
train/2-25/92.jpg,112.0,112.0,112.0,23.897786633932967,0.0,0
train/2-25/93.jpg,112.0,112.0,18.522730035585653,112.0,270.0,3
train/2-25/94.jpg,112.0,112.0,112.0,202.785461391128,180.0,2
train/2-25/95.jpg,112.0,112.0,112.0,23.897786633932967,0.0,0
train/2-25/97.jpg,112.0,112.0,112.0,13.521575967118563,0.0,0
train/2-30/14.jpg,112.0,112.0,176.2806347199528,112.0,90.0,1
train/2-30/16.jpg,112.0,112.0,112.0,33.89750324093346,0.0,0
train/2-30/18.jpg,112.0,112.0,112.0,54.78112199632013,0.0,0
train/2-30/19.jpg,112.0,112.0,112.0,204.1954445729289,180.0,2
train/2-30/2.jpg,112.0,112.0,112.0,65.7290587949629,0.0,0
train/2-30/20.jpg,112.0,112.0,112.0,67.59279337765096,0.0,0
train/2-30/28.jpg,112.0,112.0,112.0,86.29007973563512,0.0,0
train/2-30/30.jpg,112.0,112.0,202.27181176868004,112.0,90.0,1
train/2-30/32.jpg,112.0,112.0,112.0,43.81642426507686,0.0,0
train/2-30/33.jpg,112.0,112.0,112.0,148.3455636907725,180.0,2
train/2-30/35.jpg,112.0,112.0,112.0,67.81855593125096,0.0,0
train/2-30/36.jpg,112.0,112.0,84.70531187208763,112.0,270.0,3
train/2-30/38.jpg,112.0,112.0,201.27485648266256,112.0,90.0,1
train/2-30/4.jpg,112.0,112.0,157.39823785126467,112.0,90.0,1
train/2-30/42.jpg,112.0,112.0,45.81087702650835,112.0,270.0,3
train/2-30/44.jpg,112.0,112.0,19.80455542707112,112.0,270.0,3
train/2-30/45.jpg,112.0,112.0,201.0898422941696,112.0,90.0,1
train/2-30/47.jpg,112.0,112.0,201.14033879226625,112.0,90.0,1
train/2-30/48.jpg,112.0,112.0,112.0,50.4776463389119,0.0,0
train/2-30/49.jpg,112.0,112.0,112.0,65.7290587949629,0.0,0
train/2-30/5.jpg,112.0,112.0,112.0,188.23647421018367,180.0,2
train/2-30/50.jpg,112.0,112.0,112.0,53.78488168868847,0.0,0
train/2-30/51.jpg,112.0,112.0,112.0,65.7290587949629,0.0,0
train/2-30/52.jpg,112.0,112.0,112.0,40.88741320975589,0.0,0
train/2-30/57.jpg,112.0,112.0,112.0,50.59967426796499,0.0,0
train/2-30/60.jpg,112.0,112.0,181.1158447825099,112.0,90.0,1
train/2-30/61.jpg,112.0,112.0,112.0,193.30190649671135,180.0,2
train/2-30/63.jpg,112.0,112.0,112.0,207.1892851112981,180.0,2
train/2-30/67.jpg,112.0,112.0,8.8253907203909,112.0,270.0,3
train/2-30/69.jpg,112.0,112.0,86.68202219765567,112.0,270.0,3
train/2-30/72.jpg,112.0,112.0,112.0,33.89750324093346,0.0,0
train/2-30/74.jpg,112.0,112.0,112.0,23.85806900231877,0.0,0
train/2-30/76.jpg,112.0,112.0,112.0,66.72307430931292,0.0,0
train/2-30/78.jpg,112.0,112.0,112.0,20.912130335592977,0.0,0
train/2-30/79.jpg,112.0,112.0,112.0,56.85473728415105,0.0,0
train/2-30/8.jpg,112.0,112.0,112.0,22.72514351733743,0.0,0
train/2-30/82.jpg,112.0,112.0,112.0,65.7290587949629,0.0,0
train/2-30/83.jpg,112.0,112.0,159.5184174820669,112.0,90.0,1
train/2-30/84.jpg,112.0,112.0,112.0,68.58341330781518,0.0,0
train/2-30/9.jpg,112.0,112.0,112.0,65.7290587949629,0.0,0
train/2-30/91.jpg,112.0,112.0,112.0,157.27692569068708,180.0,2
train/2-30/95.jpg,112.0,112.0,112.0,22.72514351733743,0.0,0
train/2-30/96.jpg,112.0,112.0,112.0,24.63295815926924,0.0,0
train/2-30/97.jpg,112.0,112.0,112.0,64.7347908076141,0.0,0
train/2-30/99.jpg,112.0,112.0,112.0,180.26419266350405,180.0,2
train/2-35/0.jpg,112.0,112.0,112.0,19.869657549751835,0.0,0
train/2-35/1.jpg,112.0,112.0,112.0,36.54802852144948,0.0,0
train/2-35/10.jpg,112.0,112.0,112.0,14.051033696112952,0.0,0
train/2-35/12.jpg,112.0,112.0,112.0,217.6882207249228,180.0,2
train/2-35/13.jpg,112.0,112.0,112.0,201.58794561770011,180.0,2
train/2-35/14.jpg,112.0,112.0,19.864230615900325,112.0,270.0,3
train/2-35/15.jpg,112.0,112.0,112.0,202.4267659490264,180.0,2
train/2-35/16.jpg,112.0,112.0,112.0,12.702467301548722,0.0,0
train/2-35/17.jpg,112.0,112.0,202.13878188659973,112.0,90.0,1
train/2-35/18.jpg,112.0,112.0,112.0,20.76404217634365,0.0,0
train/2-35/19.jpg,112.0,112.0,112.0,204.1140597303148,180.0,2
train/2-35/2.jpg,112.0,112.0,28.238433634512305,112.0,270.0,3
train/2-35/20.jpg,112.0,112.0,15.745129993334883,112.0,270.0,3
train/2-35/21.jpg,112.0,112.0,112.0,20.474047396380517,0.0,0
train/2-35/24.jpg,112.0,112.0,112.0,12.702467301548722,0.0,0
train/2-35/26.jpg,112.0,112.0,112.0,192.156097709407,180.0,2
train/2-35/27.jpg,112.0,112.0,112.0,55.140524096682,0.0,0
train/2-35/28.jpg,112.0,112.0,202.13878188659973,112.0,90.0,1
train/2-35/29.jpg,112.0,112.0,112.0,19.086061325547064,0.0,0
train/2-35/30.jpg,112.0,112.0,204.64987857520376,112.0,90.0,1
train/2-35/32.jpg,112.0,112.0,112.0,38.65151671643101,0.0,0
train/2-35/33.jpg,112.0,112.0,112.0,20.474047396380517,0.0,0
train/2-35/34.jpg,112.0,112.0,198.76404785393544,112.0,90.0,1
train/2-35/36.jpg,112.0,112.0,112.0,201.044932477935,180.0,2
train/2-35/37.jpg,112.0,112.0,13.613008990009249,112.0,270.0,3
train/2-35/38.jpg,112.0,112.0,112.0,22.105617528123588,0.0,0
train/2-35/40.jpg,112.0,112.0,39.08223810346344,112.0,270.0,3
train/2-35/42.jpg,112.0,112.0,201.4427190999916,112.0,90.0,1
train/2-35/45.jpg,112.0,112.0,112.0,20.758562045526705,0.0,0
train/2-35/48.jpg,112.0,112.0,112.0,153.2310562561766,180.0,2
train/2-35/49.jpg,112.0,112.0,112.0,40.88741320975589,0.0,0
train/2-35/5.jpg,112.0,112.0,112.0,190.4920378127616,180.0,2
train/2-35/51.jpg,112.0,112.0,202.13878188659973,112.0,90.0,1
train/2-35/53.jpg,112.0,112.0,112.0,6.605502989956818,0.0,0
train/2-35/55.jpg,112.0,112.0,112.0,21.5732340509736,0.0,0
train/2-35/56.jpg,112.0,112.0,112.0,19.642000887849463,0.0,0
train/2-35/57.jpg,112.0,112.0,112.0,51.16415530297948,0.0,0
train/2-35/59.jpg,112.0,112.0,146.0587727318528,112.0,90.0,1
train/2-35/6.jpg,112.0,112.0,112.0,21.645144015387856,0.0,0
train/2-35/60.jpg,112.0,112.0,112.0,211.72963451251587,180.0,2
train/2-35/61.jpg,112.0,112.0,112.0,201.58794561770011,180.0,2
train/2-35/63.jpg,112.0,112.0,23.24753524549304,112.0,270.0,3
train/2-35/66.jpg,112.0,112.0,203.23595782365635,112.0,90.0,1
train/2-35/67.jpg,112.0,112.0,112.0,7.343418744925557,0.0,0
train/2-35/7.jpg,112.0,112.0,112.0,21.21453860887196,0.0,0
train/2-35/71.jpg,112.0,112.0,112.0,185.49829930005183,180.0,2
train/2-35/72.jpg,112.0,112.0,112.0,22.691545752935568,0.0,0
train/2-35/73.jpg,112.0,112.0,112.0,200.20430828479977,180.0,2
train/2-35/74.jpg,112.0,112.0,112.0,42.36523856578526,0.0,0
train/2-35/75.jpg,112.0,112.0,112.0,202.4267659490264,180.0,2
train/2-35/76.jpg,112.0,112.0,112.0,22.105617528123588,0.0,0
train/2-35/79.jpg,112.0,112.0,112.0,171.64059020499377,180.0,2
train/2-35/82.jpg,112.0,112.0,112.0,211.72963451251587,180.0,2
train/2-35/83.jpg,112.0,112.0,112.0,19.642000887849463,0.0,0
train/2-35/84.jpg,112.0,112.0,21.66174675144532,112.0,270.0,3
train/2-35/85.jpg,112.0,112.0,21.21453860887196,112.0,270.0,3
train/2-35/87.jpg,112.0,112.0,112.0,14.051033696112952,0.0,0
train/2-35/88.jpg,112.0,112.0,112.0,40.152940213255775,0.0,0
train/2-35/89.jpg,112.0,112.0,112.0,19.642000887849463,0.0,0
train/2-35/9.jpg,112.0,112.0,112.0,202.9725233243533,180.0,2
train/2-35/90.jpg,112.0,112.0,36.833518108135465,112.0,270.0,3
train/2-35/91.jpg,112.0,112.0,112.0,19.086061325547064,0.0,0
train/2-35/93.jpg,112.0,112.0,112.0,22.105617528123588,0.0,0
train/2-35/94.jpg,112.0,112.0,112.0,21.645144015387856,0.0,0
train/2-35/96.jpg,112.0,112.0,112.0,37.31399060064864,0.0,0
train/2-35/97.jpg,112.0,112.0,201.0,112.0,90.0,1
train/2-35/98.jpg,112.0,112.0,112.0,176.8999229583518,180.0,2
train/2-35/99.jpg,112.0,112.0,112.0,180.5054742338158,180.0,2
train/2-40/0.jpg,112.0,112.0,112.0,24.63295815926924,0.0,0
train/2-40/1.jpg,112.0,112.0,112.0,188.4852927038918,180.0,2
train/2-40/10.jpg,112.0,112.0,112.0,26.01744362953612,0.0,0
train/2-40/12.jpg,112.0,112.0,18.085144945008835,112.0,270.0,3
train/2-40/13.jpg,112.0,112.0,112.0,44.32430273724548,0.0,0
train/2-40/14.jpg,112.0,112.0,112.0,62.0,0.0,0
train/2-40/15.jpg,112.0,112.0,203.5259526036195,112.0,90.0,1
train/2-40/16.jpg,112.0,112.0,112.0,29.62281869352411,0.0,0
train/2-40/17.jpg,112.0,112.0,200.10221336606705,112.0,90.0,1
train/2-40/19.jpg,112.0,112.0,17.968090522418933,112.0,270.0,3
train/2-40/2.jpg,112.0,112.0,112.0,16.585116464987493,0.0,0
train/2-40/20.jpg,112.0,112.0,112.0,10.75771634341706,0.0,0
train/2-40/22.jpg,112.0,112.0,112.0,59.07552551040303,0.0,0
train/2-40/23.jpg,112.0,112.0,112.0,194.66196223173023,180.0,2
train/2-40/24.jpg,112.0,112.0,192.9567785920364,112.0,90.0,1
train/2-40/27.jpg,112.0,112.0,162.1597448159378,112.0,90.0,1
train/2-40/28.jpg,112.0,112.0,112.0,33.50796218723838,0.0,0
train/2-40/29.jpg,112.0,112.0,7.798272567101847,112.0,270.0,3
train/2-40/3.jpg,112.0,112.0,112.0,19.864230615900325,0.0,0
train/2-40/30.jpg,112.0,112.0,112.0,22.412054382299843,0.0,0
train/2-40/33.jpg,112.0,112.0,112.0,14.36291688093094,0.0,0
train/2-40/34.jpg,112.0,112.0,207.96353474106712,112.0,90.0,1
train/2-40/37.jpg,112.0,112.0,12.140098137440576,112.0,270.0,3
train/2-40/38.jpg,112.0,112.0,112.0,199.2066511224918,180.0,2
train/2-40/4.jpg,112.0,112.0,13.521575967118563,112.0,270.0,3
train/2-40/40.jpg,112.0,112.0,112.0,171.50630218724734,180.0,2
train/2-40/42.jpg,112.0,112.0,42.93481340067197,112.0,270.0,3
train/2-40/44.jpg,112.0,112.0,112.0,6.0,0.0,0
train/2-40/45.jpg,112.0,112.0,112.0,23.79569171520022,0.0,0
train/2-40/46.jpg,112.0,112.0,203.6787870774914,112.0,90.0,1
train/2-40/47.jpg,112.0,112.0,112.0,8.535030082641015,0.0,0
train/2-40/49.jpg,112.0,112.0,187.15317691222373,112.0,90.0,1
train/2-40/51.jpg,112.0,112.0,21.5732340509736,112.0,270.0,3
train/2-40/52.jpg,112.0,112.0,208.6074531286277,112.0,90.0,1
train/2-40/53.jpg,112.0,112.0,41.31761181171083,112.0,270.0,3
train/2-40/56.jpg,112.0,112.0,112.0,216.00961494015831,180.0,2
train/2-40/57.jpg,112.0,112.0,112.0,48.43900567171718,0.0,0
train/2-40/60.jpg,112.0,112.0,14.95361933590722,112.0,270.0,3
train/2-40/61.jpg,112.0,112.0,19.642000887849463,112.0,270.0,3
train/2-40/62.jpg,112.0,112.0,112.0,193.39410298049853,180.0,2
train/2-40/63.jpg,112.0,112.0,202.33825324855468,112.0,90.0,1
train/2-40/64.jpg,112.0,112.0,112.0,6.0,0.0,0
train/2-40/66.jpg,112.0,112.0,112.0,22.412054382299843,0.0,0
train/2-40/67.jpg,112.0,112.0,112.0,8.535030082641015,0.0,0
train/2-40/69.jpg,112.0,112.0,112.0,50.14533162323154,0.0,0
train/2-40/7.jpg,112.0,112.0,112.0,20.731166327162924,0.0,0
train/2-40/73.jpg,112.0,112.0,112.0,48.754446796632415,0.0,0
train/2-40/74.jpg,112.0,112.0,112.0,45.29167967936833,0.0,0
train/2-40/75.jpg,112.0,112.0,112.0,19.35012142479624,0.0,0
train/2-40/79.jpg,112.0,112.0,54.22457269738284,112.0,270.0,3
train/2-40/8.jpg,112.0,112.0,112.0,12.97980004059778,0.0,0
train/2-40/82.jpg,112.0,112.0,112.0,210.18350166906865,180.0,2
train/2-40/83.jpg,112.0,112.0,112.0,42.14300321370808,0.0,0
train/2-40/84.jpg,112.0,112.0,184.0138875495553,112.0,90.0,1
train/2-40/86.jpg,112.0,112.0,112.0,28.238433634512305,0.0,0
train/2-40/87.jpg,112.0,112.0,30.72884890688455,112.0,270.0,3
train/2-40/88.jpg,112.0,112.0,18.52807908253945,112.0,270.0,3
train/2-40/89.jpg,112.0,112.0,112.0,42.10722497997379,0.0,0
train/2-40/9.jpg,112.0,112.0,112.0,39.888974490720216,0.0,0
train/2-40/92.jpg,112.0,112.0,112.0,6.449064428589736,0.0,0
train/2-40/94.jpg,112.0,112.0,203.26883367283708,112.0,90.0,1
train/2-40/95.jpg,112.0,112.0,112.0,21.5732340509736,0.0,0
train/2-40/96.jpg,112.0,112.0,159.01063709417264,112.0,90.0,1
train/2-40/97.jpg,112.0,112.0,112.0,20.19041444380657,0.0,0
train/2-40/98.jpg,112.0,112.0,17.628394100767792,112.0,270.0,3
train/2-40/99.jpg,112.0,112.0,112.0,178.64082832618453,180.0,2
train/2-45/0.jpg,112.0,112.0,112.0,170.03447251418763,180.0,2
train/2-45/1.jpg,112.0,112.0,165.0,112.0,90.0,1
train/2-45/12.jpg,112.0,112.0,112.0,170.03447251418763,180.0,2
train/2-45/13.jpg,112.0,112.0,112.0,53.536336071026135,0.0,0
train/2-45/15.jpg,112.0,112.0,112.0,155.56604182158392,180.0,2
train/2-45/17.jpg,112.0,112.0,112.0,31.90006242199685,0.0,0
train/2-45/19.jpg,112.0,112.0,112.0,165.0094331227943,180.0,2
train/2-45/20.jpg,112.0,112.0,171.03388857258176,112.0,90.0,1
train/2-45/24.jpg,112.0,112.0,112.0,170.03447251418763,180.0,2
train/2-45/26.jpg,112.0,112.0,112.0,29.70176186576046,0.0,0
train/2-45/28.jpg,112.0,112.0,112.0,38.89049309426304,0.0,0
train/2-45/30.jpg,112.0,112.0,172.07495318350237,112.0,90.0,1
train/2-45/31.jpg,112.0,112.0,53.991379950907294,112.0,270.0,3
train/2-45/32.jpg,112.0,112.0,112.0,171.07622195096772,180.0,2
train/2-45/33.jpg,112.0,112.0,112.0,57.99074153443689,0.0,0
train/2-45/34.jpg,112.0,112.0,213.1780608630152,112.0,90.0,1
train/2-45/35.jpg,112.0,112.0,112.0,57.54818643975207,0.0,0
train/2-45/37.jpg,112.0,112.0,112.0,171.07622195096772,180.0,2
train/2-45/4.jpg,112.0,112.0,172.07495318350237,112.0,90.0,1
train/2-45/41.jpg,112.0,112.0,112.0,208.02083107326243,180.0,2
train/2-45/42.jpg,112.0,112.0,112.0,170.03447251418763,180.0,2
train/2-45/44.jpg,112.0,112.0,112.0,167.00909015790026,180.0,2
train/2-45/45.jpg,112.0,112.0,112.0,170.03447251418763,180.0,2
train/2-45/46.jpg,112.0,112.0,112.0,171.07622195096772,180.0,2
train/2-45/48.jpg,112.0,112.0,112.0,55.99107214023822,0.0,0
train/2-45/50.jpg,112.0,112.0,112.0,168.0089278597618,180.0,2
train/2-45/51.jpg,112.0,112.0,112.0,19.9130845342293,0.0,0
train/2-45/52.jpg,112.0,112.0,112.0,171.07622195096772,180.0,2
train/2-45/55.jpg,112.0,112.0,112.0,20.994505660372354,0.0,0
train/2-45/58.jpg,112.0,112.0,112.0,16.952643382364386,0.0,0
train/2-45/60.jpg,112.0,112.0,112.0,174.20128616033594,180.0,2
train/2-45/61.jpg,112.0,112.0,112.0,11.92003197442557,0.0,0
train/2-45/64.jpg,112.0,112.0,112.0,205.1343116150004,180.0,2
train/2-45/66.jpg,112.0,112.0,210.1274681218261,112.0,90.0,1
train/2-45/71.jpg,112.0,112.0,112.0,39.888974490720216,0.0,0
train/2-45/73.jpg,112.0,112.0,112.0,36.94002398081918,0.0,0
train/2-45/74.jpg,112.0,112.0,6.61499157849822,112.0,270.0,3
train/2-45/75.jpg,112.0,112.0,187.23961722390672,112.0,90.0,1
train/2-45/76.jpg,112.0,112.0,112.0,53.991379950907294,0.0,0
train/2-45/77.jpg,112.0,112.0,112.0,142.4138126514911,180.0,2
train/2-45/8.jpg,112.0,112.0,171.03388857258176,112.0,90.0,1
train/2-45/80.jpg,112.0,112.0,112.0,67.59279337765096,0.0,0
train/2-45/81.jpg,112.0,112.0,181.18092222571192,112.0,90.0,1
train/2-45/82.jpg,112.0,112.0,112.0,170.03447251418763,180.0,2
train/2-45/83.jpg,112.0,112.0,55.0,112.0,270.0,3
train/2-45/84.jpg,112.0,112.0,112.0,57.99074153443689,0.0,0
train/2-45/85.jpg,112.0,112.0,112.0,170.03447251418763,180.0,2
train/2-45/86.jpg,112.0,112.0,112.0,155.56604182158392,180.0,2
train/2-45/89.jpg,112.0,112.0,112.0,179.26812023536854,180.0,2
train/2-45/9.jpg,112.0,112.0,37.89197074540438,112.0,270.0,3
train/2-45/91.jpg,112.0,112.0,112.0,64.4815825179331,0.0,0
train/2-45/92.jpg,112.0,112.0,112.0,65.7290587949629,0.0,0
train/2-45/93.jpg,112.0,112.0,112.0,170.03447251418763,180.0,2
train/2-45/95.jpg,112.0,112.0,201.14033879226625,112.0,90.0,1
train/2-45/96.jpg,112.0,112.0,112.0,57.99074153443689,0.0,0
train/2-45/98.jpg,112.0,112.0,112.0,155.56604182158392,180.0,2
train/2-45/99.jpg,112.0,112.0,112.0,170.03447251418763,180.0,2
train/2-50/0.jpg,112.0,112.0,112.0,20.32121292250862,0.0,0
train/2-50/13.jpg,112.0,112.0,112.0,20.32121292250862,0.0,0
train/2-50/14.jpg,112.0,112.0,112.0,154.72001872658765,180.0,2
train/2-50/17.jpg,112.0,112.0,112.0,31.290644904075705,0.0,0
train/2-50/18.jpg,112.0,112.0,60.521849295065,112.0,270.0,3
train/2-50/19.jpg,112.0,112.0,112.0,6.453801584329909,0.0,0
train/2-50/2.jpg,112.0,112.0,200.20430828479977,112.0,90.0,1
train/2-50/20.jpg,112.0,112.0,112.0,21.86121811340027,0.0,0
train/2-50/21.jpg,112.0,112.0,112.0,6.90480505750989,0.0,0
train/2-50/24.jpg,112.0,112.0,112.0,7.9903850598416994,0.0,0
train/2-50/26.jpg,112.0,112.0,112.0,32.8419302913468,0.0,0
train/2-50/28.jpg,112.0,112.0,112.0,202.33825324855468,180.0,2
train/2-50/29.jpg,112.0,112.0,217.6882207249228,112.0,90.0,1
train/2-50/3.jpg,112.0,112.0,112.0,20.76404217634365,0.0,0
train/2-50/30.jpg,112.0,112.0,112.0,25.235952146064548,0.0,0
train/2-50/31.jpg,112.0,112.0,34.179694166625126,112.0,270.0,3
train/2-50/33.jpg,112.0,112.0,19.869657549751835,112.0,270.0,3
train/2-50/34.jpg,112.0,112.0,112.0,11.376941012509462,0.0,0
train/2-50/37.jpg,112.0,112.0,112.0,12.430928496846974,0.0,0
train/2-50/38.jpg,112.0,112.0,112.0,202.4267659490264,180.0,2
train/2-50/40.jpg,112.0,112.0,200.20430828479977,112.0,90.0,1
train/2-50/41.jpg,112.0,112.0,201.58794561770011,112.0,90.0,1
train/2-50/42.jpg,112.0,112.0,112.0,28.80745225682772,0.0,0
train/2-50/44.jpg,112.0,112.0,216.84750831564855,112.0,90.0,1
train/2-50/45.jpg,112.0,112.0,112.0,23.897786633932967,0.0,0
train/2-50/48.jpg,112.0,112.0,173.85466837676847,112.0,90.0,1
train/2-50/49.jpg,112.0,112.0,199.3670418407308,112.0,90.0,1
train/2-50/50.jpg,112.0,112.0,112.0,23.0,0.0,0
train/2-50/51.jpg,112.0,112.0,24.79334887750821,112.0,270.0,3
train/2-50/56.jpg,112.0,112.0,112.0,11.376941012509462,0.0,0
train/2-50/57.jpg,112.0,112.0,112.0,174.24146527838172,180.0,2
train/2-50/60.jpg,112.0,112.0,112.0,9.374467114660009,0.0,0
train/2-50/61.jpg,112.0,112.0,201.58794561770011,112.0,90.0,1
train/2-50/62.jpg,112.0,112.0,18.978497109539237,112.0,270.0,3
train/2-50/63.jpg,112.0,112.0,112.0,201.0,180.0,2
train/2-50/64.jpg,112.0,112.0,112.0,21.66174675144532,0.0,0
train/2-50/66.jpg,112.0,112.0,112.0,35.51470729610823,0.0,0
train/2-50/67.jpg,112.0,112.0,5.76911936729509,112.0,270.0,3
train/2-50/69.jpg,112.0,112.0,112.0,42.64583646240119,0.0,0
train/2-50/7.jpg,112.0,112.0,112.0,21.66174675144532,0.0,0
train/2-50/72.jpg,112.0,112.0,112.0,7.692761516757613,0.0,0
train/2-50/73.jpg,112.0,112.0,199.3670418407308,112.0,90.0,1
train/2-50/75.jpg,112.0,112.0,200.20430828479977,112.0,90.0,1
train/2-50/76.jpg,112.0,112.0,23.45057877094848,112.0,270.0,3
train/2-50/77.jpg,112.0,112.0,112.0,203.80958555619344,180.0,2
train/2-50/8.jpg,112.0,112.0,112.0,17.421989870795016,0.0,0
train/2-50/80.jpg,112.0,112.0,112.0,6.605502989956818,0.0,0
train/2-50/81.jpg,112.0,112.0,112.0,18.255666837936275,0.0,0
train/2-50/82.jpg,112.0,112.0,112.0,9.374467114660009,0.0,0
train/2-50/84.jpg,112.0,112.0,112.0,19.642000887849463,0.0,0
train/2-50/85.jpg,112.0,112.0,202.4267659490264,112.0,90.0,1
train/2-50/86.jpg,112.0,112.0,112.0,17.189663010829875,0.0,0
train/2-50/88.jpg,112.0,112.0,112.0,51.58477013202714,0.0,0
train/2-50/89.jpg,112.0,112.0,5.76911936729509,112.0,270.0,3
train/2-50/91.jpg,112.0,112.0,112.0,21.66174675144532,0.0,0
train/2-50/92.jpg,112.0,112.0,112.0,19.869657549751835,0.0,0
train/2-50/93.jpg,112.0,112.0,112.0,16.036465258932864,0.0,0
train/2-50/95.jpg,112.0,112.0,112.0,11.376941012509462,0.0,0
train/2-50/97.jpg,112.0,112.0,11.815170809148952,112.0,270.0,3
train/2-55/0.jpg,112.0,112.0,7.692761516757613,112.0,270.0,3
train/2-55/1.jpg,112.0,112.0,37.67638329575182,112.0,270.0,3
train/2-55/10.jpg,112.0,112.0,21.5732340509736,112.0,270.0,3
train/2-55/13.jpg,112.0,112.0,112.0,196.31488599292533,180.0,2
train/2-55/15.jpg,112.0,112.0,205.0215028904608,112.0,90.0,1
train/2-55/16.jpg,112.0,112.0,196.970583144992,112.0,90.0,1
train/2-55/17.jpg,112.0,112.0,191.1580697086532,112.0,90.0,1
train/2-55/2.jpg,112.0,112.0,112.0,9.374467114660009,0.0,0
train/2-55/20.jpg,112.0,112.0,201.8943824718764,112.0,90.0,1
train/2-55/21.jpg,112.0,112.0,112.0,35.72418469790047,0.0,0
train/2-55/24.jpg,112.0,112.0,208.60227740586657,112.0,90.0,1
train/2-55/26.jpg,112.0,112.0,112.0,18.8066525979456,0.0,0
train/2-55/27.jpg,112.0,112.0,112.0,22.529334416245675,0.0,0
train/2-55/29.jpg,112.0,112.0,112.0,217.152270541344,180.0,2
train/2-55/30.jpg,112.0,112.0,112.0,18.8066525979456,0.0,0
train/2-55/31.jpg,112.0,112.0,112.0,34.179694166625126,0.0,0
train/2-55/32.jpg,112.0,112.0,112.0,40.152940213255775,0.0,0
train/2-55/33.jpg,112.0,112.0,112.0,19.42570551173506,0.0,0
train/2-55/35.jpg,112.0,112.0,112.0,176.13267497929587,180.0,2
train/2-55/36.jpg,112.0,112.0,112.0,6.3117792750772,0.0,0
train/2-55/38.jpg,112.0,112.0,21.66174675144532,112.0,270.0,3
train/2-55/4.jpg,112.0,112.0,112.0,201.58794561770011,180.0,2
train/2-55/40.jpg,112.0,112.0,112.0,38.76066630559778,0.0,0
train/2-55/42.jpg,112.0,112.0,112.0,43.5529401654096,0.0,0
train/2-55/43.jpg,112.0,112.0,112.0,195.76156636548768,180.0,2
train/2-55/44.jpg,112.0,112.0,112.0,5.76911936729509,0.0,0
train/2-55/45.jpg,112.0,112.0,6.3117792750772,112.0,270.0,3
train/2-55/46.jpg,112.0,112.0,112.0,202.33825324855468,180.0,2
train/2-55/47.jpg,112.0,112.0,112.0,199.091905479212,180.0,2
train/2-55/48.jpg,112.0,112.0,112.0,173.61168720299744,180.0,2
train/2-55/49.jpg,112.0,112.0,112.0,11.0445642870083,0.0,0
train/2-55/5.jpg,112.0,112.0,34.06412892640515,112.0,270.0,3
train/2-55/55.jpg,112.0,112.0,112.0,205.81364506296512,180.0,2
train/2-55/56.jpg,112.0,112.0,112.0,22.691545752935568,0.0,0
train/2-55/57.jpg,112.0,112.0,112.0,6.009434382111166,0.0,0
train/2-55/58.jpg,112.0,112.0,112.0,5.995283123815668,0.0,0
train/2-55/60.jpg,112.0,112.0,112.0,33.50796218723838,0.0,0
train/2-55/62.jpg,112.0,112.0,29.072320664328245,112.0,270.0,3
train/2-55/63.jpg,112.0,112.0,112.0,19.642000887849463,0.0,0
train/2-55/66.jpg,112.0,112.0,112.0,39.986112450444665,0.0,0
train/2-55/67.jpg,112.0,112.0,21.5732340509736,112.0,270.0,3
train/2-55/68.jpg,112.0,112.0,112.0,208.1509230324909,180.0,2
train/2-55/69.jpg,112.0,112.0,112.0,183.84705978674424,180.0,2
train/2-55/7.jpg,112.0,112.0,44.32430273724548,112.0,270.0,3
train/2-55/70.jpg,112.0,112.0,112.0,8.689787532887152,0.0,0
train/2-55/72.jpg,112.0,112.0,216.65658125507449,112.0,90.0,1
train/2-55/73.jpg,112.0,112.0,112.0,20.32121292250862,0.0,0
train/2-55/75.jpg,112.0,112.0,204.3579991121505,112.0,90.0,1
train/2-55/76.jpg,112.0,112.0,112.0,21.21453860887196,0.0,0
train/2-55/77.jpg,112.0,112.0,112.0,38.65151671643101,0.0,0
train/2-55/79.jpg,112.0,112.0,112.0,169.4282160614449,180.0,2
train/2-55/8.jpg,112.0,112.0,112.0,5.76911936729509,0.0,0
train/2-55/80.jpg,112.0,112.0,112.0,188.27581530209957,180.0,2
train/2-55/82.jpg,112.0,112.0,199.2066511224918,112.0,90.0,1
train/2-55/83.jpg,112.0,112.0,112.0,11.595816820214113,0.0,0
train/2-55/84.jpg,112.0,112.0,183.1125867902441,112.0,90.0,1
train/2-55/85.jpg,112.0,112.0,112.0,201.0,180.0,2
train/2-55/86.jpg,112.0,112.0,205.9148550549912,112.0,90.0,1
train/2-55/87.jpg,112.0,112.0,22.412054382299843,112.0,270.0,3
train/2-55/88.jpg,112.0,112.0,112.0,184.11102550927976,180.0,2
train/2-55/89.jpg,112.0,112.0,112.0,176.0702739185654,180.0,2
train/2-55/9.jpg,112.0,112.0,112.0,197.7029754442633,180.0,2
train/2-55/91.jpg,112.0,112.0,112.0,166.230987451825,180.0,2
train/2-55/92.jpg,112.0,112.0,204.13034245024815,112.0,90.0,1
train/2-55/93.jpg,112.0,112.0,112.0,15.849076967509047,0.0,0
train/2-55/95.jpg,112.0,112.0,112.0,5.76911936729509,0.0,0
train/2-55/98.jpg,112.0,112.0,39.888974490720216,112.0,270.0,3
train/2-55/99.jpg,112.0,112.0,180.87670143089025,112.0,90.0,1
train/3-00/0.jpg,112.0,112.0,195.1504660239496,112.0,90.0,1
train/3-00/1.jpg,112.0,112.0,63.74028595194538,112.0,270.0,3
train/3-00/13.jpg,112.0,112.0,112.0,50.795425007602574,0.0,0
train/3-00/15.jpg,112.0,112.0,112.0,42.73962171630883,0.0,0
train/3-00/17.jpg,112.0,112.0,112.0,29.78078083562214,0.0,0
train/3-00/19.jpg,112.0,112.0,112.0,217.07616285342743,180.0,2
train/3-00/20.jpg,112.0,112.0,112.0,195.0963296421689,180.0,2
train/3-00/21.jpg,112.0,112.0,112.0,35.678312387631266,0.0,0
train/3-00/22.jpg,112.0,112.0,112.0,21.800221729762555,0.0,0
train/3-00/24.jpg,112.0,112.0,112.0,32.77247952889097,0.0,0
train/3-00/30.jpg,112.0,112.0,112.0,19.864230615900325,0.0,0
train/3-00/31.jpg,112.0,112.0,45.87889898073384,112.0,270.0,3
train/3-00/32.jpg,112.0,112.0,45.87889898073384,112.0,270.0,3
train/3-00/33.jpg,112.0,112.0,187.32595834106596,112.0,90.0,1
train/3-00/34.jpg,112.0,112.0,112.0,22.797982085605256,0.0,0
train/3-00/37.jpg,112.0,112.0,174.20128616033594,112.0,90.0,1
train/3-00/38.jpg,112.0,112.0,112.0,202.08884503644168,180.0,2
train/3-00/4.jpg,112.0,112.0,112.0,29.78078083562214,0.0,0
train/3-00/40.jpg,112.0,112.0,112.0,168.1426753904728,180.0,2
train/3-00/42.jpg,112.0,112.0,112.0,15.812682748711609,0.0,0
train/3-00/45.jpg,112.0,112.0,112.0,197.09406559801923,180.0,2
train/3-00/47.jpg,112.0,112.0,26.85306817036799,112.0,270.0,3
train/3-00/48.jpg,112.0,112.0,112.0,172.20797289396148,180.0,2
train/3-00/49.jpg,112.0,112.0,54.85982149135339,112.0,270.0,3
train/3-00/50.jpg,112.0,112.0,53.78488168868847,112.0,270.0,3
train/3-00/51.jpg,112.0,112.0,112.0,19.864230615900325,0.0,0
train/3-00/52.jpg,112.0,112.0,45.87889898073384,112.0,270.0,3
train/3-00/55.jpg,112.0,112.0,112.0,22.910157705830457,0.0,0
train/3-00/56.jpg,112.0,112.0,193.2219182240853,112.0,90.0,1
train/3-00/59.jpg,112.0,112.0,143.5753068076939,112.0,90.0,1
train/3-00/60.jpg,112.0,112.0,112.0,35.835703902681544,0.0,0
train/3-00/61.jpg,112.0,112.0,112.0,32.77247952889097,0.0,0
train/3-00/62.jpg,112.0,112.0,112.0,190.10249675906653,180.0,2
train/3-00/63.jpg,112.0,112.0,190.1600921186765,112.0,90.0,1
train/3-00/64.jpg,112.0,112.0,112.0,22.797982085605256,0.0,0
train/3-00/66.jpg,112.0,112.0,46.87703937934026,112.0,270.0,3
train/3-00/68.jpg,112.0,112.0,195.1504660239496,112.0,90.0,1
train/3-00/69.jpg,112.0,112.0,112.0,44.813691871036696,0.0,0
train/3-00/7.jpg,112.0,112.0,112.0,46.72366431852964,0.0,0
train/3-00/72.jpg,112.0,112.0,217.1189802081432,112.0,90.0,1
train/3-00/74.jpg,112.0,112.0,112.0,47.61832558872051,0.0,0
train/3-00/75.jpg,112.0,112.0,112.0,203.08786966440704,180.0,2
train/3-00/76.jpg,112.0,112.0,112.0,191.1012010022604,180.0,2
train/3-00/78.jpg,112.0,112.0,112.0,20.86274087948442,0.0,0
train/3-00/80.jpg,112.0,112.0,34.8378331045583,112.0,270.0,3
train/3-00/82.jpg,112.0,112.0,31.90006242199685,112.0,270.0,3
train/3-00/83.jpg,112.0,112.0,112.0,10.75771634341706,0.0,0
train/3-00/84.jpg,112.0,112.0,112.0,177.19202405202648,180.0,2
train/3-00/86.jpg,112.0,112.0,112.0,30.7780817759147,0.0,0
train/3-00/87.jpg,112.0,112.0,112.0,188.1051903617618,180.0,2
train/3-00/88.jpg,112.0,112.0,112.0,42.73962171630883,0.0,0
train/3-00/89.jpg,112.0,112.0,112.0,46.72366431852964,0.0,0
train/3-00/9.jpg,112.0,112.0,112.0,178.12110101926618,180.0,2
train/3-00/91.jpg,112.0,112.0,112.0,51.59304675784418,0.0,0
train/3-00/92.jpg,112.0,112.0,112.0,16.868512047797765,0.0,0
train/3-00/93.jpg,112.0,112.0,188.16429609731847,112.0,90.0,1
train/3-00/95.jpg,112.0,112.0,112.0,24.79334887750821,0.0,0
train/3-00/96.jpg,112.0,112.0,112.0,177.19202405202648,180.0,2
train/3-00/97.jpg,112.0,112.0,112.0,204.0869154657707,180.0,2
train/3-00/98.jpg,112.0,112.0,112.0,43.73580733649595,0.0,0
train/3-00/99.jpg,112.0,112.0,112.0,41.65087065215377,0.0,0
train/3-05/0.jpg,112.0,112.0,214.8591269649903,112.0,90.0,1
train/3-05/10.jpg,112.0,112.0,112.0,13.156689654787456,0.0,0
train/3-05/12.jpg,112.0,112.0,202.33825324855468,112.0,90.0,1
train/3-05/13.jpg,112.0,112.0,112.0,20.76404217634365,0.0,0
train/3-05/15.jpg,112.0,112.0,112.0,23.0,0.0,0
train/3-05/17.jpg,112.0,112.0,112.0,21.66174675144532,0.0,0
train/3-05/18.jpg,112.0,112.0,112.0,19.42570551173506,0.0,0
train/3-05/19.jpg,112.0,112.0,17.63369245329136,112.0,270.0,3
train/3-05/2.jpg,112.0,112.0,112.0,21.66174675144532,0.0,0
train/3-05/21.jpg,112.0,112.0,112.0,17.189663010829875,0.0,0
train/3-05/25.jpg,112.0,112.0,112.0,203.2414379544733,180.0,2
train/3-05/27.jpg,112.0,112.0,17.189663010829875,112.0,270.0,3
train/3-05/28.jpg,112.0,112.0,112.0,19.864230615900325,0.0,0
train/3-05/31.jpg,112.0,112.0,112.0,27.0,0.0,0
train/3-05/33.jpg,112.0,112.0,112.0,18.962373203095936,0.0,0
train/3-05/34.jpg,112.0,112.0,22.557280900008408,112.0,270.0,3
train/3-05/36.jpg,112.0,112.0,112.0,7.798272567101847,0.0,0
train/3-05/42.jpg,112.0,112.0,17.189663010829875,112.0,270.0,3
train/3-05/44.jpg,112.0,112.0,112.0,9.584180909392714,0.0,0
train/3-05/46.jpg,112.0,112.0,112.0,23.43364069806188,0.0,0
train/3-05/48.jpg,112.0,112.0,201.0,112.0,90.0,1
train/3-05/49.jpg,112.0,112.0,112.0,21.66174675144532,0.0,0
train/3-05/5.jpg,112.0,112.0,112.0,20.76404217634365,0.0,0
train/3-05/52.jpg,112.0,112.0,112.0,202.785461391128,180.0,2
train/3-05/55.jpg,112.0,112.0,57.87976348906077,112.0,270.0,3
train/3-05/56.jpg,112.0,112.0,112.0,13.613008990009249,0.0,0
train/3-05/57.jpg,112.0,112.0,112.0,75.94448724536011,0.0,0
train/3-05/62.jpg,112.0,112.0,112.0,208.1509230324909,180.0,2
train/3-05/63.jpg,112.0,112.0,112.0,23.43364069806188,0.0,0
train/3-05/66.jpg,112.0,112.0,112.0,10.03431949915698,0.0,0
train/3-05/67.jpg,112.0,112.0,112.0,20.76404217634365,0.0,0
train/3-05/69.jpg,112.0,112.0,112.0,6.009434382111166,0.0,0
train/3-05/7.jpg,112.0,112.0,202.33825324855468,112.0,90.0,1
train/3-05/70.jpg,112.0,112.0,200.10221336606705,112.0,90.0,1
train/3-05/71.jpg,112.0,112.0,112.0,23.0,0.0,0
train/3-05/72.jpg,112.0,112.0,112.0,21.66174675144532,0.0,0
train/3-05/73.jpg,112.0,112.0,112.0,203.2414379544733,180.0,2
train/3-05/74.jpg,112.0,112.0,112.0,202.785461391128,180.0,2
train/3-05/75.jpg,112.0,112.0,202.33825324855468,112.0,90.0,1
train/3-05/76.jpg,112.0,112.0,112.0,22.955067522065026,0.0,0
train/3-05/78.jpg,112.0,112.0,202.33825324855468,112.0,90.0,1
train/3-05/79.jpg,112.0,112.0,112.0,54.22457269738284,0.0,0
train/3-05/82.jpg,112.0,112.0,112.0,11.820161709054446,0.0,0
train/3-05/83.jpg,112.0,112.0,202.33825324855468,112.0,90.0,1
train/3-05/84.jpg,112.0,112.0,112.0,20.76404217634365,0.0,0
train/3-05/87.jpg,112.0,112.0,12.270365487484112,112.0,270.0,3
train/3-05/88.jpg,112.0,112.0,183.28113354878693,112.0,90.0,1
train/3-05/89.jpg,112.0,112.0,112.0,17.189663010829875,0.0,0
train/3-05/9.jpg,112.0,112.0,192.9567785920364,112.0,90.0,1
train/3-05/91.jpg,112.0,112.0,112.0,20.76404217634365,0.0,0
train/3-05/93.jpg,112.0,112.0,112.0,23.0,0.0,0
train/3-05/94.jpg,112.0,112.0,112.0,202.35485598461213,180.0,2
train/3-05/95.jpg,112.0,112.0,112.0,9.584180909392714,0.0,0
train/3-05/97.jpg,112.0,112.0,112.0,14.491026054008756,0.0,0
train/3-05/98.jpg,112.0,112.0,112.0,9.584180909392714,0.0,0
train/3-10/1.jpg,112.0,112.0,112.0,37.36756737181884,0.0,0
train/3-10/10.jpg,112.0,112.0,112.0,13.81649833093138,0.0,0
train/3-10/12.jpg,112.0,112.0,112.0,202.9725233243533,180.0,2
train/3-10/15.jpg,112.0,112.0,112.0,14.650115562472294,0.0,0
train/3-10/16.jpg,112.0,112.0,112.0,195.76156636548768,180.0,2
train/3-10/17.jpg,112.0,112.0,112.0,200.20430828479977,180.0,2
train/3-10/19.jpg,112.0,112.0,112.0,206.03190947758105,180.0,2
train/3-10/2.jpg,112.0,112.0,112.0,12.430928496846974,0.0,0
train/3-10/20.jpg,112.0,112.0,204.64987857520376,112.0,90.0,1
train/3-10/21.jpg,112.0,112.0,112.0,28.513474141032788,0.0,0
train/3-10/23.jpg,112.0,112.0,21.027476675646724,112.0,270.0,3
train/3-10/24.jpg,112.0,112.0,112.0,27.685114007074645,0.0,0
train/3-10/25.jpg,112.0,112.0,112.0,19.642000887849463,0.0,0
train/3-10/27.jpg,112.0,112.0,112.0,18.522730035585653,0.0,0
train/3-10/29.jpg,112.0,112.0,112.0,18.255666837936275,0.0,0
train/3-10/3.jpg,112.0,112.0,112.0,48.02344179310675,0.0,0
train/3-10/31.jpg,112.0,112.0,194.92767933567177,112.0,90.0,1
train/3-10/32.jpg,112.0,112.0,112.0,36.54802852144948,0.0,0
train/3-10/33.jpg,112.0,112.0,112.0,195.76156636548768,180.0,2
train/3-10/34.jpg,112.0,112.0,112.0,19.642000887849463,0.0,0
train/3-10/37.jpg,112.0,112.0,187.71657678474375,112.0,90.0,1
train/3-10/38.jpg,112.0,112.0,112.0,26.297024555736684,0.0,0
train/3-10/4.jpg,112.0,112.0,210.47842403288143,112.0,90.0,1
train/3-10/42.jpg,112.0,112.0,112.0,19.086061325547064,0.0,0
train/3-10/44.jpg,112.0,112.0,112.0,13.81649833093138,0.0,0
train/3-10/46.jpg,112.0,112.0,112.0,19.642000887849463,0.0,0
train/3-10/47.jpg,112.0,112.0,112.0,7.9903850598416994,0.0,0
train/3-10/48.jpg,112.0,112.0,112.0,22.127868613234725,0.0,0
train/3-10/49.jpg,112.0,112.0,112.0,19.642000887849463,0.0,0
train/3-10/51.jpg,112.0,112.0,202.4267659490264,112.0,90.0,1
train/3-10/56.jpg,112.0,112.0,214.08329931972224,112.0,90.0,1
train/3-10/57.jpg,112.0,112.0,171.4053869611166,112.0,90.0,1
train/3-10/60.jpg,112.0,112.0,112.0,197.9825563704639,180.0,2
train/3-10/61.jpg,112.0,112.0,6.605502989956818,112.0,270.0,3
train/3-10/63.jpg,112.0,112.0,112.0,19.642000887849463,0.0,0
train/3-10/66.jpg,112.0,112.0,112.0,32.118838265833915,0.0,0
train/3-10/67.jpg,112.0,112.0,112.0,7.9903850598416994,0.0,0
train/3-10/68.jpg,112.0,112.0,13.613008990009249,112.0,270.0,3
train/3-10/69.jpg,112.0,112.0,34.3340486442096,112.0,270.0,3
train/3-10/7.jpg,112.0,112.0,112.0,43.75778432670873,0.0,0
train/3-10/70.jpg,112.0,112.0,112.0,30.60589701950147,0.0,0
train/3-10/73.jpg,112.0,112.0,112.0,177.45991139621256,180.0,2
train/3-10/74.jpg,112.0,112.0,112.0,21.30270125301415,0.0,0
train/3-10/75.jpg,112.0,112.0,112.0,19.642000887849463,0.0,0
train/3-10/76.jpg,112.0,112.0,112.0,201.044932477935,180.0,2
train/3-10/78.jpg,112.0,112.0,112.0,22.691545752935568,0.0,0
train/3-10/8.jpg,112.0,112.0,112.0,160.82622246293482,180.0,2
train/3-10/80.jpg,112.0,112.0,215.73041983911952,112.0,90.0,1
train/3-10/81.jpg,112.0,112.0,17.126399878575285,112.0,270.0,3
train/3-10/82.jpg,112.0,112.0,112.0,13.262975536022964,0.0,0
train/3-10/84.jpg,112.0,112.0,185.49829930005183,112.0,90.0,1
train/3-10/85.jpg,112.0,112.0,43.75778432670873,112.0,270.0,3
train/3-10/86.jpg,112.0,112.0,112.0,197.9825563704639,180.0,2
train/3-10/88.jpg,112.0,112.0,112.0,31.290644904075705,0.0,0
train/3-10/89.jpg,112.0,112.0,112.0,38.76066630559778,0.0,0
train/3-10/9.jpg,112.0,112.0,112.0,35.72418469790047,0.0,0
train/3-10/91.jpg,112.0,112.0,33.50796218723838,112.0,270.0,3
train/3-10/92.jpg,112.0,112.0,112.0,22.691545752935568,0.0,0
train/3-10/93.jpg,112.0,112.0,112.0,19.642000887849463,0.0,0
train/3-10/95.jpg,112.0,112.0,112.0,218.2308806327049,180.0,2
train/3-10/96.jpg,112.0,112.0,112.0,35.72418469790047,0.0,0
train/3-10/97.jpg,112.0,112.0,112.0,20.474047396380517,0.0,0
train/3-10/98.jpg,112.0,112.0,112.0,32.118838265833915,0.0,0
train/3-10/99.jpg,112.0,112.0,112.0,40.97183657168095,0.0,0
train/3-15/10.jpg,112.0,112.0,112.0,15.812682748711609,0.0,0
train/3-15/12.jpg,112.0,112.0,39.75043252724623,112.0,270.0,3
train/3-15/15.jpg,112.0,112.0,112.0,21.800221729762555,0.0,0
train/3-15/16.jpg,112.0,112.0,30.7780817759147,112.0,270.0,3
train/3-15/17.jpg,112.0,112.0,112.0,204.0869154657707,180.0,2
train/3-15/18.jpg,112.0,112.0,53.690481051547,112.0,270.0,3
train/3-15/19.jpg,112.0,112.0,5.830324480104025,112.0,270.0,3
train/3-15/2.jpg,112.0,112.0,194.0975030070952,112.0,90.0,1
train/3-15/20.jpg,112.0,112.0,112.0,15.812682748711609,0.0,0
train/3-15/26.jpg,112.0,112.0,190.10249675906653,112.0,90.0,1
train/3-15/27.jpg,112.0,112.0,112.0,160.2597140480546,180.0,2
train/3-15/28.jpg,112.0,112.0,143.40063693621516,112.0,90.0,1
train/3-15/29.jpg,112.0,112.0,112.0,19.73407996448526,0.0,0
train/3-15/30.jpg,112.0,112.0,112.0,22.797982085605256,0.0,0
train/3-15/31.jpg,112.0,112.0,29.78078083562214,112.0,270.0,3
train/3-15/32.jpg,112.0,112.0,112.0,28.78341511453381,0.0,0
train/3-15/33.jpg,112.0,112.0,17.739722045816137,112.0,270.0,3
train/3-15/34.jpg,112.0,112.0,26.788498428909264,112.0,270.0,3
train/3-15/38.jpg,112.0,112.0,112.0,23.79569171520022,0.0,0
train/3-15/4.jpg,112.0,112.0,112.0,14.814610151525343,0.0,0
train/3-15/40.jpg,112.0,112.0,50.70562831711218,112.0,270.0,3
train/3-15/42.jpg,112.0,112.0,112.0,20.802412312605554,0.0,0
train/3-15/44.jpg,112.0,112.0,215.12128781197413,112.0,90.0,1
train/3-15/45.jpg,112.0,112.0,198.09297300012355,112.0,90.0,1
train/3-15/46.jpg,112.0,112.0,112.0,36.76038277609328,0.0,0
train/3-15/47.jpg,112.0,112.0,112.0,10.75771634341706,0.0,0
train/3-15/48.jpg,112.0,112.0,176.19501538281614,112.0,90.0,1
train/3-15/49.jpg,112.0,112.0,112.0,21.800221729762555,0.0,0
train/3-15/50.jpg,112.0,112.0,174.20128616033594,112.0,90.0,1
train/3-15/52.jpg,112.0,112.0,112.0,180.1175454637056,180.0,2
train/3-15/55.jpg,112.0,112.0,216.0192289915668,112.0,90.0,1
train/3-15/56.jpg,112.0,112.0,6.828711142251379,112.0,270.0,3
train/3-15/61.jpg,112.0,112.0,13.750318066672603,112.0,270.0,3
train/3-15/62.jpg,112.0,112.0,112.0,193.0987052917616,180.0,2
train/3-15/63.jpg,112.0,112.0,112.0,28.7053423081648,0.0,0
train/3-15/64.jpg,112.0,112.0,112.0,16.810714888701895,0.0,0
train/3-15/69.jpg,112.0,112.0,185.10950690573696,112.0,90.0,1
train/3-15/7.jpg,112.0,112.0,112.0,22.797982085605256,0.0,0
train/3-15/72.jpg,112.0,112.0,112.0,22.797982085605256,0.0,0
train/3-15/73.jpg,112.0,112.0,172.13318551349164,112.0,90.0,1
train/3-15/74.jpg,112.0,112.0,112.0,24.718845103882813,0.0,0
train/3-15/75.jpg,112.0,112.0,26.788498428909264,112.0,270.0,3
train/3-15/76.jpg,112.0,112.0,112.0,193.0987052917616,180.0,2
train/3-15/80.jpg,112.0,112.0,112.0,34.68247287968917,0.0,0
train/3-15/82.jpg,112.0,112.0,112.0,15.812682748711609,0.0,0
train/3-15/83.jpg,112.0,112.0,23.7220299281865,112.0,270.0,3
train/3-15/84.jpg,112.0,112.0,31.694333948344592,112.0,270.0,3
train/3-15/86.jpg,112.0,112.0,27.7859869142908,112.0,270.0,3
train/3-15/87.jpg,112.0,112.0,112.0,191.1012010022604,180.0,2
train/3-15/88.jpg,112.0,112.0,195.0963296421689,112.0,90.0,1
train/3-15/89.jpg,112.0,112.0,112.0,185.10950690573696,180.0,2
train/3-15/9.jpg,112.0,112.0,185.10950690573696,112.0,90.0,1
train/3-15/90.jpg,112.0,112.0,112.0,37.831273436845365,0.0,0
train/3-15/91.jpg,112.0,112.0,21.72818823131996,112.0,270.0,3
train/3-15/92.jpg,112.0,112.0,112.0,22.797982085605256,0.0,0
train/3-15/93.jpg,112.0,112.0,112.0,37.75715522691766,0.0,0
train/3-15/95.jpg,112.0,112.0,21.800221729762555,112.0,270.0,3
train/3-15/96.jpg,112.0,112.0,112.0,33.68652734043778,0.0,0
train/3-15/97.jpg,112.0,112.0,112.0,214.12247548899316,180.0,2
train/3-15/98.jpg,112.0,112.0,112.0,18.8066525979456,0.0,0
train/3-20/0.jpg,112.0,112.0,112.0,18.8066525979456,0.0,0
train/3-20/1.jpg,112.0,112.0,112.0,189.6659513557904,180.0,2
train/3-20/12.jpg,112.0,112.0,47.92972608143461,112.0,270.0,3
train/3-20/17.jpg,112.0,112.0,26.01744362953612,112.0,270.0,3
train/3-20/19.jpg,112.0,112.0,112.0,17.968090522418933,0.0,0
train/3-20/20.jpg,112.0,112.0,112.0,24.63295815926924,0.0,0
train/3-20/23.jpg,112.0,112.0,112.0,48.754446796632415,0.0,0
train/3-20/24.jpg,112.0,112.0,12.140098137440576,112.0,270.0,3
train/3-20/27.jpg,112.0,112.0,112.0,168.4003546088143,180.0,2
train/3-20/29.jpg,112.0,112.0,112.0,205.74433316206373,180.0,2
train/3-20/30.jpg,112.0,112.0,20.731166327162924,112.0,270.0,3
train/3-20/31.jpg,112.0,112.0,112.0,32.67787193979224,0.0,0
train/3-20/34.jpg,112.0,112.0,112.0,210.18350166906865,180.0,2
train/3-20/35.jpg,112.0,112.0,164.1536192416212,112.0,90.0,1
train/3-20/36.jpg,112.0,112.0,112.0,22.11117978302308,0.0,0
train/3-20/37.jpg,112.0,112.0,112.0,35.72418469790047,0.0,0
train/3-20/38.jpg,112.0,112.0,112.0,204.64987857520376,180.0,2
train/3-20/4.jpg,112.0,112.0,112.0,21.5732340509736,0.0,0
train/3-20/40.jpg,112.0,112.0,171.4053869611166,112.0,90.0,1
train/3-20/42.jpg,112.0,112.0,178.0302960768767,112.0,90.0,1
train/3-20/43.jpg,112.0,112.0,214.62553288534,112.0,90.0,1
train/3-20/44.jpg,112.0,112.0,112.0,205.74433316206373,180.0,2
train/3-20/46.jpg,112.0,112.0,204.3579991121505,112.0,90.0,1
train/3-20/47.jpg,112.0,112.0,112.0,9.072841290551494,0.0,0
train/3-20/48.jpg,112.0,112.0,112.0,69.98809692479999,0.0,0
train/3-20/49.jpg,112.0,112.0,10.75771634341706,112.0,270.0,3
train/3-20/5.jpg,112.0,112.0,112.0,38.50170069994816,0.0,0
train/3-20/52.jpg,112.0,112.0,42.10722497997379,112.0,270.0,3
train/3-20/53.jpg,112.0,112.0,181.63476143421477,112.0,90.0,1
train/3-20/56.jpg,112.0,112.0,8.535030082641015,112.0,270.0,3
train/3-20/60.jpg,112.0,112.0,112.0,12.140098137440576,0.0,0
train/3-20/62.jpg,112.0,112.0,112.0,194.66196223173023,180.0,2
train/3-20/63.jpg,112.0,112.0,21.5732340509736,112.0,270.0,3
train/3-20/64.jpg,112.0,112.0,204.3579991121505,112.0,90.0,1
train/3-20/66.jpg,112.0,112.0,112.0,196.31488599292533,180.0,2
train/3-20/67.jpg,112.0,112.0,112.0,21.5732340509736,0.0,0
train/3-20/69.jpg,112.0,112.0,191.05694150420948,112.0,90.0,1
train/3-20/7.jpg,112.0,112.0,112.0,188.27581530209957,180.0,2
train/3-20/71.jpg,112.0,112.0,112.0,22.412054382299843,0.0,0
train/3-20/72.jpg,112.0,112.0,24.63295815926924,112.0,270.0,3
train/3-20/74.jpg,112.0,112.0,112.0,43.18139786365899,0.0,0
train/3-20/75.jpg,112.0,112.0,112.0,15.745129993334883,0.0,0
train/3-20/76.jpg,112.0,112.0,112.0,203.80958555619344,180.0,2
train/3-20/8.jpg,112.0,112.0,112.0,22.412054382299843,0.0,0
train/3-20/80.jpg,112.0,112.0,112.0,5.76911936729509,0.0,0
train/3-20/82.jpg,112.0,112.0,112.0,206.03190947758105,180.0,2
train/3-20/83.jpg,112.0,112.0,112.0,39.32951080390335,0.0,0
train/3-20/84.jpg,112.0,112.0,112.0,187.4519714785505,180.0,2
train/3-20/86.jpg,112.0,112.0,112.0,30.458599472415244,0.0,0
train/3-20/88.jpg,112.0,112.0,112.0,197.7029754442633,180.0,2
train/3-20/89.jpg,112.0,112.0,112.0,22.412054382299843,0.0,0
train/3-20/9.jpg,112.0,112.0,185.2393336944022,112.0,90.0,1
train/3-20/90.jpg,112.0,112.0,112.0,14.056138528236488,0.0,0
train/3-20/92.jpg,112.0,112.0,112.0,9.072841290551494,0.0,0
train/3-20/93.jpg,112.0,112.0,112.0,19.35012142479624,0.0,0
train/3-20/95.jpg,112.0,112.0,22.412054382299843,112.0,270.0,3
train/3-20/96.jpg,112.0,112.0,112.0,38.50170069994816,0.0,0
train/3-20/97.jpg,112.0,112.0,112.0,24.63295815926924,0.0,0
train/3-20/98.jpg,112.0,112.0,28.238433634512305,112.0,270.0,3
train/3-25/0.jpg,112.0,112.0,21.21453860887196,112.0,270.0,3
train/3-25/1.jpg,112.0,112.0,112.0,37.26714243386648,0.0,0
train/3-25/10.jpg,112.0,112.0,112.0,23.897786633932967,0.0,0
train/3-25/12.jpg,112.0,112.0,112.0,23.897786633932967,0.0,0
train/3-25/13.jpg,112.0,112.0,112.0,201.0,180.0,2
train/3-25/15.jpg,112.0,112.0,204.1357693840997,112.0,90.0,1
train/3-25/17.jpg,112.0,112.0,112.0,24.33586822422754,0.0,0
train/3-25/18.jpg,112.0,112.0,112.0,203.6787870774914,180.0,2
train/3-25/2.jpg,112.0,112.0,112.0,23.897786633932967,0.0,0
train/3-25/20.jpg,112.0,112.0,112.0,11.376941012509462,0.0,0
train/3-25/21.jpg,112.0,112.0,112.0,215.31021246711285,180.0,2
train/3-25/24.jpg,112.0,112.0,31.501552810007567,112.0,270.0,3
train/3-25/26.jpg,112.0,112.0,112.0,13.613008990009249,0.0,0
train/3-25/27.jpg,112.0,112.0,112.0,27.0,0.0,0
train/3-25/28.jpg,112.0,112.0,112.0,203.6787870774914,180.0,2
train/3-25/30.jpg,112.0,112.0,112.0,25.235952146064548,0.0,0
train/3-25/33.jpg,112.0,112.0,112.0,19.42570551173506,0.0,0
train/3-25/34.jpg,112.0,112.0,112.0,200.10221336606705,180.0,2
train/3-25/35.jpg,112.0,112.0,112.0,203.2414379544733,180.0,2
train/3-25/4.jpg,112.0,112.0,112.0,23.897786633932967,0.0,0
train/3-25/42.jpg,112.0,112.0,112.0,217.9905656178888,180.0,2
train/3-25/45.jpg,112.0,112.0,211.28242543370908,112.0,90.0,1
train/3-25/46.jpg,112.0,112.0,112.0,23.0,0.0,0
train/3-25/48.jpg,112.0,112.0,47.11548720996666,112.0,270.0,3
train/3-25/49.jpg,112.0,112.0,112.0,21.66174675144532,0.0,0
train/3-25/5.jpg,112.0,112.0,112.0,217.0951949424901,180.0,2
train/3-25/50.jpg,112.0,112.0,112.0,55.140524096682,0.0,0
train/3-25/51.jpg,112.0,112.0,23.45057877094848,112.0,270.0,3
train/3-25/52.jpg,112.0,112.0,176.47480127925948,112.0,90.0,1
train/3-25/53.jpg,112.0,112.0,179.11929677819933,112.0,90.0,1
train/3-25/55.jpg,112.0,112.0,22.05557271292457,112.0,270.0,3
train/3-25/56.jpg,112.0,112.0,10.925769852053776,112.0,270.0,3
train/3-25/57.jpg,112.0,112.0,112.0,36.35609740369023,0.0,0
train/3-25/59.jpg,112.0,112.0,143.6227766016838,112.0,90.0,1
train/3-25/6.jpg,112.0,112.0,112.0,23.897786633932967,0.0,0
train/3-25/62.jpg,112.0,112.0,112.0,31.04322140796361,0.0,0
train/3-25/64.jpg,112.0,112.0,112.0,23.897786633932967,0.0,0
train/3-25/66.jpg,112.0,112.0,112.0,31.94376976149826,0.0,0
train/3-25/68.jpg,112.0,112.0,209.0463806640928,112.0,90.0,1
train/3-25/72.jpg,112.0,112.0,23.45057877094848,112.0,270.0,3
train/3-25/73.jpg,112.0,112.0,112.0,21.66174675144532,0.0,0
train/3-25/74.jpg,112.0,112.0,112.0,40.824161402903016,0.0,0
train/3-25/75.jpg,112.0,112.0,112.0,20.32121292250862,0.0,0
train/3-25/76.jpg,112.0,112.0,112.0,25.235952146064548,0.0,0
train/3-25/79.jpg,112.0,112.0,112.0,172.41522986797287,180.0,2
train/3-25/80.jpg,112.0,112.0,112.0,188.4852927038918,180.0,2
train/3-25/82.jpg,112.0,112.0,112.0,15.849076967509047,0.0,0
train/3-25/83.jpg,112.0,112.0,112.0,204.5742944882649,180.0,2
train/3-25/87.jpg,112.0,112.0,112.0,31.04322140796361,0.0,0
train/3-25/88.jpg,112.0,112.0,112.0,31.04322140796361,0.0,0
train/3-25/9.jpg,112.0,112.0,112.0,37.75042087661372,0.0,0
train/3-25/92.jpg,112.0,112.0,24.79334887750821,112.0,270.0,3
train/3-25/93.jpg,112.0,112.0,112.0,19.42570551173506,0.0,0
train/3-25/95.jpg,112.0,112.0,201.89994438263017,112.0,90.0,1
train/3-25/97.jpg,112.0,112.0,203.6787870774914,112.0,90.0,1
train/3-25/98.jpg,112.0,112.0,112.0,8.245482026082357,0.0,0
train/3-25/99.jpg,112.0,112.0,200.5663593019381,112.0,90.0,1
train/3-30/0.jpg,112.0,112.0,112.0,204.1357693840997,180.0,2
train/3-30/1.jpg,112.0,112.0,112.0,54.78112199632013,0.0,0
train/3-30/10.jpg,112.0,112.0,112.0,65.7290587949629,0.0,0
train/3-30/13.jpg,112.0,112.0,112.0,51.86681448650837,0.0,0
train/3-30/15.jpg,112.0,112.0,112.0,36.833518108135465,0.0,0
train/3-30/17.jpg,112.0,112.0,112.0,65.7290587949629,0.0,0
train/3-30/19.jpg,112.0,112.0,112.0,66.72307430931292,0.0,0
train/3-30/20.jpg,112.0,112.0,112.0,15.745129993334883,0.0,0
train/3-30/32.jpg,112.0,112.0,112.0,191.30952023559345,180.0,2
train/3-30/34.jpg,112.0,112.0,112.0,26.90593440198077,0.0,0
train/3-30/35.jpg,112.0,112.0,159.09564735726647,112.0,90.0,1
train/3-30/38.jpg,112.0,112.0,112.0,21.91115496355833,0.0,0
train/3-30/4.jpg,112.0,112.0,112.0,21.91115496355833,0.0,0
train/3-30/40.jpg,112.0,112.0,54.6850804763716,112.0,270.0,3
train/3-30/42.jpg,112.0,112.0,112.0,43.6406553571496,0.0,0
train/3-30/45.jpg,112.0,112.0,159.2652091923859,112.0,90.0,1
train/3-30/46.jpg,112.0,112.0,112.0,41.88580742816758,0.0,0
train/3-30/47.jpg,112.0,112.0,112.0,10.920823113758985,0.0,0
train/3-30/48.jpg,112.0,112.0,112.0,156.40720662234904,180.0,2
train/3-30/51.jpg,112.0,112.0,112.0,20.912130335592977,0.0,0
train/3-30/52.jpg,112.0,112.0,157.39823785126467,112.0,90.0,1
train/3-30/53.jpg,112.0,112.0,112.0,45.81087702650835,0.0,0
train/3-30/55.jpg,112.0,112.0,112.0,217.07616285342743,180.0,2
train/3-30/56.jpg,112.0,112.0,21.86121811340027,112.0,270.0,3
train/3-30/57.jpg,112.0,112.0,112.0,50.59967426796499,0.0,0
train/3-30/6.jpg,112.0,112.0,68.81435423662163,112.0,270.0,3
train/3-30/60.jpg,112.0,112.0,112.0,41.88580742816758,0.0,0
train/3-30/61.jpg,112.0,112.0,112.0,40.824161402903016,0.0,0
train/3-30/62.jpg,112.0,112.0,112.0,67.59279337765096,0.0,0
train/3-30/63.jpg,112.0,112.0,112.0,20.64902846712576,0.0,0
train/3-30/64.jpg,112.0,112.0,112.0,20.912130335592977,0.0,0
train/3-30/65.jpg,112.0,112.0,112.0,29.61068030381608,0.0,0
train/3-30/69.jpg,112.0,112.0,112.0,64.7347908076141,0.0,0
train/3-30/72.jpg,112.0,112.0,159.2652091923859,112.0,90.0,1
train/3-30/73.jpg,112.0,112.0,112.0,65.7290587949629,0.0,0
train/3-30/75.jpg,112.0,112.0,112.0,43.88245453629439,0.0,0
train/3-30/76.jpg,112.0,112.0,112.0,207.13148795220224,180.0,2
train/3-30/79.jpg,112.0,112.0,174.20128616033594,112.0,90.0,1
train/3-30/8.jpg,112.0,112.0,112.0,6.957151599930427,0.0,0
train/3-30/82.jpg,112.0,112.0,69.80995378054203,112.0,270.0,3
train/3-30/85.jpg,112.0,112.0,112.0,143.25699921617556,180.0,2
train/3-30/86.jpg,112.0,112.0,112.0,65.7290587949629,0.0,0
train/3-30/87.jpg,112.0,112.0,112.0,195.1504660239496,180.0,2
train/3-30/88.jpg,112.0,112.0,157.39823785126467,112.0,90.0,1
train/3-30/92.jpg,112.0,112.0,69.80995378054203,112.0,270.0,3
train/3-30/96.jpg,112.0,112.0,112.0,43.81642426507686,0.0,0
train/3-30/97.jpg,112.0,112.0,112.0,213.1236866416568,180.0,2
train/3-35/0.jpg,112.0,112.0,112.0,19.869657549751835,0.0,0
train/3-35/14.jpg,112.0,112.0,112.0,19.864230615900325,0.0,0
train/3-35/17.jpg,112.0,112.0,6.453801584329909,112.0,270.0,3
train/3-35/18.jpg,112.0,112.0,112.0,35.077961545471254,0.0,0
train/3-35/19.jpg,112.0,112.0,112.0,22.691545752935568,0.0,0
train/3-35/21.jpg,112.0,112.0,112.0,35.72418469790047,0.0,0
train/3-35/26.jpg,112.0,112.0,112.0,14.051033696112952,0.0,0
train/3-35/30.jpg,112.0,112.0,112.0,22.105617528123588,0.0,0
train/3-35/31.jpg,112.0,112.0,112.0,179.6756972627545,180.0,2
train/3-35/32.jpg,112.0,112.0,19.42570551173506,112.0,270.0,3
train/3-35/37.jpg,112.0,112.0,112.0,212.17983829094555,180.0,2
train/3-35/42.jpg,112.0,112.0,24.63295815926924,112.0,270.0,3
train/3-35/45.jpg,112.0,112.0,112.0,183.28113354878693,180.0,2
train/3-35/46.jpg,112.0,112.0,202.13878188659973,112.0,90.0,1
train/3-35/47.jpg,112.0,112.0,20.19041444380657,112.0,270.0,3
train/3-35/48.jpg,112.0,112.0,112.0,47.52519872074052,0.0,0
train/3-35/5.jpg,112.0,112.0,112.0,35.077961545471254,0.0,0
train/3-35/50.jpg,112.0,112.0,112.0,53.991379950907294,0.0,0
train/3-35/52.jpg,112.0,112.0,7.9903850598416994,112.0,270.0,3
train/3-35/53.jpg,112.0,112.0,23.24753524549304,112.0,270.0,3
train/3-35/57.jpg,112.0,112.0,112.0,175.2455532033676,180.0,2
train/3-35/61.jpg,112.0,112.0,204.3579991121505,112.0,90.0,1
train/3-35/63.jpg,112.0,112.0,112.0,20.758562045526705,0.0,0
train/3-35/65.jpg,112.0,112.0,40.71886645121306,112.0,270.0,3
train/3-35/67.jpg,112.0,112.0,21.5732340509736,112.0,270.0,3
train/3-35/69.jpg,112.0,112.0,112.0,178.2872536767062,180.0,2
train/3-35/7.jpg,112.0,112.0,112.0,203.6787870774914,180.0,2
train/3-35/71.jpg,112.0,112.0,183.28113354878693,112.0,90.0,1
train/3-35/72.jpg,112.0,112.0,112.0,199.3670418407308,180.0,2
train/3-35/74.jpg,112.0,112.0,112.0,42.36523856578526,0.0,0
train/3-35/77.jpg,112.0,112.0,202.82400563727631,112.0,90.0,1
train/3-35/78.jpg,112.0,112.0,203.80958555619344,112.0,90.0,1
train/3-35/79.jpg,112.0,112.0,112.0,172.21627686929838,180.0,2
train/3-35/8.jpg,112.0,112.0,112.0,11.595816820214113,0.0,0
train/3-35/84.jpg,112.0,112.0,112.0,21.21453860887196,0.0,0
train/3-35/85.jpg,112.0,112.0,112.0,20.758562045526705,0.0,0
train/3-35/89.jpg,112.0,112.0,25.235952146064548,112.0,270.0,3
train/3-35/9.jpg,112.0,112.0,33.50796218723838,112.0,270.0,3
train/3-35/90.jpg,112.0,112.0,112.0,22.105617528123588,0.0,0
train/3-35/92.jpg,112.0,112.0,22.412054382299843,112.0,270.0,3
train/3-35/93.jpg,112.0,112.0,112.0,205.74433316206373,180.0,2
train/3-35/99.jpg,112.0,112.0,43.75778432670873,112.0,270.0,3
train/3-40/1.jpg,112.0,112.0,112.0,183.1125867902441,180.0,2
train/3-40/10.jpg,112.0,112.0,112.0,25.46676938886425,0.0,0
train/3-40/13.jpg,112.0,112.0,112.0,44.32430273724548,0.0,0
train/3-40/14.jpg,112.0,112.0,162.60632371551998,112.0,90.0,1
train/3-40/15.jpg,112.0,112.0,203.5259526036195,112.0,90.0,1
train/3-40/17.jpg,112.0,112.0,200.10221336606705,112.0,90.0,1
train/3-40/18.jpg,112.0,112.0,67.0,112.0,270.0,3
train/3-40/2.jpg,112.0,112.0,17.968090522418933,112.0,270.0,3
train/3-40/20.jpg,112.0,112.0,112.0,10.75771634341706,0.0,0
train/3-40/21.jpg,112.0,112.0,112.0,34.06412892640515,0.0,0
train/3-40/23.jpg,112.0,112.0,112.0,11.595816820214113,0.0,0
train/3-40/24.jpg,112.0,112.0,112.0,30.458599472415244,0.0,0
train/3-40/27.jpg,112.0,112.0,112.0,161.24428900898053,180.0,2
train/3-40/28.jpg,112.0,112.0,112.0,20.76404217634365,0.0,0
train/3-40/29.jpg,112.0,112.0,10.75771634341706,112.0,270.0,3
train/3-40/3.jpg,112.0,112.0,205.9148550549912,112.0,90.0,1
train/3-40/31.jpg,112.0,112.0,190.4920378127616,112.0,90.0,1
train/3-40/33.jpg,112.0,112.0,112.0,186.68600939935132,180.0,2
train/3-40/34.jpg,112.0,112.0,30.458599472415244,112.0,270.0,3
train/3-40/35.jpg,112.0,112.0,22.64117279193958,112.0,270.0,3
train/3-40/36.jpg,112.0,112.0,112.0,202.35485598461213,180.0,2
train/3-40/37.jpg,112.0,112.0,112.0,11.297467757756962,0.0,0
train/3-40/4.jpg,112.0,112.0,112.0,203.6787870774914,180.0,2
train/3-40/40.jpg,112.0,112.0,174.42595614005444,112.0,90.0,1
train/3-40/44.jpg,112.0,112.0,112.0,5.76911936729509,0.0,0
train/3-40/45.jpg,112.0,112.0,112.0,199.2066511224918,180.0,2
train/3-40/46.jpg,112.0,112.0,112.0,23.79569171520022,0.0,0
train/3-40/47.jpg,112.0,112.0,112.0,25.66924070761337,0.0,0
train/3-40/48.jpg,112.0,112.0,112.0,51.78372313070161,0.0,0
train/3-40/5.jpg,112.0,112.0,112.0,20.731166327162924,0.0,0
train/3-40/51.jpg,112.0,112.0,112.0,201.8943824718764,180.0,2
train/3-40/52.jpg,112.0,112.0,182.45565981523413,112.0,90.0,1
train/3-40/53.jpg,112.0,112.0,112.0,10.481528774316146,0.0,0
train/3-40/56.jpg,112.0,112.0,112.0,8.535030082641015,0.0,0
train/3-40/57.jpg,112.0,112.0,112.0,48.754446796632415,0.0,0
train/3-40/61.jpg,112.0,112.0,112.0,205.9148550549912,180.0,2
train/3-40/63.jpg,112.0,112.0,204.3579991121505,112.0,90.0,1
train/3-40/65.jpg,112.0,112.0,112.0,41.31761181171083,0.0,0
train/3-40/66.jpg,112.0,112.0,112.0,16.292111087956812,0.0,0
train/3-40/69.jpg,112.0,112.0,112.0,38.50170069994816,0.0,0
train/3-40/7.jpg,112.0,112.0,112.0,21.5732340509736,0.0,0
train/3-40/72.jpg,112.0,112.0,201.4427190999916,112.0,90.0,1
train/3-40/73.jpg,112.0,112.0,112.0,51.99166724529001,0.0,0
train/3-40/74.jpg,112.0,112.0,47.11548720996666,112.0,270.0,3
train/3-40/75.jpg,112.0,112.0,202.33825324855468,112.0,90.0,1
train/3-40/78.jpg,112.0,112.0,204.13034245024815,112.0,90.0,1
train/3-40/79.jpg,112.0,112.0,169.27128425310542,112.0,90.0,1
train/3-40/8.jpg,112.0,112.0,112.0,199.2066511224918,180.0,2
train/3-40/80.jpg,112.0,112.0,112.0,180.87670143089025,180.0,2
train/3-40/82.jpg,112.0,112.0,112.0,13.521575967118563,0.0,0
train/3-40/83.jpg,112.0,112.0,112.0,38.76066630559778,0.0,0
train/3-40/84.jpg,112.0,112.0,112.0,36.28342321525622,0.0,0
train/3-40/85.jpg,112.0,112.0,112.0,20.731166327162924,0.0,0
train/3-40/87.jpg,112.0,112.0,192.9567785920364,112.0,90.0,1
train/3-40/88.jpg,112.0,112.0,112.0,23.24753524549304,0.0,0
train/3-40/9.jpg,112.0,112.0,112.0,185.348483283569,180.0,2
train/3-40/91.jpg,112.0,112.0,112.0,50.14533162323154,0.0,0
train/3-40/92.jpg,112.0,112.0,112.0,11.297467757756962,0.0,0
train/3-40/93.jpg,112.0,112.0,112.0,20.731166327162924,0.0,0
train/3-40/96.jpg,112.0,112.0,112.0,39.888974490720216,0.0,0
train/3-40/97.jpg,112.0,112.0,112.0,20.19041444380657,0.0,0
train/3-40/98.jpg,112.0,112.0,206.8103369891701,112.0,90.0,1
train/3-40/99.jpg,112.0,112.0,112.0,47.11548720996666,0.0,0
train/3-45/10.jpg,112.0,112.0,207.1892851112981,112.0,90.0,1
train/3-45/12.jpg,112.0,112.0,66.72307430931292,112.0,270.0,3
train/3-45/13.jpg,112.0,112.0,112.0,153.19465984809196,180.0,2
train/3-45/15.jpg,112.0,112.0,112.0,66.60176214873533,0.0,0
train/3-45/16.jpg,112.0,112.0,29.70176186576046,112.0,270.0,3
train/3-45/17.jpg,112.0,112.0,204.1357693840997,112.0,90.0,1
train/3-45/2.jpg,112.0,112.0,155.18564576337835,112.0,90.0,1
train/3-45/20.jpg,112.0,112.0,112.0,37.66965626340748,0.0,0
train/3-45/21.jpg,112.0,112.0,112.0,191.22752047110905,180.0,2
train/3-45/24.jpg,112.0,112.0,112.0,30.90129470823841,0.0,0
train/3-45/25.jpg,112.0,112.0,155.10452412450462,112.0,90.0,1
train/3-45/27.jpg,112.0,112.0,26.62435944603402,112.0,270.0,3
train/3-45/28.jpg,112.0,112.0,32.69047976440659,112.0,270.0,3
train/3-45/30.jpg,112.0,112.0,20.912130335592977,112.0,270.0,3
train/3-45/31.jpg,112.0,112.0,112.0,176.19501538281614,180.0,2
train/3-45/32.jpg,112.0,112.0,177.27633568147036,112.0,90.0,1
train/3-45/33.jpg,112.0,112.0,35.835703902681544,112.0,270.0,3
train/3-45/34.jpg,112.0,112.0,112.0,79.44235880780059,0.0,0
train/3-45/37.jpg,112.0,112.0,112.0,10.75771634341706,0.0,0
train/3-45/38.jpg,112.0,112.0,156.18144406874904,112.0,90.0,1
train/3-45/4.jpg,112.0,112.0,112.0,13.750318066672603,0.0,0
train/3-45/42.jpg,112.0,112.0,112.0,217.1189802081432,180.0,2
train/3-45/44.jpg,112.0,112.0,112.0,9.921598758601236,0.0,0
train/3-45/45.jpg,112.0,112.0,112.0,208.13012014972207,180.0,2
train/3-45/46.jpg,112.0,112.0,112.0,33.68652734043778,0.0,0
train/3-45/47.jpg,112.0,112.0,216.2353107157071,112.0,90.0,1
train/3-45/49.jpg,112.0,112.0,112.0,65.7290587949629,0.0,0
train/3-45/50.jpg,112.0,112.0,68.58341330781518,112.0,270.0,3
train/3-45/51.jpg,112.0,112.0,22.72514351733743,112.0,270.0,3
train/3-45/52.jpg,112.0,112.0,181.18092222571192,112.0,90.0,1
train/3-45/53.jpg,112.0,112.0,143.40063693621516,112.0,90.0,1
train/3-45/55.jpg,112.0,112.0,21.994444615901628,112.0,270.0,3
train/3-45/56.jpg,112.0,112.0,112.0,16.91582676386149,0.0,0
train/3-45/58.jpg,112.0,112.0,143.25699921617556,112.0,90.0,1
train/3-45/59.jpg,112.0,112.0,112.0,78.45898033750316,0.0,0
train/3-45/6.jpg,112.0,112.0,112.0,173.20457499239745,180.0,2
train/3-45/60.jpg,112.0,112.0,112.0,11.955010120446318,0.0,0
train/3-45/61.jpg,112.0,112.0,112.0,64.7347908076141,0.0,0
train/3-45/62.jpg,112.0,112.0,112.0,29.90249699290483,0.0,0
train/3-45/64.jpg,112.0,112.0,18.73693121068769,112.0,270.0,3
train/3-45/66.jpg,112.0,112.0,192.156097709407,112.0,90.0,1
train/3-45/67.jpg,112.0,112.0,112.0,80.42469319230611,0.0,0
train/3-45/68.jpg,112.0,112.0,112.0,199.14355971613736,180.0,2
train/3-45/69.jpg,112.0,112.0,112.0,48.49409476277029,0.0,0
train/3-45/72.jpg,112.0,112.0,19.9130845342293,112.0,270.0,3
train/3-45/73.jpg,112.0,112.0,112.0,65.7290587949629,0.0,0
train/3-45/76.jpg,112.0,112.0,203.19758768739445,112.0,90.0,1
train/3-45/79.jpg,112.0,112.0,154.19004621945797,112.0,90.0,1
train/3-45/80.jpg,112.0,112.0,213.1780608630152,112.0,90.0,1
train/3-45/81.jpg,112.0,112.0,43.93385569903346,112.0,270.0,3
train/3-45/83.jpg,112.0,112.0,186.3303437365925,112.0,90.0,1
train/3-45/84.jpg,112.0,112.0,112.0,63.49226865746039,0.0,0
train/3-45/85.jpg,112.0,112.0,112.0,74.66369059481106,0.0,0
train/3-45/86.jpg,112.0,112.0,28.90367035783109,112.0,270.0,3
train/3-45/87.jpg,112.0,112.0,192.156097709407,112.0,90.0,1
train/3-45/9.jpg,112.0,112.0,188.23647421018367,112.0,90.0,1
train/3-45/91.jpg,112.0,112.0,112.0,64.4815825179331,0.0,0
train/3-45/93.jpg,112.0,112.0,112.0,32.69047976440659,0.0,0
train/3-45/96.jpg,112.0,112.0,112.0,63.49226865746039,0.0,0
train/3-45/97.jpg,112.0,112.0,112.0,214.1763181955584,180.0,2
train/3-45/98.jpg,112.0,112.0,112.0,191.1580697086532,180.0,2
train/3-50/0.jpg,112.0,112.0,167.2268050859363,112.0,90.0,1
train/3-50/1.jpg,112.0,112.0,112.0,166.3783044972901,180.0,2
train/3-50/13.jpg,112.0,112.0,112.0,19.642000887849463,0.0,0
train/3-50/15.jpg,112.0,112.0,112.0,29.072320664328245,0.0,0
train/3-50/16.jpg,112.0,112.0,112.0,31.04322140796361,0.0,0
train/3-50/17.jpg,112.0,112.0,32.8419302913468,112.0,270.0,3
train/3-50/18.jpg,112.0,112.0,112.0,171.6824932455071,180.0,2
train/3-50/2.jpg,112.0,112.0,112.0,201.58794561770011,180.0,2
train/3-50/20.jpg,112.0,112.0,203.80958555619344,112.0,90.0,1
train/3-50/22.jpg,112.0,112.0,202.4267659490264,112.0,90.0,1
train/3-50/26.jpg,112.0,112.0,112.0,214.08329931972224,180.0,2
train/3-50/28.jpg,112.0,112.0,112.0,166.3783044972901,180.0,2
train/3-50/29.jpg,112.0,112.0,168.0802995712398,112.0,90.0,1
train/3-50/3.jpg,112.0,112.0,170.309518948453,112.0,90.0,1
train/3-50/31.jpg,112.0,112.0,112.0,166.3783044972901,180.0,2
train/3-50/32.jpg,112.0,112.0,168.0802995712398,112.0,90.0,1
train/3-50/33.jpg,112.0,112.0,112.0,19.42570551173506,0.0,0
train/3-50/34.jpg,112.0,112.0,202.4267659490264,112.0,90.0,1
train/3-50/38.jpg,112.0,112.0,23.45057877094848,112.0,270.0,3
train/3-50/4.jpg,112.0,112.0,112.0,15.849076967509047,0.0,0
train/3-50/42.jpg,112.0,112.0,168.0802995712398,112.0,90.0,1
train/3-50/44.jpg,112.0,112.0,112.0,51.46075652933876,0.0,0
train/3-50/45.jpg,112.0,112.0,207.4148835350125,112.0,90.0,1
train/3-50/46.jpg,112.0,112.0,21.21453860887196,112.0,270.0,3
train/3-50/47.jpg,112.0,112.0,168.0802995712398,112.0,90.0,1
train/3-50/48.jpg,112.0,112.0,51.58477013202714,112.0,270.0,3
train/3-50/49.jpg,112.0,112.0,112.0,10.925769852053776,0.0,0
train/3-50/5.jpg,112.0,112.0,112.0,167.2268050859363,180.0,2
train/3-50/50.jpg,112.0,112.0,112.0,188.8439978137525,180.0,2
train/3-50/51.jpg,112.0,112.0,112.0,11.297467757756962,0.0,0
train/3-50/52.jpg,112.0,112.0,112.0,168.0802995712398,180.0,2
train/3-50/53.jpg,112.0,112.0,54.017243942703104,112.0,270.0,3
train/3-50/56.jpg,112.0,112.0,112.0,11.376941012509462,0.0,0
train/3-50/57.jpg,112.0,112.0,172.53924347066123,112.0,90.0,1
train/3-50/58.jpg,112.0,112.0,112.0,6.3117792750772,0.0,0
train/3-50/59.jpg,112.0,112.0,79.98437881283576,112.0,270.0,3
train/3-50/62.jpg,112.0,112.0,112.0,68.91868154292396,0.0,0
train/3-50/63.jpg,112.0,112.0,112.0,166.3783044972901,180.0,2
train/3-50/65.jpg,112.0,112.0,112.0,173.32699242584786,180.0,2
train/3-50/67.jpg,112.0,112.0,112.0,6.605502989956818,0.0,0
train/3-50/68.jpg,112.0,112.0,112.0,180.60029154457,180.0,2
train/3-50/7.jpg,112.0,112.0,112.0,21.66174675144532,0.0,0
train/3-50/72.jpg,112.0,112.0,112.0,200.10221336606705,180.0,2
train/3-50/73.jpg,112.0,112.0,112.0,171.6824932455071,180.0,2
train/3-50/74.jpg,112.0,112.0,112.0,11.0445642870083,0.0,0
train/3-50/75.jpg,112.0,112.0,22.691545752935568,112.0,270.0,3
train/3-50/79.jpg,112.0,112.0,53.819247168844576,112.0,270.0,3
train/3-50/80.jpg,112.0,112.0,112.0,167.2268050859363,180.0,2
train/3-50/81.jpg,112.0,112.0,112.0,53.690481051547,0.0,0
train/3-50/82.jpg,112.0,112.0,112.0,206.8103369891701,180.0,2
train/3-50/83.jpg,112.0,112.0,112.0,187.4519714785505,180.0,2
train/3-50/84.jpg,112.0,112.0,112.0,167.2268050859363,180.0,2
train/3-50/85.jpg,112.0,112.0,202.4267659490264,112.0,90.0,1
train/3-50/86.jpg,112.0,112.0,112.0,17.189663010829875,0.0,0
train/3-50/88.jpg,112.0,112.0,112.0,57.37399886500935,0.0,0
train/3-50/89.jpg,112.0,112.0,112.0,59.19848487022366,0.0,0
train/3-50/90.jpg,112.0,112.0,112.0,55.39611320766038,0.0,0
train/3-50/91.jpg,112.0,112.0,112.0,166.3783044972901,180.0,2
train/3-50/92.jpg,112.0,112.0,199.3670418407308,112.0,90.0,1
train/3-50/93.jpg,112.0,112.0,112.0,167.2268050859363,180.0,2
train/3-50/95.jpg,112.0,112.0,112.0,26.13382505316777,0.0,0
train/3-50/96.jpg,112.0,112.0,112.0,51.46075652933876,0.0,0
train/3-50/97.jpg,112.0,112.0,112.0,168.93856338194703,180.0,2
train/3-50/98.jpg,112.0,112.0,168.93856338194703,112.0,90.0,1
train/3-50/99.jpg,112.0,112.0,168.0802995712398,112.0,90.0,1
train/3-55/0.jpg,112.0,112.0,112.0,7.9903850598416994,0.0,0
train/3-55/1.jpg,112.0,112.0,112.0,197.7029754442633,180.0,2
train/3-55/10.jpg,112.0,112.0,21.5732340509736,112.0,270.0,3
train/3-55/12.jpg,112.0,112.0,24.63295815926924,112.0,270.0,3
train/3-55/13.jpg,112.0,112.0,22.412054382299843,112.0,270.0,3
train/3-55/16.jpg,112.0,112.0,112.0,25.235952146064548,0.0,0
train/3-55/18.jpg,112.0,112.0,112.0,19.642000887849463,0.0,0
train/3-55/20.jpg,112.0,112.0,214.62553288534,112.0,90.0,1
train/3-55/21.jpg,112.0,112.0,112.0,187.4519714785505,180.0,2
train/3-55/26.jpg,112.0,112.0,204.3579991121505,112.0,90.0,1
train/3-55/27.jpg,112.0,112.0,112.0,22.529334416245675,0.0,0
train/3-55/28.jpg,112.0,112.0,187.58438992278764,112.0,90.0,1
train/3-55/3.jpg,112.0,112.0,175.8200595424354,112.0,90.0,1
train/3-55/30.jpg,112.0,112.0,112.0,18.8066525979456,0.0,0
train/3-55/31.jpg,112.0,112.0,188.92203845452875,112.0,90.0,1
train/3-55/32.jpg,112.0,112.0,112.0,40.152940213255775,0.0,0
train/3-55/34.jpg,112.0,112.0,9.91670068027777,112.0,270.0,3
train/3-55/35.jpg,112.0,112.0,44.73187976463144,112.0,270.0,3
train/3-55/36.jpg,112.0,112.0,112.0,6.3117792750772,0.0,0
train/3-55/37.jpg,112.0,112.0,37.66965626340748,112.0,270.0,3
train/3-55/40.jpg,112.0,112.0,39.32951080390335,112.0,270.0,3
train/3-55/42.jpg,112.0,112.0,217.5461984156701,112.0,90.0,1
train/3-55/45.jpg,112.0,112.0,112.0,216.84750831564855,180.0,2
train/3-55/46.jpg,112.0,112.0,21.5732340509736,112.0,270.0,3
train/3-55/48.jpg,112.0,112.0,50.14533162323154,112.0,270.0,3
train/3-55/51.jpg,112.0,112.0,23.79569171520022,112.0,270.0,3
train/3-55/56.jpg,112.0,112.0,23.24753524549304,112.0,270.0,3
train/3-55/57.jpg,112.0,112.0,112.0,12.717574566290937,0.0,0
train/3-55/58.jpg,112.0,112.0,201.8943824718764,112.0,90.0,1
train/3-55/6.jpg,112.0,112.0,112.0,22.105617528123588,0.0,0
train/3-55/61.jpg,112.0,112.0,112.0,16.742454367121127,0.0,0
train/3-55/62.jpg,112.0,112.0,112.0,28.513474141032788,0.0,0
train/3-55/63.jpg,112.0,112.0,22.412054382299843,112.0,270.0,3
train/3-55/65.jpg,112.0,112.0,112.0,39.986112450444665,0.0,0
train/3-55/67.jpg,112.0,112.0,217.5461984156701,112.0,90.0,1
train/3-55/69.jpg,112.0,112.0,112.0,40.152940213255775,0.0,0
train/3-55/72.jpg,112.0,112.0,112.0,201.58794561770011,180.0,2
train/3-55/73.jpg,112.0,112.0,200.10221336606705,112.0,90.0,1
train/3-55/76.jpg,112.0,112.0,200.54942122905152,112.0,90.0,1
train/3-55/79.jpg,112.0,112.0,112.0,38.76066630559778,0.0,0
train/3-55/8.jpg,112.0,112.0,7.152491684351418,112.0,270.0,3
train/3-55/81.jpg,112.0,112.0,112.0,19.35012142479624,0.0,0
train/3-55/82.jpg,112.0,112.0,200.54942122905152,112.0,90.0,1
train/3-55/83.jpg,112.0,112.0,46.608869102912735,112.0,270.0,3
train/3-55/85.jpg,112.0,112.0,112.0,21.66174675144532,0.0,0
train/3-55/87.jpg,112.0,112.0,112.0,19.642000887849463,0.0,0
train/3-55/88.jpg,112.0,112.0,44.88070322180066,112.0,270.0,3
train/3-55/89.jpg,112.0,112.0,6.3117792750772,112.0,270.0,3
train/3-55/9.jpg,112.0,112.0,22.412054382299843,112.0,270.0,3
train/3-55/90.jpg,112.0,112.0,206.87360012142472,112.0,90.0,1
train/3-55/91.jpg,112.0,112.0,52.35940979500622,112.0,270.0,3
train/3-55/92.jpg,112.0,112.0,112.0,18.8066525979456,0.0,0
train/3-55/97.jpg,112.0,112.0,112.0,11.376941012509462,0.0,0
train/3-55/98.jpg,112.0,112.0,183.1125867902441,112.0,90.0,1
train/4-00/0.jpg,112.0,112.0,195.1504660239496,112.0,90.0,1
train/4-00/10.jpg,112.0,112.0,112.0,21.800221729762555,0.0,0
train/4-00/12.jpg,112.0,112.0,52.864562232109925,112.0,270.0,3
train/4-00/13.jpg,112.0,112.0,112.0,172.13318551349164,180.0,2
train/4-00/15.jpg,112.0,112.0,112.0,178.12110101926618,180.0,2
train/4-00/16.jpg,112.0,112.0,112.0,34.8378331045583,0.0,0
train/4-00/17.jpg,112.0,112.0,112.0,33.83990788132347,0.0,0
train/4-00/18.jpg,112.0,112.0,112.0,165.23532661682466,180.0,2
train/4-00/2.jpg,112.0,112.0,112.0,9.877524511006882,0.0,0
train/4-00/20.jpg,112.0,112.0,112.0,28.84953397605038,0.0,0
train/4-00/21.jpg,112.0,112.0,112.0,39.75043252724623,0.0,0
train/4-00/22.jpg,112.0,112.0,112.0,21.800221729762555,0.0,0
train/4-00/24.jpg,112.0,112.0,112.0,34.8378331045583,0.0,0
train/4-00/27.jpg,112.0,112.0,112.0,65.6103459810272,0.0,0
train/4-00/28.jpg,112.0,112.0,112.0,33.83990788132347,0.0,0
train/4-00/3.jpg,112.0,112.0,172.40695324215582,112.0,90.0,1
train/4-00/31.jpg,112.0,112.0,112.0,177.12296062065974,180.0,2
train/4-00/32.jpg,112.0,112.0,177.19202405202648,112.0,90.0,1
train/4-00/33.jpg,112.0,112.0,184.24956747275377,112.0,90.0,1
train/4-00/34.jpg,112.0,112.0,112.0,22.797982085605256,0.0,0
train/4-00/37.jpg,112.0,112.0,47.875121832474406,112.0,270.0,3
train/4-00/38.jpg,112.0,112.0,20.912130335592977,112.0,270.0,3
train/4-00/4.jpg,112.0,112.0,112.0,30.845825738906072,0.0,0
train/4-00/42.jpg,112.0,112.0,112.0,15.812682748711609,0.0,0
train/4-00/44.jpg,112.0,112.0,203.19758768739445,112.0,90.0,1
train/4-00/45.jpg,112.0,112.0,112.0,26.85306817036799,0.0,0
train/4-00/46.jpg,112.0,112.0,112.0,184.11102550927976,180.0,2
train/4-00/48.jpg,112.0,112.0,112.0,47.719365280047214,0.0,0
train/4-00/50.jpg,112.0,112.0,53.78488168868847,112.0,270.0,3
train/4-00/51.jpg,112.0,112.0,112.0,19.864230615900325,0.0,0
train/4-00/53.jpg,112.0,112.0,87.48469865573747,112.0,270.0,3
train/4-00/55.jpg,112.0,112.0,112.0,9.955891889830312,0.0,0
train/4-00/56.jpg,112.0,112.0,112.0,191.1012010022604,180.0,2
train/4-00/6.jpg,112.0,112.0,112.0,46.80797594797352,0.0,0
train/4-00/60.jpg,112.0,112.0,112.0,35.835703902681544,0.0,0
train/4-00/61.jpg,112.0,112.0,112.0,34.8378331045583,0.0,0
train/4-00/62.jpg,112.0,112.0,32.898798997739604,112.0,270.0,3
train/4-00/63.jpg,112.0,112.0,190.1600921186765,112.0,90.0,1
train/4-00/64.jpg,112.0,112.0,112.0,198.09297300012355,180.0,2
train/4-00/65.jpg,112.0,112.0,112.0,45.72783389687643,0.0,0
train/4-00/66.jpg,112.0,112.0,112.0,48.80189876270016,0.0,0
train/4-00/67.jpg,112.0,112.0,19.9130845342293,112.0,270.0,3
train/4-00/69.jpg,112.0,112.0,44.88070322180066,112.0,270.0,3
train/4-00/7.jpg,112.0,112.0,112.0,46.72366431852964,0.0,0
train/4-00/72.jpg,112.0,112.0,112.0,21.800221729762555,0.0,0
train/4-00/73.jpg,112.0,112.0,166.230987451825,112.0,90.0,1
train/4-00/76.jpg,112.0,112.0,112.0,32.8419302913468,0.0,0
train/4-00/79.jpg,112.0,112.0,112.0,54.78112199632013,0.0,0
train/4-00/8.jpg,112.0,112.0,216.12012293500237,112.0,90.0,1
train/4-00/82.jpg,112.0,112.0,31.90006242199685,112.0,270.0,3
train/4-00/84.jpg,112.0,112.0,45.81087702650835,112.0,270.0,3
train/4-00/85.jpg,112.0,112.0,112.0,167.14526271584896,180.0,2
train/4-00/86.jpg,112.0,112.0,112.0,190.10249675906653,180.0,2
train/4-00/87.jpg,112.0,112.0,112.0,34.8378331045583,0.0,0
train/4-00/89.jpg,112.0,112.0,112.0,46.72366431852964,0.0,0
train/4-00/9.jpg,112.0,112.0,112.0,46.80797594797352,0.0,0
train/4-00/91.jpg,112.0,112.0,112.0,169.21887800367986,180.0,2
train/4-00/92.jpg,112.0,112.0,112.0,16.868512047797765,0.0,0
train/4-00/93.jpg,112.0,112.0,112.0,34.8378331045583,0.0,0
train/4-00/94.jpg,112.0,112.0,46.87703937934026,112.0,270.0,3
train/4-00/95.jpg,112.0,112.0,112.0,196.09518416651457,180.0,2
train/4-00/96.jpg,112.0,112.0,45.81087702650835,112.0,270.0,3
train/4-00/97.jpg,112.0,112.0,18.914018241198107,112.0,270.0,3
train/4-00/98.jpg,112.0,112.0,112.0,177.12296062065974,180.0,2
train/4-00/99.jpg,112.0,112.0,43.81642426507686,112.0,270.0,3
train/4-05/1.jpg,112.0,112.0,112.0,182.6823881882892,180.0,2
train/4-05/10.jpg,112.0,112.0,11.815170809148952,112.0,270.0,3
train/4-05/12.jpg,112.0,112.0,112.0,8.535030082641015,0.0,0
train/4-05/16.jpg,112.0,112.0,112.0,209.4935895328508,180.0,2
train/4-05/17.jpg,112.0,112.0,214.62553288534,112.0,90.0,1
train/4-05/18.jpg,112.0,112.0,112.0,21.30270125301415,0.0,0
train/4-05/19.jpg,112.0,112.0,16.286887000787615,112.0,270.0,3
train/4-05/2.jpg,112.0,112.0,21.21453860887196,112.0,270.0,3
train/4-05/21.jpg,112.0,112.0,112.0,15.849076967509047,0.0,0
train/4-05/26.jpg,112.0,112.0,112.0,12.717574566290937,0.0,0
train/4-05/28.jpg,112.0,112.0,112.0,203.6787870774914,180.0,2
train/4-05/30.jpg,112.0,112.0,112.0,19.88594026968522,0.0,0
train/4-05/31.jpg,112.0,112.0,112.0,194.73451516749225,180.0,2
train/4-05/32.jpg,112.0,112.0,17.189663010829875,112.0,270.0,3
train/4-05/33.jpg,112.0,112.0,204.5742944882649,112.0,90.0,1
train/4-05/34.jpg,112.0,112.0,112.0,24.63295815926924,0.0,0
train/4-05/37.jpg,112.0,112.0,112.0,208.60227740586657,180.0,2
train/4-05/38.jpg,112.0,112.0,112.0,200.54942122905152,180.0,2
train/4-05/40.jpg,112.0,112.0,112.0,22.412054382299843,0.0,0
train/4-05/44.jpg,112.0,112.0,204.3579991121505,112.0,90.0,1
train/4-05/46.jpg,112.0,112.0,112.0,21.5732340509736,0.0,0
train/4-05/47.jpg,112.0,112.0,7.798272567101847,112.0,270.0,3
train/4-05/48.jpg,112.0,112.0,112.0,6.009434382111166,0.0,0
train/4-05/49.jpg,112.0,112.0,112.0,21.66174675144532,0.0,0
train/4-05/5.jpg,112.0,112.0,112.0,22.412054382299843,0.0,0
train/4-05/51.jpg,112.0,112.0,201.58794561770011,112.0,90.0,1
train/4-05/52.jpg,112.0,112.0,112.0,203.2414379544733,180.0,2
train/4-05/53.jpg,112.0,112.0,112.0,6.90480505750989,0.0,0
train/4-05/57.jpg,112.0,112.0,112.0,218.2308806327049,180.0,2
train/4-05/59.jpg,112.0,112.0,112.0,80.3772233983162,0.0,0
train/4-05/60.jpg,112.0,112.0,112.0,7.798272567101847,0.0,0
train/4-05/61.jpg,112.0,112.0,20.32121292250862,112.0,270.0,3
train/4-05/62.jpg,112.0,112.0,112.0,20.731166327162924,0.0,0
train/4-05/63.jpg,112.0,112.0,112.0,22.412054382299843,0.0,0
train/4-05/64.jpg,112.0,112.0,22.557280900008408,112.0,270.0,3
train/4-05/69.jpg,112.0,112.0,112.0,6.449064428589736,0.0,0
train/4-05/7.jpg,112.0,112.0,112.0,21.5732340509736,0.0,0
train/4-05/71.jpg,112.0,112.0,201.0,112.0,90.0,1
train/4-05/72.jpg,112.0,112.0,112.0,201.8943824718764,180.0,2
train/4-05/73.jpg,112.0,112.0,112.0,24.63295815926924,0.0,0
train/4-05/74.jpg,112.0,112.0,112.0,20.76404217634365,0.0,0
train/4-05/75.jpg,112.0,112.0,112.0,202.785461391128,180.0,2
train/4-05/78.jpg,112.0,112.0,112.0,22.11117978302308,0.0,0
train/4-05/8.jpg,112.0,112.0,112.0,213.07423014794625,180.0,2
train/4-05/80.jpg,112.0,112.0,112.0,38.175884698833,0.0,0
train/4-05/82.jpg,112.0,112.0,112.0,212.18482919085105,180.0,2
train/4-05/83.jpg,112.0,112.0,112.0,202.785461391128,180.0,2
train/4-05/85.jpg,112.0,112.0,21.66174675144532,112.0,270.0,3
train/4-05/86.jpg,112.0,112.0,19.42570551173506,112.0,270.0,3
train/4-05/87.jpg,112.0,112.0,112.0,12.717574566290937,0.0,0
train/4-05/9.jpg,112.0,112.0,112.0,30.140364036968748,0.0,0
train/4-05/91.jpg,112.0,112.0,112.0,20.76404217634365,0.0,0
train/4-05/92.jpg,112.0,112.0,112.0,200.54942122905152,180.0,2
train/4-05/93.jpg,112.0,112.0,112.0,200.54942122905152,180.0,2
train/4-05/95.jpg,112.0,112.0,112.0,9.584180909392714,0.0,0
train/4-05/96.jpg,112.0,112.0,112.0,36.84682308777626,0.0,0
train/4-05/97.jpg,112.0,112.0,112.0,18.8066525979456,0.0,0
train/4-10/0.jpg,112.0,112.0,112.0,10.211002559215656,0.0,0
train/4-10/1.jpg,112.0,112.0,112.0,37.36756737181884,0.0,0
train/4-10/12.jpg,112.0,112.0,181.8927750200262,112.0,90.0,1
train/4-10/14.jpg,112.0,112.0,163.62363799656123,112.0,90.0,1
train/4-10/15.jpg,112.0,112.0,112.0,21.027476675646724,0.0,0
train/4-10/18.jpg,112.0,112.0,112.0,20.474047396380517,0.0,0
train/4-10/19.jpg,112.0,112.0,112.0,18.255666837936275,0.0,0
train/4-10/2.jpg,112.0,112.0,13.161748295510606,112.0,270.0,3
train/4-10/21.jpg,112.0,112.0,112.0,28.513474141032788,0.0,0
train/4-10/22.jpg,112.0,112.0,53.862232585005465,112.0,270.0,3
train/4-10/23.jpg,112.0,112.0,21.86121811340027,112.0,270.0,3
train/4-10/24.jpg,112.0,112.0,112.0,196.5990543682375,180.0,2
train/4-10/26.jpg,112.0,112.0,112.0,196.5990543682375,180.0,2
train/4-10/27.jpg,112.0,112.0,204.9139386744529,112.0,90.0,1
train/4-10/28.jpg,112.0,112.0,112.0,14.650115562472294,0.0,0
train/4-10/29.jpg,112.0,112.0,112.0,205.1933474020544,180.0,2
train/4-10/30.jpg,112.0,112.0,112.0,26.297024555736684,0.0,0
train/4-10/31.jpg,112.0,112.0,112.0,29.90249699290483,0.0,0
train/4-10/32.jpg,112.0,112.0,112.0,218.2308806327049,180.0,2
train/4-10/33.jpg,112.0,112.0,26.297024555736684,112.0,270.0,3
train/4-10/36.jpg,112.0,112.0,112.0,7.692761516757613,0.0,0
train/4-10/37.jpg,112.0,112.0,43.5529401654096,112.0,270.0,3
train/4-10/38.jpg,112.0,112.0,112.0,21.86121811340027,0.0,0
train/4-10/4.jpg,112.0,112.0,112.0,12.430928496846974,0.0,0
train/4-10/40.jpg,112.0,112.0,112.0,20.474047396380517,0.0,0
train/4-10/42.jpg,112.0,112.0,112.0,182.7248188403477,180.0,2
train/4-10/44.jpg,112.0,112.0,112.0,215.46496991735896,180.0,2
train/4-10/45.jpg,112.0,112.0,112.0,16.286887000787615,0.0,0
train/4-10/46.jpg,112.0,112.0,112.0,19.642000887849463,0.0,0
train/4-10/47.jpg,112.0,112.0,112.0,15.397722594133429,0.0,0
train/4-10/48.jpg,112.0,112.0,112.0,203.80958555619344,180.0,2
train/4-10/49.jpg,112.0,112.0,21.86121811340027,112.0,270.0,3
train/4-10/50.jpg,112.0,112.0,187.71657678474375,112.0,90.0,1
train/4-10/51.jpg,112.0,112.0,21.86121811340027,112.0,270.0,3
train/4-10/52.jpg,112.0,112.0,112.0,188.55063683601853,180.0,2
train/4-10/53.jpg,112.0,112.0,182.45565981523413,112.0,90.0,1
train/4-10/57.jpg,112.0,112.0,81.5861873485089,112.0,270.0,3
train/4-10/58.jpg,112.0,112.0,5.76911936729509,112.0,270.0,3
train/4-10/6.jpg,112.0,112.0,20.19041444380657,112.0,270.0,3
train/4-10/61.jpg,112.0,112.0,214.62553288534,112.0,90.0,1
train/4-10/62.jpg,112.0,112.0,112.0,29.90249699290483,0.0,0
train/4-10/63.jpg,112.0,112.0,112.0,20.758562045526705,0.0,0
train/4-10/64.jpg,112.0,112.0,112.0,20.758562045526705,0.0,0
train/4-10/66.jpg,112.0,112.0,112.0,32.118838265833915,0.0,0
train/4-10/67.jpg,112.0,112.0,112.0,188.55063683601853,180.0,2
train/4-10/69.jpg,112.0,112.0,187.71657678474375,112.0,90.0,1
train/4-10/71.jpg,112.0,112.0,20.32121292250862,112.0,270.0,3
train/4-10/72.jpg,112.0,112.0,112.0,6.881019791856815,0.0,0
train/4-10/75.jpg,112.0,112.0,112.0,201.58794561770011,180.0,2
train/4-10/76.jpg,112.0,112.0,112.0,201.8888202169769,180.0,2
train/4-10/78.jpg,112.0,112.0,112.0,23.45057877094848,0.0,0
train/4-10/8.jpg,112.0,112.0,112.0,10.211002559215656,0.0,0
train/4-10/82.jpg,112.0,112.0,12.430928496846974,112.0,270.0,3
train/4-10/83.jpg,112.0,112.0,112.0,35.72418469790047,0.0,0
train/4-10/85.jpg,112.0,112.0,112.0,21.21453860887196,0.0,0
train/4-10/89.jpg,112.0,112.0,184.11102550927976,112.0,90.0,1
train/4-10/9.jpg,112.0,112.0,112.0,34.3340486442096,0.0,0
train/4-10/90.jpg,112.0,112.0,201.044932477935,112.0,90.0,1
train/4-10/91.jpg,112.0,112.0,112.0,34.3340486442096,0.0,0
train/4-10/92.jpg,112.0,112.0,112.0,16.286887000787615,0.0,0
train/4-10/93.jpg,112.0,112.0,19.42570551173506,112.0,270.0,3
train/4-10/97.jpg,112.0,112.0,112.0,8.8253907203909,0.0,0
train/4-10/98.jpg,112.0,112.0,112.0,215.46496991735896,180.0,2
train/4-10/99.jpg,112.0,112.0,112.0,42.36523856578526,0.0,0
train/4-15/1.jpg,112.0,112.0,168.22277118748238,112.0,90.0,1
train/4-15/10.jpg,112.0,112.0,112.0,198.09297300012355,180.0,2
train/4-15/12.jpg,112.0,112.0,112.0,40.74692989070576,0.0,0
train/4-15/15.jpg,112.0,112.0,203.08786966440704,112.0,90.0,1
train/4-15/16.jpg,112.0,112.0,112.0,191.1012010022604,180.0,2
train/4-15/17.jpg,112.0,112.0,112.0,22.797982085605256,0.0,0
train/4-15/18.jpg,112.0,112.0,112.0,54.6850804763716,0.0,0
train/4-15/19.jpg,112.0,112.0,112.0,196.09518416651457,180.0,2
train/4-15/2.jpg,112.0,112.0,112.0,27.7859869142908,0.0,0
train/4-15/20.jpg,112.0,112.0,112.0,15.812682748711609,0.0,0
train/4-15/21.jpg,112.0,112.0,213.1236866416568,112.0,90.0,1
train/4-15/23.jpg,112.0,112.0,175.12685640834653,112.0,90.0,1
train/4-15/24.jpg,112.0,112.0,112.0,191.1012010022604,180.0,2
train/4-15/25.jpg,112.0,112.0,205.0859817588019,112.0,90.0,1
train/4-15/26.jpg,112.0,112.0,30.7780817759147,112.0,270.0,3
train/4-15/27.jpg,112.0,112.0,112.0,62.50252531694167,0.0,0
train/4-15/29.jpg,112.0,112.0,112.0,19.73407996448526,0.0,0
train/4-15/30.jpg,112.0,112.0,112.0,204.0869154657707,180.0,2
train/4-15/31.jpg,112.0,112.0,112.0,30.7780817759147,0.0,0
train/4-15/32.jpg,112.0,112.0,183.1125867902441,112.0,90.0,1
train/4-15/33.jpg,112.0,112.0,17.739722045816137,112.0,270.0,3
train/4-15/34.jpg,112.0,112.0,112.0,196.09518416651457,180.0,2
train/4-15/35.jpg,112.0,112.0,112.0,150.47076812334268,180.0,2
train/4-15/37.jpg,112.0,112.0,112.0,189.1038261048049,180.0,2
train/4-15/38.jpg,112.0,112.0,112.0,203.08786966440704,180.0,2
train/4-15/4.jpg,112.0,112.0,112.0,200.09086218218096,180.0,2
train/4-15/40.jpg,112.0,112.0,112.0,171.13543776789007,180.0,2
train/4-15/44.jpg,112.0,112.0,112.0,215.12128781197413,180.0,2
train/4-15/47.jpg,112.0,112.0,112.0,215.12128781197413,180.0,2
train/4-15/48.jpg,112.0,112.0,44.63532082760284,112.0,270.0,3
train/4-15/49.jpg,112.0,112.0,168.1426753904728,112.0,90.0,1
train/4-15/5.jpg,112.0,112.0,112.0,34.68247287968917,0.0,0
train/4-15/50.jpg,112.0,112.0,112.0,47.61832558872051,0.0,0
train/4-15/51.jpg,112.0,112.0,21.800221729762555,112.0,270.0,3
train/4-15/53.jpg,112.0,112.0,112.0,180.18357573492312,180.0,2
train/4-15/54.jpg,112.0,112.0,112.0,22.94945255642726,0.0,0
train/4-15/56.jpg,112.0,112.0,112.0,217.07616285342743,180.0,2
train/4-15/61.jpg,112.0,112.0,208.13012014972207,112.0,90.0,1
train/4-15/62.jpg,112.0,112.0,192.0999375780032,112.0,90.0,1
train/4-15/63.jpg,112.0,112.0,112.0,28.7053423081648,0.0,0
train/4-15/64.jpg,112.0,112.0,206.0850678907126,112.0,90.0,1
train/4-15/66.jpg,112.0,112.0,112.0,20.802412312605554,0.0,0
train/4-15/67.jpg,112.0,112.0,112.0,21.800221729762555,0.0,0
train/4-15/69.jpg,112.0,112.0,185.10950690573696,112.0,90.0,1
train/4-15/7.jpg,112.0,112.0,112.0,22.797982085605256,0.0,0
train/4-15/70.jpg,112.0,112.0,112.0,197.09406559801923,180.0,2
train/4-15/72.jpg,112.0,112.0,203.08786966440704,112.0,90.0,1
train/4-15/73.jpg,112.0,112.0,172.13318551349164,112.0,90.0,1
train/4-15/75.jpg,112.0,112.0,112.0,195.0963296421689,180.0,2
train/4-15/76.jpg,112.0,112.0,112.0,193.0987052917616,180.0,2
train/4-15/78.jpg,112.0,112.0,112.0,22.797982085605256,0.0,0
train/4-15/80.jpg,112.0,112.0,187.1664818918645,112.0,90.0,1
train/4-15/81.jpg,112.0,112.0,112.0,138.30589287593182,180.0,2
train/4-15/82.jpg,112.0,112.0,112.0,15.812682748711609,0.0,0
train/4-15/83.jpg,112.0,112.0,112.0,24.718845103882813,0.0,0
train/4-15/84.jpg,112.0,112.0,112.0,32.69047976440659,0.0,0
train/4-15/85.jpg,112.0,112.0,112.0,48.71493067081304,0.0,0
train/4-15/86.jpg,112.0,112.0,112.0,28.78341511453381,0.0,0
train/4-15/87.jpg,112.0,112.0,112.0,31.77531551947368,0.0,0
train/4-15/88.jpg,112.0,112.0,112.0,17.80870528546707,0.0,0
train/4-15/89.jpg,112.0,112.0,112.0,185.10950690573696,180.0,2
train/4-15/90.jpg,112.0,112.0,112.0,23.79569171520022,0.0,0
train/4-15/91.jpg,112.0,112.0,112.0,22.72514351733743,0.0,0
train/4-15/92.jpg,112.0,112.0,112.0,204.0869154657707,180.0,2
train/4-15/96.jpg,112.0,112.0,112.0,33.68652734043778,0.0,0
train/4-15/99.jpg,112.0,112.0,112.0,39.6605225343727,0.0,0
train/4-20/0.jpg,112.0,112.0,213.5332457867865,112.0,90.0,1
train/4-20/1.jpg,112.0,112.0,35.94081252077433,112.0,270.0,3
train/4-20/10.jpg,112.0,112.0,205.47726996441435,112.0,90.0,1
train/4-20/13.jpg,112.0,112.0,112.0,202.33825324855468,180.0,2
train/4-20/14.jpg,112.0,112.0,169.27128425310542,112.0,90.0,1
train/4-20/15.jpg,112.0,112.0,112.0,23.897786633932967,0.0,0
train/4-20/16.jpg,112.0,112.0,112.0,18.52807908253945,0.0,0
train/4-20/18.jpg,112.0,112.0,112.0,55.140524096682,0.0,0
train/4-20/2.jpg,112.0,112.0,112.0,29.707837554236065,0.0,0
train/4-20/20.jpg,112.0,112.0,112.0,202.33825324855468,180.0,2
train/4-20/21.jpg,112.0,112.0,17.628394100767792,112.0,270.0,3
train/4-20/24.jpg,112.0,112.0,112.0,31.04322140796361,0.0,0
train/4-20/26.jpg,112.0,112.0,17.189663010829875,112.0,270.0,3
train/4-20/28.jpg,112.0,112.0,112.0,33.2789735839274,0.0,0
train/4-20/30.jpg,112.0,112.0,112.0,204.13034245024815,180.0,2
train/4-20/31.jpg,112.0,112.0,112.0,186.2495791233863,180.0,2
train/4-20/33.jpg,112.0,112.0,112.0,35.51470729610823,0.0,0
train/4-20/34.jpg,112.0,112.0,112.0,10.03431949915698,0.0,0
train/4-20/35.jpg,112.0,112.0,112.0,26.244533701926613,0.0,0
train/4-20/37.jpg,112.0,112.0,112.0,36.84682308777626,0.0,0
train/4-20/4.jpg,112.0,112.0,194.73451516749225,112.0,90.0,1
train/4-20/40.jpg,112.0,112.0,171.50630218724734,112.0,90.0,1
train/4-20/42.jpg,112.0,112.0,112.0,22.557280900008408,0.0,0
train/4-20/44.jpg,112.0,112.0,112.0,13.613008990009249,0.0,0
train/4-20/46.jpg,112.0,112.0,22.10005561736982,112.0,270.0,3
train/4-20/47.jpg,112.0,112.0,13.156689654787456,112.0,270.0,3
train/4-20/50.jpg,112.0,112.0,47.52519872074052,112.0,270.0,3
train/4-20/51.jpg,112.0,112.0,199.2066511224918,112.0,90.0,1
train/4-20/52.jpg,112.0,112.0,112.0,183.58910531638176,180.0,2
train/4-20/53.jpg,112.0,112.0,112.0,24.33586822422754,0.0,0
train/4-20/55.jpg,112.0,112.0,112.0,21.175994362723685,0.0,0
train/4-20/56.jpg,112.0,112.0,14.056138528236488,112.0,270.0,3
train/4-20/57.jpg,112.0,112.0,51.07381515308873,112.0,270.0,3
train/4-20/60.jpg,112.0,112.0,112.0,197.42833253669417,180.0,2
train/4-20/61.jpg,112.0,112.0,211.72963451251587,112.0,90.0,1
train/4-20/62.jpg,112.0,112.0,112.0,204.5742944882649,180.0,2
train/4-20/65.jpg,112.0,112.0,155.18564576337835,112.0,90.0,1
train/4-20/66.jpg,112.0,112.0,32.37588305042247,112.0,270.0,3
train/4-20/7.jpg,112.0,112.0,112.0,25.235952146064548,0.0,0
train/4-20/71.jpg,112.0,112.0,32.37588305042247,112.0,270.0,3
train/4-20/72.jpg,112.0,112.0,112.0,23.897786633932967,0.0,0
train/4-20/74.jpg,112.0,112.0,202.785461391128,112.0,90.0,1
train/4-20/75.jpg,112.0,112.0,112.0,18.085144945008835,0.0,0
train/4-20/76.jpg,112.0,112.0,20.32121292250862,112.0,270.0,3
train/4-20/78.jpg,112.0,112.0,112.0,21.66174675144532,0.0,0
train/4-20/79.jpg,112.0,112.0,55.140524096682,112.0,270.0,3
train/4-20/8.jpg,112.0,112.0,112.0,21.66174675144532,0.0,0
train/4-20/80.jpg,112.0,112.0,188.4852927038918,112.0,90.0,1
train/4-20/81.jpg,112.0,112.0,112.0,183.1125867902441,180.0,2
train/4-20/82.jpg,112.0,112.0,112.0,19.42570551173506,0.0,0
train/4-20/83.jpg,112.0,112.0,112.0,25.66924070761337,0.0,0
train/4-20/84.jpg,112.0,112.0,112.0,39.986112450444665,0.0,0
train/4-20/85.jpg,112.0,112.0,51.99166724529001,112.0,270.0,3
train/4-20/86.jpg,112.0,112.0,112.0,203.23595782365635,180.0,2
train/4-20/87.jpg,112.0,112.0,31.04322140796361,112.0,270.0,3
train/4-20/88.jpg,112.0,112.0,112.0,33.2789735839274,0.0,0
train/4-20/89.jpg,112.0,112.0,112.0,25.235952146064548,0.0,0
train/4-20/9.jpg,112.0,112.0,112.0,38.175884698833,0.0,0
train/4-20/90.jpg,112.0,112.0,112.0,22.105617528123588,0.0,0
train/4-20/91.jpg,112.0,112.0,179.11929677819933,112.0,90.0,1
train/4-20/92.jpg,112.0,112.0,200.54942122905152,112.0,90.0,1
train/4-20/93.jpg,112.0,112.0,112.0,25.235952146064548,0.0,0
train/4-20/95.jpg,112.0,112.0,112.0,11.376941012509462,0.0,0
train/4-20/96.jpg,112.0,112.0,112.0,39.986112450444665,0.0,0
train/4-20/97.jpg,112.0,112.0,112.0,210.3869910099908,180.0,2
train/4-20/99.jpg,112.0,112.0,112.0,48.02344179310675,0.0,0
train/4-25/0.jpg,112.0,112.0,112.0,22.10005561736982,0.0,0
train/4-25/10.jpg,112.0,112.0,112.0,23.897786633932967,0.0,0
train/4-25/12.jpg,112.0,112.0,112.0,22.557280900008408,0.0,0
train/4-25/13.jpg,112.0,112.0,112.0,23.0,0.0,0
train/4-25/15.jpg,112.0,112.0,112.0,20.76404217634365,0.0,0
train/4-25/16.jpg,112.0,112.0,112.0,31.94376976149826,0.0,0
train/4-25/18.jpg,112.0,112.0,200.5663593019381,112.0,90.0,1
train/4-25/19.jpg,112.0,112.0,112.0,19.42570551173506,0.0,0
train/4-25/2.jpg,112.0,112.0,112.0,25.235952146064548,0.0,0
train/4-25/20.jpg,112.0,112.0,112.0,11.376941012509462,0.0,0
train/4-25/21.jpg,112.0,112.0,112.0,215.31021246711285,180.0,2
train/4-25/23.jpg,112.0,112.0,112.0,213.2422836565829,180.0,2
train/4-25/24.jpg,112.0,112.0,112.0,31.94376976149826,0.0,0
train/4-25/26.jpg,112.0,112.0,13.613008990009249,112.0,270.0,3
train/4-25/29.jpg,112.0,112.0,7.798272567101847,112.0,270.0,3
train/4-25/3.jpg,112.0,112.0,112.0,20.293947855117,0.0,0
train/4-25/30.jpg,112.0,112.0,203.6787870774914,112.0,90.0,1
train/4-25/31.jpg,112.0,112.0,112.0,25.235952146064548,0.0,0
train/4-25/33.jpg,112.0,112.0,112.0,19.42570551173506,0.0,0
train/4-25/37.jpg,112.0,112.0,112.0,37.75042087661372,0.0,0
train/4-25/38.jpg,112.0,112.0,112.0,23.897786633932967,0.0,0
train/4-25/4.jpg,112.0,112.0,112.0,23.897786633932967,0.0,0
train/4-25/42.jpg,112.0,112.0,37.31399060064864,112.0,270.0,3
train/4-25/43.jpg,112.0,112.0,215.31021246711285,112.0,90.0,1
train/4-25/48.jpg,112.0,112.0,112.0,46.608869102912735,0.0,0
train/4-25/49.jpg,112.0,112.0,112.0,21.66174675144532,0.0,0
train/4-25/5.jpg,112.0,112.0,6.453801584329909,112.0,270.0,3
train/4-25/50.jpg,112.0,112.0,56.963648376731946,112.0,270.0,3
train/4-25/52.jpg,112.0,112.0,112.0,21.66174675144532,0.0,0
train/4-25/53.jpg,112.0,112.0,42.22177990232196,112.0,270.0,3
train/4-25/56.jpg,112.0,112.0,112.0,11.376941012509462,0.0,0
train/4-25/57.jpg,112.0,112.0,33.70568347574647,112.0,270.0,3
train/4-25/60.jpg,112.0,112.0,16.742454367121127,112.0,270.0,3
train/4-25/61.jpg,112.0,112.0,112.0,203.6787870774914,180.0,2
train/4-25/62.jpg,112.0,112.0,112.0,33.2789735839274,0.0,0
train/4-25/63.jpg,112.0,112.0,112.0,23.0,0.0,0
train/4-25/64.jpg,112.0,112.0,112.0,198.76404785393544,180.0,2
train/4-25/66.jpg,112.0,112.0,112.0,31.04322140796361,0.0,0
train/4-25/67.jpg,112.0,112.0,21.21453860887196,112.0,270.0,3
train/4-25/68.jpg,112.0,112.0,112.0,206.8103369891701,180.0,2
train/4-25/7.jpg,112.0,112.0,112.0,21.66174675144532,0.0,0
train/4-25/73.jpg,112.0,112.0,203.23595782365635,112.0,90.0,1
train/4-25/74.jpg,112.0,112.0,169.38466694161428,112.0,90.0,1
train/4-25/76.jpg,112.0,112.0,23.45057877094848,112.0,270.0,3
train/4-25/78.jpg,112.0,112.0,112.0,25.235952146064548,0.0,0
train/4-25/80.jpg,112.0,112.0,112.0,37.26714243386648,0.0,0
train/4-25/81.jpg,112.0,112.0,202.33825324855468,112.0,90.0,1
train/4-25/82.jpg,112.0,112.0,112.0,15.849076967509047,0.0,0
train/4-25/83.jpg,112.0,112.0,21.66174675144532,112.0,270.0,3
train/4-25/84.jpg,112.0,112.0,112.0,205.0215028904608,180.0,2
train/4-25/86.jpg,112.0,112.0,112.0,15.849076967509047,0.0,0
train/4-25/87.jpg,112.0,112.0,112.0,30.140364036968748,0.0,0
train/4-25/88.jpg,112.0,112.0,193.85963596303125,112.0,90.0,1
train/4-25/89.jpg,112.0,112.0,112.0,46.69303253097722,0.0,0
train/4-25/9.jpg,112.0,112.0,112.0,190.72102641607265,180.0,2
train/4-25/90.jpg,112.0,112.0,203.6787870774914,112.0,90.0,1
train/4-25/91.jpg,112.0,112.0,184.09022125087424,112.0,90.0,1
train/4-25/92.jpg,112.0,112.0,112.0,23.897786633932967,0.0,0
train/4-25/93.jpg,112.0,112.0,112.0,18.978497109539237,0.0,0
train/4-25/95.jpg,112.0,112.0,112.0,205.47192091746052,180.0,2
train/4-25/96.jpg,112.0,112.0,112.0,21.66174675144532,0.0,0
train/4-25/99.jpg,112.0,112.0,42.22177990232196,112.0,270.0,3
train/4-30/0.jpg,112.0,112.0,112.0,154.19004621945797,180.0,2
train/4-30/10.jpg,112.0,112.0,86.68202219765567,112.0,270.0,3
train/4-30/14.jpg,112.0,112.0,112.0,81.19415639850128,0.0,0
train/4-30/16.jpg,112.0,112.0,112.0,27.708837948453933,0.0,0
train/4-30/17.jpg,112.0,112.0,112.0,8.762409946764066,0.0,0
train/4-30/19.jpg,112.0,112.0,149.48332962798264,112.0,90.0,1
train/4-30/21.jpg,112.0,112.0,112.0,157.27692569068708,180.0,2
train/4-30/23.jpg,112.0,112.0,112.0,13.587602407013776,0.0,0
train/4-30/24.jpg,112.0,112.0,112.0,67.59279337765096,0.0,0
train/4-30/26.jpg,112.0,112.0,112.0,196.1486779456457,180.0,2
train/4-30/27.jpg,112.0,112.0,158.52956049652738,112.0,90.0,1
train/4-30/28.jpg,112.0,112.0,112.0,22.72514351733743,0.0,0
train/4-30/30.jpg,112.0,112.0,112.0,22.72514351733743,0.0,0
train/4-30/31.jpg,112.0,112.0,86.68202219765567,112.0,270.0,3
train/4-30/33.jpg,112.0,112.0,112.0,190.23042886243175,180.0,2
train/4-30/37.jpg,112.0,112.0,112.0,80.42469319230611,0.0,0
train/4-30/38.jpg,112.0,112.0,201.27485648266256,112.0,90.0,1
train/4-30/4.jpg,112.0,112.0,112.0,155.18564576337835,180.0,2
train/4-30/44.jpg,112.0,112.0,112.0,64.4815825179331,0.0,0
train/4-30/45.jpg,112.0,112.0,112.0,22.72514351733743,0.0,0
train/4-30/46.jpg,112.0,112.0,157.39823785126467,112.0,90.0,1
train/4-30/47.jpg,112.0,112.0,112.0,64.4815825179331,0.0,0
train/4-30/48.jpg,112.0,112.0,112.0,50.4776463389119,0.0,0
train/4-30/5.jpg,112.0,112.0,159.5184174820669,112.0,90.0,1
train/4-30/50.jpg,112.0,112.0,112.0,84.1073486380373,0.0,0
train/4-30/51.jpg,112.0,112.0,112.0,67.59279337765096,0.0,0
train/4-30/52.jpg,112.0,112.0,202.27181176868004,112.0,90.0,1
train/4-30/53.jpg,112.0,112.0,112.0,64.4815825179331,0.0,0
train/4-30/56.jpg,112.0,112.0,69.80995378054203,112.0,270.0,3
train/4-30/6.jpg,112.0,112.0,112.0,181.2603782836912,180.0,2
train/4-30/60.jpg,112.0,112.0,112.0,31.694333948344592,0.0,0
train/4-30/61.jpg,112.0,112.0,191.30952023559345,112.0,90.0,1
train/4-30/64.jpg,112.0,112.0,112.0,199.14355971613736,180.0,2
train/4-30/66.jpg,112.0,112.0,157.39823785126467,112.0,90.0,1
train/4-30/67.jpg,112.0,112.0,112.0,67.59279337765096,0.0,0
train/4-30/69.jpg,112.0,112.0,146.52535300326414,112.0,90.0,1
train/4-30/7.jpg,112.0,112.0,87.66894987880713,112.0,270.0,3
train/4-30/71.jpg,112.0,112.0,73.6724642065264,112.0,270.0,3
train/4-30/72.jpg,112.0,112.0,112.0,80.42469319230611,0.0,0
train/4-30/73.jpg,112.0,112.0,112.0,84.34136662812134,0.0,0
train/4-30/75.jpg,112.0,112.0,112.0,22.72514351733743,0.0,0
train/4-30/77.jpg,112.0,112.0,112.0,54.92110722867866,0.0,0
train/4-30/78.jpg,112.0,112.0,112.0,23.7220299281865,0.0,0
train/4-30/79.jpg,112.0,112.0,112.0,54.57178393855508,0.0,0
train/4-30/82.jpg,112.0,112.0,112.0,67.59279337765096,0.0,0
train/4-30/83.jpg,112.0,112.0,112.0,41.54434018476586,0.0,0
train/4-30/84.jpg,112.0,112.0,112.0,39.6605225343727,0.0,0
train/4-30/85.jpg,112.0,112.0,112.0,77.47464699673586,0.0,0
train/4-30/86.jpg,112.0,112.0,112.0,155.18564576337835,180.0,2
train/4-30/87.jpg,112.0,112.0,112.0,27.708837948453933,0.0,0
train/4-30/9.jpg,112.0,112.0,112.0,186.16872656315465,180.0,2
train/4-30/90.jpg,112.0,112.0,31.90006242199685,112.0,270.0,3
train/4-30/91.jpg,112.0,112.0,112.0,65.47043950347263,0.0,0
train/4-30/92.jpg,112.0,112.0,112.0,67.59279337765096,0.0,0
train/4-30/93.jpg,112.0,112.0,112.0,187.1664818918645,180.0,2
train/4-30/96.jpg,112.0,112.0,112.0,24.63295815926924,0.0,0
train/4-30/98.jpg,112.0,112.0,112.0,67.59279337765096,0.0,0
train/4-30/99.jpg,112.0,112.0,44.73187976463144,112.0,270.0,3
train/4-35/1.jpg,112.0,112.0,112.0,37.75042087661372,0.0,0
train/4-35/10.jpg,112.0,112.0,23.24753524549304,112.0,270.0,3
train/4-35/12.jpg,112.0,112.0,218.2308806327049,112.0,90.0,1
train/4-35/13.jpg,112.0,112.0,112.0,19.642000887849463,0.0,0
train/4-35/14.jpg,112.0,112.0,112.0,205.03762679690408,180.0,2
train/4-35/16.jpg,112.0,112.0,21.5732340509736,112.0,270.0,3
train/4-35/19.jpg,112.0,112.0,112.0,201.044932477935,180.0,2
train/4-35/20.jpg,112.0,112.0,112.0,16.036465258932864,0.0,0
train/4-35/21.jpg,112.0,112.0,112.0,6.605502989956818,0.0,0
train/4-35/22.jpg,112.0,112.0,112.0,22.557280900008408,0.0,0
train/4-35/23.jpg,112.0,112.0,189.82030583337487,112.0,90.0,1
train/4-35/26.jpg,112.0,112.0,112.0,192.156097709407,180.0,2
train/4-35/30.jpg,112.0,112.0,112.0,22.105617528123588,0.0,0
train/4-35/31.jpg,112.0,112.0,112.0,179.6756972627545,180.0,2
train/4-35/32.jpg,112.0,112.0,112.0,48.928611875114086,0.0,0
train/4-35/33.jpg,112.0,112.0,204.3579991121505,112.0,90.0,1
train/4-35/35.jpg,112.0,112.0,112.0,17.421989870795016,0.0,0
train/4-35/37.jpg,112.0,112.0,112.0,13.161748295510606,0.0,0
train/4-35/38.jpg,112.0,112.0,112.0,21.86121811340027,0.0,0
train/4-35/4.jpg,112.0,112.0,112.0,22.691545752935568,0.0,0
train/4-35/42.jpg,112.0,112.0,112.0,19.642000887849463,0.0,0
train/4-35/45.jpg,112.0,112.0,17.968090522418933,112.0,270.0,3
train/4-35/46.jpg,112.0,112.0,22.412054382299843,112.0,270.0,3
train/4-35/47.jpg,112.0,112.0,112.0,21.21453860887196,0.0,0
train/4-35/48.jpg,112.0,112.0,112.0,176.07807737440316,180.0,2
train/4-35/49.jpg,112.0,112.0,40.71886645121306,112.0,270.0,3
train/4-35/5.jpg,112.0,112.0,112.0,190.4920378127616,180.0,2
train/4-35/50.jpg,112.0,112.0,112.0,53.991379950907294,0.0,0
train/4-35/51.jpg,112.0,112.0,112.0,19.642000887849463,0.0,0
train/4-35/52.jpg,112.0,112.0,112.0,35.15600218624749,0.0,0
train/4-35/53.jpg,112.0,112.0,23.24753524549304,112.0,270.0,3
train/4-35/55.jpg,112.0,112.0,23.16307074194876,112.0,270.0,3
train/4-35/56.jpg,112.0,112.0,20.19041444380657,112.0,270.0,3
train/4-35/57.jpg,112.0,112.0,112.0,49.57404385994557,0.0,0
train/4-35/61.jpg,112.0,112.0,112.0,17.63369245329136,0.0,0
train/4-35/62.jpg,112.0,112.0,22.412054382299843,112.0,270.0,3
train/4-35/63.jpg,112.0,112.0,112.0,21.21453860887196,0.0,0
train/4-35/64.jpg,112.0,112.0,112.0,211.02019995940225,180.0,2
train/4-35/66.jpg,112.0,112.0,112.0,24.79334887750821,0.0,0
train/4-35/67.jpg,112.0,112.0,112.0,6.881019791856815,0.0,0
train/4-35/68.jpg,112.0,112.0,207.13148795220224,112.0,90.0,1
train/4-35/69.jpg,112.0,112.0,112.0,178.85057965343307,180.0,2
train/4-35/7.jpg,112.0,112.0,203.6787870774914,112.0,90.0,1
train/4-35/72.jpg,112.0,112.0,112.0,19.642000887849463,0.0,0
train/4-35/73.jpg,112.0,112.0,22.412054382299843,112.0,270.0,3
train/4-35/74.jpg,112.0,112.0,112.0,51.78372313070161,0.0,0
train/4-35/75.jpg,112.0,112.0,112.0,19.642000887849463,0.0,0
train/4-35/76.jpg,112.0,112.0,112.0,22.105617528123588,0.0,0
train/4-35/77.jpg,112.0,112.0,112.0,200.83692925805124,180.0,2
train/4-35/78.jpg,112.0,112.0,112.0,21.21453860887196,0.0,0
train/4-35/79.jpg,112.0,112.0,112.0,52.594613038883416,0.0,0
train/4-35/8.jpg,112.0,112.0,210.18350166906865,112.0,90.0,1
train/4-35/80.jpg,112.0,112.0,112.0,38.65151671643101,0.0,0
train/4-35/82.jpg,112.0,112.0,112.0,12.702467301548722,0.0,0
train/4-35/83.jpg,112.0,112.0,112.0,20.474047396380517,0.0,0
train/4-35/84.jpg,112.0,112.0,112.0,21.21453860887196,0.0,0
train/4-35/85.jpg,112.0,112.0,112.0,202.4267659490264,180.0,2
train/4-35/86.jpg,112.0,112.0,22.412054382299843,112.0,270.0,3
train/4-35/87.jpg,112.0,112.0,112.0,12.702467301548722,0.0,0
train/4-35/88.jpg,112.0,112.0,112.0,27.029416855007995,0.0,0
train/4-35/89.jpg,112.0,112.0,112.0,199.3670418407308,180.0,2
train/4-35/9.jpg,112.0,112.0,202.69729874698584,112.0,90.0,1
train/4-35/92.jpg,112.0,112.0,112.0,19.642000887849463,0.0,0
train/4-35/93.jpg,112.0,112.0,112.0,18.255666837936275,0.0,0
train/4-35/94.jpg,112.0,112.0,112.0,21.645144015387856,0.0,0
train/4-35/96.jpg,112.0,112.0,112.0,21.21453860887196,0.0,0
train/4-35/97.jpg,112.0,112.0,21.66174675144532,112.0,270.0,3
train/4-35/98.jpg,112.0,112.0,202.33825324855468,112.0,90.0,1
train/4-35/99.jpg,112.0,112.0,181.3541635375988,112.0,90.0,1
train/4-40/0.jpg,112.0,112.0,112.0,9.584180909392714,0.0,0
train/4-40/1.jpg,112.0,112.0,112.0,187.58438992278764,180.0,2
train/4-40/10.jpg,112.0,112.0,112.0,25.46676938886425,0.0,0
train/4-40/12.jpg,112.0,112.0,112.0,17.189663010829875,0.0,0
train/4-40/15.jpg,112.0,112.0,21.027476675646724,112.0,270.0,3
train/4-40/17.jpg,112.0,112.0,25.235952146064548,112.0,270.0,3
train/4-40/19.jpg,112.0,112.0,112.0,18.8066525979456,0.0,0
train/4-40/21.jpg,112.0,112.0,203.6787870774914,112.0,90.0,1
train/4-40/22.jpg,112.0,112.0,112.0,53.47650044640187,0.0,0
train/4-40/23.jpg,112.0,112.0,12.430928496846974,112.0,270.0,3
train/4-40/28.jpg,112.0,112.0,202.33825324855468,112.0,90.0,1
train/4-40/29.jpg,112.0,112.0,112.0,18.8066525979456,0.0,0
train/4-40/3.jpg,112.0,112.0,20.76404217634365,112.0,270.0,3
train/4-40/30.jpg,112.0,112.0,204.13034245024815,112.0,90.0,1
train/4-40/31.jpg,112.0,112.0,18.52807908253945,112.0,270.0,3
train/4-40/37.jpg,112.0,112.0,19.864230615900325,112.0,270.0,3
train/4-40/38.jpg,112.0,112.0,21.5732340509736,112.0,270.0,3
train/4-40/44.jpg,112.0,112.0,112.0,10.481528774316146,0.0,0
train/4-40/45.jpg,112.0,112.0,112.0,199.9204185613331,180.0,2
train/4-40/46.jpg,112.0,112.0,21.66174675144532,112.0,270.0,3
train/4-40/48.jpg,112.0,112.0,53.39965870406555,112.0,270.0,3
train/4-40/5.jpg,112.0,112.0,112.0,7.152491684351418,0.0,0
train/4-40/51.jpg,112.0,112.0,200.10221336606705,112.0,90.0,1
train/4-40/56.jpg,112.0,112.0,8.8253907203909,112.0,270.0,3
train/4-40/60.jpg,112.0,112.0,112.0,209.4935895328508,180.0,2
train/4-40/63.jpg,112.0,112.0,112.0,22.412054382299843,0.0,0
train/4-40/66.jpg,112.0,112.0,112.0,34.06412892640515,0.0,0
train/4-40/67.jpg,112.0,112.0,112.0,6.847729458656005,0.0,0
train/4-40/7.jpg,112.0,112.0,112.0,20.731166327162924,0.0,0
train/4-40/71.jpg,112.0,112.0,112.0,205.1933474020544,180.0,2
train/4-40/73.jpg,112.0,112.0,25.46676938886425,112.0,270.0,3
train/4-40/74.jpg,112.0,112.0,112.0,179.11929677819933,180.0,2
train/4-40/75.jpg,112.0,112.0,201.0,112.0,90.0,1
train/4-40/76.jpg,112.0,112.0,112.0,22.11117978302308,0.0,0
train/4-40/78.jpg,112.0,112.0,201.4427190999916,112.0,90.0,1
train/4-40/8.jpg,112.0,112.0,11.297467757756962,112.0,270.0,3
train/4-40/81.jpg,112.0,112.0,47.59503124758153,112.0,270.0,3
train/4-40/82.jpg,112.0,112.0,112.0,13.521575967118563,0.0,0
train/4-40/86.jpg,112.0,112.0,112.0,28.238433634512305,0.0,0
train/4-40/87.jpg,112.0,112.0,31.290644904075705,112.0,270.0,3
train/4-40/89.jpg,112.0,112.0,112.0,177.30696746902277,180.0,2
train/4-40/90.jpg,112.0,112.0,112.0,22.955067522065026,0.0,0
train/4-40/91.jpg,112.0,112.0,203.5259526036195,112.0,90.0,1
train/4-40/92.jpg,112.0,112.0,5.76911936729509,112.0,270.0,3
train/4-40/93.jpg,112.0,112.0,112.0,24.63295815926924,0.0,0
train/4-40/94.jpg,112.0,112.0,24.33586822422754,112.0,270.0,3
train/4-40/95.jpg,112.0,112.0,112.0,202.785461391128,180.0,2
train/4-40/97.jpg,112.0,112.0,112.0,216.00961494015831,180.0,2
train/4-40/98.jpg,112.0,112.0,206.8103369891701,112.0,90.0,1
train/4-45/0.jpg,112.0,112.0,112.0,15.745129993334883,0.0,0
train/4-45/1.jpg,112.0,112.0,192.3056660516554,112.0,90.0,1
train/4-45/12.jpg,112.0,112.0,112.0,19.73407996448526,0.0,0
train/4-45/13.jpg,112.0,112.0,112.0,77.63431944512084,0.0,0
train/4-45/15.jpg,112.0,112.0,112.0,65.7290587949629,0.0,0
train/4-45/16.jpg,112.0,112.0,112.0,154.19004621945797,180.0,2
train/4-45/17.jpg,112.0,112.0,112.0,193.2219182240853,180.0,2
train/4-45/19.jpg,112.0,112.0,112.0,5.957555667553564,0.0,0
train/4-45/2.jpg,112.0,112.0,112.0,8.762409946764066,0.0,0
train/4-45/20.jpg,112.0,112.0,112.0,65.7290587949629,0.0,0
train/4-45/21.jpg,112.0,112.0,142.4138126514911,112.0,90.0,1
train/4-45/25.jpg,112.0,112.0,112.0,31.77531551947368,0.0,0
train/4-45/26.jpg,112.0,112.0,147.22782990761706,112.0,90.0,1
train/4-45/27.jpg,112.0,112.0,26.62435944603402,112.0,270.0,3
train/4-45/29.jpg,112.0,112.0,69.57359312880715,112.0,270.0,3
train/4-45/3.jpg,112.0,112.0,46.50954267986823,112.0,270.0,3
train/4-45/33.jpg,112.0,112.0,35.835703902681544,112.0,270.0,3
train/4-45/35.jpg,112.0,112.0,112.0,26.297024555736684,0.0,0
train/4-45/37.jpg,112.0,112.0,112.0,189.2334124585985,180.0,2
train/4-45/38.jpg,112.0,112.0,112.0,22.72514351733743,0.0,0
train/4-45/4.jpg,112.0,112.0,112.0,18.914018241198107,0.0,0
train/4-45/42.jpg,112.0,112.0,112.0,76.64466094067262,0.0,0
train/4-45/45.jpg,112.0,112.0,112.0,21.72818823131996,0.0,0
train/4-45/46.jpg,112.0,112.0,112.0,33.68652734043778,0.0,0
train/4-45/47.jpg,112.0,112.0,157.27692569068708,112.0,90.0,1
train/4-45/48.jpg,112.0,112.0,112.0,66.60176214873533,0.0,0
train/4-45/49.jpg,112.0,112.0,112.0,65.7290587949629,0.0,0
train/4-45/50.jpg,112.0,112.0,112.0,68.58341330781518,0.0,0
train/4-45/51.jpg,112.0,112.0,215.12128781197413,112.0,90.0,1
train/4-45/52.jpg,112.0,112.0,112.0,200.20430828479977,180.0,2
train/4-45/53.jpg,112.0,112.0,112.0,145.37663853655727,180.0,2
train/4-45/56.jpg,112.0,112.0,112.0,16.91582676386149,0.0,0
train/4-45/57.jpg,112.0,112.0,112.0,49.87110173196373,0.0,0
train/4-45/58.jpg,112.0,112.0,70.56330128979869,112.0,270.0,3
train/4-45/60.jpg,112.0,112.0,112.0,193.15417426109397,180.0,2
train/4-45/61.jpg,112.0,112.0,112.0,68.58341330781518,0.0,0
train/4-45/62.jpg,112.0,112.0,196.2140130857092,112.0,90.0,1
train/4-45/63.jpg,112.0,112.0,112.0,67.59279337765096,0.0,0
train/4-45/64.jpg,112.0,112.0,16.91582676386149,112.0,270.0,3
train/4-45/66.jpg,112.0,112.0,112.0,32.898798997739604,0.0,0
train/4-45/67.jpg,112.0,112.0,112.0,23.63711186250191,0.0,0
train/4-45/69.jpg,112.0,112.0,68.58341330781518,112.0,270.0,3
train/4-45/7.jpg,112.0,112.0,112.0,65.7290587949629,0.0,0
train/4-45/71.jpg,112.0,112.0,112.0,66.60176214873533,0.0,0
train/4-45/73.jpg,112.0,112.0,156.55333881989094,112.0,90.0,1
train/4-45/74.jpg,112.0,112.0,61.64128675194331,112.0,270.0,3
train/4-45/75.jpg,112.0,112.0,112.0,36.67404165893407,0.0,0
train/4-45/76.jpg,112.0,112.0,155.56604182158392,112.0,90.0,1
train/4-45/77.jpg,112.0,112.0,65.82641447753922,112.0,270.0,3
train/4-45/78.jpg,112.0,112.0,203.1372591205156,112.0,90.0,1
train/4-45/79.jpg,112.0,112.0,56.85473728415105,112.0,270.0,3
train/4-45/8.jpg,112.0,112.0,65.7290587949629,112.0,270.0,3
train/4-45/80.jpg,112.0,112.0,35.835703902681544,112.0,270.0,3
train/4-45/82.jpg,112.0,112.0,112.0,17.914932109287392,0.0,0
train/4-45/83.jpg,112.0,112.0,112.0,77.47464699673586,0.0,0
train/4-45/84.jpg,112.0,112.0,189.2334124585985,112.0,90.0,1
train/4-45/85.jpg,112.0,112.0,112.0,49.60609004077401,0.0,0
train/4-45/86.jpg,112.0,112.0,112.0,26.712251759118416,0.0,0
train/4-45/87.jpg,112.0,112.0,112.0,191.1580697086532,180.0,2
train/4-45/88.jpg,112.0,112.0,191.1580697086532,112.0,90.0,1
train/4-45/89.jpg,112.0,112.0,112.0,39.6605225343727,0.0,0
train/4-45/9.jpg,112.0,112.0,112.0,78.62336146344273,0.0,0
train/4-45/90.jpg,112.0,112.0,112.0,13.979593961257237,0.0,0
train/4-45/91.jpg,112.0,112.0,112.0,64.4815825179331,0.0,0
train/4-45/92.jpg,112.0,112.0,112.0,21.72818823131996,0.0,0
train/4-45/93.jpg,112.0,112.0,112.0,55.8573246095272,0.0,0
train/4-45/94.jpg,112.0,112.0,186.16872656315465,112.0,90.0,1
train/4-45/96.jpg,112.0,112.0,112.0,68.58341330781518,0.0,0
train/4-45/98.jpg,112.0,112.0,112.0,31.90006242199685,0.0,0
train/4-50/1.jpg,112.0,112.0,112.0,186.0607858451421,180.0,2
train/4-50/10.jpg,112.0,112.0,112.0,9.374467114660009,0.0,0
train/4-50/13.jpg,112.0,112.0,112.0,19.642000887849463,0.0,0
train/4-50/14.jpg,112.0,112.0,112.0,71.14660356836902,0.0,0
train/4-50/15.jpg,112.0,112.0,112.0,29.072320664328245,0.0,0
train/4-50/16.jpg,112.0,112.0,112.0,16.036465258932864,0.0,0
train/4-50/18.jpg,112.0,112.0,112.0,13.613008990009249,0.0,0
train/4-50/19.jpg,112.0,112.0,112.0,6.453801584329909,0.0,0
train/4-50/20.jpg,112.0,112.0,112.0,19.642000887849463,0.0,0
train/4-50/21.jpg,112.0,112.0,112.0,11.376941012509462,0.0,0
train/4-50/22.jpg,112.0,112.0,25.04598916668651,112.0,270.0,3
train/4-50/24.jpg,112.0,112.0,112.0,7.9903850598416994,0.0,0
train/4-50/26.jpg,112.0,112.0,112.0,8.535030082641015,0.0,0
train/4-50/27.jpg,112.0,112.0,112.0,19.086061325547064,0.0,0
train/4-50/28.jpg,112.0,112.0,112.0,21.66174675144532,0.0,0
train/4-50/30.jpg,112.0,112.0,112.0,19.869657549751835,0.0,0
train/4-50/31.jpg,112.0,112.0,181.06518659932803,112.0,90.0,1
train/4-50/32.jpg,112.0,112.0,112.0,176.47480127925948,180.0,2
train/4-50/33.jpg,112.0,112.0,112.0,16.036465258932864,0.0,0
train/4-50/37.jpg,112.0,112.0,112.0,11.595816820214113,0.0,0
train/4-50/38.jpg,112.0,112.0,23.45057877094848,112.0,270.0,3
train/4-50/4.jpg,112.0,112.0,213.2422836565829,112.0,90.0,1
train/4-50/40.jpg,112.0,112.0,199.3670418407308,112.0,90.0,1
train/4-50/42.jpg,112.0,112.0,112.0,5.76911936729509,0.0,0
train/4-50/44.jpg,112.0,112.0,12.702467301548722,112.0,270.0,3
train/4-50/47.jpg,112.0,112.0,112.0,5.76911936729509,0.0,0
train/4-50/49.jpg,112.0,112.0,199.3670418407308,112.0,90.0,1
train/4-50/5.jpg,112.0,112.0,35.077961545471254,112.0,270.0,3
train/4-50/50.jpg,112.0,112.0,112.0,19.642000887849463,0.0,0
train/4-50/51.jpg,112.0,112.0,112.0,23.897786633932967,0.0,0
train/4-50/52.jpg,112.0,112.0,112.0,21.86121811340027,0.0,0
train/4-50/53.jpg,112.0,112.0,112.0,7.798272567101847,0.0,0
train/4-50/56.jpg,112.0,112.0,112.0,35.72418469790047,0.0,0
train/4-50/57.jpg,112.0,112.0,112.0,5.76911936729509,0.0,0
train/4-50/61.jpg,112.0,112.0,112.0,21.86121811340027,0.0,0
train/4-50/63.jpg,112.0,112.0,20.758562045526705,112.0,270.0,3
train/4-50/67.jpg,112.0,112.0,21.21453860887196,112.0,270.0,3
train/4-50/7.jpg,112.0,112.0,112.0,19.642000887849463,0.0,0
train/4-50/72.jpg,112.0,112.0,112.0,22.557280900008408,0.0,0
train/4-50/73.jpg,112.0,112.0,112.0,21.86121811340027,0.0,0
train/4-50/74.jpg,112.0,112.0,112.0,11.0445642870083,0.0,0
train/4-50/75.jpg,112.0,112.0,112.0,22.691545752935568,0.0,0
train/4-50/78.jpg,112.0,112.0,112.0,20.19041444380657,0.0,0
train/4-50/79.jpg,112.0,112.0,112.0,169.4282160614449,180.0,2
train/4-50/80.jpg,112.0,112.0,187.71657678474375,112.0,90.0,1
train/4-50/83.jpg,112.0,112.0,13.613008990009249,112.0,270.0,3
train/4-50/87.jpg,112.0,112.0,8.8253907203909,112.0,270.0,3
train/4-50/88.jpg,112.0,112.0,112.0,43.75778432670873,0.0,0
train/4-50/89.jpg,112.0,112.0,5.76911936729509,112.0,270.0,3
train/4-50/90.jpg,112.0,112.0,112.0,37.66965626340748,0.0,0
train/4-50/91.jpg,112.0,112.0,203.23595782365635,112.0,90.0,1
train/4-50/93.jpg,112.0,112.0,207.4148835350125,112.0,90.0,1
train/4-50/94.jpg,112.0,112.0,112.0,20.19041444380657,0.0,0
train/4-50/97.jpg,112.0,112.0,112.0,5.76911936729509,0.0,0
train/4-50/99.jpg,112.0,112.0,112.0,23.0,0.0,0
train/4-55/0.jpg,112.0,112.0,112.0,37.11341909260378,0.0,0
train/4-55/1.jpg,112.0,112.0,112.0,205.74433316206373,180.0,2
train/4-55/10.jpg,112.0,112.0,112.0,19.642000887849463,0.0,0
train/4-55/12.jpg,112.0,112.0,112.0,166.12947441089744,180.0,2
train/4-55/15.jpg,112.0,112.0,112.0,182.45565981523413,180.0,2
train/4-55/16.jpg,112.0,112.0,112.0,170.13776741499453,180.0,2
train/4-55/17.jpg,112.0,112.0,112.0,31.290644904075705,0.0,0
train/4-55/18.jpg,112.0,112.0,112.0,24.07958143866693,0.0,0
train/4-55/19.jpg,112.0,112.0,112.0,206.03190947758105,180.0,2
train/4-55/2.jpg,112.0,112.0,112.0,9.374467114660009,0.0,0
train/4-55/20.jpg,112.0,112.0,112.0,14.051033696112952,0.0,0
train/4-55/21.jpg,112.0,112.0,112.0,35.15600218624749,0.0,0
train/4-55/22.jpg,112.0,112.0,21.5732340509736,112.0,270.0,3
train/4-55/23.jpg,112.0,112.0,112.0,22.691545752935568,0.0,0
train/4-55/25.jpg,112.0,112.0,112.0,40.152940213255775,0.0,0
train/4-55/26.jpg,112.0,112.0,112.0,27.029416855007995,0.0,0
train/4-55/27.jpg,112.0,112.0,196.52810183601665,112.0,90.0,1
train/4-55/29.jpg,112.0,112.0,6.0,112.0,270.0,3
train/4-55/3.jpg,112.0,112.0,112.0,196.1189633792524,180.0,2
train/4-55/30.jpg,112.0,112.0,23.79569171520022,112.0,270.0,3
train/4-55/33.jpg,112.0,112.0,191.1580697086532,112.0,90.0,1
train/4-55/34.jpg,112.0,112.0,213.78899744078436,112.0,90.0,1
train/4-55/37.jpg,112.0,112.0,37.66965626340748,112.0,270.0,3
train/4-55/38.jpg,112.0,112.0,112.0,21.027476675646724,0.0,0
train/4-55/4.jpg,112.0,112.0,112.0,194.0975030070952,180.0,2
train/4-55/40.jpg,112.0,112.0,52.96611142741824,112.0,270.0,3
train/4-55/41.jpg,112.0,112.0,202.785461391128,112.0,90.0,1
train/4-55/42.jpg,112.0,112.0,112.0,218.2308806327049,180.0,2
train/4-55/43.jpg,112.0,112.0,195.4865258589672,112.0,90.0,1
train/4-55/45.jpg,112.0,112.0,112.0,5.76911936729509,0.0,0
train/4-55/46.jpg,112.0,112.0,112.0,198.53323061113576,180.0,2
train/4-55/47.jpg,112.0,112.0,112.0,52.96611142741824,0.0,0
train/4-55/5.jpg,112.0,112.0,189.6659513557904,112.0,90.0,1
train/4-55/51.jpg,112.0,112.0,112.0,198.53323061113576,180.0,2
train/4-55/52.jpg,112.0,112.0,213.5332457867865,112.0,90.0,1
train/4-55/53.jpg,112.0,112.0,178.0302960768767,112.0,90.0,1
train/4-55/57.jpg,112.0,112.0,112.0,6.009434382111166,0.0,0
train/4-55/58.jpg,112.0,112.0,112.0,5.76911936729509,0.0,0
train/4-55/6.jpg,112.0,112.0,112.0,21.21453860887196,0.0,0
train/4-55/61.jpg,112.0,112.0,112.0,34.3340486442096,0.0,0
train/4-55/62.jpg,112.0,112.0,112.0,28.513474141032788,0.0,0
train/4-55/66.jpg,112.0,112.0,183.84705978674424,112.0,90.0,1
train/4-55/67.jpg,112.0,112.0,204.3579991121505,112.0,90.0,1
train/4-55/68.jpg,112.0,112.0,112.0,14.50641046714918,0.0,0
train/4-55/73.jpg,112.0,112.0,203.2414379544733,112.0,90.0,1
train/4-55/74.jpg,112.0,112.0,112.0,169.6974869470066,180.0,2
train/4-55/76.jpg,112.0,112.0,112.0,52.5189105681478,0.0,0
train/4-55/79.jpg,112.0,112.0,40.445824720006726,112.0,270.0,3
train/4-55/81.jpg,112.0,112.0,112.0,21.027476675646724,0.0,0
train/4-55/83.jpg,112.0,112.0,112.0,11.0445642870083,0.0,0
train/4-55/84.jpg,112.0,112.0,112.0,35.72418469790047,0.0,0
train/4-55/86.jpg,112.0,112.0,112.0,27.685114007074645,0.0,0
train/4-55/87.jpg,112.0,112.0,208.1509230324909,112.0,90.0,1
train/4-55/88.jpg,112.0,112.0,112.0,184.11102550927976,180.0,2
train/4-55/9.jpg,112.0,112.0,22.412054382299843,112.0,270.0,3
train/4-55/92.jpg,112.0,112.0,205.47726996441435,112.0,90.0,1
train/4-55/95.jpg,112.0,112.0,6.3117792750772,112.0,270.0,3
train/4-55/96.jpg,112.0,112.0,36.28342321525622,112.0,270.0,3
train/4-55/98.jpg,112.0,112.0,39.888974490720216,112.0,270.0,3
train/4-55/99.jpg,112.0,112.0,42.93481340067197,112.0,270.0,3
train/5-00/0.jpg,112.0,112.0,112.0,27.8513220543543,0.0,0
train/5-00/1.jpg,112.0,112.0,158.3896540189728,112.0,90.0,1
train/5-00/13.jpg,112.0,112.0,112.0,172.13318551349164,180.0,2
train/5-00/14.jpg,112.0,112.0,112.0,61.51237775454265,0.0,0
train/5-00/16.jpg,112.0,112.0,112.0,34.8378331045583,0.0,0
train/5-00/17.jpg,112.0,112.0,112.0,33.83990788132347,0.0,0
train/5-00/18.jpg,112.0,112.0,112.0,152.19950248448356,180.0,2
train/5-00/19.jpg,112.0,112.0,112.0,5.830324480104025,0.0,0
train/5-00/2.jpg,112.0,112.0,112.0,9.877524511006882,0.0,0
train/5-00/20.jpg,112.0,112.0,112.0,28.84953397605038,0.0,0
train/5-00/21.jpg,112.0,112.0,37.831273436845365,112.0,270.0,3
train/5-00/22.jpg,112.0,112.0,112.0,203.08786966440704,180.0,2
train/5-00/25.jpg,112.0,112.0,112.0,177.06919393998976,180.0,2
train/5-00/26.jpg,112.0,112.0,112.0,12.818348471100762,0.0,0
train/5-00/27.jpg,112.0,112.0,157.39823785126467,112.0,90.0,1
train/5-00/28.jpg,112.0,112.0,189.1621668954417,112.0,90.0,1
train/5-00/29.jpg,112.0,112.0,217.1712888577486,112.0,90.0,1
train/5-00/30.jpg,112.0,112.0,112.0,203.08786966440704,180.0,2
train/5-00/31.jpg,112.0,112.0,45.87889898073384,112.0,270.0,3
train/5-00/32.jpg,112.0,112.0,112.0,45.81087702650835,0.0,0
train/5-00/33.jpg,112.0,112.0,37.831273436845365,112.0,270.0,3
train/5-00/34.jpg,112.0,112.0,112.0,28.84953397605038,0.0,0
train/5-00/35.jpg,112.0,112.0,112.0,159.8539444560216,180.0,2
train/5-00/4.jpg,112.0,112.0,192.156097709407,112.0,90.0,1
train/5-00/40.jpg,112.0,112.0,112.0,55.77722881251761,0.0,0
train/5-00/42.jpg,112.0,112.0,112.0,206.0850678907126,180.0,2
train/5-00/44.jpg,112.0,112.0,27.8513220543543,112.0,270.0,3
train/5-00/46.jpg,112.0,112.0,184.1734023030645,112.0,90.0,1
train/5-00/47.jpg,112.0,112.0,112.0,18.8066525979456,0.0,0
train/5-00/48.jpg,112.0,112.0,112.0,47.719365280047214,0.0,0
train/5-00/49.jpg,112.0,112.0,112.0,36.76038277609328,0.0,0
train/5-00/5.jpg,112.0,112.0,35.835703902681544,112.0,270.0,3
train/5-00/51.jpg,112.0,112.0,19.9130845342293,112.0,270.0,3
train/5-00/56.jpg,112.0,112.0,112.0,32.8419302913468,0.0,0
train/5-00/57.jpg,112.0,112.0,112.0,72.54116068610227,0.0,0
train/5-00/58.jpg,112.0,112.0,112.0,20.86274087948442,0.0,0
train/5-00/59.jpg,112.0,112.0,112.0,81.5861873485089,0.0,0
train/5-00/60.jpg,112.0,112.0,187.1664818918645,112.0,90.0,1
train/5-00/61.jpg,112.0,112.0,112.0,34.8378331045583,0.0,0
train/5-00/64.jpg,112.0,112.0,197.146931829632,112.0,90.0,1
train/5-00/65.jpg,112.0,112.0,112.0,178.06814663663573,180.0,2
train/5-00/66.jpg,112.0,112.0,112.0,48.80189876270016,0.0,0
train/5-00/67.jpg,112.0,112.0,112.0,19.864230615900325,0.0,0
train/5-00/69.jpg,112.0,112.0,112.0,44.813691871036696,0.0,0
train/5-00/7.jpg,112.0,112.0,112.0,46.72366431852964,0.0,0
train/5-00/72.jpg,112.0,112.0,112.0,21.800221729762555,0.0,0
train/5-00/75.jpg,112.0,112.0,112.0,21.800221729762555,0.0,0
train/5-00/76.jpg,112.0,112.0,112.0,32.8419302913468,0.0,0
train/5-00/78.jpg,112.0,112.0,112.0,20.86274087948442,0.0,0
train/5-00/80.jpg,112.0,112.0,112.0,21.72818823131996,0.0,0
train/5-00/81.jpg,112.0,112.0,112.0,19.9130845342293,0.0,0
train/5-00/82.jpg,112.0,112.0,112.0,20.802412312605554,0.0,0
train/5-00/83.jpg,112.0,112.0,112.0,212.12492197250396,180.0,2
train/5-00/86.jpg,112.0,112.0,189.1621668954417,112.0,90.0,1
train/5-00/87.jpg,112.0,112.0,112.0,34.8378331045583,0.0,0
train/5-00/88.jpg,112.0,112.0,112.0,46.80797594797352,0.0,0
train/5-00/89.jpg,112.0,112.0,48.87314359165348,112.0,270.0,3
train/5-00/9.jpg,112.0,112.0,45.87889898073384,112.0,270.0,3
train/5-00/91.jpg,112.0,112.0,53.78488168868847,112.0,270.0,3
train/5-00/93.jpg,112.0,112.0,188.16429609731847,112.0,90.0,1
train/5-00/94.jpg,112.0,112.0,112.0,13.872531878173888,0.0,0
train/5-00/95.jpg,112.0,112.0,112.0,26.85306817036799,0.0,0
train/5-00/96.jpg,112.0,112.0,112.0,46.72366431852964,0.0,0
train/5-05/1.jpg,112.0,112.0,204.9139386744529,112.0,90.0,1
train/5-05/10.jpg,112.0,112.0,202.4267659490264,112.0,90.0,1
train/5-05/12.jpg,112.0,112.0,216.00961494015831,112.0,90.0,1
train/5-05/15.jpg,112.0,112.0,23.897786633932967,112.0,270.0,3
train/5-05/16.jpg,112.0,112.0,202.4267659490264,112.0,90.0,1
train/5-05/19.jpg,112.0,112.0,112.0,20.731166327162924,0.0,0
train/5-05/22.jpg,112.0,112.0,20.32121292250862,112.0,270.0,3
train/5-05/26.jpg,112.0,112.0,112.0,209.4935895328508,180.0,2
train/5-05/27.jpg,112.0,112.0,112.0,205.9148550549912,180.0,2
train/5-05/30.jpg,112.0,112.0,19.35012142479624,112.0,270.0,3
train/5-05/32.jpg,112.0,112.0,195.19254774317227,112.0,90.0,1
train/5-05/35.jpg,112.0,112.0,59.0,112.0,270.0,3
train/5-05/37.jpg,112.0,112.0,14.95361933590722,112.0,270.0,3
train/5-05/38.jpg,112.0,112.0,19.869657549751835,112.0,270.0,3
train/5-05/4.jpg,112.0,112.0,202.4267659490264,112.0,90.0,1
train/5-05/40.jpg,112.0,112.0,112.0,22.412054382299843,0.0,0
train/5-05/42.jpg,112.0,112.0,112.0,18.506684730939185,0.0,0
train/5-05/43.jpg,112.0,112.0,6.90480505750989,112.0,270.0,3
train/5-05/45.jpg,112.0,112.0,112.0,200.54942122905152,180.0,2
train/5-05/48.jpg,112.0,112.0,112.0,22.412054382299843,0.0,0
train/5-05/49.jpg,112.0,112.0,202.33825324855468,112.0,90.0,1
train/5-05/5.jpg,112.0,112.0,112.0,20.731166327162924,0.0,0
train/5-05/50.jpg,112.0,112.0,112.0,183.1125867902441,180.0,2
train/5-05/53.jpg,112.0,112.0,112.0,7.152491684351418,0.0,0
train/5-05/57.jpg,112.0,112.0,21.86121811340027,112.0,270.0,3
train/5-05/58.jpg,112.0,112.0,112.0,14.902111248493156,0.0,0
train/5-05/59.jpg,112.0,112.0,112.0,80.3772233983162,0.0,0
train/5-05/62.jpg,112.0,112.0,201.58794561770011,112.0,90.0,1
train/5-05/63.jpg,112.0,112.0,112.0,22.412054382299843,0.0,0
train/5-05/65.jpg,112.0,112.0,112.0,24.33586822422754,0.0,0
train/5-05/66.jpg,112.0,112.0,210.3869910099908,112.0,90.0,1
train/5-05/67.jpg,112.0,112.0,202.33825324855468,112.0,90.0,1
train/5-05/69.jpg,112.0,112.0,6.009434382111166,112.0,270.0,3
train/5-05/72.jpg,112.0,112.0,7.152491684351418,112.0,270.0,3
train/5-05/73.jpg,112.0,112.0,112.0,24.63295815926924,0.0,0
train/5-05/74.jpg,112.0,112.0,112.0,31.47050229884704,0.0,0
train/5-05/78.jpg,112.0,112.0,112.0,22.11117978302308,0.0,0
train/5-05/79.jpg,112.0,112.0,112.0,169.27128425310542,180.0,2
train/5-05/81.jpg,112.0,112.0,199.6641317757725,112.0,90.0,1
train/5-05/83.jpg,112.0,112.0,112.0,12.97980004059778,0.0,0
train/5-05/84.jpg,112.0,112.0,112.0,202.785461391128,180.0,2
train/5-05/90.jpg,112.0,112.0,22.105617528123588,112.0,270.0,3
train/5-05/91.jpg,112.0,112.0,112.0,20.76404217634365,0.0,0
train/5-05/92.jpg,112.0,112.0,206.57801012920496,112.0,90.0,1
train/5-05/93.jpg,112.0,112.0,18.255666837936275,112.0,270.0,3
train/5-05/96.jpg,112.0,112.0,23.0,112.0,270.0,3
train/5-05/97.jpg,112.0,112.0,112.0,18.8066525979456,0.0,0
train/5-05/99.jpg,112.0,112.0,42.22177990232196,112.0,270.0,3
train/5-10/12.jpg,112.0,112.0,19.086061325547064,112.0,270.0,3
train/5-10/14.jpg,112.0,112.0,112.0,58.68958825895264,0.0,0
train/5-10/15.jpg,112.0,112.0,112.0,209.63708311906908,180.0,2
train/5-10/17.jpg,112.0,112.0,112.0,19.642000887849463,0.0,0
train/5-10/19.jpg,112.0,112.0,112.0,19.086061325547064,0.0,0
train/5-10/2.jpg,112.0,112.0,38.65151671643101,112.0,270.0,3
train/5-10/24.jpg,112.0,112.0,112.0,27.685114007074645,0.0,0
train/5-10/26.jpg,112.0,112.0,112.0,196.5990543682375,180.0,2
train/5-10/30.jpg,112.0,112.0,112.0,200.20430828479977,180.0,2
train/5-10/33.jpg,112.0,112.0,16.036465258932864,112.0,270.0,3
train/5-10/35.jpg,112.0,112.0,112.0,169.24508712544684,180.0,2
train/5-10/37.jpg,112.0,112.0,112.0,211.02019995940225,180.0,2
train/5-10/44.jpg,112.0,112.0,7.9903850598416994,112.0,270.0,3
train/5-10/47.jpg,112.0,112.0,112.0,215.46496991735896,180.0,2
train/5-10/48.jpg,112.0,112.0,112.0,202.9725233243533,180.0,2
train/5-10/49.jpg,112.0,112.0,112.0,11.815170809148952,0.0,0
train/5-10/52.jpg,112.0,112.0,8.535030082641015,112.0,270.0,3
train/5-10/60.jpg,112.0,112.0,7.152491684351418,112.0,270.0,3
train/5-10/61.jpg,112.0,112.0,112.0,8.8253907203909,0.0,0
train/5-10/62.jpg,112.0,112.0,112.0,28.513474141032788,0.0,0
train/5-10/64.jpg,112.0,112.0,112.0,20.758562045526705,0.0,0
train/5-10/67.jpg,112.0,112.0,215.46496991735896,112.0,90.0,1
train/5-10/88.jpg,112.0,112.0,192.156097709407,112.0,90.0,1
train/5-10/89.jpg,112.0,112.0,112.0,184.94518489934757,180.0,2
train/5-10/93.jpg,112.0,112.0,112.0,19.869657549751835,0.0,0
train/5-10/95.jpg,112.0,112.0,6.605502989956818,112.0,270.0,3
train/5-15/0.jpg,112.0,112.0,112.0,189.1038261048049,180.0,2
train/5-15/1.jpg,112.0,112.0,112.0,53.57911332408588,0.0,0
train/5-15/10.jpg,112.0,112.0,112.0,15.812682748711609,0.0,0
train/5-15/12.jpg,112.0,112.0,112.0,40.74692989070576,0.0,0
train/5-15/13.jpg,112.0,112.0,112.0,41.74332771899881,0.0,0
train/5-15/15.jpg,112.0,112.0,19.80455542707112,112.0,270.0,3
train/5-15/16.jpg,112.0,112.0,190.10249675906653,112.0,90.0,1
train/5-15/17.jpg,112.0,112.0,112.0,22.797982085605256,0.0,0
train/5-15/18.jpg,112.0,112.0,112.0,54.6850804763716,0.0,0
train/5-15/19.jpg,112.0,112.0,5.830324480104025,112.0,270.0,3
train/5-15/2.jpg,112.0,112.0,194.0975030070952,112.0,90.0,1
train/5-15/20.jpg,112.0,112.0,112.0,15.812682748711609,0.0,0
train/5-15/21.jpg,112.0,112.0,112.0,10.75771634341706,0.0,0
train/5-15/24.jpg,112.0,112.0,190.10249675906653,112.0,90.0,1
train/5-15/26.jpg,112.0,112.0,30.7780817759147,112.0,270.0,3
train/5-15/27.jpg,112.0,112.0,112.0,160.2597140480546,180.0,2
train/5-15/28.jpg,112.0,112.0,194.0975030070952,112.0,90.0,1
train/5-15/31.jpg,112.0,112.0,112.0,192.0999375780032,180.0,2
train/5-15/32.jpg,112.0,112.0,27.7859869142908,112.0,270.0,3
train/5-15/33.jpg,112.0,112.0,17.739722045816137,112.0,270.0,3
train/5-15/34.jpg,112.0,112.0,112.0,9.823681804441591,0.0,0
train/5-15/37.jpg,112.0,112.0,188.1051903617618,112.0,90.0,1
train/5-15/4.jpg,112.0,112.0,199.091905479212,112.0,90.0,1
train/5-15/40.jpg,112.0,112.0,112.0,51.70074627327466,0.0,0
train/5-15/42.jpg,112.0,112.0,183.1125867902441,112.0,90.0,1
train/5-15/44.jpg,112.0,112.0,112.0,10.75771634341706,0.0,0
train/5-15/45.jpg,112.0,112.0,112.0,199.091905479212,180.0,2
train/5-15/46.jpg,112.0,112.0,112.0,36.76038277609328,0.0,0
train/5-15/47.jpg,112.0,112.0,112.0,215.12128781197413,180.0,2
train/5-15/49.jpg,112.0,112.0,168.1426753904728,112.0,90.0,1
train/5-15/51.jpg,112.0,112.0,112.0,22.797982085605256,0.0,0
train/5-15/52.jpg,112.0,112.0,112.0,42.73962171630883,0.0,0
train/5-15/56.jpg,112.0,112.0,112.0,7.827066855156659,0.0,0
train/5-15/57.jpg,112.0,112.0,112.0,53.57911332408588,0.0,0
train/5-15/58.jpg,112.0,112.0,112.0,16.810714888701895,0.0,0
train/5-15/60.jpg,112.0,112.0,10.821939136984838,112.0,270.0,3
train/5-15/62.jpg,112.0,112.0,112.0,29.78078083562214,0.0,0
train/5-15/64.jpg,112.0,112.0,112.0,16.810714888701895,0.0,0
train/5-15/66.jpg,112.0,112.0,112.0,20.802412312605554,0.0,0
train/5-15/67.jpg,112.0,112.0,112.0,205.0859817588019,180.0,2
train/5-15/69.jpg,112.0,112.0,185.10950690573696,112.0,90.0,1
train/5-15/71.jpg,112.0,112.0,112.0,37.66965626340748,0.0,0
train/5-15/72.jpg,112.0,112.0,21.800221729762555,112.0,270.0,3
train/5-15/73.jpg,112.0,112.0,47.719365280047214,112.0,270.0,3
train/5-15/79.jpg,112.0,112.0,112.0,55.67948863868511,0.0,0
train/5-15/8.jpg,112.0,112.0,214.07840124139875,112.0,90.0,1
train/5-15/80.jpg,112.0,112.0,187.1664818918645,112.0,90.0,1
train/5-15/82.jpg,112.0,112.0,112.0,15.812682748711609,0.0,0
train/5-15/85.jpg,112.0,112.0,112.0,47.719365280047214,0.0,0
train/5-15/86.jpg,112.0,112.0,112.0,28.78341511453381,0.0,0
train/5-15/87.jpg,112.0,112.0,112.0,31.77531551947368,0.0,0
train/5-15/89.jpg,112.0,112.0,36.76038277609328,112.0,270.0,3
train/5-15/92.jpg,112.0,112.0,203.08786966440704,112.0,90.0,1
train/5-15/93.jpg,112.0,112.0,112.0,185.10950690573696,180.0,2
train/5-15/96.jpg,112.0,112.0,112.0,33.68652734043778,0.0,0
train/5-15/97.jpg,112.0,112.0,112.0,11.820161709054446,0.0,0
train/5-15/99.jpg,112.0,112.0,112.0,183.17583859709697,180.0,2
train/5-20/0.jpg,112.0,112.0,112.0,12.270365487484112,0.0,0
train/5-20/1.jpg,112.0,112.0,112.0,35.94081252077433,0.0,0
train/5-20/10.jpg,112.0,112.0,112.0,18.978497109539237,0.0,0
train/5-20/13.jpg,112.0,112.0,23.43364069806188,112.0,270.0,3
train/5-20/14.jpg,112.0,112.0,112.0,171.50630218724734,180.0,2
train/5-20/15.jpg,112.0,112.0,112.0,23.897786633932967,0.0,0
train/5-20/16.jpg,112.0,112.0,112.0,207.7078889120432,180.0,2
train/5-20/17.jpg,112.0,112.0,205.47726996441435,112.0,90.0,1
train/5-20/18.jpg,112.0,112.0,112.0,23.0,0.0,0
train/5-20/19.jpg,112.0,112.0,201.4427190999916,112.0,90.0,1
train/5-20/20.jpg,112.0,112.0,112.0,202.33825324855468,180.0,2
train/5-20/21.jpg,112.0,112.0,112.0,19.42570551173506,0.0,0
train/5-20/24.jpg,112.0,112.0,112.0,31.04322140796361,0.0,0
train/5-20/25.jpg,112.0,112.0,202.35485598461213,112.0,90.0,1
train/5-20/27.jpg,112.0,112.0,112.0,6.449064428589736,0.0,0
train/5-20/28.jpg,112.0,112.0,112.0,192.0562302385017,180.0,2
train/5-20/31.jpg,112.0,112.0,112.0,39.08223810346344,0.0,0
train/5-20/32.jpg,112.0,112.0,112.0,36.84682308777626,0.0,0
train/5-20/33.jpg,112.0,112.0,191.1580697086532,112.0,90.0,1
train/5-20/34.jpg,112.0,112.0,112.0,11.376941012509462,0.0,0
train/5-20/37.jpg,112.0,112.0,35.032474380424574,112.0,270.0,3
train/5-20/4.jpg,112.0,112.0,112.0,18.085144945008835,0.0,0
train/5-20/42.jpg,112.0,112.0,112.0,23.897786633932967,0.0,0
train/5-20/46.jpg,112.0,112.0,112.0,21.66174675144532,0.0,0
train/5-20/47.jpg,112.0,112.0,112.0,14.50641046714918,0.0,0
train/5-20/49.jpg,112.0,112.0,202.785461391128,112.0,90.0,1
train/5-20/50.jpg,112.0,112.0,112.0,51.58477013202714,0.0,0
train/5-20/51.jpg,112.0,112.0,112.0,22.557280900008408,0.0,0
train/5-20/52.jpg,112.0,112.0,112.0,43.5529401654096,0.0,0
train/5-20/53.jpg,112.0,112.0,112.0,23.0,0.0,0
train/5-20/56.jpg,112.0,112.0,112.0,15.849076967509047,0.0,0
train/5-20/57.jpg,112.0,112.0,112.0,51.99166724529001,0.0,0
train/5-20/58.jpg,112.0,112.0,112.0,180.87670143089025,180.0,2
train/5-20/60.jpg,112.0,112.0,112.0,29.707837554236065,0.0,0
train/5-20/61.jpg,112.0,112.0,10.920823113758985,112.0,270.0,3
train/5-20/62.jpg,112.0,112.0,112.0,20.32121292250862,0.0,0
train/5-20/63.jpg,112.0,112.0,112.0,23.0,0.0,0
train/5-20/66.jpg,112.0,112.0,112.0,33.2789735839274,0.0,0
train/5-20/67.jpg,112.0,112.0,39.501724158432566,112.0,270.0,3
train/5-20/69.jpg,112.0,112.0,188.92203845452875,112.0,90.0,1
train/5-20/7.jpg,112.0,112.0,47.11548720996666,112.0,270.0,3
train/5-20/71.jpg,112.0,112.0,112.0,33.2789735839274,0.0,0
train/5-20/72.jpg,112.0,112.0,21.66174675144532,112.0,270.0,3
train/5-20/73.jpg,112.0,112.0,112.0,52.90685318922337,0.0,0
train/5-20/75.jpg,112.0,112.0,206.36630754670864,112.0,90.0,1
train/5-20/76.jpg,112.0,112.0,112.0,204.13034245024815,180.0,2
train/5-20/78.jpg,112.0,112.0,112.0,23.79569171520022,0.0,0
train/5-20/79.jpg,112.0,112.0,112.0,55.140524096682,0.0,0
train/5-20/8.jpg,112.0,112.0,203.6787870774914,112.0,90.0,1
train/5-20/80.jpg,112.0,112.0,112.0,36.84682308777626,0.0,0
train/5-20/81.jpg,112.0,112.0,112.0,181.3181073024935,180.0,2
train/5-20/82.jpg,112.0,112.0,112.0,19.42570551173506,0.0,0
train/5-20/83.jpg,112.0,112.0,20.76404217634365,112.0,270.0,3
train/5-20/84.jpg,112.0,112.0,27.0,112.0,270.0,3
train/5-20/85.jpg,112.0,112.0,52.90685318922337,112.0,270.0,3
train/5-20/88.jpg,112.0,112.0,31.47050229884704,112.0,270.0,3
train/5-20/91.jpg,112.0,112.0,112.0,49.35017956929166,0.0,0
train/5-20/92.jpg,112.0,112.0,21.66174675144532,112.0,270.0,3
train/5-20/93.jpg,112.0,112.0,21.66174675144532,112.0,270.0,3
train/5-20/94.jpg,112.0,112.0,202.35485598461213,112.0,90.0,1
train/5-20/96.jpg,112.0,112.0,112.0,186.2495791233863,180.0,2
train/5-20/98.jpg,112.0,112.0,186.68600939935132,112.0,90.0,1
train/5-20/99.jpg,112.0,112.0,112.0,43.5529401654096,0.0,0
train/5-25/0.jpg,112.0,112.0,112.0,17.126399878575285,0.0,0
train/5-25/1.jpg,112.0,112.0,36.54802852144948,112.0,270.0,3
train/5-25/13.jpg,112.0,112.0,112.0,185.2393336944022,180.0,2
train/5-25/14.jpg,112.0,112.0,112.0,57.594117965058224,0.0,0
train/5-25/15.jpg,112.0,112.0,112.0,194.92767933567177,180.0,2
train/5-25/16.jpg,112.0,112.0,112.0,210.18350166906865,180.0,2
train/5-25/18.jpg,112.0,112.0,112.0,199.9204185613331,180.0,2
train/5-25/19.jpg,112.0,112.0,112.0,24.63295815926924,0.0,0
train/5-25/27.jpg,112.0,112.0,21.55664756323989,112.0,270.0,3
train/5-25/28.jpg,112.0,112.0,37.93921415485791,112.0,270.0,3
train/5-25/29.jpg,112.0,112.0,112.0,6.3117792750772,0.0,0
train/5-25/3.jpg,112.0,112.0,112.0,51.78372313070161,0.0,0
train/5-25/31.jpg,112.0,112.0,112.0,180.24221567329127,180.0,2
train/5-25/32.jpg,112.0,112.0,178.85057965343307,112.0,90.0,1
train/5-25/38.jpg,112.0,112.0,24.07958143866693,112.0,270.0,3
train/5-25/40.jpg,112.0,112.0,112.0,217.3944970100432,180.0,2
train/5-25/42.jpg,112.0,112.0,217.6882207249228,112.0,90.0,1
train/5-25/44.jpg,112.0,112.0,7.152491684351418,112.0,270.0,3
train/5-25/47.jpg,112.0,112.0,211.8599018625594,112.0,90.0,1
train/5-25/5.jpg,112.0,112.0,5.76911936729509,112.0,270.0,3
train/5-25/58.jpg,112.0,112.0,202.4267659490264,112.0,90.0,1
train/5-25/59.jpg,112.0,112.0,112.0,80.10956256179605,0.0,0
train/5-25/61.jpg,112.0,112.0,112.0,22.412054382299843,0.0,0
train/5-25/62.jpg,112.0,112.0,112.0,34.89617389519506,0.0,0
train/5-25/7.jpg,112.0,112.0,112.0,52.35940979500622,0.0,0
train/5-25/73.jpg,112.0,112.0,112.0,204.3579991121505,180.0,2
train/5-25/75.jpg,112.0,112.0,197.146931829632,112.0,90.0,1
train/5-25/76.jpg,112.0,112.0,201.044932477935,112.0,90.0,1
train/5-25/78.jpg,112.0,112.0,19.642000887849463,112.0,270.0,3
train/5-25/79.jpg,112.0,112.0,112.0,78.5784500658632,0.0,0
train/5-25/82.jpg,112.0,112.0,208.2548700066651,112.0,90.0,1
train/5-25/83.jpg,112.0,112.0,112.0,26.297024555736684,0.0,0
train/5-25/84.jpg,112.0,112.0,112.0,41.54434018476586,0.0,0
train/5-25/85.jpg,112.0,112.0,112.0,53.991379950907294,0.0,0
train/5-25/89.jpg,112.0,112.0,112.0,203.80958555619344,180.0,2
train/5-25/91.jpg,112.0,112.0,112.0,53.991379950907294,0.0,0
train/5-25/94.jpg,112.0,112.0,112.0,24.33586822422754,0.0,0
train/5-25/97.jpg,112.0,112.0,10.75771634341706,112.0,270.0,3
train/5-30/1.jpg,112.0,112.0,112.0,82.1671322196474,0.0,0
train/5-30/12.jpg,112.0,112.0,147.5105618091294,112.0,90.0,1
train/5-30/15.jpg,112.0,112.0,112.0,67.59279337765096,0.0,0
train/5-30/16.jpg,112.0,112.0,112.0,67.59279337765096,0.0,0
train/5-30/18.jpg,112.0,112.0,57.769012548175006,112.0,270.0,3
train/5-30/19.jpg,112.0,112.0,112.0,66.60176214873533,0.0,0
train/5-30/2.jpg,112.0,112.0,198.28441342444185,112.0,90.0,1
train/5-30/20.jpg,112.0,112.0,112.0,67.59279337765096,0.0,0
train/5-30/26.jpg,112.0,112.0,112.0,26.712251759118416,0.0,0
train/5-30/29.jpg,112.0,112.0,112.0,66.60176214873533,0.0,0
train/5-30/37.jpg,112.0,112.0,112.0,146.2344855372474,180.0,2
train/5-30/38.jpg,112.0,112.0,112.0,66.60176214873533,0.0,0
train/5-30/4.jpg,112.0,112.0,208.2548700066651,112.0,90.0,1
train/5-30/42.jpg,112.0,112.0,45.81087702650835,112.0,270.0,3
train/5-30/46.jpg,112.0,112.0,112.0,67.59279337765096,0.0,0
train/5-30/47.jpg,112.0,112.0,112.0,12.677293633328745,0.0,0
train/5-30/51.jpg,112.0,112.0,157.39823785126467,112.0,90.0,1
train/5-30/52.jpg,112.0,112.0,112.0,67.59279337765096,0.0,0
train/5-30/57.jpg,112.0,112.0,112.0,50.59967426796499,0.0,0
train/5-30/60.jpg,112.0,112.0,112.0,67.59279337765096,0.0,0
train/5-30/63.jpg,112.0,112.0,18.8066525979456,112.0,270.0,3
train/5-30/66.jpg,112.0,112.0,112.0,67.59279337765096,0.0,0
train/5-30/67.jpg,112.0,112.0,112.0,22.72514351733743,0.0,0
train/5-30/69.jpg,112.0,112.0,112.0,68.58341330781518,0.0,0
train/5-30/72.jpg,112.0,112.0,112.0,67.59279337765096,0.0,0
train/5-30/73.jpg,112.0,112.0,112.0,67.59279337765096,0.0,0
train/5-30/74.jpg,112.0,112.0,61.64128675194331,112.0,270.0,3
train/5-30/75.jpg,112.0,112.0,112.0,155.18564576337835,180.0,2
train/5-30/76.jpg,112.0,112.0,112.0,156.18144406874904,180.0,2
train/5-30/78.jpg,112.0,112.0,21.86121811340027,112.0,270.0,3
train/5-30/80.jpg,112.0,112.0,112.0,35.580107301828804,0.0,0
train/5-30/81.jpg,112.0,112.0,112.0,23.7220299281865,0.0,0
train/5-30/83.jpg,112.0,112.0,112.0,53.45087532678221,0.0,0
train/5-30/86.jpg,112.0,112.0,112.0,155.18564576337835,180.0,2
train/5-30/87.jpg,112.0,112.0,112.0,27.708837948453933,0.0,0
train/5-30/89.jpg,112.0,112.0,112.0,67.59279337765096,0.0,0
train/5-30/9.jpg,112.0,112.0,112.0,67.59279337765096,0.0,0
train/5-30/90.jpg,112.0,112.0,202.27181176868004,112.0,90.0,1
train/5-30/93.jpg,112.0,112.0,112.0,77.47464699673586,0.0,0
train/5-30/98.jpg,112.0,112.0,112.0,42.64583646240119,0.0,0
train/5-35/0.jpg,112.0,112.0,112.0,19.642000887849463,0.0,0
train/5-35/12.jpg,112.0,112.0,150.4187454245971,112.0,90.0,1
train/5-35/13.jpg,112.0,112.0,112.0,19.642000887849463,0.0,0
train/5-35/15.jpg,112.0,112.0,112.0,19.642000887849463,0.0,0
train/5-35/16.jpg,112.0,112.0,112.0,22.691545752935568,0.0,0
train/5-35/17.jpg,112.0,112.0,112.0,19.642000887849463,0.0,0
train/5-35/18.jpg,112.0,112.0,112.0,168.0357029044876,180.0,2
train/5-35/19.jpg,112.0,112.0,112.0,203.26883367283708,180.0,2
train/5-35/2.jpg,112.0,112.0,112.0,197.146931829632,180.0,2
train/5-35/24.jpg,112.0,112.0,112.0,22.691545752935568,0.0,0
train/5-35/27.jpg,112.0,112.0,62.0,112.0,270.0,3
train/5-35/30.jpg,112.0,112.0,112.0,28.513474141032788,0.0,0
train/5-35/31.jpg,112.0,112.0,112.0,45.96970392312329,0.0,0
train/5-35/33.jpg,112.0,112.0,112.0,19.642000887849463,0.0,0
train/5-35/34.jpg,112.0,112.0,198.53323061113576,112.0,90.0,1
train/5-35/37.jpg,112.0,112.0,112.0,21.86121811340027,0.0,0
train/5-35/38.jpg,112.0,112.0,21.5732340509736,112.0,270.0,3
train/5-35/40.jpg,112.0,112.0,112.0,175.2455532033676,180.0,2
train/5-35/45.jpg,112.0,112.0,112.0,17.421989870795016,0.0,0
train/5-35/46.jpg,112.0,112.0,199.9204185613331,112.0,90.0,1
train/5-35/47.jpg,112.0,112.0,21.027476675646724,112.0,270.0,3
train/5-35/48.jpg,112.0,112.0,72.94875162046674,112.0,270.0,3
train/5-35/50.jpg,112.0,112.0,112.0,200.75246475450692,180.0,2
train/5-35/52.jpg,112.0,112.0,195.4865258589672,112.0,90.0,1
train/5-35/53.jpg,112.0,112.0,112.0,6.605502989956818,0.0,0
train/5-35/55.jpg,112.0,112.0,166.91812087098393,112.0,90.0,1
train/5-35/56.jpg,112.0,112.0,112.0,19.642000887849463,0.0,0
train/5-35/59.jpg,112.0,112.0,112.0,145.4215499341368,180.0,2
train/5-35/62.jpg,112.0,112.0,112.0,34.3340486442096,0.0,0
train/5-35/64.jpg,112.0,112.0,112.0,9.374467114660009,0.0,0
train/5-35/69.jpg,112.0,112.0,46.54008860378744,112.0,270.0,3
train/5-35/70.jpg,112.0,112.0,36.28342321525622,112.0,270.0,3
train/5-35/72.jpg,112.0,112.0,112.0,19.642000887849463,0.0,0
train/5-35/74.jpg,112.0,112.0,182.45565981523413,112.0,90.0,1
train/5-35/75.jpg,112.0,112.0,202.13878188659973,112.0,90.0,1
train/5-35/78.jpg,112.0,112.0,112.0,21.86121811340027,0.0,0
train/5-35/79.jpg,112.0,112.0,112.0,53.991379950907294,0.0,0
train/5-35/80.jpg,112.0,112.0,112.0,188.27581530209957,180.0,2
train/5-35/82.jpg,112.0,112.0,112.0,22.691545752935568,0.0,0
train/5-35/83.jpg,112.0,112.0,112.0,19.642000887849463,0.0,0
train/5-35/84.jpg,112.0,112.0,44.32430273724548,112.0,270.0,3
train/5-35/85.jpg,112.0,112.0,112.0,19.642000887849463,0.0,0
train/5-35/87.jpg,112.0,112.0,202.69729874698584,112.0,90.0,1
train/5-35/89.jpg,112.0,112.0,112.0,22.691545752935568,0.0,0
train/5-35/9.jpg,112.0,112.0,203.5259526036195,112.0,90.0,1
train/5-35/90.jpg,112.0,112.0,112.0,20.19041444380657,0.0,0
train/5-35/91.jpg,112.0,112.0,18.255666837936275,112.0,270.0,3
train/5-35/92.jpg,112.0,112.0,191.32212806020777,112.0,90.0,1
train/5-35/93.jpg,112.0,112.0,112.0,18.255666837936275,0.0,0
train/5-35/96.jpg,112.0,112.0,112.0,45.96970392312329,0.0,0
train/5-40/0.jpg,112.0,112.0,215.75451797391764,112.0,90.0,1
train/5-40/1.jpg,112.0,112.0,36.84682308777626,112.0,270.0,3
train/5-40/13.jpg,112.0,112.0,112.0,44.32430273724548,0.0,0
train/5-40/14.jpg,112.0,112.0,112.0,71.50308653736683,0.0,0
train/5-40/15.jpg,112.0,112.0,202.785461391128,112.0,90.0,1
train/5-40/16.jpg,112.0,112.0,112.0,33.2789735839274,0.0,0
train/5-40/17.jpg,112.0,112.0,112.0,23.0,0.0,0
train/5-40/18.jpg,112.0,112.0,112.0,58.176213436808446,0.0,0
train/5-40/19.jpg,112.0,112.0,112.0,17.126399878575285,0.0,0
train/5-40/2.jpg,112.0,112.0,112.0,27.904815833485443,0.0,0
train/5-40/20.jpg,112.0,112.0,112.0,22.412054382299843,0.0,0
train/5-40/21.jpg,112.0,112.0,112.0,20.76404217634365,0.0,0
train/5-40/25.jpg,112.0,112.0,112.0,30.60589701950147,0.0,0
train/5-40/26.jpg,112.0,112.0,192.0562302385017,112.0,90.0,1
train/5-40/27.jpg,112.0,112.0,112.0,161.24428900898053,180.0,2
train/5-40/3.jpg,112.0,112.0,112.0,21.19801764278492,0.0,0
train/5-40/30.jpg,112.0,112.0,112.0,38.50170069994816,0.0,0
train/5-40/31.jpg,112.0,112.0,112.0,206.36630754670864,180.0,2
train/5-40/32.jpg,112.0,112.0,112.0,55.140524096682,0.0,0
train/5-40/33.jpg,112.0,112.0,112.0,39.08223810346344,0.0,0
train/5-40/37.jpg,112.0,112.0,112.0,24.63295815926924,0.0,0
train/5-40/4.jpg,112.0,112.0,112.0,12.97980004059778,0.0,0
train/5-40/42.jpg,112.0,112.0,48.02344179310675,112.0,270.0,3
train/5-40/43.jpg,112.0,112.0,186.68600939935132,112.0,90.0,1
train/5-40/44.jpg,112.0,112.0,112.0,5.76911936729509,0.0,0
train/5-40/45.jpg,112.0,112.0,205.9148550549912,112.0,90.0,1
train/5-40/46.jpg,112.0,112.0,112.0,23.43364069806188,0.0,0
train/5-40/48.jpg,112.0,112.0,112.0,173.32699242584786,180.0,2
train/5-40/49.jpg,112.0,112.0,112.0,39.08223810346344,0.0,0
train/5-40/5.jpg,112.0,112.0,112.0,7.152491684351418,0.0,0
train/5-40/50.jpg,112.0,112.0,112.0,52.90685318922337,0.0,0
train/5-40/51.jpg,112.0,112.0,22.412054382299843,112.0,270.0,3
train/5-40/53.jpg,112.0,112.0,112.0,180.87670143089025,180.0,2
train/5-40/56.jpg,112.0,112.0,198.76404785393544,112.0,90.0,1
train/5-40/57.jpg,112.0,112.0,49.35017956929166,112.0,270.0,3
train/5-40/58.jpg,112.0,112.0,202.785461391128,112.0,90.0,1
train/5-40/61.jpg,112.0,112.0,112.0,18.8066525979456,0.0,0
train/5-40/63.jpg,112.0,112.0,202.33825324855468,112.0,90.0,1
train/5-40/66.jpg,112.0,112.0,112.0,206.8103369891701,180.0,2
train/5-40/67.jpg,112.0,112.0,112.0,202.785461391128,180.0,2
train/5-40/69.jpg,112.0,112.0,39.32951080390335,112.0,270.0,3
train/5-40/7.jpg,112.0,112.0,112.0,201.4427190999916,180.0,2
train/5-40/70.jpg,112.0,112.0,112.0,22.412054382299843,0.0,0
train/5-40/71.jpg,112.0,112.0,112.0,20.731166327162924,0.0,0
train/5-40/72.jpg,112.0,112.0,112.0,200.54942122905152,180.0,2
train/5-40/73.jpg,112.0,112.0,112.0,24.63295815926924,0.0,0
train/5-40/74.jpg,112.0,112.0,112.0,45.29167967936833,0.0,0
train/5-40/75.jpg,112.0,112.0,112.0,19.642000887849463,0.0,0
train/5-40/76.jpg,112.0,112.0,112.0,22.955067522065026,0.0,0
train/5-40/78.jpg,112.0,112.0,112.0,20.731166327162924,0.0,0
train/5-40/79.jpg,112.0,112.0,170.18075283115542,112.0,90.0,1
train/5-40/80.jpg,112.0,112.0,112.0,7.152491684351418,0.0,0
train/5-40/81.jpg,112.0,112.0,44.88070322180066,112.0,270.0,3
train/5-40/82.jpg,112.0,112.0,112.0,14.36291688093094,0.0,0
train/5-40/85.jpg,112.0,112.0,112.0,24.63295815926924,0.0,0
train/5-40/86.jpg,112.0,112.0,112.0,19.864230615900325,0.0,0
train/5-40/87.jpg,112.0,112.0,112.0,30.458599472415244,0.0,0
train/5-40/88.jpg,112.0,112.0,112.0,17.628394100767792,0.0,0
train/5-40/9.jpg,112.0,112.0,112.0,186.2495791233863,180.0,2
train/5-40/92.jpg,112.0,112.0,112.0,6.3117792750772,0.0,0
train/5-40/93.jpg,112.0,112.0,112.0,31.04322140796361,0.0,0
train/5-40/94.jpg,112.0,112.0,112.0,22.64117279193958,0.0,0
train/5-40/95.jpg,112.0,112.0,112.0,214.8591269649903,180.0,2
train/5-40/96.jpg,112.0,112.0,24.07958143866693,112.0,270.0,3
train/5-40/97.jpg,112.0,112.0,112.0,20.19041444380657,0.0,0
train/5-40/98.jpg,112.0,112.0,112.0,17.628394100767792,0.0,0
train/5-45/10.jpg,112.0,112.0,112.0,206.19129471453292,180.0,2
train/5-45/34.jpg,112.0,112.0,11.955010120446318,112.0,270.0,3
train/5-45/35.jpg,112.0,112.0,147.17101079013796,112.0,90.0,1
train/5-45/44.jpg,112.0,112.0,112.0,72.3767744876821,0.0,0
train/5-45/48.jpg,112.0,112.0,112.0,155.28972164382674,180.0,2
train/5-45/59.jpg,112.0,112.0,112.0,78.45898033750316,0.0,0
train/5-45/64.jpg,112.0,112.0,112.0,205.1343116150004,180.0,2
train/5-45/68.jpg,112.0,112.0,112.0,35.678312387631266,0.0,0
train/5-45/70.jpg,112.0,112.0,112.0,39.888974490720216,0.0,0
train/5-45/76.jpg,112.0,112.0,19.9130845342293,112.0,270.0,3
train/5-45/77.jpg,112.0,112.0,112.0,39.93752710321412,0.0,0
train/5-45/8.jpg,112.0,112.0,112.0,213.1780608630152,180.0,2
train/5-45/81.jpg,112.0,112.0,46.93080606001024,112.0,270.0,3
train/5-45/84.jpg,112.0,112.0,189.2334124585985,112.0,90.0,1
train/5-45/97.jpg,112.0,112.0,112.0,67.59279337765096,0.0,0
train/5-50/0.jpg,112.0,112.0,112.0,17.421989870795016,0.0,0
train/5-50/1.jpg,112.0,112.0,112.0,36.54802852144948,0.0,0
train/5-50/10.jpg,112.0,112.0,112.0,9.374467114660009,0.0,0
train/5-50/12.jpg,112.0,112.0,48.02344179310675,112.0,270.0,3
train/5-50/13.jpg,112.0,112.0,112.0,19.642000887849463,0.0,0
train/5-50/15.jpg,112.0,112.0,112.0,28.513474141032788,0.0,0
train/5-50/16.jpg,112.0,112.0,207.4148835350125,112.0,90.0,1
train/5-50/17.jpg,112.0,112.0,112.0,31.290644904075705,0.0,0
train/5-50/19.jpg,112.0,112.0,112.0,29.072320664328245,0.0,0
train/5-50/20.jpg,112.0,112.0,112.0,21.86121811340027,0.0,0
train/5-50/24.jpg,112.0,112.0,112.0,7.9903850598416994,0.0,0
train/5-50/26.jpg,112.0,112.0,112.0,8.535030082641015,0.0,0
train/5-50/27.jpg,112.0,112.0,21.30270125301415,112.0,270.0,3
train/5-50/28.jpg,112.0,112.0,112.0,201.0,180.0,2
train/5-50/3.jpg,112.0,112.0,71.14660356836902,112.0,270.0,3
train/5-50/30.jpg,112.0,112.0,201.044932477935,112.0,90.0,1
train/5-50/31.jpg,112.0,112.0,112.0,34.179694166625126,0.0,0
train/5-50/32.jpg,112.0,112.0,44.88070322180066,112.0,270.0,3
train/5-50/34.jpg,112.0,112.0,10.925769852053776,112.0,270.0,3
train/5-50/35.jpg,112.0,112.0,60.37636200343877,112.0,270.0,3
train/5-50/36.jpg,112.0,112.0,22.994382199773483,112.0,270.0,3
train/5-50/37.jpg,112.0,112.0,112.0,11.595816820214113,0.0,0
train/5-50/38.jpg,112.0,112.0,112.0,202.4267659490264,180.0,2
train/5-50/4.jpg,112.0,112.0,112.0,213.2422836565829,180.0,2
train/5-50/40.jpg,112.0,112.0,112.0,201.58794561770011,180.0,2
train/5-50/42.jpg,112.0,112.0,53.39965870406555,112.0,270.0,3
train/5-50/44.jpg,112.0,112.0,217.6882207249228,112.0,90.0,1
train/5-50/45.jpg,112.0,112.0,112.0,18.255666837936275,0.0,0
train/5-50/46.jpg,112.0,112.0,21.21453860887196,112.0,270.0,3
train/5-50/47.jpg,112.0,112.0,217.6882207249228,112.0,90.0,1
train/5-50/48.jpg,112.0,112.0,112.0,6.449064428589736,0.0,0
train/5-50/49.jpg,112.0,112.0,112.0,11.376941012509462,0.0,0
train/5-50/50.jpg,112.0,112.0,112.0,188.27581530209957,180.0,2
train/5-50/51.jpg,112.0,112.0,22.105617528123588,112.0,270.0,3
train/5-50/52.jpg,112.0,112.0,199.3670418407308,112.0,90.0,1
train/5-50/53.jpg,112.0,112.0,112.0,172.21627686929838,180.0,2
train/5-50/57.jpg,112.0,112.0,112.0,5.76911936729509,0.0,0
train/5-50/58.jpg,112.0,112.0,112.0,206.03190947758105,180.0,2
train/5-50/60.jpg,112.0,112.0,214.08329931972224,112.0,90.0,1
train/5-50/61.jpg,112.0,112.0,201.58794561770011,112.0,90.0,1
train/5-50/62.jpg,112.0,112.0,30.60589701950147,112.0,270.0,3
train/5-50/63.jpg,112.0,112.0,199.3670418407308,112.0,90.0,1
train/5-50/64.jpg,112.0,112.0,112.0,21.66174675144532,0.0,0
train/5-50/66.jpg,112.0,112.0,112.0,35.51470729610823,0.0,0
train/5-50/67.jpg,112.0,112.0,112.0,6.605502989956818,0.0,0
train/5-50/68.jpg,112.0,112.0,112.0,13.81649833093138,0.0,0
train/5-50/72.jpg,112.0,112.0,22.105617528123588,112.0,270.0,3
train/5-50/73.jpg,112.0,112.0,112.0,201.58794561770011,180.0,2
train/5-50/74.jpg,112.0,112.0,112.0,11.0445642870083,0.0,0
train/5-50/75.jpg,112.0,112.0,112.0,21.027476675646724,0.0,0
train/5-50/79.jpg,112.0,112.0,112.0,53.17823532058903,0.0,0
train/5-50/8.jpg,112.0,112.0,112.0,17.421989870795016,0.0,0
train/5-50/80.jpg,112.0,112.0,112.0,22.691545752935568,0.0,0
train/5-50/81.jpg,112.0,112.0,112.0,22.105617528123588,0.0,0
train/5-50/83.jpg,112.0,112.0,112.0,12.717574566290937,0.0,0
train/5-50/84.jpg,112.0,112.0,112.0,19.642000887849463,0.0,0
train/5-50/85.jpg,112.0,112.0,199.3670418407308,112.0,90.0,1
train/5-50/88.jpg,112.0,112.0,112.0,178.85057965343307,180.0,2
train/5-50/89.jpg,112.0,112.0,217.6882207249228,112.0,90.0,1
train/5-50/90.jpg,112.0,112.0,23.45057877094848,112.0,270.0,3
train/5-50/92.jpg,112.0,112.0,202.4267659490264,112.0,90.0,1
train/5-50/93.jpg,112.0,112.0,112.0,16.036465258932864,0.0,0
train/5-50/94.jpg,112.0,112.0,112.0,201.8943824718764,180.0,2
train/5-50/95.jpg,112.0,112.0,112.0,11.376941012509462,0.0,0
train/5-50/96.jpg,112.0,112.0,112.0,21.66174675144532,0.0,0
train/5-50/97.jpg,112.0,112.0,112.0,211.72963451251587,180.0,2
train/5-50/98.jpg,112.0,112.0,37.31399060064864,112.0,270.0,3
train/5-50/99.jpg,112.0,112.0,43.5529401654096,112.0,270.0,3
train/5-55/0.jpg,112.0,112.0,7.692761516757613,112.0,270.0,3
train/5-55/1.jpg,112.0,112.0,36.28342321525622,112.0,270.0,3
train/5-55/10.jpg,112.0,112.0,21.5732340509736,112.0,270.0,3
train/5-55/12.jpg,112.0,112.0,21.5732340509736,112.0,270.0,3
train/5-55/13.jpg,112.0,112.0,112.0,191.88116173416608,180.0,2
train/5-55/15.jpg,112.0,112.0,112.0,18.085144945008835,0.0,0
train/5-55/17.jpg,112.0,112.0,112.0,31.290644904075705,0.0,0
train/5-55/19.jpg,112.0,112.0,112.0,18.085144945008835,0.0,0
train/5-55/2.jpg,112.0,112.0,112.0,9.374467114660009,0.0,0
train/5-55/20.jpg,112.0,112.0,9.072841290551494,112.0,270.0,3
train/5-55/21.jpg,112.0,112.0,112.0,35.51470729610823,0.0,0
train/5-55/24.jpg,112.0,112.0,112.0,14.95361933590722,0.0,0
train/5-55/26.jpg,112.0,112.0,112.0,14.50641046714918,0.0,0
train/5-55/29.jpg,112.0,112.0,19.35012142479624,112.0,270.0,3
train/5-55/3.jpg,112.0,112.0,112.0,19.642000887849463,0.0,0
train/5-55/30.jpg,112.0,112.0,112.0,199.3670418407308,180.0,2
train/5-55/34.jpg,112.0,112.0,112.0,8.8253907203909,0.0,0
train/5-55/36.jpg,112.0,112.0,112.0,7.152491684351418,0.0,0
train/5-55/37.jpg,112.0,112.0,112.0,37.75042087661372,0.0,0
train/5-55/4.jpg,112.0,112.0,21.5732340509736,112.0,270.0,3
train/5-55/42.jpg,112.0,112.0,24.63295815926924,112.0,270.0,3
train/5-55/43.jpg,112.0,112.0,27.400945631762525,112.0,270.0,3
train/5-55/44.jpg,112.0,112.0,6.3117792750772,112.0,270.0,3
train/5-55/45.jpg,112.0,112.0,6.3117792750772,112.0,270.0,3
train/5-55/46.jpg,112.0,112.0,24.63295815926924,112.0,270.0,3
train/5-55/47.jpg,112.0,112.0,178.2117814289874,112.0,90.0,1
train/5-55/48.jpg,112.0,112.0,35.94081252077433,112.0,270.0,3
train/5-55/49.jpg,112.0,112.0,212.4041831797859,112.0,90.0,1
train/5-55/50.jpg,112.0,112.0,50.967221921331486,112.0,270.0,3
train/5-55/51.jpg,112.0,112.0,112.0,22.557280900008408,0.0,0
train/5-55/52.jpg,112.0,112.0,17.189663010829875,112.0,270.0,3
train/5-55/53.jpg,112.0,112.0,112.0,41.31761181171083,0.0,0
train/5-55/59.jpg,112.0,112.0,112.0,80.04690938265908,0.0,0
train/5-55/61.jpg,112.0,112.0,206.36630754670864,112.0,90.0,1
train/5-55/63.jpg,112.0,112.0,21.5732340509736,112.0,270.0,3
train/5-55/64.jpg,112.0,112.0,112.0,21.66174675144532,0.0,0
train/5-55/65.jpg,112.0,112.0,183.1125867902441,112.0,90.0,1
train/5-55/66.jpg,112.0,112.0,112.0,39.32951080390335,0.0,0
train/5-55/67.jpg,112.0,112.0,112.0,6.90480505750989,0.0,0
train/5-55/68.jpg,112.0,112.0,112.0,14.95361933590722,0.0,0
train/5-55/69.jpg,112.0,112.0,112.0,38.76066630559778,0.0,0
train/5-55/7.jpg,112.0,112.0,24.63295815926924,112.0,270.0,3
train/5-55/70.jpg,112.0,112.0,112.0,9.57929896744507,0.0,0
train/5-55/71.jpg,112.0,112.0,112.0,21.66174675144532,0.0,0
train/5-55/72.jpg,112.0,112.0,112.0,7.798272567101847,0.0,0
train/5-55/73.jpg,112.0,112.0,112.0,20.32121292250862,0.0,0
train/5-55/74.jpg,112.0,112.0,211.29753269845128,112.0,90.0,1
train/5-55/75.jpg,112.0,112.0,112.0,21.86121811340027,0.0,0
train/5-55/76.jpg,112.0,112.0,201.8943824718764,112.0,90.0,1
train/5-55/78.jpg,112.0,112.0,112.0,22.557280900008408,0.0,0
train/5-55/79.jpg,112.0,112.0,112.0,40.97183657168095,0.0,0
train/5-55/80.jpg,112.0,112.0,112.0,188.27581530209957,180.0,2
train/5-55/82.jpg,112.0,112.0,112.0,22.557280900008408,0.0,0
train/5-55/83.jpg,112.0,112.0,112.0,218.2308806327049,180.0,2
train/5-55/84.jpg,112.0,112.0,112.0,39.08223810346344,0.0,0
train/5-55/86.jpg,112.0,112.0,112.0,17.189663010829875,0.0,0
train/5-55/87.jpg,112.0,112.0,208.60227740586657,112.0,90.0,1
train/5-55/89.jpg,112.0,112.0,112.0,48.928611875114086,0.0,0
train/5-55/91.jpg,112.0,112.0,112.0,24.07958143866693,0.0,0
train/5-55/93.jpg,112.0,112.0,24.63295815926924,112.0,270.0,3
train/5-55/95.jpg,112.0,112.0,112.0,217.6882207249228,180.0,2
train/5-55/96.jpg,112.0,112.0,112.0,35.72418469790047,0.0,0
train/5-55/97.jpg,112.0,112.0,112.0,11.376941012509462,0.0,0
train/5-55/98.jpg,112.0,112.0,112.0,39.32951080390335,0.0,0
train/5-55/99.jpg,112.0,112.0,42.93481340067197,112.0,270.0,3
train/6-00/0.jpg,112.0,112.0,32.898798997739604,112.0,270.0,3
train/6-00/1.jpg,112.0,112.0,112.0,169.21887800367986,180.0,2
train/6-00/10.jpg,112.0,112.0,112.0,191.1012010022604,180.0,2
train/6-00/12.jpg,112.0,112.0,112.0,53.78488168868847,0.0,0
train/6-00/13.jpg,112.0,112.0,112.0,50.795425007602574,0.0,0
train/6-00/15.jpg,112.0,112.0,112.0,45.81087702650835,0.0,0
train/6-00/16.jpg,112.0,112.0,188.16429609731847,112.0,90.0,1
train/6-00/17.jpg,112.0,112.0,112.0,33.83990788132347,0.0,0
train/6-00/18.jpg,112.0,112.0,112.0,58.76467338317534,0.0,0
train/6-00/2.jpg,112.0,112.0,112.0,213.2422836565829,180.0,2
train/6-00/20.jpg,112.0,112.0,194.15229759416349,112.0,90.0,1
train/6-00/21.jpg,112.0,112.0,37.831273436845365,112.0,270.0,3
train/6-00/23.jpg,112.0,112.0,112.0,50.795425007602574,0.0,0
train/6-00/25.jpg,112.0,112.0,112.0,46.87703937934026,0.0,0
train/6-00/27.jpg,112.0,112.0,167.578772926361,112.0,90.0,1
train/6-00/29.jpg,112.0,112.0,112.0,207.3362470417207,180.0,2
train/6-00/3.jpg,112.0,112.0,112.0,180.3593446428504,180.0,2
train/6-00/30.jpg,112.0,112.0,112.0,46.80797594797352,0.0,0
train/6-00/31.jpg,112.0,112.0,112.0,46.80797594797352,0.0,0
train/6-00/32.jpg,112.0,112.0,43.6406553571496,112.0,270.0,3
train/6-00/34.jpg,112.0,112.0,112.0,196.29116205154605,180.0,2
train/6-00/37.jpg,112.0,112.0,174.20128616033594,112.0,90.0,1
train/6-00/38.jpg,112.0,112.0,112.0,20.86274087948442,0.0,0
train/6-00/40.jpg,112.0,112.0,112.0,169.21887800367986,180.0,2
train/6-00/41.jpg,112.0,112.0,112.0,206.02127418834527,180.0,2
train/6-00/44.jpg,112.0,112.0,160.5077313425396,112.0,90.0,1
train/6-00/45.jpg,112.0,112.0,196.1486779456457,112.0,90.0,1
train/6-00/46.jpg,112.0,112.0,38.89049309426304,112.0,270.0,3
train/6-00/47.jpg,112.0,112.0,112.0,18.8066525979456,0.0,0
train/6-00/48.jpg,112.0,112.0,112.0,47.719365280047214,0.0,0
train/6-00/49.jpg,112.0,112.0,112.0,55.77722881251761,0.0,0
train/6-00/5.jpg,112.0,112.0,33.590816864349364,112.0,270.0,3
train/6-00/50.jpg,112.0,112.0,172.40695324215582,112.0,90.0,1
train/6-00/52.jpg,112.0,112.0,112.0,44.813691871036696,0.0,0
train/6-00/53.jpg,112.0,112.0,112.0,55.56419576191015,0.0,0
train/6-00/60.jpg,112.0,112.0,44.88070322180066,112.0,270.0,3
train/6-00/64.jpg,112.0,112.0,24.908094520787984,112.0,270.0,3
train/6-00/66.jpg,112.0,112.0,112.0,48.80189876270016,0.0,0
train/6-00/68.jpg,112.0,112.0,112.0,172.13318551349164,180.0,2
train/6-00/69.jpg,112.0,112.0,112.0,44.813691871036696,0.0,0
train/6-00/7.jpg,112.0,112.0,112.0,46.72366431852964,0.0,0
train/6-00/72.jpg,112.0,112.0,112.0,30.845825738906072,0.0,0
train/6-00/73.jpg,112.0,112.0,166.230987451825,112.0,90.0,1
train/6-00/78.jpg,112.0,112.0,112.0,45.81087702650835,0.0,0
train/6-00/81.jpg,112.0,112.0,112.0,19.864230615900325,0.0,0
train/6-00/82.jpg,112.0,112.0,112.0,30.845825738906072,0.0,0
train/6-00/84.jpg,112.0,112.0,112.0,46.72366431852964,0.0,0
train/6-00/85.jpg,112.0,112.0,112.0,167.14526271584896,180.0,2
train/6-00/86.jpg,112.0,112.0,112.0,33.83990788132347,0.0,0
train/6-00/88.jpg,112.0,112.0,112.0,46.80797594797352,0.0,0
train/6-00/90.jpg,112.0,112.0,112.0,175.12685640834653,180.0,2
train/6-00/91.jpg,112.0,112.0,112.0,54.6850804763716,0.0,0
train/6-00/92.jpg,112.0,112.0,19.9130845342293,112.0,270.0,3
train/6-00/93.jpg,112.0,112.0,32.69047976440659,112.0,270.0,3
train/6-00/94.jpg,112.0,112.0,174.20128616033594,112.0,90.0,1
train/6-00/96.jpg,112.0,112.0,112.0,43.6406553571496,0.0,0
train/6-00/97.jpg,112.0,112.0,196.1486779456457,112.0,90.0,1
train/6-00/98.jpg,112.0,112.0,112.0,177.12296062065974,180.0,2
train/6-00/99.jpg,112.0,112.0,112.0,43.73580733649595,0.0,0
train/6-05/0.jpg,112.0,112.0,112.0,9.584180909392714,0.0,0
train/6-05/1.jpg,112.0,112.0,112.0,37.11341909260378,0.0,0
train/6-05/10.jpg,112.0,112.0,112.0,20.731166327162924,0.0,0
train/6-05/12.jpg,112.0,112.0,217.6882207249228,112.0,90.0,1
train/6-05/13.jpg,112.0,112.0,112.0,20.76404217634365,0.0,0
train/6-05/16.jpg,112.0,112.0,112.0,20.731166327162924,0.0,0
train/6-05/17.jpg,112.0,112.0,22.557280900008408,112.0,270.0,3
train/6-05/2.jpg,112.0,112.0,112.0,20.731166327162924,0.0,0
train/6-05/21.jpg,112.0,112.0,112.0,34.06412892640515,0.0,0
train/6-05/22.jpg,112.0,112.0,112.0,22.557280900008408,0.0,0
train/6-05/24.jpg,112.0,112.0,195.4865258589672,112.0,90.0,1
train/6-05/26.jpg,112.0,112.0,13.613008990009249,112.0,270.0,3
train/6-05/27.jpg,112.0,112.0,112.0,205.47192091746052,180.0,2
train/6-05/28.jpg,112.0,112.0,203.6787870774914,112.0,90.0,1
train/6-05/30.jpg,112.0,112.0,202.4267659490264,112.0,90.0,1
train/6-05/31.jpg,112.0,112.0,194.29216244576395,112.0,90.0,1
train/6-05/32.jpg,112.0,112.0,217.6882207249228,112.0,90.0,1
train/6-05/33.jpg,112.0,112.0,112.0,22.412054382299843,0.0,0
train/6-05/34.jpg,112.0,112.0,112.0,200.54942122905152,180.0,2
train/6-05/35.jpg,112.0,112.0,186.7930478052606,112.0,90.0,1
train/6-05/38.jpg,112.0,112.0,202.4267659490264,112.0,90.0,1
train/6-05/4.jpg,112.0,112.0,112.0,21.5732340509736,0.0,0
train/6-05/41.jpg,112.0,112.0,112.0,22.412054382299843,0.0,0
train/6-05/43.jpg,112.0,112.0,112.0,7.798272567101847,0.0,0
train/6-05/45.jpg,112.0,112.0,210.47842403288143,112.0,90.0,1
train/6-05/47.jpg,112.0,112.0,112.0,18.8066525979456,0.0,0
train/6-05/48.jpg,112.0,112.0,112.0,27.685114007074645,0.0,0
train/6-05/49.jpg,112.0,112.0,112.0,21.5732340509736,0.0,0
train/6-05/5.jpg,112.0,112.0,112.0,21.5732340509736,0.0,0
train/6-05/51.jpg,112.0,112.0,112.0,21.5732340509736,0.0,0
train/6-05/52.jpg,112.0,112.0,112.0,20.731166327162924,0.0,0
train/6-05/53.jpg,112.0,112.0,112.0,6.90480505750989,0.0,0
train/6-05/56.jpg,112.0,112.0,112.0,19.35012142479624,0.0,0
train/6-05/57.jpg,112.0,112.0,217.6882207249228,112.0,90.0,1
train/6-05/59.jpg,112.0,112.0,112.0,81.32427669964406,0.0,0
train/6-05/60.jpg,112.0,112.0,7.798272567101847,112.0,270.0,3
train/6-05/61.jpg,112.0,112.0,112.0,15.745129993334883,0.0,0
train/6-05/62.jpg,112.0,112.0,112.0,21.5732340509736,0.0,0
train/6-05/63.jpg,112.0,112.0,112.0,22.412054382299843,0.0,0
train/6-05/64.jpg,112.0,112.0,18.8066525979456,112.0,270.0,3
train/6-05/66.jpg,112.0,112.0,112.0,10.03431949915698,0.0,0
train/6-05/67.jpg,112.0,112.0,201.58794561770011,112.0,90.0,1
train/6-05/69.jpg,112.0,112.0,112.0,6.009434382111166,0.0,0
train/6-05/7.jpg,112.0,112.0,202.33825324855468,112.0,90.0,1
train/6-05/71.jpg,112.0,112.0,24.908094520787984,112.0,270.0,3
train/6-05/73.jpg,112.0,112.0,18.8066525979456,112.0,270.0,3
train/6-05/74.jpg,112.0,112.0,112.0,23.43364069806188,0.0,0
train/6-05/76.jpg,112.0,112.0,112.0,22.955067522065026,0.0,0
train/6-05/78.jpg,112.0,112.0,20.19041444380657,112.0,270.0,3
train/6-05/8.jpg,112.0,112.0,11.376941012509462,112.0,270.0,3
train/6-05/80.jpg,112.0,112.0,112.0,33.50796218723838,0.0,0
train/6-05/81.jpg,112.0,112.0,112.0,22.955067522065026,0.0,0
train/6-05/82.jpg,112.0,112.0,112.0,20.731166327162924,0.0,0
train/6-05/83.jpg,112.0,112.0,20.32121292250862,112.0,270.0,3
train/6-05/85.jpg,112.0,112.0,112.0,21.5732340509736,0.0,0
train/6-05/87.jpg,112.0,112.0,201.58794561770011,112.0,90.0,1
train/6-05/88.jpg,112.0,112.0,7.343418744925557,112.0,270.0,3
train/6-05/89.jpg,112.0,112.0,112.0,6.453801584329909,0.0,0
train/6-05/9.jpg,112.0,112.0,112.0,165.6003731330296,180.0,2
train/6-05/91.jpg,112.0,112.0,112.0,22.10005561736982,0.0,0
train/6-05/92.jpg,112.0,112.0,112.0,206.3027040969664,180.0,2
train/6-05/95.jpg,112.0,112.0,112.0,6.90480505750989,0.0,0
train/6-05/96.jpg,112.0,112.0,112.0,44.32430273724548,0.0,0
train/6-05/97.jpg,112.0,112.0,7.798272567101847,112.0,270.0,3
train/6-05/99.jpg,112.0,112.0,181.06518659932803,112.0,90.0,1
train/6-10/0.jpg,112.0,112.0,187.71657678474375,112.0,90.0,1
train/6-10/1.jpg,112.0,112.0,37.93921415485791,112.0,270.0,3
train/6-10/12.jpg,112.0,112.0,112.0,21.86121811340027,0.0,0
train/6-10/13.jpg,112.0,112.0,112.0,40.152940213255775,0.0,0
train/6-10/14.jpg,112.0,112.0,137.0,112.0,90.0,1
train/6-10/16.jpg,112.0,112.0,112.0,195.76156636548768,180.0,2
train/6-10/17.jpg,112.0,112.0,112.0,19.642000887849463,0.0,0
train/6-10/2.jpg,112.0,112.0,112.0,211.8599018625594,180.0,2
train/6-10/21.jpg,112.0,112.0,112.0,195.76156636548768,180.0,2
train/6-10/24.jpg,112.0,112.0,196.31488599292533,112.0,90.0,1
train/6-10/28.jpg,112.0,112.0,13.81649833093138,112.0,270.0,3
train/6-10/29.jpg,112.0,112.0,112.0,19.642000887849463,0.0,0
train/6-10/3.jpg,112.0,112.0,112.0,48.02344179310675,0.0,0
train/6-10/30.jpg,112.0,112.0,201.4427190999916,112.0,90.0,1
train/6-10/31.jpg,112.0,112.0,112.0,199.3670418407308,180.0,2
train/6-10/32.jpg,112.0,112.0,112.0,36.54802852144948,0.0,0
train/6-10/33.jpg,112.0,112.0,112.0,16.868512047797765,0.0,0
train/6-10/34.jpg,112.0,112.0,112.0,19.642000887849463,0.0,0
train/6-10/37.jpg,112.0,112.0,112.0,12.430928496846974,0.0,0
train/6-10/4.jpg,112.0,112.0,112.0,207.4148835350125,180.0,2
train/6-10/40.jpg,112.0,112.0,112.0,19.642000887849463,0.0,0
train/6-10/42.jpg,112.0,112.0,112.0,173.32699242584786,180.0,2
train/6-10/44.jpg,112.0,112.0,112.0,215.46496991735896,180.0,2
train/6-10/45.jpg,112.0,112.0,112.0,16.286887000787615,0.0,0
train/6-10/46.jpg,112.0,112.0,112.0,19.642000887849463,0.0,0
train/6-10/47.jpg,112.0,112.0,112.0,7.9903850598416994,0.0,0
train/6-10/49.jpg,112.0,112.0,112.0,12.702467301548722,0.0,0
train/6-10/5.jpg,112.0,112.0,33.50796218723838,112.0,270.0,3
train/6-10/50.jpg,112.0,112.0,34.3340486442096,112.0,270.0,3
train/6-10/51.jpg,112.0,112.0,112.0,18.8066525979456,0.0,0
train/6-10/52.jpg,112.0,112.0,112.0,214.9271587094485,180.0,2
train/6-10/53.jpg,112.0,112.0,181.06518659932803,112.0,90.0,1
train/6-10/55.jpg,112.0,112.0,7.29087909833261,112.0,270.0,3
train/6-10/56.jpg,112.0,112.0,112.0,10.211002559215656,0.0,0
train/6-10/57.jpg,112.0,112.0,217.5461984156701,112.0,90.0,1
train/6-10/58.jpg,112.0,112.0,5.76911936729509,112.0,270.0,3
train/6-10/60.jpg,112.0,112.0,216.3072384832424,112.0,90.0,1
train/6-10/61.jpg,112.0,112.0,13.613008990009249,112.0,270.0,3
train/6-10/62.jpg,112.0,112.0,194.92767933567177,112.0,90.0,1
train/6-10/64.jpg,112.0,112.0,112.0,22.105617528123588,0.0,0
train/6-10/66.jpg,112.0,112.0,112.0,32.118838265833915,0.0,0
train/6-10/67.jpg,112.0,112.0,8.535030082641015,112.0,270.0,3
train/6-10/69.jpg,112.0,112.0,112.0,189.1038261048049,180.0,2
train/6-10/7.jpg,112.0,112.0,201.58794561770011,112.0,90.0,1
train/6-10/74.jpg,112.0,112.0,112.0,201.58794561770011,180.0,2
train/6-10/78.jpg,112.0,112.0,201.58794561770011,112.0,90.0,1
train/6-10/79.jpg,112.0,112.0,112.0,56.05359707720254,0.0,0
train/6-10/8.jpg,112.0,112.0,11.0445642870083,112.0,270.0,3
train/6-10/80.jpg,112.0,112.0,6.605502989956818,112.0,270.0,3
train/6-10/81.jpg,112.0,112.0,112.0,25.230189581859747,0.0,0
train/6-10/82.jpg,112.0,112.0,112.0,176.8999229583518,180.0,2
train/6-10/83.jpg,112.0,112.0,112.0,34.3340486442096,0.0,0
train/6-10/84.jpg,112.0,112.0,186.88658090739625,112.0,90.0,1
train/6-10/85.jpg,112.0,112.0,112.0,179.6756972627545,180.0,2
train/6-10/86.jpg,112.0,112.0,112.0,14.650115562472294,0.0,0
train/6-10/87.jpg,112.0,112.0,112.0,27.685114007074645,0.0,0
train/6-10/88.jpg,112.0,112.0,30.458599472415244,112.0,270.0,3
train/6-10/89.jpg,112.0,112.0,112.0,197.146931829632,180.0,2
train/6-10/9.jpg,112.0,112.0,112.0,191.32212806020777,180.0,2
train/6-10/91.jpg,112.0,112.0,112.0,35.72418469790047,0.0,0
train/6-10/93.jpg,112.0,112.0,201.58794561770011,112.0,90.0,1
train/6-10/95.jpg,112.0,112.0,20.76404217634365,112.0,270.0,3
train/6-10/96.jpg,112.0,112.0,41.31761181171083,112.0,270.0,3
train/6-10/99.jpg,112.0,112.0,112.0,183.28113354878693,180.0,2
train/6-15/10.jpg,112.0,112.0,112.0,15.86987985027794,0.0,0
train/6-15/14.jpg,112.0,112.0,169.55866572463265,112.0,90.0,1
train/6-15/15.jpg,112.0,112.0,112.0,204.0869154657707,180.0,2
train/6-15/17.jpg,112.0,112.0,112.0,204.0869154657707,180.0,2
train/6-15/21.jpg,112.0,112.0,112.0,10.75771634341706,0.0,0
train/6-15/3.jpg,112.0,112.0,112.0,43.73580733649595,0.0,0
train/6-15/33.jpg,112.0,112.0,193.15417426109397,112.0,90.0,1
train/6-15/34.jpg,112.0,112.0,8.8253907203909,112.0,270.0,3
train/6-15/42.jpg,112.0,112.0,112.0,20.802412312605554,0.0,0
train/6-15/46.jpg,112.0,112.0,36.833518108135465,112.0,270.0,3
train/6-15/48.jpg,112.0,112.0,112.0,46.72366431852964,0.0,0
train/6-15/51.jpg,112.0,112.0,112.0,204.0869154657707,180.0,2
train/6-15/52.jpg,112.0,112.0,42.81907777428809,112.0,270.0,3
train/6-15/56.jpg,112.0,112.0,112.0,6.881019791856815,0.0,0
train/6-15/57.jpg,112.0,112.0,112.0,154.19004621945797,180.0,2
train/6-15/58.jpg,112.0,112.0,112.0,140.44292530665578,180.0,2
train/6-15/60.jpg,112.0,112.0,112.0,8.878712188025887,0.0,0
train/6-15/62.jpg,112.0,112.0,112.0,193.0987052917616,180.0,2
train/6-15/64.jpg,112.0,112.0,112.0,6.881019791856815,0.0,0
train/6-15/65.jpg,112.0,112.0,112.0,26.788498428909264,0.0,0
train/6-15/67.jpg,112.0,112.0,112.0,21.800221729762555,0.0,0
train/6-15/7.jpg,112.0,112.0,112.0,22.797982085605256,0.0,0
train/6-15/71.jpg,112.0,112.0,112.0,39.75043252724623,0.0,0
train/6-15/72.jpg,112.0,112.0,203.08786966440704,112.0,90.0,1
train/6-15/74.jpg,112.0,112.0,112.0,24.718845103882813,0.0,0
train/6-15/75.jpg,112.0,112.0,112.0,195.0963296421689,180.0,2
train/6-15/77.jpg,112.0,112.0,112.0,37.89197074540438,0.0,0
train/6-15/8.jpg,112.0,112.0,7.827066855156659,112.0,270.0,3
train/6-15/83.jpg,112.0,112.0,112.0,24.718845103882813,0.0,0
train/6-15/84.jpg,112.0,112.0,112.0,32.69047976440659,0.0,0
train/6-15/86.jpg,112.0,112.0,193.0987052917616,112.0,90.0,1
train/6-15/87.jpg,112.0,112.0,190.10249675906653,112.0,90.0,1
train/6-15/90.jpg,112.0,112.0,186.0607858451421,112.0,90.0,1
train/6-15/92.jpg,112.0,112.0,112.0,204.0869154657707,180.0,2
train/6-15/93.jpg,112.0,112.0,36.76038277609328,112.0,270.0,3
train/6-15/96.jpg,112.0,112.0,112.0,33.68652734043778,0.0,0
train/6-20/0.jpg,112.0,112.0,11.376941012509462,112.0,270.0,3
train/6-20/1.jpg,112.0,112.0,112.0,41.31761181171083,0.0,0
train/6-20/10.jpg,112.0,112.0,112.0,21.5732340509736,0.0,0
train/6-20/12.jpg,112.0,112.0,112.0,6.453801584329909,0.0,0
train/6-20/14.jpg,112.0,112.0,112.0,55.140524096682,0.0,0
train/6-20/15.jpg,112.0,112.0,112.0,25.235952146064548,0.0,0
train/6-20/17.jpg,112.0,112.0,202.785461391128,112.0,90.0,1
train/6-20/20.jpg,112.0,112.0,112.0,20.32121292250862,0.0,0
train/6-20/21.jpg,112.0,112.0,27.685114007074645,112.0,270.0,3
train/6-20/24.jpg,112.0,112.0,205.47726996441435,112.0,90.0,1
train/6-20/26.jpg,112.0,112.0,211.56907150315303,112.0,90.0,1
train/6-20/27.jpg,112.0,112.0,112.0,6.449064428589736,0.0,0
train/6-20/29.jpg,112.0,112.0,112.0,217.5461984156701,180.0,2
train/6-20/3.jpg,112.0,112.0,178.2117814289874,112.0,90.0,1
train/6-20/30.jpg,112.0,112.0,112.0,24.63295815926924,0.0,0
train/6-20/31.jpg,112.0,112.0,112.0,31.290644904075705,0.0,0
train/6-20/33.jpg,112.0,112.0,36.84682308777626,112.0,270.0,3
train/6-20/34.jpg,112.0,112.0,112.0,11.376941012509462,0.0,0
train/6-20/35.jpg,112.0,112.0,112.0,44.88070322180066,0.0,0
train/6-20/37.jpg,112.0,112.0,112.0,37.75042087661372,0.0,0
train/6-20/4.jpg,112.0,112.0,205.9148550549912,112.0,90.0,1
train/6-20/42.jpg,112.0,112.0,112.0,23.897786633932967,0.0,0
train/6-20/44.jpg,112.0,112.0,112.0,13.613008990009249,0.0,0
train/6-20/45.jpg,112.0,112.0,112.0,20.32121292250862,0.0,0
train/6-20/46.jpg,112.0,112.0,112.0,21.5732340509736,0.0,0
train/6-20/48.jpg,112.0,112.0,112.0,187.64390259630977,180.0,2
train/6-20/5.jpg,112.0,112.0,112.0,189.82030583337487,180.0,2
train/6-20/50.jpg,112.0,112.0,112.0,179.11929677819933,180.0,2
train/6-20/51.jpg,112.0,112.0,112.0,12.677293633328745,0.0,0
train/6-20/52.jpg,112.0,112.0,112.0,42.64583646240119,0.0,0
train/6-20/53.jpg,112.0,112.0,112.0,41.31761181171083,0.0,0
train/6-20/56.jpg,112.0,112.0,112.0,15.849076967509047,0.0,0
train/6-20/57.jpg,112.0,112.0,112.0,173.32699242584786,180.0,2
train/6-20/60.jpg,112.0,112.0,112.0,11.297467757756962,0.0,0
train/6-20/63.jpg,112.0,112.0,112.0,22.412054382299843,0.0,0
train/6-20/64.jpg,112.0,112.0,112.0,21.5732340509736,0.0,0
train/6-20/66.jpg,112.0,112.0,192.4984471899924,112.0,90.0,1
train/6-20/67.jpg,112.0,112.0,112.0,21.66174675144532,0.0,0
train/6-20/69.jpg,112.0,112.0,112.0,37.75042087661372,0.0,0
train/6-20/7.jpg,112.0,112.0,112.0,45.78821857101261,0.0,0
train/6-20/73.jpg,112.0,112.0,112.0,21.66174675144532,0.0,0
train/6-20/74.jpg,112.0,112.0,112.0,21.66174675144532,0.0,0
train/6-20/75.jpg,112.0,112.0,206.36630754670864,112.0,90.0,1
train/6-20/76.jpg,112.0,112.0,112.0,24.63295815926924,0.0,0
train/6-20/77.jpg,112.0,112.0,201.8888202169769,112.0,90.0,1
train/6-20/78.jpg,112.0,112.0,202.785461391128,112.0,90.0,1
train/6-20/79.jpg,112.0,112.0,112.0,56.05359707720254,0.0,0
train/6-20/8.jpg,112.0,112.0,22.412054382299843,112.0,270.0,3
train/6-20/80.jpg,112.0,112.0,112.0,5.76911936729509,0.0,0
train/6-20/81.jpg,112.0,112.0,188.8439978137525,112.0,90.0,1
train/6-20/82.jpg,112.0,112.0,23.79569171520022,112.0,270.0,3
train/6-20/85.jpg,112.0,112.0,204.3579991121505,112.0,90.0,1
train/6-20/86.jpg,112.0,112.0,112.0,21.66174675144532,0.0,0
train/6-20/87.jpg,112.0,112.0,205.0215028904608,112.0,90.0,1
train/6-20/88.jpg,112.0,112.0,112.0,27.685114007074645,0.0,0
train/6-20/89.jpg,112.0,112.0,112.0,22.557280900008408,0.0,0
train/6-20/90.jpg,112.0,112.0,112.0,14.902111248493156,0.0,0
train/6-20/91.jpg,112.0,112.0,112.0,178.2117814289874,180.0,2
train/6-20/92.jpg,112.0,112.0,6.0,112.0,270.0,3
train/6-20/93.jpg,112.0,112.0,112.0,19.35012142479624,0.0,0
train/6-20/96.jpg,112.0,112.0,186.68600939935132,112.0,90.0,1
train/6-20/97.jpg,112.0,112.0,14.056138528236488,112.0,270.0,3
train/6-20/98.jpg,112.0,112.0,112.0,29.072320664328245,0.0,0
train/6-20/99.jpg,112.0,112.0,112.0,43.5529401654096,0.0,0
train/6-25/0.jpg,112.0,112.0,16.585116464987493,112.0,270.0,3
train/6-25/1.jpg,112.0,112.0,112.0,37.11341909260378,0.0,0
train/6-25/10.jpg,112.0,112.0,207.4148835350125,112.0,90.0,1
train/6-25/12.jpg,112.0,112.0,173.85466837676847,112.0,90.0,1
train/6-25/13.jpg,112.0,112.0,50.38831279700255,112.0,270.0,3
train/6-25/14.jpg,112.0,112.0,149.64306044943743,112.0,90.0,1
train/6-25/15.jpg,112.0,112.0,112.0,19.086061325547064,0.0,0
train/6-25/16.jpg,112.0,112.0,112.0,36.28342321525622,0.0,0
train/6-25/17.jpg,112.0,112.0,112.0,51.78372313070161,0.0,0
train/6-25/18.jpg,112.0,112.0,19.642000887849463,112.0,270.0,3
train/6-25/19.jpg,112.0,112.0,200.20430828479977,112.0,90.0,1
train/6-25/2.jpg,112.0,112.0,112.0,213.78899744078436,180.0,2
train/6-25/20.jpg,112.0,112.0,112.0,214.62553288534,180.0,2
train/6-25/23.jpg,112.0,112.0,112.0,12.140098137440576,0.0,0
train/6-25/24.jpg,112.0,112.0,207.4148835350125,112.0,90.0,1
train/6-25/26.jpg,112.0,112.0,112.0,15.745129993334883,0.0,0
train/6-25/27.jpg,112.0,112.0,112.0,24.07958143866693,0.0,0
train/6-25/28.jpg,112.0,112.0,112.0,38.50170069994816,0.0,0
train/6-25/3.jpg,112.0,112.0,112.0,205.03762679690408,180.0,2
train/6-25/30.jpg,112.0,112.0,112.0,21.5732340509736,0.0,0
train/6-25/37.jpg,112.0,112.0,112.0,181.06518659932803,180.0,2
train/6-25/4.jpg,112.0,112.0,112.0,36.28342321525622,0.0,0
train/6-25/42.jpg,112.0,112.0,6.3117792750772,112.0,270.0,3
train/6-25/48.jpg,112.0,112.0,112.0,53.991379950907294,0.0,0
train/6-25/49.jpg,112.0,112.0,112.0,22.412054382299843,0.0,0
train/6-25/50.jpg,112.0,112.0,112.0,53.17823532058903,0.0,0
train/6-25/51.jpg,112.0,112.0,112.0,12.677293633328745,0.0,0
train/6-25/52.jpg,112.0,112.0,22.691545752935568,112.0,270.0,3
train/6-25/53.jpg,112.0,112.0,185.49829930005183,112.0,90.0,1
train/6-25/59.jpg,112.0,112.0,112.0,80.10956256179605,0.0,0
train/6-25/6.jpg,112.0,112.0,112.0,24.63295815926924,0.0,0
train/6-25/60.jpg,112.0,112.0,112.0,185.2393336944022,180.0,2
train/6-25/62.jpg,112.0,112.0,18.255666837936275,112.0,270.0,3
train/6-25/63.jpg,112.0,112.0,112.0,21.5732340509736,0.0,0
train/6-25/66.jpg,112.0,112.0,112.0,42.93481340067197,0.0,0
train/6-25/67.jpg,112.0,112.0,112.0,197.7029754442633,180.0,2
train/6-25/69.jpg,112.0,112.0,112.0,178.85057965343307,180.0,2
train/6-25/72.jpg,112.0,112.0,112.0,6.847729458656005,0.0,0
train/6-25/73.jpg,112.0,112.0,19.642000887849463,112.0,270.0,3
train/6-25/75.jpg,112.0,112.0,36.54802852144948,112.0,270.0,3
train/6-25/78.jpg,112.0,112.0,112.0,23.24753524549304,0.0,0
train/6-25/79.jpg,112.0,112.0,112.0,147.4682957019364,180.0,2
train/6-25/8.jpg,112.0,112.0,200.20430828479977,112.0,90.0,1
train/6-25/82.jpg,112.0,112.0,21.86121811340027,112.0,270.0,3
train/6-25/83.jpg,112.0,112.0,112.0,23.24753524549304,0.0,0
train/6-25/85.jpg,112.0,112.0,112.0,170.82176467941096,180.0,2
train/6-25/86.jpg,112.0,112.0,112.0,20.19041444380657,0.0,0
train/6-25/87.jpg,112.0,112.0,14.650115562472294,112.0,270.0,3
train/6-25/89.jpg,112.0,112.0,112.0,202.13878188659973,180.0,2
train/6-25/9.jpg,112.0,112.0,37.93921415485791,112.0,270.0,3
train/6-25/90.jpg,112.0,112.0,112.0,22.955067522065026,0.0,0
train/6-25/92.jpg,112.0,112.0,208.79876032264048,112.0,90.0,1
train/6-25/93.jpg,112.0,112.0,112.0,205.1933474020544,180.0,2
train/6-25/95.jpg,112.0,112.0,200.20430828479977,112.0,90.0,1
train/6-25/96.jpg,112.0,112.0,43.18139786365899,112.0,270.0,3
train/6-25/97.jpg,112.0,112.0,112.0,19.642000887849463,0.0,0
train/6-25/98.jpg,112.0,112.0,112.0,42.93481340067197,0.0,0
train/6-25/99.jpg,112.0,112.0,112.0,18.255666837936275,0.0,0
train/6-30/1.jpg,112.0,112.0,112.0,67.59279337765096,0.0,0
train/6-30/10.jpg,112.0,112.0,67.44666118010907,112.0,270.0,3
train/6-30/12.jpg,112.0,112.0,112.0,48.87314359165348,0.0,0
train/6-30/13.jpg,112.0,112.0,149.33630940518896,112.0,90.0,1
train/6-30/15.jpg,112.0,112.0,112.0,36.833518108135465,0.0,0
train/6-30/16.jpg,112.0,112.0,112.0,78.62336146344273,0.0,0
train/6-30/19.jpg,112.0,112.0,68.43395817841608,112.0,270.0,3
train/6-30/2.jpg,112.0,112.0,112.0,25.907026999876464,0.0,0
train/6-30/20.jpg,112.0,112.0,112.0,65.7290587949629,0.0,0
train/6-30/26.jpg,112.0,112.0,25.79095175099077,112.0,270.0,3
train/6-30/28.jpg,112.0,112.0,112.0,43.88245453629439,0.0,0
train/6-30/29.jpg,112.0,112.0,112.0,85.52359541025254,0.0,0
train/6-30/31.jpg,112.0,112.0,85.07417596432748,112.0,270.0,3
train/6-30/37.jpg,112.0,112.0,112.0,77.63431944512084,0.0,0
train/6-30/38.jpg,112.0,112.0,112.0,21.91115496355833,0.0,0
train/6-30/42.jpg,112.0,112.0,6.828711142251379,112.0,270.0,3
train/6-30/45.jpg,112.0,112.0,112.0,65.7290587949629,0.0,0
train/6-30/48.jpg,112.0,112.0,112.0,74.51667037201737,0.0,0
train/6-30/50.jpg,112.0,112.0,157.39823785126467,112.0,90.0,1
train/6-30/51.jpg,112.0,112.0,112.0,20.912130335592977,0.0,0
train/6-30/53.jpg,112.0,112.0,112.0,40.824161402903016,0.0,0
train/6-30/59.jpg,112.0,112.0,112.0,81.5861873485089,0.0,0
train/6-30/61.jpg,112.0,112.0,112.0,33.83990788132347,0.0,0
train/6-30/63.jpg,112.0,112.0,157.39823785126467,112.0,90.0,1
train/6-30/64.jpg,112.0,112.0,112.0,6.957151599930427,0.0,0
train/6-30/66.jpg,112.0,112.0,67.44666118010907,112.0,270.0,3
train/6-30/71.jpg,112.0,112.0,112.0,42.81907777428809,0.0,0
train/6-30/72.jpg,112.0,112.0,112.0,65.7290587949629,0.0,0
train/6-30/73.jpg,112.0,112.0,78.265744413134,112.0,270.0,3
train/6-30/77.jpg,112.0,112.0,112.0,65.90227771353557,0.0,0
train/6-30/78.jpg,112.0,112.0,68.43395817841608,112.0,270.0,3
train/6-30/8.jpg,112.0,112.0,112.0,6.9238371465725805,0.0,0
train/6-30/82.jpg,112.0,112.0,67.44666118010907,112.0,270.0,3
train/6-30/84.jpg,112.0,112.0,70.22680285158916,112.0,270.0,3
train/6-30/85.jpg,112.0,112.0,66.4588098530572,112.0,270.0,3
train/6-30/90.jpg,112.0,112.0,112.0,40.93664798224053,0.0,0
train/6-30/93.jpg,112.0,112.0,35.76352578981633,112.0,270.0,3
train/6-30/95.jpg,112.0,112.0,112.0,25.907026999876464,0.0,0
train/6-30/96.jpg,112.0,112.0,112.0,154.7551166528639,180.0,2
train/6-30/99.jpg,112.0,112.0,112.0,73.52923187665732,0.0,0
train/6-35/0.jpg,112.0,112.0,112.0,20.474047396380517,0.0,0
train/6-35/1.jpg,112.0,112.0,188.27581530209957,112.0,90.0,1
train/6-35/10.jpg,112.0,112.0,22.412054382299843,112.0,270.0,3
train/6-35/12.jpg,112.0,112.0,112.0,217.6882207249228,180.0,2
train/6-35/13.jpg,112.0,112.0,112.0,19.642000887849463,0.0,0
train/6-35/14.jpg,112.0,112.0,134.80350850198275,112.0,90.0,1
train/6-35/15.jpg,112.0,112.0,112.0,199.3670418407308,180.0,2
train/6-35/16.jpg,112.0,112.0,112.0,19.642000887849463,0.0,0
train/6-35/17.jpg,112.0,112.0,112.0,19.642000887849463,0.0,0
train/6-35/18.jpg,112.0,112.0,112.0,56.19677428678518,0.0,0
train/6-35/20.jpg,112.0,112.0,112.0,208.79876032264048,180.0,2
train/6-35/24.jpg,112.0,112.0,112.0,33.50796218723838,0.0,0
train/6-35/26.jpg,112.0,112.0,112.0,189.3886296557834,180.0,2
train/6-35/27.jpg,112.0,112.0,112.0,162.21951811795887,180.0,2
train/6-35/29.jpg,112.0,112.0,112.0,9.374467114660009,0.0,0
train/6-35/31.jpg,112.0,112.0,112.0,45.96970392312329,0.0,0
train/6-35/33.jpg,112.0,112.0,112.0,20.474047396380517,0.0,0
train/6-35/34.jpg,112.0,112.0,112.0,26.297024555736684,0.0,0
train/6-35/35.jpg,112.0,112.0,112.0,20.19041444380657,0.0,0
train/6-35/4.jpg,112.0,112.0,22.412054382299843,112.0,270.0,3
train/6-35/41.jpg,112.0,112.0,20.731166327162924,112.0,270.0,3
train/6-35/44.jpg,112.0,112.0,112.0,16.868512047797765,0.0,0
train/6-35/46.jpg,112.0,112.0,112.0,202.4267659490264,180.0,2
train/6-35/47.jpg,112.0,112.0,112.0,19.642000887849463,0.0,0
train/6-35/48.jpg,112.0,112.0,112.0,72.30113351744158,0.0,0
train/6-35/49.jpg,112.0,112.0,112.0,40.152940213255775,0.0,0
train/6-35/51.jpg,112.0,112.0,202.13878188659973,112.0,90.0,1
train/6-35/52.jpg,112.0,112.0,216.56098698845568,112.0,90.0,1
train/6-35/53.jpg,112.0,112.0,167.80322571321483,112.0,90.0,1
train/6-35/56.jpg,112.0,112.0,20.19041444380657,112.0,270.0,3
train/6-35/57.jpg,112.0,112.0,112.0,49.57404385994557,0.0,0
train/6-35/60.jpg,112.0,112.0,112.0,40.152940213255775,0.0,0
train/6-35/61.jpg,112.0,112.0,112.0,19.642000887849463,0.0,0
train/6-35/64.jpg,112.0,112.0,112.0,7.152491684351418,0.0,0
train/6-35/66.jpg,112.0,112.0,184.67048919609664,112.0,90.0,1
train/6-35/67.jpg,112.0,112.0,112.0,21.86121811340027,0.0,0
train/6-35/7.jpg,112.0,112.0,112.0,51.78372313070161,0.0,0
train/6-35/71.jpg,112.0,112.0,186.0607858451421,112.0,90.0,1
train/6-35/72.jpg,112.0,112.0,112.0,22.691545752935568,0.0,0
train/6-35/73.jpg,112.0,112.0,112.0,22.691545752935568,0.0,0
train/6-35/75.jpg,112.0,112.0,22.412054382299843,112.0,270.0,3
train/6-35/76.jpg,112.0,112.0,26.85306817036799,112.0,270.0,3
train/6-35/78.jpg,112.0,112.0,112.0,201.8888202169769,180.0,2
train/6-35/79.jpg,112.0,112.0,112.0,53.991379950907294,0.0,0
train/6-35/80.jpg,112.0,112.0,112.0,187.71657678474375,180.0,2
train/6-35/82.jpg,112.0,112.0,112.0,21.86121811340027,0.0,0
train/6-35/83.jpg,112.0,112.0,112.0,201.58794561770011,180.0,2
train/6-35/85.jpg,112.0,112.0,199.9204185613331,112.0,90.0,1
train/6-35/86.jpg,112.0,112.0,22.412054382299843,112.0,270.0,3
train/6-35/88.jpg,112.0,112.0,112.0,40.152940213255775,0.0,0
train/6-35/9.jpg,112.0,112.0,191.88116173416608,112.0,90.0,1
train/6-35/90.jpg,112.0,112.0,24.33586822422754,112.0,270.0,3
train/6-35/91.jpg,112.0,112.0,112.0,19.642000887849463,0.0,0
train/6-35/93.jpg,112.0,112.0,112.0,18.255666837936275,0.0,0
train/6-35/98.jpg,112.0,112.0,40.71886645121306,112.0,270.0,3
train/6-35/99.jpg,112.0,112.0,112.0,44.57596867584971,0.0,0
train/6-40/0.jpg,112.0,112.0,112.0,209.4935895328508,180.0,2
train/6-40/1.jpg,112.0,112.0,41.31761181171083,112.0,270.0,3
train/6-40/10.jpg,112.0,112.0,26.85306817036799,112.0,270.0,3
train/6-40/12.jpg,112.0,112.0,112.0,6.453801584329909,0.0,0
train/6-40/13.jpg,112.0,112.0,112.0,50.67300757415215,0.0,0
train/6-40/17.jpg,112.0,112.0,112.0,23.0,0.0,0
train/6-40/19.jpg,112.0,112.0,112.0,20.76404217634365,0.0,0
train/6-40/2.jpg,112.0,112.0,112.0,28.80745225682772,0.0,0
train/6-40/21.jpg,112.0,112.0,112.0,7.34819638439096,0.0,0
train/6-40/26.jpg,112.0,112.0,192.0562302385017,112.0,90.0,1
train/6-40/27.jpg,112.0,112.0,112.0,63.53351673578946,0.0,0
train/6-40/3.jpg,112.0,112.0,22.10005561736982,112.0,270.0,3
train/6-40/31.jpg,112.0,112.0,112.0,17.628394100767792,0.0,0
train/6-40/32.jpg,112.0,112.0,169.27128425310542,112.0,90.0,1
train/6-40/38.jpg,112.0,112.0,23.897786633932967,112.0,270.0,3
train/6-40/4.jpg,112.0,112.0,112.0,18.085144945008835,0.0,0
train/6-40/40.jpg,112.0,112.0,112.0,57.37399886500935,0.0,0
train/6-40/44.jpg,112.0,112.0,112.0,11.820161709054446,0.0,0
train/6-40/45.jpg,112.0,112.0,112.0,206.36630754670864,180.0,2
train/6-40/48.jpg,112.0,112.0,174.24146527838172,112.0,90.0,1
train/6-40/5.jpg,112.0,112.0,112.0,35.94081252077433,0.0,0
train/6-40/50.jpg,112.0,112.0,112.0,55.140524096682,0.0,0
train/6-40/51.jpg,112.0,112.0,112.0,20.32121292250862,0.0,0
train/6-40/52.jpg,112.0,112.0,112.0,10.019609728144305,0.0,0
train/6-40/54.jpg,112.0,112.0,63.895946116777225,112.0,270.0,3
train/6-40/56.jpg,112.0,112.0,112.0,13.156689654787456,0.0,0
train/6-40/57.jpg,112.0,112.0,112.0,48.43900567171718,0.0,0
train/6-40/60.jpg,112.0,112.0,112.0,188.92203845452875,180.0,2
train/6-40/64.jpg,112.0,112.0,112.0,22.10005561736982,0.0,0
train/6-40/65.jpg,112.0,112.0,112.0,40.41089468361824,0.0,0
train/6-40/69.jpg,112.0,112.0,169.27128425310542,112.0,90.0,1
train/6-40/7.jpg,112.0,112.0,112.0,23.43364069806188,0.0,0
train/6-40/70.jpg,112.0,112.0,14.50641046714918,112.0,270.0,3
train/6-40/71.jpg,112.0,112.0,112.0,38.175884698833,0.0,0
train/6-40/73.jpg,112.0,112.0,112.0,52.90685318922337,0.0,0
train/6-40/75.jpg,112.0,112.0,112.0,35.94081252077433,0.0,0
train/6-40/76.jpg,112.0,112.0,25.235952146064548,112.0,270.0,3
train/6-40/78.jpg,112.0,112.0,112.0,20.32121292250862,0.0,0
train/6-40/79.jpg,112.0,112.0,54.22457269738284,112.0,270.0,3
train/6-40/80.jpg,112.0,112.0,112.0,8.68494785366461,0.0,0
train/6-40/82.jpg,112.0,112.0,112.0,17.628394100767792,0.0,0
train/6-40/83.jpg,112.0,112.0,112.0,180.4470598345904,180.0,2
train/6-40/84.jpg,112.0,112.0,112.0,47.11548720996666,0.0,0
train/6-40/9.jpg,112.0,112.0,112.0,42.64583646240119,0.0,0
train/6-40/90.jpg,112.0,112.0,112.0,24.33586822422754,0.0,0
train/6-40/91.jpg,112.0,112.0,172.41522986797287,112.0,90.0,1
train/6-40/93.jpg,112.0,112.0,112.0,27.904815833485443,0.0,0
train/6-40/96.jpg,112.0,112.0,112.0,42.64583646240119,0.0,0
train/6-40/97.jpg,112.0,112.0,112.0,24.33586822422754,0.0,0
train/6-40/99.jpg,112.0,112.0,44.88070322180066,112.0,270.0,3
train/6-45/0.jpg,112.0,112.0,112.0,213.1780608630152,180.0,2
train/6-45/1.jpg,112.0,112.0,112.0,64.4815825179331,0.0,0
train/6-45/10.jpg,112.0,112.0,112.0,66.60176214873533,0.0,0
train/6-45/12.jpg,112.0,112.0,112.0,19.73407996448526,0.0,0
train/6-45/15.jpg,112.0,112.0,112.0,201.20201791439476,180.0,2
train/6-45/17.jpg,112.0,112.0,41.88580742816758,112.0,270.0,3
train/6-45/18.jpg,112.0,112.0,112.0,182.34912934784623,180.0,2
train/6-45/19.jpg,112.0,112.0,67.71682034903094,112.0,270.0,3
train/6-45/2.jpg,112.0,112.0,112.0,35.894809638238215,0.0,0
train/6-45/21.jpg,112.0,112.0,112.0,40.824161402903016,0.0,0
train/6-45/24.jpg,112.0,112.0,112.0,44.88070322180066,0.0,0
train/6-45/26.jpg,112.0,112.0,112.0,29.90249699290483,0.0,0
train/6-45/27.jpg,112.0,112.0,112.0,25.628708473243265,0.0,0
train/6-45/28.jpg,112.0,112.0,112.0,168.32051136131489,180.0,2
train/6-45/3.jpg,112.0,112.0,112.0,78.04414630730071,0.0,0
train/6-45/32.jpg,112.0,112.0,112.0,23.54096993522934,0.0,0
train/6-45/33.jpg,112.0,112.0,112.0,200.2779700718135,180.0,2
train/6-45/37.jpg,112.0,112.0,189.1621668954417,112.0,90.0,1
train/6-45/4.jpg,112.0,112.0,112.0,13.750318066672603,0.0,0
train/6-45/40.jpg,112.0,112.0,112.0,53.862232585005465,0.0,0
train/6-45/42.jpg,112.0,112.0,112.0,217.1712888577486,180.0,2
train/6-45/43.jpg,112.0,112.0,112.0,66.72307430931292,0.0,0
train/6-45/45.jpg,112.0,112.0,112.0,15.745129993334883,0.0,0
train/6-45/46.jpg,112.0,112.0,112.0,84.34136662812134,0.0,0
train/6-45/47.jpg,112.0,112.0,112.0,19.652828955078437,0.0,0
train/6-45/49.jpg,112.0,112.0,112.0,168.22277118748238,180.0,2
train/6-45/51.jpg,112.0,112.0,112.0,19.9130845342293,0.0,0
train/6-45/52.jpg,112.0,112.0,112.0,200.20430828479977,180.0,2
train/6-45/57.jpg,112.0,112.0,112.0,49.87110173196373,0.0,0
train/6-45/60.jpg,112.0,112.0,112.0,8.689787532887152,0.0,0
train/6-45/62.jpg,112.0,112.0,112.0,38.89049309426304,0.0,0
train/6-45/63.jpg,112.0,112.0,112.0,39.888974490720216,0.0,0
train/6-45/64.jpg,112.0,112.0,112.0,9.76008607202371,0.0,0
train/6-45/66.jpg,112.0,112.0,192.156097709407,112.0,90.0,1
train/6-45/69.jpg,112.0,112.0,174.28964600958977,112.0,90.0,1
train/6-45/7.jpg,112.0,112.0,181.2603782836912,112.0,90.0,1
train/6-45/71.jpg,112.0,112.0,155.18564576337835,112.0,90.0,1
train/6-45/72.jpg,112.0,112.0,112.0,21.72818823131996,0.0,0
train/6-45/73.jpg,112.0,112.0,112.0,66.60176214873533,0.0,0
train/6-45/74.jpg,112.0,112.0,112.0,75.3257583582155,0.0,0
train/6-45/78.jpg,112.0,112.0,112.0,19.9130845342293,0.0,0
train/6-45/79.jpg,112.0,112.0,112.0,64.7347908076141,0.0,0
train/6-45/8.jpg,112.0,112.0,212.12492197250396,112.0,90.0,1
train/6-45/80.jpg,112.0,112.0,112.0,83.13826062067638,0.0,0
train/6-45/82.jpg,112.0,112.0,112.0,66.60176214873533,0.0,0
train/6-45/83.jpg,112.0,112.0,112.0,39.82659769693548,0.0,0
train/6-45/85.jpg,112.0,112.0,112.0,51.86681448650837,0.0,0
train/6-45/86.jpg,112.0,112.0,112.0,75.50342481821068,0.0,0
train/6-45/88.jpg,112.0,112.0,205.1933474020544,112.0,90.0,1
train/6-45/89.jpg,112.0,112.0,41.88580742816758,112.0,270.0,3
train/6-45/9.jpg,112.0,112.0,112.0,41.88580742816758,0.0,0
train/6-45/90.jpg,112.0,112.0,184.1734023030645,112.0,90.0,1
train/6-45/91.jpg,112.0,112.0,112.0,50.795425007602574,0.0,0
train/6-45/92.jpg,112.0,112.0,112.0,21.72818823131996,0.0,0
train/6-45/93.jpg,112.0,112.0,112.0,32.69047976440659,0.0,0
train/6-45/95.jpg,112.0,112.0,112.0,20.731166327162924,0.0,0
train/6-45/98.jpg,112.0,112.0,112.0,7.764689284292913,0.0,0
train/6-45/99.jpg,112.0,112.0,112.0,44.813691871036696,0.0,0
train/6-50/0.jpg,112.0,112.0,112.0,7.343418744925557,0.0,0
train/6-50/10.jpg,112.0,112.0,112.0,9.374467114660009,0.0,0
train/6-50/20.jpg,112.0,112.0,112.0,17.421989870795016,0.0,0
train/6-50/24.jpg,112.0,112.0,8.8253907203909,112.0,270.0,3
train/6-50/25.jpg,112.0,112.0,43.12329856910975,112.0,270.0,3
train/6-50/27.jpg,112.0,112.0,112.0,17.131670194948626,0.0,0
train/6-50/30.jpg,112.0,112.0,197.9825563704639,112.0,90.0,1
train/6-50/32.jpg,112.0,112.0,173.85466837676847,112.0,90.0,1
train/6-50/34.jpg,112.0,112.0,200.20430828479977,112.0,90.0,1
train/6-50/38.jpg,112.0,112.0,112.0,20.19041444380657,0.0,0
train/6-50/45.jpg,112.0,112.0,208.2548700066651,112.0,90.0,1
train/6-50/49.jpg,112.0,112.0,112.0,21.027476675646724,0.0,0
train/6-50/51.jpg,112.0,112.0,112.0,21.86121811340027,0.0,0
train/6-50/59.jpg,112.0,112.0,144.649655434629,112.0,90.0,1
train/6-50/60.jpg,112.0,112.0,112.0,9.374467114660009,0.0,0
train/6-50/61.jpg,112.0,112.0,202.4267659490264,112.0,90.0,1
train/6-50/63.jpg,112.0,112.0,21.21453860887196,112.0,270.0,3
train/6-50/71.jpg,112.0,112.0,112.0,12.430928496846974,0.0,0
train/6-50/72.jpg,112.0,112.0,112.0,19.869657549751835,0.0,0
train/6-50/74.jpg,112.0,112.0,112.0,11.0445642870083,0.0,0
train/6-50/75.jpg,112.0,112.0,21.86121811340027,112.0,270.0,3
train/6-50/78.jpg,112.0,112.0,21.21453860887196,112.0,270.0,3
train/6-50/8.jpg,112.0,112.0,18.255666837936275,112.0,270.0,3
train/6-50/80.jpg,112.0,112.0,112.0,22.691545752935568,0.0,0
train/6-50/87.jpg,112.0,112.0,214.08329931972224,112.0,90.0,1
train/6-50/88.jpg,112.0,112.0,112.0,43.75778432670873,0.0,0
train/6-50/9.jpg,112.0,112.0,181.8927750200262,112.0,90.0,1
train/6-50/91.jpg,112.0,112.0,199.3670418407308,112.0,90.0,1
train/6-50/93.jpg,112.0,112.0,112.0,16.036465258932864,0.0,0
train/6-50/95.jpg,112.0,112.0,6.453801584329909,112.0,270.0,3
train/6-50/97.jpg,112.0,112.0,112.0,5.76911936729509,0.0,0
train/6-50/98.jpg,112.0,112.0,181.06518659932803,112.0,90.0,1
train/6-55/0.jpg,112.0,112.0,112.0,7.152491684351418,0.0,0
train/6-55/1.jpg,112.0,112.0,112.0,35.72418469790047,0.0,0
train/6-55/13.jpg,112.0,112.0,112.0,26.297024555736684,0.0,0
train/6-55/15.jpg,112.0,112.0,193.39410298049853,112.0,90.0,1
train/6-55/16.jpg,112.0,112.0,112.0,25.235952146064548,0.0,0
train/6-55/18.jpg,112.0,112.0,112.0,19.642000887849463,0.0,0
train/6-55/19.jpg,112.0,112.0,17.126399878575285,112.0,270.0,3
train/6-55/2.jpg,112.0,112.0,112.0,212.9554357129917,180.0,2
train/6-55/20.jpg,112.0,112.0,112.0,38.65151671643101,0.0,0
train/6-55/21.jpg,112.0,112.0,112.0,35.72418469790047,0.0,0
train/6-55/22.jpg,112.0,112.0,112.0,22.11117978302308,0.0,0
train/6-55/24.jpg,112.0,112.0,112.0,191.32212806020777,180.0,2
train/6-55/25.jpg,112.0,112.0,112.0,40.71886645121306,0.0,0
train/6-55/26.jpg,112.0,112.0,112.0,14.95361933590722,0.0,0
train/6-55/28.jpg,112.0,112.0,17.968090522418933,112.0,270.0,3
train/6-55/29.jpg,112.0,112.0,112.0,217.0951949424901,180.0,2
train/6-55/3.jpg,112.0,112.0,22.412054382299843,112.0,270.0,3
train/6-55/30.jpg,112.0,112.0,112.0,19.869657549751835,0.0,0
train/6-55/31.jpg,112.0,112.0,36.28342321525622,112.0,270.0,3
train/6-55/32.jpg,112.0,112.0,112.0,40.152940213255775,0.0,0
train/6-55/34.jpg,112.0,112.0,112.0,213.78899744078436,180.0,2
train/6-55/36.jpg,112.0,112.0,112.0,6.3117792750772,0.0,0
train/6-55/37.jpg,112.0,112.0,112.0,34.61137034421658,0.0,0
train/6-55/38.jpg,112.0,112.0,21.66174675144532,112.0,270.0,3
train/6-55/4.jpg,112.0,112.0,201.8943824718764,112.0,90.0,1
train/6-55/40.jpg,112.0,112.0,39.32951080390335,112.0,270.0,3
train/6-55/41.jpg,112.0,112.0,112.0,20.32121292250862,0.0,0
train/6-55/42.jpg,112.0,112.0,112.0,43.5529401654096,0.0,0
train/6-55/45.jpg,112.0,112.0,210.83825170448935,112.0,90.0,1
train/6-55/46.jpg,112.0,112.0,112.0,21.66174675144532,0.0,0
train/6-55/48.jpg,112.0,112.0,112.0,33.2789735839274,0.0,0
train/6-55/5.jpg,112.0,112.0,112.0,34.179694166625126,0.0,0
train/6-55/50.jpg,112.0,112.0,169.27128425310542,112.0,90.0,1
train/6-55/51.jpg,112.0,112.0,199.2066511224918,112.0,90.0,1
train/6-55/52.jpg,112.0,112.0,112.0,36.41561007721238,0.0,0
train/6-55/53.jpg,112.0,112.0,112.0,24.07958143866693,0.0,0
train/6-55/56.jpg,112.0,112.0,112.0,199.3670418407308,180.0,2
train/6-55/58.jpg,112.0,112.0,6.3117792750772,112.0,270.0,3
train/6-55/61.jpg,112.0,112.0,112.0,17.189663010829875,0.0,0
train/6-55/62.jpg,112.0,112.0,29.072320664328245,112.0,270.0,3
train/6-55/63.jpg,112.0,112.0,112.0,20.32121292250862,0.0,0
train/6-55/66.jpg,112.0,112.0,183.1125867902441,112.0,90.0,1
train/6-55/67.jpg,112.0,112.0,112.0,6.453801584329909,0.0,0
train/6-55/68.jpg,112.0,112.0,112.0,14.50641046714918,0.0,0
train/6-55/7.jpg,112.0,112.0,112.0,41.31761181171083,0.0,0
train/6-55/73.jpg,112.0,112.0,112.0,20.32121292250862,0.0,0
train/6-55/74.jpg,112.0,112.0,112.0,48.02344179310675,0.0,0
train/6-55/75.jpg,112.0,112.0,112.0,21.86121811340027,0.0,0
train/6-55/76.jpg,112.0,112.0,112.0,21.21453860887196,0.0,0
train/6-55/78.jpg,112.0,112.0,112.0,21.21453860887196,0.0,0
train/6-55/79.jpg,112.0,112.0,112.0,181.63476143421477,180.0,2
train/6-55/8.jpg,112.0,112.0,6.3117792750772,112.0,270.0,3
train/6-55/80.jpg,112.0,112.0,36.28342321525622,112.0,270.0,3
train/6-55/85.jpg,112.0,112.0,200.10221336606705,112.0,90.0,1
train/6-55/86.jpg,112.0,112.0,112.0,17.189663010829875,0.0,0
train/6-55/87.jpg,112.0,112.0,112.0,14.95361933590722,0.0,0
train/6-55/88.jpg,112.0,112.0,180.87670143089025,112.0,90.0,1
train/6-55/89.jpg,112.0,112.0,112.0,176.0702739185654,180.0,2
train/6-55/9.jpg,112.0,112.0,112.0,202.33825324855468,180.0,2
train/6-55/90.jpg,112.0,112.0,22.955067522065026,112.0,270.0,3
train/6-55/91.jpg,112.0,112.0,112.0,28.513474141032788,0.0,0
train/6-55/92.jpg,112.0,112.0,112.0,17.63369245329136,0.0,0
train/6-55/93.jpg,112.0,112.0,112.0,15.849076967509047,0.0,0
train/6-55/95.jpg,112.0,112.0,218.2308806327049,112.0,90.0,1
train/6-55/96.jpg,112.0,112.0,36.28342321525622,112.0,270.0,3
train/6-55/97.jpg,112.0,112.0,112.0,196.52810183601665,180.0,2
train/6-55/98.jpg,112.0,112.0,183.1125867902441,112.0,90.0,1
train/6-55/99.jpg,112.0,112.0,112.0,43.5529401654096,0.0,0
train/7-00/10.jpg,112.0,112.0,112.0,30.845825738906072,0.0,0
train/7-00/12.jpg,112.0,112.0,112.0,170.13776741499453,180.0,2
train/7-00/13.jpg,112.0,112.0,112.0,172.13318551349164,180.0,2
train/7-00/14.jpg,112.0,112.0,112.0,61.51237775454265,0.0,0
train/7-00/15.jpg,112.0,112.0,44.88070322180066,112.0,270.0,3
train/7-00/16.jpg,112.0,112.0,112.0,34.8378331045583,0.0,0
train/7-00/17.jpg,112.0,112.0,112.0,33.83990788132347,0.0,0
train/7-00/18.jpg,112.0,112.0,112.0,58.76467338317534,0.0,0
train/7-00/19.jpg,112.0,112.0,217.1712888577486,112.0,90.0,1
train/7-00/2.jpg,112.0,112.0,112.0,198.09297300012355,180.0,2
train/7-00/20.jpg,112.0,112.0,112.0,28.84953397605038,0.0,0
train/7-00/23.jpg,112.0,112.0,112.0,50.795425007602574,0.0,0
train/7-00/27.jpg,112.0,112.0,112.0,65.6103459810272,0.0,0
train/7-00/28.jpg,112.0,112.0,112.0,189.1038261048049,180.0,2
train/7-00/29.jpg,112.0,112.0,112.0,6.828711142251379,0.0,0
train/7-00/3.jpg,112.0,112.0,172.40695324215582,112.0,90.0,1
train/7-00/30.jpg,112.0,112.0,112.0,19.864230615900325,0.0,0
train/7-00/31.jpg,112.0,112.0,176.19501538281614,112.0,90.0,1
train/7-00/32.jpg,112.0,112.0,177.19202405202648,112.0,90.0,1
train/7-00/33.jpg,112.0,112.0,112.0,185.17103251970687,180.0,2
train/7-00/34.jpg,112.0,112.0,112.0,28.84953397605038,0.0,0
train/7-00/38.jpg,112.0,112.0,112.0,202.08884503644168,180.0,2
train/7-00/4.jpg,112.0,112.0,112.0,30.845825738906072,0.0,0
train/7-00/40.jpg,112.0,112.0,112.0,55.77722881251761,0.0,0
train/7-00/41.jpg,112.0,112.0,176.2806347199528,112.0,90.0,1
train/7-00/42.jpg,112.0,112.0,112.0,206.0850678907126,180.0,2
train/7-00/44.jpg,112.0,112.0,112.0,19.80455542707112,0.0,0
train/7-00/45.jpg,112.0,112.0,112.0,26.85306817036799,0.0,0
train/7-00/46.jpg,112.0,112.0,184.1734023030645,112.0,90.0,1
train/7-00/48.jpg,112.0,112.0,112.0,172.20797289396148,180.0,2
train/7-00/49.jpg,112.0,112.0,187.23961722390672,112.0,90.0,1
train/7-00/5.jpg,112.0,112.0,112.0,35.76352578981633,0.0,0
train/7-00/50.jpg,112.0,112.0,112.0,54.6850804763716,0.0,0
train/7-00/51.jpg,112.0,112.0,19.9130845342293,112.0,270.0,3
train/7-00/52.jpg,112.0,112.0,112.0,44.813691871036696,0.0,0
train/7-00/55.jpg,112.0,112.0,112.0,37.93921415485791,0.0,0
train/7-00/56.jpg,112.0,112.0,112.0,32.8419302913468,0.0,0
train/7-00/57.jpg,112.0,112.0,59.53096151062038,112.0,270.0,3
train/7-00/60.jpg,112.0,112.0,187.1664818918645,112.0,90.0,1
train/7-00/62.jpg,112.0,112.0,112.0,32.8419302913468,0.0,0
train/7-00/63.jpg,112.0,112.0,112.0,32.8419302913468,0.0,0
train/7-00/65.jpg,112.0,112.0,112.0,178.18912297349164,180.0,2
train/7-00/66.jpg,112.0,112.0,112.0,176.1248781675256,180.0,2
train/7-00/69.jpg,112.0,112.0,44.88070322180066,112.0,270.0,3
train/7-00/7.jpg,112.0,112.0,112.0,174.12889826803627,180.0,2
train/7-00/71.jpg,112.0,112.0,112.0,193.15417426109397,180.0,2
train/7-00/72.jpg,112.0,112.0,19.9130845342293,112.0,270.0,3
train/7-00/73.jpg,112.0,112.0,112.0,56.773194914063694,0.0,0
train/7-00/74.jpg,112.0,112.0,112.0,49.710353990410255,0.0,0
train/7-00/75.jpg,112.0,112.0,112.0,21.800221729762555,0.0,0
train/7-00/78.jpg,112.0,112.0,112.0,203.08786966440704,180.0,2
train/7-00/79.jpg,112.0,112.0,112.0,51.70074627327466,0.0,0
train/7-00/82.jpg,112.0,112.0,112.0,30.845825738906072,0.0,0
train/7-00/84.jpg,112.0,112.0,112.0,177.19202405202648,180.0,2
train/7-00/85.jpg,112.0,112.0,112.0,54.78112199632013,0.0,0
train/7-00/87.jpg,112.0,112.0,188.16429609731847,112.0,90.0,1
train/7-00/88.jpg,112.0,112.0,175.19810123729985,112.0,90.0,1
train/7-00/89.jpg,112.0,112.0,112.0,52.78851462765015,0.0,0
train/7-00/9.jpg,112.0,112.0,112.0,46.80797594797352,0.0,0
train/7-00/91.jpg,112.0,112.0,168.32051136131489,112.0,90.0,1
train/7-00/92.jpg,112.0,112.0,19.9130845342293,112.0,270.0,3
train/7-00/93.jpg,112.0,112.0,34.89617389519506,112.0,270.0,3
train/7-00/95.jpg,112.0,112.0,112.0,196.09518416651457,180.0,2
train/7-00/96.jpg,112.0,112.0,45.81087702650835,112.0,270.0,3
train/7-00/97.jpg,112.0,112.0,112.0,204.0869154657707,180.0,2
train/7-00/99.jpg,112.0,112.0,112.0,43.73580733649595,0.0,0
train/7-05/0.jpg,112.0,112.0,7.798272567101847,112.0,270.0,3
train/7-05/1.jpg,112.0,112.0,112.0,37.11341909260378,0.0,0
train/7-05/10.jpg,112.0,112.0,112.0,21.5732340509736,0.0,0
train/7-05/12.jpg,112.0,112.0,7.9903850598416994,112.0,270.0,3
train/7-05/13.jpg,112.0,112.0,190.29431652425356,112.0,90.0,1
train/7-05/14.jpg,112.0,112.0,45.78821857101261,112.0,270.0,3
train/7-05/17.jpg,112.0,112.0,112.0,200.54942122905152,180.0,2
train/7-05/18.jpg,112.0,112.0,112.0,181.77105417004964,180.0,2
train/7-05/19.jpg,112.0,112.0,112.0,26.85306817036799,0.0,0
train/7-05/2.jpg,112.0,112.0,21.027476675646724,112.0,270.0,3
train/7-05/20.jpg,112.0,112.0,23.897786633932967,112.0,270.0,3
train/7-05/21.jpg,112.0,112.0,52.5189105681478,112.0,270.0,3
train/7-05/22.jpg,112.0,112.0,112.0,167.47071299343466,180.0,2
train/7-05/24.jpg,112.0,112.0,21.86121811340027,112.0,270.0,3
train/7-05/25.jpg,112.0,112.0,5.995283123815668,112.0,270.0,3
train/7-05/26.jpg,112.0,112.0,20.19041444380657,112.0,270.0,3
train/7-05/27.jpg,112.0,112.0,112.0,18.8066525979456,0.0,0
train/7-05/28.jpg,112.0,112.0,19.42570551173506,112.0,270.0,3
train/7-05/29.jpg,112.0,112.0,218.06601717798213,112.0,90.0,1
train/7-05/30.jpg,112.0,112.0,19.35012142479624,112.0,270.0,3
train/7-05/31.jpg,112.0,112.0,112.0,42.10722497997379,0.0,0
train/7-05/32.jpg,112.0,112.0,112.0,196.970583144992,180.0,2
train/7-05/33.jpg,112.0,112.0,112.0,24.63295815926924,0.0,0
train/7-05/34.jpg,112.0,112.0,21.86121811340027,112.0,270.0,3
train/7-05/4.jpg,112.0,112.0,112.0,26.85306817036799,0.0,0
train/7-05/40.jpg,112.0,112.0,112.0,22.412054382299843,0.0,0
train/7-05/42.jpg,112.0,112.0,112.0,18.506684730939185,0.0,0
train/7-05/44.jpg,112.0,112.0,112.0,63.15330103272075,0.0,0
train/7-05/47.jpg,112.0,112.0,204.3579991121505,112.0,90.0,1
train/7-05/48.jpg,112.0,112.0,112.0,200.10221336606705,180.0,2
train/7-05/49.jpg,112.0,112.0,112.0,24.63295815926924,0.0,0
train/7-05/5.jpg,112.0,112.0,18.8066525979456,112.0,270.0,3
train/7-05/51.jpg,112.0,112.0,112.0,8.226207547377356,0.0,0
train/7-05/52.jpg,112.0,112.0,21.66174675144532,112.0,270.0,3
train/7-05/53.jpg,112.0,112.0,215.75451797391764,112.0,90.0,1
train/7-05/56.jpg,112.0,112.0,112.0,14.95361933590722,0.0,0
train/7-05/57.jpg,112.0,112.0,112.0,217.6882207249228,180.0,2
train/7-05/59.jpg,112.0,112.0,112.0,80.75900129637338,0.0,0
train/7-05/62.jpg,112.0,112.0,112.0,204.3579991121505,180.0,2
train/7-05/63.jpg,112.0,112.0,112.0,201.4427190999916,180.0,2
train/7-05/65.jpg,112.0,112.0,112.0,23.43364069806188,0.0,0
train/7-05/66.jpg,112.0,112.0,112.0,10.03431949915698,0.0,0
train/7-05/67.jpg,112.0,112.0,201.58794561770011,112.0,90.0,1
train/7-05/69.jpg,112.0,112.0,112.0,39.888974490720216,0.0,0
train/7-05/71.jpg,112.0,112.0,112.0,15.745129993334883,0.0,0
train/7-05/72.jpg,112.0,112.0,21.86121811340027,112.0,270.0,3
train/7-05/73.jpg,112.0,112.0,112.0,188.5375724726098,180.0,2
train/7-05/78.jpg,112.0,112.0,112.0,28.238433634512305,0.0,0
train/7-05/79.jpg,112.0,112.0,112.0,54.57178393855508,0.0,0
train/7-05/8.jpg,112.0,112.0,112.0,21.027476675646724,0.0,0
train/7-05/80.jpg,112.0,112.0,170.13776741499453,112.0,90.0,1
train/7-05/82.jpg,112.0,112.0,112.0,212.18482919085105,180.0,2
train/7-05/83.jpg,112.0,112.0,210.18350166906865,112.0,90.0,1
train/7-05/84.jpg,112.0,112.0,202.33825324855468,112.0,90.0,1
train/7-05/85.jpg,112.0,112.0,37.29390921752096,112.0,270.0,3
train/7-05/86.jpg,112.0,112.0,18.8066525979456,112.0,270.0,3
train/7-05/87.jpg,112.0,112.0,112.0,21.5732340509736,0.0,0
train/7-05/88.jpg,112.0,112.0,112.0,8.245482026082357,0.0,0
train/7-05/91.jpg,112.0,112.0,112.0,165.22593352868506,180.0,2
train/7-05/92.jpg,112.0,112.0,112.0,51.5351341686761,0.0,0
train/7-05/93.jpg,112.0,112.0,112.0,197.7029754442633,180.0,2
train/7-05/95.jpg,112.0,112.0,7.798272567101847,112.0,270.0,3
train/7-05/96.jpg,112.0,112.0,112.0,170.591808301161,180.0,2
train/7-05/97.jpg,112.0,112.0,112.0,18.8066525979456,0.0,0
train/7-05/98.jpg,112.0,112.0,9.140873035009676,112.0,270.0,3
train/7-05/99.jpg,112.0,112.0,112.0,170.13776741499453,180.0,2
train/7-10/0.jpg,112.0,112.0,112.0,10.211002559215656,0.0,0
train/7-10/1.jpg,112.0,112.0,112.0,37.75042087661372,0.0,0
train/7-10/10.jpg,112.0,112.0,210.18350166906865,112.0,90.0,1
train/7-10/13.jpg,112.0,112.0,112.0,43.75778432670873,0.0,0
train/7-10/14.jpg,112.0,112.0,112.0,59.607252410281056,0.0,0
train/7-10/15.jpg,112.0,112.0,112.0,14.650115562472294,0.0,0
train/7-10/16.jpg,112.0,112.0,27.685114007074645,112.0,270.0,3
train/7-10/17.jpg,112.0,112.0,112.0,19.642000887849463,0.0,0
train/7-10/18.jpg,112.0,112.0,112.0,202.4267659490264,180.0,2
train/7-10/19.jpg,112.0,112.0,205.1933474020544,112.0,90.0,1
train/7-10/2.jpg,112.0,112.0,112.0,11.352098879310944,0.0,0
train/7-10/20.jpg,112.0,112.0,204.64987857520376,112.0,90.0,1
train/7-10/21.jpg,112.0,112.0,112.0,195.76156636548768,180.0,2
train/7-10/26.jpg,112.0,112.0,112.0,27.685114007074645,0.0,0
train/7-10/27.jpg,112.0,112.0,112.0,205.74433316206373,180.0,2
train/7-10/28.jpg,112.0,112.0,18.085144945008835,112.0,270.0,3
train/7-10/29.jpg,112.0,112.0,112.0,205.1933474020544,180.0,2
train/7-10/31.jpg,112.0,112.0,24.07958143866693,112.0,270.0,3
train/7-10/34.jpg,112.0,112.0,112.0,211.32270636667124,180.0,2
train/7-10/35.jpg,112.0,112.0,112.0,177.11528238439882,180.0,2
train/7-10/38.jpg,112.0,112.0,112.0,24.79334887750821,0.0,0
train/7-10/40.jpg,112.0,112.0,112.0,201.58794561770011,180.0,2
train/7-10/42.jpg,112.0,112.0,112.0,41.54434018476586,0.0,0
train/7-10/44.jpg,112.0,112.0,210.47842403288143,112.0,90.0,1
train/7-10/45.jpg,112.0,112.0,112.0,13.81649833093138,0.0,0
train/7-10/46.jpg,112.0,112.0,112.0,21.21453860887196,0.0,0
train/7-10/47.jpg,112.0,112.0,112.0,7.9903850598416994,0.0,0
train/7-10/48.jpg,112.0,112.0,112.0,22.127868613234725,0.0,0
train/7-10/49.jpg,112.0,112.0,112.0,11.815170809148952,0.0,0
train/7-10/50.jpg,112.0,112.0,34.3340486442096,112.0,270.0,3
train/7-10/53.jpg,112.0,112.0,112.0,48.928611875114086,0.0,0
train/7-10/54.jpg,112.0,112.0,161.39635614091387,112.0,90.0,1
train/7-10/56.jpg,112.0,112.0,17.189663010829875,112.0,270.0,3
train/7-10/57.jpg,112.0,112.0,112.0,217.9905656178888,180.0,2
train/7-10/58.jpg,112.0,112.0,112.0,20.19041444380657,0.0,0
train/7-10/60.jpg,112.0,112.0,6.605502989956818,112.0,270.0,3
train/7-10/62.jpg,112.0,112.0,112.0,35.077961545471254,0.0,0
train/7-10/64.jpg,112.0,112.0,202.4267659490264,112.0,90.0,1
train/7-10/66.jpg,112.0,112.0,112.0,32.118838265833915,0.0,0
train/7-10/67.jpg,112.0,112.0,215.46496991735896,112.0,90.0,1
train/7-10/69.jpg,112.0,112.0,112.0,35.72418469790047,0.0,0
train/7-10/7.jpg,112.0,112.0,112.0,19.642000887849463,0.0,0
train/7-10/71.jpg,112.0,112.0,112.0,25.235952146064548,0.0,0
train/7-10/73.jpg,112.0,112.0,21.66174675144532,112.0,270.0,3
train/7-10/75.jpg,112.0,112.0,112.0,20.474047396380517,0.0,0
train/7-10/76.jpg,112.0,112.0,201.4427190999916,112.0,90.0,1
train/7-10/78.jpg,112.0,112.0,18.8066525979456,112.0,270.0,3
train/7-10/79.jpg,112.0,112.0,112.0,15.849076967509047,0.0,0
train/7-10/8.jpg,112.0,112.0,112.0,10.211002559215656,0.0,0
train/7-10/80.jpg,112.0,112.0,112.0,189.93587107359485,180.0,2
train/7-10/82.jpg,112.0,112.0,112.0,13.81649833093138,0.0,0
train/7-10/83.jpg,112.0,112.0,112.0,13.161748295510606,0.0,0
train/7-10/84.jpg,112.0,112.0,185.49829930005183,112.0,90.0,1
train/7-10/87.jpg,112.0,112.0,34.179694166625126,112.0,270.0,3
train/7-10/88.jpg,112.0,112.0,112.0,18.255666837936275,0.0,0
train/7-10/89.jpg,112.0,112.0,217.6882207249228,112.0,90.0,1
train/7-10/9.jpg,112.0,112.0,112.0,34.3340486442096,0.0,0
train/7-10/91.jpg,112.0,112.0,112.0,34.3340486442096,0.0,0
train/7-10/92.jpg,112.0,112.0,112.0,16.286887000787615,0.0,0
train/7-10/93.jpg,112.0,112.0,201.58794561770011,112.0,90.0,1
train/7-10/95.jpg,112.0,112.0,199.3670418407308,112.0,90.0,1
train/7-10/96.jpg,112.0,112.0,112.0,35.15600218624749,0.0,0
train/7-10/97.jpg,112.0,112.0,112.0,215.46496991735896,180.0,2
train/7-10/98.jpg,112.0,112.0,191.32212806020777,112.0,90.0,1
train/7-15/10.jpg,112.0,112.0,112.0,198.09297300012355,180.0,2
train/7-15/13.jpg,112.0,112.0,112.0,41.74332771899881,0.0,0
train/7-15/15.jpg,112.0,112.0,112.0,204.0869154657707,180.0,2
train/7-15/16.jpg,112.0,112.0,190.10249675906653,112.0,90.0,1
train/7-15/17.jpg,112.0,112.0,112.0,22.797982085605256,0.0,0
train/7-15/19.jpg,112.0,112.0,112.0,6.881019791856815,0.0,0
train/7-15/2.jpg,112.0,112.0,112.0,29.847702405836515,0.0,0
train/7-15/21.jpg,112.0,112.0,112.0,10.821939136984838,0.0,0
train/7-15/24.jpg,112.0,112.0,29.847702405836515,112.0,270.0,3
train/7-15/26.jpg,112.0,112.0,112.0,30.845825738906072,0.0,0
train/7-15/27.jpg,112.0,112.0,112.0,160.2597140480546,180.0,2
train/7-15/28.jpg,112.0,112.0,112.0,27.7859869142908,0.0,0
train/7-15/3.jpg,112.0,112.0,112.0,43.73580733649595,0.0,0
train/7-15/32.jpg,112.0,112.0,183.1125867902441,112.0,90.0,1
train/7-15/33.jpg,112.0,112.0,17.739722045816137,112.0,270.0,3
train/7-15/34.jpg,112.0,112.0,112.0,9.823681804441591,0.0,0
train/7-15/36.jpg,112.0,112.0,8.8253907203909,112.0,270.0,3
train/7-15/37.jpg,112.0,112.0,10.821939136984838,112.0,270.0,3
train/7-15/4.jpg,112.0,112.0,112.0,12.87381778762989,0.0,0
train/7-15/40.jpg,112.0,112.0,112.0,51.70074627327466,0.0,0
train/7-15/42.jpg,112.0,112.0,112.0,20.802412312605554,0.0,0
train/7-15/44.jpg,112.0,112.0,214.12247548899316,112.0,90.0,1
train/7-15/45.jpg,112.0,112.0,198.09297300012355,112.0,90.0,1
train/7-15/46.jpg,112.0,112.0,112.0,37.831273436845365,0.0,0
train/7-15/48.jpg,112.0,112.0,112.0,46.72366431852964,0.0,0
train/7-15/49.jpg,112.0,112.0,112.0,21.800221729762555,0.0,0
train/7-15/5.jpg,112.0,112.0,112.0,36.76038277609328,0.0,0
train/7-15/50.jpg,112.0,112.0,112.0,49.710353990410255,0.0,0
train/7-15/51.jpg,112.0,112.0,112.0,20.86274087948442,0.0,0
train/7-15/52.jpg,112.0,112.0,112.0,43.81642426507686,0.0,0
train/7-15/53.jpg,112.0,112.0,112.0,47.719365280047214,0.0,0
train/7-15/56.jpg,112.0,112.0,112.0,6.881019791856815,0.0,0
train/7-15/57.jpg,112.0,112.0,112.0,85.31667187174733,0.0,0
train/7-15/58.jpg,112.0,112.0,112.0,166.14794548272354,180.0,2
train/7-15/6.jpg,112.0,112.0,112.0,45.81087702650835,0.0,0
train/7-15/60.jpg,112.0,112.0,212.07996802557443,112.0,90.0,1
train/7-15/61.jpg,112.0,112.0,13.872531878173888,112.0,270.0,3
train/7-15/62.jpg,112.0,112.0,30.845825738906072,112.0,270.0,3
train/7-15/63.jpg,112.0,112.0,193.15417426109397,112.0,90.0,1
train/7-15/64.jpg,112.0,112.0,112.0,6.881019791856815,0.0,0
train/7-15/66.jpg,112.0,112.0,112.0,206.0850678907126,180.0,2
train/7-15/67.jpg,112.0,112.0,112.0,21.800221729762555,0.0,0
train/7-15/68.jpg,112.0,112.0,210.2496819333274,112.0,90.0,1
train/7-15/69.jpg,112.0,112.0,112.0,186.10802925459564,180.0,2
train/7-15/7.jpg,112.0,112.0,203.08786966440704,112.0,90.0,1
train/7-15/71.jpg,112.0,112.0,112.0,39.75043252724623,0.0,0
train/7-15/72.jpg,112.0,112.0,203.08786966440704,112.0,90.0,1
train/7-15/73.jpg,112.0,112.0,112.0,51.792027106038525,0.0,0
train/7-15/74.jpg,112.0,112.0,201.14033879226625,112.0,90.0,1
train/7-15/75.jpg,112.0,112.0,9.877524511006882,112.0,270.0,3
train/7-15/76.jpg,112.0,112.0,112.0,20.86274087948442,0.0,0
train/7-15/78.jpg,112.0,112.0,112.0,204.0869154657707,180.0,2
train/7-15/79.jpg,112.0,112.0,112.0,57.769012548175006,0.0,0
train/7-15/81.jpg,112.0,112.0,112.0,59.76016845356409,0.0,0
train/7-15/82.jpg,112.0,112.0,112.0,198.09297300012355,180.0,2
train/7-15/83.jpg,112.0,112.0,112.0,24.718845103882813,0.0,0
train/7-15/85.jpg,112.0,112.0,112.0,48.80189876270016,0.0,0
train/7-15/87.jpg,112.0,112.0,112.0,30.845825738906072,0.0,0
train/7-15/89.jpg,112.0,112.0,112.0,38.82896748029313,0.0,0
train/7-15/90.jpg,112.0,112.0,112.0,187.1065909225016,180.0,2
train/7-15/91.jpg,112.0,112.0,21.72818823131996,112.0,270.0,3
train/7-15/92.jpg,112.0,112.0,203.08786966440704,112.0,90.0,1
train/7-15/93.jpg,112.0,112.0,112.0,39.82659769693548,0.0,0
train/7-15/94.jpg,112.0,112.0,112.0,195.05419917138448,180.0,2
train/7-15/95.jpg,112.0,112.0,112.0,6.881019791856815,0.0,0
train/7-15/96.jpg,112.0,112.0,112.0,35.76352578981633,0.0,0
train/7-15/97.jpg,112.0,112.0,212.07996802557443,112.0,90.0,1
train/7-15/98.jpg,112.0,112.0,112.0,18.8066525979456,0.0,0
train/7-15/99.jpg,112.0,112.0,112.0,42.73962171630883,0.0,0
train/7-20/0.jpg,112.0,112.0,201.4427190999916,112.0,90.0,1
train/7-20/1.jpg,112.0,112.0,112.0,35.72418469790047,0.0,0
train/7-20/10.jpg,112.0,112.0,112.0,205.1933474020544,180.0,2
train/7-20/12.jpg,112.0,112.0,112.0,17.189663010829875,0.0,0
train/7-20/13.jpg,112.0,112.0,112.0,203.6787870774914,180.0,2
train/7-20/16.jpg,112.0,112.0,112.0,18.52807908253945,0.0,0
train/7-20/17.jpg,112.0,112.0,112.0,20.32121292250862,0.0,0
train/7-20/19.jpg,112.0,112.0,112.0,17.968090522418933,0.0,0
train/7-20/2.jpg,112.0,112.0,112.0,14.36291688093094,0.0,0
train/7-20/20.jpg,112.0,112.0,112.0,20.32121292250862,0.0,0
train/7-20/22.jpg,112.0,112.0,112.0,39.79889197526121,0.0,0
train/7-20/24.jpg,112.0,112.0,205.0215028904608,112.0,90.0,1
train/7-20/26.jpg,112.0,112.0,112.0,19.864230615900325,0.0,0
train/7-20/28.jpg,112.0,112.0,112.0,205.1933474020544,180.0,2
train/7-20/29.jpg,112.0,112.0,112.0,7.692761516757613,0.0,0
train/7-20/30.jpg,112.0,112.0,20.32121292250862,112.0,270.0,3
train/7-20/31.jpg,112.0,112.0,112.0,39.986112450444665,0.0,0
train/7-20/32.jpg,112.0,112.0,20.19041444380657,112.0,270.0,3
train/7-20/34.jpg,112.0,112.0,112.0,10.03431949915698,0.0,0
train/7-20/37.jpg,112.0,112.0,112.0,38.50170069994816,0.0,0
train/7-20/38.jpg,112.0,112.0,112.0,24.63295815926924,0.0,0
train/7-20/4.jpg,112.0,112.0,205.9148550549912,112.0,90.0,1
train/7-20/42.jpg,112.0,112.0,112.0,22.557280900008408,0.0,0
train/7-20/43.jpg,112.0,112.0,112.0,214.62553288534,180.0,2
train/7-20/44.jpg,112.0,112.0,210.83825170448935,112.0,90.0,1
train/7-20/46.jpg,112.0,112.0,112.0,21.5732340509736,0.0,0
train/7-20/47.jpg,112.0,112.0,209.4935895328508,112.0,90.0,1
train/7-20/49.jpg,112.0,112.0,112.0,12.430928496846974,0.0,0
train/7-20/50.jpg,112.0,112.0,172.83584469702052,112.0,90.0,1
train/7-20/51.jpg,112.0,112.0,21.66174675144532,112.0,270.0,3
train/7-20/56.jpg,112.0,112.0,112.0,15.849076967509047,0.0,0
train/7-20/58.jpg,112.0,112.0,23.79569171520022,112.0,270.0,3
train/7-20/6.jpg,112.0,112.0,112.0,23.79569171520022,0.0,0
train/7-20/61.jpg,112.0,112.0,112.0,6.3117792750772,0.0,0
train/7-20/62.jpg,112.0,112.0,112.0,205.0215028904608,180.0,2
train/7-20/63.jpg,112.0,112.0,24.63295815926924,112.0,270.0,3
train/7-20/64.jpg,112.0,112.0,201.8943824718764,112.0,90.0,1
train/7-20/67.jpg,112.0,112.0,112.0,21.66174675144532,0.0,0
train/7-20/7.jpg,112.0,112.0,112.0,23.897786633932967,0.0,0
train/7-20/72.jpg,112.0,112.0,112.0,202.13878188659973,180.0,2
train/7-20/75.jpg,112.0,112.0,112.0,13.521575967118563,0.0,0
train/7-20/76.jpg,112.0,112.0,112.0,24.63295815926924,0.0,0
train/7-20/77.jpg,112.0,112.0,201.8888202169769,112.0,90.0,1
train/7-20/8.jpg,112.0,112.0,112.0,9.140873035009676,0.0,0
train/7-20/82.jpg,112.0,112.0,112.0,17.126399878575285,0.0,0
train/7-20/83.jpg,112.0,112.0,20.76404217634365,112.0,270.0,3
train/7-20/84.jpg,112.0,112.0,23.43364069806188,112.0,270.0,3
train/7-20/85.jpg,112.0,112.0,112.0,21.5732340509736,0.0,0
train/7-20/87.jpg,112.0,112.0,112.0,31.290644904075705,0.0,0
train/7-20/88.jpg,112.0,112.0,112.0,35.51470729610823,0.0,0
train/7-20/89.jpg,112.0,112.0,200.54942122905152,112.0,90.0,1
train/7-20/92.jpg,112.0,112.0,112.0,204.13034245024815,180.0,2
train/7-20/93.jpg,112.0,112.0,112.0,23.897786633932967,0.0,0
train/7-20/96.jpg,112.0,112.0,112.0,38.50170069994816,0.0,0
train/7-20/97.jpg,112.0,112.0,9.374467114660009,112.0,270.0,3
train/7-20/98.jpg,112.0,112.0,112.0,32.67787193979224,0.0,0
train/7-25/0.jpg,112.0,112.0,201.58794561770011,112.0,90.0,1
train/7-25/1.jpg,112.0,112.0,112.0,188.27581530209957,180.0,2
train/7-25/10.jpg,112.0,112.0,112.0,207.96353474106712,180.0,2
train/7-25/14.jpg,112.0,112.0,112.0,58.99056687720572,0.0,0
train/7-25/15.jpg,112.0,112.0,112.0,30.458599472415244,0.0,0
train/7-25/16.jpg,112.0,112.0,21.86121811340027,112.0,270.0,3
train/7-25/17.jpg,112.0,112.0,217.6882207249228,112.0,90.0,1
train/7-25/18.jpg,112.0,112.0,112.0,202.13878188659973,180.0,2
train/7-25/19.jpg,112.0,112.0,112.0,21.5732340509736,0.0,0
train/7-25/2.jpg,112.0,112.0,112.0,9.91670068027777,0.0,0
train/7-25/21.jpg,112.0,112.0,112.0,38.50170069994816,0.0,0
train/7-25/24.jpg,112.0,112.0,112.0,18.255666837936275,0.0,0
train/7-25/25.jpg,112.0,112.0,189.3886296557834,112.0,90.0,1
train/7-25/26.jpg,112.0,112.0,208.2548700066651,112.0,90.0,1
train/7-25/27.jpg,112.0,112.0,112.0,22.691545752935568,0.0,0
train/7-25/28.jpg,112.0,112.0,186.88658090739625,112.0,90.0,1
train/7-25/30.jpg,112.0,112.0,112.0,22.412054382299843,0.0,0
train/7-25/31.jpg,112.0,112.0,112.0,24.79334887750821,0.0,0
train/7-25/32.jpg,112.0,112.0,112.0,48.754446796632415,0.0,0
train/7-25/33.jpg,112.0,112.0,112.0,19.42570551173506,0.0,0
train/7-25/38.jpg,112.0,112.0,112.0,24.63295815926924,0.0,0
train/7-25/4.jpg,112.0,112.0,112.0,13.521575967118563,0.0,0
train/7-25/40.jpg,112.0,112.0,112.0,6.3117792750772,0.0,0
train/7-25/41.jpg,112.0,112.0,203.6787870774914,112.0,90.0,1
train/7-25/42.jpg,112.0,112.0,112.0,202.13878188659973,180.0,2
train/7-25/43.jpg,112.0,112.0,112.0,7.9903850598416994,0.0,0
train/7-25/45.jpg,112.0,112.0,112.0,24.63295815926924,0.0,0
train/7-25/46.jpg,112.0,112.0,202.4267659490264,112.0,90.0,1
train/7-25/47.jpg,112.0,112.0,112.0,12.140098137440576,0.0,0
train/7-25/48.jpg,112.0,112.0,112.0,177.79513659838392,180.0,2
train/7-25/49.jpg,112.0,112.0,112.0,22.412054382299843,0.0,0
train/7-25/51.jpg,112.0,112.0,202.4267659490264,112.0,90.0,1
train/7-25/52.jpg,112.0,112.0,112.0,23.0,0.0,0
train/7-25/53.jpg,112.0,112.0,112.0,39.32951080390335,0.0,0
train/7-25/56.jpg,112.0,112.0,11.595816820214113,112.0,270.0,3
train/7-25/57.jpg,112.0,112.0,112.0,202.13878188659973,180.0,2
train/7-25/60.jpg,112.0,112.0,112.0,17.189663010829875,0.0,0
train/7-25/61.jpg,112.0,112.0,112.0,21.5732340509736,0.0,0
train/7-25/62.jpg,112.0,112.0,112.0,21.86121811340027,0.0,0
train/7-25/64.jpg,112.0,112.0,112.0,216.00961494015831,180.0,2
train/7-25/67.jpg,112.0,112.0,112.0,204.13034245024815,180.0,2
train/7-25/68.jpg,112.0,112.0,15.397722594133429,112.0,270.0,3
train/7-25/7.jpg,112.0,112.0,112.0,21.66174675144532,0.0,0
train/7-25/71.jpg,112.0,112.0,112.0,38.50170069994816,0.0,0
train/7-25/72.jpg,112.0,112.0,112.0,6.847729458656005,0.0,0
train/7-25/73.jpg,112.0,112.0,112.0,21.5732340509736,0.0,0
train/7-25/74.jpg,112.0,112.0,112.0,24.07958143866693,0.0,0
train/7-25/75.jpg,112.0,112.0,20.32121292250862,112.0,270.0,3
train/7-25/76.jpg,112.0,112.0,21.027476675646724,112.0,270.0,3
train/7-25/78.jpg,112.0,112.0,112.0,22.412054382299843,0.0,0
train/7-25/79.jpg,112.0,112.0,112.0,23.0,0.0,0
train/7-25/8.jpg,112.0,112.0,112.0,24.63295815926924,0.0,0
train/7-25/80.jpg,112.0,112.0,187.71657678474375,112.0,90.0,1
train/7-25/82.jpg,112.0,112.0,15.397722594133429,112.0,270.0,3
train/7-25/83.jpg,112.0,112.0,23.518363487105415,112.0,270.0,3
train/7-25/84.jpg,112.0,112.0,112.0,21.66174675144532,0.0,0
train/7-25/85.jpg,112.0,112.0,112.0,21.66174675144532,0.0,0
train/7-25/87.jpg,112.0,112.0,112.0,210.18350166906865,180.0,2
train/7-25/89.jpg,112.0,112.0,112.0,22.412054382299843,0.0,0
train/7-25/9.jpg,112.0,112.0,202.4267659490264,112.0,90.0,1
train/7-25/90.jpg,112.0,112.0,112.0,203.80958555619344,180.0,2
train/7-25/91.jpg,112.0,112.0,112.0,58.99056687720572,0.0,0
train/7-25/92.jpg,112.0,112.0,112.0,13.521575967118563,0.0,0
train/7-25/94.jpg,112.0,112.0,112.0,199.3670418407308,180.0,2
train/7-25/95.jpg,112.0,112.0,112.0,23.897786633932967,0.0,0
train/7-25/96.jpg,112.0,112.0,112.0,23.0,0.0,0
train/7-25/97.jpg,112.0,112.0,112.0,13.521575967118563,0.0,0
train/7-25/98.jpg,112.0,112.0,7.798272567101847,112.0,270.0,3
train/7-25/99.jpg,112.0,112.0,112.0,18.255666837936275,0.0,0
train/7-30/0.jpg,112.0,112.0,112.0,20.912130335592977,0.0,0
train/7-30/1.jpg,112.0,112.0,157.39823785126467,112.0,90.0,1
train/7-30/10.jpg,112.0,112.0,14.814610151525343,112.0,270.0,3
train/7-30/12.jpg,112.0,112.0,112.0,47.875121832474406,0.0,0
train/7-30/15.jpg,112.0,112.0,36.76038277609328,112.0,270.0,3
train/7-30/16.jpg,112.0,112.0,112.0,33.89750324093346,0.0,0
train/7-30/17.jpg,112.0,112.0,112.0,27.904815833485443,0.0,0
train/7-30/18.jpg,112.0,112.0,112.0,54.78112199632013,0.0,0
train/7-30/19.jpg,112.0,112.0,68.43395817841608,112.0,270.0,3
train/7-30/2.jpg,112.0,112.0,82.1671322196474,112.0,270.0,3
train/7-30/20.jpg,112.0,112.0,112.0,65.7290587949629,0.0,0
train/7-30/25.jpg,112.0,112.0,112.0,33.89750324093346,0.0,0
train/7-30/26.jpg,112.0,112.0,112.0,34.89617389519506,0.0,0
train/7-30/27.jpg,112.0,112.0,158.3896540189728,112.0,90.0,1
train/7-30/30.jpg,112.0,112.0,112.0,75.6544363092275,0.0,0
train/7-30/33.jpg,112.0,112.0,112.0,33.83990788132347,0.0,0
train/7-30/34.jpg,112.0,112.0,67.44666118010907,112.0,270.0,3
train/7-30/36.jpg,112.0,112.0,112.0,65.82641447753922,0.0,0
train/7-30/37.jpg,112.0,112.0,44.73187976463144,112.0,270.0,3
train/7-30/42.jpg,112.0,112.0,112.0,38.89049309426304,0.0,0
train/7-30/43.jpg,112.0,112.0,112.0,190.23042886243175,180.0,2
train/7-30/44.jpg,112.0,112.0,70.22680285158916,112.0,270.0,3
train/7-30/45.jpg,112.0,112.0,144.38826948140328,112.0,90.0,1
train/7-30/46.jpg,112.0,112.0,112.0,65.7290587949629,0.0,0
train/7-30/47.jpg,112.0,112.0,112.0,23.85806900231877,0.0,0
train/7-30/49.jpg,112.0,112.0,159.2652091923859,112.0,90.0,1
train/7-30/51.jpg,112.0,112.0,112.0,157.5411901469428,180.0,2
train/7-30/52.jpg,112.0,112.0,47.719365280047214,112.0,270.0,3
train/7-30/55.jpg,112.0,112.0,68.81435423662163,112.0,270.0,3
train/7-30/58.jpg,112.0,112.0,112.0,23.85806900231877,0.0,0
train/7-30/60.jpg,112.0,112.0,159.2652091923859,112.0,90.0,1
train/7-30/61.jpg,112.0,112.0,138.47640458974746,112.0,90.0,1
train/7-30/62.jpg,112.0,112.0,31.77531551947368,112.0,270.0,3
train/7-30/63.jpg,112.0,112.0,112.0,17.86711520409034,0.0,0
train/7-30/64.jpg,112.0,112.0,22.797982085605256,112.0,270.0,3
train/7-30/67.jpg,112.0,112.0,112.0,217.1189802081432,180.0,2
train/7-30/68.jpg,112.0,112.0,112.0,210.18350166906865,180.0,2
train/7-30/69.jpg,112.0,112.0,112.0,183.34423592694787,180.0,2
train/7-30/71.jpg,112.0,112.0,112.0,43.88245453629439,0.0,0
train/7-30/73.jpg,112.0,112.0,67.44666118010907,112.0,270.0,3
train/7-30/74.jpg,112.0,112.0,112.0,56.673695225507785,0.0,0
train/7-30/75.jpg,112.0,112.0,37.75715522691766,112.0,270.0,3
train/7-30/76.jpg,112.0,112.0,79.24332129168161,112.0,270.0,3
train/7-30/79.jpg,112.0,112.0,112.0,56.85473728415105,0.0,0
train/7-30/80.jpg,112.0,112.0,112.0,67.59279337765096,0.0,0
train/7-30/82.jpg,112.0,112.0,13.81649833093138,112.0,270.0,3
train/7-30/83.jpg,112.0,112.0,68.26214454274192,112.0,270.0,3
train/7-30/84.jpg,112.0,112.0,70.22680285158916,112.0,270.0,3
train/7-30/85.jpg,112.0,112.0,112.0,64.7347908076141,0.0,0
train/7-30/86.jpg,112.0,112.0,112.0,65.7290587949629,0.0,0
train/7-30/87.jpg,112.0,112.0,67.44666118010907,112.0,270.0,3
train/7-30/89.jpg,112.0,112.0,112.0,65.7290587949629,0.0,0
train/7-30/9.jpg,112.0,112.0,112.0,157.5411901469428,180.0,2
train/7-30/91.jpg,112.0,112.0,170.21511831131153,112.0,90.0,1
train/7-30/92.jpg,112.0,112.0,112.0,157.5411901469428,180.0,2
train/7-30/95.jpg,112.0,112.0,112.0,65.7290587949629,0.0,0
train/7-30/96.jpg,112.0,112.0,112.0,35.835703902681544,0.0,0
train/7-35/0.jpg,112.0,112.0,112.0,9.116570819203346,0.0,0
train/7-35/1.jpg,112.0,112.0,112.0,36.41561007721238,0.0,0
train/7-35/12.jpg,112.0,112.0,112.0,7.798272567101847,0.0,0
train/7-35/14.jpg,112.0,112.0,112.0,205.03762679690408,180.0,2
train/7-35/15.jpg,112.0,112.0,112.0,205.9148550549912,180.0,2
train/7-35/16.jpg,112.0,112.0,112.0,211.72963451251587,180.0,2
train/7-35/17.jpg,112.0,112.0,112.0,10.466754213213491,0.0,0
train/7-35/18.jpg,112.0,112.0,112.0,35.077961545471254,0.0,0
train/7-35/2.jpg,112.0,112.0,29.707837554236065,112.0,270.0,3
train/7-35/21.jpg,112.0,112.0,42.64583646240119,112.0,270.0,3
train/7-35/24.jpg,112.0,112.0,112.0,12.702467301548722,0.0,0
train/7-35/26.jpg,112.0,112.0,112.0,24.79334887750821,0.0,0
train/7-35/27.jpg,112.0,112.0,146.78505426185217,112.0,90.0,1
train/7-35/29.jpg,112.0,112.0,112.0,7.343418744925557,0.0,0
train/7-35/30.jpg,112.0,112.0,112.0,24.79334887750821,0.0,0
train/7-35/31.jpg,112.0,112.0,112.0,22.557280900008408,0.0,0
train/7-35/33.jpg,112.0,112.0,112.0,206.3716058992322,180.0,2
train/7-35/34.jpg,112.0,112.0,112.0,31.501552810007567,0.0,0
train/7-35/37.jpg,112.0,112.0,112.0,13.161748295510606,0.0,0
train/7-35/38.jpg,112.0,112.0,112.0,203.6787870774914,180.0,2
train/7-35/4.jpg,112.0,112.0,112.0,11.815170809148952,0.0,0
train/7-35/40.jpg,112.0,112.0,112.0,36.41561007721238,0.0,0
train/7-35/42.jpg,112.0,112.0,112.0,23.45057877094848,0.0,0
train/7-35/44.jpg,112.0,112.0,112.0,21.21453860887196,0.0,0
train/7-35/47.jpg,112.0,112.0,21.66174675144532,112.0,270.0,3
train/7-35/48.jpg,112.0,112.0,112.0,47.52519872074052,0.0,0
train/7-35/49.jpg,112.0,112.0,112.0,40.88741320975589,0.0,0
train/7-35/5.jpg,112.0,112.0,187.15317691222373,112.0,90.0,1
train/7-35/50.jpg,112.0,112.0,112.0,58.28780399201686,0.0,0
train/7-35/52.jpg,112.0,112.0,112.0,38.65151671643101,0.0,0
train/7-35/53.jpg,112.0,112.0,180.4470598345904,112.0,90.0,1
train/7-35/56.jpg,112.0,112.0,112.0,211.72963451251587,180.0,2
train/7-35/57.jpg,112.0,112.0,173.74139616173252,112.0,90.0,1
train/7-35/60.jpg,112.0,112.0,112.0,14.051033696112952,0.0,0
train/7-35/62.jpg,112.0,112.0,112.0,201.89994438263017,180.0,2
train/7-35/63.jpg,112.0,112.0,112.0,203.23595782365635,180.0,2
train/7-35/66.jpg,112.0,112.0,112.0,22.557280900008408,0.0,0
train/7-35/67.jpg,112.0,112.0,216.20172743289817,112.0,90.0,1
train/7-35/68.jpg,112.0,112.0,207.13148795220224,112.0,90.0,1
train/7-35/69.jpg,112.0,112.0,112.0,22.557280900008408,0.0,0
train/7-35/72.jpg,112.0,112.0,112.0,7.343418744925557,0.0,0
train/7-35/73.jpg,112.0,112.0,202.33825324855468,112.0,90.0,1
train/7-35/74.jpg,112.0,112.0,112.0,152.4969134626332,180.0,2
train/7-35/75.jpg,112.0,112.0,182.6823881882892,112.0,90.0,1
train/7-35/76.jpg,112.0,112.0,22.557280900008408,112.0,270.0,3
train/7-35/78.jpg,112.0,112.0,112.0,21.21453860887196,0.0,0
train/7-35/79.jpg,112.0,112.0,52.90685318922337,112.0,270.0,3
train/7-35/8.jpg,112.0,112.0,112.0,21.21453860887196,0.0,0
train/7-35/80.jpg,112.0,112.0,39.08223810346344,112.0,270.0,3
train/7-35/82.jpg,112.0,112.0,13.613008990009249,112.0,270.0,3
train/7-35/85.jpg,112.0,112.0,112.0,21.21453860887196,0.0,0
train/7-35/86.jpg,112.0,112.0,112.0,209.4935895328508,180.0,2
train/7-35/87.jpg,112.0,112.0,112.0,210.3869910099908,180.0,2
train/7-35/88.jpg,112.0,112.0,112.0,31.501552810007567,0.0,0
train/7-35/9.jpg,112.0,112.0,185.824115301167,112.0,90.0,1
train/7-35/90.jpg,112.0,112.0,112.0,200.10221336606705,180.0,2
train/7-35/91.jpg,112.0,112.0,112.0,60.521849295065,0.0,0
train/7-35/92.jpg,112.0,112.0,15.849076967509047,112.0,270.0,3
train/7-35/93.jpg,112.0,112.0,112.0,20.758562045526705,0.0,0
train/7-35/96.jpg,112.0,112.0,21.66174675144532,112.0,270.0,3
train/7-35/98.jpg,112.0,112.0,112.0,22.557280900008408,0.0,0
train/7-35/99.jpg,112.0,112.0,112.0,44.45742083692687,0.0,0
train/7-40/1.jpg,112.0,112.0,112.0,183.1125867902441,180.0,2
train/7-40/10.jpg,112.0,112.0,19.864230615900325,112.0,270.0,3
train/7-40/12.jpg,112.0,112.0,18.085144945008835,112.0,270.0,3
train/7-40/14.jpg,112.0,112.0,71.50308653736683,112.0,270.0,3
train/7-40/15.jpg,112.0,112.0,112.0,21.66174675144532,0.0,0
train/7-40/16.jpg,112.0,112.0,193.39410298049853,112.0,90.0,1
train/7-40/17.jpg,112.0,112.0,201.4427190999916,112.0,90.0,1
train/7-40/18.jpg,112.0,112.0,163.478150704935,112.0,90.0,1
train/7-40/19.jpg,112.0,112.0,112.0,31.94376976149826,0.0,0
train/7-40/20.jpg,112.0,112.0,23.897786633932967,112.0,270.0,3
train/7-40/21.jpg,112.0,112.0,112.0,6.90480505750989,0.0,0
train/7-40/24.jpg,112.0,112.0,112.0,34.61137034421658,0.0,0
train/7-40/26.jpg,112.0,112.0,32.37588305042247,112.0,270.0,3
train/7-40/28.jpg,112.0,112.0,202.33825324855468,112.0,90.0,1
train/7-40/29.jpg,112.0,112.0,58.28780399201686,112.0,270.0,3
train/7-40/31.jpg,112.0,112.0,206.8103369891701,112.0,90.0,1
train/7-40/32.jpg,112.0,112.0,112.0,57.37399886500935,0.0,0
train/7-40/33.jpg,112.0,112.0,189.3886296557834,112.0,90.0,1
train/7-40/35.jpg,112.0,112.0,5.957555667553564,112.0,270.0,3
train/7-40/37.jpg,112.0,112.0,112.0,51.58477013202714,0.0,0
train/7-40/38.jpg,112.0,112.0,112.0,21.66174675144532,0.0,0
train/7-40/4.jpg,112.0,112.0,19.42570551173506,112.0,270.0,3
train/7-40/40.jpg,112.0,112.0,112.0,52.90685318922337,0.0,0
train/7-40/42.jpg,112.0,112.0,112.0,176.40496875241848,180.0,2
train/7-40/44.jpg,112.0,112.0,11.376941012509462,112.0,270.0,3
train/7-40/45.jpg,112.0,112.0,112.0,15.849076967509047,0.0,0
train/7-40/46.jpg,112.0,112.0,21.66174675144532,112.0,270.0,3
train/7-40/49.jpg,112.0,112.0,112.0,38.175884698833,0.0,0
train/7-40/5.jpg,112.0,112.0,112.0,188.92203845452875,180.0,2
train/7-40/50.jpg,112.0,112.0,112.0,173.74139616173252,180.0,2
train/7-40/51.jpg,112.0,112.0,26.57166746330583,112.0,270.0,3
train/7-40/52.jpg,112.0,112.0,112.0,180.87670143089025,180.0,2
train/7-40/53.jpg,112.0,112.0,112.0,10.019609728144305,0.0,0
train/7-40/54.jpg,112.0,112.0,161.76946855251722,112.0,90.0,1
train/7-40/55.jpg,112.0,112.0,206.41398201537737,112.0,90.0,1
train/7-40/56.jpg,112.0,112.0,211.28242543370908,112.0,90.0,1
train/7-40/57.jpg,112.0,112.0,112.0,48.43900567171718,0.0,0
train/7-40/59.jpg,112.0,112.0,112.0,78.47389077151958,0.0,0
train/7-40/60.jpg,112.0,112.0,112.0,41.31761181171083,0.0,0
train/7-40/61.jpg,112.0,112.0,18.52807908253945,112.0,270.0,3
train/7-40/63.jpg,112.0,112.0,112.0,22.10005561736982,0.0,0
train/7-40/64.jpg,112.0,112.0,112.0,20.293947855117,0.0,0
train/7-40/66.jpg,112.0,112.0,112.0,16.292111087956812,0.0,0
train/7-40/67.jpg,112.0,112.0,201.0,112.0,90.0,1
train/7-40/72.jpg,112.0,112.0,204.13034245024815,112.0,90.0,1
train/7-40/73.jpg,112.0,112.0,112.0,202.785461391128,180.0,2
train/7-40/75.jpg,112.0,112.0,112.0,35.94081252077433,0.0,0
train/7-40/76.jpg,112.0,112.0,112.0,200.54942122905152,180.0,2
train/7-40/77.jpg,112.0,112.0,112.0,55.413782596819566,0.0,0
train/7-40/79.jpg,112.0,112.0,112.0,53.30587763668324,0.0,0
train/7-40/8.jpg,112.0,112.0,112.0,23.43364069806188,0.0,0
train/7-40/80.jpg,112.0,112.0,112.0,10.019609728144305,0.0,0
train/7-40/82.jpg,112.0,112.0,112.0,31.04322140796361,0.0,0
train/7-40/83.jpg,112.0,112.0,44.88070322180066,112.0,270.0,3
train/7-40/86.jpg,112.0,112.0,112.0,33.2789735839274,0.0,0
train/7-40/87.jpg,112.0,112.0,112.0,191.1580697086532,180.0,2
train/7-40/89.jpg,112.0,112.0,112.0,47.11548720996666,0.0,0
train/7-40/9.jpg,112.0,112.0,112.0,42.64583646240119,0.0,0
train/7-40/90.jpg,112.0,112.0,112.0,26.13382505316777,0.0,0
train/7-40/91.jpg,112.0,112.0,112.0,170.60034129593444,180.0,2
train/7-40/93.jpg,112.0,112.0,112.0,16.7267088843888,0.0,0
train/7-40/95.jpg,112.0,112.0,112.0,22.10005561736982,0.0,0
train/7-40/98.jpg,112.0,112.0,18.52807908253945,112.0,270.0,3
train/7-40/99.jpg,112.0,112.0,112.0,179.54257916307313,180.0,2
train/7-45/0.jpg,112.0,112.0,112.0,67.59279337765096,0.0,0
train/7-45/1.jpg,112.0,112.0,112.0,156.28317965096906,180.0,2
train/7-45/12.jpg,112.0,112.0,112.0,39.55691889490066,0.0,0
train/7-45/15.jpg,112.0,112.0,22.72514351733743,112.0,270.0,3
train/7-45/16.jpg,112.0,112.0,112.0,28.7053423081648,0.0,0
train/7-45/17.jpg,112.0,112.0,112.0,203.1372591205156,180.0,2
train/7-45/18.jpg,112.0,112.0,112.0,58.53973438150536,0.0,0
train/7-45/19.jpg,112.0,112.0,112.0,217.1712888577486,180.0,2
train/7-45/2.jpg,112.0,112.0,112.0,154.19004621945797,180.0,2
train/7-45/20.jpg,112.0,112.0,147.22782990761706,112.0,90.0,1
train/7-45/24.jpg,112.0,112.0,112.0,154.19004621945797,180.0,2
train/7-45/26.jpg,112.0,112.0,112.0,65.6103459810272,0.0,0
train/7-45/27.jpg,112.0,112.0,112.0,195.2165848854662,180.0,2
train/7-45/30.jpg,112.0,112.0,112.0,21.72818823131996,0.0,0
train/7-45/32.jpg,112.0,112.0,24.535721577320487,112.0,270.0,3
train/7-45/33.jpg,112.0,112.0,112.0,31.60099503103288,0.0,0
train/7-45/34.jpg,112.0,112.0,112.0,154.19004621945797,180.0,2
train/7-45/36.jpg,112.0,112.0,112.0,21.800221729762555,0.0,0
train/7-45/37.jpg,112.0,112.0,112.0,10.75771634341706,0.0,0
train/7-45/38.jpg,112.0,112.0,112.0,22.72514351733743,0.0,0
train/7-45/40.jpg,112.0,112.0,67.59279337765096,112.0,270.0,3
train/7-45/43.jpg,112.0,112.0,112.0,64.4815825179331,0.0,0
train/7-45/45.jpg,112.0,112.0,112.0,15.745129993334883,0.0,0
train/7-45/46.jpg,112.0,112.0,155.18564576337835,112.0,90.0,1
train/7-45/47.jpg,112.0,112.0,20.64902846712576,112.0,270.0,3
train/7-45/5.jpg,112.0,112.0,65.47043950347263,112.0,270.0,3
train/7-45/50.jpg,112.0,112.0,112.0,64.4815825179331,0.0,0
train/7-45/51.jpg,112.0,112.0,112.0,66.60176214873533,0.0,0
train/7-45/53.jpg,112.0,112.0,112.0,84.1073486380373,0.0,0
train/7-45/54.jpg,112.0,112.0,112.0,21.9777805205848,0.0,0
train/7-45/55.jpg,112.0,112.0,112.0,65.90227771353557,0.0,0
train/7-45/56.jpg,112.0,112.0,112.0,66.60176214873533,0.0,0
train/7-45/6.jpg,112.0,112.0,112.0,47.61832558872051,0.0,0
train/7-45/60.jpg,112.0,112.0,194.15229759416349,112.0,90.0,1
train/7-45/61.jpg,112.0,112.0,112.0,24.63295815926924,0.0,0
train/7-45/62.jpg,112.0,112.0,67.59279337765096,112.0,270.0,3
train/7-45/63.jpg,112.0,112.0,31.694333948344592,112.0,270.0,3
train/7-45/64.jpg,112.0,112.0,67.59279337765096,112.0,270.0,3
train/7-45/66.jpg,112.0,112.0,155.18564576337835,112.0,90.0,1
train/7-45/7.jpg,112.0,112.0,112.0,85.31667187174733,0.0,0
train/7-45/72.jpg,112.0,112.0,112.0,75.50342481821068,0.0,0
train/7-45/73.jpg,112.0,112.0,112.0,21.72818823131996,0.0,0
train/7-45/74.jpg,112.0,112.0,203.19758768739445,112.0,90.0,1
train/7-45/75.jpg,112.0,112.0,67.59279337765096,112.0,270.0,3
train/7-45/76.jpg,112.0,112.0,112.0,65.6103459810272,0.0,0
train/7-45/78.jpg,112.0,112.0,112.0,155.18564576337835,180.0,2
train/7-45/8.jpg,112.0,112.0,112.0,213.1780608630152,180.0,2
train/7-45/80.jpg,112.0,112.0,112.0,64.4815825179331,0.0,0
train/7-45/81.jpg,112.0,112.0,112.0,155.10452412450462,180.0,2
train/7-45/82.jpg,112.0,112.0,77.47464699673586,112.0,270.0,3
train/7-45/84.jpg,112.0,112.0,112.0,78.265744413134,0.0,0
train/7-45/85.jpg,112.0,112.0,112.0,49.60609004077401,0.0,0
train/7-45/86.jpg,112.0,112.0,112.0,194.15229759416349,180.0,2
train/7-45/87.jpg,112.0,112.0,112.0,66.60176214873533,0.0,0
train/7-45/88.jpg,112.0,112.0,10.68366370619198,112.0,270.0,3
train/7-45/89.jpg,112.0,112.0,40.655764073052126,112.0,270.0,3
train/7-45/9.jpg,112.0,112.0,39.6605225343727,112.0,270.0,3
train/7-45/91.jpg,112.0,112.0,112.0,64.4815825179331,0.0,0
train/7-45/95.jpg,112.0,112.0,112.0,200.14193099768124,180.0,2
train/7-45/96.jpg,112.0,112.0,112.0,63.49226865746039,0.0,0
train/7-45/97.jpg,112.0,112.0,112.0,67.59279337765096,0.0,0
train/7-50/1.jpg,112.0,112.0,112.0,37.93921415485791,0.0,0
train/7-50/10.jpg,112.0,112.0,112.0,9.374467114660009,0.0,0
train/7-50/12.jpg,112.0,112.0,168.0357029044876,112.0,90.0,1
train/7-50/13.jpg,112.0,112.0,19.642000887849463,112.0,270.0,3
train/7-50/15.jpg,112.0,112.0,112.0,27.12361930430822,0.0,0
train/7-50/18.jpg,112.0,112.0,112.0,13.613008990009249,0.0,0
train/7-50/20.jpg,112.0,112.0,204.64987857520376,112.0,90.0,1
train/7-50/21.jpg,112.0,112.0,112.0,6.90480505750989,0.0,0
train/7-50/24.jpg,112.0,112.0,112.0,7.9903850598416994,0.0,0
train/7-50/26.jpg,112.0,112.0,10.211002559215656,112.0,270.0,3
train/7-50/27.jpg,112.0,112.0,19.9130845342293,112.0,270.0,3
train/7-50/28.jpg,112.0,112.0,21.21453860887196,112.0,270.0,3
train/7-50/29.jpg,112.0,112.0,112.0,6.605502989956818,0.0,0
train/7-50/30.jpg,112.0,112.0,187.1664818918645,112.0,90.0,1
train/7-50/31.jpg,112.0,112.0,112.0,180.24221567329127,180.0,2
train/7-50/33.jpg,112.0,112.0,112.0,16.036465258932864,0.0,0
train/7-50/38.jpg,112.0,112.0,112.0,21.027476675646724,0.0,0
train/7-50/4.jpg,112.0,112.0,214.08329931972224,112.0,90.0,1
train/7-50/40.jpg,112.0,112.0,21.21453860887196,112.0,270.0,3
train/7-50/42.jpg,112.0,112.0,112.0,5.76911936729509,0.0,0
train/7-50/44.jpg,112.0,112.0,5.76911936729509,112.0,270.0,3
train/7-50/45.jpg,112.0,112.0,112.0,19.642000887849463,0.0,0
train/7-50/46.jpg,112.0,112.0,112.0,202.4267659490264,180.0,2
train/7-50/47.jpg,112.0,112.0,13.161748295510606,112.0,270.0,3
train/7-50/48.jpg,112.0,112.0,40.38994484012737,112.0,270.0,3
train/7-50/5.jpg,112.0,112.0,112.0,185.49829930005183,180.0,2
train/7-50/50.jpg,112.0,112.0,199.3670418407308,112.0,90.0,1
train/7-50/52.jpg,112.0,112.0,112.0,24.07958143866693,0.0,0
train/7-50/55.jpg,112.0,112.0,112.0,6.411174833697487,0.0,0
train/7-50/56.jpg,112.0,112.0,13.161748295510606,112.0,270.0,3
train/7-50/57.jpg,112.0,112.0,112.0,216.3072384832424,180.0,2
train/7-50/59.jpg,112.0,112.0,144.01562118716424,112.0,90.0,1
train/7-50/6.jpg,112.0,112.0,201.8888202169769,112.0,90.0,1
train/7-50/60.jpg,112.0,112.0,112.0,9.374467114660009,0.0,0
train/7-50/62.jpg,112.0,112.0,18.978497109539237,112.0,270.0,3
train/7-50/66.jpg,112.0,112.0,112.0,178.85057965343307,180.0,2
train/7-50/67.jpg,112.0,112.0,112.0,5.76911936729509,0.0,0
train/7-50/68.jpg,112.0,112.0,112.0,14.36291688093094,0.0,0
train/7-50/69.jpg,112.0,112.0,112.0,50.38831279700255,0.0,0
train/7-50/7.jpg,112.0,112.0,112.0,20.474047396380517,0.0,0
train/7-50/70.jpg,112.0,112.0,112.0,12.97980004059778,0.0,0
train/7-50/71.jpg,112.0,112.0,112.0,39.32951080390335,0.0,0
train/7-50/72.jpg,112.0,112.0,202.4267659490264,112.0,90.0,1
train/7-50/73.jpg,112.0,112.0,112.0,21.86121811340027,0.0,0
train/7-50/75.jpg,112.0,112.0,112.0,176.88451279003334,180.0,2
train/7-50/76.jpg,112.0,112.0,201.044932477935,112.0,90.0,1
train/7-50/78.jpg,112.0,112.0,112.0,200.20430828479977,180.0,2
train/7-50/79.jpg,112.0,112.0,112.0,53.17823532058903,0.0,0
train/7-50/80.jpg,112.0,112.0,112.0,22.691545752935568,0.0,0
train/7-50/82.jpg,112.0,112.0,10.211002559215656,112.0,270.0,3
train/7-50/83.jpg,112.0,112.0,112.0,209.0463806640928,180.0,2
train/7-50/84.jpg,112.0,112.0,112.0,20.474047396380517,0.0,0
train/7-50/85.jpg,112.0,112.0,112.0,21.86121811340027,0.0,0
train/7-50/86.jpg,112.0,112.0,112.0,35.72418469790047,0.0,0
train/7-50/87.jpg,112.0,112.0,214.08329931972224,112.0,90.0,1
train/7-50/88.jpg,112.0,112.0,112.0,45.96970392312329,0.0,0
train/7-50/89.jpg,112.0,112.0,112.0,181.8927750200262,180.0,2
train/7-50/91.jpg,112.0,112.0,112.0,24.908094520787984,0.0,0
train/7-50/92.jpg,112.0,112.0,112.0,201.58794561770011,180.0,2
train/7-50/93.jpg,112.0,112.0,16.868512047797765,112.0,270.0,3
train/7-50/97.jpg,112.0,112.0,112.0,6.605502989956818,0.0,0
train/7-50/98.jpg,112.0,112.0,112.0,42.93481340067197,0.0,0
train/7-50/99.jpg,112.0,112.0,112.0,42.36523856578526,0.0,0
train/7-55/0.jpg,112.0,112.0,112.0,215.46496991735896,180.0,2
train/7-55/15.jpg,112.0,112.0,42.10722497997379,112.0,270.0,3
train/7-55/17.jpg,112.0,112.0,112.0,31.04322140796361,0.0,0
train/7-55/18.jpg,112.0,112.0,112.0,19.642000887849463,0.0,0
train/7-55/2.jpg,112.0,112.0,196.970583144992,112.0,90.0,1
train/7-55/20.jpg,112.0,112.0,112.0,22.557280900008408,0.0,0
train/7-55/21.jpg,112.0,112.0,112.0,35.51470729610823,0.0,0
train/7-55/26.jpg,112.0,112.0,112.0,30.458599472415244,0.0,0
train/7-55/27.jpg,112.0,112.0,112.0,23.43364069806188,0.0,0
train/7-55/3.jpg,112.0,112.0,53.750536483157205,112.0,270.0,3
train/7-55/33.jpg,112.0,112.0,112.0,19.42570551173506,0.0,0
train/7-55/34.jpg,112.0,112.0,112.0,9.374467114660009,0.0,0
train/7-55/38.jpg,112.0,112.0,21.66174675144532,112.0,270.0,3
train/7-55/4.jpg,112.0,112.0,199.2066511224918,112.0,90.0,1
train/7-55/40.jpg,112.0,112.0,171.50630218724734,112.0,90.0,1
train/7-55/43.jpg,112.0,112.0,112.0,34.179694166625126,0.0,0
train/7-55/45.jpg,112.0,112.0,112.0,12.270365487484112,0.0,0
train/7-55/46.jpg,112.0,112.0,112.0,20.32121292250862,0.0,0
train/7-55/47.jpg,112.0,112.0,24.63295815926924,112.0,270.0,3
train/7-55/5.jpg,112.0,112.0,112.0,34.179694166625126,0.0,0
train/7-55/51.jpg,112.0,112.0,21.5732340509736,112.0,270.0,3
train/7-55/52.jpg,112.0,112.0,202.785461391128,112.0,90.0,1
train/7-55/57.jpg,112.0,112.0,112.0,6.009434382111166,0.0,0
train/7-55/58.jpg,112.0,112.0,112.0,5.995283123815668,0.0,0
train/7-55/61.jpg,112.0,112.0,186.2495791233863,112.0,90.0,1
train/7-55/63.jpg,112.0,112.0,112.0,20.32121292250862,0.0,0
train/7-55/64.jpg,112.0,112.0,112.0,21.66174675144532,0.0,0
train/7-55/69.jpg,112.0,112.0,42.10722497997379,112.0,270.0,3
train/7-55/70.jpg,112.0,112.0,9.140873035009676,112.0,270.0,3
train/7-55/73.jpg,112.0,112.0,202.785461391128,112.0,90.0,1
train/7-55/74.jpg,112.0,112.0,212.12492197250396,112.0,90.0,1
train/7-55/75.jpg,112.0,112.0,24.63295815926924,112.0,270.0,3
train/7-55/76.jpg,112.0,112.0,112.0,21.21453860887196,0.0,0
train/7-55/78.jpg,112.0,112.0,112.0,19.869657549751835,0.0,0
train/7-55/79.jpg,112.0,112.0,112.0,53.17823532058903,0.0,0
train/7-55/8.jpg,112.0,112.0,112.0,202.33825324855468,180.0,2
train/7-55/82.jpg,112.0,112.0,112.0,23.897786633932967,0.0,0
train/7-55/83.jpg,112.0,112.0,112.0,218.2308806327049,180.0,2
train/7-55/85.jpg,112.0,112.0,24.63295815926924,112.0,270.0,3
train/7-55/87.jpg,112.0,112.0,112.0,14.95361933590722,0.0,0
train/7-55/88.jpg,112.0,112.0,38.50170069994816,112.0,270.0,3
train/7-55/89.jpg,112.0,112.0,112.0,218.2308806327049,180.0,2
train/7-55/9.jpg,112.0,112.0,112.0,202.4267659490264,180.0,2
train/7-55/90.jpg,112.0,112.0,112.0,20.758562045526705,0.0,0
train/7-55/92.jpg,112.0,112.0,112.0,202.4267659490264,180.0,2
train/7-55/93.jpg,112.0,112.0,205.9148550549912,112.0,90.0,1
train/7-55/94.jpg,112.0,112.0,201.8943824718764,112.0,90.0,1
train/7-55/95.jpg,112.0,112.0,6.3117792750772,112.0,270.0,3
train/7-55/97.jpg,112.0,112.0,211.72963451251587,112.0,90.0,1
train/7-55/99.jpg,112.0,112.0,181.3541635375988,112.0,90.0,1
train/8-00/0.jpg,112.0,112.0,195.1504660239496,112.0,90.0,1
train/8-00/1.jpg,112.0,112.0,112.0,64.61856903807146,0.0,0
train/8-00/12.jpg,112.0,112.0,169.21887800367986,112.0,90.0,1
train/8-00/13.jpg,112.0,112.0,172.20797289396148,112.0,90.0,1
train/8-00/15.jpg,112.0,112.0,112.0,45.81087702650835,0.0,0
train/8-00/16.jpg,112.0,112.0,112.0,34.8378331045583,0.0,0
train/8-00/18.jpg,112.0,112.0,199.2811548961172,112.0,90.0,1
train/8-00/19.jpg,112.0,112.0,5.924555150591047,112.0,270.0,3
train/8-00/20.jpg,112.0,112.0,112.0,28.84953397605038,0.0,0
train/8-00/21.jpg,112.0,112.0,112.0,39.75043252724623,0.0,0
train/8-00/24.jpg,112.0,112.0,112.0,34.8378331045583,0.0,0
train/8-00/25.jpg,112.0,112.0,176.1248781675256,112.0,90.0,1
train/8-00/26.jpg,112.0,112.0,112.0,209.082439194738,180.0,2
train/8-00/28.jpg,112.0,112.0,112.0,189.1038261048049,180.0,2
train/8-00/3.jpg,112.0,112.0,172.40695324215582,112.0,90.0,1
train/8-00/30.jpg,112.0,112.0,19.9130845342293,112.0,270.0,3
train/8-00/31.jpg,112.0,112.0,176.19501538281614,112.0,90.0,1
train/8-00/32.jpg,112.0,112.0,177.19202405202648,112.0,90.0,1
train/8-00/33.jpg,112.0,112.0,112.0,38.753839691080046,0.0,0
train/8-00/34.jpg,112.0,112.0,194.15229759416349,112.0,90.0,1
train/8-00/36.jpg,112.0,112.0,112.0,19.864230615900325,0.0,0
train/8-00/37.jpg,112.0,112.0,112.0,48.80189876270016,0.0,0
train/8-00/38.jpg,112.0,112.0,202.13878188659973,112.0,90.0,1
train/8-00/4.jpg,112.0,112.0,112.0,30.845825738906072,0.0,0
train/8-00/41.jpg,112.0,112.0,112.0,200.3628881374981,180.0,2
train/8-00/42.jpg,112.0,112.0,112.0,15.812682748711609,0.0,0
train/8-00/44.jpg,112.0,112.0,112.0,26.788498428909264,0.0,0
train/8-00/45.jpg,112.0,112.0,112.0,26.85306817036799,0.0,0
train/8-00/48.jpg,112.0,112.0,112.0,47.719365280047214,0.0,0
train/8-00/5.jpg,112.0,112.0,112.0,35.76352578981633,0.0,0
train/8-00/50.jpg,112.0,112.0,112.0,54.6850804763716,0.0,0
train/8-00/51.jpg,112.0,112.0,203.1372591205156,112.0,90.0,1
train/8-00/52.jpg,112.0,112.0,112.0,44.813691871036696,0.0,0
train/8-00/53.jpg,112.0,112.0,112.0,88.23027135199058,0.0,0
train/8-00/55.jpg,112.0,112.0,112.0,9.955891889830312,0.0,0
train/8-00/56.jpg,112.0,112.0,112.0,32.8419302913468,0.0,0
train/8-00/57.jpg,112.0,112.0,112.0,153.19465984809196,180.0,2
train/8-00/58.jpg,112.0,112.0,112.0,192.3056660516554,180.0,2
train/8-00/59.jpg,112.0,112.0,141.42787793912433,112.0,90.0,1
train/8-00/60.jpg,112.0,112.0,112.0,35.835703902681544,0.0,0
train/8-00/63.jpg,112.0,112.0,190.1600921186765,112.0,90.0,1
train/8-00/64.jpg,112.0,112.0,112.0,25.85477378287291,0.0,0
train/8-00/67.jpg,112.0,112.0,112.0,19.864230615900325,0.0,0
train/8-00/68.jpg,112.0,112.0,195.1504660239496,112.0,90.0,1
train/8-00/7.jpg,112.0,112.0,112.0,46.72366431852964,0.0,0
train/8-00/72.jpg,112.0,112.0,112.0,30.845825738906072,0.0,0
train/8-00/75.jpg,112.0,112.0,112.0,21.800221729762555,0.0,0
train/8-00/76.jpg,112.0,112.0,112.0,191.1012010022604,180.0,2
train/8-00/78.jpg,112.0,112.0,112.0,20.86274087948442,0.0,0
train/8-00/79.jpg,112.0,112.0,52.586196889948205,112.0,270.0,3
train/8-00/8.jpg,112.0,112.0,112.0,6.881019791856815,0.0,0
train/8-00/80.jpg,112.0,112.0,112.0,34.76658754140149,0.0,0
train/8-00/82.jpg,112.0,112.0,112.0,30.845825738906072,0.0,0
train/8-00/83.jpg,112.0,112.0,112.0,10.75771634341706,0.0,0
train/8-00/85.jpg,112.0,112.0,112.0,54.78112199632013,0.0,0
train/8-00/86.jpg,112.0,112.0,112.0,33.83990788132347,0.0,0
train/8-00/87.jpg,112.0,112.0,112.0,34.8378331045583,0.0,0
train/8-00/88.jpg,112.0,112.0,112.0,46.80797594797352,0.0,0
train/8-00/89.jpg,112.0,112.0,112.0,52.78851462765015,0.0,0
train/8-00/9.jpg,112.0,112.0,112.0,46.80797594797352,0.0,0
train/8-00/90.jpg,112.0,112.0,112.0,20.86274087948442,0.0,0
train/8-00/91.jpg,112.0,112.0,112.0,54.6850804763716,0.0,0
train/8-00/94.jpg,112.0,112.0,112.0,14.814610151525343,0.0,0
train/8-00/97.jpg,112.0,112.0,112.0,26.85306817036799,0.0,0
train/8-00/99.jpg,112.0,112.0,43.81642426507686,112.0,270.0,3
train/8-05/0.jpg,112.0,112.0,112.0,215.31021246711285,180.0,2
train/8-05/1.jpg,112.0,112.0,36.54802852144948,112.0,270.0,3
train/8-05/12.jpg,112.0,112.0,112.0,218.2308806327049,180.0,2
train/8-05/15.jpg,112.0,112.0,112.0,39.888974490720216,0.0,0
train/8-05/17.jpg,112.0,112.0,112.0,8.535030082641015,0.0,0
train/8-05/19.jpg,112.0,112.0,202.4267659490264,112.0,90.0,1
train/8-05/2.jpg,112.0,112.0,201.58794561770011,112.0,90.0,1
train/8-05/21.jpg,112.0,112.0,17.189663010829875,112.0,270.0,3
train/8-05/24.jpg,112.0,112.0,112.0,21.5732340509736,0.0,0
train/8-05/25.jpg,112.0,112.0,112.0,46.26568628182082,0.0,0
train/8-05/27.jpg,112.0,112.0,112.0,205.9148550549912,180.0,2
train/8-05/28.jpg,112.0,112.0,18.8066525979456,112.0,270.0,3
train/8-05/29.jpg,112.0,112.0,112.0,8.535030082641015,0.0,0
train/8-05/30.jpg,112.0,112.0,112.0,21.5732340509736,0.0,0
train/8-05/32.jpg,112.0,112.0,218.2308806327049,112.0,90.0,1
train/8-05/33.jpg,112.0,112.0,112.0,21.5732340509736,0.0,0
train/8-05/35.jpg,112.0,112.0,112.0,163.31276644267,180.0,2
train/8-05/36.jpg,112.0,112.0,216.65658125507449,112.0,90.0,1
train/8-05/37.jpg,112.0,112.0,112.0,208.1509230324909,180.0,2
train/8-05/38.jpg,112.0,112.0,112.0,199.2066511224918,180.0,2
train/8-05/4.jpg,112.0,112.0,112.0,20.731166327162924,0.0,0
train/8-05/40.jpg,112.0,112.0,200.75246475450692,112.0,90.0,1
train/8-05/41.jpg,112.0,112.0,112.0,22.412054382299843,0.0,0
train/8-05/42.jpg,112.0,112.0,112.0,17.421989870795016,0.0,0
train/8-05/44.jpg,112.0,112.0,112.0,18.8066525979456,0.0,0
train/8-05/45.jpg,112.0,112.0,112.0,14.36291688093094,0.0,0
train/8-05/46.jpg,112.0,112.0,112.0,21.5732340509736,0.0,0
train/8-05/47.jpg,112.0,112.0,112.0,17.968090522418933,0.0,0
train/8-05/48.jpg,112.0,112.0,112.0,201.4427190999916,180.0,2
train/8-05/49.jpg,112.0,112.0,21.66174675144532,112.0,270.0,3
train/8-05/5.jpg,112.0,112.0,112.0,39.888974490720216,0.0,0
train/8-05/51.jpg,112.0,112.0,112.0,199.2066511224918,180.0,2
train/8-05/52.jpg,112.0,112.0,112.0,202.785461391128,180.0,2
train/8-05/53.jpg,112.0,112.0,6.605502989956818,112.0,270.0,3
train/8-05/56.jpg,112.0,112.0,112.0,12.270365487484112,0.0,0
train/8-05/57.jpg,112.0,112.0,175.8200595424354,112.0,90.0,1
train/8-05/61.jpg,112.0,112.0,16.036465258932864,112.0,270.0,3
train/8-05/62.jpg,112.0,112.0,112.0,21.5732340509736,0.0,0
train/8-05/65.jpg,112.0,112.0,21.66174675144532,112.0,270.0,3
train/8-05/67.jpg,112.0,112.0,20.32121292250862,112.0,270.0,3
train/8-05/68.jpg,112.0,112.0,207.96353474106712,112.0,90.0,1
train/8-05/7.jpg,112.0,112.0,112.0,20.731166327162924,0.0,0
train/8-05/70.jpg,112.0,112.0,112.0,23.79569171520022,0.0,0
train/8-05/73.jpg,112.0,112.0,18.8066525979456,112.0,270.0,3
train/8-05/74.jpg,112.0,112.0,112.0,22.10005561736982,0.0,0
train/8-05/75.jpg,112.0,112.0,20.32121292250862,112.0,270.0,3
train/8-05/76.jpg,112.0,112.0,21.027476675646724,112.0,270.0,3
train/8-05/78.jpg,112.0,112.0,112.0,22.11117978302308,0.0,0
train/8-05/79.jpg,112.0,112.0,112.0,54.57178393855508,0.0,0
train/8-05/8.jpg,112.0,112.0,11.376941012509462,112.0,270.0,3
train/8-05/82.jpg,112.0,112.0,112.0,21.5732340509736,0.0,0
train/8-05/83.jpg,112.0,112.0,112.0,42.10722497997379,0.0,0
train/8-05/85.jpg,112.0,112.0,112.0,20.731166327162924,0.0,0
train/8-05/86.jpg,112.0,112.0,112.0,21.5732340509736,0.0,0
train/8-05/87.jpg,112.0,112.0,112.0,21.5732340509736,0.0,0
train/8-05/88.jpg,112.0,112.0,29.707837554236065,112.0,270.0,3
train/8-05/89.jpg,112.0,112.0,205.9148550549912,112.0,90.0,1
train/8-05/9.jpg,112.0,112.0,112.0,42.10722497997379,0.0,0
train/8-05/92.jpg,112.0,112.0,112.0,21.66174675144532,0.0,0
train/8-05/93.jpg,112.0,112.0,112.0,19.35012142479624,0.0,0
train/8-05/94.jpg,112.0,112.0,112.0,22.11117978302308,0.0,0
train/8-05/95.jpg,112.0,112.0,112.0,6.90480505750989,0.0,0
train/8-05/96.jpg,112.0,112.0,112.0,20.76404217634365,0.0,0
train/8-05/97.jpg,112.0,112.0,13.613008990009249,112.0,270.0,3
train/8-05/98.jpg,112.0,112.0,112.0,10.920823113758985,0.0,0
train/8-05/99.jpg,112.0,112.0,112.0,8.8253907203909,0.0,0
train/8-10/1.jpg,112.0,112.0,112.0,37.75042087661372,0.0,0
train/8-10/10.jpg,112.0,112.0,53.16973567966909,112.0,270.0,3
train/8-10/13.jpg,112.0,112.0,29.14470445409056,112.0,270.0,3
train/8-10/14.jpg,112.0,112.0,112.0,163.62363799656123,180.0,2
train/8-10/15.jpg,112.0,112.0,112.0,168.93856338194703,180.0,2
train/8-10/16.jpg,112.0,112.0,168.93856338194703,112.0,90.0,1
train/8-10/17.jpg,112.0,112.0,112.0,31.501552810007567,0.0,0
train/8-10/18.jpg,112.0,112.0,112.0,176.14047084329832,180.0,2
train/8-10/19.jpg,112.0,112.0,112.0,22.557280900008408,0.0,0
train/8-10/2.jpg,112.0,112.0,52.3175067544929,112.0,270.0,3
train/8-10/21.jpg,112.0,112.0,112.0,54.017243942703104,0.0,0
train/8-10/24.jpg,112.0,112.0,112.0,35.077961545471254,0.0,0
train/8-10/25.jpg,112.0,112.0,112.0,166.70831746635972,180.0,2
train/8-10/26.jpg,112.0,112.0,112.0,160.54894437575342,180.0,2
train/8-10/27.jpg,112.0,112.0,204.9139386744529,112.0,90.0,1
train/8-10/28.jpg,112.0,112.0,112.0,209.63708311906908,180.0,2
train/8-10/3.jpg,112.0,112.0,169.4282160614449,112.0,90.0,1
train/8-10/30.jpg,112.0,112.0,112.0,24.79334887750821,0.0,0
train/8-10/32.jpg,112.0,112.0,112.0,168.93856338194703,180.0,2
train/8-10/35.jpg,112.0,112.0,166.58937625582473,112.0,90.0,1
train/8-10/37.jpg,112.0,112.0,112.0,168.93856338194703,180.0,2
train/8-10/38.jpg,112.0,112.0,202.4267659490264,112.0,90.0,1
train/8-10/40.jpg,112.0,112.0,112.0,172.53924347066123,180.0,2
train/8-10/41.jpg,112.0,112.0,20.32121292250862,112.0,270.0,3
train/8-10/42.jpg,112.0,112.0,112.0,168.93856338194703,180.0,2
train/8-10/45.jpg,112.0,112.0,112.0,13.81649833093138,0.0,0
train/8-10/46.jpg,112.0,112.0,112.0,199.3670418407308,180.0,2
train/8-10/47.jpg,112.0,112.0,112.0,167.2268050859363,180.0,2
train/8-10/48.jpg,112.0,112.0,112.0,172.20797289396148,180.0,2
train/8-10/49.jpg,112.0,112.0,112.0,168.93856338194703,180.0,2
train/8-10/5.jpg,112.0,112.0,112.0,168.0802995712398,180.0,2
train/8-10/50.jpg,112.0,112.0,112.0,180.0955211449329,180.0,2
train/8-10/51.jpg,112.0,112.0,112.0,203.6787870774914,180.0,2
train/8-10/52.jpg,112.0,112.0,167.2268050859363,112.0,90.0,1
train/8-10/53.jpg,112.0,112.0,112.0,177.86349520030046,180.0,2
train/8-10/55.jpg,112.0,112.0,7.29087909833261,112.0,270.0,3
train/8-10/56.jpg,112.0,112.0,112.0,18.978497109539237,0.0,0
train/8-10/57.jpg,112.0,112.0,112.0,175.63175307973214,180.0,2
train/8-10/59.jpg,112.0,112.0,112.0,82.26786250536298,0.0,0
train/8-10/6.jpg,112.0,112.0,112.0,54.5456703111071,0.0,0
train/8-10/60.jpg,112.0,112.0,112.0,7.152491684351418,0.0,0
train/8-10/61.jpg,112.0,112.0,13.613008990009249,112.0,270.0,3
train/8-10/62.jpg,112.0,112.0,112.0,168.0802995712398,180.0,2
train/8-10/63.jpg,112.0,112.0,112.0,168.93856338194703,180.0,2
train/8-10/66.jpg,112.0,112.0,53.16973567966909,112.0,270.0,3
train/8-10/68.jpg,112.0,112.0,112.0,175.63175307973214,180.0,2
train/8-10/7.jpg,112.0,112.0,24.67875401713509,112.0,270.0,3
train/8-10/71.jpg,112.0,112.0,112.0,168.93856338194703,180.0,2
train/8-10/73.jpg,112.0,112.0,112.0,174.76941930590087,180.0,2
train/8-10/74.jpg,112.0,112.0,112.0,202.4267659490264,180.0,2
train/8-10/75.jpg,112.0,112.0,112.0,168.93856338194703,180.0,2
train/8-10/76.jpg,112.0,112.0,112.0,55.39611320766038,0.0,0
train/8-10/78.jpg,112.0,112.0,112.0,202.4267659490264,180.0,2
train/8-10/79.jpg,112.0,112.0,112.0,168.0357029044876,180.0,2
train/8-10/80.jpg,112.0,112.0,112.0,216.84750831564855,180.0,2
train/8-10/81.jpg,112.0,112.0,167.2268050859363,112.0,90.0,1
train/8-10/83.jpg,112.0,112.0,112.0,168.0802995712398,180.0,2
train/8-10/85.jpg,112.0,112.0,112.0,173.91122676865643,180.0,2
train/8-10/86.jpg,112.0,112.0,112.0,54.85982149135339,0.0,0
train/8-10/87.jpg,112.0,112.0,112.0,168.93856338194703,180.0,2
train/8-10/88.jpg,112.0,112.0,112.0,165.0,180.0,2
train/8-10/91.jpg,112.0,112.0,112.0,178.7308024828115,180.0,2
train/8-10/92.jpg,112.0,112.0,207.25754563287887,112.0,90.0,1
train/8-10/93.jpg,112.0,112.0,112.0,168.0802995712398,180.0,2
train/8-10/95.jpg,112.0,112.0,112.0,168.0802995712398,180.0,2
train/8-10/98.jpg,112.0,112.0,112.0,168.93856338194703,180.0,2
train/8-10/99.jpg,112.0,112.0,112.0,168.93856338194703,180.0,2
train/8-15/0.jpg,112.0,112.0,112.0,190.10249675906653,180.0,2
train/8-15/1.jpg,112.0,112.0,53.690481051547,112.0,270.0,3
train/8-15/10.jpg,112.0,112.0,112.0,15.86987985027794,0.0,0
train/8-15/12.jpg,112.0,112.0,112.0,182.1141925718324,180.0,2
train/8-15/13.jpg,112.0,112.0,180.1175454637056,112.0,90.0,1
train/8-15/15.jpg,112.0,112.0,112.0,21.800221729762555,0.0,0
train/8-15/17.jpg,112.0,112.0,112.0,22.797982085605256,0.0,0
train/8-15/18.jpg,112.0,112.0,167.14526271584896,112.0,90.0,1
train/8-15/19.jpg,112.0,112.0,5.882140994081496,112.0,270.0,3
train/8-15/24.jpg,112.0,112.0,112.0,30.845825738906072,0.0,0
train/8-15/26.jpg,112.0,112.0,112.0,30.845825738906072,0.0,0
train/8-15/27.jpg,112.0,112.0,65.6103459810272,112.0,270.0,3
train/8-15/29.jpg,112.0,112.0,172.13318551349164,112.0,90.0,1
train/8-15/3.jpg,112.0,112.0,112.0,203.35097153287424,180.0,2
train/8-15/30.jpg,112.0,112.0,112.0,20.86274087948442,0.0,0
train/8-15/31.jpg,112.0,112.0,29.78078083562214,112.0,270.0,3
train/8-15/32.jpg,112.0,112.0,112.0,28.78341511453381,0.0,0
train/8-15/33.jpg,112.0,112.0,193.15417426109397,112.0,90.0,1
train/8-15/34.jpg,112.0,112.0,112.0,9.823681804441591,0.0,0
train/8-15/37.jpg,112.0,112.0,188.1051903617618,112.0,90.0,1
train/8-15/38.jpg,112.0,112.0,20.86274087948442,112.0,270.0,3
train/8-15/4.jpg,112.0,112.0,112.0,12.87381778762989,0.0,0
train/8-15/40.jpg,112.0,112.0,112.0,51.70074627327466,0.0,0
train/8-15/42.jpg,112.0,112.0,19.80455542707112,112.0,270.0,3
train/8-15/45.jpg,112.0,112.0,112.0,14.814610151525343,0.0,0
train/8-15/46.jpg,112.0,112.0,112.0,37.831273436845365,0.0,0
train/8-15/48.jpg,112.0,112.0,112.0,46.72366431852964,0.0,0
train/8-15/49.jpg,112.0,112.0,112.0,169.1401785086466,180.0,2
train/8-15/5.jpg,112.0,112.0,35.76352578981633,112.0,270.0,3
train/8-15/52.jpg,112.0,112.0,112.0,180.1175454637056,180.0,2
train/8-15/53.jpg,112.0,112.0,74.51667037201737,112.0,270.0,3
train/8-15/56.jpg,112.0,112.0,112.0,217.07616285342743,180.0,2
train/8-15/57.jpg,112.0,112.0,112.0,68.58341330781518,0.0,0
train/8-15/58.jpg,112.0,112.0,112.0,22.859661207733797,0.0,0
train/8-15/59.jpg,112.0,112.0,141.27456233660888,112.0,90.0,1
train/8-15/6.jpg,112.0,112.0,112.0,47.80498461718386,0.0,0
train/8-15/60.jpg,112.0,112.0,7.8798770649976575,112.0,270.0,3
train/8-15/61.jpg,112.0,112.0,112.0,210.08159868191385,180.0,2
train/8-15/63.jpg,112.0,112.0,112.0,194.15229759416349,180.0,2
train/8-15/64.jpg,112.0,112.0,112.0,6.881019791856815,0.0,0
train/8-15/66.jpg,112.0,112.0,112.0,20.802412312605554,0.0,0
train/8-15/67.jpg,112.0,112.0,112.0,21.800221729762555,0.0,0
train/8-15/69.jpg,112.0,112.0,112.0,38.82896748029313,0.0,0
train/8-15/72.jpg,112.0,112.0,112.0,20.86274087948442,0.0,0
train/8-15/75.jpg,112.0,112.0,112.0,11.875078027496071,0.0,0
train/8-15/77.jpg,112.0,112.0,51.86681448650837,112.0,270.0,3
train/8-15/78.jpg,112.0,112.0,112.0,204.0869154657707,180.0,2
train/8-15/79.jpg,112.0,112.0,166.14794548272354,112.0,90.0,1
train/8-15/8.jpg,112.0,112.0,112.0,216.0768946500615,180.0,2
train/8-15/81.jpg,112.0,112.0,112.0,84.54093956450804,0.0,0
train/8-15/82.jpg,112.0,112.0,14.814610151525343,112.0,270.0,3
train/8-15/83.jpg,112.0,112.0,112.0,24.718845103882813,0.0,0
train/8-15/84.jpg,112.0,112.0,112.0,37.75715522691766,0.0,0
train/8-15/85.jpg,112.0,112.0,174.12889826803627,112.0,90.0,1
train/8-15/86.jpg,112.0,112.0,112.0,29.847702405836515,0.0,0
train/8-15/89.jpg,112.0,112.0,112.0,185.10950690573696,180.0,2
train/8-15/9.jpg,112.0,112.0,185.10950690573696,112.0,90.0,1
train/8-15/90.jpg,112.0,112.0,112.0,23.85806900231877,0.0,0
train/8-15/91.jpg,112.0,112.0,112.0,22.72514351733743,0.0,0
train/8-15/93.jpg,112.0,112.0,112.0,185.10950690573696,180.0,2
train/8-15/95.jpg,112.0,112.0,112.0,200.09086218218096,180.0,2
train/8-15/96.jpg,112.0,112.0,188.16429609731847,112.0,90.0,1
train/8-15/98.jpg,112.0,112.0,195.0963296421689,112.0,90.0,1
train/8-15/99.jpg,112.0,112.0,112.0,183.17583859709697,180.0,2
train/8-20/0.jpg,112.0,112.0,112.0,19.35012142479624,0.0,0
train/8-20/1.jpg,112.0,112.0,189.3886296557834,112.0,90.0,1
train/8-20/12.jpg,112.0,112.0,112.0,217.5461984156701,180.0,2
train/8-20/13.jpg,112.0,112.0,202.785461391128,112.0,90.0,1
train/8-20/15.jpg,112.0,112.0,112.0,23.897786633932967,0.0,0
train/8-20/16.jpg,112.0,112.0,206.36630754670864,112.0,90.0,1
train/8-20/17.jpg,112.0,112.0,112.0,198.76404785393544,180.0,2
train/8-20/2.jpg,112.0,112.0,112.0,11.376941012509462,0.0,0
train/8-20/21.jpg,112.0,112.0,205.0215028904608,112.0,90.0,1
train/8-20/24.jpg,112.0,112.0,205.0215028904608,112.0,90.0,1
train/8-20/26.jpg,112.0,112.0,112.0,13.521575967118563,0.0,0
train/8-20/28.jpg,112.0,112.0,112.0,204.3579991121505,180.0,2
train/8-20/30.jpg,112.0,112.0,112.0,21.5732340509736,0.0,0
train/8-20/31.jpg,112.0,112.0,17.421989870795016,112.0,270.0,3
train/8-20/33.jpg,112.0,112.0,112.0,22.412054382299843,0.0,0
train/8-20/34.jpg,112.0,112.0,213.07423014794625,112.0,90.0,1
train/8-20/35.jpg,112.0,112.0,60.89227064327745,112.0,270.0,3
train/8-20/37.jpg,112.0,112.0,112.0,189.82030583337487,180.0,2
train/8-20/4.jpg,112.0,112.0,194.73451516749225,112.0,90.0,1
train/8-20/40.jpg,112.0,112.0,112.0,53.17823532058903,0.0,0
train/8-20/42.jpg,112.0,112.0,45.14942034656693,112.0,270.0,3
train/8-20/43.jpg,112.0,112.0,8.226207547377356,112.0,270.0,3
train/8-20/45.jpg,112.0,112.0,205.47726996441435,112.0,90.0,1
train/8-20/46.jpg,112.0,112.0,21.5732340509736,112.0,270.0,3
train/8-20/47.jpg,112.0,112.0,112.0,211.28242543370908,180.0,2
train/8-20/5.jpg,112.0,112.0,112.0,37.11341909260378,0.0,0
train/8-20/51.jpg,112.0,112.0,112.0,21.5732340509736,0.0,0
train/8-20/52.jpg,112.0,112.0,112.0,183.58910531638176,180.0,2
train/8-20/53.jpg,112.0,112.0,112.0,183.02816342831903,180.0,2
train/8-20/56.jpg,112.0,112.0,23.79569171520022,112.0,270.0,3
train/8-20/58.jpg,112.0,112.0,112.0,22.557280900008408,0.0,0
train/8-20/6.jpg,112.0,112.0,112.0,21.5732340509736,0.0,0
train/8-20/60.jpg,112.0,112.0,213.2422836565829,112.0,90.0,1
train/8-20/61.jpg,112.0,112.0,211.72963451251587,112.0,90.0,1
train/8-20/64.jpg,112.0,112.0,112.0,21.5732340509736,0.0,0
train/8-20/66.jpg,112.0,112.0,112.0,36.28342321525622,0.0,0
train/8-20/67.jpg,112.0,112.0,112.0,203.6787870774914,180.0,2
train/8-20/69.jpg,112.0,112.0,112.0,33.50796218723838,0.0,0
train/8-20/7.jpg,112.0,112.0,112.0,23.897786633932967,0.0,0
train/8-20/71.jpg,112.0,112.0,112.0,195.19254774317227,180.0,2
train/8-20/73.jpg,112.0,112.0,112.0,53.17823532058903,0.0,0
train/8-20/74.jpg,112.0,112.0,202.785461391128,112.0,90.0,1
train/8-20/75.jpg,112.0,112.0,112.0,208.79876032264048,180.0,2
train/8-20/77.jpg,112.0,112.0,112.0,37.374267172777465,0.0,0
train/8-20/78.jpg,112.0,112.0,112.0,203.80958555619344,180.0,2
train/8-20/79.jpg,112.0,112.0,112.0,56.05359707720254,0.0,0
train/8-20/80.jpg,112.0,112.0,112.0,218.2308806327049,180.0,2
train/8-20/83.jpg,112.0,112.0,112.0,24.33586822422754,0.0,0
train/8-20/84.jpg,112.0,112.0,112.0,23.0,0.0,0
train/8-20/85.jpg,112.0,112.0,112.0,22.412054382299843,0.0,0
train/8-20/86.jpg,112.0,112.0,202.785461391128,112.0,90.0,1
train/8-20/87.jpg,112.0,112.0,112.0,206.8103369891701,180.0,2
train/8-20/88.jpg,112.0,112.0,191.1580697086532,112.0,90.0,1
train/8-20/89.jpg,112.0,112.0,112.0,22.412054382299843,0.0,0
train/8-20/9.jpg,112.0,112.0,38.50170069994816,112.0,270.0,3
train/8-20/90.jpg,112.0,112.0,112.0,14.056138528236488,0.0,0
train/8-20/91.jpg,112.0,112.0,112.0,48.754446796632415,0.0,0
train/8-20/92.jpg,112.0,112.0,203.2414379544733,112.0,90.0,1
train/8-20/93.jpg,112.0,112.0,201.8943824718764,112.0,90.0,1
train/8-20/95.jpg,112.0,112.0,213.07423014794625,112.0,90.0,1
train/8-20/96.jpg,112.0,112.0,112.0,187.58438992278764,180.0,2
train/8-20/97.jpg,112.0,112.0,112.0,15.849076967509047,0.0,0
train/8-20/98.jpg,112.0,112.0,112.0,32.67787193979224,0.0,0
train/8-20/99.jpg,112.0,112.0,112.0,42.93481340067197,0.0,0
train/8-25/1.jpg,112.0,112.0,112.0,36.54802852144948,0.0,0
train/8-25/10.jpg,112.0,112.0,112.0,16.742454367121127,0.0,0
train/8-25/13.jpg,112.0,112.0,112.0,21.66174675144532,0.0,0
train/8-25/15.jpg,112.0,112.0,19.869657549751835,112.0,270.0,3
train/8-25/16.jpg,112.0,112.0,112.0,15.745129993334883,0.0,0
train/8-25/17.jpg,112.0,112.0,112.0,25.235952146064548,0.0,0
train/8-25/18.jpg,112.0,112.0,21.21453860887196,112.0,270.0,3
train/8-25/19.jpg,112.0,112.0,21.027476675646724,112.0,270.0,3
train/8-25/2.jpg,112.0,112.0,112.0,9.91670068027777,0.0,0
train/8-25/21.jpg,112.0,112.0,5.995283123815668,112.0,270.0,3
train/8-25/22.jpg,112.0,112.0,112.0,24.86791635683214,0.0,0
train/8-25/24.jpg,112.0,112.0,20.474047396380517,112.0,270.0,3
train/8-25/26.jpg,112.0,112.0,112.0,15.745129993334883,0.0,0
train/8-25/27.jpg,112.0,112.0,22.127868613234725,112.0,270.0,3
train/8-25/29.jpg,112.0,112.0,216.3072384832424,112.0,90.0,1
train/8-25/30.jpg,112.0,112.0,21.86121811340027,112.0,270.0,3
train/8-25/31.jpg,112.0,112.0,112.0,25.235952146064548,0.0,0
train/8-25/33.jpg,112.0,112.0,112.0,18.978497109539237,0.0,0
train/8-25/34.jpg,112.0,112.0,199.3670418407308,112.0,90.0,1
train/8-25/37.jpg,112.0,112.0,180.5054742338158,112.0,90.0,1
train/8-25/38.jpg,112.0,112.0,112.0,24.63295815926924,0.0,0
train/8-25/4.jpg,112.0,112.0,112.0,30.458599472415244,0.0,0
train/8-25/40.jpg,112.0,112.0,112.0,22.412054382299843,0.0,0
train/8-25/42.jpg,112.0,112.0,112.0,15.849076967509047,0.0,0
train/8-25/44.jpg,112.0,112.0,112.0,9.91670068027777,0.0,0
train/8-25/45.jpg,112.0,112.0,112.0,24.63295815926924,0.0,0
train/8-25/47.jpg,112.0,112.0,112.0,213.78899744078436,180.0,2
train/8-25/49.jpg,112.0,112.0,112.0,21.5732340509736,0.0,0
train/8-25/50.jpg,112.0,112.0,48.02344179310675,112.0,270.0,3
train/8-25/52.jpg,112.0,112.0,218.2308806327049,112.0,90.0,1
train/8-25/53.jpg,112.0,112.0,112.0,39.32951080390335,0.0,0
train/8-25/57.jpg,112.0,112.0,112.0,26.85306817036799,0.0,0
train/8-25/6.jpg,112.0,112.0,112.0,24.63295815926924,0.0,0
train/8-25/61.jpg,112.0,112.0,112.0,21.5732340509736,0.0,0
train/8-25/62.jpg,112.0,112.0,112.0,36.28342321525622,0.0,0
train/8-25/66.jpg,112.0,112.0,112.0,42.93481340067197,0.0,0
train/8-25/69.jpg,112.0,112.0,112.0,46.54008860378744,0.0,0
train/8-25/7.jpg,112.0,112.0,112.0,22.412054382299843,0.0,0
train/8-25/72.jpg,112.0,112.0,23.45057877094848,112.0,270.0,3
train/8-25/73.jpg,112.0,112.0,112.0,22.412054382299843,0.0,0
train/8-25/76.jpg,112.0,112.0,21.027476675646724,112.0,270.0,3
train/8-25/77.jpg,112.0,112.0,112.0,24.86791635683214,0.0,0
train/8-25/79.jpg,112.0,112.0,112.0,173.32699242584786,180.0,2
train/8-25/80.jpg,112.0,112.0,36.41561007721238,112.0,270.0,3
train/8-25/82.jpg,112.0,112.0,112.0,15.745129993334883,0.0,0
train/8-25/85.jpg,112.0,112.0,112.0,21.66174675144532,0.0,0
train/8-25/86.jpg,112.0,112.0,112.0,19.35012142479624,0.0,0
train/8-25/87.jpg,112.0,112.0,112.0,31.94376976149826,0.0,0
train/8-25/88.jpg,112.0,112.0,112.0,183.84705978674424,180.0,2
train/8-25/89.jpg,112.0,112.0,112.0,202.9725233243533,180.0,2
train/8-25/90.jpg,112.0,112.0,198.82165628459296,112.0,90.0,1
train/8-25/93.jpg,112.0,112.0,112.0,202.9725233243533,180.0,2
train/8-25/94.jpg,112.0,112.0,21.86121811340027,112.0,270.0,3
train/8-25/95.jpg,112.0,112.0,112.0,28.238433634512305,0.0,0
train/8-25/96.jpg,112.0,112.0,21.21453860887196,112.0,270.0,3
train/8-25/97.jpg,112.0,112.0,112.0,211.02019995940225,180.0,2
train/8-25/98.jpg,112.0,112.0,112.0,31.94376976149826,0.0,0
train/8-30/10.jpg,112.0,112.0,112.0,13.918401318086168,0.0,0
train/8-30/12.jpg,112.0,112.0,112.0,48.612304033038086,0.0,0
train/8-30/17.jpg,112.0,112.0,112.0,27.904815833485443,0.0,0
train/8-30/18.jpg,112.0,112.0,112.0,54.78112199632013,0.0,0
train/8-30/19.jpg,112.0,112.0,112.0,66.72307430931292,0.0,0
train/8-30/20.jpg,112.0,112.0,112.0,215.17460927960911,180.0,2
train/8-30/21.jpg,112.0,112.0,157.39823785126467,112.0,90.0,1
train/8-30/22.jpg,112.0,112.0,112.0,24.856440283862625,0.0,0
train/8-30/24.jpg,112.0,112.0,112.0,27.708837948453933,0.0,0
train/8-30/29.jpg,112.0,112.0,112.0,217.1712888577486,180.0,2
train/8-30/3.jpg,112.0,112.0,206.5304183847718,112.0,90.0,1
train/8-30/30.jpg,112.0,112.0,158.2709412050371,112.0,90.0,1
train/8-30/32.jpg,112.0,112.0,112.0,43.81642426507686,0.0,0
train/8-30/33.jpg,112.0,112.0,112.0,33.83990788132347,0.0,0
train/8-30/35.jpg,112.0,112.0,80.42469319230611,112.0,270.0,3
train/8-30/38.jpg,112.0,112.0,201.27485648266256,112.0,90.0,1
train/8-30/40.jpg,112.0,112.0,112.0,30.90129470823841,0.0,0
train/8-30/44.jpg,112.0,112.0,112.0,7.692761516757613,0.0,0
train/8-30/46.jpg,112.0,112.0,112.0,34.89617389519506,0.0,0
train/8-30/47.jpg,112.0,112.0,112.0,10.920823113758985,0.0,0
train/8-30/49.jpg,112.0,112.0,159.2652091923859,112.0,90.0,1
train/8-30/50.jpg,112.0,112.0,157.39823785126467,112.0,90.0,1
train/8-30/51.jpg,112.0,112.0,112.0,65.7290587949629,0.0,0
train/8-30/56.jpg,112.0,112.0,112.0,7.923105349938496,0.0,0
train/8-30/61.jpg,112.0,112.0,112.0,191.22752047110905,180.0,2
train/8-30/62.jpg,112.0,112.0,49.79871383966405,112.0,270.0,3
train/8-30/64.jpg,112.0,112.0,112.0,20.912130335592977,0.0,0
train/8-30/67.jpg,112.0,112.0,112.0,65.7290587949629,0.0,0
train/8-30/69.jpg,112.0,112.0,112.0,43.81642426507686,0.0,0
train/8-30/7.jpg,112.0,112.0,159.2652091923859,112.0,90.0,1
train/8-30/73.jpg,112.0,112.0,159.2652091923859,112.0,90.0,1
train/8-30/74.jpg,112.0,112.0,21.72818823131996,112.0,270.0,3
train/8-30/75.jpg,112.0,112.0,112.0,187.23961722390672,180.0,2
train/8-30/78.jpg,112.0,112.0,112.0,23.7220299281865,0.0,0
train/8-30/79.jpg,112.0,112.0,112.0,56.85473728415105,0.0,0
train/8-30/82.jpg,112.0,112.0,112.0,15.745129993334883,0.0,0
train/8-30/83.jpg,112.0,112.0,23.7220299281865,112.0,270.0,3
train/8-30/85.jpg,112.0,112.0,112.0,64.7347908076141,0.0,0
train/8-30/86.jpg,112.0,112.0,112.0,65.7290587949629,0.0,0
train/8-30/88.jpg,112.0,112.0,159.2652091923859,112.0,90.0,1
train/8-30/89.jpg,112.0,112.0,112.0,39.6605225343727,0.0,0
train/8-30/9.jpg,112.0,112.0,152.31128874149277,112.0,90.0,1
train/8-30/91.jpg,112.0,112.0,170.21511831131153,112.0,90.0,1
train/8-30/97.jpg,112.0,112.0,22.797982085605256,112.0,270.0,3
train/8-30/98.jpg,112.0,112.0,112.0,42.64583646240119,0.0,0
train/8-35/0.jpg,112.0,112.0,112.0,215.31021246711285,180.0,2
train/8-35/10.jpg,112.0,112.0,112.0,14.051033696112952,0.0,0
train/8-35/12.jpg,112.0,112.0,112.0,48.02344179310675,0.0,0
train/8-35/13.jpg,112.0,112.0,201.0,112.0,90.0,1
train/8-35/17.jpg,112.0,112.0,112.0,5.995283123815668,0.0,0
train/8-35/18.jpg,112.0,112.0,112.0,35.077961545471254,0.0,0
train/8-35/19.jpg,112.0,112.0,112.0,22.105617528123588,0.0,0
train/8-35/23.jpg,112.0,112.0,112.0,35.077961545471254,0.0,0
train/8-35/24.jpg,112.0,112.0,112.0,12.702467301548722,0.0,0
train/8-35/26.jpg,112.0,112.0,112.0,14.051033696112952,0.0,0
train/8-35/27.jpg,112.0,112.0,112.0,72.43991911029504,0.0,0
train/8-35/28.jpg,112.0,112.0,201.0,112.0,90.0,1
train/8-35/3.jpg,112.0,112.0,112.0,18.52807908253945,0.0,0
train/8-35/30.jpg,112.0,112.0,112.0,203.6787870774914,180.0,2
train/8-35/31.jpg,112.0,112.0,112.0,27.029416855007995,0.0,0
train/8-35/32.jpg,112.0,112.0,112.0,20.32121292250862,0.0,0
train/8-35/33.jpg,112.0,112.0,112.0,17.63369245329136,0.0,0
train/8-35/35.jpg,112.0,112.0,112.0,216.6231331972045,180.0,2
train/8-35/4.jpg,112.0,112.0,112.0,212.17983829094555,180.0,2
train/8-35/40.jpg,112.0,112.0,112.0,36.41561007721238,0.0,0
train/8-35/44.jpg,112.0,112.0,21.66174675144532,112.0,270.0,3
train/8-35/48.jpg,112.0,112.0,112.0,47.52519872074052,0.0,0
train/8-35/49.jpg,112.0,112.0,112.0,40.88741320975589,0.0,0
train/8-35/51.jpg,112.0,112.0,112.0,22.105617528123588,0.0,0
train/8-35/52.jpg,112.0,112.0,112.0,38.65151671643101,0.0,0
train/8-35/57.jpg,112.0,112.0,174.64982043070833,112.0,90.0,1
train/8-35/60.jpg,112.0,112.0,112.0,201.0,180.0,2
train/8-35/61.jpg,112.0,112.0,205.9148550549912,112.0,90.0,1
train/8-35/66.jpg,112.0,112.0,112.0,27.029416855007995,0.0,0
train/8-35/67.jpg,112.0,112.0,112.0,7.343418744925557,0.0,0
train/8-35/7.jpg,112.0,112.0,112.0,203.23595782365635,180.0,2
train/8-35/74.jpg,112.0,112.0,112.0,42.22177990232196,0.0,0
train/8-35/75.jpg,112.0,112.0,112.0,48.928611875114086,0.0,0
train/8-35/79.jpg,112.0,112.0,52.90685318922337,112.0,270.0,3
train/8-35/80.jpg,112.0,112.0,201.0,112.0,90.0,1
train/8-35/81.jpg,112.0,112.0,112.0,25.230189581859747,0.0,0
train/8-35/82.jpg,112.0,112.0,112.0,13.161748295510606,0.0,0
train/8-35/83.jpg,112.0,112.0,112.0,21.21453860887196,0.0,0
train/8-35/84.jpg,112.0,112.0,112.0,21.21453860887196,0.0,0
train/8-35/87.jpg,112.0,112.0,112.0,14.051033696112952,0.0,0
train/8-35/89.jpg,112.0,112.0,112.0,201.0,180.0,2
train/8-35/91.jpg,112.0,112.0,165.31041174104735,112.0,90.0,1
train/8-35/92.jpg,112.0,112.0,54.22457269738284,112.0,270.0,3
train/8-35/93.jpg,112.0,112.0,112.0,22.105617528123588,0.0,0
train/8-35/95.jpg,112.0,112.0,112.0,6.881019791856815,0.0,0
train/8-35/96.jpg,112.0,112.0,21.66174675144532,112.0,270.0,3
train/8-35/97.jpg,112.0,112.0,112.0,37.31399060064864,0.0,0
train/8-40/0.jpg,112.0,112.0,112.0,21.5732340509736,0.0,0
train/8-40/1.jpg,112.0,112.0,35.72418469790047,112.0,270.0,3
train/8-40/10.jpg,112.0,112.0,112.0,25.46676938886425,0.0,0
train/8-40/11.jpg,112.0,112.0,9.374467114660009,112.0,270.0,3
train/8-40/12.jpg,112.0,112.0,45.96970392312329,112.0,270.0,3
train/8-40/17.jpg,112.0,112.0,112.0,195.4865258589672,180.0,2
train/8-40/18.jpg,112.0,112.0,112.0,76.39101237047029,0.0,0
train/8-40/2.jpg,112.0,112.0,112.0,206.57801012920496,180.0,2
train/8-40/21.jpg,112.0,112.0,32.94305849579051,112.0,270.0,3
train/8-40/23.jpg,112.0,112.0,112.0,211.29753269845128,180.0,2
train/8-40/24.jpg,112.0,112.0,112.0,191.88116173416608,180.0,2
train/8-40/28.jpg,112.0,112.0,34.3340486442096,112.0,270.0,3
train/8-40/3.jpg,112.0,112.0,112.0,149.5366487582469,180.0,2
train/8-40/32.jpg,112.0,112.0,143.1448230047949,112.0,90.0,1
train/8-40/34.jpg,112.0,112.0,112.0,205.74433316206373,180.0,2
train/8-40/37.jpg,112.0,112.0,213.2422836565829,112.0,90.0,1
train/8-40/38.jpg,112.0,112.0,21.5732340509736,112.0,270.0,3
train/8-40/4.jpg,112.0,112.0,112.0,210.18350166906865,180.0,2
train/8-40/40.jpg,112.0,112.0,112.0,55.9642970955124,0.0,0
train/8-40/42.jpg,112.0,112.0,112.0,42.10722497997379,0.0,0
train/8-40/44.jpg,112.0,112.0,112.0,218.2308806327049,180.0,2
train/8-40/45.jpg,112.0,112.0,112.0,12.97980004059778,0.0,0
train/8-40/46.jpg,112.0,112.0,202.13878188659973,112.0,90.0,1
train/8-40/47.jpg,112.0,112.0,112.0,7.692761516757613,0.0,0
train/8-40/48.jpg,112.0,112.0,53.39965870406555,112.0,270.0,3
train/8-40/5.jpg,112.0,112.0,202.13878188659973,112.0,90.0,1
train/8-40/50.jpg,112.0,112.0,112.0,34.06412892640515,0.0,0
train/8-40/51.jpg,112.0,112.0,112.0,204.3579991121505,180.0,2
train/8-40/52.jpg,112.0,112.0,35.15600218624749,112.0,270.0,3
train/8-40/53.jpg,112.0,112.0,48.1799404575646,112.0,270.0,3
train/8-40/55.jpg,112.0,112.0,112.0,201.8888202169769,180.0,2
train/8-40/57.jpg,112.0,112.0,112.0,48.754446796632415,0.0,0
train/8-40/6.jpg,112.0,112.0,112.0,202.9725233243533,180.0,2
train/8-40/60.jpg,112.0,112.0,213.78899744078436,112.0,90.0,1
train/8-40/61.jpg,112.0,112.0,112.0,18.8066525979456,0.0,0
train/8-40/63.jpg,112.0,112.0,204.3579991121505,112.0,90.0,1
train/8-40/66.jpg,112.0,112.0,112.0,189.6659513557904,180.0,2
train/8-40/67.jpg,112.0,112.0,112.0,8.535030082641015,0.0,0
train/8-40/69.jpg,112.0,112.0,38.76066630559778,112.0,270.0,3
train/8-40/7.jpg,112.0,112.0,112.0,21.5732340509736,0.0,0
train/8-40/70.jpg,112.0,112.0,112.0,209.4935895328508,180.0,2
train/8-40/73.jpg,112.0,112.0,112.0,176.40496875241848,180.0,2
train/8-40/75.jpg,112.0,112.0,112.0,39.888974490720216,0.0,0
train/8-40/82.jpg,112.0,112.0,112.0,14.056138528236488,0.0,0
train/8-40/83.jpg,112.0,112.0,183.84705978674424,112.0,90.0,1
train/8-40/84.jpg,112.0,112.0,191.05694150420948,112.0,90.0,1
train/8-40/85.jpg,112.0,112.0,112.0,50.14533162323154,0.0,0
train/8-40/86.jpg,112.0,112.0,196.87638069569175,112.0,90.0,1
train/8-40/87.jpg,112.0,112.0,112.0,191.88116173416608,180.0,2
train/8-40/88.jpg,112.0,112.0,202.13878188659973,112.0,90.0,1
train/8-40/9.jpg,112.0,112.0,112.0,58.176213436808446,0.0,0
train/8-40/91.jpg,112.0,112.0,112.0,36.28342321525622,0.0,0
train/8-40/92.jpg,112.0,112.0,112.0,39.888974490720216,0.0,0
train/8-40/93.jpg,112.0,112.0,21.5732340509736,112.0,270.0,3
train/8-40/94.jpg,112.0,112.0,203.80958555619344,112.0,90.0,1
train/8-40/95.jpg,112.0,112.0,112.0,202.13878188659973,180.0,2
train/8-40/98.jpg,112.0,112.0,112.0,37.66965626340748,0.0,0
train/8-40/99.jpg,112.0,112.0,112.0,58.176213436808446,0.0,0
train/8-45/10.jpg,112.0,112.0,112.0,198.1452262171271,180.0,2
train/8-45/12.jpg,112.0,112.0,67.59279337765096,112.0,270.0,3
train/8-45/15.jpg,112.0,112.0,112.0,66.60176214873533,0.0,0
train/8-45/16.jpg,112.0,112.0,78.45898033750316,112.0,270.0,3
train/8-45/19.jpg,112.0,112.0,6.766925351389645,112.0,270.0,3
train/8-45/2.jpg,112.0,112.0,112.0,9.686755500570698,0.0,0
train/8-45/20.jpg,112.0,112.0,38.665151530803584,112.0,270.0,3
train/8-45/21.jpg,112.0,112.0,112.0,29.61068030381608,0.0,0
train/8-45/28.jpg,112.0,112.0,112.0,69.57359312880715,0.0,0
train/8-45/29.jpg,112.0,112.0,112.0,13.587602407013776,0.0,0
train/8-45/3.jpg,112.0,112.0,10.876313358343197,112.0,270.0,3
train/8-45/30.jpg,112.0,112.0,22.72514351733743,112.0,270.0,3
train/8-45/31.jpg,112.0,112.0,176.19501538281614,112.0,90.0,1
train/8-45/32.jpg,112.0,112.0,112.0,23.54096993522934,0.0,0
train/8-45/37.jpg,112.0,112.0,67.59279337765096,112.0,270.0,3
train/8-45/38.jpg,112.0,112.0,203.1372591205156,112.0,90.0,1
train/8-45/4.jpg,112.0,112.0,112.0,154.19004621945797,180.0,2
train/8-45/42.jpg,112.0,112.0,112.0,39.55691889490066,0.0,0
train/8-45/45.jpg,112.0,112.0,112.0,66.60176214873533,0.0,0
train/8-45/48.jpg,112.0,112.0,112.0,32.16892835493188,0.0,0
train/8-45/49.jpg,112.0,112.0,112.0,21.72818823131996,0.0,0
train/8-45/5.jpg,112.0,112.0,34.58553106815238,112.0,270.0,3
train/8-45/51.jpg,112.0,112.0,112.0,21.72818823131996,0.0,0
train/8-45/53.jpg,112.0,112.0,112.0,181.3541635375988,180.0,2
train/8-45/55.jpg,112.0,112.0,112.0,74.78441186814321,0.0,0
train/8-45/56.jpg,112.0,112.0,112.0,66.60176214873533,0.0,0
train/8-45/59.jpg,112.0,112.0,79.44235880780059,112.0,270.0,3
train/8-45/60.jpg,112.0,112.0,112.0,76.4894381908706,0.0,0
train/8-45/61.jpg,112.0,112.0,112.0,213.1780608630152,180.0,2
train/8-45/64.jpg,112.0,112.0,112.0,66.60176214873533,0.0,0
train/8-45/65.jpg,112.0,112.0,177.00769185258002,112.0,90.0,1
train/8-45/66.jpg,112.0,112.0,67.59279337765096,112.0,270.0,3
train/8-45/7.jpg,112.0,112.0,83.36435787344729,112.0,270.0,3
train/8-45/71.jpg,112.0,112.0,53.536336071026135,112.0,270.0,3
train/8-45/73.jpg,112.0,112.0,22.72514351733743,112.0,270.0,3
train/8-45/74.jpg,112.0,112.0,112.0,6.69567910099795,0.0,0
train/8-45/75.jpg,112.0,112.0,67.59279337765096,112.0,270.0,3
train/8-45/78.jpg,112.0,112.0,23.7220299281865,112.0,270.0,3
train/8-45/8.jpg,112.0,112.0,11.680510368124374,112.0,270.0,3
train/8-45/80.jpg,112.0,112.0,75.3257583582155,112.0,270.0,3
train/8-45/82.jpg,112.0,112.0,112.0,76.4894381908706,0.0,0
train/8-45/84.jpg,112.0,112.0,64.4815825179331,112.0,270.0,3
train/8-45/85.jpg,112.0,112.0,112.0,67.59279337765096,0.0,0
train/8-45/86.jpg,112.0,112.0,195.1504660239496,112.0,90.0,1
train/8-45/87.jpg,112.0,112.0,30.698093503288614,112.0,270.0,3
train/8-45/88.jpg,112.0,112.0,112.0,66.60176214873533,0.0,0
train/8-45/91.jpg,112.0,112.0,112.0,156.28317965096906,180.0,2
train/8-45/93.jpg,112.0,112.0,189.1621668954417,112.0,90.0,1
train/8-45/95.jpg,112.0,112.0,155.18564576337835,112.0,90.0,1
train/8-45/96.jpg,112.0,112.0,112.0,157.27692569068708,180.0,2
train/8-45/97.jpg,112.0,112.0,112.0,157.27692569068708,180.0,2
train/8-45/98.jpg,112.0,112.0,112.0,76.4894381908706,0.0,0
train/8-45/99.jpg,112.0,112.0,112.0,64.4815825179331,0.0,0
train/8-50/0.jpg,112.0,112.0,112.0,205.74433316206373,180.0,2
train/8-50/10.jpg,112.0,112.0,9.374467114660009,112.0,270.0,3
train/8-50/11.jpg,112.0,112.0,112.0,11.376941012509462,0.0,0
train/8-50/13.jpg,112.0,112.0,202.4267659490264,112.0,90.0,1
train/8-50/16.jpg,112.0,112.0,112.0,16.036465258932864,0.0,0
train/8-50/17.jpg,112.0,112.0,192.156097709407,112.0,90.0,1
train/8-50/18.jpg,112.0,112.0,163.61395160225575,112.0,90.0,1
train/8-50/19.jpg,112.0,112.0,112.0,29.072320664328245,0.0,0
train/8-50/20.jpg,112.0,112.0,204.64987857520376,112.0,90.0,1
train/8-50/21.jpg,112.0,112.0,31.55125855552494,112.0,270.0,3
train/8-50/23.jpg,112.0,112.0,112.0,11.815170809148952,0.0,0
train/8-50/24.jpg,112.0,112.0,112.0,7.9903850598416994,0.0,0
train/8-50/26.jpg,112.0,112.0,112.0,7.692761516757613,0.0,0
train/8-50/27.jpg,112.0,112.0,112.0,20.474047396380517,0.0,0
train/8-50/30.jpg,112.0,112.0,112.0,25.46676938886425,0.0,0
train/8-50/32.jpg,112.0,112.0,112.0,173.61168720299744,180.0,2
train/8-50/33.jpg,112.0,112.0,112.0,203.5259526036195,180.0,2
train/8-50/34.jpg,112.0,112.0,112.0,21.86121811340027,0.0,0
train/8-50/35.jpg,112.0,112.0,61.52228214350415,112.0,270.0,3
train/8-50/38.jpg,112.0,112.0,112.0,21.027476675646724,0.0,0
train/8-50/4.jpg,112.0,112.0,10.211002559215656,112.0,270.0,3
train/8-50/40.jpg,112.0,112.0,112.0,202.4267659490264,180.0,2
train/8-50/42.jpg,112.0,112.0,112.0,6.605502989956818,0.0,0
train/8-50/43.jpg,112.0,112.0,112.0,6.3117792750772,0.0,0
train/8-50/44.jpg,112.0,112.0,112.0,5.76911936729509,0.0,0
train/8-50/45.jpg,112.0,112.0,112.0,207.4148835350125,180.0,2
train/8-50/47.jpg,112.0,112.0,112.0,185.49829930005183,180.0,2
train/8-50/48.jpg,112.0,112.0,183.28113354878693,112.0,90.0,1
train/8-50/5.jpg,112.0,112.0,112.0,189.6659513557904,180.0,2
train/8-50/50.jpg,112.0,112.0,112.0,24.07958143866693,0.0,0
train/8-50/51.jpg,112.0,112.0,22.691545752935568,112.0,270.0,3
train/8-50/52.jpg,112.0,112.0,112.0,21.86121811340027,0.0,0
train/8-50/53.jpg,112.0,112.0,112.0,50.38831279700255,0.0,0
train/8-50/56.jpg,112.0,112.0,112.0,35.72418469790047,0.0,0
train/8-50/59.jpg,112.0,112.0,112.0,31.04322140796361,0.0,0
train/8-50/60.jpg,112.0,112.0,112.0,9.374467114660009,0.0,0
train/8-50/63.jpg,112.0,112.0,112.0,18.8066525979456,0.0,0
train/8-50/64.jpg,112.0,112.0,112.0,23.24753524549304,0.0,0
train/8-50/66.jpg,112.0,112.0,112.0,196.31488599292533,180.0,2
train/8-50/67.jpg,112.0,112.0,217.6882207249228,112.0,90.0,1
train/8-50/68.jpg,112.0,112.0,209.63708311906908,112.0,90.0,1
train/8-50/69.jpg,112.0,112.0,112.0,50.38831279700255,0.0,0
train/8-50/7.jpg,112.0,112.0,112.0,20.474047396380517,0.0,0
train/8-50/70.jpg,112.0,112.0,112.0,12.97980004059778,0.0,0
train/8-50/72.jpg,112.0,112.0,112.0,21.027476675646724,0.0,0
train/8-50/74.jpg,112.0,112.0,48.1799404575646,112.0,270.0,3
train/8-50/76.jpg,112.0,112.0,112.0,35.72418469790047,0.0,0
train/8-50/78.jpg,112.0,112.0,112.0,20.19041444380657,0.0,0
train/8-50/8.jpg,112.0,112.0,112.0,18.255666837936275,0.0,0
train/8-50/80.jpg,112.0,112.0,112.0,6.605502989956818,0.0,0
train/8-50/82.jpg,112.0,112.0,9.374467114660009,112.0,270.0,3
train/8-50/83.jpg,112.0,112.0,112.0,47.36254955523076,0.0,0
train/8-50/85.jpg,112.0,112.0,112.0,21.86121811340027,0.0,0
train/8-50/86.jpg,112.0,112.0,112.0,166.40588203494178,180.0,2
train/8-50/88.jpg,112.0,112.0,179.6756972627545,112.0,90.0,1
train/8-50/9.jpg,112.0,112.0,112.0,30.72884890688455,0.0,0
train/8-50/91.jpg,112.0,112.0,112.0,44.57596867584971,0.0,0
train/8-50/92.jpg,112.0,112.0,202.4267659490264,112.0,90.0,1
train/8-50/93.jpg,112.0,112.0,112.0,16.036465258932864,0.0,0
train/8-50/98.jpg,112.0,112.0,181.06518659932803,112.0,90.0,1
train/8-55/13.jpg,112.0,112.0,172.41522986797287,112.0,90.0,1
train/8-55/16.jpg,112.0,112.0,112.0,25.235952146064548,0.0,0
train/8-55/17.jpg,112.0,112.0,31.290644904075705,112.0,270.0,3
train/8-55/19.jpg,112.0,112.0,205.0215028904608,112.0,90.0,1
train/8-55/21.jpg,112.0,112.0,112.0,34.61137034421658,0.0,0
train/8-55/24.jpg,112.0,112.0,112.0,26.13382505316777,0.0,0
train/8-55/29.jpg,112.0,112.0,6.90480505750989,112.0,270.0,3
train/8-55/3.jpg,112.0,112.0,175.97655820689326,112.0,90.0,1
train/8-55/30.jpg,112.0,112.0,23.0,112.0,270.0,3
train/8-55/31.jpg,112.0,112.0,112.0,34.179694166625126,0.0,0
train/8-55/32.jpg,112.0,112.0,112.0,47.11548720996666,0.0,0
train/8-55/33.jpg,112.0,112.0,112.0,19.42570551173506,0.0,0
train/8-55/34.jpg,112.0,112.0,112.0,27.471898163983354,0.0,0
train/8-55/37.jpg,112.0,112.0,112.0,182.6823881882892,180.0,2
train/8-55/4.jpg,112.0,112.0,112.0,21.21453860887196,0.0,0
train/8-55/40.jpg,112.0,112.0,112.0,50.67300757415215,0.0,0
train/8-55/41.jpg,112.0,112.0,112.0,202.33825324855468,180.0,2
train/8-55/42.jpg,112.0,112.0,175.0713881248859,112.0,90.0,1
train/8-55/43.jpg,112.0,112.0,112.0,33.2789735839274,0.0,0
train/8-55/45.jpg,112.0,112.0,210.83825170448935,112.0,90.0,1
train/8-55/46.jpg,112.0,112.0,112.0,20.32121292250862,0.0,0
train/8-55/47.jpg,112.0,112.0,186.68600939935132,112.0,90.0,1
train/8-55/48.jpg,112.0,112.0,112.0,33.2789735839274,0.0,0
train/8-55/49.jpg,112.0,112.0,112.0,11.820161709054446,0.0,0
train/8-55/51.jpg,112.0,112.0,112.0,25.235952146064548,0.0,0
train/8-55/55.jpg,112.0,112.0,112.0,15.433960420860174,0.0,0
train/8-55/56.jpg,112.0,112.0,112.0,27.471898163983354,0.0,0
train/8-55/58.jpg,112.0,112.0,112.0,5.995283123815668,0.0,0
train/8-55/64.jpg,112.0,112.0,112.0,20.76404217634365,0.0,0
train/8-55/65.jpg,112.0,112.0,112.0,68.53737237579854,0.0,0
train/8-55/66.jpg,112.0,112.0,112.0,42.22177990232196,0.0,0
train/8-55/72.jpg,112.0,112.0,216.65658125507449,112.0,90.0,1
train/8-55/75.jpg,112.0,112.0,184.0138875495553,112.0,90.0,1
train/8-55/76.jpg,112.0,112.0,112.0,19.869657549751835,0.0,0
train/8-55/78.jpg,112.0,112.0,112.0,19.869657549751835,0.0,0
train/8-55/79.jpg,112.0,112.0,112.0,53.819247168844576,0.0,0
train/8-55/8.jpg,112.0,112.0,112.0,201.0,180.0,2
train/8-55/81.jpg,112.0,112.0,112.0,201.4427190999916,180.0,2
train/8-55/82.jpg,112.0,112.0,112.0,22.557280900008408,0.0,0
train/8-55/83.jpg,112.0,112.0,46.608869102912735,112.0,270.0,3
train/8-55/84.jpg,112.0,112.0,112.0,180.4470598345904,180.0,2
train/8-55/86.jpg,112.0,112.0,112.0,192.9567785920364,180.0,2
train/8-55/87.jpg,112.0,112.0,27.904815833485443,112.0,270.0,3
train/8-55/88.jpg,112.0,112.0,112.0,42.22177990232196,0.0,0
train/8-55/9.jpg,112.0,112.0,112.0,21.66174675144532,0.0,0
train/8-55/93.jpg,112.0,112.0,112.0,15.849076967509047,0.0,0
train/8-55/97.jpg,112.0,112.0,112.0,196.52810183601665,180.0,2
train/8-55/98.jpg,112.0,112.0,112.0,181.3541635375988,180.0,2
train/8-55/99.jpg,112.0,112.0,43.9705945932202,112.0,270.0,3
train/9-00/14.jpg,112.0,112.0,112.0,61.51237775454265,0.0,0
train/9-00/15.jpg,112.0,112.0,112.0,45.81087702650835,0.0,0
train/9-00/16.jpg,112.0,112.0,112.0,34.8378331045583,0.0,0
train/9-00/18.jpg,112.0,112.0,112.0,58.76467338317534,0.0,0
train/9-00/19.jpg,112.0,112.0,112.0,5.830324480104025,0.0,0
train/9-00/21.jpg,112.0,112.0,112.0,185.17103251970687,180.0,2
train/9-00/22.jpg,112.0,112.0,61.75062189439555,112.0,270.0,3
train/9-00/24.jpg,112.0,112.0,112.0,34.8378331045583,0.0,0
train/9-00/25.jpg,112.0,112.0,112.0,177.06919393998976,180.0,2
train/9-00/30.jpg,112.0,112.0,19.9130845342293,112.0,270.0,3
train/9-00/32.jpg,112.0,112.0,112.0,45.81087702650835,0.0,0
train/9-00/35.jpg,112.0,112.0,112.0,77.47464699673586,0.0,0
train/9-00/37.jpg,112.0,112.0,112.0,48.80189876270016,0.0,0
train/9-00/4.jpg,112.0,112.0,112.0,30.845825738906072,0.0,0
train/9-00/45.jpg,112.0,112.0,112.0,26.85306817036799,0.0,0
train/9-00/46.jpg,112.0,112.0,112.0,38.82896748029313,0.0,0
train/9-00/48.jpg,112.0,112.0,112.0,172.20797289396148,180.0,2
train/9-00/49.jpg,112.0,112.0,54.85982149135339,112.0,270.0,3
train/9-00/5.jpg,112.0,112.0,187.23961722390672,112.0,90.0,1
train/9-00/50.jpg,112.0,112.0,167.3263047744922,112.0,90.0,1
train/9-00/51.jpg,112.0,112.0,112.0,19.864230615900325,0.0,0
train/9-00/52.jpg,112.0,112.0,112.0,8.8253907203909,0.0,0
train/9-00/55.jpg,112.0,112.0,9.980394041145203,112.0,270.0,3
train/9-00/56.jpg,112.0,112.0,112.0,32.8419302913468,0.0,0
train/9-00/59.jpg,112.0,112.0,112.0,81.5861873485089,0.0,0
train/9-00/60.jpg,112.0,112.0,187.1664818918645,112.0,90.0,1
train/9-00/61.jpg,112.0,112.0,188.16429609731847,112.0,90.0,1
train/9-00/64.jpg,112.0,112.0,24.908094520787984,112.0,270.0,3
train/9-00/67.jpg,112.0,112.0,112.0,203.08786966440704,180.0,2
train/9-00/69.jpg,112.0,112.0,112.0,178.12110101926618,180.0,2
train/9-00/71.jpg,112.0,112.0,112.0,191.1012010022604,180.0,2
train/9-00/72.jpg,112.0,112.0,112.0,30.845825738906072,0.0,0
train/9-00/8.jpg,112.0,112.0,112.0,6.881019791856815,0.0,0
train/9-00/86.jpg,112.0,112.0,112.0,33.83990788132347,0.0,0
train/9-00/87.jpg,112.0,112.0,188.16429609731847,112.0,90.0,1
train/9-00/88.jpg,112.0,112.0,176.19501538281614,112.0,90.0,1
train/9-00/93.jpg,112.0,112.0,112.0,188.1051903617618,180.0,2
train/9-00/95.jpg,112.0,112.0,112.0,26.85306817036799,0.0,0
train/9-00/96.jpg,112.0,112.0,112.0,177.19202405202648,180.0,2
train/9-00/97.jpg,112.0,112.0,112.0,26.85306817036799,0.0,0
train/9-05/0.jpg,112.0,112.0,203.5259526036195,112.0,90.0,1
train/9-05/1.jpg,112.0,112.0,112.0,5.76911936729509,0.0,0
train/9-05/10.jpg,112.0,112.0,112.0,23.24753524549304,0.0,0
train/9-05/12.jpg,112.0,112.0,112.0,8.535030082641015,0.0,0
train/9-05/13.jpg,112.0,112.0,21.66174675144532,112.0,270.0,3
train/9-05/14.jpg,112.0,112.0,185.2393336944022,112.0,90.0,1
train/9-05/15.jpg,112.0,112.0,112.0,38.50170069994816,0.0,0
train/9-05/16.jpg,112.0,112.0,112.0,210.83825170448935,180.0,2
train/9-05/17.jpg,112.0,112.0,214.62553288534,112.0,90.0,1
train/9-05/18.jpg,112.0,112.0,112.0,19.42570551173506,0.0,0
train/9-05/19.jpg,112.0,112.0,112.0,20.731166327162924,0.0,0
train/9-05/2.jpg,112.0,112.0,112.0,20.731166327162924,0.0,0
train/9-05/21.jpg,112.0,112.0,112.0,34.06412892640515,0.0,0
train/9-05/22.jpg,112.0,112.0,112.0,156.72135954999578,180.0,2
train/9-05/26.jpg,112.0,112.0,112.0,22.11117978302308,0.0,0
train/9-05/27.jpg,112.0,112.0,112.0,20.19041444380657,0.0,0
train/9-05/28.jpg,112.0,112.0,203.6787870774914,112.0,90.0,1
train/9-05/30.jpg,112.0,112.0,112.0,26.01744362953612,0.0,0
train/9-05/31.jpg,112.0,112.0,112.0,196.970583144992,180.0,2
train/9-05/33.jpg,112.0,112.0,18.8066525979456,112.0,270.0,3
train/9-05/34.jpg,112.0,112.0,112.0,20.731166327162924,0.0,0
train/9-05/37.jpg,112.0,112.0,112.0,14.056138528236488,0.0,0
train/9-05/4.jpg,112.0,112.0,202.4267659490264,112.0,90.0,1
train/9-05/40.jpg,112.0,112.0,202.4267659490264,112.0,90.0,1
train/9-05/42.jpg,112.0,112.0,204.64987857520376,112.0,90.0,1
train/9-05/44.jpg,112.0,112.0,112.0,204.0869154657707,180.0,2
train/9-05/47.jpg,112.0,112.0,112.0,17.968090522418933,0.0,0
train/9-05/48.jpg,112.0,112.0,112.0,27.685114007074645,0.0,0
train/9-05/49.jpg,112.0,112.0,24.07958143866693,112.0,270.0,3
train/9-05/5.jpg,112.0,112.0,24.908094520787984,112.0,270.0,3
train/9-05/50.jpg,112.0,112.0,112.0,50.14533162323154,0.0,0
train/9-05/51.jpg,112.0,112.0,22.557280900008408,112.0,270.0,3
train/9-05/52.jpg,112.0,112.0,112.0,39.888974490720216,0.0,0
train/9-05/53.jpg,112.0,112.0,112.0,16.585116464987493,0.0,0
train/9-05/57.jpg,112.0,112.0,112.0,21.5732340509736,0.0,0
train/9-05/6.jpg,112.0,112.0,112.0,20.731166327162924,0.0,0
train/9-05/60.jpg,112.0,112.0,112.0,34.06412892640515,0.0,0
train/9-05/62.jpg,112.0,112.0,112.0,20.731166327162924,0.0,0
train/9-05/63.jpg,112.0,112.0,202.4267659490264,112.0,90.0,1
train/9-05/64.jpg,112.0,112.0,21.86121811340027,112.0,270.0,3
train/9-05/66.jpg,112.0,112.0,25.235952146064548,112.0,270.0,3
train/9-05/68.jpg,112.0,112.0,112.0,14.650115562472294,0.0,0
train/9-05/69.jpg,112.0,112.0,112.0,39.888974490720216,0.0,0
train/9-05/7.jpg,112.0,112.0,112.0,23.79569171520022,0.0,0
train/9-05/71.jpg,112.0,112.0,112.0,29.072320664328245,0.0,0
train/9-05/73.jpg,112.0,112.0,201.4427190999916,112.0,90.0,1
train/9-05/74.jpg,112.0,112.0,112.0,20.76404217634365,0.0,0
train/9-05/75.jpg,112.0,112.0,112.0,31.843902290593007,0.0,0
train/9-05/76.jpg,112.0,112.0,112.0,22.955067522065026,0.0,0
train/9-05/77.jpg,112.0,112.0,218.00471687618432,112.0,90.0,1
train/9-05/78.jpg,112.0,112.0,112.0,22.11117978302308,0.0,0
train/9-05/79.jpg,112.0,112.0,53.991379950907294,112.0,270.0,3
train/9-05/80.jpg,112.0,112.0,112.0,32.94305849579051,0.0,0
train/9-05/82.jpg,112.0,112.0,21.86121811340027,112.0,270.0,3
train/9-05/83.jpg,112.0,112.0,202.33825324855468,112.0,90.0,1
train/9-05/84.jpg,112.0,112.0,23.0,112.0,270.0,3
train/9-05/85.jpg,112.0,112.0,112.0,24.63295815926924,0.0,0
train/9-05/86.jpg,112.0,112.0,112.0,20.731166327162924,0.0,0
train/9-05/87.jpg,112.0,112.0,112.0,21.5732340509736,0.0,0
train/9-05/88.jpg,112.0,112.0,112.0,7.798272567101847,0.0,0
train/9-05/89.jpg,112.0,112.0,5.995283123815668,112.0,270.0,3
train/9-05/90.jpg,112.0,112.0,112.0,199.65842800324447,180.0,2
train/9-05/91.jpg,112.0,112.0,20.32121292250862,112.0,270.0,3
train/9-05/92.jpg,112.0,112.0,112.0,16.585116464987493,0.0,0
train/9-05/94.jpg,112.0,112.0,20.19041444380657,112.0,270.0,3
train/9-05/95.jpg,112.0,112.0,214.8591269649903,112.0,90.0,1
train/9-05/96.jpg,112.0,112.0,112.0,44.32430273724548,0.0,0
train/9-05/97.jpg,112.0,112.0,112.0,19.35012142479624,0.0,0
train/9-05/98.jpg,112.0,112.0,112.0,213.965680500843,180.0,2
train/9-05/99.jpg,112.0,112.0,181.3541635375988,112.0,90.0,1
train/9-10/1.jpg,112.0,112.0,112.0,38.65151671643101,0.0,0
train/9-10/10.jpg,112.0,112.0,112.0,12.97980004059778,0.0,0
train/9-10/12.jpg,112.0,112.0,112.0,21.86121811340027,0.0,0
train/9-10/13.jpg,112.0,112.0,112.0,48.928611875114086,0.0,0
train/9-10/15.jpg,112.0,112.0,202.4267659490264,112.0,90.0,1
train/9-10/16.jpg,112.0,112.0,194.92767933567177,112.0,90.0,1
train/9-10/17.jpg,112.0,112.0,112.0,31.501552810007567,0.0,0
train/9-10/18.jpg,112.0,112.0,112.0,20.474047396380517,0.0,0
train/9-10/2.jpg,112.0,112.0,112.0,211.8599018625594,180.0,2
train/9-10/20.jpg,112.0,112.0,112.0,27.029416855007995,0.0,0
train/9-10/21.jpg,112.0,112.0,112.0,37.31399060064864,0.0,0
train/9-10/24.jpg,112.0,112.0,112.0,35.077961545471254,0.0,0
train/9-10/25.jpg,112.0,112.0,185.78346698278688,112.0,90.0,1
train/9-10/26.jpg,112.0,112.0,112.0,35.077961545471254,0.0,0
train/9-10/28.jpg,112.0,112.0,19.42570551173506,112.0,270.0,3
train/9-10/29.jpg,112.0,112.0,112.0,7.798272567101847,0.0,0
train/9-10/30.jpg,112.0,112.0,112.0,203.26883367283708,180.0,2
train/9-10/31.jpg,112.0,112.0,112.0,40.88741320975589,0.0,0
train/9-10/32.jpg,112.0,112.0,6.605502989956818,112.0,270.0,3
train/9-10/33.jpg,112.0,112.0,19.42570551173506,112.0,270.0,3
train/9-10/34.jpg,112.0,112.0,11.376941012509462,112.0,270.0,3
train/9-10/36.jpg,112.0,112.0,19.869657549751835,112.0,270.0,3
train/9-10/37.jpg,112.0,112.0,112.0,12.430928496846974,0.0,0
train/9-10/38.jpg,112.0,112.0,200.10221336606705,112.0,90.0,1
train/9-10/40.jpg,112.0,112.0,19.642000887849463,112.0,270.0,3
train/9-10/42.jpg,112.0,112.0,112.0,184.11102550927976,180.0,2
train/9-10/44.jpg,112.0,112.0,112.0,11.815170809148952,0.0,0
train/9-10/45.jpg,112.0,112.0,112.0,16.742454367121127,0.0,0
train/9-10/46.jpg,112.0,112.0,112.0,37.31399060064864,0.0,0
train/9-10/47.jpg,112.0,112.0,112.0,37.31399060064864,0.0,0
train/9-10/49.jpg,112.0,112.0,13.161748295510606,112.0,270.0,3
train/9-10/5.jpg,112.0,112.0,35.51470729610823,112.0,270.0,3
train/9-10/52.jpg,112.0,112.0,7.343418744925557,112.0,270.0,3
train/9-10/53.jpg,112.0,112.0,112.0,48.928611875114086,0.0,0
train/9-10/57.jpg,112.0,112.0,196.09518416651457,112.0,90.0,1
train/9-10/59.jpg,112.0,112.0,112.0,80.3772233983162,0.0,0
train/9-10/60.jpg,112.0,112.0,216.3072384832424,112.0,90.0,1
train/9-10/62.jpg,112.0,112.0,18.52807908253945,112.0,270.0,3
train/9-10/63.jpg,112.0,112.0,112.0,21.21453860887196,0.0,0
train/9-10/64.jpg,112.0,112.0,112.0,20.758562045526705,0.0,0
train/9-10/66.jpg,112.0,112.0,112.0,32.118838265833915,0.0,0
train/9-10/68.jpg,112.0,112.0,112.0,14.051033696112952,0.0,0
train/9-10/69.jpg,112.0,112.0,187.71657678474375,112.0,90.0,1
train/9-10/7.jpg,112.0,112.0,19.642000887849463,112.0,270.0,3
train/9-10/71.jpg,112.0,112.0,112.0,22.557280900008408,0.0,0
train/9-10/72.jpg,112.0,112.0,112.0,6.881019791856815,0.0,0
train/9-10/73.jpg,112.0,112.0,112.0,22.105617528123588,0.0,0
train/9-10/74.jpg,112.0,112.0,112.0,21.30270125301415,0.0,0
train/9-10/75.jpg,112.0,112.0,112.0,19.642000887849463,0.0,0
train/9-10/76.jpg,112.0,112.0,112.0,204.1140597303148,180.0,2
train/9-10/77.jpg,112.0,112.0,18.255666837936275,112.0,270.0,3
train/9-10/79.jpg,112.0,112.0,112.0,169.4282160614449,180.0,2
train/9-10/82.jpg,112.0,112.0,112.0,19.869657549751835,0.0,0
train/9-10/83.jpg,112.0,112.0,39.986112450444665,112.0,270.0,3
train/9-10/84.jpg,112.0,112.0,112.0,44.45742083692687,0.0,0
train/9-10/85.jpg,112.0,112.0,112.0,21.21453860887196,0.0,0
train/9-10/86.jpg,112.0,112.0,112.0,35.077961545471254,0.0,0
train/9-10/87.jpg,112.0,112.0,33.2789735839274,112.0,270.0,3
train/9-10/88.jpg,112.0,112.0,112.0,18.255666837936275,0.0,0
train/9-10/90.jpg,112.0,112.0,24.79334887750821,112.0,270.0,3
train/9-10/91.jpg,112.0,112.0,112.0,189.93587107359485,180.0,2
train/9-10/92.jpg,112.0,112.0,112.0,16.286887000787615,0.0,0
train/9-10/93.jpg,112.0,112.0,112.0,19.869657549751835,0.0,0
train/9-10/95.jpg,112.0,112.0,112.0,5.76911936729509,0.0,0
train/9-10/96.jpg,112.0,112.0,112.0,35.72418469790047,0.0,0
train/9-10/97.jpg,112.0,112.0,112.0,15.397722594133429,0.0,0
train/9-10/98.jpg,112.0,112.0,112.0,43.12329856910975,0.0,0
train/9-10/99.jpg,112.0,112.0,112.0,8.26958016088048,0.0,0
train/9-15/0.jpg,112.0,112.0,112.0,172.07495318350237,180.0,2
train/9-15/1.jpg,112.0,112.0,112.0,56.99090984209973,0.0,0
train/9-15/10.jpg,112.0,112.0,112.0,15.86987985027794,0.0,0
train/9-15/13.jpg,112.0,112.0,180.1175454637056,112.0,90.0,1
train/9-15/15.jpg,112.0,112.0,112.0,172.07495318350237,180.0,2
train/9-15/16.jpg,112.0,112.0,112.0,171.03388857258176,180.0,2
train/9-15/17.jpg,112.0,112.0,112.0,204.0869154657707,180.0,2
train/9-15/18.jpg,112.0,112.0,112.0,48.0,0.0,0
train/9-15/2.jpg,112.0,112.0,194.0975030070952,112.0,90.0,1
train/9-15/20.jpg,112.0,112.0,112.0,25.85477378287291,0.0,0
train/9-15/24.jpg,112.0,112.0,190.10249675906653,112.0,90.0,1
train/9-15/27.jpg,112.0,112.0,61.51237775454265,112.0,270.0,3
train/9-15/3.jpg,112.0,112.0,112.0,171.00847396772772,180.0,2
train/9-15/30.jpg,112.0,112.0,112.0,204.0869154657707,180.0,2
train/9-15/31.jpg,112.0,112.0,112.0,172.07495318350237,180.0,2
train/9-15/32.jpg,112.0,112.0,112.0,184.11102550927976,180.0,2
train/9-15/34.jpg,112.0,112.0,112.0,9.823681804441591,0.0,0
train/9-15/37.jpg,112.0,112.0,112.0,171.03388857258176,180.0,2
train/9-15/4.jpg,112.0,112.0,199.091905479212,112.0,90.0,1
train/9-15/42.jpg,112.0,112.0,171.07622195096772,112.0,90.0,1
train/9-15/43.jpg,112.0,112.0,112.0,173.0737259384099,180.0,2
train/9-15/44.jpg,112.0,112.0,55.0,112.0,270.0,3
train/9-15/45.jpg,112.0,112.0,198.09297300012355,112.0,90.0,1
train/9-15/46.jpg,112.0,112.0,112.0,172.07495318350237,180.0,2
train/9-15/47.jpg,112.0,112.0,112.0,168.0089278597618,180.0,2
train/9-15/49.jpg,112.0,112.0,20.802412312605554,112.0,270.0,3
train/9-15/5.jpg,112.0,112.0,112.0,56.0,0.0,0
train/9-15/50.jpg,112.0,112.0,112.0,49.710353990410255,0.0,0
train/9-15/51.jpg,112.0,112.0,112.0,20.86274087948442,0.0,0
train/9-15/52.jpg,112.0,112.0,171.07622195096772,112.0,90.0,1
train/9-15/53.jpg,112.0,112.0,177.06919393998976,112.0,90.0,1
train/9-15/56.jpg,112.0,112.0,112.0,6.881019791856815,0.0,0
train/9-15/57.jpg,112.0,112.0,46.96923804844357,112.0,270.0,3
train/9-15/58.jpg,112.0,112.0,112.0,192.3056660516554,180.0,2
train/9-15/59.jpg,112.0,112.0,112.0,82.57212206087567,0.0,0
train/9-15/60.jpg,112.0,112.0,112.0,8.878712188025887,0.0,0
train/9-15/61.jpg,112.0,112.0,208.0832971957145,112.0,90.0,1
train/9-15/62.jpg,112.0,112.0,112.0,171.03388857258176,180.0,2
train/9-15/63.jpg,112.0,112.0,112.0,168.0089278597618,180.0,2
train/9-15/64.jpg,112.0,112.0,5.882140994081496,112.0,270.0,3
train/9-15/66.jpg,112.0,112.0,112.0,172.07495318350237,180.0,2
train/9-15/67.jpg,112.0,112.0,112.0,172.07495318350237,180.0,2
train/9-15/73.jpg,112.0,112.0,112.0,174.12889826803627,180.0,2
train/9-15/74.jpg,112.0,112.0,112.0,169.0087712549569,180.0,2
train/9-15/76.jpg,112.0,112.0,112.0,20.86274087948442,0.0,0
train/9-15/77.jpg,112.0,112.0,112.0,171.03388857258176,180.0,2
train/9-15/79.jpg,112.0,112.0,112.0,165.0094331227943,180.0,2
train/9-15/8.jpg,112.0,112.0,112.0,171.03388857258176,180.0,2
train/9-15/80.jpg,112.0,112.0,112.0,37.75715522691766,0.0,0
train/9-15/82.jpg,112.0,112.0,197.09406559801923,112.0,90.0,1
train/9-15/83.jpg,112.0,112.0,112.0,38.753839691080046,0.0,0
train/9-15/84.jpg,112.0,112.0,55.0,112.0,270.0,3
train/9-15/85.jpg,112.0,112.0,174.12889826803627,112.0,90.0,1
train/9-15/86.jpg,112.0,112.0,170.03447251418763,112.0,90.0,1
train/9-15/87.jpg,112.0,112.0,112.0,191.1012010022604,180.0,2
train/9-15/88.jpg,112.0,112.0,112.0,167.00909015790026,180.0,2
train/9-15/89.jpg,112.0,112.0,112.0,185.10950690573696,180.0,2
train/9-15/9.jpg,112.0,112.0,185.10950690573696,112.0,90.0,1
train/9-15/90.jpg,112.0,112.0,112.0,35.835703902681544,0.0,0
train/9-15/91.jpg,112.0,112.0,112.0,198.09297300012355,180.0,2
train/9-15/95.jpg,112.0,112.0,112.0,6.881019791856815,0.0,0
train/9-15/97.jpg,112.0,112.0,212.07996802557443,112.0,90.0,1
train/9-15/98.jpg,112.0,112.0,112.0,170.03447251418763,180.0,2
train/9-15/99.jpg,112.0,112.0,112.0,169.0087712549569,180.0,2
train/9-20/0.jpg,112.0,112.0,17.968090522418933,112.0,270.0,3
train/9-20/1.jpg,112.0,112.0,187.58438992278764,112.0,90.0,1
train/9-20/10.jpg,112.0,112.0,112.0,21.5732340509736,0.0,0
train/9-20/13.jpg,112.0,112.0,112.0,203.6787870774914,180.0,2
train/9-20/14.jpg,112.0,112.0,112.0,55.140524096682,0.0,0
train/9-20/15.jpg,112.0,112.0,112.0,39.986112450444665,0.0,0
train/9-20/17.jpg,112.0,112.0,202.785461391128,112.0,90.0,1
train/9-20/18.jpg,112.0,112.0,112.0,21.66174675144532,0.0,0
train/9-20/19.jpg,112.0,112.0,201.4427190999916,112.0,90.0,1
train/9-20/2.jpg,112.0,112.0,112.0,212.6230589874905,180.0,2
train/9-20/20.jpg,112.0,112.0,204.13034245024815,112.0,90.0,1
train/9-20/21.jpg,112.0,112.0,17.628394100767792,112.0,270.0,3
train/9-20/22.jpg,112.0,112.0,26.765030650559865,112.0,270.0,3
train/9-20/25.jpg,112.0,112.0,202.35485598461213,112.0,90.0,1
train/9-20/27.jpg,112.0,112.0,112.0,57.0,0.0,0
train/9-20/3.jpg,112.0,112.0,202.69729874698584,112.0,90.0,1
train/9-20/30.jpg,112.0,112.0,112.0,23.79569171520022,0.0,0
train/9-20/34.jpg,112.0,112.0,112.0,10.03431949915698,0.0,0
train/9-20/37.jpg,112.0,112.0,188.92203845452875,112.0,90.0,1
train/9-20/38.jpg,112.0,112.0,112.0,21.5732340509736,0.0,0
train/9-20/4.jpg,112.0,112.0,20.731166327162924,112.0,270.0,3
train/9-20/40.jpg,112.0,112.0,52.35940979500622,112.0,270.0,3
train/9-20/42.jpg,112.0,112.0,25.66924070761337,112.0,270.0,3
train/9-20/44.jpg,112.0,112.0,112.0,205.74433316206373,180.0,2
train/9-20/45.jpg,112.0,112.0,112.0,21.66174675144532,0.0,0
train/9-20/46.jpg,112.0,112.0,112.0,203.6787870774914,180.0,2
train/9-20/47.jpg,112.0,112.0,112.0,211.72963451251587,180.0,2
train/9-20/48.jpg,112.0,112.0,112.0,179.11929677819933,180.0,2
train/9-20/49.jpg,112.0,112.0,112.0,21.66174675144532,0.0,0
train/9-20/50.jpg,112.0,112.0,175.0713881248859,112.0,90.0,1
train/9-20/51.jpg,112.0,112.0,112.0,22.412054382299843,0.0,0
train/9-20/52.jpg,112.0,112.0,180.87670143089025,112.0,90.0,1
train/9-20/57.jpg,112.0,112.0,112.0,54.57178393855508,0.0,0
train/9-20/62.jpg,112.0,112.0,112.0,31.94376976149826,0.0,0
train/9-20/63.jpg,112.0,112.0,112.0,21.5732340509736,0.0,0
train/9-20/64.jpg,112.0,112.0,112.0,22.557280900008408,0.0,0
train/9-20/66.jpg,112.0,112.0,112.0,30.458599472415244,0.0,0
train/9-20/67.jpg,112.0,112.0,112.0,21.66174675144532,0.0,0
train/9-20/69.jpg,112.0,112.0,112.0,33.50796218723838,0.0,0
train/9-20/7.jpg,112.0,112.0,199.2066511224918,112.0,90.0,1
train/9-20/71.jpg,112.0,112.0,24.63295815926924,112.0,270.0,3
train/9-20/72.jpg,112.0,112.0,201.8943824718764,112.0,90.0,1
train/9-20/73.jpg,112.0,112.0,112.0,21.66174675144532,0.0,0
train/9-20/74.jpg,112.0,112.0,202.785461391128,112.0,90.0,1
train/9-20/75.jpg,112.0,112.0,205.9148550549912,112.0,90.0,1
train/9-20/76.jpg,112.0,112.0,22.11117978302308,112.0,270.0,3
train/9-20/77.jpg,112.0,112.0,112.0,24.86791635683214,0.0,0
train/9-20/78.jpg,112.0,112.0,22.11117978302308,112.0,270.0,3
train/9-20/79.jpg,112.0,112.0,112.0,55.140524096682,0.0,0
train/9-20/8.jpg,112.0,112.0,112.0,204.5742944882649,180.0,2
train/9-20/81.jpg,112.0,112.0,35.993421337360544,112.0,270.0,3
train/9-20/82.jpg,112.0,112.0,112.0,21.5732340509736,0.0,0
train/9-20/83.jpg,112.0,112.0,200.10221336606705,112.0,90.0,1
train/9-20/84.jpg,112.0,112.0,112.0,38.50170069994816,0.0,0
train/9-20/85.jpg,112.0,112.0,24.63295815926924,112.0,270.0,3
train/9-20/86.jpg,112.0,112.0,112.0,21.66174675144532,0.0,0
train/9-20/9.jpg,112.0,112.0,112.0,40.71886645121306,0.0,0
train/9-20/90.jpg,112.0,112.0,112.0,24.63295815926924,0.0,0
train/9-20/91.jpg,112.0,112.0,47.36254955523076,112.0,270.0,3
train/9-20/92.jpg,112.0,112.0,112.0,201.4427190999916,180.0,2
train/9-20/93.jpg,112.0,112.0,27.400945631762525,112.0,270.0,3
train/9-20/94.jpg,112.0,112.0,112.0,204.13034245024815,180.0,2
train/9-20/95.jpg,112.0,112.0,9.140873035009676,112.0,270.0,3
train/9-20/98.jpg,112.0,112.0,112.0,29.072320664328245,0.0,0
train/9-20/99.jpg,112.0,112.0,112.0,182.6823881882892,180.0,2
train/9-25/0.jpg,112.0,112.0,112.0,17.126399878575285,0.0,0
train/9-25/1.jpg,112.0,112.0,187.71657678474375,112.0,90.0,1
train/9-25/10.jpg,112.0,112.0,112.0,208.60227740586657,180.0,2
train/9-25/12.jpg,112.0,112.0,112.0,204.13034245024815,180.0,2
train/9-25/15.jpg,112.0,112.0,19.869657549751835,112.0,270.0,3
train/9-25/17.jpg,112.0,112.0,112.0,29.707837554236065,0.0,0
train/9-25/19.jpg,112.0,112.0,112.0,24.63295815926924,0.0,0
train/9-25/2.jpg,112.0,112.0,112.0,9.91670068027777,0.0,0
train/9-25/20.jpg,112.0,112.0,208.79876032264048,112.0,90.0,1
train/9-25/24.jpg,112.0,112.0,112.0,15.745129993334883,0.0,0
train/9-25/25.jpg,112.0,112.0,112.0,10.925769852053776,0.0,0
train/9-25/26.jpg,112.0,112.0,13.161748295510606,112.0,270.0,3
train/9-25/27.jpg,112.0,112.0,112.0,202.69729874698584,180.0,2
train/9-25/29.jpg,112.0,112.0,7.343418744925557,112.0,270.0,3
train/9-25/3.jpg,112.0,112.0,203.2852671574116,112.0,90.0,1
train/9-25/31.jpg,112.0,112.0,112.0,215.75451797391764,180.0,2
train/9-25/32.jpg,112.0,112.0,37.31399060064864,112.0,270.0,3
train/9-25/33.jpg,112.0,112.0,112.0,19.42570551173506,0.0,0
train/9-25/34.jpg,112.0,112.0,112.0,9.91670068027777,0.0,0
train/9-25/35.jpg,112.0,112.0,112.0,24.86791635683214,0.0,0
train/9-25/40.jpg,112.0,112.0,112.0,5.76911936729509,0.0,0
train/9-25/42.jpg,112.0,112.0,112.0,6.3117792750772,0.0,0
train/9-25/44.jpg,112.0,112.0,112.0,9.072841290551494,0.0,0
train/9-25/45.jpg,112.0,112.0,112.0,212.4041831797859,180.0,2
train/9-25/46.jpg,112.0,112.0,112.0,202.9725233243533,180.0,2
train/9-25/48.jpg,112.0,112.0,46.20486340161608,112.0,270.0,3
train/9-25/49.jpg,112.0,112.0,112.0,23.0,0.0,0
train/9-25/51.jpg,112.0,112.0,112.0,14.902111248493156,0.0,0
train/9-25/53.jpg,112.0,112.0,185.49829930005183,112.0,90.0,1
train/9-25/58.jpg,112.0,112.0,10.925769852053776,112.0,270.0,3
train/9-25/60.jpg,112.0,112.0,112.0,209.0463806640928,180.0,2
train/9-25/61.jpg,112.0,112.0,112.0,22.412054382299843,0.0,0
train/9-25/62.jpg,112.0,112.0,35.077961545471254,112.0,270.0,3
train/9-25/63.jpg,112.0,112.0,112.0,22.412054382299843,0.0,0
train/9-25/64.jpg,112.0,112.0,112.0,19.35012142479624,0.0,0
train/9-25/66.jpg,112.0,112.0,112.0,31.94376976149826,0.0,0
train/9-25/67.jpg,112.0,112.0,18.8066525979456,112.0,270.0,3
train/9-25/69.jpg,112.0,112.0,32.8419302913468,112.0,270.0,3
train/9-25/7.jpg,112.0,112.0,112.0,22.412054382299843,0.0,0
train/9-25/72.jpg,112.0,112.0,112.0,22.557280900008408,0.0,0
train/9-25/73.jpg,112.0,112.0,199.3670418407308,112.0,90.0,1
train/9-25/74.jpg,112.0,112.0,112.0,23.24753524549304,0.0,0
train/9-25/75.jpg,112.0,112.0,112.0,20.76404217634365,0.0,0
train/9-25/76.jpg,112.0,112.0,112.0,24.63295815926924,0.0,0
train/9-25/77.jpg,112.0,112.0,112.0,204.17917335276988,180.0,2
train/9-25/78.jpg,112.0,112.0,112.0,205.1933474020544,180.0,2
train/9-25/79.jpg,112.0,112.0,171.09314681077663,112.0,90.0,1
train/9-25/8.jpg,112.0,112.0,112.0,24.63295815926924,0.0,0
train/9-25/80.jpg,112.0,112.0,112.0,36.54802852144948,0.0,0
train/9-25/82.jpg,112.0,112.0,112.0,14.902111248493156,0.0,0
train/9-25/83.jpg,112.0,112.0,112.0,23.24753524549304,0.0,0
train/9-25/84.jpg,112.0,112.0,112.0,21.66174675144532,0.0,0
train/9-25/85.jpg,112.0,112.0,21.21453860887196,112.0,270.0,3
train/9-25/86.jpg,112.0,112.0,15.397722594133429,112.0,270.0,3
train/9-25/87.jpg,112.0,112.0,112.0,36.28342321525622,0.0,0
train/9-25/88.jpg,112.0,112.0,183.28113354878693,112.0,90.0,1
train/9-25/89.jpg,112.0,112.0,112.0,22.412054382299843,0.0,0
train/9-25/9.jpg,112.0,112.0,201.58794561770011,112.0,90.0,1
train/9-25/90.jpg,112.0,112.0,21.645144015387856,112.0,270.0,3
train/9-25/91.jpg,112.0,112.0,112.0,58.99056687720572,0.0,0
train/9-25/92.jpg,112.0,112.0,23.45057877094848,112.0,270.0,3
train/9-25/93.jpg,112.0,112.0,18.978497109539237,112.0,270.0,3
train/9-25/95.jpg,112.0,112.0,200.75246475450692,112.0,90.0,1
train/9-25/96.jpg,112.0,112.0,112.0,21.66174675144532,0.0,0
train/9-25/97.jpg,112.0,112.0,112.0,204.13034245024815,180.0,2
train/9-25/99.jpg,112.0,112.0,112.0,216.56098698845568,180.0,2
train/9-30/10.jpg,112.0,112.0,112.0,65.7290587949629,0.0,0
train/9-30/12.jpg,112.0,112.0,112.0,65.7290587949629,0.0,0
train/9-30/15.jpg,112.0,112.0,112.0,36.833518108135465,0.0,0
train/9-30/17.jpg,112.0,112.0,197.09406559801923,112.0,90.0,1
train/9-30/19.jpg,112.0,112.0,201.27485648266256,112.0,90.0,1
train/9-30/2.jpg,112.0,112.0,28.84953397605038,112.0,270.0,3
train/9-30/24.jpg,112.0,112.0,190.10249675906653,112.0,90.0,1
train/9-30/25.jpg,112.0,112.0,112.0,42.93481340067197,0.0,0
train/9-30/26.jpg,112.0,112.0,198.28441342444185,112.0,90.0,1
train/9-30/28.jpg,112.0,112.0,112.0,183.25307010929424,180.0,2
train/9-30/29.jpg,112.0,112.0,112.0,66.60176214873533,0.0,0
train/9-30/30.jpg,112.0,112.0,112.0,22.72514351733743,0.0,0
train/9-30/31.jpg,112.0,112.0,44.73187976463144,112.0,270.0,3
train/9-30/32.jpg,112.0,112.0,181.18092222571192,112.0,90.0,1
train/9-30/34.jpg,112.0,112.0,112.0,65.7290587949629,0.0,0
train/9-30/35.jpg,112.0,112.0,112.0,200.09086218218096,180.0,2
train/9-30/36.jpg,112.0,112.0,112.0,215.07764064044156,180.0,2
train/9-30/38.jpg,112.0,112.0,201.27485648266256,112.0,90.0,1
train/9-30/43.jpg,112.0,112.0,112.0,33.68652734043778,0.0,0
train/9-30/44.jpg,112.0,112.0,112.0,205.1933474020544,180.0,2
train/9-30/45.jpg,112.0,112.0,112.0,23.909137817819044,0.0,0
train/9-30/47.jpg,112.0,112.0,112.0,10.920823113758985,0.0,0
train/9-30/5.jpg,112.0,112.0,112.0,34.58553106815238,0.0,0
train/9-30/50.jpg,112.0,112.0,112.0,48.49409476277029,0.0,0
train/9-30/51.jpg,112.0,112.0,112.0,202.19977827023743,180.0,2
train/9-30/52.jpg,112.0,112.0,69.80995378054203,112.0,270.0,3
train/9-30/53.jpg,112.0,112.0,156.40720662234904,112.0,90.0,1
train/9-30/56.jpg,112.0,112.0,112.0,65.7290587949629,0.0,0
train/9-30/57.jpg,112.0,112.0,112.0,50.59967426796499,0.0,0
train/9-30/58.jpg,112.0,112.0,35.76352578981633,112.0,270.0,3
train/9-30/59.jpg,112.0,112.0,112.0,79.44235880780059,0.0,0
train/9-30/60.jpg,112.0,112.0,112.0,67.59279337765096,0.0,0
train/9-30/62.jpg,112.0,112.0,149.33630940518896,112.0,90.0,1
train/9-30/63.jpg,112.0,112.0,112.0,17.86711520409034,0.0,0
train/9-30/64.jpg,112.0,112.0,112.0,23.7220299281865,0.0,0
train/9-30/65.jpg,112.0,112.0,112.0,31.694333948344592,0.0,0
train/9-30/67.jpg,112.0,112.0,112.0,6.9238371465725805,0.0,0
train/9-30/7.jpg,112.0,112.0,38.753839691080046,112.0,270.0,3
train/9-30/72.jpg,112.0,112.0,112.0,65.7290587949629,0.0,0
train/9-30/73.jpg,112.0,112.0,112.0,67.59279337765096,0.0,0
train/9-30/74.jpg,112.0,112.0,112.0,203.26883367283708,180.0,2
train/9-30/76.jpg,112.0,112.0,112.0,17.914932109287392,0.0,0
train/9-30/8.jpg,112.0,112.0,112.0,14.917560805262,0.0,0
train/9-30/80.jpg,112.0,112.0,35.678312387631266,112.0,270.0,3
train/9-30/82.jpg,112.0,112.0,112.0,200.14193099768124,180.0,2
train/9-30/83.jpg,112.0,112.0,23.7220299281865,112.0,270.0,3
train/9-30/84.jpg,112.0,112.0,112.0,33.83990788132347,0.0,0
train/9-30/85.jpg,112.0,112.0,160.2597140480546,112.0,90.0,1
train/9-30/86.jpg,112.0,112.0,193.0987052917616,112.0,90.0,1
train/9-30/87.jpg,112.0,112.0,112.0,27.708837948453933,0.0,0
train/9-30/88.jpg,112.0,112.0,112.0,87.48469865573747,0.0,0
train/9-30/9.jpg,112.0,112.0,112.0,67.59279337765096,0.0,0
train/9-30/93.jpg,112.0,112.0,67.44666118010907,112.0,270.0,3
train/9-30/94.jpg,112.0,112.0,158.17358552246077,112.0,90.0,1
train/9-30/95.jpg,112.0,112.0,112.0,65.7290587949629,0.0,0
train/9-30/96.jpg,112.0,112.0,112.0,68.58341330781518,0.0,0
train/9-30/97.jpg,112.0,112.0,112.0,24.718845103882813,0.0,0
train/9-30/99.jpg,112.0,112.0,112.0,147.35533905932738,180.0,2
train/9-35/0.jpg,112.0,112.0,202.33825324855468,112.0,90.0,1
train/9-35/1.jpg,112.0,112.0,112.0,36.41561007721238,0.0,0
train/9-35/13.jpg,112.0,112.0,202.33825324855468,112.0,90.0,1
train/9-35/15.jpg,112.0,112.0,112.0,18.522730035585653,0.0,0
train/9-35/16.jpg,112.0,112.0,14.50641046714918,112.0,270.0,3
train/9-35/17.jpg,112.0,112.0,22.412054382299843,112.0,270.0,3
train/9-35/18.jpg,112.0,112.0,112.0,19.869657549751835,0.0,0
train/9-35/19.jpg,112.0,112.0,112.0,205.0215028904608,180.0,2
train/9-35/2.jpg,112.0,112.0,28.238433634512305,112.0,270.0,3
train/9-35/20.jpg,112.0,112.0,112.0,22.105617528123588,0.0,0
train/9-35/21.jpg,112.0,112.0,36.28342321525622,112.0,270.0,3
train/9-35/24.jpg,112.0,112.0,112.0,12.702467301548722,0.0,0
train/9-35/28.jpg,112.0,112.0,112.0,21.21453860887196,0.0,0
train/9-35/29.jpg,112.0,112.0,216.3072384832424,112.0,90.0,1
train/9-35/30.jpg,112.0,112.0,112.0,201.044932477935,180.0,2
train/9-35/31.jpg,112.0,112.0,27.471898163983354,112.0,270.0,3
train/9-35/34.jpg,112.0,112.0,112.0,197.0,180.0,2
train/9-35/37.jpg,112.0,112.0,13.161748295510606,112.0,270.0,3
train/9-35/38.jpg,112.0,112.0,112.0,202.33825324855468,180.0,2
train/9-35/4.jpg,112.0,112.0,112.0,19.642000887849463,0.0,0
train/9-35/40.jpg,112.0,112.0,112.0,38.65151671643101,0.0,0
train/9-35/42.jpg,112.0,112.0,112.0,37.31399060064864,0.0,0
train/9-35/46.jpg,112.0,112.0,202.33825324855468,112.0,90.0,1
train/9-35/47.jpg,112.0,112.0,112.0,203.80958555619344,180.0,2
train/9-35/5.jpg,112.0,112.0,112.0,35.077961545471254,0.0,0
train/9-35/50.jpg,112.0,112.0,112.0,202.4267659490264,180.0,2
train/9-35/51.jpg,112.0,112.0,22.412054382299843,112.0,270.0,3
train/9-35/52.jpg,112.0,112.0,112.0,38.65151671643101,0.0,0
train/9-35/53.jpg,112.0,112.0,112.0,44.45742083692687,0.0,0
train/9-35/56.jpg,112.0,112.0,112.0,22.105617528123588,0.0,0
train/9-35/57.jpg,112.0,112.0,174.64982043070833,112.0,90.0,1
train/9-35/58.jpg,112.0,112.0,112.0,213.965680500843,180.0,2
train/9-35/6.jpg,112.0,112.0,112.0,22.105617528123588,0.0,0
train/9-35/60.jpg,112.0,112.0,112.0,22.691545752935568,0.0,0
train/9-35/62.jpg,112.0,112.0,112.0,17.173843270962422,0.0,0
train/9-35/63.jpg,112.0,112.0,112.0,21.21453860887196,0.0,0
train/9-35/64.jpg,112.0,112.0,112.0,20.758562045526705,0.0,0
train/9-35/66.jpg,112.0,112.0,203.23595782365635,112.0,90.0,1
train/9-35/7.jpg,112.0,112.0,112.0,201.89994438263017,180.0,2
train/9-35/72.jpg,112.0,112.0,112.0,8.689787532887152,0.0,0
train/9-35/73.jpg,112.0,112.0,112.0,37.31399060064864,0.0,0
train/9-35/75.jpg,112.0,112.0,112.0,19.642000887849463,0.0,0
train/9-35/79.jpg,112.0,112.0,112.0,171.64059020499377,180.0,2
train/9-35/8.jpg,112.0,112.0,112.0,21.21453860887196,0.0,0
train/9-35/80.jpg,112.0,112.0,112.0,48.928611875114086,0.0,0
train/9-35/82.jpg,112.0,112.0,112.0,12.702467301548722,0.0,0
train/9-35/85.jpg,112.0,112.0,112.0,21.21453860887196,0.0,0
train/9-35/86.jpg,112.0,112.0,112.0,17.63369245329136,0.0,0
train/9-35/88.jpg,112.0,112.0,112.0,22.557280900008408,0.0,0
train/9-35/89.jpg,112.0,112.0,112.0,24.79334887750821,0.0,0
train/9-35/9.jpg,112.0,112.0,112.0,39.986112450444665,0.0,0
train/9-35/90.jpg,112.0,112.0,23.897786633932967,112.0,270.0,3
train/9-35/93.jpg,112.0,112.0,17.968090522418933,112.0,270.0,3
train/9-35/95.jpg,112.0,112.0,112.0,7.343418744925557,0.0,0
train/9-35/96.jpg,112.0,112.0,21.21453860887196,112.0,270.0,3
train/9-35/97.jpg,112.0,112.0,112.0,21.21453860887196,0.0,0
train/9-35/98.jpg,112.0,112.0,112.0,27.029416855007995,0.0,0
train/9-35/99.jpg,112.0,112.0,112.0,46.69303253097722,0.0,0
train/9-40/1.jpg,112.0,112.0,112.0,189.42092740338364,180.0,2
train/9-40/10.jpg,112.0,112.0,26.85306817036799,112.0,270.0,3
train/9-40/12.jpg,112.0,112.0,45.96970392312329,112.0,270.0,3
train/9-40/17.jpg,112.0,112.0,112.0,29.62281869352411,0.0,0
train/9-40/19.jpg,112.0,112.0,112.0,31.006173074733653,0.0,0
train/9-40/2.jpg,112.0,112.0,112.0,16.585116464987493,0.0,0
train/9-40/20.jpg,112.0,112.0,112.0,22.412054382299843,0.0,0
train/9-40/24.jpg,112.0,112.0,31.290644904075705,112.0,270.0,3
train/9-40/25.jpg,112.0,112.0,112.0,8.226207547377356,0.0,0
train/9-40/26.jpg,112.0,112.0,31.290644904075705,112.0,270.0,3
train/9-40/27.jpg,112.0,112.0,112.0,168.4003546088143,180.0,2
train/9-40/3.jpg,112.0,112.0,112.0,46.784971057278526,0.0,0
train/9-40/30.jpg,112.0,112.0,205.1933474020544,112.0,90.0,1
train/9-40/32.jpg,112.0,112.0,112.0,171.4053869611166,180.0,2
train/9-40/37.jpg,112.0,112.0,12.140098137440576,112.0,270.0,3
train/9-40/38.jpg,112.0,112.0,202.9725233243533,112.0,90.0,1
train/9-40/4.jpg,112.0,112.0,9.072841290551494,112.0,270.0,3
train/9-40/42.jpg,112.0,112.0,42.93481340067197,112.0,270.0,3
train/9-40/48.jpg,112.0,112.0,52.594613038883416,112.0,270.0,3
train/9-40/49.jpg,112.0,112.0,112.0,55.9642970955124,0.0,0
train/9-40/5.jpg,112.0,112.0,215.17460927960911,112.0,90.0,1
train/9-40/50.jpg,112.0,112.0,112.0,202.69729874698584,180.0,2
train/9-40/53.jpg,112.0,112.0,112.0,47.36254955523076,0.0,0
train/9-40/64.jpg,112.0,112.0,112.0,15.745129993334883,0.0,0
train/9-40/65.jpg,112.0,112.0,151.05124837953326,112.0,90.0,1
train/9-40/66.jpg,112.0,112.0,202.13878188659973,112.0,90.0,1
train/9-40/69.jpg,112.0,112.0,112.0,37.93921415485791,0.0,0
train/9-40/71.jpg,112.0,112.0,205.1933474020544,112.0,90.0,1
train/9-40/75.jpg,112.0,112.0,20.19041444380657,112.0,270.0,3
train/9-40/76.jpg,112.0,112.0,112.0,202.9725233243533,180.0,2
train/9-40/78.jpg,112.0,112.0,205.1933474020544,112.0,90.0,1
train/9-40/80.jpg,112.0,112.0,112.0,38.50170069994816,0.0,0
train/9-40/83.jpg,112.0,112.0,112.0,58.176213436808446,0.0,0
train/9-40/86.jpg,112.0,112.0,112.0,37.66965626340748,0.0,0
train/9-40/87.jpg,112.0,112.0,31.290644904075705,112.0,270.0,3
train/9-40/88.jpg,112.0,112.0,34.89617389519506,112.0,270.0,3
train/9-40/89.jpg,112.0,112.0,112.0,42.10722497997379,0.0,0
train/9-40/9.jpg,112.0,112.0,191.88116173416608,112.0,90.0,1
train/9-40/92.jpg,112.0,112.0,112.0,6.3117792750772,0.0,0
train/9-40/96.jpg,112.0,112.0,203.5259526036195,112.0,90.0,1
train/9-40/98.jpg,112.0,112.0,33.50796218723838,112.0,270.0,3
train/9-45/0.jpg,112.0,112.0,216.12012293500237,112.0,90.0,1
train/9-45/1.jpg,112.0,112.0,68.58341330781518,112.0,270.0,3
train/9-45/18.jpg,112.0,112.0,112.0,80.59936306378484,0.0,0
train/9-45/19.jpg,112.0,112.0,112.0,217.1189802081432,180.0,2
train/9-45/21.jpg,112.0,112.0,112.0,31.843902290593007,0.0,0
train/9-45/24.jpg,112.0,112.0,112.0,41.88580742816758,0.0,0
train/9-45/25.jpg,112.0,112.0,112.0,82.7254376633911,0.0,0
train/9-45/27.jpg,112.0,112.0,112.0,62.63401981121007,0.0,0
train/9-45/30.jpg,112.0,112.0,112.0,154.57933771208752,180.0,2
train/9-45/33.jpg,112.0,112.0,112.0,68.58341330781518,0.0,0
train/9-45/41.jpg,112.0,112.0,22.72514351733743,112.0,270.0,3
train/9-45/43.jpg,112.0,112.0,112.0,156.55333881989094,180.0,2
train/9-45/45.jpg,112.0,112.0,209.18538984847464,112.0,90.0,1
train/9-45/47.jpg,112.0,112.0,69.57359312880715,112.0,270.0,3
train/9-45/48.jpg,112.0,112.0,155.7378554572581,112.0,90.0,1
train/9-45/5.jpg,112.0,112.0,35.835703902681544,112.0,270.0,3
train/9-45/59.jpg,112.0,112.0,145.734255586866,112.0,90.0,1
train/9-45/61.jpg,112.0,112.0,69.57359312880715,112.0,270.0,3
train/9-45/62.jpg,112.0,112.0,66.72307430931292,112.0,270.0,3
train/9-45/64.jpg,112.0,112.0,66.72307430931292,112.0,270.0,3
train/9-45/67.jpg,112.0,112.0,112.0,19.9130845342293,0.0,0
train/9-45/68.jpg,112.0,112.0,112.0,49.87110173196373,0.0,0
train/9-45/78.jpg,112.0,112.0,112.0,87.48469865573747,0.0,0
train/9-45/81.jpg,112.0,112.0,112.0,32.898798997739604,0.0,0
train/9-45/83.jpg,112.0,112.0,112.0,80.42469319230611,0.0,0
train/9-45/87.jpg,112.0,112.0,156.55333881989094,112.0,90.0,1
train/9-45/89.jpg,112.0,112.0,86.50490243203608,112.0,270.0,3
train/9-45/9.jpg,112.0,112.0,156.55333881989094,112.0,90.0,1
train/9-45/91.jpg,112.0,112.0,112.0,67.59279337765096,0.0,0
train/9-45/93.jpg,112.0,112.0,190.23042886243175,112.0,90.0,1
train/9-45/96.jpg,112.0,112.0,112.0,35.835703902681544,0.0,0
train/9-45/97.jpg,112.0,112.0,9.921598758601236,112.0,270.0,3
train/9-45/99.jpg,112.0,112.0,112.0,67.59279337765096,0.0,0
train/9-50/1.jpg,112.0,112.0,112.0,36.54802852144948,0.0,0
train/9-50/10.jpg,112.0,112.0,214.08329931972224,112.0,90.0,1
train/9-50/12.jpg,112.0,112.0,112.0,167.80322571321483,180.0,2
train/9-50/13.jpg,112.0,112.0,112.0,18.8066525979456,0.0,0
train/9-50/15.jpg,112.0,112.0,112.0,34.89617389519506,0.0,0
train/9-50/17.jpg,112.0,112.0,112.0,191.32212806020777,180.0,2
train/9-50/18.jpg,112.0,112.0,112.0,24.07958143866693,0.0,0
train/9-50/19.jpg,112.0,112.0,194.3771813064759,112.0,90.0,1
train/9-50/21.jpg,112.0,112.0,112.0,45.14942034656693,0.0,0
train/9-50/24.jpg,112.0,112.0,112.0,7.692761516757613,0.0,0
train/9-50/28.jpg,112.0,112.0,112.0,45.14942034656693,0.0,0
train/9-50/31.jpg,112.0,112.0,112.0,180.24221567329127,180.0,2
train/9-50/32.jpg,112.0,112.0,51.78372313070161,112.0,270.0,3
train/9-50/33.jpg,112.0,112.0,16.036465258932864,112.0,270.0,3
train/9-50/34.jpg,112.0,112.0,112.0,211.8599018625594,180.0,2
train/9-50/35.jpg,112.0,112.0,112.0,197.75546629807337,180.0,2
train/9-50/38.jpg,112.0,112.0,24.07958143866693,112.0,270.0,3
train/9-50/4.jpg,112.0,112.0,112.0,195.76156636548768,180.0,2
train/9-50/42.jpg,112.0,112.0,112.0,5.76911936729509,0.0,0
train/9-50/46.jpg,112.0,112.0,112.0,185.49829930005183,180.0,2
train/9-50/48.jpg,112.0,112.0,66.39298299603448,112.0,270.0,3
train/9-50/49.jpg,112.0,112.0,112.0,18.8066525979456,0.0,0
train/9-50/5.jpg,112.0,112.0,112.0,37.11341909260378,0.0,0
train/9-50/51.jpg,112.0,112.0,200.20430828479977,112.0,90.0,1
train/9-50/52.jpg,112.0,112.0,19.642000887849463,112.0,270.0,3
train/9-50/53.jpg,112.0,112.0,112.0,50.967221921331486,0.0,0
train/9-50/55.jpg,112.0,112.0,112.0,18.704769682475188,0.0,0
train/9-50/57.jpg,112.0,112.0,218.2308806327049,112.0,90.0,1
train/9-50/59.jpg,112.0,112.0,112.0,79.35034456537099,0.0,0
train/9-50/61.jpg,112.0,112.0,112.0,45.14942034656693,0.0,0
train/9-50/62.jpg,112.0,112.0,181.8927750200262,112.0,90.0,1
train/9-50/64.jpg,112.0,112.0,112.0,26.85306817036799,0.0,0
train/9-50/66.jpg,112.0,112.0,112.0,177.45991139621256,180.0,2
train/9-50/67.jpg,112.0,112.0,112.0,5.76911936729509,0.0,0
train/9-50/72.jpg,112.0,112.0,215.77379245262264,112.0,90.0,1
train/9-50/75.jpg,112.0,112.0,186.3303437365925,112.0,90.0,1
train/9-50/79.jpg,112.0,112.0,112.0,169.4282160614449,180.0,2
train/9-50/8.jpg,112.0,112.0,112.0,203.80958555619344,180.0,2
train/9-50/80.jpg,112.0,112.0,112.0,6.605502989956818,0.0,0
train/9-50/82.jpg,112.0,112.0,112.0,212.9554357129917,180.0,2
train/9-50/85.jpg,112.0,112.0,112.0,53.17823532058903,0.0,0
train/9-50/86.jpg,112.0,112.0,112.0,185.49829930005183,180.0,2
train/9-50/87.jpg,112.0,112.0,112.0,7.692761516757613,0.0,0
train/9-50/88.jpg,112.0,112.0,112.0,43.75778432670873,0.0,0
train/9-50/89.jpg,112.0,112.0,112.0,217.6882207249228,180.0,2
train/9-50/91.jpg,112.0,112.0,112.0,45.14942034656693,0.0,0
train/9-50/92.jpg,112.0,112.0,112.0,18.8066525979456,0.0,0
train/9-50/95.jpg,112.0,112.0,30.72884890688455,112.0,270.0,3
train/9-50/96.jpg,112.0,112.0,112.0,51.78372313070161,0.0,0
train/9-50/98.jpg,112.0,112.0,112.0,42.93481340067197,0.0,0
train/9-55/0.jpg,112.0,112.0,112.0,19.42570551173506,0.0,0
train/9-55/1.jpg,112.0,112.0,112.0,185.40980860893183,180.0,2
train/9-55/10.jpg,112.0,112.0,112.0,38.65151671643101,0.0,0
train/9-55/12.jpg,112.0,112.0,167.94640292279746,112.0,90.0,1
train/9-55/13.jpg,112.0,112.0,53.30587763668324,112.0,270.0,3
train/9-55/17.jpg,112.0,112.0,31.47050229884704,112.0,270.0,3
train/9-55/19.jpg,112.0,112.0,18.52807908253945,112.0,270.0,3
train/9-55/20.jpg,112.0,112.0,112.0,23.897786633932967,0.0,0
train/9-55/21.jpg,112.0,112.0,112.0,34.61137034421658,0.0,0
train/9-55/23.jpg,112.0,112.0,212.12492197250396,112.0,90.0,1
train/9-55/24.jpg,112.0,112.0,112.0,194.29216244576395,180.0,2
train/9-55/26.jpg,112.0,112.0,112.0,14.50641046714918,0.0,0
train/9-55/27.jpg,112.0,112.0,112.0,22.529334416245675,0.0,0
train/9-55/28.jpg,112.0,112.0,112.0,35.51470729610823,0.0,0
train/9-55/31.jpg,112.0,112.0,112.0,33.2789735839274,0.0,0
train/9-55/32.jpg,112.0,112.0,112.0,175.56099432828282,180.0,2
train/9-55/33.jpg,112.0,112.0,112.0,19.42570551173506,0.0,0
train/9-55/35.jpg,112.0,112.0,46.884717615601176,112.0,270.0,3
train/9-55/37.jpg,112.0,112.0,112.0,183.58910531638176,180.0,2
train/9-55/4.jpg,112.0,112.0,112.0,22.557280900008408,0.0,0
train/9-55/41.jpg,112.0,112.0,112.0,21.66174675144532,0.0,0
train/9-55/42.jpg,112.0,112.0,112.0,6.009434382111166,0.0,0
train/9-55/44.jpg,112.0,112.0,112.0,12.270365487484112,0.0,0
train/9-55/46.jpg,112.0,112.0,112.0,202.33825324855468,180.0,2
train/9-55/48.jpg,112.0,112.0,112.0,30.140364036968748,0.0,0
train/9-55/49.jpg,112.0,112.0,112.0,13.156689654787456,0.0,0
train/9-55/5.jpg,112.0,112.0,186.68600939935132,112.0,90.0,1
train/9-55/50.jpg,112.0,112.0,112.0,53.819247168844576,0.0,0
train/9-55/51.jpg,112.0,112.0,112.0,200.10221336606705,180.0,2
train/9-55/52.jpg,112.0,112.0,112.0,20.32121292250862,0.0,0
train/9-55/56.jpg,112.0,112.0,195.6301381082203,112.0,90.0,1
train/9-55/57.jpg,112.0,112.0,6.009434382111166,112.0,270.0,3
train/9-55/60.jpg,112.0,112.0,112.0,41.31761181171083,0.0,0
train/9-55/61.jpg,112.0,112.0,205.9148550549912,112.0,90.0,1
train/9-55/62.jpg,112.0,112.0,37.26714243386648,112.0,270.0,3
train/9-55/63.jpg,112.0,112.0,20.76404217634365,112.0,270.0,3
train/9-55/64.jpg,112.0,112.0,112.0,21.66174675144532,0.0,0
train/9-55/67.jpg,112.0,112.0,112.0,6.90480505750989,0.0,0
train/9-55/68.jpg,112.0,112.0,112.0,14.50641046714918,0.0,0
train/9-55/69.jpg,112.0,112.0,112.0,48.02344179310675,0.0,0
train/9-55/7.jpg,112.0,112.0,112.0,180.0294054067798,180.0,2
train/9-55/71.jpg,112.0,112.0,112.0,39.986112450444665,0.0,0
train/9-55/72.jpg,112.0,112.0,112.0,7.798272567101847,0.0,0
train/9-55/73.jpg,112.0,112.0,112.0,202.33825324855468,180.0,2
train/9-55/75.jpg,112.0,112.0,112.0,178.2117814289874,180.0,2
train/9-55/76.jpg,112.0,112.0,20.32121292250862,112.0,270.0,3
train/9-55/79.jpg,112.0,112.0,53.30587763668324,112.0,270.0,3
train/9-55/8.jpg,112.0,112.0,112.0,20.32121292250862,0.0,0
train/9-55/81.jpg,112.0,112.0,112.0,21.21453860887196,0.0,0
train/9-55/82.jpg,112.0,112.0,112.0,23.897786633932967,0.0,0
train/9-55/83.jpg,112.0,112.0,176.88451279003334,112.0,90.0,1
train/9-55/84.jpg,112.0,112.0,112.0,39.08223810346344,0.0,0
train/9-55/85.jpg,112.0,112.0,112.0,201.0,180.0,2
train/9-55/87.jpg,112.0,112.0,112.0,14.50641046714918,0.0,0
train/9-55/89.jpg,112.0,112.0,112.0,45.78821857101261,0.0,0
train/9-55/9.jpg,112.0,112.0,112.0,20.32121292250862,0.0,0
train/9-55/91.jpg,112.0,112.0,112.0,54.22457269738284,0.0,0
train/9-55/92.jpg,112.0,112.0,112.0,205.0215028904608,180.0,2
train/9-55/93.jpg,112.0,112.0,112.0,205.9148550549912,180.0,2
train/9-55/94.jpg,112.0,112.0,112.0,22.557280900008408,0.0,0
train/9-55/96.jpg,112.0,112.0,178.64082832618453,112.0,90.0,1
train/9-55/97.jpg,112.0,112.0,112.0,197.42833253669417,180.0,2
train/9-55/98.jpg,112.0,112.0,112.0,180.4470598345904,180.0,2
test/1-00/10.jpg,112.0,112.0,112.0,21.800221729762555,0.0,0
test/1-00/31.jpg,112.0,112.0,112.0,43.73580733649595,0.0,0
test/1-00/38.jpg,112.0,112.0,112.0,22.797982085605256,0.0,0
test/1-00/50.jpg,112.0,112.0,53.78488168868847,112.0,270.0,3
test/1-00/53.jpg,112.0,112.0,162.3587132480567,112.0,90.0,1
test/1-00/60.jpg,112.0,112.0,188.23647421018367,112.0,90.0,1
test/1-00/75.jpg,112.0,112.0,201.20201791439476,112.0,90.0,1
test/1-00/87.jpg,112.0,112.0,112.0,32.77247952889097,0.0,0
test/1-05/1.jpg,112.0,112.0,37.75042087661372,112.0,270.0,3
test/1-05/35.jpg,112.0,112.0,59.0,112.0,270.0,3
test/1-05/45.jpg,112.0,112.0,112.0,23.0,0.0,0
test/1-05/55.jpg,112.0,112.0,44.46482398038782,112.0,270.0,3
test/1-05/70.jpg,112.0,112.0,112.0,22.10005561736982,0.0,0
test/1-05/78.jpg,112.0,112.0,112.0,201.4427190999916,180.0,2
test/1-10/13.jpg,112.0,112.0,112.0,48.928611875114086,0.0,0
test/1-10/15.jpg,112.0,112.0,112.0,39.986112450444665,0.0,0
test/1-10/24.jpg,112.0,112.0,112.0,35.077961545471254,0.0,0
test/1-10/45.jpg,112.0,112.0,14.95361933590722,112.0,270.0,3
test/1-10/5.jpg,112.0,112.0,112.0,35.077961545471254,0.0,0
test/1-10/68.jpg,112.0,112.0,112.0,210.3869910099908,180.0,2
test/1-10/7.jpg,112.0,112.0,173.32699242584786,112.0,90.0,1
test/1-10/70.jpg,112.0,112.0,112.0,30.60589701950147,0.0,0
test/1-10/72.jpg,112.0,112.0,112.0,216.20172743289817,180.0,2
test/1-15/10.jpg,112.0,112.0,209.2522493313137,112.0,90.0,1
test/1-15/38.jpg,112.0,112.0,200.2779700718135,112.0,90.0,1
test/1-15/42.jpg,112.0,112.0,112.0,183.34423592694787,180.0,2
test/1-15/72.jpg,112.0,112.0,112.0,20.86274087948442,0.0,0
test/1-15/8.jpg,112.0,112.0,112.0,20.86274087948442,0.0,0
test/1-15/84.jpg,112.0,112.0,112.0,37.75715522691766,0.0,0
test/1-15/85.jpg,112.0,112.0,112.0,48.80189876270016,0.0,0
test/1-15/90.jpg,112.0,112.0,200.20430828479977,112.0,90.0,1
test/1-15/94.jpg,112.0,112.0,112.0,38.82896748029313,0.0,0
test/1-20/32.jpg,112.0,112.0,112.0,205.74433316206373,180.0,2
test/1-20/56.jpg,112.0,112.0,208.60227740586657,112.0,90.0,1
test/1-20/72.jpg,112.0,112.0,21.5732340509736,112.0,270.0,3
test/1-25/27.jpg,112.0,112.0,112.0,22.691545752935568,0.0,0
test/1-25/31.jpg,112.0,112.0,112.0,25.235952146064548,0.0,0
test/1-25/37.jpg,112.0,112.0,112.0,12.717574566290937,0.0,0
test/1-25/45.jpg,112.0,112.0,112.0,13.613008990009249,0.0,0
test/1-25/51.jpg,112.0,112.0,12.140098137440576,112.0,270.0,3
test/1-25/57.jpg,112.0,112.0,112.0,36.35609740369023,0.0,0
test/1-25/67.jpg,112.0,112.0,112.0,203.6787870774914,180.0,2
test/1-25/69.jpg,112.0,112.0,178.2872536767062,112.0,90.0,1
test/1-25/85.jpg,112.0,112.0,112.0,21.66174675144532,0.0,0
test/1-30/10.jpg,112.0,112.0,112.0,211.1261822123701,180.0,2
test/1-30/12.jpg,112.0,112.0,112.0,145.734255586866,180.0,2
test/1-30/15.jpg,112.0,112.0,188.16429609731847,112.0,90.0,1
test/1-30/49.jpg,112.0,112.0,112.0,157.5411901469428,180.0,2
test/1-30/5.jpg,112.0,112.0,112.0,34.58553106815238,0.0,0
test/1-30/76.jpg,112.0,112.0,112.0,17.914932109287392,0.0,0
test/1-30/85.jpg,112.0,112.0,112.0,64.7347908076141,0.0,0
test/1-30/86.jpg,112.0,112.0,112.0,31.90006242199685,0.0,0
test/1-30/88.jpg,112.0,112.0,159.2652091923859,112.0,90.0,1
test/1-35/17.jpg,112.0,112.0,112.0,5.995283123815668,0.0,0
test/1-35/19.jpg,112.0,112.0,205.47726996441435,112.0,90.0,1
test/1-35/33.jpg,112.0,112.0,112.0,29.26548483250778,0.0,0
test/1-35/44.jpg,112.0,112.0,112.0,21.21453860887196,0.0,0
test/1-35/66.jpg,112.0,112.0,112.0,29.26548483250778,0.0,0
test/1-35/70.jpg,112.0,112.0,189.1038261048049,112.0,90.0,1
test/1-35/83.jpg,112.0,112.0,112.0,202.4267659490264,180.0,2
test/1-35/89.jpg,112.0,112.0,112.0,19.642000887849463,0.0,0
test/1-40/38.jpg,112.0,112.0,202.9725233243533,112.0,90.0,1
test/1-40/44.jpg,112.0,112.0,112.0,5.76911936729509,0.0,0
test/1-40/52.jpg,112.0,112.0,112.0,55.39611320766038,0.0,0
test/1-40/61.jpg,112.0,112.0,205.74433316206373,112.0,90.0,1
test/1-40/64.jpg,112.0,112.0,218.2308806327049,112.0,90.0,1
test/1-40/78.jpg,112.0,112.0,112.0,200.54942122905152,180.0,2
test/1-40/79.jpg,112.0,112.0,112.0,63.97917118582812,0.0,0
test/1-40/85.jpg,112.0,112.0,112.0,168.302753041037,180.0,2
test/1-40/9.jpg,112.0,112.0,33.50796218723838,112.0,270.0,3
test/1-45/16.jpg,112.0,112.0,112.0,28.7053423081648,0.0,0
test/1-45/17.jpg,112.0,112.0,22.72514351733743,112.0,270.0,3
test/1-45/19.jpg,112.0,112.0,6.9238371465725805,112.0,270.0,3
test/1-45/34.jpg,112.0,112.0,112.0,154.19004621945797,180.0,2
test/1-45/37.jpg,112.0,112.0,112.0,66.60176214873533,0.0,0
test/1-45/51.jpg,112.0,112.0,112.0,21.72818823131996,0.0,0
test/1-45/60.jpg,112.0,112.0,12.919224871824907,112.0,270.0,3
test/1-45/62.jpg,112.0,112.0,143.78049716414142,112.0,90.0,1
test/1-45/68.jpg,112.0,112.0,112.0,210.18350166906865,180.0,2
test/1-50/15.jpg,112.0,112.0,112.0,27.12361930430822,0.0,0
test/1-50/29.jpg,112.0,112.0,112.0,7.343418744925557,0.0,0
test/1-50/33.jpg,112.0,112.0,20.32121292250862,112.0,270.0,3
test/1-50/38.jpg,112.0,112.0,112.0,202.4267659490264,180.0,2
test/1-50/46.jpg,112.0,112.0,112.0,21.66174675144532,0.0,0
test/1-50/81.jpg,112.0,112.0,157.22167621838005,112.0,90.0,1
test/1-50/84.jpg,112.0,112.0,112.0,199.091905479212,180.0,2
test/1-50/92.jpg,112.0,112.0,112.0,22.557280900008408,0.0,0
test/1-55/19.jpg,112.0,112.0,112.0,206.03190947758105,180.0,2
test/1-55/33.jpg,112.0,112.0,112.0,202.33825324855468,180.0,2
test/1-55/65.jpg,112.0,112.0,112.0,180.4470598345904,180.0,2
test/1-55/7.jpg,112.0,112.0,112.0,191.05694150420948,180.0,2
test/1-55/81.jpg,112.0,112.0,112.0,202.4267659490264,180.0,2
test/1-55/87.jpg,112.0,112.0,112.0,19.642000887849463,0.0,0
test/10-00/16.jpg,112.0,112.0,112.0,34.8378331045583,0.0,0
test/10-00/21.jpg,112.0,112.0,112.0,39.75043252724623,0.0,0
test/10-00/30.jpg,112.0,112.0,112.0,19.864230615900325,0.0,0
test/10-00/35.jpg,112.0,112.0,62.1803251716754,112.0,270.0,3
test/10-00/45.jpg,112.0,112.0,112.0,26.85306817036799,0.0,0
test/10-00/60.jpg,112.0,112.0,187.1664818918645,112.0,90.0,1
test/10-00/76.jpg,112.0,112.0,112.0,191.1012010022604,180.0,2
test/10-00/77.jpg,112.0,112.0,112.0,215.07764064044156,180.0,2
test/10-05/19.jpg,112.0,112.0,202.4267659490264,112.0,90.0,1
test/10-05/20.jpg,112.0,112.0,11.595816820214113,112.0,270.0,3
test/10-05/30.jpg,112.0,112.0,112.0,20.731166327162924,0.0,0
test/10-05/47.jpg,112.0,112.0,112.0,215.31021246711285,180.0,2
test/10-05/49.jpg,112.0,112.0,112.0,200.54942122905152,180.0,2
test/10-05/50.jpg,112.0,112.0,112.0,20.76404217634365,0.0,0
test/10-05/99.jpg,112.0,112.0,112.0,180.87670143089025,180.0,2
test/10-10/12.jpg,112.0,112.0,19.086061325547064,112.0,270.0,3
test/10-10/2.jpg,112.0,112.0,21.66174675144532,112.0,270.0,3
test/10-10/20.jpg,112.0,112.0,112.0,27.029416855007995,0.0,0
test/10-10/3.jpg,112.0,112.0,112.0,48.02344179310675,0.0,0
test/10-10/50.jpg,112.0,112.0,112.0,35.72418469790047,0.0,0
test/10-10/84.jpg,112.0,112.0,112.0,37.93921415485791,0.0,0
test/10-10/9.jpg,112.0,112.0,32.118838265833915,112.0,270.0,3
test/10-10/96.jpg,112.0,112.0,187.71657678474375,112.0,90.0,1
test/10-15/13.jpg,112.0,112.0,40.74692989070576,112.0,270.0,3
test/10-15/49.jpg,112.0,112.0,112.0,169.1401785086466,180.0,2
test/10-15/51.jpg,112.0,112.0,112.0,204.0869154657707,180.0,2
test/10-15/62.jpg,112.0,112.0,112.0,31.843902290593007,0.0,0
test/10-15/70.jpg,112.0,112.0,112.0,25.85477378287291,0.0,0
test/10-15/72.jpg,112.0,112.0,19.864230615900325,112.0,270.0,3
test/10-15/80.jpg,112.0,112.0,112.0,37.75715522691766,0.0,0
test/10-15/86.jpg,112.0,112.0,193.0987052917616,112.0,90.0,1
test/10-20/26.jpg,112.0,112.0,112.0,12.97980004059778,0.0,0
test/10-20/40.jpg,112.0,112.0,112.0,53.17823532058903,0.0,0
test/10-20/44.jpg,112.0,112.0,112.0,213.07423014794625,180.0,2
test/10-20/50.jpg,112.0,112.0,112.0,197.44588931013595,180.0,2
test/10-20/61.jpg,112.0,112.0,112.0,6.3117792750772,0.0,0
test/10-20/62.jpg,112.0,112.0,112.0,167.7584074378026,180.0,2
test/10-20/68.jpg,112.0,112.0,112.0,207.96353474106712,180.0,2
test/10-20/69.jpg,112.0,112.0,112.0,34.89617389519506,0.0,0
test/10-20/87.jpg,112.0,112.0,205.0215028904608,112.0,90.0,1
test/10-25/20.jpg,112.0,112.0,208.79876032264048,112.0,90.0,1
test/10-25/24.jpg,112.0,112.0,112.0,31.04322140796361,0.0,0
test/10-25/47.jpg,112.0,112.0,112.0,212.9554357129917,180.0,2
test/10-25/68.jpg,112.0,112.0,112.0,15.849076967509047,0.0,0
test/10-25/7.jpg,112.0,112.0,202.4267659490264,112.0,90.0,1
test/10-25/81.jpg,112.0,112.0,112.0,203.80958555619344,180.0,2
test/10-25/83.jpg,112.0,112.0,198.53323061113576,112.0,90.0,1
test/10-25/86.jpg,112.0,112.0,204.64987857520376,112.0,90.0,1
test/10-30/26.jpg,112.0,112.0,112.0,26.712251759118416,0.0,0
test/10-30/32.jpg,112.0,112.0,112.0,43.81642426507686,0.0,0
test/10-30/38.jpg,112.0,112.0,112.0,66.72307430931292,0.0,0
test/10-30/51.jpg,112.0,112.0,112.0,204.1357693840997,180.0,2
test/10-30/59.jpg,112.0,112.0,112.0,143.78049716414142,180.0,2
test/10-30/72.jpg,112.0,112.0,112.0,65.7290587949629,0.0,0
test/10-30/74.jpg,112.0,112.0,112.0,204.26592003551477,180.0,2
test/10-30/8.jpg,112.0,112.0,112.0,22.72514351733743,0.0,0
test/10-30/85.jpg,112.0,112.0,112.0,74.66369059481106,0.0,0
test/10-35/2.jpg,112.0,112.0,112.0,27.029416855007995,0.0,0
test/10-35/22.jpg,112.0,112.0,202.0499861188218,112.0,90.0,1
test/10-35/28.jpg,112.0,112.0,23.24753524549304,112.0,270.0,3
test/10-35/36.jpg,112.0,112.0,112.0,23.45057877094848,0.0,0
test/10-35/46.jpg,112.0,112.0,112.0,21.21453860887196,0.0,0
test/10-35/48.jpg,112.0,112.0,112.0,48.43900567171718,0.0,0
test/10-35/73.jpg,112.0,112.0,112.0,21.21453860887196,0.0,0
test/10-35/79.jpg,112.0,112.0,214.8591269649903,112.0,90.0,1
test/10-35/88.jpg,112.0,112.0,112.0,27.029416855007995,0.0,0
test/10-35/89.jpg,112.0,112.0,112.0,24.79334887750821,0.0,0
test/10-40/7.jpg,112.0,112.0,112.0,23.79569171520022,0.0,0
test/10-40/76.jpg,112.0,112.0,22.955067522065026,112.0,270.0,3
test/10-40/78.jpg,112.0,112.0,205.1933474020544,112.0,90.0,1
test/10-40/82.jpg,112.0,112.0,112.0,13.81649833093138,0.0,0
test/10-40/87.jpg,112.0,112.0,112.0,31.843902290593007,0.0,0
test/10-40/92.jpg,112.0,112.0,5.76911936729509,112.0,270.0,3
test/10-45/20.jpg,112.0,112.0,112.0,26.90593440198077,0.0,0
test/10-45/46.jpg,112.0,112.0,112.0,74.66369059481106,0.0,0
test/10-45/5.jpg,112.0,112.0,112.0,34.8378331045583,0.0,0
test/10-45/52.jpg,112.0,112.0,112.0,80.59936306378484,0.0,0
test/10-45/58.jpg,112.0,112.0,34.89617389519506,112.0,270.0,3
test/10-45/67.jpg,112.0,112.0,112.0,19.9130845342293,0.0,0
test/10-45/75.jpg,112.0,112.0,187.23961722390672,112.0,90.0,1
test/10-45/99.jpg,112.0,112.0,112.0,67.59279337765096,0.0,0
test/10-50/21.jpg,112.0,112.0,112.0,215.75451797391764,180.0,2
test/10-50/24.jpg,112.0,112.0,112.0,31.04322140796361,0.0,0
test/10-50/30.jpg,112.0,112.0,112.0,22.557280900008408,0.0,0
test/10-50/57.jpg,112.0,112.0,112.0,173.32699242584786,180.0,2
test/10-50/61.jpg,112.0,112.0,213.07917688624104,112.0,90.0,1
test/10-50/70.jpg,112.0,112.0,112.0,26.85306817036799,0.0,0
test/10-50/74.jpg,112.0,112.0,112.0,11.376941012509462,0.0,0
test/10-55/13.jpg,112.0,112.0,170.18075283115542,112.0,90.0,1
test/10-55/18.jpg,112.0,112.0,112.0,58.68958825895264,0.0,0
test/10-55/37.jpg,112.0,112.0,37.26714243386648,112.0,270.0,3
test/10-55/47.jpg,112.0,112.0,112.0,25.235952146064548,0.0,0
test/10-55/72.jpg,112.0,112.0,112.0,7.798272567101847,0.0,0
test/10-55/76.jpg,112.0,112.0,112.0,19.869657549751835,0.0,0
test/10-55/80.jpg,112.0,112.0,112.0,187.15317691222373,180.0,2
test/10-55/99.jpg,112.0,112.0,112.0,180.94200461257276,180.0,2
test/11-00/10.jpg,112.0,112.0,112.0,194.29823813423957,180.0,2
test/11-00/18.jpg,112.0,112.0,112.0,58.76467338317534,0.0,0
test/11-00/21.jpg,112.0,112.0,112.0,39.75043252724623,0.0,0
test/11-00/30.jpg,112.0,112.0,112.0,19.864230615900325,0.0,0
test/11-00/35.jpg,112.0,112.0,65.309529880285,112.0,270.0,3
test/11-00/48.jpg,112.0,112.0,112.0,47.719365280047214,0.0,0
test/11-00/56.jpg,112.0,112.0,190.1600921186765,112.0,90.0,1
test/11-00/85.jpg,112.0,112.0,167.2268050859363,112.0,90.0,1
test/11-00/88.jpg,112.0,112.0,175.19810123729985,112.0,90.0,1
test/11-00/91.jpg,112.0,112.0,112.0,170.5491246732178,180.0,2
test/11-05/50.jpg,112.0,112.0,49.57404385994557,112.0,270.0,3
test/11-05/52.jpg,112.0,112.0,112.0,20.731166327162924,0.0,0
test/11-05/6.jpg,112.0,112.0,20.19041444380657,112.0,270.0,3
test/11-05/61.jpg,112.0,112.0,24.908094520787984,112.0,270.0,3
test/11-05/69.jpg,112.0,112.0,112.0,183.84705978674424,180.0,2
test/11-05/7.jpg,112.0,112.0,112.0,177.21502894272146,180.0,2
test/11-10/16.jpg,112.0,112.0,112.0,195.76156636548768,180.0,2
test/11-10/31.jpg,112.0,112.0,112.0,199.3670418407308,180.0,2
test/11-10/51.jpg,112.0,112.0,112.0,22.105617528123588,0.0,0
test/11-15/17.jpg,112.0,112.0,112.0,29.847702405836515,0.0,0
test/11-15/24.jpg,112.0,112.0,112.0,30.845825738906072,0.0,0
test/11-15/33.jpg,112.0,112.0,193.15417426109397,112.0,90.0,1
test/11-15/48.jpg,112.0,112.0,45.72783389687643,112.0,270.0,3
test/11-15/61.jpg,112.0,112.0,13.872531878173888,112.0,270.0,3
test/11-15/87.jpg,112.0,112.0,112.0,30.845825738906072,0.0,0
test/11-15/9.jpg,112.0,112.0,185.10950690573696,112.0,90.0,1
test/11-15/95.jpg,112.0,112.0,199.091905479212,112.0,90.0,1
test/11-20/10.jpg,112.0,112.0,112.0,205.1933474020544,180.0,2
test/11-20/21.jpg,112.0,112.0,112.0,29.072320664328245,0.0,0
test/11-20/48.jpg,112.0,112.0,69.19813088193462,112.0,270.0,3
test/11-20/51.jpg,112.0,112.0,112.0,21.5732340509736,0.0,0
test/11-20/92.jpg,112.0,112.0,112.0,9.072841290551494,0.0,0
test/11-20/97.jpg,112.0,112.0,9.91670068027777,112.0,270.0,3
test/11-25/26.jpg,112.0,112.0,112.0,211.72963451251587,180.0,2
test/11-25/36.jpg,112.0,112.0,201.8888202169769,112.0,90.0,1
test/11-25/40.jpg,112.0,112.0,112.0,22.412054382299843,0.0,0
test/11-25/67.jpg,112.0,112.0,112.0,22.412054382299843,0.0,0
test/11-25/69.jpg,112.0,112.0,112.0,34.61137034421658,0.0,0
test/11-25/83.jpg,112.0,112.0,112.0,26.297024555736684,0.0,0
test/11-25/88.jpg,112.0,112.0,112.0,19.42570551173506,0.0,0
test/11-25/98.jpg,112.0,112.0,7.343418744925557,112.0,270.0,3
test/11-30/26.jpg,112.0,112.0,28.84953397605038,112.0,270.0,3
test/11-30/49.jpg,112.0,112.0,112.0,65.7290587949629,0.0,0
test/11-30/50.jpg,112.0,112.0,157.39823785126467,112.0,90.0,1
test/11-30/57.jpg,112.0,112.0,112.0,50.59967426796499,0.0,0
test/11-30/69.jpg,112.0,112.0,112.0,43.81642426507686,0.0,0
test/11-30/7.jpg,112.0,112.0,112.0,65.7290587949629,0.0,0
test/11-30/81.jpg,112.0,112.0,68.58341330781518,112.0,270.0,3
test/11-30/87.jpg,112.0,112.0,112.0,27.708837948453933,0.0,0
test/11-30/97.jpg,112.0,112.0,112.0,64.7347908076141,0.0,0
test/11-35/28.jpg,112.0,112.0,112.0,19.642000887849463,0.0,0
test/11-35/33.jpg,112.0,112.0,22.412054382299843,112.0,270.0,3
test/11-35/57.jpg,112.0,112.0,112.0,49.35017956929166,0.0,0
test/11-35/69.jpg,112.0,112.0,112.0,20.32121292250862,0.0,0
test/11-35/7.jpg,112.0,112.0,112.0,199.3670418407308,180.0,2
test/11-35/71.jpg,112.0,112.0,112.0,203.23595782365635,180.0,2
test/11-35/74.jpg,112.0,112.0,112.0,42.22177990232196,0.0,0
test/11-35/8.jpg,112.0,112.0,112.0,21.21453860887196,0.0,0
test/11-40/15.jpg,112.0,112.0,203.5259526036195,112.0,90.0,1
test/11-40/28.jpg,112.0,112.0,203.6787870774914,112.0,90.0,1
test/11-40/30.jpg,112.0,112.0,112.0,19.88594026968522,0.0,0
test/11-40/42.jpg,112.0,112.0,182.45565981523413,112.0,90.0,1
test/11-40/44.jpg,112.0,112.0,112.0,11.820161709054446,0.0,0
test/11-40/52.jpg,112.0,112.0,40.152940213255775,112.0,270.0,3
test/11-40/79.jpg,112.0,112.0,54.22457269738284,112.0,270.0,3
test/11-40/80.jpg,112.0,112.0,213.9803902718557,112.0,90.0,1
test/11-45/98.jpg,112.0,112.0,112.0,31.90006242199685,0.0,0
test/11-50/13.jpg,112.0,112.0,112.0,20.32121292250862,0.0,0
test/11-50/60.jpg,112.0,112.0,30.60589701950147,112.0,270.0,3
test/11-50/7.jpg,112.0,112.0,112.0,21.66174675144532,0.0,0
test/11-50/76.jpg,112.0,112.0,202.33825324855468,112.0,90.0,1
test/11-50/87.jpg,112.0,112.0,32.8419302913468,112.0,270.0,3
test/11-50/9.jpg,112.0,112.0,40.88741320975589,112.0,270.0,3
test/11-55/19.jpg,112.0,112.0,112.0,16.585116464987493,0.0,0
test/11-55/31.jpg,112.0,112.0,112.0,35.15600218624749,0.0,0
test/11-55/33.jpg,112.0,112.0,112.0,191.32212806020777,180.0,2
test/11-55/51.jpg,112.0,112.0,112.0,201.58794561770011,180.0,2
test/11-55/58.jpg,112.0,112.0,6.3117792750772,112.0,270.0,3
test/11-55/65.jpg,112.0,112.0,112.0,149.64306044943743,180.0,2
test/11-55/70.jpg,112.0,112.0,10.03431949915698,112.0,270.0,3
test/11-55/8.jpg,112.0,112.0,112.0,6.605502989956818,0.0,0
test/11-55/91.jpg,112.0,112.0,112.0,21.86121811340027,0.0,0
test/12-00/25.jpg,112.0,112.0,112.0,44.813691871036696,0.0,0
test/12-00/31.jpg,112.0,112.0,43.81642426507686,112.0,270.0,3
test/12-00/42.jpg,112.0,112.0,112.0,27.7859869142908,0.0,0
test/12-00/45.jpg,112.0,112.0,112.0,53.690481051547,0.0,0
test/12-00/50.jpg,112.0,112.0,51.70074627327466,112.0,270.0,3
test/12-00/63.jpg,112.0,112.0,55.67948863868511,112.0,270.0,3
test/12-00/74.jpg,112.0,112.0,47.719365280047214,112.0,270.0,3
test/12-00/82.jpg,112.0,112.0,53.78488168868847,112.0,270.0,3
test/12-00/83.jpg,112.0,112.0,52.69569998726905,112.0,270.0,3
test/12-00/92.jpg,112.0,112.0,169.3149195236284,112.0,90.0,1
test/12-05/23.jpg,112.0,112.0,208.79876032264048,112.0,90.0,1
test/12-05/32.jpg,112.0,112.0,6.605502989956818,112.0,270.0,3
test/12-05/52.jpg,112.0,112.0,112.0,21.5732340509736,0.0,0
test/12-05/85.jpg,112.0,112.0,112.0,58.176213436808446,0.0,0
test/12-05/89.jpg,112.0,112.0,112.0,175.8200595424354,180.0,2
test/12-05/9.jpg,112.0,112.0,112.0,42.10722497997379,0.0,0
test/12-05/99.jpg,112.0,112.0,112.0,183.02816342831903,180.0,2
test/12-10/16.jpg,112.0,112.0,33.2789735839274,112.0,270.0,3
test/12-10/21.jpg,112.0,112.0,35.51470729610823,112.0,270.0,3
test/12-10/30.jpg,112.0,112.0,112.0,23.45057877094848,0.0,0
test/12-10/35.jpg,112.0,112.0,112.0,179.26812023536854,180.0,2
test/12-10/36.jpg,112.0,112.0,198.76404785393544,112.0,90.0,1
test/12-10/47.jpg,112.0,112.0,13.613008990009249,112.0,270.0,3
test/12-10/64.jpg,112.0,112.0,112.0,20.758562045526705,0.0,0
test/12-10/86.jpg,112.0,112.0,112.0,187.15317691222373,180.0,2
test/12-10/88.jpg,112.0,112.0,182.6823881882892,112.0,90.0,1
test/12-20/10.jpg,112.0,112.0,112.0,21.5732340509736,0.0,0
test/12-20/21.jpg,112.0,112.0,28.238433634512305,112.0,270.0,3
test/12-20/48.jpg,112.0,112.0,179.11929677819933,112.0,90.0,1
test/12-20/67.jpg,112.0,112.0,211.8599018625594,112.0,90.0,1
test/12-20/8.jpg,112.0,112.0,112.0,21.5732340509736,0.0,0
test/12-20/85.jpg,112.0,112.0,204.3579991121505,112.0,90.0,1
test/12-20/89.jpg,112.0,112.0,112.0,204.13034245024815,180.0,2
test/12-20/97.jpg,112.0,112.0,208.60227740586657,112.0,90.0,1
test/12-25/23.jpg,112.0,112.0,112.0,12.140098137440576,0.0,0
test/12-25/4.jpg,112.0,112.0,22.105617528123588,112.0,270.0,3
test/12-25/61.jpg,112.0,112.0,112.0,203.6787870774914,180.0,2
test/12-25/73.jpg,112.0,112.0,112.0,202.33825324855468,180.0,2
test/12-25/84.jpg,112.0,112.0,112.0,20.32121292250862,0.0,0
test/12-25/85.jpg,112.0,112.0,21.21453860887196,112.0,270.0,3
test/12-25/91.jpg,112.0,112.0,169.4282160614449,112.0,90.0,1
test/12-30/16.jpg,112.0,112.0,112.0,33.89750324093346,0.0,0
test/12-30/40.jpg,112.0,112.0,112.0,67.71682034903094,0.0,0
test/12-30/45.jpg,112.0,112.0,112.0,204.1357693840997,180.0,2
test/12-30/48.jpg,112.0,112.0,112.0,163.2445119012758,180.0,2
test/12-30/52.jpg,112.0,112.0,112.0,22.72514351733743,0.0,0
test/12-30/56.jpg,112.0,112.0,112.0,203.1372591205156,180.0,2
test/12-30/75.jpg,112.0,112.0,112.0,39.888974490720216,0.0,0
test/12-30/9.jpg,112.0,112.0,112.0,168.43580423808984,180.0,2
test/12-30/96.jpg,112.0,112.0,112.0,28.513474141032788,0.0,0
test/12-35/21.jpg,112.0,112.0,112.0,20.474047396380517,0.0,0
test/12-35/41.jpg,112.0,112.0,23.24753524549304,112.0,270.0,3
test/12-35/51.jpg,112.0,112.0,112.0,203.26883367283708,180.0,2
test/12-35/53.jpg,112.0,112.0,112.0,5.76911936729509,0.0,0
test/12-35/55.jpg,112.0,112.0,112.0,22.05557271292457,0.0,0
test/12-35/62.jpg,112.0,112.0,112.0,200.20430828479977,180.0,2
test/12-35/8.jpg,112.0,112.0,12.97980004059778,112.0,270.0,3
test/12-35/81.jpg,112.0,112.0,26.85306817036799,112.0,270.0,3
test/12-35/88.jpg,112.0,112.0,202.33825324855468,112.0,90.0,1
test/12-40/18.jpg,112.0,112.0,112.0,164.80151512977633,180.0,2
test/12-40/30.jpg,112.0,112.0,112.0,20.731166327162924,0.0,0
test/12-40/56.jpg,112.0,112.0,112.0,8.535030082641015,0.0,0
test/12-40/65.jpg,112.0,112.0,112.0,185.348483283569,180.0,2
test/12-40/75.jpg,112.0,112.0,23.0,112.0,270.0,3
test/12-40/84.jpg,112.0,112.0,112.0,183.1125867902441,180.0,2
test/12-40/95.jpg,112.0,112.0,112.0,21.027476675646724,0.0,0
test/12-40/96.jpg,112.0,112.0,23.24753524549304,112.0,270.0,3
test/12-45/29.jpg,112.0,112.0,112.0,8.762409946764066,0.0,0
test/12-45/32.jpg,112.0,112.0,112.0,23.43364069806188,0.0,0
test/12-45/69.jpg,112.0,112.0,112.0,49.48600156764886,0.0,0
test/12-45/78.jpg,112.0,112.0,112.0,66.72307430931292,0.0,0
test/12-45/91.jpg,112.0,112.0,112.0,67.59279337765096,0.0,0
test/12-45/92.jpg,112.0,112.0,112.0,65.7290587949629,0.0,0
test/12-45/98.jpg,112.0,112.0,66.72307430931292,112.0,270.0,3
test/12-50/41.jpg,112.0,112.0,112.0,18.8066525979456,0.0,0
test/12-50/78.jpg,112.0,112.0,203.6787870774914,112.0,90.0,1
test/12-55/33.jpg,112.0,112.0,31.290644904075705,112.0,270.0,3
test/12-55/48.jpg,112.0,112.0,112.0,49.57404385994557,0.0,0
test/12-55/5.jpg,112.0,112.0,112.0,33.50796218723838,0.0,0
test/12-55/50.jpg,112.0,112.0,112.0,50.38831279700255,0.0,0
test/12-55/64.jpg,112.0,112.0,112.0,16.868512047797765,0.0,0
test/12-55/66.jpg,112.0,112.0,183.84705978674424,112.0,90.0,1
test/12-55/86.jpg,112.0,112.0,112.0,195.4865258589672,180.0,2
test/12-55/9.jpg,112.0,112.0,22.412054382299843,112.0,270.0,3
test/2-00/13.jpg,112.0,112.0,50.8689931376883,112.0,270.0,3
test/2-00/20.jpg,112.0,112.0,27.904815833485443,112.0,270.0,3
test/2-00/21.jpg,112.0,112.0,187.32595834106596,112.0,90.0,1
test/2-00/30.jpg,112.0,112.0,112.0,21.800221729762555,0.0,0
test/2-00/8.jpg,112.0,112.0,112.0,6.828711142251379,0.0,0
test/2-00/97.jpg,112.0,112.0,112.0,17.80870528546707,0.0,0
test/2-00/99.jpg,112.0,112.0,112.0,41.65087065215377,0.0,0
test/2-05/46.jpg,112.0,112.0,112.0,20.76404217634365,0.0,0
test/2-05/57.jpg,112.0,112.0,112.0,171.50630218724734,180.0,2
test/2-05/70.jpg,112.0,112.0,21.027476675646724,112.0,270.0,3
test/2-05/73.jpg,112.0,112.0,112.0,20.32121292250862,0.0,0
test/2-05/86.jpg,112.0,112.0,112.0,18.52807908253945,0.0,0
test/2-05/95.jpg,112.0,112.0,112.0,9.584180909392714,0.0,0
test/2-05/99.jpg,112.0,112.0,28.80745225682772,112.0,270.0,3
test/2-10/13.jpg,112.0,112.0,37.93921415485791,112.0,270.0,3
test/2-10/33.jpg,112.0,112.0,112.0,16.036465258932864,0.0,0
test/2-10/40.jpg,112.0,112.0,112.0,20.474047396380517,0.0,0
test/2-10/49.jpg,112.0,112.0,112.0,22.691545752935568,0.0,0
test/2-10/74.jpg,112.0,112.0,20.474047396380517,112.0,270.0,3
test/2-10/96.jpg,112.0,112.0,112.0,35.15600218624749,0.0,0
test/2-10/97.jpg,112.0,112.0,112.0,7.9903850598416994,0.0,0
test/2-15/1.jpg,112.0,112.0,112.0,54.6850804763716,0.0,0
test/2-15/30.jpg,112.0,112.0,112.0,20.86274087948442,0.0,0
test/2-15/36.jpg,112.0,112.0,112.0,21.86121811340027,0.0,0
test/2-15/48.jpg,112.0,112.0,112.0,46.72366431852964,0.0,0
test/2-15/79.jpg,112.0,112.0,112.0,169.4282160614449,180.0,2
test/2-15/87.jpg,112.0,112.0,112.0,30.845825738906072,0.0,0
test/2-15/91.jpg,112.0,112.0,112.0,47.719365280047214,0.0,0
test/2-15/96.jpg,112.0,112.0,112.0,35.76352578981633,0.0,0
test/2-15/97.jpg,112.0,112.0,112.0,10.876313358343197,0.0,0
test/2-20/23.jpg,112.0,112.0,112.0,48.754446796632415,0.0,0
test/2-20/4.jpg,112.0,112.0,204.3579991121505,112.0,90.0,1
test/2-20/64.jpg,112.0,112.0,112.0,205.1933474020544,180.0,2
test/2-20/72.jpg,112.0,112.0,21.5732340509736,112.0,270.0,3
test/2-20/73.jpg,112.0,112.0,112.0,53.17823532058903,0.0,0
test/2-20/82.jpg,112.0,112.0,112.0,21.5732340509736,0.0,0
test/2-20/83.jpg,112.0,112.0,112.0,37.93921415485791,0.0,0
test/2-20/87.jpg,112.0,112.0,112.0,32.67787193979224,0.0,0
test/2-20/91.jpg,112.0,112.0,47.92972608143461,112.0,270.0,3
test/2-25/31.jpg,112.0,112.0,112.0,24.79334887750821,0.0,0
test/2-25/35.jpg,112.0,112.0,91.3844718719117,112.0,270.0,3
test/2-25/50.jpg,112.0,112.0,112.0,177.79513659838392,180.0,2
test/2-25/75.jpg,112.0,112.0,20.32121292250862,112.0,270.0,3
test/2-25/96.jpg,112.0,112.0,21.21453860887196,112.0,270.0,3
test/2-25/99.jpg,112.0,112.0,216.00961494015831,112.0,90.0,1
test/2-30/26.jpg,112.0,112.0,112.0,66.60176214873533,0.0,0
test/2-30/31.jpg,112.0,112.0,69.80995378054203,112.0,270.0,3
test/2-30/53.jpg,112.0,112.0,112.0,68.58341330781518,0.0,0
test/2-30/80.jpg,112.0,112.0,37.75715522691766,112.0,270.0,3
test/2-30/85.jpg,112.0,112.0,112.0,64.7347908076141,0.0,0
test/2-30/92.jpg,112.0,112.0,112.0,22.72514351733743,0.0,0
test/2-30/98.jpg,112.0,112.0,112.0,46.87703937934026,0.0,0
test/2-35/4.jpg,112.0,112.0,21.5732340509736,112.0,270.0,3
test/2-35/46.jpg,112.0,112.0,202.13878188659973,112.0,90.0,1
test/2-35/47.jpg,112.0,112.0,112.0,20.758562045526705,0.0,0
test/2-35/52.jpg,112.0,112.0,39.08223810346344,112.0,270.0,3
test/2-35/54.jpg,112.0,112.0,61.78048188204112,112.0,270.0,3
test/2-35/58.jpg,112.0,112.0,112.0,10.466754213213491,0.0,0
test/2-35/62.jpg,112.0,112.0,112.0,192.7093550959243,180.0,2
test/2-35/78.jpg,112.0,112.0,112.0,201.044932477935,180.0,2
test/2-35/8.jpg,112.0,112.0,112.0,11.595816820214113,0.0,0
test/2-40/21.jpg,112.0,112.0,112.0,34.06412892640515,0.0,0
test/2-40/31.jpg,112.0,112.0,18.52807908253945,112.0,270.0,3
test/2-40/36.jpg,112.0,112.0,6.847729458656005,112.0,270.0,3
test/2-40/48.jpg,112.0,112.0,51.07381515308873,112.0,270.0,3
test/2-40/5.jpg,112.0,112.0,215.17460927960911,112.0,90.0,1
test/2-40/50.jpg,112.0,112.0,112.0,202.69729874698584,180.0,2
test/2-40/72.jpg,112.0,112.0,112.0,10.75771634341706,0.0,0
test/2-40/80.jpg,112.0,112.0,186.2495791233863,112.0,90.0,1
test/2-40/93.jpg,112.0,112.0,112.0,20.731166327162924,0.0,0
test/2-45/10.jpg,112.0,112.0,112.0,170.03447251418763,180.0,2
test/2-45/2.jpg,112.0,112.0,197.21150157109076,112.0,90.0,1
test/2-45/21.jpg,112.0,112.0,112.0,31.843902290593007,0.0,0
test/2-45/3.jpg,112.0,112.0,112.0,171.03388857258176,180.0,2
test/2-45/47.jpg,112.0,112.0,171.03388857258176,112.0,90.0,1
test/2-45/56.jpg,112.0,112.0,112.0,212.12492197250396,180.0,2
test/2-45/72.jpg,112.0,112.0,171.03388857258176,112.0,90.0,1
test/2-45/78.jpg,112.0,112.0,54.9912287450431,112.0,270.0,3
test/2-45/79.jpg,112.0,112.0,112.0,167.00909015790026,180.0,2
test/2-50/1.jpg,112.0,112.0,112.0,186.6324326281812,180.0,2
test/2-50/32.jpg,112.0,112.0,112.0,49.35017956929166,0.0,0
test/2-50/53.jpg,112.0,112.0,112.0,8.245482026082357,0.0,0
test/2-50/71.jpg,112.0,112.0,112.0,39.32951080390335,0.0,0
test/2-50/79.jpg,112.0,112.0,112.0,52.90685318922337,0.0,0
test/2-50/99.jpg,112.0,112.0,112.0,179.11929677819933,180.0,2
test/2-55/25.jpg,112.0,112.0,112.0,179.6756972627545,180.0,2
test/2-55/34.jpg,112.0,112.0,112.0,195.19254774317227,180.0,2
test/2-55/50.jpg,112.0,112.0,112.0,50.38831279700255,0.0,0
test/2-55/51.jpg,112.0,112.0,112.0,21.027476675646724,0.0,0
test/2-55/52.jpg,112.0,112.0,12.270365487484112,112.0,270.0,3
test/2-55/53.jpg,112.0,112.0,22.412054382299843,112.0,270.0,3
test/2-55/61.jpg,112.0,112.0,206.36630754670864,112.0,90.0,1
test/2-55/71.jpg,112.0,112.0,112.0,15.397722594133429,0.0,0
test/2-55/78.jpg,112.0,112.0,112.0,201.58794561770011,180.0,2
test/2-55/97.jpg,112.0,112.0,112.0,196.52810183601665,180.0,2
test/3-00/16.jpg,112.0,112.0,33.89750324093346,112.0,270.0,3
test/3-00/2.jpg,112.0,112.0,112.0,9.877524511006882,0.0,0
test/3-00/23.jpg,112.0,112.0,49.87110173196373,112.0,270.0,3
test/3-00/28.jpg,112.0,112.0,112.0,31.77531551947368,0.0,0
test/3-00/46.jpg,112.0,112.0,112.0,36.76038277609328,0.0,0
test/3-00/5.jpg,112.0,112.0,35.835703902681544,112.0,270.0,3
test/3-00/67.jpg,112.0,112.0,112.0,19.864230615900325,0.0,0
test/3-00/8.jpg,112.0,112.0,112.0,6.828711142251379,0.0,0
test/3-05/20.jpg,112.0,112.0,112.0,21.66174675144532,0.0,0
test/3-05/24.jpg,112.0,112.0,112.0,12.717574566290937,0.0,0
test/3-05/30.jpg,112.0,112.0,198.76404785393544,112.0,90.0,1
test/3-05/38.jpg,112.0,112.0,112.0,20.731166327162924,0.0,0
test/3-05/99.jpg,112.0,112.0,112.0,23.43364069806188,0.0,0
test/3-10/0.jpg,112.0,112.0,112.0,9.374467114660009,0.0,0
test/3-10/13.jpg,112.0,112.0,112.0,38.76066630559778,0.0,0
test/3-10/50.jpg,112.0,112.0,187.71657678474375,112.0,90.0,1
test/3-10/52.jpg,112.0,112.0,112.0,160.82622246293482,180.0,2
test/3-10/62.jpg,112.0,112.0,112.0,28.513474141032788,0.0,0
test/3-10/83.jpg,112.0,112.0,112.0,34.3340486442096,0.0,0
test/3-15/13.jpg,112.0,112.0,40.74692989070576,112.0,270.0,3
test/3-15/21.jpg,112.0,112.0,112.0,10.75771634341706,0.0,0
test/3-15/24.jpg,112.0,112.0,190.10249675906653,112.0,90.0,1
test/3-15/37.jpg,112.0,112.0,112.0,12.818348471100762,0.0,0
test/3-15/66.jpg,112.0,112.0,18.8066525979456,112.0,270.0,3
test/3-15/78.jpg,112.0,112.0,21.800221729762555,112.0,270.0,3
test/3-15/8.jpg,112.0,112.0,24.718845103882813,112.0,270.0,3
test/3-15/99.jpg,112.0,112.0,112.0,40.655764073052126,0.0,0
test/3-20/10.jpg,112.0,112.0,21.5732340509736,112.0,270.0,3
test/3-20/15.jpg,112.0,112.0,112.0,21.86121811340027,0.0,0
test/3-20/26.jpg,112.0,112.0,112.0,12.97980004059778,0.0,0
test/3-20/33.jpg,112.0,112.0,21.5732340509736,112.0,270.0,3
test/3-20/45.jpg,112.0,112.0,112.0,28.238433634512305,0.0,0
test/3-20/57.jpg,112.0,112.0,52.35940979500622,112.0,270.0,3
test/3-20/91.jpg,112.0,112.0,112.0,50.967221921331486,0.0,0
test/3-25/31.jpg,112.0,112.0,112.0,25.235952146064548,0.0,0
test/3-25/37.jpg,112.0,112.0,112.0,37.75042087661372,0.0,0
test/3-25/40.jpg,112.0,112.0,112.0,6.453801584329909,0.0,0
test/3-25/44.jpg,112.0,112.0,112.0,21.66174675144532,0.0,0
test/3-25/7.jpg,112.0,112.0,112.0,21.66174675144532,0.0,0
test/3-25/86.jpg,112.0,112.0,112.0,209.0463806640928,180.0,2
test/3-30/49.jpg,112.0,112.0,112.0,53.862232585005465,0.0,0
test/3-30/77.jpg,112.0,112.0,112.0,56.963648376731946,0.0,0
test/3-30/83.jpg,112.0,112.0,112.0,85.07417596432748,0.0,0
test/3-30/89.jpg,112.0,112.0,112.0,178.27216610312357,180.0,2
test/3-30/95.jpg,112.0,112.0,202.27181176868004,112.0,90.0,1
test/3-35/13.jpg,112.0,112.0,21.66174675144532,112.0,270.0,3
test/3-35/28.jpg,112.0,112.0,22.412054382299843,112.0,270.0,3
test/3-35/33.jpg,112.0,112.0,22.412054382299843,112.0,270.0,3
test/3-35/73.jpg,112.0,112.0,112.0,203.23595782365635,180.0,2
test/3-35/83.jpg,112.0,112.0,22.412054382299843,112.0,270.0,3
test/3-35/97.jpg,112.0,112.0,112.0,21.21453860887196,0.0,0
test/3-40/0.jpg,112.0,112.0,112.0,12.677293633328745,0.0,0
test/3-40/22.jpg,112.0,112.0,72.07507044464575,112.0,270.0,3
test/3-40/32.jpg,112.0,112.0,36.54802852144948,112.0,270.0,3
test/3-40/42.jpg,112.0,112.0,112.0,177.30696746902277,180.0,2
test/3-40/49.jpg,112.0,112.0,112.0,42.10722497997379,0.0,0
test/3-40/60.jpg,112.0,112.0,112.0,10.75771634341706,0.0,0
test/3-40/62.jpg,112.0,112.0,112.0,29.072320664328245,0.0,0
test/3-40/86.jpg,112.0,112.0,112.0,28.238433634512305,0.0,0
test/3-40/89.jpg,112.0,112.0,112.0,42.10722497997379,0.0,0
test/3-45/26.jpg,112.0,112.0,30.90129470823841,112.0,270.0,3
test/3-45/29.jpg,112.0,112.0,112.0,156.28317965096906,180.0,2
test/3-45/8.jpg,112.0,112.0,12.919224871824907,112.0,270.0,3
test/3-45/82.jpg,112.0,112.0,112.0,17.914932109287392,0.0,0
test/3-45/95.jpg,112.0,112.0,23.909137817819044,112.0,270.0,3
test/3-45/99.jpg,112.0,112.0,112.0,44.813691871036696,0.0,0
test/3-50/10.jpg,112.0,112.0,112.0,207.7078889120432,180.0,2
test/3-50/14.jpg,112.0,112.0,112.0,168.6038867923396,180.0,2
test/3-50/21.jpg,112.0,112.0,112.0,167.2268050859363,180.0,2
test/3-50/24.jpg,112.0,112.0,214.08329931972224,112.0,90.0,1
test/3-50/30.jpg,112.0,112.0,22.105617528123588,112.0,270.0,3
test/3-50/40.jpg,112.0,112.0,112.0,172.53924347066123,180.0,2
test/3-50/6.jpg,112.0,112.0,112.0,21.21453860887196,0.0,0
test/3-50/61.jpg,112.0,112.0,112.0,53.16973567966909,0.0,0
test/3-50/77.jpg,112.0,112.0,166.58937625582473,112.0,90.0,1
test/3-50/9.jpg,112.0,112.0,54.017243942703104,112.0,270.0,3
test/3-55/17.jpg,112.0,112.0,31.290644904075705,112.0,270.0,3
test/3-55/19.jpg,112.0,112.0,205.0215028904608,112.0,90.0,1
test/3-55/29.jpg,112.0,112.0,112.0,6.3117792750772,0.0,0
test/3-55/38.jpg,112.0,112.0,112.0,20.19041444380657,0.0,0
test/3-55/50.jpg,112.0,112.0,112.0,172.21627686929838,180.0,2
test/3-55/66.jpg,112.0,112.0,39.888974490720216,112.0,270.0,3
test/3-55/74.jpg,112.0,112.0,112.0,48.02344179310675,0.0,0
test/3-55/75.jpg,112.0,112.0,112.0,181.3541635375988,180.0,2
test/3-55/93.jpg,112.0,112.0,112.0,21.027476675646724,0.0,0
test/3-55/99.jpg,112.0,112.0,112.0,42.36523856578526,0.0,0
test/4-00/1.jpg,112.0,112.0,112.0,64.61856903807146,0.0,0
test/4-00/41.jpg,112.0,112.0,112.0,46.72366431852964,0.0,0
test/4-00/52.jpg,112.0,112.0,112.0,177.12296062065974,180.0,2
test/4-00/80.jpg,112.0,112.0,201.27485648266256,112.0,90.0,1
test/4-00/83.jpg,112.0,112.0,112.0,10.75771634341706,0.0,0
test/4-00/88.jpg,112.0,112.0,175.19810123729985,112.0,90.0,1
test/4-05/13.jpg,112.0,112.0,112.0,202.785461391128,180.0,2
test/4-05/15.jpg,112.0,112.0,112.0,23.0,0.0,0
test/4-05/20.jpg,112.0,112.0,112.0,12.677293633328745,0.0,0
test/4-05/24.jpg,112.0,112.0,112.0,14.056138528236488,0.0,0
test/4-05/27.jpg,112.0,112.0,112.0,20.19041444380657,0.0,0
test/4-05/42.jpg,112.0,112.0,112.0,205.9148550549912,180.0,2
test/4-05/67.jpg,112.0,112.0,112.0,20.32121292250862,0.0,0
test/4-05/84.jpg,112.0,112.0,112.0,36.84682308777626,0.0,0
test/4-10/16.jpg,112.0,112.0,112.0,29.90249699290483,0.0,0
test/4-10/73.jpg,112.0,112.0,112.0,197.146931829632,180.0,2
test/4-10/80.jpg,112.0,112.0,112.0,34.3340486442096,0.0,0
test/4-10/81.jpg,112.0,112.0,17.421989870795016,112.0,270.0,3
test/4-10/86.jpg,112.0,112.0,14.650115562472294,112.0,270.0,3
test/4-10/95.jpg,112.0,112.0,112.0,5.76911936729509,0.0,0
test/4-15/0.jpg,112.0,112.0,112.0,33.76957113756822,0.0,0
test/4-15/13.jpg,112.0,112.0,112.0,41.74332771899881,0.0,0
test/4-15/36.jpg,112.0,112.0,18.865688384999583,112.0,270.0,3
test/4-15/52.jpg,112.0,112.0,41.74332771899881,112.0,270.0,3
test/4-15/60.jpg,112.0,112.0,112.0,11.820161709054446,0.0,0
test/4-15/68.jpg,112.0,112.0,112.0,211.2471662063961,180.0,2
test/4-15/93.jpg,112.0,112.0,112.0,37.75715522691766,0.0,0
test/4-15/98.jpg,112.0,112.0,195.0963296421689,112.0,90.0,1
test/4-20/12.jpg,112.0,112.0,112.0,217.9905656178888,180.0,2
test/4-20/17.jpg,112.0,112.0,112.0,18.978497109539237,0.0,0
test/4-20/38.jpg,112.0,112.0,112.0,25.235952146064548,0.0,0
test/4-20/49.jpg,112.0,112.0,112.0,21.66174675144532,0.0,0
test/4-20/5.jpg,112.0,112.0,188.92203845452875,112.0,90.0,1
test/4-20/6.jpg,112.0,112.0,112.0,22.557280900008408,0.0,0
test/4-20/64.jpg,112.0,112.0,112.0,23.897786633932967,0.0,0
test/4-20/67.jpg,112.0,112.0,112.0,21.66174675144532,0.0,0
test/4-20/69.jpg,112.0,112.0,112.0,37.75042087661372,0.0,0
test/4-25/14.jpg,112.0,112.0,75.28488049862835,112.0,270.0,3
test/4-25/17.jpg,112.0,112.0,112.0,25.235952146064548,0.0,0
test/4-25/35.jpg,112.0,112.0,172.01666435249462,112.0,90.0,1
test/4-25/45.jpg,112.0,112.0,112.0,198.76404785393544,180.0,2
test/4-25/51.jpg,112.0,112.0,112.0,25.235952146064548,0.0,0
test/4-25/72.jpg,112.0,112.0,112.0,22.557280900008408,0.0,0
test/4-25/8.jpg,112.0,112.0,10.466754213213491,112.0,270.0,3
test/4-25/97.jpg,112.0,112.0,21.21453860887196,112.0,270.0,3
test/4-25/98.jpg,112.0,112.0,112.0,8.245482026082357,0.0,0
test/4-30/32.jpg,112.0,112.0,154.42640687119285,112.0,90.0,1
test/4-30/49.jpg,112.0,112.0,112.0,171.21148537234984,180.0,2
test/4-30/76.jpg,112.0,112.0,112.0,66.60176214873533,0.0,0
test/4-30/88.jpg,112.0,112.0,112.0,41.65087065215377,0.0,0
test/4-30/89.jpg,112.0,112.0,139.65863337187866,112.0,90.0,1
test/4-30/95.jpg,112.0,112.0,112.0,67.59279337765096,0.0,0
test/4-35/18.jpg,112.0,112.0,112.0,20.32121292250862,0.0,0
test/4-35/2.jpg,112.0,112.0,112.0,27.685114007074645,0.0,0
test/4-35/27.jpg,112.0,112.0,112.0,55.140524096682,0.0,0
test/4-35/29.jpg,112.0,112.0,112.0,9.374467114660009,0.0,0
test/4-35/40.jpg,112.0,112.0,112.0,38.65151671643101,0.0,0
test/4-35/44.jpg,112.0,112.0,112.0,21.21453860887196,0.0,0
test/4-35/60.jpg,112.0,112.0,112.0,14.051033696112952,0.0,0
test/4-35/95.jpg,112.0,112.0,112.0,7.343418744925557,0.0,0
test/4-40/20.jpg,112.0,112.0,112.0,23.79569171520022,0.0,0
test/4-40/24.jpg,112.0,112.0,112.0,30.458599472415244,0.0,0
test/4-40/34.jpg,112.0,112.0,112.0,16.585116464987493,0.0,0
test/4-40/62.jpg,112.0,112.0,112.0,193.27115109311544,180.0,2
test/4-40/64.jpg,112.0,112.0,112.0,5.76911936729509,0.0,0
test/4-40/88.jpg,112.0,112.0,112.0,17.628394100767792,0.0,0
test/4-45/28.jpg,112.0,112.0,112.0,67.59279337765096,0.0,0
test/4-45/30.jpg,112.0,112.0,112.0,19.9130845342293,0.0,0
test/4-45/32.jpg,112.0,112.0,178.27216610312357,112.0,90.0,1
test/4-45/34.jpg,112.0,112.0,112.0,203.1372591205156,180.0,2
test/4-45/40.jpg,112.0,112.0,112.0,75.50342481821068,0.0,0
test/4-45/5.jpg,112.0,112.0,139.45906043549195,112.0,90.0,1
test/4-45/72.jpg,112.0,112.0,22.72514351733743,112.0,270.0,3
test/4-45/95.jpg,112.0,112.0,112.0,22.910157705830457,0.0,0
test/4-45/99.jpg,112.0,112.0,65.47043950347263,112.0,270.0,3
test/4-50/0.jpg,112.0,112.0,112.0,16.868512047797765,0.0,0
test/4-50/45.jpg,112.0,112.0,112.0,18.255666837936275,0.0,0
test/4-50/46.jpg,112.0,112.0,21.21453860887196,112.0,270.0,3
test/4-50/48.jpg,112.0,112.0,112.0,40.152940213255775,0.0,0
test/4-50/62.jpg,112.0,112.0,112.0,18.085144945008835,0.0,0
test/4-50/69.jpg,112.0,112.0,112.0,42.64583646240119,0.0,0
test/4-50/76.jpg,112.0,112.0,202.33825324855468,112.0,90.0,1
test/4-50/86.jpg,112.0,112.0,112.0,204.5742944882649,180.0,2
test/4-50/9.jpg,112.0,112.0,112.0,28.513474141032788,0.0,0
test/4-55/44.jpg,112.0,112.0,112.0,205.1933474020544,180.0,2
test/4-55/49.jpg,112.0,112.0,112.0,11.0445642870083,0.0,0
test/4-55/63.jpg,112.0,112.0,24.63295815926924,112.0,270.0,3
test/4-55/75.jpg,112.0,112.0,112.0,198.53323061113576,180.0,2
test/4-55/85.jpg,112.0,112.0,112.0,21.66174675144532,0.0,0
test/4-55/89.jpg,112.0,112.0,112.0,176.0702739185654,180.0,2
test/4-55/90.jpg,112.0,112.0,112.0,20.19041444380657,0.0,0
test/4-55/91.jpg,112.0,112.0,171.4053869611166,112.0,90.0,1
test/5-00/15.jpg,112.0,112.0,112.0,45.81087702650835,0.0,0
test/5-00/24.jpg,112.0,112.0,112.0,34.8378331045583,0.0,0
test/5-00/45.jpg,112.0,112.0,112.0,26.85306817036799,0.0,0
test/5-00/50.jpg,112.0,112.0,112.0,55.67948863868511,0.0,0
test/5-00/62.jpg,112.0,112.0,190.1600921186765,112.0,90.0,1
test/5-00/85.jpg,112.0,112.0,112.0,54.78112199632013,0.0,0
test/5-00/98.jpg,112.0,112.0,112.0,47.80498461718386,0.0,0
test/5-00/99.jpg,112.0,112.0,43.81642426507686,112.0,270.0,3
test/5-05/2.jpg,112.0,112.0,22.557280900008408,112.0,270.0,3
test/5-05/34.jpg,112.0,112.0,22.557280900008408,112.0,270.0,3
test/5-05/60.jpg,112.0,112.0,214.8591269649903,112.0,90.0,1
test/5-05/80.jpg,112.0,112.0,112.0,23.43364069806188,0.0,0
test/5-05/89.jpg,112.0,112.0,5.995283123815668,112.0,270.0,3
test/5-10/31.jpg,112.0,112.0,24.07958143866693,112.0,270.0,3
test/5-10/38.jpg,112.0,112.0,112.0,203.26883367283708,180.0,2
test/5-10/78.jpg,112.0,112.0,112.0,21.86121811340027,0.0,0
test/5-15/5.jpg,112.0,112.0,112.0,188.16429609731847,180.0,2
test/5-15/61.jpg,112.0,112.0,112.0,210.08159868191385,180.0,2
test/5-15/84.jpg,112.0,112.0,112.0,190.1600921186765,180.0,2
test/5-15/9.jpg,112.0,112.0,112.0,36.76038277609328,0.0,0
test/5-15/90.jpg,112.0,112.0,112.0,35.835703902681544,0.0,0
test/5-15/91.jpg,112.0,112.0,112.0,22.72514351733743,0.0,0
test/5-15/98.jpg,112.0,112.0,112.0,18.8066525979456,0.0,0
test/5-20/35.jpg,112.0,112.0,37.05335230979307,112.0,270.0,3
test/5-20/38.jpg,112.0,112.0,201.8943824718764,112.0,90.0,1
test/5-20/45.jpg,112.0,112.0,112.0,21.66174675144532,0.0,0
test/5-20/5.jpg,112.0,112.0,112.0,36.84682308777626,0.0,0
test/5-20/87.jpg,112.0,112.0,112.0,31.04322140796361,0.0,0
test/5-20/95.jpg,112.0,112.0,112.0,11.376941012509462,0.0,0
test/5-20/97.jpg,112.0,112.0,13.613008990009249,112.0,270.0,3
test/5-25/21.jpg,112.0,112.0,209.63708311906908,112.0,90.0,1
test/5-25/24.jpg,112.0,112.0,207.4148835350125,112.0,90.0,1
test/5-25/74.jpg,112.0,112.0,112.0,203.5259526036195,180.0,2
test/5-25/80.jpg,112.0,112.0,189.6659513557904,112.0,90.0,1
test/5-25/96.jpg,112.0,112.0,44.57596867584971,112.0,270.0,3
test/5-30/10.jpg,112.0,112.0,112.0,67.59279337765096,0.0,0
test/5-30/14.jpg,112.0,112.0,112.0,157.27692569068708,180.0,2
test/5-30/27.jpg,112.0,112.0,112.0,66.4588098530572,0.0,0
test/5-30/54.jpg,112.0,112.0,112.0,66.4588098530572,0.0,0
test/5-30/62.jpg,112.0,112.0,112.0,30.698093503288614,0.0,0
test/5-30/64.jpg,112.0,112.0,112.0,23.7220299281865,0.0,0
test/5-30/99.jpg,112.0,112.0,145.734255586866,112.0,90.0,1
test/5-35/1.jpg,112.0,112.0,188.27581530209957,112.0,90.0,1
test/5-35/20.jpg,112.0,112.0,112.0,15.20123967735951,0.0,0
test/5-35/4.jpg,112.0,112.0,112.0,19.642000887849463,0.0,0
test/5-35/76.jpg,112.0,112.0,112.0,21.86121811340027,0.0,0
test/5-35/98.jpg,112.0,112.0,112.0,40.152940213255775,0.0,0
test/5-40/12.jpg,112.0,112.0,112.0,6.453801584329909,0.0,0
test/5-40/35.jpg,112.0,112.0,58.399626866970415,112.0,270.0,3
test/5-40/38.jpg,112.0,112.0,112.0,20.32121292250862,0.0,0
test/5-40/47.jpg,112.0,112.0,112.0,8.535030082641015,0.0,0
test/5-40/60.jpg,112.0,112.0,112.0,9.91670068027777,0.0,0
test/5-40/62.jpg,112.0,112.0,112.0,27.685114007074645,0.0,0
test/5-40/64.jpg,112.0,112.0,202.785461391128,112.0,90.0,1
test/5-40/90.jpg,112.0,112.0,112.0,22.955067522065026,0.0,0
test/5-40/91.jpg,112.0,112.0,112.0,57.37399886500935,0.0,0
test/5-50/18.jpg,112.0,112.0,112.0,13.613008990009249,0.0,0
test/5-50/29.jpg,112.0,112.0,112.0,203.23595782365635,180.0,2
test/5-50/5.jpg,112.0,112.0,112.0,33.50796218723838,0.0,0
test/5-50/56.jpg,112.0,112.0,112.0,11.376941012509462,0.0,0
test/5-50/59.jpg,112.0,112.0,112.0,79.35034456537099,0.0,0
test/5-50/7.jpg,112.0,112.0,112.0,20.474047396380517,0.0,0
test/5-50/76.jpg,112.0,112.0,112.0,19.869657549751835,0.0,0
test/5-50/86.jpg,112.0,112.0,112.0,17.189663010829875,0.0,0
test/5-50/9.jpg,112.0,112.0,112.0,41.54434018476586,0.0,0
test/5-55/16.jpg,112.0,112.0,30.458599472415244,112.0,270.0,3
test/5-55/18.jpg,112.0,112.0,21.5732340509736,112.0,270.0,3
test/5-55/28.jpg,112.0,112.0,112.0,33.50796218723838,0.0,0
test/5-55/35.jpg,112.0,112.0,112.0,19.409503727434316,0.0,0
test/5-55/60.jpg,112.0,112.0,112.0,32.94305849579051,0.0,0
test/5-55/9.jpg,112.0,112.0,164.80151512977633,112.0,90.0,1
test/5-55/92.jpg,112.0,112.0,112.0,17.63369245329136,0.0,0
test/6-00/19.jpg,112.0,112.0,5.76911936729509,112.0,270.0,3
test/6-00/24.jpg,112.0,112.0,112.0,34.8378331045583,0.0,0
test/6-00/56.jpg,112.0,112.0,112.0,32.8419302913468,0.0,0
test/6-00/57.jpg,112.0,112.0,59.53096151062038,112.0,270.0,3
test/6-00/6.jpg,112.0,112.0,174.20128616033594,112.0,90.0,1
test/6-00/62.jpg,112.0,112.0,112.0,192.3056660516554,180.0,2
test/6-00/75.jpg,112.0,112.0,112.0,41.821655761909,0.0,0
test/6-00/89.jpg,112.0,112.0,112.0,52.78851462765015,0.0,0
test/6-05/18.jpg,112.0,112.0,112.0,19.42570551173506,0.0,0
test/6-05/19.jpg,112.0,112.0,112.0,20.731166327162924,0.0,0
test/6-05/36.jpg,112.0,112.0,112.0,217.1189802081432,180.0,2
test/6-05/37.jpg,112.0,112.0,112.0,15.39254687137229,0.0,0
test/6-05/42.jpg,112.0,112.0,112.0,205.0215028904608,180.0,2
test/6-05/6.jpg,112.0,112.0,21.21453860887196,112.0,270.0,3
test/6-05/84.jpg,112.0,112.0,112.0,202.785461391128,180.0,2
test/6-10/10.jpg,112.0,112.0,19.42570551173506,112.0,270.0,3
test/6-10/19.jpg,112.0,112.0,17.968090522418933,112.0,270.0,3
test/6-10/27.jpg,112.0,112.0,112.0,205.74433316206373,180.0,2
test/6-10/48.jpg,112.0,112.0,112.0,22.127868613234725,0.0,0
test/6-10/71.jpg,112.0,112.0,112.0,22.557280900008408,0.0,0
test/6-10/75.jpg,112.0,112.0,112.0,202.4267659490264,180.0,2
test/6-10/76.jpg,112.0,112.0,112.0,22.105617528123588,0.0,0
test/6-10/92.jpg,112.0,112.0,15.397722594133429,112.0,270.0,3
test/6-15/13.jpg,112.0,112.0,180.1175454637056,112.0,90.0,1
test/6-15/20.jpg,112.0,112.0,112.0,15.812682748711609,0.0,0
test/6-15/24.jpg,112.0,112.0,112.0,191.1012010022604,180.0,2
test/6-15/44.jpg,112.0,112.0,112.0,7.827066855156659,0.0,0
test/6-15/59.jpg,112.0,112.0,112.0,142.2654919008431,180.0,2
test/6-15/88.jpg,112.0,112.0,112.0,17.80870528546707,0.0,0
test/6-15/98.jpg,112.0,112.0,195.0963296421689,112.0,90.0,1
test/6-20/13.jpg,112.0,112.0,180.87670143089025,112.0,90.0,1
test/6-20/16.jpg,112.0,112.0,112.0,18.52807908253945,0.0,0
test/6-20/18.jpg,112.0,112.0,202.785461391128,112.0,90.0,1
test/6-20/2.jpg,112.0,112.0,213.07423014794625,112.0,90.0,1
test/6-20/38.jpg,112.0,112.0,112.0,23.79569171520022,0.0,0
test/6-20/43.jpg,112.0,112.0,215.46496991735896,112.0,90.0,1
test/6-20/47.jpg,112.0,112.0,112.0,9.91670068027777,0.0,0
test/6-20/62.jpg,112.0,112.0,112.0,204.5742944882649,180.0,2
test/6-25/32.jpg,112.0,112.0,112.0,179.4240313241503,180.0,2
test/6-25/33.jpg,112.0,112.0,112.0,185.2393336944022,180.0,2
test/6-25/47.jpg,112.0,112.0,112.0,11.297467757756962,0.0,0
test/6-25/57.jpg,112.0,112.0,112.0,7.439013011544304,0.0,0
test/6-25/64.jpg,112.0,112.0,18.8066525979456,112.0,270.0,3
test/6-25/7.jpg,112.0,112.0,112.0,199.9204185613331,180.0,2
test/6-25/71.jpg,112.0,112.0,112.0,188.27581530209957,180.0,2
test/6-25/80.jpg,112.0,112.0,112.0,36.54802852144948,0.0,0
test/6-25/88.jpg,112.0,112.0,26.554110689864075,112.0,270.0,3
test/6-30/32.jpg,112.0,112.0,33.68652734043778,112.0,270.0,3
test/6-30/33.jpg,112.0,112.0,112.0,33.83990788132347,0.0,0
test/6-30/40.jpg,112.0,112.0,112.0,30.90129470823841,0.0,0
test/6-30/46.jpg,112.0,112.0,112.0,86.50490243203608,0.0,0
test/6-30/60.jpg,112.0,112.0,36.76038277609328,112.0,270.0,3
test/6-30/76.jpg,112.0,112.0,112.0,156.55333881989094,180.0,2
test/6-30/83.jpg,112.0,112.0,146.52535300326414,112.0,90.0,1
test/6-30/88.jpg,112.0,112.0,112.0,75.6544363092275,0.0,0
test/6-30/89.jpg,112.0,112.0,112.0,65.7290587949629,0.0,0
test/6-35/2.jpg,112.0,112.0,112.0,197.146931829632,180.0,2
test/6-35/37.jpg,112.0,112.0,112.0,180.5054742338158,180.0,2
test/6-35/45.jpg,112.0,112.0,112.0,17.421989870795016,0.0,0
test/6-35/63.jpg,112.0,112.0,112.0,20.474047396380517,0.0,0
test/6-35/77.jpg,112.0,112.0,112.0,22.955067522065026,0.0,0
test/6-35/87.jpg,112.0,112.0,112.0,22.691545752935568,0.0,0
test/6-35/92.jpg,112.0,112.0,205.1933474020544,112.0,90.0,1
test/6-35/95.jpg,112.0,112.0,15.20123967735951,112.0,270.0,3
test/6-40/42.jpg,112.0,112.0,112.0,177.30696746902277,180.0,2
test/6-40/49.jpg,112.0,112.0,112.0,39.08223810346344,0.0,0
test/6-40/53.jpg,112.0,112.0,112.0,15.39254687137229,0.0,0
test/6-40/67.jpg,112.0,112.0,112.0,203.2414379544733,180.0,2
test/6-40/74.jpg,112.0,112.0,112.0,178.2117814289874,180.0,2
test/6-40/95.jpg,112.0,112.0,112.0,21.19801764278492,0.0,0
test/6-45/30.jpg,112.0,112.0,112.0,65.6103459810272,0.0,0
test/6-45/34.jpg,112.0,112.0,67.59279337765096,112.0,270.0,3
test/6-45/38.jpg,112.0,112.0,112.0,155.18564576337835,180.0,2
test/6-45/48.jpg,112.0,112.0,112.0,155.28972164382674,180.0,2
test/6-45/5.jpg,112.0,112.0,112.0,44.52407836865065,0.0,0
test/6-45/53.jpg,112.0,112.0,63.49226865746039,112.0,270.0,3
test/6-45/76.jpg,112.0,112.0,19.9130845342293,112.0,270.0,3
test/6-45/84.jpg,112.0,112.0,112.0,32.59596987557873,0.0,0
test/6-45/87.jpg,112.0,112.0,155.18564576337835,112.0,90.0,1
test/6-50/17.jpg,112.0,112.0,112.0,31.290644904075705,0.0,0
test/6-50/33.jpg,112.0,112.0,112.0,16.036465258932864,0.0,0
test/6-50/47.jpg,112.0,112.0,13.161748295510606,112.0,270.0,3
test/6-50/48.jpg,112.0,112.0,112.0,40.152940213255775,0.0,0
test/6-55/10.jpg,112.0,112.0,21.5732340509736,112.0,270.0,3
test/6-55/49.jpg,112.0,112.0,211.28242543370908,112.0,90.0,1
test/6-55/60.jpg,112.0,112.0,180.87670143089025,112.0,90.0,1
test/6-55/69.jpg,112.0,112.0,112.0,40.152940213255775,0.0,0
test/6-55/72.jpg,112.0,112.0,112.0,7.798272567101847,0.0,0
test/6-55/82.jpg,112.0,112.0,112.0,22.557280900008408,0.0,0
test/6-55/94.jpg,112.0,112.0,200.54942122905152,112.0,90.0,1
test/7-00/0.jpg,112.0,112.0,112.0,190.10249675906653,180.0,2
test/7-00/21.jpg,112.0,112.0,37.831273436845365,112.0,270.0,3
test/7-00/26.jpg,112.0,112.0,112.0,209.082439194738,180.0,2
test/7-00/8.jpg,112.0,112.0,216.12012293500237,112.0,90.0,1
test/7-00/80.jpg,112.0,112.0,201.27485648266256,112.0,90.0,1
test/7-00/83.jpg,112.0,112.0,112.0,10.75771634341706,0.0,0
test/7-00/98.jpg,112.0,112.0,175.19810123729985,112.0,90.0,1
test/7-05/36.jpg,112.0,112.0,112.0,25.17834371540704,0.0,0
test/7-05/37.jpg,112.0,112.0,43.75778432670873,112.0,270.0,3
test/7-05/38.jpg,112.0,112.0,112.0,170.591808301161,180.0,2
test/7-05/41.jpg,112.0,112.0,112.0,22.412054382299843,0.0,0
test/7-05/60.jpg,112.0,112.0,112.0,7.798272567101847,0.0,0
test/7-05/61.jpg,112.0,112.0,112.0,202.785461391128,180.0,2
test/7-05/68.jpg,112.0,112.0,112.0,207.25754563287887,180.0,2
test/7-05/74.jpg,112.0,112.0,20.32121292250862,112.0,270.0,3
test/7-05/76.jpg,112.0,112.0,112.0,22.11117978302308,0.0,0
test/7-10/24.jpg,112.0,112.0,34.179694166625126,112.0,270.0,3
test/7-10/30.jpg,112.0,112.0,112.0,200.20430828479977,180.0,2
test/7-10/32.jpg,112.0,112.0,112.0,187.71657678474375,180.0,2
test/7-10/37.jpg,112.0,112.0,112.0,12.430928496846974,0.0,0
test/7-10/52.jpg,112.0,112.0,214.08329931972224,112.0,90.0,1
test/7-10/61.jpg,112.0,112.0,13.613008990009249,112.0,270.0,3
test/7-10/74.jpg,112.0,112.0,112.0,20.474047396380517,0.0,0
test/7-10/85.jpg,112.0,112.0,23.0,112.0,270.0,3
test/7-10/86.jpg,112.0,112.0,112.0,14.650115562472294,0.0,0
test/7-15/12.jpg,112.0,112.0,112.0,43.81642426507686,0.0,0
test/7-15/20.jpg,112.0,112.0,112.0,15.812682748711609,0.0,0
test/7-15/22.jpg,112.0,112.0,112.0,26.911810455269404,0.0,0
test/7-15/25.jpg,112.0,112.0,195.05419917138448,112.0,90.0,1
test/7-15/30.jpg,112.0,112.0,19.864230615900325,112.0,270.0,3
test/7-15/38.jpg,112.0,112.0,20.86274087948442,112.0,270.0,3
test/7-15/55.jpg,112.0,112.0,112.0,6.980954108314236,0.0,0
test/7-15/88.jpg,112.0,112.0,112.0,17.80870528546707,0.0,0
test/7-20/21.jpg,112.0,112.0,112.0,19.42570551173506,0.0,0
test/7-20/25.jpg,112.0,112.0,112.0,22.557280900008408,0.0,0
test/7-20/41.jpg,112.0,112.0,112.0,17.421989870795016,0.0,0
test/7-20/70.jpg,112.0,112.0,112.0,26.85306817036799,0.0,0
test/7-20/71.jpg,112.0,112.0,112.0,21.5732340509736,0.0,0
test/7-20/74.jpg,112.0,112.0,20.76404217634365,112.0,270.0,3
test/7-20/78.jpg,112.0,112.0,112.0,21.66174675144532,0.0,0
test/7-20/81.jpg,112.0,112.0,112.0,31.04322140796361,0.0,0
test/7-20/86.jpg,112.0,112.0,20.32121292250862,112.0,270.0,3
test/7-25/13.jpg,112.0,112.0,112.0,23.0,0.0,0
test/7-25/34.jpg,112.0,112.0,9.374467114660009,112.0,270.0,3
test/7-25/44.jpg,112.0,112.0,112.0,9.91670068027777,0.0,0
test/7-25/5.jpg,112.0,112.0,217.6882207249228,112.0,90.0,1
test/7-25/66.jpg,112.0,112.0,112.0,183.84705978674424,180.0,2
test/7-25/69.jpg,112.0,112.0,112.0,192.0562302385017,180.0,2
test/7-25/86.jpg,112.0,112.0,194.92767933567177,112.0,90.0,1
test/7-30/13.jpg,112.0,112.0,67.44666118010907,112.0,270.0,3
test/7-30/23.jpg,112.0,112.0,112.0,56.85473728415105,0.0,0
test/7-30/32.jpg,112.0,112.0,181.18092222571192,112.0,90.0,1
test/7-30/5.jpg,112.0,112.0,112.0,146.92849839314596,180.0,2
test/7-30/7.jpg,112.0,112.0,112.0,157.5411901469428,180.0,2
test/7-30/88.jpg,112.0,112.0,159.2652091923859,112.0,90.0,1
test/7-30/97.jpg,112.0,112.0,112.0,64.7347908076141,0.0,0
test/7-30/99.jpg,112.0,112.0,112.0,43.81642426507686,0.0,0
test/7-35/13.jpg,112.0,112.0,112.0,22.557280900008408,0.0,0
test/7-35/28.jpg,112.0,112.0,21.66174675144532,112.0,270.0,3
test/7-35/32.jpg,112.0,112.0,112.0,46.69303253097722,0.0,0
test/7-35/45.jpg,112.0,112.0,23.897786633932967,112.0,270.0,3
test/7-35/46.jpg,112.0,112.0,112.0,21.21453860887196,0.0,0
test/7-35/51.jpg,112.0,112.0,112.0,201.0,180.0,2
test/7-35/61.jpg,112.0,112.0,205.9148550549912,112.0,90.0,1
test/7-35/94.jpg,112.0,112.0,203.2414379544733,112.0,90.0,1
test/7-40/27.jpg,112.0,112.0,64.46054270398115,112.0,270.0,3
test/7-40/30.jpg,112.0,112.0,112.0,22.10005561736982,0.0,0
test/7-40/47.jpg,112.0,112.0,112.0,199.2066511224918,180.0,2
test/7-40/62.jpg,112.0,112.0,112.0,39.08223810346344,0.0,0
test/7-40/69.jpg,112.0,112.0,112.0,179.54257916307313,180.0,2
test/7-40/78.jpg,112.0,112.0,112.0,20.32121292250862,0.0,0
test/7-40/92.jpg,112.0,112.0,6.453801584329909,112.0,270.0,3
test/7-40/94.jpg,112.0,112.0,112.0,21.21453860887196,0.0,0
test/7-45/21.jpg,112.0,112.0,157.27692569068708,112.0,90.0,1
test/7-45/28.jpg,112.0,112.0,112.0,67.59279337765096,0.0,0
test/7-45/29.jpg,112.0,112.0,112.0,64.4815825179331,0.0,0
test/7-45/35.jpg,112.0,112.0,112.0,16.810714888701895,0.0,0
test/7-45/49.jpg,112.0,112.0,112.0,21.72818823131996,0.0,0
test/7-45/57.jpg,112.0,112.0,76.4894381908706,112.0,270.0,3
test/7-45/68.jpg,112.0,112.0,112.0,31.694333948344592,0.0,0
test/7-45/92.jpg,112.0,112.0,112.0,66.60176214873533,0.0,0
test/7-50/0.jpg,112.0,112.0,112.0,201.0,180.0,2
test/7-50/22.jpg,112.0,112.0,36.1976253670111,112.0,270.0,3
test/7-50/32.jpg,112.0,112.0,112.0,49.57404385994557,0.0,0
test/7-50/34.jpg,112.0,112.0,10.925769852053776,112.0,270.0,3
test/7-50/37.jpg,112.0,112.0,112.0,209.3498844375277,180.0,2
test/7-50/49.jpg,112.0,112.0,112.0,21.86121811340027,0.0,0
test/7-50/53.jpg,112.0,112.0,31.04322140796361,112.0,270.0,3
test/7-50/9.jpg,112.0,112.0,28.76539181326075,112.0,270.0,3
test/7-50/96.jpg,112.0,112.0,112.0,21.30270125301415,0.0,0
test/7-55/10.jpg,112.0,112.0,112.0,35.51470729610823,0.0,0
test/7-55/19.jpg,112.0,112.0,112.0,17.63369245329136,0.0,0
test/7-55/30.jpg,112.0,112.0,112.0,201.58794561770011,180.0,2
test/7-55/37.jpg,112.0,112.0,185.348483283569,112.0,90.0,1
test/7-55/67.jpg,112.0,112.0,112.0,6.453801584329909,0.0,0
test/7-55/84.jpg,112.0,112.0,112.0,35.15600218624749,0.0,0
test/7-55/86.jpg,112.0,112.0,112.0,17.189663010829875,0.0,0
test/7-55/98.jpg,112.0,112.0,183.1125867902441,112.0,90.0,1
test/8-00/22.jpg,112.0,112.0,201.20201791439476,112.0,90.0,1
test/8-00/27.jpg,112.0,112.0,112.0,65.6103459810272,0.0,0
test/8-00/40.jpg,112.0,112.0,112.0,55.77722881251761,0.0,0
test/8-00/47.jpg,112.0,112.0,112.0,18.8066525979456,0.0,0
test/8-00/61.jpg,112.0,112.0,112.0,34.8378331045583,0.0,0
test/8-00/69.jpg,112.0,112.0,44.88070322180066,112.0,270.0,3
test/8-00/71.jpg,112.0,112.0,29.847702405836515,112.0,270.0,3
test/8-00/96.jpg,112.0,112.0,112.0,46.72366431852964,0.0,0
test/8-00/98.jpg,112.0,112.0,112.0,47.80498461718386,0.0,0
test/8-05/10.jpg,112.0,112.0,112.0,21.5732340509736,0.0,0
test/8-05/13.jpg,112.0,112.0,112.0,202.785461391128,180.0,2
test/8-05/20.jpg,112.0,112.0,112.0,29.62281869352411,0.0,0
test/8-05/31.jpg,112.0,112.0,112.0,196.970583144992,180.0,2
test/8-05/58.jpg,112.0,112.0,13.613008990009249,112.0,270.0,3
test/8-05/64.jpg,112.0,112.0,201.58794561770011,112.0,90.0,1
test/8-05/66.jpg,112.0,112.0,25.235952146064548,112.0,270.0,3
test/8-05/72.jpg,112.0,112.0,11.595816820214113,112.0,270.0,3
test/8-05/80.jpg,112.0,112.0,112.0,201.4427190999916,180.0,2
test/8-10/20.jpg,112.0,112.0,112.0,168.93856338194703,180.0,2
test/8-10/34.jpg,112.0,112.0,52.3175067544929,112.0,270.0,3
test/8-10/4.jpg,112.0,112.0,167.2268050859363,112.0,90.0,1
test/8-10/64.jpg,112.0,112.0,112.0,168.93856338194703,180.0,2
test/8-10/72.jpg,112.0,112.0,112.0,216.20172743289817,180.0,2
test/8-10/8.jpg,112.0,112.0,112.0,211.02019995940225,180.0,2
test/8-10/84.jpg,112.0,112.0,112.0,54.85982149135339,0.0,0
test/8-10/9.jpg,112.0,112.0,112.0,168.0802995712398,180.0,2
test/8-10/97.jpg,112.0,112.0,112.0,168.0802995712398,180.0,2
test/8-15/2.jpg,112.0,112.0,112.0,29.847702405836515,0.0,0
test/8-15/51.jpg,112.0,112.0,112.0,20.86274087948442,0.0,0
test/8-15/7.jpg,112.0,112.0,112.0,204.0869154657707,180.0,2
test/8-15/73.jpg,112.0,112.0,173.1310068623117,112.0,90.0,1
test/8-15/80.jpg,112.0,112.0,112.0,188.16429609731847,180.0,2
test/8-15/87.jpg,112.0,112.0,190.10249675906653,112.0,90.0,1
test/8-15/92.jpg,112.0,112.0,112.0,14.871219507295365,0.0,0
test/8-15/97.jpg,112.0,112.0,212.07996802557443,112.0,90.0,1
test/8-20/10.jpg,112.0,112.0,205.0215028904608,112.0,90.0,1
test/8-20/18.jpg,112.0,112.0,202.785461391128,112.0,90.0,1
test/8-20/22.jpg,112.0,112.0,112.0,27.940497265329967,0.0,0
test/8-20/25.jpg,112.0,112.0,202.35485598461213,112.0,90.0,1
test/8-20/38.jpg,112.0,112.0,112.0,21.5732340509736,0.0,0
test/8-20/49.jpg,112.0,112.0,10.75771634341706,112.0,270.0,3
test/8-20/50.jpg,112.0,112.0,112.0,50.967221921331486,0.0,0
test/8-20/72.jpg,112.0,112.0,112.0,22.412054382299843,0.0,0
test/8-20/82.jpg,112.0,112.0,205.0215028904608,112.0,90.0,1
test/8-25/20.jpg,112.0,112.0,112.0,28.238433634512305,0.0,0
test/8-25/3.jpg,112.0,112.0,112.0,21.19801764278492,0.0,0
test/8-25/32.jpg,112.0,112.0,112.0,36.84682308777626,0.0,0
test/8-25/75.jpg,112.0,112.0,112.0,204.5742944882649,180.0,2
test/8-25/78.jpg,112.0,112.0,112.0,22.412054382299843,0.0,0
test/8-25/8.jpg,112.0,112.0,11.815170809148952,112.0,270.0,3
test/8-25/83.jpg,112.0,112.0,112.0,204.3579991121505,180.0,2
test/8-25/84.jpg,112.0,112.0,112.0,22.10005561736982,0.0,0
test/8-25/9.jpg,112.0,112.0,112.0,21.5732340509736,0.0,0
test/8-25/99.jpg,112.0,112.0,112.0,18.255666837936275,0.0,0
test/8-30/13.jpg,112.0,112.0,112.0,65.7290587949629,0.0,0
test/8-30/4.jpg,112.0,112.0,11.820161709054446,112.0,270.0,3
test/8-30/42.jpg,112.0,112.0,112.0,43.6406553571496,0.0,0
test/8-30/72.jpg,112.0,112.0,20.86274087948442,112.0,270.0,3
test/8-35/53.jpg,112.0,112.0,112.0,44.45742083692687,0.0,0
test/8-35/62.jpg,112.0,112.0,20.32121292250862,112.0,270.0,3
test/8-35/73.jpg,112.0,112.0,112.0,21.21453860887196,0.0,0
test/8-35/8.jpg,112.0,112.0,112.0,21.21453860887196,0.0,0
test/8-35/88.jpg,112.0,112.0,112.0,29.26548483250778,0.0,0
test/8-40/13.jpg,112.0,112.0,112.0,179.4240313241503,180.0,2
test/8-40/15.jpg,112.0,112.0,112.0,204.3579991121505,180.0,2
test/8-40/16.jpg,112.0,112.0,112.0,194.0975030070952,180.0,2
test/8-40/20.jpg,112.0,112.0,112.0,10.75771634341706,0.0,0
test/8-40/31.jpg,112.0,112.0,186.88658090739625,112.0,90.0,1
test/8-40/33.jpg,112.0,112.0,112.0,14.902111248493156,0.0,0
test/8-40/56.jpg,112.0,112.0,112.0,216.00961494015831,180.0,2
test/8-40/71.jpg,112.0,112.0,112.0,22.955067522065026,0.0,0
test/8-40/74.jpg,112.0,112.0,112.0,43.75778432670873,0.0,0
test/8-45/1.jpg,112.0,112.0,157.27692569068708,112.0,90.0,1
test/8-45/17.jpg,112.0,112.0,112.0,66.60176214873533,0.0,0
test/8-45/34.jpg,112.0,112.0,112.0,76.4894381908706,0.0,0
test/8-45/44.jpg,112.0,112.0,112.0,74.34365923247454,0.0,0
test/8-45/47.jpg,112.0,112.0,216.1729331448433,112.0,90.0,1
test/8-45/52.jpg,112.0,112.0,112.0,67.59279337765096,0.0,0
test/8-45/63.jpg,112.0,112.0,18.656548167533472,112.0,270.0,3
test/8-45/92.jpg,112.0,112.0,112.0,203.1372591205156,180.0,2
test/8-50/1.jpg,112.0,112.0,112.0,185.2393336944022,180.0,2
test/8-50/15.jpg,112.0,112.0,112.0,194.66196223173023,180.0,2
test/8-50/2.jpg,112.0,112.0,199.3670418407308,112.0,90.0,1
test/8-50/41.jpg,112.0,112.0,19.642000887849463,112.0,270.0,3
test/8-50/61.jpg,112.0,112.0,19.642000887849463,112.0,270.0,3
test/8-50/62.jpg,112.0,112.0,112.0,181.06518659932803,180.0,2
test/8-50/84.jpg,112.0,112.0,112.0,21.30270125301415,0.0,0
test/8-50/87.jpg,112.0,112.0,112.0,7.9903850598416994,0.0,0
test/8-50/90.jpg,112.0,112.0,112.0,37.66965626340748,0.0,0
test/8-55/2.jpg,112.0,112.0,112.0,26.13382505316777,0.0,0
test/8-55/26.jpg,112.0,112.0,208.60227740586657,112.0,90.0,1
test/8-55/27.jpg,112.0,112.0,112.0,21.19801764278492,0.0,0
test/8-55/73.jpg,112.0,112.0,112.0,20.32121292250862,0.0,0
test/8-55/95.jpg,112.0,112.0,112.0,21.66174675144532,0.0,0
test/9-00/31.jpg,112.0,112.0,112.0,46.80797594797352,0.0,0
test/9-00/42.jpg,112.0,112.0,206.19129471453292,112.0,90.0,1
test/9-00/7.jpg,112.0,112.0,112.0,49.79871383966405,0.0,0
test/9-00/89.jpg,112.0,112.0,112.0,52.78851462765015,0.0,0
test/9-00/92.jpg,112.0,112.0,112.0,16.868512047797765,0.0,0
test/9-00/99.jpg,112.0,112.0,179.26812023536854,112.0,90.0,1
test/9-05/24.jpg,112.0,112.0,18.8066525979456,112.0,270.0,3
test/9-05/45.jpg,112.0,112.0,12.430928496846974,112.0,270.0,3
test/9-05/46.jpg,112.0,112.0,112.0,202.785461391128,180.0,2
test/9-05/58.jpg,112.0,112.0,112.0,22.11117978302308,0.0,0
test/9-05/72.jpg,112.0,112.0,216.3072384832424,112.0,90.0,1
test/9-05/8.jpg,112.0,112.0,112.0,21.027476675646724,0.0,0
test/9-05/9.jpg,112.0,112.0,112.0,42.10722497997379,0.0,0
test/9-05/93.jpg,112.0,112.0,112.0,21.027476675646724,0.0,0
test/9-10/19.jpg,112.0,112.0,112.0,22.105617528123588,0.0,0
test/9-10/22.jpg,112.0,112.0,112.0,8.231025831417227,0.0,0
test/9-10/4.jpg,112.0,112.0,210.47842403288143,112.0,90.0,1
test/9-10/51.jpg,112.0,112.0,21.86121811340027,112.0,270.0,3
test/9-10/67.jpg,112.0,112.0,112.0,217.152270541344,180.0,2
test/9-10/78.jpg,112.0,112.0,21.21453860887196,112.0,270.0,3
test/9-10/8.jpg,112.0,112.0,112.0,17.63369245329136,0.0,0
test/9-10/80.jpg,112.0,112.0,207.13148795220224,112.0,90.0,1
test/9-10/89.jpg,112.0,112.0,112.0,44.45742083692687,0.0,0
test/9-15/28.jpg,112.0,112.0,112.0,58.99056687720572,0.0,0
test/9-15/40.jpg,112.0,112.0,58.99056687720572,112.0,270.0,3
test/9-15/72.jpg,112.0,112.0,112.0,20.86274087948442,0.0,0
test/9-15/78.jpg,112.0,112.0,203.08786966440704,112.0,90.0,1
test/9-15/93.jpg,112.0,112.0,170.03447251418763,112.0,90.0,1
test/9-20/12.jpg,112.0,112.0,6.453801584329909,112.0,270.0,3
test/9-20/32.jpg,112.0,112.0,112.0,205.74433316206373,180.0,2
test/9-20/5.jpg,112.0,112.0,36.28342321525622,112.0,270.0,3
test/9-20/60.jpg,112.0,112.0,112.0,214.08329931972224,180.0,2
test/9-20/61.jpg,112.0,112.0,212.18482919085105,112.0,90.0,1
test/9-20/88.jpg,112.0,112.0,30.458599472415244,112.0,270.0,3
test/9-20/89.jpg,112.0,112.0,201.8943824718764,112.0,90.0,1
test/9-20/96.jpg,112.0,112.0,112.0,38.175884698833,0.0,0
test/9-25/16.jpg,112.0,112.0,112.0,15.745129993334883,0.0,0
test/9-25/21.jpg,112.0,112.0,112.0,6.453801584329909,0.0,0
test/9-25/28.jpg,112.0,112.0,21.21453860887196,112.0,270.0,3
test/9-25/4.jpg,112.0,112.0,12.97980004059778,112.0,270.0,3
test/9-25/47.jpg,112.0,112.0,9.374467114660009,112.0,270.0,3
test/9-25/56.jpg,112.0,112.0,112.0,212.4041831797859,180.0,2
test/9-25/98.jpg,112.0,112.0,112.0,8.245482026082357,0.0,0
test/9-30/0.jpg,112.0,112.0,112.0,68.58341330781518,0.0,0
test/9-30/18.jpg,112.0,112.0,112.0,54.78112199632013,0.0,0
test/9-30/33.jpg,112.0,112.0,112.0,190.23042886243175,180.0,2
test/9-30/37.jpg,112.0,112.0,112.0,67.71682034903094,0.0,0
test/9-30/55.jpg,112.0,112.0,23.909137817819044,112.0,270.0,3
test/9-30/75.jpg,112.0,112.0,37.75715522691766,112.0,270.0,3
test/9-30/78.jpg,112.0,112.0,204.0869154657707,112.0,90.0,1
test/9-35/14.jpg,112.0,112.0,112.0,203.23595782365635,180.0,2
test/9-35/44.jpg,112.0,112.0,112.0,207.4148835350125,180.0,2
test/9-35/45.jpg,112.0,112.0,17.126399878575285,112.0,270.0,3
test/9-35/49.jpg,112.0,112.0,112.0,40.88741320975589,0.0,0
test/9-35/55.jpg,112.0,112.0,112.0,22.529334416245675,0.0,0
test/9-35/61.jpg,112.0,112.0,20.19041444380657,112.0,270.0,3
test/9-35/69.jpg,112.0,112.0,112.0,40.88741320975589,0.0,0
test/9-35/78.jpg,112.0,112.0,203.6787870774914,112.0,90.0,1
test/9-40/31.jpg,112.0,112.0,34.89617389519506,112.0,270.0,3
test/9-40/43.jpg,112.0,112.0,112.0,29.62281869352411,0.0,0
test/9-40/45.jpg,112.0,112.0,112.0,12.97980004059778,0.0,0
test/9-40/67.jpg,112.0,112.0,7.692761516757613,112.0,270.0,3
test/9-40/72.jpg,112.0,112.0,112.0,8.535030082641015,0.0,0
test/9-45/11.jpg,112.0,112.0,112.0,204.1954445729289,180.0,2
test/9-45/38.jpg,112.0,112.0,112.0,66.72307430931292,0.0,0
test/9-45/50.jpg,112.0,112.0,112.0,67.59279337765096,0.0,0
test/9-45/70.jpg,112.0,112.0,199.14355971613736,112.0,90.0,1
test/9-45/74.jpg,112.0,112.0,112.0,178.37017402418047,180.0,2
test/9-45/76.jpg,112.0,112.0,155.56604182158392,112.0,90.0,1
test/9-45/85.jpg,112.0,112.0,66.72307430931292,112.0,270.0,3
test/9-50/16.jpg,112.0,112.0,112.0,34.89617389519506,0.0,0
test/9-50/2.jpg,112.0,112.0,10.75771634341706,112.0,270.0,3
test/9-50/40.jpg,112.0,112.0,112.0,21.86121811340027,0.0,0
test/9-50/60.jpg,112.0,112.0,112.0,8.8253907203909,0.0,0
test/9-50/73.jpg,112.0,112.0,112.0,21.86121811340027,0.0,0
test/9-50/84.jpg,112.0,112.0,112.0,20.474047396380517,0.0,0
test/9-50/9.jpg,112.0,112.0,44.57596867584971,112.0,270.0,3
test/9-55/15.jpg,112.0,112.0,112.0,191.6241169495775,180.0,2
test/9-55/30.jpg,112.0,112.0,21.66174675144532,112.0,270.0,3
test/9-55/34.jpg,112.0,112.0,112.0,27.471898163983354,0.0,0
test/9-55/38.jpg,112.0,112.0,112.0,19.869657549751835,0.0,0
test/9-55/53.jpg,112.0,112.0,112.0,6.90480505750989,0.0,0
test/9-55/66.jpg,112.0,112.0,112.0,39.986112450444665,0.0,0
test/9-55/70.jpg,112.0,112.0,9.140873035009676,112.0,270.0,3
test/9-55/80.jpg,112.0,112.0,183.1125867902441,112.0,90.0,1
test/9-55/86.jpg,112.0,112.0,29.23527321376575,112.0,270.0,3
test/9-55/99.jpg,112.0,112.0,180.87670143089025,112.0,90.0,1
valid/1-00/24.jpg,112.0,112.0,112.0,32.77247952889097,0.0,0
valid/1-00/51.jpg,112.0,112.0,112.0,203.08786966440704,180.0,2
valid/1-00/69.jpg,112.0,112.0,180.26419266350405,112.0,90.0,1
valid/1-00/7.jpg,112.0,112.0,112.0,46.72366431852964,0.0,0
valid/1-00/8.jpg,112.0,112.0,216.1729331448433,112.0,90.0,1
valid/1-00/84.jpg,112.0,112.0,179.36467917239716,112.0,90.0,1
valid/1-00/92.jpg,112.0,112.0,112.0,21.800221729762555,0.0,0
valid/1-00/96.jpg,112.0,112.0,179.36467917239716,112.0,90.0,1
valid/1-05/31.jpg,112.0,112.0,112.0,28.80745225682772,0.0,0
valid/1-05/49.jpg,112.0,112.0,202.33825324855468,112.0,90.0,1
valid/1-05/5.jpg,112.0,112.0,202.33825324855468,112.0,90.0,1
valid/1-05/62.jpg,112.0,112.0,196.52810183601665,112.0,90.0,1
valid/1-10/16.jpg,112.0,112.0,112.0,188.05918747922567,180.0,2
valid/1-10/17.jpg,112.0,112.0,112.0,194.76472678623423,180.0,2
valid/1-10/18.jpg,112.0,112.0,112.0,54.728715746894586,0.0,0
valid/1-10/31.jpg,112.0,112.0,112.0,43.12329856910975,0.0,0
valid/1-10/61.jpg,112.0,112.0,13.613008990009249,112.0,270.0,3
valid/1-10/69.jpg,112.0,112.0,180.4470598345904,112.0,90.0,1
valid/1-10/83.jpg,112.0,112.0,112.0,40.88741320975589,0.0,0
valid/1-10/86.jpg,112.0,112.0,112.0,37.31399060064864,0.0,0
valid/1-10/98.jpg,112.0,112.0,112.0,43.12329856910975,0.0,0
valid/1-15/0.jpg,112.0,112.0,195.2946576918352,112.0,90.0,1
valid/1-15/14.jpg,112.0,112.0,112.0,87.0,0.0,0
valid/1-15/21.jpg,112.0,112.0,112.0,215.31021246711285,180.0,2
valid/1-15/26.jpg,112.0,112.0,112.0,196.29116205154605,180.0,2
valid/1-15/56.jpg,112.0,112.0,112.0,6.881019791856815,0.0,0
valid/1-15/61.jpg,112.0,112.0,112.0,15.86987985027794,0.0,0
valid/1-15/73.jpg,112.0,112.0,50.795425007602574,112.0,270.0,3
valid/1-15/79.jpg,112.0,112.0,168.43580423808984,112.0,90.0,1
valid/1-15/93.jpg,112.0,112.0,38.82896748029313,112.0,270.0,3
valid/1-20/10.jpg,112.0,112.0,204.3579991121505,112.0,90.0,1
valid/1-20/64.jpg,112.0,112.0,21.5732340509736,112.0,270.0,3
valid/1-20/73.jpg,112.0,112.0,112.0,203.6787870774914,180.0,2
valid/1-20/80.jpg,112.0,112.0,6.3117792750772,112.0,270.0,3
valid/1-20/95.jpg,112.0,112.0,112.0,10.925769852053776,0.0,0
valid/1-25/16.jpg,112.0,112.0,112.0,18.255666837936275,0.0,0
valid/1-25/26.jpg,112.0,112.0,112.0,212.18482919085105,180.0,2
valid/1-25/29.jpg,112.0,112.0,189.93587107359485,112.0,90.0,1
valid/1-25/34.jpg,112.0,112.0,23.45057877094848,112.0,270.0,3
valid/1-25/38.jpg,112.0,112.0,112.0,24.63295815926924,0.0,0
valid/1-25/87.jpg,112.0,112.0,30.60589701950147,112.0,270.0,3
valid/1-25/90.jpg,112.0,112.0,112.0,204.13034245024815,180.0,2
valid/1-25/91.jpg,112.0,112.0,170.82176467941096,112.0,90.0,1
valid/1-25/92.jpg,112.0,112.0,112.0,13.521575967118563,0.0,0
valid/1-25/99.jpg,112.0,112.0,183.28113354878693,112.0,90.0,1
valid/1-30/2.jpg,112.0,112.0,112.0,67.59279337765096,0.0,0
valid/1-30/28.jpg,112.0,112.0,112.0,22.72514351733743,0.0,0
valid/1-30/29.jpg,112.0,112.0,213.1236866416568,112.0,90.0,1
valid/1-30/30.jpg,112.0,112.0,158.2709412050371,112.0,90.0,1
valid/1-30/52.jpg,112.0,112.0,20.86274087948442,112.0,270.0,3
valid/1-30/64.jpg,112.0,112.0,112.0,23.7220299281865,0.0,0
valid/1-30/80.jpg,112.0,112.0,112.0,37.831273436845365,0.0,0
valid/1-30/94.jpg,112.0,112.0,112.0,177.19202405202648,180.0,2
valid/1-35/13.jpg,112.0,112.0,199.9204185613331,112.0,90.0,1
valid/1-35/23.jpg,112.0,112.0,112.0,35.077961545471254,0.0,0
valid/1-35/24.jpg,112.0,112.0,112.0,210.3869910099908,180.0,2
valid/1-35/28.jpg,112.0,112.0,202.13878188659973,112.0,90.0,1
valid/1-35/40.jpg,112.0,112.0,112.0,36.41561007721238,0.0,0
valid/1-35/46.jpg,112.0,112.0,112.0,21.21453860887196,0.0,0
valid/1-35/47.jpg,112.0,112.0,21.027476675646724,112.0,270.0,3
valid/1-35/69.jpg,112.0,112.0,112.0,22.557280900008408,0.0,0
valid/1-35/88.jpg,112.0,112.0,112.0,29.26548483250778,0.0,0
valid/1-35/9.jpg,112.0,112.0,112.0,34.3340486442096,0.0,0
valid/1-40/19.jpg,112.0,112.0,112.0,17.968090522418933,0.0,0
valid/1-40/27.jpg,112.0,112.0,112.0,159.169905660283,180.0,2
valid/1-40/40.jpg,112.0,112.0,112.0,180.24221567329127,180.0,2
valid/1-40/45.jpg,112.0,112.0,207.25754563287887,112.0,90.0,1
valid/1-40/47.jpg,112.0,112.0,112.0,9.374467114660009,0.0,0
valid/1-40/50.jpg,112.0,112.0,112.0,54.85982149135339,0.0,0
valid/1-40/53.jpg,112.0,112.0,171.07622195096772,112.0,90.0,1
valid/1-40/97.jpg,112.0,112.0,56.24159256219741,112.0,270.0,3
valid/1-40/98.jpg,112.0,112.0,112.0,17.189663010829875,0.0,0
valid/1-45/22.jpg,112.0,112.0,112.0,150.07886552931956,180.0,2
valid/1-45/23.jpg,112.0,112.0,112.0,176.2806347199528,180.0,2
valid/1-45/26.jpg,112.0,112.0,112.0,66.72307430931292,0.0,0
valid/1-45/35.jpg,112.0,112.0,26.297024555736684,112.0,270.0,3
valid/1-45/4.jpg,112.0,112.0,112.0,198.1452262171271,180.0,2
valid/1-45/50.jpg,112.0,112.0,112.0,67.59279337765096,0.0,0
valid/1-45/81.jpg,112.0,112.0,112.0,32.898798997739604,0.0,0
valid/1-45/89.jpg,112.0,112.0,112.0,217.1712888577486,180.0,2
valid/1-50/36.jpg,112.0,112.0,112.0,5.995283123815668,0.0,0
valid/1-50/41.jpg,112.0,112.0,112.0,19.642000887849463,0.0,0
valid/1-50/47.jpg,112.0,112.0,112.0,210.3869910099908,180.0,2
valid/1-50/49.jpg,112.0,112.0,112.0,11.376941012509462,0.0,0
valid/1-50/62.jpg,112.0,112.0,112.0,18.085144945008835,0.0,0
valid/1-50/64.jpg,112.0,112.0,112.0,21.66174675144532,0.0,0
valid/1-50/80.jpg,112.0,112.0,188.05918747922567,112.0,90.0,1
valid/1-50/91.jpg,112.0,112.0,21.21453860887196,112.0,270.0,3
valid/1-50/98.jpg,112.0,112.0,112.0,34.61137034421658,0.0,0
valid/1-55/0.jpg,112.0,112.0,216.84750831564855,112.0,90.0,1
valid/1-55/10.jpg,112.0,112.0,203.5259526036195,112.0,90.0,1
valid/1-55/63.jpg,112.0,112.0,112.0,20.32121292250862,0.0,0
valid/1-55/74.jpg,112.0,112.0,112.0,11.0445642870083,0.0,0
valid/1-55/83.jpg,112.0,112.0,9.072841290551494,112.0,270.0,3
valid/1-55/86.jpg,112.0,112.0,205.9148550549912,112.0,90.0,1
valid/1-55/92.jpg,112.0,112.0,21.5732340509736,112.0,270.0,3
valid/1-55/95.jpg,112.0,112.0,112.0,5.76911936729509,0.0,0
valid/10-00/17.jpg,112.0,112.0,112.0,33.83990788132347,0.0,0
valid/10-00/4.jpg,112.0,112.0,112.0,30.845825738906072,0.0,0
valid/10-00/40.jpg,112.0,112.0,112.0,55.77722881251761,0.0,0
valid/10-00/56.jpg,112.0,112.0,112.0,192.3056660516554,180.0,2
valid/10-00/61.jpg,112.0,112.0,20.731166327162924,112.0,270.0,3
valid/10-00/69.jpg,112.0,112.0,178.18912297349164,112.0,90.0,1
valid/10-00/99.jpg,112.0,112.0,112.0,181.46221994724905,180.0,2
valid/10-05/1.jpg,112.0,112.0,112.0,37.11341909260378,0.0,0
valid/10-05/10.jpg,112.0,112.0,112.0,210.83825170448935,180.0,2
valid/10-05/13.jpg,112.0,112.0,112.0,46.54008860378744,0.0,0
valid/10-05/26.jpg,112.0,112.0,112.0,22.955067522065026,0.0,0
valid/10-05/38.jpg,112.0,112.0,203.26883367283708,112.0,90.0,1
valid/10-05/71.jpg,112.0,112.0,200.75246475450692,112.0,90.0,1
valid/10-05/85.jpg,112.0,112.0,112.0,20.731166327162924,0.0,0
valid/10-10/15.jpg,112.0,112.0,112.0,14.650115562472294,0.0,0
valid/10-10/24.jpg,112.0,112.0,195.76156636548768,112.0,90.0,1
valid/10-10/26.jpg,112.0,112.0,112.0,35.077961545471254,0.0,0
valid/10-10/27.jpg,112.0,112.0,112.0,21.19801764278492,0.0,0
valid/10-10/52.jpg,112.0,112.0,7.343418744925557,112.0,270.0,3
valid/10-10/53.jpg,112.0,112.0,42.93481340067197,112.0,270.0,3
valid/10-10/60.jpg,112.0,112.0,112.0,7.152491684351418,0.0,0
valid/10-10/73.jpg,112.0,112.0,21.66174675144532,112.0,270.0,3
valid/10-10/78.jpg,112.0,112.0,19.869657549751835,112.0,270.0,3
valid/10-15/14.jpg,112.0,112.0,86.03849002850566,112.0,270.0,3
valid/10-15/20.jpg,112.0,112.0,209.082439194738,112.0,90.0,1
valid/10-15/44.jpg,112.0,112.0,112.0,215.12128781197413,180.0,2
valid/10-15/45.jpg,112.0,112.0,112.0,199.091905479212,180.0,2
valid/10-15/60.jpg,112.0,112.0,112.0,8.878712188025887,0.0,0
valid/10-15/74.jpg,112.0,112.0,112.0,24.718845103882813,0.0,0
valid/10-15/79.jpg,112.0,112.0,166.14794548272354,112.0,90.0,1
valid/10-15/93.jpg,112.0,112.0,112.0,215.23759005323592,180.0,2
valid/10-15/96.jpg,112.0,112.0,188.16429609731847,112.0,90.0,1
valid/10-20/0.jpg,112.0,112.0,112.0,18.8066525979456,0.0,0
valid/10-20/23.jpg,112.0,112.0,47.36254955523076,112.0,270.0,3
valid/10-20/3.jpg,112.0,112.0,171.64059020499377,112.0,90.0,1
valid/10-20/32.jpg,112.0,112.0,112.0,217.3944970100432,180.0,2
valid/10-20/37.jpg,112.0,112.0,112.0,55.69724695896301,0.0,0
valid/10-20/58.jpg,112.0,112.0,112.0,57.62169550270991,0.0,0
valid/10-20/64.jpg,112.0,112.0,112.0,21.5732340509736,0.0,0
valid/10-20/72.jpg,112.0,112.0,112.0,21.5732340509736,0.0,0
valid/10-25/18.jpg,112.0,112.0,19.869657549751835,112.0,270.0,3
valid/10-25/27.jpg,112.0,112.0,24.33586822422754,112.0,270.0,3
valid/10-25/58.jpg,112.0,112.0,19.642000887849463,112.0,270.0,3
valid/10-25/62.jpg,112.0,112.0,112.0,26.297024555736684,0.0,0
valid/10-25/75.jpg,112.0,112.0,198.53323061113576,112.0,90.0,1
valid/10-25/88.jpg,112.0,112.0,112.0,28.513474141032788,0.0,0
valid/10-25/98.jpg,112.0,112.0,31.501552810007567,112.0,270.0,3
valid/10-30/14.jpg,112.0,112.0,112.0,175.38769596696193,180.0,2
valid/10-30/23.jpg,112.0,112.0,112.0,179.26812023536854,180.0,2
valid/10-30/4.jpg,112.0,112.0,112.0,16.742454367121127,0.0,0
valid/10-30/84.jpg,112.0,112.0,37.75715522691766,112.0,270.0,3
valid/10-30/88.jpg,112.0,112.0,159.2652091923859,112.0,90.0,1
valid/10-30/9.jpg,112.0,112.0,112.0,65.7290587949629,0.0,0
valid/10-35/21.jpg,112.0,112.0,112.0,5.76911936729509,0.0,0
valid/10-35/24.jpg,112.0,112.0,112.0,12.702467301548722,0.0,0
valid/10-35/33.jpg,112.0,112.0,22.412054382299843,112.0,270.0,3
valid/10-35/34.jpg,112.0,112.0,112.0,197.9825563704639,180.0,2
valid/10-35/47.jpg,112.0,112.0,112.0,21.21453860887196,0.0,0
valid/10-35/69.jpg,112.0,112.0,112.0,20.32121292250862,0.0,0
valid/10-35/75.jpg,112.0,112.0,112.0,22.691545752935568,0.0,0
valid/10-35/93.jpg,112.0,112.0,17.968090522418933,112.0,270.0,3
valid/10-40/15.jpg,112.0,112.0,112.0,21.027476675646724,0.0,0
valid/10-40/20.jpg,112.0,112.0,112.0,22.412054382299843,0.0,0
valid/10-40/51.jpg,112.0,112.0,112.0,21.5732340509736,0.0,0
valid/10-40/62.jpg,112.0,112.0,112.0,29.072320664328245,0.0,0
valid/10-40/68.jpg,112.0,112.0,112.0,14.95361933590722,0.0,0
valid/10-40/89.jpg,112.0,112.0,112.0,42.10722497997379,0.0,0
valid/10-45/16.jpg,112.0,112.0,112.0,85.52359541025254,0.0,0
valid/10-45/47.jpg,112.0,112.0,112.0,152.7921561087423,180.0,2
valid/10-45/48.jpg,112.0,112.0,112.0,66.60176214873533,0.0,0
valid/10-45/56.jpg,112.0,112.0,156.55333881989094,112.0,90.0,1
valid/10-45/61.jpg,112.0,112.0,112.0,11.92003197442557,0.0,0
valid/10-45/66.jpg,112.0,112.0,210.1274681218261,112.0,90.0,1
valid/10-45/81.jpg,112.0,112.0,22.797982085605256,112.0,270.0,3
valid/10-50/16.jpg,112.0,112.0,112.0,31.04322140796361,0.0,0
valid/10-50/23.jpg,112.0,112.0,112.0,11.815170809148952,0.0,0
valid/10-50/56.jpg,112.0,112.0,112.0,184.91776189653652,180.0,2
valid/10-50/68.jpg,112.0,112.0,112.0,26.85306817036799,0.0,0
valid/10-50/75.jpg,112.0,112.0,44.45742083692687,112.0,270.0,3
valid/10-50/87.jpg,112.0,112.0,112.0,31.94376976149826,0.0,0
valid/10-50/91.jpg,112.0,112.0,112.0,20.32121292250862,0.0,0
valid/10-55/1.jpg,112.0,112.0,112.0,36.84682308777626,0.0,0
valid/10-55/2.jpg,112.0,112.0,112.0,27.471898163983354,0.0,0
valid/10-55/32.jpg,112.0,112.0,112.0,47.11548720996666,0.0,0
valid/10-55/68.jpg,112.0,112.0,208.60227740586657,112.0,90.0,1
valid/10-55/75.jpg,112.0,112.0,112.0,42.22177990232196,0.0,0
valid/10-55/81.jpg,112.0,112.0,200.54942122905152,112.0,90.0,1
valid/10-55/84.jpg,112.0,112.0,43.9705945932202,112.0,270.0,3
valid/11-00/13.jpg,112.0,112.0,48.612304033038086,112.0,270.0,3
valid/11-00/2.jpg,112.0,112.0,213.1236866416568,112.0,90.0,1
valid/11-00/32.jpg,112.0,112.0,112.0,45.81087702650835,0.0,0
valid/11-00/4.jpg,112.0,112.0,112.0,212.2447006080621,180.0,2
valid/11-00/51.jpg,112.0,112.0,112.0,201.27485648266256,180.0,2
valid/11-00/60.jpg,112.0,112.0,112.0,35.835703902681544,0.0,0
valid/11-00/75.jpg,112.0,112.0,180.18357573492312,112.0,90.0,1
valid/11-00/96.jpg,112.0,112.0,112.0,178.48308055437866,180.0,2
valid/11-05/29.jpg,112.0,112.0,112.0,18.255666837936275,0.0,0
valid/11-05/40.jpg,112.0,112.0,202.4267659490264,112.0,90.0,1
valid/11-05/41.jpg,112.0,112.0,112.0,22.412054382299843,0.0,0
valid/11-05/48.jpg,112.0,112.0,112.0,21.5732340509736,0.0,0
valid/11-05/75.jpg,112.0,112.0,112.0,31.290644904075705,0.0,0
valid/11-05/86.jpg,112.0,112.0,112.0,24.63295815926924,0.0,0
valid/11-05/87.jpg,112.0,112.0,112.0,23.79569171520022,0.0,0
valid/11-05/99.jpg,112.0,112.0,112.0,65.59956896751928,0.0,0
valid/11-10/61.jpg,112.0,112.0,214.08329931972224,112.0,90.0,1
valid/11-10/82.jpg,112.0,112.0,112.0,19.869657549751835,0.0,0
valid/11-10/87.jpg,112.0,112.0,112.0,197.146931829632,180.0,2
valid/11-15/10.jpg,112.0,112.0,112.0,15.86987985027794,0.0,0
valid/11-15/2.jpg,112.0,112.0,112.0,29.847702405836515,0.0,0
valid/11-15/31.jpg,112.0,112.0,191.1012010022604,112.0,90.0,1
valid/11-15/51.jpg,112.0,112.0,112.0,20.86274087948442,0.0,0
valid/11-15/52.jpg,112.0,112.0,112.0,180.1175454637056,180.0,2
valid/11-15/89.jpg,112.0,112.0,112.0,185.10950690573696,180.0,2
valid/11-15/93.jpg,112.0,112.0,112.0,39.82659769693548,0.0,0
valid/11-15/97.jpg,112.0,112.0,9.877524511006882,112.0,270.0,3
valid/11-20/38.jpg,112.0,112.0,112.0,24.63295815926924,0.0,0
valid/11-20/4.jpg,112.0,112.0,112.0,202.13878188659973,180.0,2
valid/11-20/58.jpg,112.0,112.0,22.412054382299843,112.0,270.0,3
valid/11-20/64.jpg,112.0,112.0,201.8943824718764,112.0,90.0,1
valid/11-20/69.jpg,112.0,112.0,34.06412892640515,112.0,270.0,3
valid/11-20/94.jpg,112.0,112.0,112.0,204.64987857520376,180.0,2
valid/11-25/0.jpg,112.0,112.0,202.4267659490264,112.0,90.0,1
valid/11-25/15.jpg,112.0,112.0,112.0,20.76404217634365,0.0,0
valid/11-25/53.jpg,112.0,112.0,43.12329856910975,112.0,270.0,3
valid/11-25/56.jpg,112.0,112.0,112.0,11.376941012509462,0.0,0
valid/11-25/61.jpg,112.0,112.0,21.21453860887196,112.0,270.0,3
valid/11-25/72.jpg,112.0,112.0,112.0,7.692761516757613,0.0,0
valid/11-25/76.jpg,112.0,112.0,23.45057877094848,112.0,270.0,3
valid/11-30/40.jpg,112.0,112.0,112.0,34.89617389519506,0.0,0
valid/11-30/45.jpg,112.0,112.0,112.0,23.909137817819044,0.0,0
valid/11-30/64.jpg,112.0,112.0,112.0,54.44133427536736,0.0,0
valid/11-30/67.jpg,112.0,112.0,112.0,6.957151599930427,0.0,0
valid/11-30/76.jpg,112.0,112.0,112.0,53.30587763668324,0.0,0
valid/11-30/78.jpg,112.0,112.0,204.0869154657707,112.0,90.0,1
valid/11-30/84.jpg,112.0,112.0,21.72818823131996,112.0,270.0,3
valid/11-30/95.jpg,112.0,112.0,112.0,65.7290587949629,0.0,0
valid/11-35/27.jpg,112.0,112.0,112.0,162.21951811795887,180.0,2
valid/11-35/34.jpg,112.0,112.0,112.0,27.029416855007995,0.0,0
valid/11-35/36.jpg,112.0,112.0,112.0,23.45057877094848,0.0,0
valid/11-35/49.jpg,112.0,112.0,112.0,40.88741320975589,0.0,0
valid/11-35/56.jpg,112.0,112.0,201.4427190999916,112.0,90.0,1
valid/11-35/85.jpg,112.0,112.0,112.0,20.758562045526705,0.0,0
valid/11-35/9.jpg,112.0,112.0,203.5259526036195,112.0,90.0,1
valid/11-35/97.jpg,112.0,112.0,112.0,37.31399060064864,0.0,0
valid/11-40/17.jpg,112.0,112.0,112.0,28.238433634512305,0.0,0
valid/11-40/20.jpg,112.0,112.0,200.75246475450692,112.0,90.0,1
valid/11-40/27.jpg,112.0,112.0,162.1597448159378,112.0,90.0,1
valid/11-40/33.jpg,112.0,112.0,112.0,14.902111248493156,0.0,0
valid/11-40/53.jpg,112.0,112.0,112.0,15.39254687137229,0.0,0
valid/11-40/6.jpg,112.0,112.0,26.01744362953612,112.0,270.0,3
valid/11-40/67.jpg,112.0,112.0,112.0,6.847729458656005,0.0,0
valid/11-40/73.jpg,112.0,112.0,202.33825324855468,112.0,90.0,1
valid/11-40/9.jpg,112.0,112.0,112.0,34.06412892640515,0.0,0
valid/11-45/77.jpg,112.0,112.0,46.50954267986823,112.0,270.0,3
valid/11-45/99.jpg,112.0,112.0,112.0,64.4815825179331,0.0,0
valid/11-50/37.jpg,112.0,112.0,37.31399060064864,112.0,270.0,3
valid/11-50/40.jpg,112.0,112.0,112.0,20.32121292250862,0.0,0
valid/11-50/45.jpg,112.0,112.0,112.0,23.897786633932967,0.0,0
valid/11-50/62.jpg,112.0,112.0,112.0,204.5742944882649,180.0,2
valid/11-50/66.jpg,112.0,112.0,188.96752561957544,112.0,90.0,1
valid/11-50/75.jpg,112.0,112.0,43.5529401654096,112.0,270.0,3
valid/11-50/80.jpg,112.0,112.0,34.61137034421658,112.0,270.0,3
valid/11-50/98.jpg,112.0,112.0,36.41561007721238,112.0,270.0,3
valid/11-55/28.jpg,112.0,112.0,189.6659513557904,112.0,90.0,1
valid/11-55/30.jpg,112.0,112.0,112.0,18.8066525979456,0.0,0
valid/11-55/44.jpg,112.0,112.0,112.0,24.908094520787984,0.0,0
valid/11-55/45.jpg,112.0,112.0,112.0,216.84750831564855,180.0,2
valid/11-55/48.jpg,112.0,112.0,112.0,48.99206399190654,0.0,0
valid/11-55/63.jpg,112.0,112.0,201.30845424706445,112.0,90.0,1
valid/11-55/68.jpg,112.0,112.0,26.57166746330583,112.0,270.0,3
valid/11-55/82.jpg,112.0,112.0,112.0,21.86121811340027,0.0,0
valid/11-55/87.jpg,112.0,112.0,22.412054382299843,112.0,270.0,3
valid/12-00/58.jpg,112.0,112.0,112.0,57.54818643975207,0.0,0
valid/12-00/62.jpg,112.0,112.0,112.0,53.690481051547,0.0,0
valid/12-00/64.jpg,112.0,112.0,112.0,53.690481051547,0.0,0
valid/12-00/96.jpg,112.0,112.0,112.0,55.56419576191015,0.0,0
valid/12-00/99.jpg,112.0,112.0,112.0,55.56419576191015,0.0,0
valid/12-05/14.jpg,112.0,112.0,112.0,39.32951080390335,0.0,0
valid/12-05/16.jpg,112.0,112.0,112.0,204.3579991121505,180.0,2
valid/12-05/24.jpg,112.0,112.0,112.0,37.66965626340748,0.0,0
valid/12-05/44.jpg,112.0,112.0,204.3579991121505,112.0,90.0,1
valid/12-05/6.jpg,112.0,112.0,112.0,20.731166327162924,0.0,0
valid/12-10/19.jpg,112.0,112.0,112.0,22.105617528123588,0.0,0
valid/12-10/25.jpg,112.0,112.0,112.0,41.78604127383217,0.0,0
valid/12-10/3.jpg,112.0,112.0,112.0,174.24146527838172,180.0,2
valid/12-10/45.jpg,112.0,112.0,112.0,16.742454367121127,0.0,0
valid/12-10/81.jpg,112.0,112.0,112.0,22.529334416245675,0.0,0
valid/12-10/90.jpg,112.0,112.0,21.21453860887196,112.0,270.0,3
valid/12-20/13.jpg,112.0,112.0,112.0,180.24221567329127,180.0,2
valid/12-20/31.jpg,112.0,112.0,30.458599472415244,112.0,270.0,3
valid/12-20/37.jpg,112.0,112.0,112.0,189.6659513557904,180.0,2
valid/12-20/56.jpg,112.0,112.0,112.0,24.63295815926924,0.0,0
valid/12-20/63.jpg,112.0,112.0,112.0,21.66174675144532,0.0,0
valid/12-20/64.jpg,112.0,112.0,112.0,21.5732340509736,0.0,0
valid/12-20/69.jpg,112.0,112.0,188.27581530209957,112.0,90.0,1
valid/12-20/83.jpg,112.0,112.0,112.0,24.33586822422754,0.0,0
valid/12-20/9.jpg,112.0,112.0,112.0,40.71886645121306,0.0,0
valid/12-25/17.jpg,112.0,112.0,112.0,25.235952146064548,0.0,0
valid/12-25/26.jpg,112.0,112.0,112.0,15.745129993334883,0.0,0
valid/12-25/27.jpg,112.0,112.0,112.0,22.691545752935568,0.0,0
valid/12-25/3.jpg,112.0,112.0,112.0,25.66924070761337,0.0,0
valid/12-25/30.jpg,112.0,112.0,112.0,22.412054382299843,0.0,0
valid/12-25/48.jpg,112.0,112.0,171.4053869611166,112.0,90.0,1
valid/12-25/49.jpg,112.0,112.0,21.21453860887196,112.0,270.0,3
valid/12-25/5.jpg,112.0,112.0,112.0,217.5461984156701,180.0,2
valid/12-25/62.jpg,112.0,112.0,112.0,207.7078889120432,180.0,2
valid/12-25/64.jpg,112.0,112.0,112.0,7.798272567101847,0.0,0
valid/12-30/10.jpg,112.0,112.0,112.0,211.1261822123701,180.0,2
valid/12-30/12.jpg,112.0,112.0,112.0,145.24154027718933,180.0,2
valid/12-30/60.jpg,112.0,112.0,112.0,170.5491246732178,180.0,2
valid/12-30/63.jpg,112.0,112.0,67.71682034903094,112.0,270.0,3
valid/12-30/87.jpg,112.0,112.0,112.0,27.708837948453933,0.0,0
valid/12-30/88.jpg,112.0,112.0,183.34423592694787,112.0,90.0,1
valid/12-35/15.jpg,112.0,112.0,112.0,18.522730035585653,0.0,0
valid/12-35/18.jpg,112.0,112.0,20.76404217634365,112.0,270.0,3
valid/12-35/24.jpg,112.0,112.0,34.06412892640515,112.0,270.0,3
valid/12-35/28.jpg,112.0,112.0,112.0,201.58794561770011,180.0,2
valid/12-35/40.jpg,112.0,112.0,188.4852927038918,112.0,90.0,1
valid/12-35/56.jpg,112.0,112.0,112.0,19.642000887849463,0.0,0
valid/12-35/69.jpg,112.0,112.0,112.0,43.12329856910975,0.0,0
valid/12-35/89.jpg,112.0,112.0,112.0,22.105617528123588,0.0,0
valid/12-35/9.jpg,112.0,112.0,203.5259526036195,112.0,90.0,1
valid/12-35/96.jpg,112.0,112.0,112.0,203.23595782365635,180.0,2
valid/12-40/10.jpg,112.0,112.0,112.0,197.7029754442633,180.0,2
valid/12-40/17.jpg,112.0,112.0,201.4427190999916,112.0,90.0,1
valid/12-40/44.jpg,112.0,112.0,112.0,213.07423014794625,180.0,2
valid/12-40/6.jpg,112.0,112.0,112.0,200.54942122905152,180.0,2
valid/12-40/73.jpg,112.0,112.0,112.0,50.14533162323154,0.0,0
valid/12-40/86.jpg,112.0,112.0,204.5742944882649,112.0,90.0,1
valid/12-40/90.jpg,112.0,112.0,112.0,24.33586822422754,0.0,0
valid/12-40/93.jpg,112.0,112.0,112.0,20.731166327162924,0.0,0
valid/12-45/10.jpg,112.0,112.0,18.914018241198107,112.0,270.0,3
valid/12-45/15.jpg,112.0,112.0,112.0,65.7290587949629,0.0,0
valid/12-45/24.jpg,112.0,112.0,112.0,191.1580697086532,180.0,2
valid/12-45/47.jpg,112.0,112.0,112.0,10.920823113758985,0.0,0
valid/12-45/48.jpg,112.0,112.0,112.0,66.60176214873533,0.0,0
valid/12-45/7.jpg,112.0,112.0,112.0,26.62435944603402,0.0,0
valid/12-45/76.jpg,112.0,112.0,112.0,27.708837948453933,0.0,0
valid/12-50/56.jpg,112.0,112.0,13.161748295510606,112.0,270.0,3
valid/12-50/83.jpg,112.0,112.0,112.0,12.717574566290937,0.0,0
valid/12-55/21.jpg,112.0,112.0,112.0,35.72418469790047,0.0,0
valid/12-55/22.jpg,112.0,112.0,112.0,20.293947855117,0.0,0
valid/12-55/37.jpg,112.0,112.0,37.66965626340748,112.0,270.0,3
valid/12-55/4.jpg,112.0,112.0,21.5732340509736,112.0,270.0,3
valid/12-55/57.jpg,112.0,112.0,112.0,49.57404385994557,0.0,0
valid/12-55/60.jpg,112.0,112.0,34.06412892640515,112.0,270.0,3
valid/12-55/81.jpg,112.0,112.0,112.0,21.027476675646724,0.0,0
valid/12-55/84.jpg,112.0,112.0,112.0,35.72418469790047,0.0,0
valid/2-00/18.jpg,112.0,112.0,112.0,57.6676891711755,0.0,0
valid/2-00/31.jpg,112.0,112.0,45.87889898073384,112.0,270.0,3
valid/2-00/4.jpg,112.0,112.0,112.0,29.78078083562214,0.0,0
valid/2-00/42.jpg,112.0,112.0,112.0,15.812682748711609,0.0,0
valid/2-00/50.jpg,112.0,112.0,112.0,51.59304675784418,0.0,0
valid/2-00/67.jpg,112.0,112.0,112.0,203.08786966440704,180.0,2
valid/2-00/73.jpg,112.0,112.0,112.0,54.6850804763716,0.0,0
valid/2-00/87.jpg,112.0,112.0,190.23042886243175,112.0,90.0,1
valid/2-00/98.jpg,112.0,112.0,112.0,177.12296062065974,180.0,2
valid/2-05/24.jpg,112.0,112.0,112.0,12.717574566290937,0.0,0
valid/2-05/31.jpg,112.0,112.0,195.19254774317227,112.0,90.0,1
valid/2-05/63.jpg,112.0,112.0,20.32121292250862,112.0,270.0,3
valid/2-05/66.jpg,112.0,112.0,112.0,212.18482919085105,180.0,2
valid/2-05/74.jpg,112.0,112.0,112.0,23.43364069806188,0.0,0
valid/2-05/75.jpg,112.0,112.0,112.0,202.785461391128,180.0,2
valid/2-05/90.jpg,112.0,112.0,23.45057877094848,112.0,270.0,3
valid/2-10/21.jpg,112.0,112.0,112.0,28.513474141032788,0.0,0
valid/2-10/69.jpg,112.0,112.0,187.71657678474375,112.0,90.0,1
valid/2-10/72.jpg,112.0,112.0,112.0,6.881019791856815,0.0,0
valid/2-10/75.jpg,112.0,112.0,112.0,20.474047396380517,0.0,0
valid/2-10/85.jpg,112.0,112.0,43.75778432670873,112.0,270.0,3
valid/2-10/91.jpg,112.0,112.0,112.0,201.58794561770011,180.0,2
valid/2-15/12.jpg,112.0,112.0,112.0,43.81642426507686,0.0,0
valid/2-15/37.jpg,112.0,112.0,112.0,37.831273436845365,0.0,0
valid/2-15/4.jpg,112.0,112.0,112.0,213.2422836565829,180.0,2
valid/2-15/67.jpg,112.0,112.0,112.0,69.7034280348868,0.0,0
valid/2-15/75.jpg,112.0,112.0,112.0,11.875078027496071,0.0,0
valid/2-15/76.jpg,112.0,112.0,201.27485648266256,112.0,90.0,1
valid/2-15/8.jpg,112.0,112.0,112.0,20.86274087948442,0.0,0
valid/2-15/85.jpg,112.0,112.0,112.0,48.80189876270016,0.0,0
valid/2-20/12.jpg,112.0,112.0,112.0,176.63745044476923,180.0,2
valid/2-20/15.jpg,112.0,112.0,112.0,38.50170069994816,0.0,0
valid/2-20/26.jpg,112.0,112.0,112.0,212.4041831797859,180.0,2
valid/2-20/71.jpg,112.0,112.0,112.0,205.1933474020544,180.0,2
valid/2-20/88.jpg,112.0,112.0,112.0,43.75778432670873,0.0,0
valid/2-20/98.jpg,112.0,112.0,112.0,196.31488599292533,180.0,2
valid/2-25/0.jpg,112.0,112.0,21.21453860887196,112.0,270.0,3
valid/2-25/2.jpg,112.0,112.0,112.0,12.270365487484112,0.0,0
valid/2-25/20.jpg,112.0,112.0,112.0,212.6230589874905,180.0,2
valid/2-25/26.jpg,112.0,112.0,112.0,211.72963451251587,180.0,2
valid/2-25/46.jpg,112.0,112.0,112.0,21.5732340509736,0.0,0
valid/2-25/64.jpg,112.0,112.0,7.343418744925557,112.0,270.0,3
valid/2-25/66.jpg,112.0,112.0,112.0,196.87638069569175,180.0,2
valid/2-25/82.jpg,112.0,112.0,15.397722594133429,112.0,270.0,3
valid/2-25/84.jpg,112.0,112.0,192.9567785920364,112.0,90.0,1
valid/2-30/1.jpg,112.0,112.0,170.21511831131153,112.0,90.0,1
valid/2-30/10.jpg,112.0,112.0,112.0,13.918401318086168,0.0,0
valid/2-30/13.jpg,112.0,112.0,112.0,179.26812023536854,180.0,2
valid/2-30/64.jpg,112.0,112.0,112.0,40.88741320975589,0.0,0
valid/2-30/88.jpg,112.0,112.0,112.0,41.65087065215377,0.0,0
valid/2-30/89.jpg,112.0,112.0,112.0,40.88741320975589,0.0,0
valid/2-30/94.jpg,112.0,112.0,112.0,46.72366431852964,0.0,0
valid/2-35/22.jpg,112.0,112.0,187.15317691222373,112.0,90.0,1
valid/2-35/44.jpg,112.0,112.0,112.0,21.21453860887196,0.0,0
valid/2-35/50.jpg,112.0,112.0,112.0,20.474047396380517,0.0,0
valid/2-35/64.jpg,112.0,112.0,112.0,11.595816820214113,0.0,0
valid/2-35/69.jpg,112.0,112.0,46.54008860378744,112.0,270.0,3
valid/2-35/80.jpg,112.0,112.0,112.0,25.235952146064548,0.0,0
valid/2-35/86.jpg,112.0,112.0,112.0,17.63369245329136,0.0,0
valid/2-35/95.jpg,112.0,112.0,112.0,7.343418744925557,0.0,0
valid/2-40/18.jpg,112.0,112.0,112.0,58.176213436808446,0.0,0
valid/2-40/26.jpg,112.0,112.0,112.0,192.0562302385017,180.0,2
valid/2-40/32.jpg,112.0,112.0,112.0,46.20486340161608,0.0,0
valid/2-40/58.jpg,112.0,112.0,112.0,13.521575967118563,0.0,0
valid/2-40/76.jpg,112.0,112.0,112.0,22.955067522065026,0.0,0
valid/2-40/78.jpg,112.0,112.0,112.0,20.731166327162924,0.0,0
valid/2-40/85.jpg,112.0,112.0,112.0,21.5732340509736,0.0,0
valid/2-40/91.jpg,112.0,112.0,112.0,36.28342321525622,0.0,0
valid/2-45/16.jpg,112.0,112.0,112.0,170.03447251418763,180.0,2
valid/2-45/18.jpg,112.0,112.0,112.0,51.0,0.0,0
valid/2-45/29.jpg,112.0,112.0,112.0,7.8798770649976575,0.0,0
valid/2-45/49.jpg,112.0,112.0,112.0,172.07495318350237,180.0,2
valid/2-45/62.jpg,112.0,112.0,112.0,170.03447251418763,180.0,2
valid/2-45/69.jpg,112.0,112.0,52.96611142741824,112.0,270.0,3
valid/2-45/87.jpg,112.0,112.0,112.0,191.1580697086532,180.0,2
valid/2-50/16.jpg,112.0,112.0,9.374467114660009,112.0,270.0,3
valid/2-50/47.jpg,112.0,112.0,12.702467301548722,112.0,270.0,3
valid/2-50/5.jpg,112.0,112.0,189.93587107359485,112.0,90.0,1
valid/2-50/74.jpg,112.0,112.0,48.1799404575646,112.0,270.0,3
valid/2-50/78.jpg,112.0,112.0,21.21453860887196,112.0,270.0,3
valid/2-50/83.jpg,112.0,112.0,15.397722594133429,112.0,270.0,3
valid/2-50/96.jpg,112.0,112.0,112.0,202.33825324855468,180.0,2
valid/2-50/98.jpg,112.0,112.0,112.0,35.51470729610823,0.0,0
valid/2-55/14.jpg,112.0,112.0,112.0,165.6003731330296,180.0,2
valid/2-55/18.jpg,112.0,112.0,112.0,28.513474141032788,0.0,0
valid/2-55/19.jpg,112.0,112.0,205.47726996441435,112.0,90.0,1
valid/2-55/28.jpg,112.0,112.0,112.0,18.255666837936275,0.0,0
valid/2-55/37.jpg,112.0,112.0,37.11341909260378,112.0,270.0,3
valid/2-55/64.jpg,112.0,112.0,112.0,16.868512047797765,0.0,0
valid/2-55/74.jpg,112.0,112.0,112.0,47.36254955523076,0.0,0
valid/2-55/94.jpg,112.0,112.0,112.0,200.20430828479977,180.0,2
valid/2-55/96.jpg,112.0,112.0,112.0,178.2117814289874,180.0,2
valid/3-00/10.jpg,112.0,112.0,112.0,21.800221729762555,0.0,0
valid/3-00/12.jpg,112.0,112.0,112.0,50.70562831711218,0.0,0
valid/3-00/14.jpg,112.0,112.0,161.49747468305833,112.0,90.0,1
valid/3-00/26.jpg,112.0,112.0,210.18350166906865,112.0,90.0,1
valid/3-00/44.jpg,112.0,112.0,112.0,19.80455542707112,0.0,0
valid/3-00/77.jpg,112.0,112.0,203.1372591205156,112.0,90.0,1
valid/3-05/37.jpg,112.0,112.0,112.0,208.1509230324909,180.0,2
valid/3-05/47.jpg,112.0,112.0,112.0,215.7689741685828,180.0,2
valid/3-05/50.jpg,112.0,112.0,112.0,178.64082832618453,180.0,2
valid/3-05/51.jpg,112.0,112.0,198.76404785393544,112.0,90.0,1
valid/3-05/60.jpg,112.0,112.0,112.0,215.31021246711285,180.0,2
valid/3-05/86.jpg,112.0,112.0,112.0,18.52807908253945,0.0,0
valid/3-10/26.jpg,112.0,112.0,112.0,27.685114007074645,0.0,0
valid/3-10/28.jpg,112.0,112.0,112.0,26.297024555736684,0.0,0
valid/3-10/30.jpg,112.0,112.0,112.0,21.86121811340027,0.0,0
valid/3-10/53.jpg,112.0,112.0,112.0,43.75778432670873,0.0,0
valid/3-10/64.jpg,112.0,112.0,112.0,21.86121811340027,0.0,0
valid/3-10/71.jpg,112.0,112.0,112.0,186.0607858451421,180.0,2
valid/3-10/72.jpg,112.0,112.0,21.86121811340027,112.0,270.0,3
valid/3-10/87.jpg,112.0,112.0,112.0,197.146931829632,180.0,2
valid/3-15/1.jpg,112.0,112.0,112.0,53.57911332408588,0.0,0
valid/3-15/5.jpg,112.0,112.0,112.0,34.68247287968917,0.0,0
valid/3-15/51.jpg,112.0,112.0,112.0,22.797982085605256,0.0,0
valid/3-15/53.jpg,112.0,112.0,179.1863081289633,112.0,90.0,1
valid/3-15/60.jpg,112.0,112.0,112.0,195.0963296421689,180.0,2
valid/3-15/71.jpg,112.0,112.0,112.0,184.1734023030645,180.0,2
valid/3-15/79.jpg,112.0,112.0,54.6850804763716,112.0,270.0,3
valid/3-15/85.jpg,112.0,112.0,112.0,48.71493067081304,0.0,0
valid/3-20/16.jpg,112.0,112.0,112.0,213.78899744078436,180.0,2
valid/3-20/28.jpg,112.0,112.0,24.63295815926924,112.0,270.0,3
valid/3-20/32.jpg,112.0,112.0,193.27115109311544,112.0,90.0,1
valid/3-20/61.jpg,112.0,112.0,112.0,6.847729458656005,0.0,0
valid/3-20/73.jpg,112.0,112.0,52.35940979500622,112.0,270.0,3
valid/3-20/94.jpg,112.0,112.0,202.13878188659973,112.0,90.0,1
valid/3-20/99.jpg,112.0,112.0,112.0,42.93481340067197,0.0,0
valid/3-25/16.jpg,112.0,112.0,112.0,31.94376976149826,0.0,0
valid/3-25/32.jpg,112.0,112.0,112.0,36.84682308777626,0.0,0
valid/3-25/69.jpg,112.0,112.0,21.21453860887196,112.0,270.0,3
valid/3-25/78.jpg,112.0,112.0,112.0,23.897786633932967,0.0,0
valid/3-25/89.jpg,112.0,112.0,112.0,23.0,0.0,0
valid/3-25/96.jpg,112.0,112.0,203.23595782365635,112.0,90.0,1
valid/3-30/16.jpg,112.0,112.0,186.10802925459564,112.0,90.0,1
valid/3-30/50.jpg,112.0,112.0,112.0,53.78488168868847,0.0,0
valid/3-30/78.jpg,112.0,112.0,112.0,81.4058829184433,0.0,0
valid/3-30/9.jpg,112.0,112.0,112.0,155.18564576337835,180.0,2
valid/3-30/98.jpg,112.0,112.0,182.34912934784623,112.0,90.0,1
valid/3-35/1.jpg,112.0,112.0,112.0,36.54802852144948,0.0,0
valid/3-35/4.jpg,112.0,112.0,202.13878188659973,112.0,90.0,1
valid/3-35/6.jpg,112.0,112.0,112.0,22.105617528123588,0.0,0
valid/3-35/76.jpg,112.0,112.0,21.5732340509736,112.0,270.0,3
valid/3-35/80.jpg,112.0,112.0,112.0,25.235952146064548,0.0,0
valid/3-35/86.jpg,112.0,112.0,112.0,203.26883367283708,180.0,2
valid/3-35/88.jpg,112.0,112.0,112.0,184.11102550927976,180.0,2
valid/3-40/12.jpg,112.0,112.0,112.0,6.453801584329909,0.0,0
valid/3-40/16.jpg,112.0,112.0,112.0,29.62281869352411,0.0,0
valid/3-40/38.jpg,112.0,112.0,21.5732340509736,112.0,270.0,3
valid/3-40/50.jpg,112.0,112.0,112.0,34.06412892640515,0.0,0
valid/3-40/64.jpg,112.0,112.0,17.126399878575285,112.0,270.0,3
valid/3-40/67.jpg,112.0,112.0,203.6787870774914,112.0,90.0,1
valid/3-40/95.jpg,112.0,112.0,203.5259526036195,112.0,90.0,1
valid/3-45/0.jpg,112.0,112.0,112.0,213.1780608630152,180.0,2
valid/3-45/1.jpg,112.0,112.0,68.58341330781518,112.0,270.0,3
valid/3-45/5.jpg,112.0,112.0,112.0,34.8378331045583,0.0,0
valid/3-45/7.jpg,112.0,112.0,112.0,21.72818823131996,0.0,0
valid/3-45/75.jpg,112.0,112.0,112.0,186.24284477308237,180.0,2
valid/3-45/92.jpg,112.0,112.0,112.0,21.72818823131996,0.0,0
valid/3-50/12.jpg,112.0,112.0,54.85982149135339,112.0,270.0,3
valid/3-50/37.jpg,112.0,112.0,112.0,167.2268050859363,180.0,2
valid/3-50/41.jpg,112.0,112.0,112.0,19.642000887849463,0.0,0
valid/3-50/60.jpg,112.0,112.0,112.0,52.3175067544929,0.0,0
valid/3-50/64.jpg,112.0,112.0,112.0,199.3670418407308,180.0,2
valid/3-50/66.jpg,112.0,112.0,112.0,35.51470729610823,0.0,0
valid/3-50/69.jpg,112.0,112.0,112.0,167.2268050859363,180.0,2
valid/3-50/8.jpg,112.0,112.0,112.0,54.017243942703104,0.0,0
valid/3-50/87.jpg,112.0,112.0,112.0,189.3886296557834,180.0,2
valid/3-55/2.jpg,112.0,112.0,112.0,9.374467114660009,0.0,0
valid/3-55/47.jpg,112.0,112.0,211.28242543370908,112.0,90.0,1
valid/3-55/5.jpg,112.0,112.0,112.0,189.1038261048049,180.0,2
valid/3-55/53.jpg,112.0,112.0,181.7782200976781,112.0,90.0,1
valid/3-55/78.jpg,112.0,112.0,112.0,202.4267659490264,180.0,2
valid/3-55/80.jpg,112.0,112.0,183.1125867902441,112.0,90.0,1
valid/3-55/84.jpg,112.0,112.0,112.0,35.72418469790047,0.0,0
valid/4-00/14.jpg,112.0,112.0,161.49747468305833,112.0,90.0,1
valid/4-00/19.jpg,112.0,112.0,112.0,5.830324480104025,0.0,0
valid/4-00/40.jpg,112.0,112.0,167.2268050859363,112.0,90.0,1
valid/4-00/49.jpg,112.0,112.0,112.0,35.76352578981633,0.0,0
valid/4-00/5.jpg,112.0,112.0,112.0,187.1664818918645,180.0,2
valid/4-00/57.jpg,112.0,112.0,52.78851462765015,112.0,270.0,3
valid/4-00/75.jpg,112.0,112.0,112.0,203.08786966440704,180.0,2
valid/4-00/81.jpg,112.0,112.0,112.0,34.8378331045583,0.0,0
valid/4-05/0.jpg,112.0,112.0,112.0,215.31021246711285,180.0,2
valid/4-05/4.jpg,112.0,112.0,210.3869910099908,112.0,90.0,1
valid/4-05/66.jpg,112.0,112.0,112.0,213.5332457867865,180.0,2
valid/4-05/88.jpg,112.0,112.0,39.32951080390335,112.0,270.0,3
valid/4-05/89.jpg,112.0,112.0,112.0,15.745129993334883,0.0,0
valid/4-05/99.jpg,112.0,112.0,112.0,181.7782200976781,180.0,2
valid/4-10/10.jpg,112.0,112.0,112.0,13.81649833093138,0.0,0
valid/4-10/20.jpg,112.0,112.0,112.0,19.642000887849463,0.0,0
valid/4-10/5.jpg,112.0,112.0,112.0,190.4920378127616,180.0,2
valid/4-10/56.jpg,112.0,112.0,112.0,10.211002559215656,0.0,0
valid/4-10/7.jpg,112.0,112.0,112.0,20.474047396380517,0.0,0
valid/4-10/79.jpg,112.0,112.0,53.991379950907294,112.0,270.0,3
valid/4-10/84.jpg,112.0,112.0,112.0,167.2177507691141,180.0,2
valid/4-10/88.jpg,112.0,112.0,112.0,18.255666837936275,0.0,0
valid/4-15/42.jpg,112.0,112.0,19.80455542707112,112.0,270.0,3
valid/4-15/45.jpg,112.0,112.0,112.0,14.814610151525343,0.0,0
valid/4-15/46.jpg,112.0,112.0,112.0,36.76038277609328,0.0,0
valid/4-15/71.jpg,112.0,112.0,112.0,185.17103251970687,180.0,2
valid/4-15/8.jpg,112.0,112.0,112.0,8.8253907203909,0.0,0
valid/4-15/9.jpg,112.0,112.0,112.0,36.76038277609328,0.0,0
valid/4-15/97.jpg,112.0,112.0,9.823681804441591,112.0,270.0,3
valid/4-20/27.jpg,112.0,112.0,112.0,17.628394100767792,0.0,0
valid/4-20/32.jpg,112.0,112.0,112.0,39.986112450444665,0.0,0
valid/4-20/45.jpg,112.0,112.0,112.0,21.66174675144532,0.0,0
valid/4-20/48.jpg,112.0,112.0,112.0,34.52742420701374,0.0,0
valid/4-20/63.jpg,112.0,112.0,20.32121292250862,112.0,270.0,3
valid/4-20/73.jpg,112.0,112.0,112.0,203.6787870774914,180.0,2
valid/4-20/98.jpg,112.0,112.0,112.0,33.2789735839274,0.0,0
valid/4-25/1.jpg,112.0,112.0,112.0,39.08223810346344,0.0,0
valid/4-25/27.jpg,112.0,112.0,112.0,195.19254774317227,180.0,2
valid/4-25/28.jpg,112.0,112.0,112.0,23.0,0.0,0
valid/4-25/32.jpg,112.0,112.0,112.0,188.4852927038918,180.0,2
valid/4-25/34.jpg,112.0,112.0,202.33825324855468,112.0,90.0,1
valid/4-25/47.jpg,112.0,112.0,112.0,10.03431949915698,0.0,0
valid/4-25/58.jpg,112.0,112.0,112.0,10.481528774316146,0.0,0
valid/4-25/69.jpg,112.0,112.0,112.0,34.61137034421658,0.0,0
valid/4-30/1.jpg,112.0,112.0,112.0,37.56882373628642,0.0,0
valid/4-30/20.jpg,112.0,112.0,112.0,211.1261822123701,180.0,2
valid/4-30/25.jpg,112.0,112.0,112.0,66.60176214873533,0.0,0
valid/4-30/34.jpg,112.0,112.0,112.0,67.59279337765096,0.0,0
valid/4-30/36.jpg,112.0,112.0,112.0,156.18144406874904,180.0,2
valid/4-30/42.jpg,112.0,112.0,112.0,67.59279337765096,0.0,0
valid/4-30/63.jpg,112.0,112.0,66.72307430931292,112.0,270.0,3
valid/4-30/74.jpg,112.0,112.0,112.0,148.3455636907725,180.0,2
valid/4-35/0.jpg,112.0,112.0,112.0,19.642000887849463,0.0,0
valid/4-35/15.jpg,112.0,112.0,112.0,18.522730035585653,0.0,0
valid/4-35/17.jpg,112.0,112.0,112.0,5.995283123815668,0.0,0
valid/4-35/24.jpg,112.0,112.0,112.0,12.702467301548722,0.0,0
valid/4-35/28.jpg,112.0,112.0,112.0,19.642000887849463,0.0,0
valid/4-35/3.jpg,112.0,112.0,206.3716058992322,112.0,90.0,1
valid/4-35/34.jpg,112.0,112.0,198.53323061113576,112.0,90.0,1
valid/4-35/91.jpg,112.0,112.0,18.255666837936275,112.0,270.0,3
valid/4-40/16.jpg,112.0,112.0,30.458599472415244,112.0,270.0,3
valid/4-40/36.jpg,112.0,112.0,112.0,6.524884451355064,0.0,0
valid/4-40/4.jpg,112.0,112.0,204.5742944882649,112.0,90.0,1
valid/4-40/47.jpg,112.0,112.0,216.00961494015831,112.0,90.0,1
valid/4-40/55.jpg,112.0,112.0,112.0,23.16307074194876,0.0,0
valid/4-40/72.jpg,112.0,112.0,112.0,8.535030082641015,0.0,0
valid/4-45/10.jpg,112.0,112.0,112.0,17.914932109287392,0.0,0
valid/4-45/18.jpg,112.0,112.0,112.0,182.34912934784623,180.0,2
valid/4-45/24.jpg,112.0,112.0,112.0,65.7290587949629,0.0,0
valid/4-45/31.jpg,112.0,112.0,155.18564576337835,112.0,90.0,1
valid/4-45/36.jpg,112.0,112.0,66.82257200769394,112.0,270.0,3
valid/4-45/44.jpg,112.0,112.0,112.0,72.54116068610227,0.0,0
valid/4-50/2.jpg,112.0,112.0,213.965680500843,112.0,90.0,1
valid/4-50/71.jpg,112.0,112.0,112.0,12.717574566290937,0.0,0
valid/4-50/8.jpg,112.0,112.0,112.0,18.255666837936275,0.0,0
valid/4-50/84.jpg,112.0,112.0,112.0,19.642000887849463,0.0,0
valid/4-50/85.jpg,112.0,112.0,112.0,21.86121811340027,0.0,0
valid/4-50/92.jpg,112.0,112.0,112.0,21.027476675646724,0.0,0
valid/4-50/96.jpg,112.0,112.0,200.5663593019381,112.0,90.0,1
valid/4-55/13.jpg,112.0,112.0,24.63295815926924,112.0,270.0,3
valid/4-55/24.jpg,112.0,112.0,112.0,31.290644904075705,0.0,0
valid/4-55/28.jpg,112.0,112.0,112.0,18.255666837936275,0.0,0
valid/4-55/50.jpg,112.0,112.0,50.967221921331486,112.0,270.0,3
valid/4-55/56.jpg,112.0,112.0,112.0,22.691545752935568,0.0,0
valid/4-55/69.jpg,112.0,112.0,112.0,40.152940213255775,0.0,0
valid/4-55/7.jpg,112.0,112.0,112.0,169.6974869470066,180.0,2
valid/4-55/72.jpg,112.0,112.0,21.5732340509736,112.0,270.0,3
valid/4-55/8.jpg,112.0,112.0,217.3944970100432,112.0,90.0,1
valid/4-55/97.jpg,112.0,112.0,23.24753524549304,112.0,270.0,3
valid/5-00/10.jpg,112.0,112.0,112.0,21.800221729762555,0.0,0
valid/5-00/12.jpg,112.0,112.0,112.0,53.78488168868847,0.0,0
valid/5-00/36.jpg,112.0,112.0,112.0,8.8253907203909,0.0,0
valid/5-00/38.jpg,112.0,112.0,202.13878188659973,112.0,90.0,1
valid/5-00/74.jpg,112.0,112.0,173.29437168288783,112.0,90.0,1
valid/5-00/8.jpg,112.0,112.0,112.0,6.881019791856815,0.0,0
valid/5-00/84.jpg,112.0,112.0,45.81087702650835,112.0,270.0,3
valid/5-00/92.jpg,112.0,112.0,112.0,16.868512047797765,0.0,0
valid/5-05/18.jpg,112.0,112.0,112.0,19.42570551173506,0.0,0
valid/5-05/24.jpg,112.0,112.0,210.3869910099908,112.0,90.0,1
valid/5-05/31.jpg,112.0,112.0,112.0,196.970583144992,180.0,2
valid/5-05/51.jpg,112.0,112.0,112.0,199.2066511224918,180.0,2
valid/5-05/64.jpg,112.0,112.0,112.0,200.54942122905152,180.0,2
valid/5-05/7.jpg,112.0,112.0,112.0,202.785461391128,180.0,2
valid/5-05/76.jpg,112.0,112.0,20.19041444380657,112.0,270.0,3
valid/5-10/28.jpg,112.0,112.0,112.0,209.63708311906908,180.0,2
valid/5-10/29.jpg,112.0,112.0,112.0,18.255666837936275,0.0,0
valid/5-10/45.jpg,112.0,112.0,208.2548700066651,112.0,90.0,1
valid/5-10/51.jpg,112.0,112.0,112.0,22.105617528123588,0.0,0
valid/5-15/50.jpg,112.0,112.0,174.20128616033594,112.0,90.0,1
valid/5-15/53.jpg,112.0,112.0,112.0,83.13826062067638,0.0,0
valid/5-15/63.jpg,112.0,112.0,193.15417426109397,112.0,90.0,1
valid/5-15/7.jpg,112.0,112.0,112.0,22.797982085605256,0.0,0
valid/5-15/75.jpg,112.0,112.0,194.0975030070952,112.0,90.0,1
valid/5-15/88.jpg,112.0,112.0,112.0,17.80870528546707,0.0,0
valid/5-15/95.jpg,112.0,112.0,112.0,6.881019791856815,0.0,0
valid/5-20/12.jpg,112.0,112.0,6.453801584329909,112.0,270.0,3
valid/5-20/2.jpg,112.0,112.0,213.07423014794625,112.0,90.0,1
valid/5-20/44.jpg,112.0,112.0,210.83825170448935,112.0,90.0,1
valid/5-20/48.jpg,112.0,112.0,112.0,39.90977874912576,0.0,0
valid/5-20/64.jpg,112.0,112.0,112.0,23.897786633932967,0.0,0
valid/5-20/86.jpg,112.0,112.0,202.785461391128,112.0,90.0,1
valid/5-20/89.jpg,112.0,112.0,112.0,44.45742083692687,0.0,0
valid/5-20/9.jpg,112.0,112.0,112.0,39.08223810346344,0.0,0
valid/5-25/17.jpg,112.0,112.0,217.6882207249228,112.0,90.0,1
valid/5-25/26.jpg,112.0,112.0,112.0,15.745129993334883,0.0,0
valid/5-25/48.jpg,112.0,112.0,112.0,53.991379950907294,0.0,0
valid/5-25/53.jpg,112.0,112.0,112.0,46.54008860378744,0.0,0
valid/5-25/67.jpg,112.0,112.0,112.0,202.13878188659973,180.0,2
valid/5-25/8.jpg,112.0,112.0,112.0,38.50170069994816,0.0,0
valid/5-30/17.jpg,112.0,112.0,112.0,67.59279337765096,0.0,0
valid/5-30/24.jpg,112.0,112.0,112.0,67.59279337765096,0.0,0
valid/5-30/30.jpg,112.0,112.0,112.0,156.18144406874904,180.0,2
valid/5-30/31.jpg,112.0,112.0,112.0,43.6406553571496,0.0,0
valid/5-30/48.jpg,112.0,112.0,76.64466094067262,112.0,270.0,3
valid/5-35/10.jpg,112.0,112.0,112.0,19.642000887849463,0.0,0
valid/5-35/32.jpg,112.0,112.0,112.0,48.1799404575646,0.0,0
valid/5-35/44.jpg,112.0,112.0,112.0,16.868512047797765,0.0,0
valid/5-35/49.jpg,112.0,112.0,40.71886645121306,112.0,270.0,3
valid/5-35/66.jpg,112.0,112.0,185.2393336944022,112.0,90.0,1
valid/5-35/67.jpg,112.0,112.0,112.0,19.642000887849463,0.0,0
valid/5-35/94.jpg,112.0,112.0,203.80958555619344,112.0,90.0,1
valid/5-35/99.jpg,112.0,112.0,112.0,181.06518659932803,180.0,2
valid/5-40/10.jpg,112.0,112.0,112.0,31.04322140796361,0.0,0
valid/5-40/28.jpg,112.0,112.0,202.33825324855468,112.0,90.0,1
valid/5-40/52.jpg,112.0,112.0,112.0,44.88070322180066,0.0,0
valid/5-40/8.jpg,112.0,112.0,112.0,24.33586822422754,0.0,0
valid/5-40/83.jpg,112.0,112.0,180.4470598345904,112.0,90.0,1
valid/5-40/84.jpg,112.0,112.0,112.0,42.64583646240119,0.0,0
valid/5-40/99.jpg,112.0,112.0,112.0,179.54257916307313,180.0,2
valid/5-45/29.jpg,112.0,112.0,6.9238371465725805,112.0,270.0,3
valid/5-45/57.jpg,112.0,112.0,112.0,34.58553106815238,0.0,0
valid/5-45/63.jpg,112.0,112.0,112.0,203.19758768739445,180.0,2
valid/5-50/2.jpg,112.0,112.0,112.0,21.86121811340027,0.0,0
valid/5-50/21.jpg,112.0,112.0,112.0,6.90480505750989,0.0,0
valid/5-50/33.jpg,112.0,112.0,112.0,15.20123967735951,0.0,0
valid/5-50/69.jpg,112.0,112.0,112.0,44.88070322180066,0.0,0
valid/5-50/70.jpg,112.0,112.0,112.0,12.97980004059778,0.0,0
valid/5-50/78.jpg,112.0,112.0,112.0,20.19041444380657,0.0,0
valid/5-50/82.jpg,112.0,112.0,112.0,9.374467114660009,0.0,0
valid/5-50/87.jpg,112.0,112.0,112.0,7.9903850598416994,0.0,0
valid/5-50/91.jpg,112.0,112.0,112.0,20.32121292250862,0.0,0
valid/5-55/22.jpg,112.0,112.0,112.0,201.0056178002265,180.0,2
valid/5-55/27.jpg,112.0,112.0,112.0,193.85963596303125,180.0,2
valid/5-55/31.jpg,112.0,112.0,112.0,187.15317691222373,180.0,2
valid/5-55/32.jpg,112.0,112.0,176.88451279003334,112.0,90.0,1
valid/5-55/33.jpg,112.0,112.0,191.1580697086532,112.0,90.0,1
valid/5-55/38.jpg,112.0,112.0,112.0,19.869657549751835,0.0,0
valid/5-55/40.jpg,112.0,112.0,184.4223722339996,112.0,90.0,1
valid/5-55/88.jpg,112.0,112.0,180.87670143089025,112.0,90.0,1
valid/6-00/42.jpg,112.0,112.0,38.665151530803584,112.0,270.0,3
valid/6-00/61.jpg,112.0,112.0,21.72818823131996,112.0,270.0,3
valid/6-00/74.jpg,112.0,112.0,112.0,49.710353990410255,0.0,0
valid/6-00/83.jpg,112.0,112.0,212.2447006080621,112.0,90.0,1
valid/6-00/87.jpg,112.0,112.0,112.0,34.8378331045583,0.0,0
valid/6-05/15.jpg,112.0,112.0,112.0,200.54942122905152,180.0,2
valid/6-05/20.jpg,112.0,112.0,112.0,12.677293633328745,0.0,0
valid/6-05/46.jpg,112.0,112.0,202.33825324855468,112.0,90.0,1
valid/6-05/50.jpg,112.0,112.0,112.0,202.785461391128,180.0,2
valid/6-05/75.jpg,112.0,112.0,112.0,202.785461391128,180.0,2
valid/6-05/86.jpg,112.0,112.0,112.0,203.6787870774914,180.0,2
valid/6-05/90.jpg,112.0,112.0,112.0,200.54942122905152,180.0,2
valid/6-05/93.jpg,112.0,112.0,18.255666837936275,112.0,270.0,3
valid/6-05/98.jpg,112.0,112.0,9.140873035009676,112.0,270.0,3
valid/6-10/15.jpg,112.0,112.0,112.0,14.650115562472294,0.0,0
valid/6-10/18.jpg,112.0,112.0,112.0,201.58794561770011,180.0,2
valid/6-10/20.jpg,112.0,112.0,21.86121811340027,112.0,270.0,3
valid/6-10/63.jpg,112.0,112.0,112.0,21.21453860887196,0.0,0
valid/6-10/72.jpg,112.0,112.0,112.0,8.231025831417227,0.0,0
valid/6-10/73.jpg,112.0,112.0,112.0,22.557280900008408,0.0,0
valid/6-15/18.jpg,112.0,112.0,55.77722881251761,112.0,270.0,3
valid/6-15/25.jpg,112.0,112.0,112.0,18.914018241198107,0.0,0
valid/6-15/36.jpg,112.0,112.0,202.0499861188218,112.0,90.0,1
valid/6-15/37.jpg,112.0,112.0,112.0,12.818348471100762,0.0,0
valid/6-15/40.jpg,112.0,112.0,50.70562831711218,112.0,270.0,3
valid/6-15/95.jpg,112.0,112.0,112.0,200.09086218218096,180.0,2
valid/6-20/19.jpg,112.0,112.0,112.0,23.0,0.0,0
valid/6-20/49.jpg,112.0,112.0,112.0,39.08223810346344,0.0,0
valid/6-20/55.jpg,112.0,112.0,112.0,202.35485598461213,180.0,2
valid/6-20/61.jpg,112.0,112.0,112.0,208.1509230324909,180.0,2
valid/6-20/72.jpg,112.0,112.0,112.0,23.897786633932967,0.0,0
valid/6-20/9.jpg,112.0,112.0,187.58438992278764,112.0,90.0,1
valid/6-20/95.jpg,112.0,112.0,112.0,11.376941012509462,0.0,0
valid/6-25/31.jpg,112.0,112.0,179.6756972627545,112.0,90.0,1
valid/6-25/45.jpg,112.0,112.0,112.0,24.63295815926924,0.0,0
valid/6-25/46.jpg,112.0,112.0,202.4267659490264,112.0,90.0,1
valid/6-25/61.jpg,112.0,112.0,202.4267659490264,112.0,90.0,1
valid/6-25/84.jpg,112.0,112.0,112.0,46.54008860378744,0.0,0
valid/6-30/30.jpg,112.0,112.0,112.0,156.55333881989094,180.0,2
valid/6-30/55.jpg,112.0,112.0,112.0,66.95557748177916,0.0,0
valid/6-30/67.jpg,112.0,112.0,159.2652091923859,112.0,90.0,1
valid/6-30/68.jpg,112.0,112.0,112.0,50.8689931376883,0.0,0
valid/6-30/69.jpg,112.0,112.0,181.18092222571192,112.0,90.0,1
valid/6-30/79.jpg,112.0,112.0,54.6850804763716,112.0,270.0,3
valid/6-30/87.jpg,112.0,112.0,67.44666118010907,112.0,270.0,3
valid/6-30/94.jpg,112.0,112.0,71.55250316768664,112.0,270.0,3
valid/6-35/19.jpg,112.0,112.0,203.80958555619344,112.0,90.0,1
valid/6-35/42.jpg,112.0,112.0,112.0,19.642000887849463,0.0,0
valid/6-35/55.jpg,112.0,112.0,112.0,22.11117978302308,0.0,0
valid/6-35/62.jpg,112.0,112.0,112.0,21.86121811340027,0.0,0
valid/6-35/65.jpg,112.0,112.0,112.0,40.152940213255775,0.0,0
valid/6-35/69.jpg,112.0,112.0,178.0302960768767,112.0,90.0,1
valid/6-35/81.jpg,112.0,112.0,39.05481510065246,112.0,270.0,3
valid/6-35/89.jpg,112.0,112.0,112.0,21.86121811340027,0.0,0
valid/6-40/14.jpg,112.0,112.0,59.07552551040303,112.0,270.0,3
valid/6-40/28.jpg,112.0,112.0,112.0,23.43364069806188,0.0,0
valid/6-40/29.jpg,112.0,112.0,112.0,7.34819638439096,0.0,0
valid/6-40/30.jpg,112.0,112.0,202.33825324855468,112.0,90.0,1
valid/6-40/33.jpg,112.0,112.0,112.0,39.08223810346344,0.0,0
valid/6-40/55.jpg,112.0,112.0,22.529334416245675,112.0,270.0,3
valid/6-40/61.jpg,112.0,112.0,112.0,16.292111087956812,0.0,0
valid/6-45/16.jpg,112.0,112.0,29.70176186576046,112.0,270.0,3
valid/6-45/20.jpg,112.0,112.0,112.0,37.89197074540438,0.0,0
valid/6-45/41.jpg,112.0,112.0,112.0,21.72818823131996,0.0,0
valid/6-45/44.jpg,112.0,112.0,112.0,68.58341330781518,0.0,0
valid/6-45/56.jpg,112.0,112.0,155.18564576337835,112.0,90.0,1
valid/6-45/6.jpg,112.0,112.0,112.0,66.60176214873533,0.0,0
valid/6-50/15.jpg,112.0,112.0,194.92767933567177,112.0,90.0,1
valid/6-50/4.jpg,112.0,112.0,112.0,9.374467114660009,0.0,0
valid/6-50/82.jpg,112.0,112.0,214.62553288534,112.0,90.0,1
valid/6-55/12.jpg,112.0,112.0,204.3579991121505,112.0,90.0,1
valid/6-55/17.jpg,112.0,112.0,112.0,31.04322140796361,0.0,0
valid/6-55/27.jpg,112.0,112.0,196.52810183601665,112.0,90.0,1
valid/6-55/33.jpg,112.0,112.0,112.0,19.42570551173506,0.0,0
valid/6-55/44.jpg,112.0,112.0,25.46676938886425,112.0,270.0,3
valid/6-55/47.jpg,112.0,112.0,112.0,25.235952146064548,0.0,0
valid/6-55/57.jpg,112.0,112.0,112.0,7.34819638439096,0.0,0
valid/6-55/64.jpg,112.0,112.0,7.692761516757613,112.0,270.0,3
valid/6-55/84.jpg,112.0,112.0,112.0,39.986112450444665,0.0,0
valid/7-00/1.jpg,112.0,112.0,112.0,64.61856903807146,0.0,0
valid/7-00/24.jpg,112.0,112.0,112.0,34.8378331045583,0.0,0
valid/7-00/37.jpg,112.0,112.0,47.875121832474406,112.0,270.0,3
valid/7-00/47.jpg,112.0,112.0,112.0,196.1486779456457,180.0,2
valid/7-00/53.jpg,112.0,112.0,163.2445119012758,112.0,90.0,1
valid/7-00/61.jpg,112.0,112.0,112.0,34.8378331045583,0.0,0
valid/7-00/64.jpg,112.0,112.0,112.0,25.85477378287291,0.0,0
valid/7-00/76.jpg,112.0,112.0,190.1600921186765,112.0,90.0,1
valid/7-00/86.jpg,112.0,112.0,189.1621668954417,112.0,90.0,1
valid/7-00/90.jpg,112.0,112.0,112.0,32.898798997739604,0.0,0
valid/7-05/15.jpg,112.0,112.0,112.0,39.888974490720216,0.0,0
valid/7-05/16.jpg,112.0,112.0,112.0,12.270365487484112,0.0,0
valid/7-05/45.jpg,112.0,112.0,12.430928496846974,112.0,270.0,3
valid/7-05/46.jpg,112.0,112.0,112.0,24.63295815926924,0.0,0
valid/7-05/50.jpg,112.0,112.0,112.0,202.785461391128,180.0,2
valid/7-05/64.jpg,112.0,112.0,201.58794561770011,112.0,90.0,1
valid/7-05/7.jpg,112.0,112.0,112.0,19.864230615900325,0.0,0
valid/7-05/89.jpg,112.0,112.0,5.995283123815668,112.0,270.0,3
valid/7-05/9.jpg,112.0,112.0,112.0,58.176213436808446,0.0,0
valid/7-10/12.jpg,112.0,112.0,19.086061325547064,112.0,270.0,3
valid/7-10/33.jpg,112.0,112.0,112.0,16.868512047797765,0.0,0
valid/7-10/4.jpg,112.0,112.0,112.0,12.97980004059778,0.0,0
valid/7-10/5.jpg,112.0,112.0,112.0,37.31399060064864,0.0,0
valid/7-10/51.jpg,112.0,112.0,112.0,23.45057877094848,0.0,0
valid/7-10/59.jpg,112.0,112.0,79.35034456537099,112.0,270.0,3
valid/7-10/63.jpg,112.0,112.0,21.66174675144532,112.0,270.0,3
valid/7-10/72.jpg,112.0,112.0,112.0,8.231025831417227,0.0,0
valid/7-10/81.jpg,112.0,112.0,204.64987857520376,112.0,90.0,1
valid/7-10/99.jpg,112.0,112.0,112.0,43.12329856910975,0.0,0
valid/7-15/0.jpg,112.0,112.0,112.0,30.845825738906072,0.0,0
valid/7-15/1.jpg,112.0,112.0,112.0,54.6850804763716,0.0,0
valid/7-15/18.jpg,112.0,112.0,167.14526271584896,112.0,90.0,1
valid/7-15/31.jpg,112.0,112.0,112.0,30.7780817759147,0.0,0
valid/7-15/47.jpg,112.0,112.0,112.0,10.821939136984838,0.0,0
valid/7-15/8.jpg,112.0,112.0,112.0,8.8253907203909,0.0,0
valid/7-15/80.jpg,112.0,112.0,187.1664818918645,112.0,90.0,1
valid/7-15/84.jpg,112.0,112.0,112.0,37.75715522691766,0.0,0
valid/7-15/86.jpg,112.0,112.0,28.84953397605038,112.0,270.0,3
valid/7-15/9.jpg,112.0,112.0,112.0,186.10802925459564,180.0,2
valid/7-20/27.jpg,112.0,112.0,112.0,6.449064428589736,0.0,0
valid/7-20/33.jpg,112.0,112.0,112.0,192.0562302385017,180.0,2
valid/7-20/45.jpg,112.0,112.0,112.0,20.32121292250862,0.0,0
valid/7-20/48.jpg,112.0,112.0,112.0,155.4165866921848,180.0,2
valid/7-20/60.jpg,112.0,112.0,12.140098137440576,112.0,270.0,3
valid/7-20/66.jpg,112.0,112.0,112.0,34.179694166625126,0.0,0
valid/7-25/12.jpg,112.0,112.0,112.0,22.557280900008408,0.0,0
valid/7-25/20.jpg,112.0,112.0,112.0,214.62553288534,180.0,2
valid/7-25/22.jpg,112.0,112.0,201.0056178002265,112.0,90.0,1
valid/7-25/37.jpg,112.0,112.0,112.0,12.270365487484112,0.0,0
valid/7-25/50.jpg,112.0,112.0,56.963648376731946,112.0,270.0,3
valid/7-25/63.jpg,112.0,112.0,112.0,204.3579991121505,180.0,2
valid/7-25/88.jpg,112.0,112.0,112.0,28.513474141032788,0.0,0
valid/7-25/93.jpg,112.0,112.0,112.0,199.9204185613331,180.0,2
valid/7-30/21.jpg,112.0,112.0,112.0,67.59279337765096,0.0,0
valid/7-30/40.jpg,112.0,112.0,112.0,146.71310991541958,180.0,2
valid/7-30/48.jpg,112.0,112.0,112.0,84.34136662812134,0.0,0
valid/7-30/50.jpg,112.0,112.0,157.39823785126467,112.0,90.0,1
valid/7-30/53.jpg,112.0,112.0,112.0,86.29007973563512,0.0,0
valid/7-30/56.jpg,112.0,112.0,112.0,74.66369059481106,0.0,0
valid/7-30/66.jpg,112.0,112.0,112.0,76.64466094067262,0.0,0
valid/7-30/78.jpg,112.0,112.0,112.0,20.912130335592977,0.0,0
valid/7-30/8.jpg,112.0,112.0,112.0,6.957151599930427,0.0,0
valid/7-35/10.jpg,112.0,112.0,15.849076967509047,112.0,270.0,3
valid/7-35/19.jpg,112.0,112.0,112.0,202.33825324855468,180.0,2
valid/7-35/20.jpg,112.0,112.0,200.10221336606705,112.0,90.0,1
valid/7-35/64.jpg,112.0,112.0,112.0,20.758562045526705,0.0,0
valid/7-35/7.jpg,112.0,112.0,112.0,21.21453860887196,0.0,0
valid/7-35/83.jpg,112.0,112.0,112.0,203.23595782365635,180.0,2
valid/7-35/84.jpg,112.0,112.0,112.0,21.21453860887196,0.0,0
valid/7-35/89.jpg,112.0,112.0,112.0,23.45057877094848,0.0,0
valid/7-35/97.jpg,112.0,112.0,112.0,200.5663593019381,180.0,2
valid/7-40/13.jpg,112.0,112.0,112.0,50.67300757415215,0.0,0
valid/7-40/2.jpg,112.0,112.0,112.0,28.80745225682772,0.0,0
valid/7-40/34.jpg,112.0,112.0,112.0,194.73451516749225,180.0,2
valid/7-40/7.jpg,112.0,112.0,112.0,174.1691241694782,180.0,2
valid/7-40/84.jpg,112.0,112.0,112.0,42.64583646240119,0.0,0
valid/7-40/85.jpg,112.0,112.0,56.05359707720254,112.0,270.0,3
valid/7-40/88.jpg,112.0,112.0,17.628394100767792,112.0,270.0,3
valid/7-40/96.jpg,112.0,112.0,181.7782200976781,112.0,90.0,1
valid/7-40/97.jpg,112.0,112.0,112.0,199.2066511224918,180.0,2
valid/7-45/10.jpg,112.0,112.0,112.0,22.72514351733743,0.0,0
valid/7-45/31.jpg,112.0,112.0,143.25699921617556,112.0,90.0,1
valid/7-45/4.jpg,112.0,112.0,112.0,13.750318066672603,0.0,0
valid/7-45/44.jpg,112.0,112.0,8.689787532887152,112.0,270.0,3
valid/7-45/70.jpg,112.0,112.0,112.0,41.88580742816758,0.0,0
valid/7-45/79.jpg,112.0,112.0,112.0,167.2268050859363,180.0,2
valid/7-45/98.jpg,112.0,112.0,112.0,135.34523505985752,180.0,2
valid/7-50/2.jpg,112.0,112.0,11.815170809148952,112.0,270.0,3
valid/7-50/61.jpg,112.0,112.0,112.0,19.642000887849463,0.0,0
valid/7-50/63.jpg,112.0,112.0,201.58794561770011,112.0,90.0,1
valid/7-50/64.jpg,112.0,112.0,112.0,22.691545752935568,0.0,0
valid/7-50/74.jpg,112.0,112.0,112.0,11.0445642870083,0.0,0
valid/7-50/8.jpg,112.0,112.0,18.255666837936275,112.0,270.0,3
valid/7-50/81.jpg,112.0,112.0,204.64987857520376,112.0,90.0,1
valid/7-55/16.jpg,112.0,112.0,30.458599472415244,112.0,270.0,3
valid/7-55/32.jpg,112.0,112.0,39.32951080390335,112.0,270.0,3
valid/7-55/44.jpg,112.0,112.0,112.0,12.717574566290937,0.0,0
valid/7-55/62.jpg,112.0,112.0,185.348483283569,112.0,90.0,1
valid/7-55/68.jpg,112.0,112.0,112.0,196.52810183601665,180.0,2
valid/7-55/72.jpg,112.0,112.0,216.65658125507449,112.0,90.0,1
valid/7-55/96.jpg,112.0,112.0,112.0,186.88658090739625,180.0,2
valid/8-00/10.jpg,112.0,112.0,112.0,30.845825738906072,0.0,0
valid/8-00/66.jpg,112.0,112.0,112.0,48.80189876270016,0.0,0
valid/8-00/73.jpg,112.0,112.0,112.0,56.773194914063694,0.0,0
valid/8-00/84.jpg,112.0,112.0,112.0,46.72366431852964,0.0,0
valid/8-00/92.jpg,112.0,112.0,112.0,16.868512047797765,0.0,0
valid/8-00/93.jpg,112.0,112.0,112.0,34.8378331045583,0.0,0
valid/8-05/16.jpg,112.0,112.0,112.0,210.83825170448935,180.0,2
valid/8-05/18.jpg,112.0,112.0,112.0,20.76404217634365,0.0,0
valid/8-05/26.jpg,112.0,112.0,19.35012142479624,112.0,270.0,3
valid/8-05/34.jpg,112.0,112.0,17.968090522418933,112.0,270.0,3
valid/8-05/50.jpg,112.0,112.0,21.66174675144532,112.0,270.0,3
valid/8-05/60.jpg,112.0,112.0,7.798272567101847,112.0,270.0,3
valid/8-05/63.jpg,112.0,112.0,112.0,202.785461391128,180.0,2
valid/8-05/69.jpg,112.0,112.0,12.717574566290937,112.0,270.0,3
valid/8-05/84.jpg,112.0,112.0,112.0,202.785461391128,180.0,2
valid/8-05/91.jpg,112.0,112.0,112.0,22.10005561736982,0.0,0
valid/8-10/12.jpg,112.0,112.0,112.0,168.93856338194703,180.0,2
valid/8-10/31.jpg,112.0,112.0,112.0,24.908094520787984,0.0,0
valid/8-10/44.jpg,112.0,112.0,12.270365487484112,112.0,270.0,3
valid/8-10/69.jpg,112.0,112.0,53.16973567966909,112.0,270.0,3
valid/8-10/89.jpg,112.0,112.0,112.0,168.0802995712398,180.0,2
valid/8-10/90.jpg,112.0,112.0,112.0,165.33854141237833,180.0,2
valid/8-15/16.jpg,112.0,112.0,29.847702405836515,112.0,270.0,3
valid/8-15/21.jpg,112.0,112.0,213.1236866416568,112.0,90.0,1
valid/8-15/28.jpg,112.0,112.0,112.0,27.7859869142908,0.0,0
valid/8-15/44.jpg,112.0,112.0,6.828711142251379,112.0,270.0,3
valid/8-15/47.jpg,112.0,112.0,112.0,10.821939136984838,0.0,0
valid/8-15/50.jpg,112.0,112.0,112.0,49.710353990410255,0.0,0
valid/8-15/62.jpg,112.0,112.0,112.0,31.843902290593007,0.0,0
valid/8-20/20.jpg,112.0,112.0,23.79569171520022,112.0,270.0,3
valid/8-20/32.jpg,112.0,112.0,187.58438992278764,112.0,90.0,1
valid/8-20/44.jpg,112.0,112.0,210.83825170448935,112.0,90.0,1
valid/8-20/48.jpg,112.0,112.0,112.0,69.98809692479999,0.0,0
valid/8-20/57.jpg,112.0,112.0,171.50630218724734,112.0,90.0,1
valid/8-20/62.jpg,112.0,112.0,112.0,32.67787193979224,0.0,0
valid/8-20/63.jpg,112.0,112.0,112.0,20.731166327162924,0.0,0
valid/8-20/8.jpg,112.0,112.0,21.5732340509736,112.0,270.0,3
valid/8-25/0.jpg,112.0,112.0,14.36291688093094,112.0,270.0,3
valid/8-25/25.jpg,112.0,112.0,112.0,15.20123967735951,0.0,0
valid/8-25/28.jpg,112.0,112.0,186.3303437365925,112.0,90.0,1
valid/8-25/46.jpg,112.0,112.0,19.642000887849463,112.0,270.0,3
valid/8-25/48.jpg,112.0,112.0,47.11548720996666,112.0,270.0,3
valid/8-25/51.jpg,112.0,112.0,202.4267659490264,112.0,90.0,1
valid/8-25/60.jpg,112.0,112.0,112.0,17.189663010829875,0.0,0
valid/8-25/67.jpg,112.0,112.0,18.8066525979456,112.0,270.0,3
valid/8-25/92.jpg,112.0,112.0,112.0,13.521575967118563,0.0,0
valid/8-30/16.jpg,112.0,112.0,112.0,27.708837948453933,0.0,0
valid/8-30/34.jpg,112.0,112.0,198.09297300012355,112.0,90.0,1
valid/8-30/45.jpg,112.0,112.0,20.86274087948442,112.0,270.0,3
valid/8-30/6.jpg,112.0,112.0,112.0,43.6406553571496,0.0,0
valid/8-30/76.jpg,112.0,112.0,112.0,17.914932109287392,0.0,0
valid/8-30/8.jpg,112.0,112.0,112.0,154.19004621945797,180.0,2
valid/8-30/84.jpg,112.0,112.0,112.0,44.52407836865065,0.0,0
valid/8-30/95.jpg,112.0,112.0,23.79569171520022,112.0,270.0,3
valid/8-35/15.jpg,112.0,112.0,112.0,205.9148550549912,180.0,2
valid/8-35/21.jpg,112.0,112.0,187.15317691222373,112.0,90.0,1
valid/8-35/25.jpg,112.0,112.0,112.0,197.42833253669417,180.0,2
valid/8-35/34.jpg,112.0,112.0,28.80745225682772,112.0,270.0,3
valid/8-35/72.jpg,112.0,112.0,112.0,7.343418744925557,0.0,0
valid/8-35/9.jpg,112.0,112.0,112.0,43.12329856910975,0.0,0
valid/8-35/99.jpg,112.0,112.0,112.0,180.94200461257276,180.0,2
valid/8-40/49.jpg,112.0,112.0,112.0,55.9642970955124,0.0,0
valid/8-40/64.jpg,112.0,112.0,21.5732340509736,112.0,270.0,3
valid/8-40/72.jpg,112.0,112.0,112.0,7.692761516757613,0.0,0
valid/8-40/8.jpg,112.0,112.0,112.0,12.97980004059778,0.0,0
valid/8-40/80.jpg,112.0,112.0,204.9139386744529,112.0,90.0,1
valid/8-40/89.jpg,112.0,112.0,181.06518659932803,112.0,90.0,1
valid/8-40/96.jpg,112.0,112.0,203.5259526036195,112.0,90.0,1
valid/8-45/18.jpg,112.0,112.0,68.58341330781518,112.0,270.0,3
valid/8-45/26.jpg,112.0,112.0,112.0,65.6103459810272,0.0,0
valid/8-45/36.jpg,112.0,112.0,112.0,66.72307430931292,0.0,0
valid/8-45/72.jpg,112.0,112.0,152.19950248448356,112.0,90.0,1
valid/8-50/12.jpg,112.0,112.0,112.0,55.38728058112736,0.0,0
valid/8-50/28.jpg,112.0,112.0,179.6756972627545,112.0,90.0,1
valid/8-50/36.jpg,112.0,112.0,198.82165628459296,112.0,90.0,1
valid/8-50/37.jpg,112.0,112.0,12.430928496846974,112.0,270.0,3
valid/8-50/49.jpg,112.0,112.0,21.86121811340027,112.0,270.0,3
valid/8-50/89.jpg,112.0,112.0,5.76911936729509,112.0,270.0,3
valid/8-50/94.jpg,112.0,112.0,112.0,201.8888202169769,180.0,2
valid/8-50/96.jpg,112.0,112.0,112.0,51.78372313070161,0.0,0
valid/8-50/99.jpg,112.0,112.0,112.0,42.36523856578526,0.0,0
valid/8-55/0.jpg,112.0,112.0,112.0,215.46496991735896,180.0,2
valid/8-55/20.jpg,112.0,112.0,14.50641046714918,112.0,270.0,3
valid/8-55/38.jpg,112.0,112.0,112.0,21.21453860887196,0.0,0
valid/8-55/52.jpg,112.0,112.0,112.0,16.742454367121127,0.0,0
valid/8-55/57.jpg,112.0,112.0,6.881019791856815,112.0,270.0,3
valid/8-55/68.jpg,112.0,112.0,28.80745225682772,112.0,270.0,3
valid/8-55/69.jpg,112.0,112.0,112.0,173.32699242584786,180.0,2
valid/8-55/7.jpg,112.0,112.0,181.7782200976781,112.0,90.0,1
valid/8-55/80.jpg,112.0,112.0,112.0,34.61137034421658,0.0,0
valid/9-00/10.jpg,112.0,112.0,112.0,30.845825738906072,0.0,0
valid/9-00/27.jpg,112.0,112.0,112.0,65.6103459810272,0.0,0
valid/9-00/33.jpg,112.0,112.0,112.0,38.753839691080046,0.0,0
valid/9-00/84.jpg,112.0,112.0,112.0,46.72366431852964,0.0,0
valid/9-00/98.jpg,112.0,112.0,112.0,47.80498461718386,0.0,0
valid/9-05/20.jpg,112.0,112.0,12.430928496846974,112.0,270.0,3
valid/9-05/32.jpg,112.0,112.0,26.13382505316777,112.0,270.0,3
valid/9-05/35.jpg,112.0,112.0,67.58153537097438,112.0,270.0,3
valid/9-05/38.jpg,112.0,112.0,112.0,202.9725233243533,180.0,2
valid/9-05/56.jpg,112.0,112.0,112.0,19.35012142479624,0.0,0
valid/9-05/59.jpg,112.0,112.0,80.10956256179605,112.0,270.0,3
valid/9-05/61.jpg,112.0,112.0,112.0,202.785461391128,180.0,2
valid/9-05/67.jpg,112.0,112.0,198.53323061113576,112.0,90.0,1
valid/9-10/0.jpg,112.0,112.0,16.036465258932864,112.0,270.0,3
valid/9-10/27.jpg,112.0,112.0,204.9139386744529,112.0,90.0,1
valid/9-10/48.jpg,112.0,112.0,112.0,6.051899497914548,0.0,0
valid/9-10/50.jpg,112.0,112.0,112.0,35.15600218624749,0.0,0
valid/9-10/56.jpg,112.0,112.0,112.0,18.522730035585653,0.0,0
valid/9-10/58.jpg,112.0,112.0,112.0,5.995283123815668,0.0,0
valid/9-10/61.jpg,112.0,112.0,112.0,15.397722594133429,0.0,0
valid/9-10/81.jpg,112.0,112.0,112.0,18.255666837936275,0.0,0
valid/9-10/9.jpg,112.0,112.0,32.118838265833915,112.0,270.0,3
valid/9-15/12.jpg,112.0,112.0,174.072538211354,112.0,90.0,1
valid/9-15/69.jpg,112.0,112.0,112.0,57.99074153443689,0.0,0
valid/9-15/7.jpg,112.0,112.0,112.0,171.03388857258176,180.0,2
valid/9-15/75.jpg,112.0,112.0,112.0,11.875078027496071,0.0,0
valid/9-20/16.jpg,112.0,112.0,11.297467757756962,112.0,270.0,3
valid/9-20/24.jpg,112.0,112.0,205.0215028904608,112.0,90.0,1
valid/9-20/26.jpg,112.0,112.0,112.0,12.97980004059778,0.0,0
valid/9-20/29.jpg,112.0,112.0,217.5461984156701,112.0,90.0,1
valid/9-20/31.jpg,112.0,112.0,112.0,32.67787193979224,0.0,0
valid/9-20/56.jpg,112.0,112.0,8.535030082641015,112.0,270.0,3
valid/9-20/80.jpg,112.0,112.0,5.76911936729509,112.0,270.0,3
valid/9-20/87.jpg,112.0,112.0,112.0,36.28342321525622,0.0,0
valid/9-20/97.jpg,112.0,112.0,112.0,210.3869910099908,180.0,2
valid/9-25/13.jpg,112.0,112.0,40.88741320975589,112.0,270.0,3
valid/9-25/14.jpg,112.0,112.0,50.25860383826748,112.0,270.0,3
valid/9-25/18.jpg,112.0,112.0,112.0,54.57178393855508,0.0,0
valid/9-25/30.jpg,112.0,112.0,112.0,21.5732340509736,0.0,0
valid/9-25/37.jpg,112.0,112.0,37.31399060064864,112.0,270.0,3
valid/9-25/38.jpg,112.0,112.0,112.0,24.63295815926924,0.0,0
valid/9-25/5.jpg,112.0,112.0,5.995283123815668,112.0,270.0,3
valid/9-25/50.jpg,112.0,112.0,112.0,172.21627686929838,180.0,2
valid/9-25/52.jpg,112.0,112.0,112.0,202.13878188659973,180.0,2
valid/9-30/16.jpg,112.0,112.0,197.2877482408816,112.0,90.0,1
valid/9-30/20.jpg,112.0,112.0,209.2522493313137,112.0,90.0,1
valid/9-30/3.jpg,112.0,112.0,36.5745401074677,112.0,270.0,3
valid/9-30/46.jpg,112.0,112.0,33.83990788132347,112.0,270.0,3
valid/9-30/61.jpg,112.0,112.0,112.0,191.22752047110905,180.0,2
valid/9-30/66.jpg,112.0,112.0,112.0,181.18092222571192,180.0,2
valid/9-30/69.jpg,112.0,112.0,181.18092222571192,112.0,90.0,1
valid/9-30/98.jpg,112.0,112.0,112.0,42.64583646240119,0.0,0
valid/9-35/10.jpg,112.0,112.0,112.0,210.3869910099908,180.0,2
valid/9-35/12.jpg,112.0,112.0,112.0,216.65180361560903,180.0,2
valid/9-35/33.jpg,112.0,112.0,206.8103369891701,112.0,90.0,1
valid/9-35/70.jpg,112.0,112.0,36.28342321525622,112.0,270.0,3
valid/9-35/81.jpg,112.0,112.0,204.13034245024815,112.0,90.0,1
valid/9-35/84.jpg,112.0,112.0,112.0,203.23595782365635,180.0,2
valid/9-35/87.jpg,112.0,112.0,112.0,12.702467301548722,0.0,0
valid/9-35/92.jpg,112.0,112.0,112.0,19.642000887849463,0.0,0
valid/9-40/13.jpg,112.0,112.0,45.14942034656693,112.0,270.0,3
valid/9-40/16.jpg,112.0,112.0,112.0,27.685114007074645,0.0,0
valid/9-40/60.jpg,112.0,112.0,213.78899744078436,112.0,90.0,1
valid/9-40/82.jpg,112.0,112.0,112.0,14.056138528236488,0.0,0
valid/9-40/91.jpg,112.0,112.0,112.0,200.48163651289457,180.0,2
valid/9-45/26.jpg,112.0,112.0,112.0,66.72307430931292,0.0,0
valid/9-45/80.jpg,112.0,112.0,112.0,34.8378331045583,0.0,0
valid/9-45/88.jpg,112.0,112.0,112.0,204.1954445729289,180.0,2
valid/9-50/25.jpg,112.0,112.0,173.29437168288783,112.0,90.0,1
valid/9-50/99.jpg,112.0,112.0,112.0,43.75778432670873,0.0,0
valid/9-55/16.jpg,112.0,112.0,112.0,195.19254774317227,180.0,2
valid/9-55/18.jpg,112.0,112.0,165.31041174104735,112.0,90.0,1
valid/9-55/2.jpg,112.0,112.0,27.904815833485443,112.0,270.0,3
valid/9-55/40.jpg,112.0,112.0,112.0,68.91868154292396,0.0,0
valid/9-55/45.jpg,112.0,112.0,112.0,210.3869910099908,180.0,2
valid/9-55/65.jpg,112.0,112.0,112.0,45.35917167381545,0.0,0
valid/9-55/88.jpg,112.0,112.0,112.0,40.41089468361824,0.0,0
valid/9-55/90.jpg,112.0,112.0,23.45057877094848,112.0,270.0,3
valid/9-55/95.jpg,112.0,112.0,112.0,198.76404785393544,180.0,2
