file,time_h,time_m,cx,cy,minute_x,minute_y,hour_x,hour_y,rotation_deg,status,rotation_deg_int
train/1-00/1.jpg,1,0,112.0,112.0,37.0,112.0,64.37,84.5,270,ok,270
train/1-00/12.jpg,1,0,112.0,112.0,37.0,112.0,64.37,84.5,270,ok,270
train/1-00/13.jpg,1,0,112.0,112.0,37.0,112.0,64.37,84.5,270,ok,270
train/1-00/15.jpg,1,0,112.0,112.0,112.0,37.0,139.5,64.37,0,ok,0
train/1-00/16.jpg,1,0,112.0,112.0,112.0,37.0,139.5,64.37,0,ok,0
train/1-00/17.jpg,1,0,112.0,112.0,112.0,37.0,139.5,64.37,0,ok,0
train/1-00/18.jpg,1,0,112.0,112.0,112.0,37.0,139.5,64.37,0,ok,0
train/1-00/19.jpg,1,0,112.0,112.0,112.0,37.0,139.5,64.37,0,ok,0
train/1-00/2.jpg,1,0,112.0,112.0,112.0,37.0,139.5,64.37,0,ok,0
train/1-00/20.jpg,1,0,112.0,112.0,112.0,187.0,84.5,159.63,180,ok,180
train/1-00/21.jpg,1,0,112.0,112.0,37.0,112.0,64.37,84.5,270,ok,270
train/1-00/23.jpg,1,0,112.0,112.0,112.0,37.0,139.5,64.37,0,ok,0
train/1-00/26.jpg,1,0,112.0,112.0,112.0,37.0,139.5,64.37,0,ok,0
train/1-00/27.jpg,1,0,112.0,112.0,37.0,112.0,64.37,84.5,270,ok,270
train/1-00/28.jpg,1,0,112.0,112.0,112.0,37.0,139.5,64.37,0,ok,0
train/1-00/29.jpg,1,0,112.0,112.0,112.0,37.0,139.5,64.37,0,ok,0
train/1-00/3.jpg,1,0,112.0,112.0,112.0,37.0,139.5,64.37,0,ok,0
train/1-00/30.jpg,1,0,112.0,112.0,112.0,37.0,139.5,64.37,0,ok,0
train/1-00/32.jpg,1,0,112.0,112.0,112.0,37.0,139.5,64.37,0,ok,0
train/1-00/33.jpg,1,0,112.0,112.0,112.0,37.0,139.5,64.37,0,ok,0
train/1-00/34.jpg,1,0,112.0,112.0,37.0,112.0,64.37,84.5,270,ok,270
train/1-00/36.jpg,1,0,112.0,112.0,37.0,112.0,64.37,84.5,270,ok,270
train/1-00/37.jpg,1,0,112.0,112.0,112.0,37.0,139.5,64.37,0,ok,0
train/1-00/4.jpg,1,0,112.0,112.0,112.0,37.0,139.5,64.37,0,ok,0
train/1-00/40.jpg,1,0,112.0,112.0,112.0,37.0,139.5,64.37,0,ok,0
train/1-00/42.jpg,1,0,112.0,112.0,187.0,112.0,159.63,139.5,90,ok,90
train/1-00/44.jpg,1,0,112.0,112.0,37.0,112.0,64.37,84.5,270,ok,270
train/1-00/45.jpg,1,0,112.0,112.0,37.0,112.0,64.37,84.5,270,ok,270
train/1-00/46.jpg,1,0,112.0,112.0,37.0,112.0,64.37,84.5,270,ok,270
train/1-00/47.jpg,1,0,112.0,112.0,37.0,112.0,64.37,84.5,270,ok,270
train/1-00/48.jpg,1,0,112.0,112.0,112.0,37.0,139.5,64.37,0,ok,0
train/1-00/49.jpg,1,0,112.0,112.0,37.0,112.0,64.37,84.5,270,ok,270
train/1-00/5.jpg,1,0,112.0,112.0,112.0,37.0,139.5,64.37,0,ok,0
train/1-00/52.jpg,1,0,112.0,112.0,112.0,37.0,139.5,64.37,0,ok,0
train/1-00/56.jpg,1,0,112.0,112.0,112.0,187.0,84.5,159.63,180,ok,180
train/1-00/57.jpg,1,0,112.0,112.0,187.0,112.0,159.63,139.5,90,ok,90
train/1-00/6.jpg,1,0,112.0,112.0,37.0,112.0,64.37,84.5,270,ok,270
train/1-00/61.jpg,1,0,112.0,112.0,112.0,37.0,139.5,64.37,0,ok,0
train/1-00/62.jpg,1,0,112.0,112.0,112.0,37.0,139.5,64.37,0,ok,0
train/1-00/63.jpg,1,0,112.0,112.0,112.0,37.0,139.5,64.37,0,ok,0
train/1-00/64.jpg,1,0,112.0,112.0,112.0,37.0,139.5,64.37,0,ok,0
train/1-00/66.jpg,1,0,112.0,112.0,37.0,112.0,64.37,84.5,270,ok,270
train/1-00/67.jpg,1,0,112.0,112.0,187.0,112.0,159.63,139.5,90,ok,90
train/1-00/68.jpg,1,0,112.0,112.0,37.0,112.0,64.37,84.5,270,ok,270
train/1-00/72.jpg,1,0,112.0,112.0,112.0,37.0,139.5,64.37,0,ok,0
train/1-00/73.jpg,1,0,112.0,112.0,37.0,112.0,64.37,84.5,270,ok,270
train/1-00/74.jpg,1,0,112.0,112.0,112.0,37.0,139.5,64.37,0,ok,0
train/1-00/76.jpg,1,0,112.0,112.0,187.0,112.0,159.63,139.5,90,ok,90
train/1-00/78.jpg,1,0,112.0,112.0,112.0,37.0,139.5,64.37,0,ok,0
train/1-00/79.jpg,1,0,112.0,112.0,112.0,187.0,84.5,159.63,180,ok,180
train/1-00/80.jpg,1,0,112.0,112.0,112.0,187.0,84.5,159.63,180,ok,180
train/1-00/82.jpg,1,0,112.0,112.0,112.0,37.0,139.5,64.37,0,ok,0
train/1-00/83.jpg,1,0,112.0,112.0,37.0,112.0,64.37,84.5,270,ok,270
train/1-00/85.jpg,1,0,112.0,112.0,112.0,187.0,84.5,159.63,180,ok,180
train/1-00/86.jpg,1,0,112.0,112.0,37.0,112.0,64.37,84.5,270,ok,270
train/1-00/88.jpg,1,0,112.0,112.0,112.0,37.0,139.5,64.37,0,ok,0
train/1-00/89.jpg,1,0,112.0,112.0,112.0,37.0,139.5,64.37,0,ok,0
train/1-00/9.jpg,1,0,112.0,112.0,37.0,112.0,64.37,84.5,270,ok,270
train/1-00/91.jpg,1,0,112.0,112.0,112.0,37.0,139.5,64.37,0,ok,0
train/1-00/93.jpg,1,0,112.0,112.0,187.0,112.0,159.63,139.5,90,ok,90
train/1-00/94.jpg,1,0,112.0,112.0,112.0,37.0,139.5,64.37,0,ok,0
train/1-00/95.jpg,1,0,112.0,112.0,37.0,112.0,64.37,84.5,270,ok,270
train/1-00/97.jpg,1,0,112.0,112.0,112.0,37.0,139.5,64.37,0,ok,0
train/1-00/98.jpg,1,0,112.0,112.0,187.0,112.0,159.63,139.5,90,ok,90
train/1-00/99.jpg,1,0,112.0,112.0,37.0,112.0,64.37,84.5,270,ok,270
train/1-05/10.jpg,1,5,112.0,112.0,149.5,47.05,141.55,65.61,0,ok,0
train/1-05/12.jpg,1,5,112.0,112.0,149.5,47.05,141.55,65.61,0,ok,0
train/1-05/16.jpg,1,5,112.0,112.0,149.5,47.05,141.55,65.61,0,ok,0
train/1-05/17.jpg,1,5,112.0,112.0,149.5,47.05,141.55,65.61,0,ok,0
train/1-05/18.jpg,1,5,112.0,112.0,149.5,47.05,141.55,65.61,0,ok,0
train/1-05/19.jpg,1,5,112.0,112.0,149.5,47.05,141.55,65.61,0,ok,0
train/1-05/2.jpg,1,5,112.0,112.0,176.95,149.5,158.39,141.55,90,ok,90
train/1-05/20.jpg,1,5,112.0,112.0,149.5,47.05,141.55,65.61,0,ok,0
train/1-05/23.jpg,1,5,112.0,112.0,149.5,47.05,141.55,65.61,0,ok,0
train/1-05/24.jpg,1,5,112.0,112.0,47.05,74.5,65.61,82.45,270,ok,270
train/1-05/25.jpg,1,5,112.0,112.0,149.5,47.05,141.55,65.61,0,ok,0
train/1-05/26.jpg,1,5,112.0,112.0,149.5,47.05,141.55,65.61,0,ok,0
train/1-05/27.jpg,1,5,112.0,112.0,47.05,74.5,65.61,82.45,270,ok,270
train/1-05/30.jpg,1,5,112.0,112.0,47.05,74.5,65.61,82.45,270,ok,270
train/1-05/32.jpg,1,5,112.0,112.0,74.5,176.95,82.45,158.39,180,ok,180
train/1-05/34.jpg,1,5,112.0,112.0,176.95,149.5,158.39,141.55,90,ok,90
train/1-05/38.jpg,1,5,112.0,112.0,47.05,74.5,65.61,82.45,270,ok,270
train/1-05/4.jpg,1,5,112.0,112.0,74.5,176.95,82.45,158.39,180,ok,180
train/1-05/42.jpg,1,5,112.0,112.0,176.95,149.5,158.39,141.55,90,ok,90
train/1-05/44.jpg,1,5,112.0,112.0,47.05,74.5,65.61,82.45,270,ok,270
train/1-05/48.jpg,1,5,112.0,112.0,149.5,47.05,141.55,65.61,0,ok,0
train/1-05/50.jpg,1,5,112.0,112.0,149.5,47.05,141.55,65.61,0,ok,0
train/1-05/51.jpg,1,5,112.0,112.0,149.5,47.05,141.55,65.61,0,ok,0
train/1-05/52.jpg,1,5,112.0,112.0,74.5,176.95,82.45,158.39,180,ok,180
train/1-05/56.jpg,1,5,112.0,112.0,74.5,176.95,82.45,158.39,180,ok,180
train/1-05/57.jpg,1,5,112.0,112.0,74.5,176.95,82.45,158.39,180,ok,180
train/1-05/6.jpg,1,5,112.0,112.0,47.05,74.5,65.61,82.45,270,ok,270
train/1-05/60.jpg,1,5,112.0,112.0,149.5,47.05,141.55,65.61,0,ok,0
train/1-05/61.jpg,1,5,112.0,112.0,74.5,176.95,82.45,158.39,180,ok,180
train/1-05/66.jpg,1,5,112.0,112.0,149.5,47.05,141.55,65.61,0,ok,0
train/1-05/71.jpg,1,5,112.0,112.0,47.05,74.5,65.61,82.45,270,ok,270
train/1-05/72.jpg,1,5,112.0,112.0,74.5,176.95,82.45,158.39,180,ok,180
train/1-05/73.jpg,1,5,112.0,112.0,149.5,47.05,141.55,65.61,0,ok,0
train/1-05/74.jpg,1,5,112.0,112.0,149.5,47.05,141.55,65.61,0,ok,0
train/1-05/76.jpg,1,5,112.0,112.0,149.5,47.05,141.55,65.61,0,ok,0
train/1-05/79.jpg,1,5,112.0,112.0,149.5,47.05,141.55,65.61,0,ok,0
train/1-05/80.jpg,1,5,112.0,112.0,149.5,47.05,141.55,65.61,0,ok,0
train/1-05/82.jpg,1,5,112.0,112.0,74.5,176.95,82.45,158.39,180,ok,180
train/1-05/83.jpg,1,5,112.0,112.0,149.5,47.05,141.55,65.61,0,ok,0
train/1-05/85.jpg,1,5,112.0,112.0,74.5,176.95,82.45,158.39,180,ok,180
train/1-05/86.jpg,1,5,112.0,112.0,74.5,176.95,82.45,158.39,180,ok,180
train/1-05/87.jpg,1,5,112.0,112.0,149.5,47.05,141.55,65.61,0,ok,0
train/1-05/9.jpg,1,5,112.0,112.0,176.95,149.5,158.39,141.55,90,ok,90
train/1-05/91.jpg,1,5,112.0,112.0,149.5,47.05,141.55,65.61,0,ok,0
train/1-05/93.jpg,1,5,112.0,112.0,149.5,47.05,141.55,65.61,0,ok,0
train/1-05/94.jpg,1,5,112.0,112.0,149.5,47.05,141.55,65.61,0,ok,0
train/1-05/95.jpg,1,5,112.0,112.0,149.5,47.05,141.55,65.61,0,ok,0
train/1-05/96.jpg,1,5,112.0,112.0,149.5,47.05,141.55,65.61,0,ok,0
train/1-05/98.jpg,1,5,112.0,112.0,149.5,47.05,141.55,65.61,0,ok,0
train/1-05/99.jpg,1,5,112.0,112.0,149.5,47.05,141.55,65.61,0,ok,0
train/1-10/0.jpg,1,10,112.0,112.0,176.95,74.5,143.55,66.95,0,ok,0
train/1-10/10.jpg,1,10,112.0,112.0,149.5,176.95,157.05,143.55,90,ok,90
train/1-10/12.jpg,1,10,112.0,112.0,176.95,74.5,143.55,66.95,0,ok,0
train/1-10/19.jpg,1,10,112.0,112.0,176.95,74.5,143.55,66.95,0,ok,0
train/1-10/2.jpg,1,10,112.0,112.0,149.5,176.95,157.05,143.55,90,ok,90
train/1-10/20.jpg,1,10,112.0,112.0,176.95,74.5,143.55,66.95,0,ok,0
train/1-10/21.jpg,1,10,112.0,112.0,74.5,47.05,66.95,80.45,270,ok,270
train/1-10/23.jpg,1,10,112.0,112.0,176.95,74.5,143.55,66.95,0,ok,0
train/1-10/25.jpg,1,10,112.0,112.0,176.95,74.5,143.55,66.95,0,ok,0
train/1-10/26.jpg,1,10,112.0,112.0,74.5,47.05,66.95,80.45,270,ok,270
train/1-10/27.jpg,1,10,112.0,112.0,47.05,149.5,80.45,157.05,180,ok,180
train/1-10/28.jpg,1,10,112.0,112.0,176.95,74.5,143.55,66.95,0,ok,0
train/1-10/29.jpg,1,10,112.0,112.0,176.95,74.5,143.55,66.95,0,ok,0
train/1-10/30.jpg,1,10,112.0,112.0,149.5,176.95,157.05,143.55,90,ok,90
train/1-10/32.jpg,1,10,112.0,112.0,149.5,176.95,157.05,143.55,90,ok,90
train/1-10/33.jpg,1,10,112.0,112.0,74.5,47.05,66.95,80.45,270,ok,270
train/1-10/34.jpg,1,10,112.0,112.0,176.95,74.5,143.55,66.95,0,ok,0
train/1-10/36.jpg,1,10,112.0,112.0,176.95,74.5,143.55,66.95,0,ok,0
train/1-10/37.jpg,1,10,112.0,112.0,176.95,74.5,143.55,66.95,0,ok,0
train/1-10/38.jpg,1,10,112.0,112.0,176.95,74.5,143.55,66.95,0,ok,0
train/1-10/4.jpg,1,10,112.0,112.0,74.5,47.05,66.95,80.45,270,ok,270
train/1-10/40.jpg,1,10,112.0,112.0,176.95,74.5,143.55,66.95,0,ok,0
train/1-10/42.jpg,1,10,112.0,112.0,176.95,74.5,143.55,66.95,0,ok,0
train/1-10/46.jpg,1,10,112.0,112.0,176.95,74.5,143.55,66.95,0,ok,0
train/1-10/47.jpg,1,10,112.0,112.0,176.95,74.5,143.55,66.95,0,ok,0
train/1-10/48.jpg,1,10,112.0,112.0,74.5,47.05,66.95,80.45,270,ok,270
train/1-10/49.jpg,1,10,112.0,112.0,176.95,74.5,143.55,66.95,0,ok,0
train/1-10/51.jpg,1,10,112.0,112.0,176.95,74.5,143.55,66.95,0,ok,0
train/1-10/52.jpg,1,10,112.0,112.0,149.5,176.95,157.05,143.55,90,ok,90
train/1-10/53.jpg,1,10,112.0,112.0,74.5,47.05,66.95,80.45,270,ok,270
train/1-10/55.jpg,1,10,112.0,112.0,176.95,74.5,143.55,66.95,0,ok,0
train/1-10/56.jpg,1,10,112.0,112.0,74.5,47.05,66.95,80.45,270,ok,270
train/1-10/57.jpg,1,10,112.0,112.0,176.95,74.5,143.55,66.95,0,ok,0
train/1-10/58.jpg,1,10,112.0,112.0,149.5,176.95,157.05,143.55,90,ok,90
train/1-10/60.jpg,1,10,112.0,112.0,176.95,74.5,143.55,66.95,0,ok,0
train/1-10/62.jpg,1,10,112.0,112.0,176.95,74.5,143.55,66.95,0,ok,0
train/1-10/65.jpg,1,10,112.0,112.0,176.95,74.5,143.55,66.95,0,ok,0
train/1-10/66.jpg,1,10,112.0,112.0,176.95,74.5,143.55,66.95,0,ok,0
train/1-10/67.jpg,1,10,112.0,112.0,149.5,176.95,157.05,143.55,90,ok,90
train/1-10/71.jpg,1,10,112.0,112.0,47.05,149.5,80.45,157.05,180,ok,180
train/1-10/73.jpg,1,10,112.0,112.0,176.95,74.5,143.55,66.95,0,ok,0
train/1-10/74.jpg,1,10,112.0,112.0,176.95,74.5,143.55,66.95,0,ok,0
train/1-10/75.jpg,1,10,112.0,112.0,176.95,74.5,143.55,66.95,0,ok,0
train/1-10/76.jpg,1,10,112.0,112.0,74.5,47.05,66.95,80.45,270,ok,270
train/1-10/78.jpg,1,10,112.0,112.0,176.95,74.5,143.55,66.95,0,ok,0
train/1-10/79.jpg,1,10,112.0,112.0,149.5,176.95,157.05,143.55,90,ok,90
train/1-10/8.jpg,1,10,112.0,112.0,176.95,74.5,143.55,66.95,0,ok,0
train/1-10/80.jpg,1,10,112.0,112.0,176.95,74.5,143.55,66.95,0,ok,0
train/1-10/81.jpg,1,10,112.0,112.0,149.5,176.95,157.05,143.55,90,ok,90
train/1-10/82.jpg,1,10,112.0,112.0,74.5,47.05,66.95,80.45,270,ok,270
train/1-10/84.jpg,1,10,112.0,112.0,176.95,74.5,143.55,66.95,0,ok,0
train/1-10/85.jpg,1,10,112.0,112.0,176.95,74.5,143.55,66.95,0,ok,0
train/1-10/87.jpg,1,10,112.0,112.0,176.95,74.5,143.55,66.95,0,ok,0
train/1-10/89.jpg,1,10,112.0,112.0,176.95,74.5,143.55,66.95,0,ok,0
train/1-10/91.jpg,1,10,112.0,112.0,149.5,176.95,157.05,143.55,90,ok,90
train/1-10/93.jpg,1,10,112.0,112.0,149.5,176.95,157.05,143.55,90,ok,90
train/1-10/94.jpg,1,10,112.0,112.0,149.5,176.95,157.05,143.55,90,ok,90
train/1-10/95.jpg,1,10,112.0,112.0,47.05,149.5,80.45,157.05,180,ok,180
train/1-10/96.jpg,1,10,112.0,112.0,74.5,47.05,66.95,80.45,270,ok,270
train/1-10/97.jpg,1,10,112.0,112.0,176.95,74.5,143.55,66.95,0,ok,0
train/1-10/99.jpg,1,10,112.0,112.0,176.95,74.5,143.55,66.95,0,ok,0
train/1-15/1.jpg,1,15,112.0,112.0,112.0,187.0,155.63,145.48,90,ok,90
train/1-15/12.jpg,1,15,112.0,112.0,112.0,37.0,68.37,78.52,270,ok,270
train/1-15/13.jpg,1,15,112.0,112.0,187.0,112.0,145.48,68.37,0,ok,0
train/1-15/15.jpg,1,15,112.0,112.0,37.0,112.0,78.52,155.63,180,ok,180
train/1-15/16.jpg,1,15,112.0,112.0,112.0,37.0,68.37,78.52,270,ok,270
train/1-15/17.jpg,1,15,112.0,112.0,37.0,112.0,78.52,155.63,180,ok,180
train/1-15/18.jpg,1,15,112.0,112.0,37.0,112.0,78.52,155.63,180,ok,180
train/1-15/19.jpg,1,15,112.0,112.0,187.0,112.0,145.48,68.37,0,ok,0
train/1-15/2.jpg,1,15,112.0,112.0,112.0,187.0,155.63,145.48,90,ok,90
train/1-15/20.jpg,1,15,112.0,112.0,187.0,112.0,145.48,68.37,0,ok,0
train/1-15/23.jpg,1,15,112.0,112.0,187.0,112.0,145.48,68.37,0,ok,0
train/1-15/24.jpg,1,15,112.0,112.0,112.0,37.0,68.37,78.52,270,ok,270
train/1-15/25.jpg,1,15,112.0,112.0,187.0,112.0,145.48,68.37,0,ok,0
train/1-15/27.jpg,1,15,112.0,112.0,187.0,112.0,145.48,68.37,0,ok,0
train/1-15/28.jpg,1,15,112.0,112.0,37.0,112.0,78.52,155.63,180,ok,180
train/1-15/29.jpg,1,15,112.0,112.0,112.0,187.0,155.63,145.48,90,ok,90
train/1-15/30.jpg,1,15,112.0,112.0,187.0,112.0,145.48,68.37,0,ok,0
train/1-15/31.jpg,1,15,112.0,112.0,112.0,187.0,155.63,145.48,90,ok,90
train/1-15/32.jpg,1,15,112.0,112.0,37.0,112.0,78.52,155.63,180,ok,180
train/1-15/33.jpg,1,15,112.0,112.0,112.0,37.0,68.37,78.52,270,ok,270
train/1-15/34.jpg,1,15,112.0,112.0,112.0,187.0,155.63,145.48,90,ok,90
train/1-15/35.jpg,1,15,112.0,112.0,112.0,37.0,68.37,78.52,270,ok,270
train/1-15/36.jpg,1,15,112.0,112.0,187.0,112.0,145.48,68.37,0,ok,0
train/1-15/37.jpg,1,15,112.0,112.0,187.0,112.0,145.48,68.37,0,ok,0
train/1-15/4.jpg,1,15,112.0,112.0,37.0,112.0,78.52,155.63,180,ok,180
train/1-15/40.jpg,1,15,112.0,112.0,187.0,112.0,145.48,68.37,0,ok,0
train/1-15/43.jpg,1,15,112.0,112.0,187.0,112.0,145.48,68.37,0,ok,0
train/1-15/44.jpg,1,15,112.0,112.0,187.0,112.0,145.48,68.37,0,ok,0
train/1-15/45.jpg,1,15,112.0,112.0,187.0,112.0,145.48,68.37,0,ok,0
train/1-15/46.jpg,1,15,112.0,112.0,187.0,112.0,145.48,68.37,0,ok,0
train/1-15/47.jpg,1,15,112.0,112.0,37.0,112.0,78.52,155.63,180,ok,180
train/1-15/48.jpg,1,15,112.0,112.0,37.0,112.0,78.52,155.63,180,ok,180
train/1-15/49.jpg,1,15,112.0,112.0,37.0,112.0,78.52,155.63,180,ok,180
train/1-15/5.jpg,1,15,112.0,112.0,112.0,37.0,68.37,78.52,270,ok,270
train/1-15/50.jpg,1,15,112.0,112.0,187.0,112.0,145.48,68.37,0,ok,0
train/1-15/51.jpg,1,15,112.0,112.0,112.0,37.0,68.37,78.52,270,ok,270
train/1-15/52.jpg,1,15,112.0,112.0,37.0,112.0,78.52,155.63,180,ok,180
train/1-15/53.jpg,1,15,112.0,112.0,37.0,112.0,78.52,155.63,180,ok,180
train/1-15/59.jpg,1,15,112.0,112.0,112.0,187.0,155.63,145.48,90,ok,90
train/1-15/60.jpg,1,15,112.0,112.0,187.0,112.0,145.48,68.37,0,ok,0
train/1-15/62.jpg,1,15,112.0,112.0,187.0,112.0,145.48,68.37,0,ok,0
train/1-15/63.jpg,1,15,112.0,112.0,187.0,112.0,145.48,68.37,0,ok,0
train/1-15/64.jpg,1,15,112.0,112.0,187.0,112.0,145.48,68.37,0,ok,0
train/1-15/66.jpg,1,15,112.0,112.0,112.0,37.0,68.37,78.52,270,ok,270
train/1-15/68.jpg,1,15,112.0,112.0,187.0,112.0,145.48,68.37,0,ok,0
train/1-15/69.jpg,1,15,112.0,112.0,187.0,112.0,145.48,68.37,0,ok,0
train/1-15/7.jpg,1,15,112.0,112.0,112.0,187.0,155.63,145.48,90,ok,90
train/1-15/71.jpg,1,15,112.0,112.0,187.0,112.0,145.48,68.37,0,ok,0
train/1-15/74.jpg,1,15,112.0,112.0,112.0,187.0,155.63,145.48,90,ok,90
train/1-15/75.jpg,1,15,112.0,112.0,187.0,112.0,145.48,68.37,0,ok,0
train/1-15/76.jpg,1,15,112.0,112.0,37.0,112.0,78.52,155.63,180,ok,180
train/1-15/78.jpg,1,15,112.0,112.0,187.0,112.0,145.48,68.37,0,ok,0
train/1-15/80.jpg,1,15,112.0,112.0,112.0,37.0,68.37,78.52,270,ok,270
train/1-15/82.jpg,1,15,112.0,112.0,37.0,112.0,78.52,155.63,180,ok,180
train/1-15/83.jpg,1,15,112.0,112.0,187.0,112.0,145.48,68.37,0,ok,0
train/1-15/86.jpg,1,15,112.0,112.0,187.0,112.0,145.48,68.37,0,ok,0
train/1-15/87.jpg,1,15,112.0,112.0,112.0,187.0,155.63,145.48,90,ok,90
train/1-15/88.jpg,1,15,112.0,112.0,37.0,112.0,78.52,155.63,180,ok,180
train/1-15/89.jpg,1,15,112.0,112.0,187.0,112.0,145.48,68.37,0,ok,0
train/1-15/9.jpg,1,15,112.0,112.0,37.0,112.0,78.52,155.63,180,ok,180
train/1-15/91.jpg,1,15,112.0,112.0,187.0,112.0,145.48,68.37,0,ok,0
train/1-15/92.jpg,1,15,112.0,112.0,187.0,112.0,145.48,68.37,0,ok,0
train/1-15/95.jpg,1,15,112.0,112.0,187.0,112.0,145.48,68.37,0,ok,0
train/1-15/96.jpg,1,15,112.0,112.0,112.0,187.0,155.63,145.48,90,ok,90
train/1-15/97.jpg,1,15,112.0,112.0,112.0,187.0,155.63,145.48,90,ok,90
train/1-15/98.jpg,1,15,112.0,112.0,187.0,112.0,145.48,68.37,0,ok,0
train/1-15/99.jpg,1,15,112.0,112.0,187.0,112.0,145.48,68.37,0,ok,0
train/1-20/0.jpg,1,20,112.0,112.0,149.5,47.05,69.87,76.65,270,ok,270
train/1-20/1.jpg,1,20,112.0,112.0,149.5,47.05,69.87,76.65,270,ok,270
train/1-20/12.jpg,1,20,112.0,112.0,74.5,176.95,154.13,147.35,90,ok,90
train/1-20/13.jpg,1,20,112.0,112.0,176.95,149.5,147.35,69.87,0,ok,0
train/1-20/14.jpg,1,20,112.0,112.0,176.95,149.5,147.35,69.87,0,ok,0
train/1-20/19.jpg,1,20,112.0,112.0,176.95,149.5,147.35,69.87,0,ok,0
train/1-20/2.jpg,1,20,112.0,112.0,47.05,74.5,76.65,154.13,180,ok,180
train/1-20/20.jpg,1,20,112.0,112.0,149.5,47.05,69.87,76.65,270,ok,270
train/1-20/22.jpg,1,20,112.0,112.0,74.5,176.95,154.13,147.35,90,ok,90
train/1-20/25.jpg,1,20,112.0,112.0,176.95,149.5,147.35,69.87,0,ok,0
train/1-20/29.jpg,1,20,112.0,112.0,149.5,47.05,69.87,76.65,270,ok,270
train/1-20/30.jpg,1,20,112.0,112.0,47.05,74.5,76.65,154.13,180,ok,180
train/1-20/31.jpg,1,20,112.0,112.0,47.05,74.5,76.65,154.13,180,ok,180
train/1-20/33.jpg,1,20,112.0,112.0,176.95,149.5,147.35,69.87,0,ok,0
train/1-20/34.jpg,1,20,112.0,112.0,176.95,149.5,147.35,69.87,0,ok,0
train/1-20/37.jpg,1,20,112.0,112.0,176.95,149.5,147.35,69.87,0,ok,0
train/1-20/38.jpg,1,20,112.0,112.0,149.5,47.05,69.87,76.65,270,ok,270
train/1-20/4.jpg,1,20,112.0,112.0,176.95,149.5,147.35,69.87,0,ok,0
train/1-20/42.jpg,1,20,112.0,112.0,47.05,74.5,76.65,154.13,180,ok,180
train/1-20/43.jpg,1,20,112.0,112.0,176.95,149.5,147.35,69.87,0,ok,0
train/1-20/45.jpg,1,20,112.0,112.0,47.05,74.5,76.65,154.13,180,ok,180
train/1-20/47.jpg,1,20,112.0,112.0,74.5,176.95,154.13,147.35,90,ok,90
train/1-20/50.jpg,1,20,112.0,112.0,149.5,47.05,69.87,76.65,270,ok,270
train/1-20/51.jpg,1,20,112.0,112.0,74.5,176.95,154.13,147.35,90,ok,90
train/1-20/57.jpg,1,20,112.0,112.0,149.5,47.05,69.87,76.65,270,ok,270
train/1-20/58.jpg,1,20,112.0,112.0,176.95,149.5,147.35,69.87,0,ok,0
train/1-20/6.jpg,1,20,112.0,112.0,47.05,74.5,76.65,154.13,180,ok,180
train/1-20/60.jpg,1,20,112.0,112.0,74.5,176.95,154.13,147.35,90,ok,90
train/1-20/61.jpg,1,20,112.0,112.0,74.5,176.95,154.13,147.35,90,ok,90
train/1-20/62.jpg,1,20,112.0,112.0,47.05,74.5,76.65,154.13,180,ok,180
train/1-20/63.jpg,1,20,112.0,112.0,176.95,149.5,147.35,69.87,0,ok,0
train/1-20/69.jpg,1,20,112.0,112.0,149.5,47.05,69.87,76.65,270,ok,270
train/1-20/7.jpg,1,20,112.0,112.0,47.05,74.5,76.65,154.13,180,ok,180
train/1-20/75.jpg,1,20,112.0,112.0,176.95,149.5,147.35,69.87,0,ok,0
train/1-20/76.jpg,1,20,112.0,112.0,74.5,176.95,154.13,147.35,90,ok,90
train/1-20/78.jpg,1,20,112.0,112.0,74.5,176.95,154.13,147.35,90,ok,90
train/1-20/82.jpg,1,20,112.0,112.0,47.05,74.5,76.65,154.13,180,ok,180
train/1-20/86.jpg,1,20,112.0,112.0,176.95,149.5,147.35,69.87,0,ok,0
train/1-20/87.jpg,1,20,112.0,112.0,74.5,176.95,154.13,147.35,90,ok,90
train/1-20/89.jpg,1,20,112.0,112.0,176.95,149.5,147.35,69.87,0,ok,0
train/1-20/92.jpg,1,20,112.0,112.0,74.5,176.95,154.13,147.35,90,ok,90
train/1-20/93.jpg,1,20,112.0,112.0,176.95,149.5,147.35,69.87,0,ok,0
train/1-20/94.jpg,1,20,112.0,112.0,176.95,149.5,147.35,69.87,0,ok,0
train/1-25/0.jpg,1,25,112.0,112.0,176.95,74.5,71.45,74.84,270,ok,270
train/1-25/1.jpg,1,25,112.0,112.0,149.5,176.95,149.16,71.45,0,ok,0
train/1-25/10.jpg,1,25,112.0,112.0,74.5,47.05,74.84,152.55,180,ok,180
train/1-25/12.jpg,1,25,112.0,112.0,176.95,74.5,71.45,74.84,270,ok,270
train/1-25/13.jpg,1,25,112.0,112.0,74.5,47.05,74.84,152.55,180,ok,180
train/1-25/14.jpg,1,25,112.0,112.0,149.5,176.95,149.16,71.45,0,ok,0
train/1-25/15.jpg,1,25,112.0,112.0,149.5,176.95,149.16,71.45,0,ok,0
train/1-25/17.jpg,1,25,112.0,112.0,149.5,176.95,149.16,71.45,0,ok,0
train/1-25/18.jpg,1,25,112.0,112.0,149.5,176.95,149.16,71.45,0,ok,0
train/1-25/19.jpg,1,25,112.0,112.0,149.5,176.95,149.16,71.45,0,ok,0
train/1-25/2.jpg,1,25,112.0,112.0,149.5,176.95,149.16,71.45,0,ok,0
train/1-25/21.jpg,1,25,112.0,112.0,149.5,176.95,149.16,71.45,0,ok,0
train/1-25/22.jpg,1,25,112.0,112.0,47.05,149.5,152.55,149.16,90,ok,90
train/1-25/23.jpg,1,25,112.0,112.0,47.05,149.5,152.55,149.16,90,ok,90
train/1-25/24.jpg,1,25,112.0,112.0,176.95,74.5,71.45,74.84,270,ok,270
train/1-25/28.jpg,1,25,112.0,112.0,47.05,149.5,152.55,149.16,90,ok,90
train/1-25/3.jpg,1,25,112.0,112.0,149.5,176.95,149.16,71.45,0,ok,0
train/1-25/30.jpg,1,25,112.0,112.0,149.5,176.95,149.16,71.45,0,ok,0
train/1-25/32.jpg,1,25,112.0,112.0,176.95,74.5,71.45,74.84,270,ok,270
train/1-25/33.jpg,1,25,112.0,112.0,149.5,176.95,149.16,71.45,0,ok,0
train/1-25/4.jpg,1,25,112.0,112.0,74.5,47.05,74.84,152.55,180,ok,180
train/1-25/40.jpg,1,25,112.0,112.0,149.5,176.95,149.16,71.45,0,ok,0
train/1-25/42.jpg,1,25,112.0,112.0,176.95,74.5,71.45,74.84,270,ok,270
train/1-25/44.jpg,1,25,112.0,112.0,47.05,149.5,152.55,149.16,90,ok,90
train/1-25/46.jpg,1,25,112.0,112.0,74.5,47.05,74.84,152.55,180,ok,180
train/1-25/47.jpg,1,25,112.0,112.0,74.5,47.05,74.84,152.55,180,ok,180
train/1-25/48.jpg,1,25,112.0,112.0,74.5,47.05,74.84,152.55,180,ok,180
train/1-25/49.jpg,1,25,112.0,112.0,74.5,47.05,74.84,152.55,180,ok,180
train/1-25/5.jpg,1,25,112.0,112.0,149.5,176.95,149.16,71.45,0,ok,0
train/1-25/50.jpg,1,25,112.0,112.0,176.95,74.5,71.45,74.84,270,ok,270
train/1-25/52.jpg,1,25,112.0,112.0,149.5,176.95,149.16,71.45,0,ok,0
train/1-25/53.jpg,1,25,112.0,112.0,149.5,176.95,149.16,71.45,0,ok,0
train/1-25/56.jpg,1,25,112.0,112.0,149.5,176.95,149.16,71.45,0,ok,0
train/1-25/58.jpg,1,25,112.0,112.0,74.5,47.05,74.84,152.55,180,ok,180
train/1-25/60.jpg,1,25,112.0,112.0,74.5,47.05,74.84,152.55,180,ok,180
train/1-25/61.jpg,1,25,112.0,112.0,149.5,176.95,149.16,71.45,0,ok,0
train/1-25/62.jpg,1,25,112.0,112.0,74.5,47.05,74.84,152.55,180,ok,180
train/1-25/63.jpg,1,25,112.0,112.0,149.5,176.95,149.16,71.45,0,ok,0
train/1-25/64.jpg,1,25,112.0,112.0,149.5,176.95,149.16,71.45,0,ok,0
train/1-25/66.jpg,1,25,112.0,112.0,149.5,176.95,149.16,71.45,0,ok,0
train/1-25/7.jpg,1,25,112.0,112.0,176.95,74.5,71.45,74.84,270,ok,270
train/1-25/70.jpg,1,25,112.0,112.0,74.5,47.05,74.84,152.55,180,ok,180
train/1-25/71.jpg,1,25,112.0,112.0,74.5,47.05,74.84,152.55,180,ok,180
train/1-25/72.jpg,1,25,112.0,112.0,149.5,176.95,149.16,71.45,0,ok,0
train/1-25/73.jpg,1,25,112.0,112.0,149.5,176.95,149.16,71.45,0,ok,0
train/1-25/74.jpg,1,25,112.0,112.0,176.95,74.5,71.45,74.84,270,ok,270
train/1-25/75.jpg,1,25,112.0,112.0,149.5,176.95,149.16,71.45,0,ok,0
train/1-25/76.jpg,1,25,112.0,112.0,149.5,176.95,149.16,71.45,0,ok,0
train/1-25/78.jpg,1,25,112.0,112.0,47.05,149.5,152.55,149.16,90,ok,90
train/1-25/79.jpg,1,25,112.0,112.0,149.5,176.95,149.16,71.45,0,ok,0
train/1-25/8.jpg,1,25,112.0,112.0,149.5,176.95,149.16,71.45,0,ok,0
train/1-25/80.jpg,1,25,112.0,112.0,74.5,47.05,74.84,152.55,180,ok,180
train/1-25/82.jpg,1,25,112.0,112.0,149.5,176.95,149.16,71.45,0,ok,0
train/1-25/83.jpg,1,25,112.0,112.0,74.5,47.05,74.84,152.55,180,ok,180
train/1-25/84.jpg,1,25,112.0,112.0,176.95,74.5,71.45,74.84,270,ok,270
train/1-25/86.jpg,1,25,112.0,112.0,149.5,176.95,149.16,71.45,0,ok,0
train/1-25/88.jpg,1,25,112.0,112.0,149.5,176.95,149.16,71.45,0,ok,0
train/1-25/89.jpg,1,25,112.0,112.0,149.5,176.95,149.16,71.45,0,ok,0
train/1-25/9.jpg,1,25,112.0,112.0,74.5,47.05,74.84,152.55,180,ok,180
train/1-25/93.jpg,1,25,112.0,112.0,47.05,149.5,152.55,149.16,90,ok,90
train/1-25/95.jpg,1,25,112.0,112.0,149.5,176.95,149.16,71.45,0,ok,0
train/1-25/96.jpg,1,25,112.0,112.0,149.5,176.95,149.16,71.45,0,ok,0
train/1-25/97.jpg,1,25,112.0,112.0,74.5,47.05,74.84,152.55,180,ok,180
train/1-25/98.jpg,1,25,112.0,112.0,74.5,47.05,74.84,152.55,180,ok,180
train/1-30/0.jpg,1,30,112.0,112.0,187.0,112.0,73.11,73.11,270,ok,270
train/1-30/1.jpg,1,30,112.0,112.0,112.0,187.0,150.89,73.11,0,ok,0
train/1-30/13.jpg,1,30,112.0,112.0,112.0,37.0,73.11,150.89,180,ok,180
train/1-30/14.jpg,1,30,112.0,112.0,112.0,37.0,73.11,150.89,180,ok,180
train/1-30/16.jpg,1,30,112.0,112.0,112.0,187.0,150.89,73.11,0,ok,0
train/1-30/17.jpg,1,30,112.0,112.0,112.0,187.0,150.89,73.11,0,ok,0
train/1-30/18.jpg,1,30,112.0,112.0,112.0,37.0,73.11,150.89,180,ok,180
train/1-30/19.jpg,1,30,112.0,112.0,112.0,37.0,73.11,150.89,180,ok,180
train/1-30/20.jpg,1,30,112.0,112.0,112.0,187.0,150.89,73.11,0,ok,0
train/1-30/21.jpg,1,30,112.0,112.0,112.0,187.0,150.89,73.11,0,ok,0
train/1-30/22.jpg,1,30,112.0,112.0,37.0,112.0,150.89,150.89,90,ok,90
train/1-30/23.jpg,1,30,112.0,112.0,112.0,187.0,150.89,73.11,0,ok,0
train/1-30/24.jpg,1,30,112.0,112.0,112.0,187.0,150.89,73.11,0,ok,0
train/1-30/26.jpg,1,30,112.0,112.0,187.0,112.0,73.11,73.11,270,ok,270
train/1-30/27.jpg,1,30,112.0,112.0,112.0,37.0,73.11,150.89,180,ok,180
train/1-30/3.jpg,1,30,112.0,112.0,187.0,112.0,73.11,73.11,270,ok,270
train/1-30/31.jpg,1,30,112.0,112.0,112.0,37.0,73.11,150.89,180,ok,180
train/1-30/32.jpg,1,30,112.0,112.0,112.0,187.0,150.89,73.11,0,ok,0
train/1-30/33.jpg,1,30,112.0,112.0,112.0,187.0,150.89,73.11,0,ok,0
train/1-30/34.jpg,1,30,112.0,112.0,112.0,187.0,150.89,73.11,0,ok,0
train/1-30/36.jpg,1,30,112.0,112.0,112.0,187.0,150.89,73.11,0,ok,0
train/1-30/37.jpg,1,30,112.0,112.0,37.0,112.0,150.89,150.89,90,ok,90
train/1-30/38.jpg,1,30,112.0,112.0,112.0,187.0,150.89,73.11,0,ok,0
train/1-30/4.jpg,1,30,112.0,112.0,112.0,37.0,73.11,150.89,180,ok,180
train/1-30/40.jpg,1,30,112.0,112.0,37.0,112.0,150.89,150.89,90,ok,90
train/1-30/42.jpg,1,30,112.0,112.0,112.0,37.0,73.11,150.89,180,ok,180
train/1-30/44.jpg,1,30,112.0,112.0,112.0,187.0,150.89,73.11,0,ok,0
train/1-30/45.jpg,1,30,112.0,112.0,37.0,112.0,150.89,150.89,90,ok,90
train/1-30/46.jpg,1,30,112.0,112.0,187.0,112.0,73.11,73.11,270,ok,270
train/1-30/47.jpg,1,30,112.0,112.0,112.0,187.0,150.89,73.11,0,ok,0
train/1-30/48.jpg,1,30,112.0,112.0,112.0,187.0,150.89,73.11,0,ok,0
train/1-30/50.jpg,1,30,112.0,112.0,187.0,112.0,73.11,73.11,270,ok,270
train/1-30/51.jpg,1,30,112.0,112.0,37.0,112.0,150.89,150.89,90,ok,90
train/1-30/53.jpg,1,30,112.0,112.0,187.0,112.0,73.11,73.11,270,ok,270
train/1-30/55.jpg,1,30,112.0,112.0,112.0,187.0,150.89,73.11,0,ok,0
train/1-30/56.jpg,1,30,112.0,112.0,187.0,112.0,73.11,73.11,270,ok,270
train/1-30/57.jpg,1,30,112.0,112.0,112.0,37.0,73.11,150.89,180,ok,180
train/1-30/58.jpg,1,30,112.0,112.0,112.0,187.0,150.89,73.11,0,ok,0
train/1-30/60.jpg,1,30,112.0,112.0,112.0,37.0,73.11,150.89,180,ok,180
train/1-30/61.jpg,1,30,112.0,112.0,112.0,187.0,150.89,73.11,0,ok,0
train/1-30/62.jpg,1,30,112.0,112.0,112.0,187.0,150.89,73.11,0,ok,0
train/1-30/63.jpg,1,30,112.0,112.0,112.0,37.0,73.11,150.89,180,ok,180
train/1-30/66.jpg,1,30,112.0,112.0,37.0,112.0,150.89,150.89,90,ok,90
train/1-30/67.jpg,1,30,112.0,112.0,112.0,187.0,150.89,73.11,0,ok,0
train/1-30/68.jpg,1,30,112.0,112.0,187.0,112.0,73.11,73.11,270,ok,270
train/1-30/69.jpg,1,30,112.0,112.0,37.0,112.0,150.89,150.89,90,ok,90
train/1-30/7.jpg,1,30,112.0,112.0,37.0,112.0,150.89,150.89,90,ok,90
train/1-30/71.jpg,1,30,112.0,112.0,112.0,37.0,73.11,150.89,180,ok,180
train/1-30/72.jpg,1,30,112.0,112.0,187.0,112.0,73.11,73.11,270,ok,270
train/1-30/73.jpg,1,30,112.0,112.0,112.0,187.0,150.89,73.11,0,ok,0
train/1-30/74.jpg,1,30,112.0,112.0,112.0,187.0,150.89,73.11,0,ok,0
train/1-30/75.jpg,1,30,112.0,112.0,112.0,187.0,150.89,73.11,0,ok,0
train/1-30/78.jpg,1,30,112.0,112.0,112.0,37.0,73.11,150.89,180,ok,180
train/1-30/79.jpg,1,30,112.0,112.0,112.0,187.0,150.89,73.11,0,ok,0
train/1-30/8.jpg,1,30,112.0,112.0,112.0,187.0,150.89,73.11,0,ok,0
train/1-30/82.jpg,1,30,112.0,112.0,112.0,187.0,150.89,73.11,0,ok,0
train/1-30/83.jpg,1,30,112.0,112.0,187.0,112.0,73.11,73.11,270,ok,270
train/1-30/84.jpg,1,30,112.0,112.0,112.0,37.0,73.11,150.89,180,ok,180
train/1-30/87.jpg,1,30,112.0,112.0,187.0,112.0,73.11,73.11,270,ok,270
train/1-30/9.jpg,1,30,112.0,112.0,112.0,187.0,150.89,73.11,0,ok,0
train/1-30/90.jpg,1,30,112.0,112.0,112.0,187.0,150.89,73.11,0,ok,0
train/1-30/91.jpg,1,30,112.0,112.0,112.0,37.0,73.11,150.89,180,ok,180
train/1-30/92.jpg,1,30,112.0,112.0,37.0,112.0,150.89,150.89,90,ok,90
train/1-30/93.jpg,1,30,112.0,112.0,112.0,187.0,150.89,73.11,0,ok,0
train/1-30/95.jpg,1,30,112.0,112.0,112.0,37.0,73.11,150.89,180,ok,180
train/1-30/96.jpg,1,30,112.0,112.0,112.0,187.0,150.89,73.11,0,ok,0
train/1-30/97.jpg,1,30,112.0,112.0,112.0,187.0,150.89,73.11,0,ok,0
train/1-30/98.jpg,1,30,112.0,112.0,37.0,112.0,150.89,150.89,90,ok,90
train/1-30/99.jpg,1,30,112.0,112.0,112.0,187.0,150.89,73.11,0,ok,0
train/1-35/0.jpg,1,35,112.0,112.0,74.5,176.95,152.55,74.84,0,ok,0
train/1-35/1.jpg,1,35,112.0,112.0,176.95,149.5,74.84,71.45,270,ok,270
train/1-35/10.jpg,1,35,112.0,112.0,74.5,176.95,152.55,74.84,0,ok,0
train/1-35/12.jpg,1,35,112.0,112.0,176.95,149.5,74.84,71.45,270,ok,270
train/1-35/14.jpg,1,35,112.0,112.0,74.5,176.95,152.55,74.84,0,ok,0
train/1-35/15.jpg,1,35,112.0,112.0,74.5,176.95,152.55,74.84,0,ok,0
train/1-35/16.jpg,1,35,112.0,112.0,74.5,176.95,152.55,74.84,0,ok,0
train/1-35/18.jpg,1,35,112.0,112.0,74.5,176.95,152.55,74.84,0,ok,0
train/1-35/2.jpg,1,35,112.0,112.0,74.5,176.95,152.55,74.84,0,ok,0
train/1-35/20.jpg,1,35,112.0,112.0,74.5,176.95,152.55,74.84,0,ok,0
train/1-35/21.jpg,1,35,112.0,112.0,74.5,176.95,152.55,74.84,0,ok,0
train/1-35/26.jpg,1,35,112.0,112.0,74.5,176.95,152.55,74.84,0,ok,0
train/1-35/27.jpg,1,35,112.0,112.0,47.05,74.5,149.16,152.55,90,ok,90
train/1-35/29.jpg,1,35,112.0,112.0,47.05,74.5,149.16,152.55,90,ok,90
train/1-35/3.jpg,1,35,112.0,112.0,176.95,149.5,74.84,71.45,270,ok,270
train/1-35/30.jpg,1,35,112.0,112.0,47.05,74.5,149.16,152.55,90,ok,90
train/1-35/31.jpg,1,35,112.0,112.0,176.95,149.5,74.84,71.45,270,ok,270
train/1-35/32.jpg,1,35,112.0,112.0,176.95,149.5,74.84,71.45,270,ok,270
train/1-35/34.jpg,1,35,112.0,112.0,74.5,176.95,152.55,74.84,0,ok,0
train/1-35/36.jpg,1,35,112.0,112.0,176.95,149.5,74.84,71.45,270,ok,270
train/1-35/37.jpg,1,35,112.0,112.0,149.5,47.05,71.45,149.16,180,ok,180
train/1-35/38.jpg,1,35,112.0,112.0,74.5,176.95,152.55,74.84,0,ok,0
train/1-35/4.jpg,1,35,112.0,112.0,74.5,176.95,152.55,74.84,0,ok,0
train/1-35/42.jpg,1,35,112.0,112.0,47.05,74.5,149.16,152.55,90,ok,90
train/1-35/45.jpg,1,35,112.0,112.0,74.5,176.95,152.55,74.84,0,ok,0
train/1-35/48.jpg,1,35,112.0,112.0,74.5,176.95,152.55,74.84,0,ok,0
train/1-35/49.jpg,1,35,112.0,112.0,149.5,47.05,71.45,149.16,180,ok,180
train/1-35/5.jpg,1,35,112.0,112.0,149.5,47.05,71.45,149.16,180,ok,180
train/1-35/50.jpg,1,35,112.0,112.0,47.05,74.5,149.16,152.55,90,ok,90
train/1-35/51.jpg,1,35,112.0,112.0,74.5,176.95,152.55,74.84,0,ok,0
train/1-35/52.jpg,1,35,112.0,112.0,47.05,74.5,149.16,152.55,90,ok,90
train/1-35/53.jpg,1,35,112.0,112.0,74.5,176.95,152.55,74.84,0,ok,0
train/1-35/56.jpg,1,35,112.0,112.0,176.95,149.5,74.84,71.45,270,ok,270
train/1-35/57.jpg,1,35,112.0,112.0,74.5,176.95,152.55,74.84,0,ok,0
train/1-35/59.jpg,1,35,112.0,112.0,176.95,149.5,74.84,71.45,270,ok,270
train/1-35/60.jpg,1,35,112.0,112.0,74.5,176.95,152.55,74.84,0,ok,0
train/1-35/61.jpg,1,35,112.0,112.0,176.95,149.5,74.84,71.45,270,ok,270
train/1-35/62.jpg,1,35,112.0,112.0,176.95,149.5,74.84,71.45,270,ok,270
train/1-35/63.jpg,1,35,112.0,112.0,176.95,149.5,74.84,71.45,270,ok,270
train/1-35/64.jpg,1,35,112.0,112.0,74.5,176.95,152.55,74.84,0,ok,0
train/1-35/67.jpg,1,35,112.0,112.0,149.5,47.05,71.45,149.16,180,ok,180
train/1-35/68.jpg,1,35,112.0,112.0,149.5,47.05,71.45,149.16,180,ok,180
train/1-35/7.jpg,1,35,112.0,112.0,47.05,74.5,149.16,152.55,90,ok,90
train/1-35/71.jpg,1,35,112.0,112.0,74.5,176.95,152.55,74.84,0,ok,0
train/1-35/72.jpg,1,35,112.0,112.0,149.5,47.05,71.45,149.16,180,ok,180
train/1-35/73.jpg,1,35,112.0,112.0,74.5,176.95,152.55,74.84,0,ok,0
train/1-35/74.jpg,1,35,112.0,112.0,74.5,176.95,152.55,74.84,0,ok,0
train/1-35/75.jpg,1,35,112.0,112.0,47.05,74.5,149.16,152.55,90,ok,90
train/1-35/76.jpg,1,35,112.0,112.0,74.5,176.95,152.55,74.84,0,ok,0
train/1-35/78.jpg,1,35,112.0,112.0,149.5,47.05,71.45,149.16,180,ok,180
train/1-35/79.jpg,1,35,112.0,112.0,47.05,74.5,149.16,152.55,90,ok,90
train/1-35/8.jpg,1,35,112.0,112.0,74.5,176.95,152.55,74.84,0,ok,0
train/1-35/80.jpg,1,35,112.0,112.0,74.5,176.95,152.55,74.84,0,ok,0
train/1-35/81.jpg,1,35,112.0,112.0,149.5,47.05,71.45,149.16,180,ok,180
train/1-35/82.jpg,1,35,112.0,112.0,74.5,176.95,152.55,74.84,0,ok,0
train/1-35/84.jpg,1,35,112.0,112.0,74.5,176.95,152.55,74.84,0,ok,0
train/1-35/85.jpg,1,35,112.0,112.0,47.05,74.5,149.16,152.55,90,ok,90
train/1-35/86.jpg,1,35,112.0,112.0,149.5,47.05,71.45,149.16,180,ok,180
train/1-35/87.jpg,1,35,112.0,112.0,74.5,176.95,152.55,74.84,0,ok,0
train/1-35/90.jpg,1,35,112.0,112.0,74.5,176.95,152.55,74.84,0,ok,0
train/1-35/91.jpg,1,35,112.0,112.0,74.5,176.95,152.55,74.84,0,ok,0
train/1-35/92.jpg,1,35,112.0,112.0,47.05,74.5,149.16,152.55,90,ok,90
train/1-35/93.jpg,1,35,112.0,112.0,74.5,176.95,152.55,74.84,0,ok,0
train/1-35/94.jpg,1,35,112.0,112.0,149.5,47.05,71.45,149.16,180,ok,180
train/1-35/95.jpg,1,35,112.0,112.0,47.05,74.5,149.16,152.55,90,ok,90
train/1-35/96.jpg,1,35,112.0,112.0,149.5,47.05,71.45,149.16,180,ok,180
train/1-35/97.jpg,1,35,112.0,112.0,149.5,47.05,71.45,149.16,180,ok,180
train/1-35/98.jpg,1,35,112.0,112.0,74.5,176.95,152.55,74.84,0,ok,0
train/1-35/99.jpg,1,35,112.0,112.0,74.5,176.95,152.55,74.84,0,ok,0
train/1-40/0.jpg,1,40,112.0,112.0,47.05,149.5,154.13,76.65,0,ok,0
train/1-40/1.jpg,1,40,112.0,112.0,176.95,74.5,69.87,147.35,180,ok,180
train/1-40/10.jpg,1,40,112.0,112.0,176.95,74.5,69.87,147.35,180,ok,180
train/1-40/12.jpg,1,40,112.0,112.0,47.05,149.5,154.13,76.65,0,ok,0
train/1-40/13.jpg,1,40,112.0,112.0,47.05,149.5,154.13,76.65,0,ok,0
train/1-40/14.jpg,1,40,112.0,112.0,176.95,74.5,69.87,147.35,180,ok,180
train/1-40/15.jpg,1,40,112.0,112.0,149.5,176.95,76.65,69.87,270,ok,270
train/1-40/16.jpg,1,40,112.0,112.0,47.05,149.5,154.13,76.65,0,ok,0
train/1-40/17.jpg,1,40,112.0,112.0,149.5,176.95,76.65,69.87,270,ok,270
train/1-40/18.jpg,1,40,112.0,112.0,74.5,47.05,147.35,154.13,90,ok,90
train/1-40/2.jpg,1,40,112.0,112.0,176.95,74.5,69.87,147.35,180,ok,180
train/1-40/20.jpg,1,40,112.0,112.0,47.05,149.5,154.13,76.65,0,ok,0
train/1-40/21.jpg,1,40,112.0,112.0,47.05,149.5,154.13,76.65,0,ok,0
train/1-40/22.jpg,1,40,112.0,112.0,176.95,74.5,69.87,147.35,180,ok,180
train/1-40/23.jpg,1,40,112.0,112.0,47.05,149.5,154.13,76.65,0,ok,0
train/1-40/24.jpg,1,40,112.0,112.0,47.05,149.5,154.13,76.65,0,ok,0
train/1-40/26.jpg,1,40,112.0,112.0,47.05,149.5,154.13,76.65,0,ok,0
train/1-40/28.jpg,1,40,112.0,112.0,149.5,176.95,76.65,69.87,270,ok,270
train/1-40/30.jpg,1,40,112.0,112.0,47.05,149.5,154.13,76.65,0,ok,0
train/1-40/31.jpg,1,40,112.0,112.0,47.05,149.5,154.13,76.65,0,ok,0
train/1-40/32.jpg,1,40,112.0,112.0,176.95,74.5,69.87,147.35,180,ok,180
train/1-40/33.jpg,1,40,112.0,112.0,47.05,149.5,154.13,76.65,0,ok,0
train/1-40/34.jpg,1,40,112.0,112.0,47.05,149.5,154.13,76.65,0,ok,0
train/1-40/37.jpg,1,40,112.0,112.0,176.95,74.5,69.87,147.35,180,ok,180
train/1-40/4.jpg,1,40,112.0,112.0,176.95,74.5,69.87,147.35,180,ok,180
train/1-40/41.jpg,1,40,112.0,112.0,176.95,74.5,69.87,147.35,180,ok,180
train/1-40/42.jpg,1,40,112.0,112.0,149.5,176.95,76.65,69.87,270,ok,270
train/1-40/46.jpg,1,40,112.0,112.0,47.05,149.5,154.13,76.65,0,ok,0
train/1-40/48.jpg,1,40,112.0,112.0,149.5,176.95,76.65,69.87,270,ok,270
train/1-40/49.jpg,1,40,112.0,112.0,74.5,47.05,147.35,154.13,90,ok,90
train/1-40/5.jpg,1,40,112.0,112.0,74.5,47.05,147.35,154.13,90,ok,90
train/1-40/51.jpg,1,40,112.0,112.0,176.95,74.5,69.87,147.35,180,ok,180
train/1-40/56.jpg,1,40,112.0,112.0,47.05,149.5,154.13,76.65,0,ok,0
train/1-40/57.jpg,1,40,112.0,112.0,176.95,74.5,69.87,147.35,180,ok,180
train/1-40/59.jpg,1,40,112.0,112.0,149.5,176.95,76.65,69.87,270,ok,270
train/1-40/60.jpg,1,40,112.0,112.0,74.5,47.05,147.35,154.13,90,ok,90
train/1-40/62.jpg,1,40,112.0,112.0,47.05,149.5,154.13,76.65,0,ok,0
train/1-40/63.jpg,1,40,112.0,112.0,149.5,176.95,76.65,69.87,270,ok,270
train/1-40/66.jpg,1,40,112.0,112.0,47.05,149.5,154.13,76.65,0,ok,0
train/1-40/67.jpg,1,40,112.0,112.0,176.95,74.5,69.87,147.35,180,ok,180
train/1-40/69.jpg,1,40,112.0,112.0,176.95,74.5,69.87,147.35,180,ok,180
train/1-40/7.jpg,1,40,112.0,112.0,176.95,74.5,69.87,147.35,180,ok,180
train/1-40/70.jpg,1,40,112.0,112.0,47.05,149.5,154.13,76.65,0,ok,0
train/1-40/72.jpg,1,40,112.0,112.0,47.05,149.5,154.13,76.65,0,ok,0
train/1-40/73.jpg,1,40,112.0,112.0,176.95,74.5,69.87,147.35,180,ok,180
train/1-40/74.jpg,1,40,112.0,112.0,74.5,47.05,147.35,154.13,90,ok,90
train/1-40/75.jpg,1,40,112.0,112.0,47.05,149.5,154.13,76.65,0,ok,0
train/1-40/76.jpg,1,40,112.0,112.0,176.95,74.5,69.87,147.35,180,ok,180
train/1-40/8.jpg,1,40,112.0,112.0,47.05,149.5,154.13,76.65,0,ok,0
train/1-40/80.jpg,1,40,112.0,112.0,47.05,149.5,154.13,76.65,0,ok,0
train/1-40/82.jpg,1,40,112.0,112.0,176.95,74.5,69.87,147.35,180,ok,180
train/1-40/83.jpg,1,40,112.0,112.0,47.05,149.5,154.13,76.65,0,ok,0
train/1-40/84.jpg,1,40,112.0,112.0,176.95,74.5,69.87,147.35,180,ok,180
train/1-40/86.jpg,1,40,112.0,112.0,47.05,149.5,154.13,76.65,0,ok,0
train/1-40/87.jpg,1,40,112.0,112.0,74.5,47.05,147.35,154.13,90,ok,90
train/1-40/88.jpg,1,40,112.0,112.0,47.05,149.5,154.13,76.65,0,ok,0
train/1-40/89.jpg,1,40,112.0,112.0,47.05,149.5,154.13,76.65,0,ok,0
train/1-40/90.jpg,1,40,112.0,112.0,47.05,149.5,154.13,76.65,0,ok,0
train/1-40/91.jpg,1,40,112.0,112.0,47.05,149.5,154.13,76.65,0,ok,0
train/1-40/92.jpg,1,40,112.0,112.0,176.95,74.5,69.87,147.35,180,ok,180
train/1-40/93.jpg,1,40,112.0,112.0,47.05,149.5,154.13,76.65,0,ok,0
train/1-40/94.jpg,1,40,112.0,112.0,47.05,149.5,154.13,76.65,0,ok,0
train/1-40/95.jpg,1,40,112.0,112.0,149.5,176.95,76.65,69.87,270,ok,270
train/1-40/96.jpg,1,40,112.0,112.0,74.5,47.05,147.35,154.13,90,ok,90
train/1-40/99.jpg,1,40,112.0,112.0,176.95,74.5,69.87,147.35,180,ok,180
train/1-45/0.jpg,1,45,112.0,112.0,112.0,187.0,78.52,68.37,270,ok,270
train/1-45/1.jpg,1,45,112.0,112.0,112.0,37.0,145.48,155.63,90,ok,90
train/1-45/10.jpg,1,45,112.0,112.0,37.0,112.0,155.63,78.52,0,ok,0
train/1-45/12.jpg,1,45,112.0,112.0,112.0,187.0,78.52,68.37,270,ok,270
train/1-45/13.jpg,1,45,112.0,112.0,37.0,112.0,155.63,78.52,0,ok,0
train/1-45/15.jpg,1,45,112.0,112.0,112.0,187.0,78.52,68.37,270,ok,270
train/1-45/18.jpg,1,45,112.0,112.0,37.0,112.0,155.63,78.52,0,ok,0
train/1-45/2.jpg,1,45,112.0,112.0,37.0,112.0,155.63,78.52,0,ok,0
train/1-45/20.jpg,1,45,112.0,112.0,37.0,112.0,155.63,78.52,0,ok,0
train/1-45/21.jpg,1,45,112.0,112.0,112.0,187.0,78.52,68.37,270,ok,270
train/1-45/24.jpg,1,45,112.0,112.0,37.0,112.0,155.63,78.52,0,ok,0
train/1-45/25.jpg,1,45,112.0,112.0,37.0,112.0,155.63,78.52,0,ok,0
train/1-45/27.jpg,1,45,112.0,112.0,187.0,112.0,68.37,145.48,180,ok,180
train/1-45/28.jpg,1,45,112.0,112.0,112.0,187.0,78.52,68.37,270,ok,270
train/1-45/29.jpg,1,45,112.0,112.0,112.0,187.0,78.52,68.37,270,ok,270
train/1-45/3.jpg,1,45,112.0,112.0,37.0,112.0,155.63,78.52,0,ok,0
train/1-45/30.jpg,1,45,112.0,112.0,37.0,112.0,155.63,78.52,0,ok,0
train/1-45/31.jpg,1,45,112.0,112.0,112.0,37.0,145.48,155.63,90,ok,90
train/1-45/32.jpg,1,45,112.0,112.0,37.0,112.0,155.63,78.52,0,ok,0
train/1-45/33.jpg,1,45,112.0,112.0,37.0,112.0,155.63,78.52,0,ok,0
train/1-45/38.jpg,1,45,112.0,112.0,187.0,112.0,68.37,145.48,180,ok,180
train/1-45/44.jpg,1,45,112.0,112.0,112.0,187.0,78.52,68.37,270,ok,270
train/1-45/45.jpg,1,45,112.0,112.0,37.0,112.0,155.63,78.52,0,ok,0
train/1-45/46.jpg,1,45,112.0,112.0,112.0,37.0,145.48,155.63,90,ok,90
train/1-45/47.jpg,1,45,112.0,112.0,37.0,112.0,155.63,78.52,0,ok,0
train/1-45/48.jpg,1,45,112.0,112.0,112.0,187.0,78.52,68.37,270,ok,270
train/1-45/49.jpg,1,45,112.0,112.0,187.0,112.0,68.37,145.48,180,ok,180
train/1-45/5.jpg,1,45,112.0,112.0,112.0,187.0,78.52,68.37,270,ok,270
train/1-45/53.jpg,1,45,112.0,112.0,112.0,37.0,145.48,155.63,90,ok,90
train/1-45/54.jpg,1,45,112.0,112.0,187.0,112.0,68.37,145.48,180,ok,180
train/1-45/56.jpg,1,45,112.0,112.0,37.0,112.0,155.63,78.52,0,ok,0
train/1-45/57.jpg,1,45,112.0,112.0,112.0,37.0,145.48,155.63,90,ok,90
train/1-45/58.jpg,1,45,112.0,112.0,112.0,37.0,145.48,155.63,90,ok,90
train/1-45/61.jpg,1,45,112.0,112.0,112.0,37.0,145.48,155.63,90,ok,90
train/1-45/63.jpg,1,45,112.0,112.0,112.0,187.0,78.52,68.37,270,ok,270
train/1-45/64.jpg,1,45,112.0,112.0,187.0,112.0,68.37,145.48,180,ok,180
train/1-45/66.jpg,1,45,112.0,112.0,37.0,112.0,155.63,78.52,0,ok,0
train/1-45/67.jpg,1,45,112.0,112.0,37.0,112.0,155.63,78.52,0,ok,0
train/1-45/69.jpg,1,45,112.0,112.0,37.0,112.0,155.63,78.52,0,ok,0
train/1-45/7.jpg,1,45,112.0,112.0,187.0,112.0,68.37,145.48,180,ok,180
train/1-45/72.jpg,1,45,112.0,112.0,187.0,112.0,68.37,145.48,180,ok,180
train/1-45/73.jpg,1,45,112.0,112.0,112.0,187.0,78.52,68.37,270,ok,270
train/1-45/74.jpg,1,45,112.0,112.0,112.0,37.0,145.48,155.63,90,ok,90
train/1-45/75.jpg,1,45,112.0,112.0,37.0,112.0,155.63,78.52,0,ok,0
train/1-45/76.jpg,1,45,112.0,112.0,37.0,112.0,155.63,78.52,0,ok,0
train/1-45/78.jpg,1,45,112.0,112.0,187.0,112.0,68.37,145.48,180,ok,180
train/1-45/79.jpg,1,45,112.0,112.0,37.0,112.0,155.63,78.52,0,ok,0
train/1-45/8.jpg,1,45,112.0,112.0,37.0,112.0,155.63,78.52,0,ok,0
train/1-45/80.jpg,1,45,112.0,112.0,187.0,112.0,68.37,145.48,180,ok,180
train/1-45/82.jpg,1,45,112.0,112.0,112.0,37.0,145.48,155.63,90,ok,90
train/1-45/83.jpg,1,45,112.0,112.0,112.0,37.0,145.48,155.63,90,ok,90
train/1-45/84.jpg,1,45,112.0,112.0,112.0,187.0,78.52,68.37,270,ok,270
train/1-45/85.jpg,1,45,112.0,112.0,37.0,112.0,155.63,78.52,0,ok,0
train/1-45/86.jpg,1,45,112.0,112.0,37.0,112.0,155.63,78.52,0,ok,0
train/1-45/87.jpg,1,45,112.0,112.0,187.0,112.0,68.37,145.48,180,ok,180
train/1-45/88.jpg,1,45,112.0,112.0,187.0,112.0,68.37,145.48,180,ok,180
train/1-45/9.jpg,1,45,112.0,112.0,187.0,112.0,68.37,145.48,180,ok,180
train/1-45/90.jpg,1,45,112.0,112.0,37.0,112.0,155.63,78.52,0,ok,0
train/1-45/91.jpg,1,45,112.0,112.0,37.0,112.0,155.63,78.52,0,ok,0
train/1-45/92.jpg,1,45,112.0,112.0,37.0,112.0,155.63,78.52,0,ok,0
train/1-45/93.jpg,1,45,112.0,112.0,37.0,112.0,155.63,78.52,0,ok,0
train/1-45/95.jpg,1,45,112.0,112.0,187.0,112.0,68.37,145.48,180,ok,180
train/1-45/96.jpg,1,45,112.0,112.0,112.0,37.0,145.48,155.63,90,ok,90
train/1-45/97.jpg,1,45,112.0,112.0,37.0,112.0,155.63,78.52,0,ok,0
train/1-45/98.jpg,1,45,112.0,112.0,187.0,112.0,68.37,145.48,180,ok,180
train/1-45/99.jpg,1,45,112.0,112.0,112.0,187.0,78.52,68.37,270,ok,270
train/1-50/0.jpg,1,50,112.0,112.0,74.5,176.95,80.45,66.95,270,ok,270
train/1-50/1.jpg,1,50,112.0,112.0,74.5,176.95,80.45,66.95,270,ok,270
train/1-50/10.jpg,1,50,112.0,112.0,47.05,74.5,157.05,80.45,0,ok,0
train/1-50/12.jpg,1,50,112.0,112.0,149.5,47.05,143.55,157.05,90,ok,90
train/1-50/13.jpg,1,50,112.0,112.0,176.95,149.5,66.95,143.55,180,ok,180
train/1-50/14.jpg,1,50,112.0,112.0,149.5,47.05,143.55,157.05,90,ok,90
train/1-50/16.jpg,1,50,112.0,112.0,47.05,74.5,157.05,80.45,0,ok,0
train/1-50/17.jpg,1,50,112.0,112.0,47.05,74.5,157.05,80.45,0,ok,0
train/1-50/18.jpg,1,50,112.0,112.0,176.95,149.5,66.95,143.55,180,ok,180
train/1-50/19.jpg,1,50,112.0,112.0,47.05,74.5,157.05,80.45,0,ok,0
train/1-50/2.jpg,1,50,112.0,112.0,149.5,47.05,143.55,157.05,90,ok,90
train/1-50/20.jpg,1,50,112.0,112.0,47.05,74.5,157.05,80.45,0,ok,0
train/1-50/21.jpg,1,50,112.0,112.0,47.05,74.5,157.05,80.45,0,ok,0
train/1-50/23.jpg,1,50,112.0,112.0,47.05,74.5,157.05,80.45,0,ok,0
train/1-50/24.jpg,1,50,112.0,112.0,74.5,176.95,80.45,66.95,270,ok,270
train/1-50/25.jpg,1,50,112.0,112.0,47.05,74.5,157.05,80.45,0,ok,0
train/1-50/26.jpg,1,50,112.0,112.0,74.5,176.95,80.45,66.95,270,ok,270
train/1-50/27.jpg,1,50,112.0,112.0,74.5,176.95,80.45,66.95,270,ok,270
train/1-50/28.jpg,1,50,112.0,112.0,74.5,176.95,80.45,66.95,270,ok,270
train/1-50/3.jpg,1,50,112.0,112.0,176.95,149.5,66.95,143.55,180,ok,180
train/1-50/30.jpg,1,50,112.0,112.0,47.05,74.5,157.05,80.45,0,ok,0
train/1-50/31.jpg,1,50,112.0,112.0,47.05,74.5,157.05,80.45,0,ok,0
train/1-50/32.jpg,1,50,112.0,112.0,149.5,47.05,143.55,157.05,90,ok,90
train/1-50/34.jpg,1,50,112.0,112.0,176.95,149.5,66.95,143.55,180,ok,180
train/1-50/37.jpg,1,50,112.0,112.0,74.5,176.95,80.45,66.95,270,ok,270
train/1-50/4.jpg,1,50,112.0,112.0,47.05,74.5,157.05,80.45,0,ok,0
train/1-50/40.jpg,1,50,112.0,112.0,74.5,176.95,80.45,66.95,270,ok,270
train/1-50/42.jpg,1,50,112.0,112.0,74.5,176.95,80.45,66.95,270,ok,270
train/1-50/44.jpg,1,50,112.0,112.0,47.05,74.5,157.05,80.45,0,ok,0
train/1-50/45.jpg,1,50,112.0,112.0,74.5,176.95,80.45,66.95,270,ok,270
train/1-50/48.jpg,1,50,112.0,112.0,149.5,47.05,143.55,157.05,90,ok,90
train/1-50/5.jpg,1,50,112.0,112.0,47.05,74.5,157.05,80.45,0,ok,0
train/1-50/50.jpg,1,50,112.0,112.0,47.05,74.5,157.05,80.45,0,ok,0
train/1-50/51.jpg,1,50,112.0,112.0,176.95,149.5,66.95,143.55,180,ok,180
train/1-50/52.jpg,1,50,112.0,112.0,149.5,47.05,143.55,157.05,90,ok,90
train/1-50/53.jpg,1,50,112.0,112.0,74.5,176.95,80.45,66.95,270,ok,270
train/1-50/56.jpg,1,50,112.0,112.0,176.95,149.5,66.95,143.55,180,ok,180
train/1-50/57.jpg,1,50,112.0,112.0,47.05,74.5,157.05,80.45,0,ok,0
train/1-50/6.jpg,1,50,112.0,112.0,74.5,176.95,80.45,66.95,270,ok,270
train/1-50/60.jpg,1,50,112.0,112.0,74.5,176.95,80.45,66.95,270,ok,270
train/1-50/61.jpg,1,50,112.0,112.0,149.5,47.05,143.55,157.05,90,ok,90
train/1-50/63.jpg,1,50,112.0,112.0,74.5,176.95,80.45,66.95,270,ok,270
train/1-50/65.jpg,1,50,112.0,112.0,47.05,74.5,157.05,80.45,0,ok,0
train/1-50/66.jpg,1,50,112.0,112.0,47.05,74.5,157.05,80.45,0,ok,0
train/1-50/67.jpg,1,50,112.0,112.0,176.95,149.5,66.95,143.55,180,ok,180
train/1-50/68.jpg,1,50,112.0,112.0,47.05,74.5,157.05,80.45,0,ok,0
train/1-50/69.jpg,1,50,112.0,112.0,149.5,47.05,143.55,157.05,90,ok,90
train/1-50/7.jpg,1,50,112.0,112.0,47.05,74.5,157.05,80.45,0,ok,0
train/1-50/71.jpg,1,50,112.0,112.0,47.05,74.5,157.05,80.45,0,ok,0
train/1-50/72.jpg,1,50,112.0,112.0,47.05,74.5,157.05,80.45,0,ok,0
train/1-50/73.jpg,1,50,112.0,112.0,47.05,74.5,157.05,80.45,0,ok,0
train/1-50/74.jpg,1,50,112.0,112.0,149.5,47.05,143.55,157.05,90,ok,90
train/1-50/75.jpg,1,50,112.0,112.0,47.05,74.5,157.05,80.45,0,ok,0
train/1-50/76.jpg,1,50,112.0,112.0,47.05,74.5,157.05,80.45,0,ok,0
train/1-50/78.jpg,1,50,112.0,112.0,47.05,74.5,157.05,80.45,0,ok,0
train/1-50/79.jpg,1,50,112.0,112.0,47.05,74.5,157.05,80.45,0,ok,0
train/1-50/8.jpg,1,50,112.0,112.0,149.5,47.05,143.55,157.05,90,ok,90
train/1-50/82.jpg,1,50,112.0,112.0,47.05,74.5,157.05,80.45,0,ok,0
train/1-50/83.jpg,1,50,112.0,112.0,149.5,47.05,143.55,157.05,90,ok,90
train/1-50/85.jpg,1,50,112.0,112.0,47.05,74.5,157.05,80.45,0,ok,0
train/1-50/86.jpg,1,50,112.0,112.0,47.05,74.5,157.05,80.45,0,ok,0
train/1-50/87.jpg,1,50,112.0,112.0,176.95,149.5,66.95,143.55,180,ok,180
train/1-50/88.jpg,1,50,112.0,112.0,176.95,149.5,66.95,143.55,180,ok,180
train/1-50/89.jpg,1,50,112.0,112.0,74.5,176.95,80.45,66.95,270,ok,270
train/1-50/9.jpg,1,50,112.0,112.0,47.05,74.5,157.05,80.45,0,ok,0
train/1-50/90.jpg,1,50,112.0,112.0,47.05,74.5,157.05,80.45,0,ok,0
train/1-50/93.jpg,1,50,112.0,112.0,47.05,74.5,157.05,80.45,0,ok,0
train/1-50/95.jpg,1,50,112.0,112.0,149.5,47.05,143.55,157.05,90,ok,90
train/1-50/96.jpg,1,50,112.0,112.0,47.05,74.5,157.05,80.45,0,ok,0
train/1-50/97.jpg,1,50,112.0,112.0,176.95,149.5,66.95,143.55,180,ok,180
train/1-50/99.jpg,1,50,112.0,112.0,149.5,47.05,143.55,157.05,90,ok,90
train/1-55/1.jpg,1,55,112.0,112.0,176.95,74.5,141.55,158.39,90,ok,90
train/1-55/12.jpg,1,55,112.0,112.0,176.95,74.5,141.55,158.39,90,ok,90
train/1-55/15.jpg,1,55,112.0,112.0,176.95,74.5,141.55,158.39,90,ok,90
train/1-55/16.jpg,1,55,112.0,112.0,74.5,47.05,158.39,82.45,0,ok,0
train/1-55/2.jpg,1,55,112.0,112.0,176.95,74.5,141.55,158.39,90,ok,90
train/1-55/20.jpg,1,55,112.0,112.0,47.05,149.5,82.45,65.61,270,ok,270
train/1-55/22.jpg,1,55,112.0,112.0,74.5,47.05,158.39,82.45,0,ok,0
train/1-55/23.jpg,1,55,112.0,112.0,47.05,149.5,82.45,65.61,270,ok,270
train/1-55/24.jpg,1,55,112.0,112.0,74.5,47.05,158.39,82.45,0,ok,0
train/1-55/26.jpg,1,55,112.0,112.0,176.95,74.5,141.55,158.39,90,ok,90
train/1-55/28.jpg,1,55,112.0,112.0,47.05,149.5,82.45,65.61,270,ok,270
train/1-55/29.jpg,1,55,112.0,112.0,176.95,74.5,141.55,158.39,90,ok,90
train/1-55/30.jpg,1,55,112.0,112.0,74.5,47.05,158.39,82.45,0,ok,0
train/1-55/34.jpg,1,55,112.0,112.0,74.5,47.05,158.39,82.45,0,ok,0
train/1-55/36.jpg,1,55,112.0,112.0,176.95,74.5,141.55,158.39,90,ok,90
train/1-55/38.jpg,1,55,112.0,112.0,47.05,149.5,82.45,65.61,270,ok,270
train/1-55/44.jpg,1,55,112.0,112.0,47.05,149.5,82.45,65.61,270,ok,270
train/1-55/45.jpg,1,55,112.0,112.0,74.5,47.05,158.39,82.45,0,ok,0
train/1-55/46.jpg,1,55,112.0,112.0,149.5,176.95,65.61,141.55,180,ok,180
train/1-55/49.jpg,1,55,112.0,112.0,74.5,47.05,158.39,82.45,0,ok,0
train/1-55/5.jpg,1,55,112.0,112.0,149.5,176.95,65.61,141.55,180,ok,180
train/1-55/51.jpg,1,55,112.0,112.0,74.5,47.05,158.39,82.45,0,ok,0
train/1-55/52.jpg,1,55,112.0,112.0,176.95,74.5,141.55,158.39,90,ok,90
train/1-55/53.jpg,1,55,112.0,112.0,149.5,176.95,65.61,141.55,180,ok,180
train/1-55/55.jpg,1,55,112.0,112.0,149.5,176.95,65.61,141.55,180,ok,180
train/1-55/58.jpg,1,55,112.0,112.0,74.5,47.05,158.39,82.45,0,ok,0
train/1-55/59.jpg,1,55,112.0,112.0,149.5,176.95,65.61,141.55,180,ok,180
train/1-55/6.jpg,1,55,112.0,112.0,74.5,47.05,158.39,82.45,0,ok,0
train/1-55/61.jpg,1,55,112.0,112.0,74.5,47.05,158.39,82.45,0,ok,0
train/1-55/62.jpg,1,55,112.0,112.0,47.05,149.5,82.45,65.61,270,ok,270
train/1-55/64.jpg,1,55,112.0,112.0,74.5,47.05,158.39,82.45,0,ok,0
train/1-55/67.jpg,1,55,112.0,112.0,74.5,47.05,158.39,82.45,0,ok,0
train/1-55/68.jpg,1,55,112.0,112.0,47.05,149.5,82.45,65.61,270,ok,270
train/1-55/72.jpg,1,55,112.0,112.0,176.95,74.5,141.55,158.39,90,ok,90
train/1-55/75.jpg,1,55,112.0,112.0,74.5,47.05,158.39,82.45,0,ok,0
train/1-55/78.jpg,1,55,112.0,112.0,149.5,176.95,65.61,141.55,180,ok,180
train/1-55/8.jpg,1,55,112.0,112.0,74.5,47.05,158.39,82.45,0,ok,0
train/1-55/82.jpg,1,55,112.0,112.0,176.95,74.5,141.55,158.39,90,ok,90
train/1-55/9.jpg,1,55,112.0,112.0,74.5,47.05,158.39,82.45,0,ok,0
train/1-55/96.jpg,1,55,112.0,112.0,149.5,176.95,65.61,141.55,180,ok,180
train/1-55/97.jpg,1,55,112.0,112.0,74.5,47.05,158.39,82.45,0,ok,0
train/10-00/0.jpg,10,0,112.0,112.0,187.0,112.0,139.5,64.37,90,ok,90
train/10-00/1.jpg,10,0,112.0,112.0,112.0,187.0,159.63,139.5,180,ok,180
train/10-00/10.jpg,10,0,112.0,112.0,112.0,187.0,159.63,139.5,180,ok,180
train/10-00/12.jpg,10,0,112.0,112.0,112.0,37.0,64.37,84.5,0,ok,0
train/10-00/13.jpg,10,0,112.0,112.0,187.0,112.0,139.5,64.37,90,ok,90
train/10-00/15.jpg,10,0,112.0,112.0,187.0,112.0,139.5,64.37,90,ok,90
train/10-00/18.jpg,10,0,112.0,112.0,187.0,112.0,139.5,64.37,90,ok,90
train/10-00/19.jpg,10,0,112.0,112.0,112.0,37.0,64.37,84.5,0,ok,0
train/10-00/2.jpg,10,0,112.0,112.0,112.0,37.0,64.37,84.5,0,ok,0
train/10-00/20.jpg,10,0,112.0,112.0,187.0,112.0,139.5,64.37,90,ok,90
train/10-00/23.jpg,10,0,112.0,112.0,37.0,112.0,84.5,159.63,270,ok,270
train/10-00/24.jpg,10,0,112.0,112.0,112.0,187.0,159.63,139.5,180,ok,180
train/10-00/26.jpg,10,0,112.0,112.0,37.0,112.0,84.5,159.63,270,ok,270
train/10-00/27.jpg,10,0,112.0,112.0,112.0,37.0,64.37,84.5,0,ok,0
train/10-00/28.jpg,10,0,112.0,112.0,112.0,37.0,64.37,84.5,0,ok,0
train/10-00/29.jpg,10,0,112.0,112.0,37.0,112.0,84.5,159.63,270,ok,270
train/10-00/31.jpg,10,0,112.0,112.0,37.0,112.0,84.5,159.63,270,ok,270
train/10-00/32.jpg,10,0,112.0,112.0,112.0,37.0,64.37,84.5,0,ok,0
train/10-00/33.jpg,10,0,112.0,112.0,37.0,112.0,84.5,159.63,270,ok,270
train/10-00/34.jpg,10,0,112.0,112.0,187.0,112.0,139.5,64.37,90,ok,90
train/10-00/37.jpg,10,0,112.0,112.0,112.0,37.0,64.37,84.5,0,ok,0
train/10-00/38.jpg,10,0,112.0,112.0,187.0,112.0,139.5,64.37,90,ok,90
train/10-00/41.jpg,10,0,112.0,112.0,112.0,187.0,159.63,139.5,180,ok,180
train/10-00/42.jpg,10,0,112.0,112.0,112.0,187.0,159.63,139.5,180,ok,180
train/10-00/46.jpg,10,0,112.0,112.0,112.0,187.0,159.63,139.5,180,ok,180
train/10-00/47.jpg,10,0,112.0,112.0,112.0,187.0,159.63,139.5,180,ok,180
train/10-00/48.jpg,10,0,112.0,112.0,112.0,37.0,64.37,84.5,0,ok,0
train/10-00/49.jpg,10,0,112.0,112.0,112.0,37.0,64.37,84.5,0,ok,0
train/10-00/5.jpg,10,0,112.0,112.0,112.0,187.0,159.63,139.5,180,ok,180
train/10-00/50.jpg,10,0,112.0,112.0,112.0,37.0,64.37,84.5,0,ok,0
train/10-00/51.jpg,10,0,112.0,112.0,112.0,37.0,64.37,84.5,0,ok,0
train/10-00/52.jpg,10,0,112.0,112.0,112.0,37.0,64.37,84.5,0,ok,0
train/10-00/53.jpg,10,0,112.0,112.0,187.0,112.0,139.5,64.37,90,ok,90
train/10-00/57.jpg,10,0,112.0,112.0,37.0,112.0,84.5,159.63,270,ok,270
train/10-00/58.jpg,10,0,112.0,112.0,112.0,37.0,64.37,84.5,0,ok,0
train/10-00/59.jpg,10,0,112.0,112.0,112.0,37.0,64.37,84.5,0,ok,0
train/10-00/6.jpg,10,0,112.0,112.0,112.0,37.0,64.37,84.5,0,ok,0
train/10-00/62.jpg,10,0,112.0,112.0,37.0,112.0,84.5,159.63,270,ok,270
train/10-00/63.jpg,10,0,112.0,112.0,112.0,37.0,64.37,84.5,0,ok,0
train/10-00/64.jpg,10,0,112.0,112.0,187.0,112.0,139.5,64.37,90,ok,90
train/10-00/65.jpg,10,0,112.0,112.0,187.0,112.0,139.5,64.37,90,ok,90
train/10-00/66.jpg,10,0,112.0,112.0,112.0,37.0,64.37,84.5,0,ok,0
train/10-00/67.jpg,10,0,112.0,112.0,187.0,112.0,139.5,64.37,90,ok,90
train/10-00/68.jpg,10,0,112.0,112.0,112.0,187.0,159.63,139.5,180,ok,180
train/10-00/72.jpg,10,0,112.0,112.0,112.0,37.0,64.37,84.5,0,ok,0
train/10-00/73.jpg,10,0,112.0,112.0,112.0,37.0,64.37,84.5,0,ok,0
train/10-00/74.jpg,10,0,112.0,112.0,187.0,112.0,139.5,64.37,90,ok,90
train/10-00/75.jpg,10,0,112.0,112.0,37.0,112.0,84.5,159.63,270,ok,270
train/10-00/78.jpg,10,0,112.0,112.0,112.0,37.0,64.37,84.5,0,ok,0
train/10-00/8.jpg,10,0,112.0,112.0,112.0,187.0,159.63,139.5,180,ok,180
train/10-00/80.jpg,10,0,112.0,112.0,112.0,37.0,64.37,84.5,0,ok,0
train/10-00/82.jpg,10,0,112.0,112.0,112.0,37.0,64.37,84.5,0,ok,0
train/10-00/83.jpg,10,0,112.0,112.0,37.0,112.0,84.5,159.63,270,ok,270
train/10-00/84.jpg,10,0,112.0,112.0,112.0,37.0,64.37,84.5,0,ok,0
train/10-00/85.jpg,10,0,112.0,112.0,37.0,112.0,84.5,159.63,270,ok,270
train/10-00/86.jpg,10,0,112.0,112.0,112.0,37.0,64.37,84.5,0,ok,0
train/10-00/87.jpg,10,0,112.0,112.0,112.0,37.0,64.37,84.5,0,ok,0
train/10-00/88.jpg,10,0,112.0,112.0,112.0,37.0,64.37,84.5,0,ok,0
train/10-00/89.jpg,10,0,112.0,112.0,112.0,37.0,64.37,84.5,0,ok,0
train/10-00/91.jpg,10,0,112.0,112.0,37.0,112.0,84.5,159.63,270,ok,270
train/10-00/92.jpg,10,0,112.0,112.0,112.0,37.0,64.37,84.5,0,ok,0
train/10-00/93.jpg,10,0,112.0,112.0,112.0,37.0,64.37,84.5,0,ok,0
train/10-00/95.jpg,10,0,112.0,112.0,187.0,112.0,139.5,64.37,90,ok,90
train/10-00/96.jpg,10,0,112.0,112.0,37.0,112.0,84.5,159.63,270,ok,270
train/10-00/98.jpg,10,0,112.0,112.0,112.0,37.0,64.37,84.5,0,ok,0
train/10-05/0.jpg,10,5,112.0,112.0,149.5,47.05,65.61,82.45,0,ok,0
train/10-05/12.jpg,10,5,112.0,112.0,149.5,47.05,65.61,82.45,0,ok,0
train/10-05/17.jpg,10,5,112.0,112.0,74.5,176.95,158.39,141.55,180,ok,180
train/10-05/2.jpg,10,5,112.0,112.0,74.5,176.95,158.39,141.55,180,ok,180
train/10-05/21.jpg,10,5,112.0,112.0,149.5,47.05,65.61,82.45,0,ok,0
train/10-05/24.jpg,10,5,112.0,112.0,149.5,47.05,65.61,82.45,0,ok,0
train/10-05/27.jpg,10,5,112.0,112.0,47.05,74.5,82.45,158.39,270,ok,270
train/10-05/28.jpg,10,5,112.0,112.0,176.95,149.5,141.55,65.61,90,ok,90
train/10-05/31.jpg,10,5,112.0,112.0,149.5,47.05,65.61,82.45,0,ok,0
train/10-05/33.jpg,10,5,112.0,112.0,149.5,47.05,65.61,82.45,0,ok,0
train/10-05/34.jpg,10,5,112.0,112.0,149.5,47.05,65.61,82.45,0,ok,0
train/10-05/37.jpg,10,5,112.0,112.0,74.5,176.95,158.39,141.55,180,ok,180
train/10-05/4.jpg,10,5,112.0,112.0,47.05,74.5,82.45,158.39,270,ok,270
train/10-05/40.jpg,10,5,112.0,112.0,176.95,149.5,141.55,65.61,90,ok,90
train/10-05/41.jpg,10,5,112.0,112.0,149.5,47.05,65.61,82.45,0,ok,0
train/10-05/44.jpg,10,5,112.0,112.0,47.05,74.5,82.45,158.39,270,ok,270
train/10-05/45.jpg,10,5,112.0,112.0,149.5,47.05,65.61,82.45,0,ok,0
train/10-05/46.jpg,10,5,112.0,112.0,149.5,47.05,65.61,82.45,0,ok,0
train/10-05/48.jpg,10,5,112.0,112.0,149.5,47.05,65.61,82.45,0,ok,0
train/10-05/51.jpg,10,5,112.0,112.0,74.5,176.95,158.39,141.55,180,ok,180
train/10-05/52.jpg,10,5,112.0,112.0,74.5,176.95,158.39,141.55,180,ok,180
train/10-05/53.jpg,10,5,112.0,112.0,47.05,74.5,82.45,158.39,270,ok,270
train/10-05/56.jpg,10,5,112.0,112.0,149.5,47.05,65.61,82.45,0,ok,0
train/10-05/57.jpg,10,5,112.0,112.0,74.5,176.95,158.39,141.55,180,ok,180
train/10-05/58.jpg,10,5,112.0,112.0,149.5,47.05,65.61,82.45,0,ok,0
train/10-05/59.jpg,10,5,112.0,112.0,149.5,47.05,65.61,82.45,0,ok,0
train/10-05/60.jpg,10,5,112.0,112.0,176.95,149.5,141.55,65.61,90,ok,90
train/10-05/61.jpg,10,5,112.0,112.0,74.5,176.95,158.39,141.55,180,ok,180
train/10-05/62.jpg,10,5,112.0,112.0,74.5,176.95,158.39,141.55,180,ok,180
train/10-05/63.jpg,10,5,112.0,112.0,149.5,47.05,65.61,82.45,0,ok,0
train/10-05/64.jpg,10,5,112.0,112.0,149.5,47.05,65.61,82.45,0,ok,0
train/10-05/65.jpg,10,5,112.0,112.0,74.5,176.95,158.39,141.55,180,ok,180
train/10-05/67.jpg,10,5,112.0,112.0,176.95,149.5,141.55,65.61,90,ok,90
train/10-05/72.jpg,10,5,112.0,112.0,176.95,149.5,141.55,65.61,90,ok,90
train/10-05/73.jpg,10,5,112.0,112.0,74.5,176.95,158.39,141.55,180,ok,180
train/10-05/74.jpg,10,5,112.0,112.0,74.5,176.95,158.39,141.55,180,ok,180
train/10-05/76.jpg,10,5,112.0,112.0,47.05,74.5,82.45,158.39,270,ok,270
train/10-05/78.jpg,10,5,112.0,112.0,149.5,47.05,65.61,82.45,0,ok,0
train/10-05/8.jpg,10,5,112.0,112.0,176.95,149.5,141.55,65.61,90,ok,90
train/10-05/82.jpg,10,5,112.0,112.0,176.95,149.5,141.55,65.61,90,ok,90
train/10-05/83.jpg,10,5,112.0,112.0,149.5,47.05,65.61,82.45,0,ok,0
train/10-05/87.jpg,10,5,112.0,112.0,149.5,47.05,65.61,82.45,0,ok,0
train/10-05/88.jpg,10,5,112.0,112.0,149.5,47.05,65.61,82.45,0,ok,0
train/10-05/89.jpg,10,5,112.0,112.0,74.5,176.95,158.39,141.55,180,ok,180
train/10-05/9.jpg,10,5,112.0,112.0,149.5,47.05,65.61,82.45,0,ok,0
train/10-05/90.jpg,10,5,112.0,112.0,149.5,47.05,65.61,82.45,0,ok,0
train/10-05/92.jpg,10,5,112.0,112.0,74.5,176.95,158.39,141.55,180,ok,180
train/10-05/93.jpg,10,5,112.0,112.0,149.5,47.05,65.61,82.45,0,ok,0
train/10-05/94.jpg,10,5,112.0,112.0,149.5,47.05,65.61,82.45,0,ok,0
train/10-05/95.jpg,10,5,112.0,112.0,149.5,47.05,65.61,82.45,0,ok,0
train/10-05/97.jpg,10,5,112.0,112.0,149.5,47.05,65.61,82.45,0,ok,0
train/10-05/98.jpg,10,5,112.0,112.0,149.5,47.05,65.61,82.45,0,ok,0
train/10-10/0.jpg,10,10,112.0,112.0,176.95,74.5,66.95,80.45,0,ok,0
train/10-10/1.jpg,10,10,112.0,112.0,176.95,74.5,66.95,80.45,0,ok,0
train/10-10/10.jpg,10,10,112.0,112.0,47.05,149.5,157.05,143.55,180,ok,180
train/10-10/13.jpg,10,10,112.0,112.0,176.95,74.5,66.95,80.45,0,ok,0
train/10-10/14.jpg,10,10,112.0,112.0,149.5,176.95,143.55,66.95,90,ok,90
train/10-10/17.jpg,10,10,112.0,112.0,176.95,74.5,66.95,80.45,0,ok,0
train/10-10/18.jpg,10,10,112.0,112.0,176.95,74.5,66.95,80.45,0,ok,0
train/10-10/19.jpg,10,10,112.0,112.0,176.95,74.5,66.95,80.45,0,ok,0
train/10-10/21.jpg,10,10,112.0,112.0,74.5,47.05,80.45,157.05,270,ok,270
train/10-10/22.jpg,10,10,112.0,112.0,74.5,47.05,80.45,157.05,270,ok,270
train/10-10/25.jpg,10,10,112.0,112.0,176.95,74.5,66.95,80.45,0,ok,0
train/10-10/28.jpg,10,10,112.0,112.0,47.05,149.5,157.05,143.55,180,ok,180
train/10-10/30.jpg,10,10,112.0,112.0,74.5,47.05,80.45,157.05,270,ok,270
train/10-10/32.jpg,10,10,112.0,112.0,176.95,74.5,66.95,80.45,0,ok,0
train/10-10/33.jpg,10,10,112.0,112.0,149.5,176.95,143.55,66.95,90,ok,90
train/10-10/35.jpg,10,10,112.0,112.0,74.5,47.05,80.45,157.05,270,ok,270
train/10-10/36.jpg,10,10,112.0,112.0,47.05,149.5,157.05,143.55,180,ok,180
train/10-10/37.jpg,10,10,112.0,112.0,74.5,47.05,80.45,157.05,270,ok,270
train/10-10/38.jpg,10,10,112.0,112.0,176.95,74.5,66.95,80.45,0,ok,0
train/10-10/4.jpg,10,10,112.0,112.0,176.95,74.5,66.95,80.45,0,ok,0
train/10-10/40.jpg,10,10,112.0,112.0,176.95,74.5,66.95,80.45,0,ok,0
train/10-10/41.jpg,10,10,112.0,112.0,176.95,74.5,66.95,80.45,0,ok,0
train/10-10/42.jpg,10,10,112.0,112.0,176.95,74.5,66.95,80.45,0,ok,0
train/10-10/44.jpg,10,10,112.0,112.0,74.5,47.05,80.45,157.05,270,ok,270
train/10-10/45.jpg,10,10,112.0,112.0,176.95,74.5,66.95,80.45,0,ok,0
train/10-10/46.jpg,10,10,112.0,112.0,176.95,74.5,66.95,80.45,0,ok,0
train/10-10/47.jpg,10,10,112.0,112.0,176.95,74.5,66.95,80.45,0,ok,0
train/10-10/48.jpg,10,10,112.0,112.0,47.05,149.5,157.05,143.55,180,ok,180
train/10-10/49.jpg,10,10,112.0,112.0,74.5,47.05,80.45,157.05,270,ok,270
train/10-10/5.jpg,10,10,112.0,112.0,47.05,149.5,157.05,143.55,180,ok,180
train/10-10/51.jpg,10,10,112.0,112.0,176.95,74.5,66.95,80.45,0,ok,0
train/10-10/55.jpg,10,10,112.0,112.0,176.95,74.5,66.95,80.45,0,ok,0
train/10-10/56.jpg,10,10,112.0,112.0,47.05,149.5,157.05,143.55,180,ok,180
train/10-10/57.jpg,10,10,112.0,112.0,149.5,176.95,143.55,66.95,90,ok,90
train/10-10/58.jpg,10,10,112.0,112.0,176.95,74.5,66.95,80.45,0,ok,0
train/10-10/59.jpg,10,10,112.0,112.0,176.95,74.5,66.95,80.45,0,ok,0
train/10-10/61.jpg,10,10,112.0,112.0,176.95,74.5,66.95,80.45,0,ok,0
train/10-10/62.jpg,10,10,112.0,112.0,176.95,74.5,66.95,80.45,0,ok,0
train/10-10/63.jpg,10,10,112.0,112.0,47.05,149.5,157.05,143.55,180,ok,180
train/10-10/64.jpg,10,10,112.0,112.0,176.95,74.5,66.95,80.45,0,ok,0
train/10-10/66.jpg,10,10,112.0,112.0,47.05,149.5,157.05,143.55,180,ok,180
train/10-10/67.jpg,10,10,112.0,112.0,47.05,149.5,157.05,143.55,180,ok,180
train/10-10/68.jpg,10,10,112.0,112.0,176.95,74.5,66.95,80.45,0,ok,0
train/10-10/69.jpg,10,10,112.0,112.0,176.95,74.5,66.95,80.45,0,ok,0
train/10-10/7.jpg,10,10,112.0,112.0,176.95,74.5,66.95,80.45,0,ok,0
train/10-10/70.jpg,10,10,112.0,112.0,176.95,74.5,66.95,80.45,0,ok,0
train/10-10/72.jpg,10,10,112.0,112.0,176.95,74.5,66.95,80.45,0,ok,0
train/10-10/74.jpg,10,10,112.0,112.0,176.95,74.5,66.95,80.45,0,ok,0
train/10-10/75.jpg,10,10,112.0,112.0,176.95,74.5,66.95,80.45,0,ok,0
train/10-10/76.jpg,10,10,112.0,112.0,149.5,176.95,143.55,66.95,90,ok,90
train/10-10/79.jpg,10,10,112.0,112.0,176.95,74.5,66.95,80.45,0,ok,0
train/10-10/8.jpg,10,10,112.0,112.0,176.95,74.5,66.95,80.45,0,ok,0
train/10-10/80.jpg,10,10,112.0,112.0,149.5,176.95,143.55,66.95,90,ok,90
train/10-10/83.jpg,10,10,112.0,112.0,176.95,74.5,66.95,80.45,0,ok,0
train/10-10/85.jpg,10,10,112.0,112.0,47.05,149.5,157.05,143.55,180,ok,180
train/10-10/86.jpg,10,10,112.0,112.0,176.95,74.5,66.95,80.45,0,ok,0
train/10-10/88.jpg,10,10,112.0,112.0,176.95,74.5,66.95,80.45,0,ok,0
train/10-10/89.jpg,10,10,112.0,112.0,176.95,74.5,66.95,80.45,0,ok,0
train/10-10/91.jpg,10,10,112.0,112.0,176.95,74.5,66.95,80.45,0,ok,0
train/10-10/92.jpg,10,10,112.0,112.0,176.95,74.5,66.95,80.45,0,ok,0
train/10-10/93.jpg,10,10,112.0,112.0,47.05,149.5,157.05,143.55,180,ok,180
train/10-10/95.jpg,10,10,112.0,112.0,176.95,74.5,66.95,80.45,0,ok,0
train/10-10/97.jpg,10,10,112.0,112.0,74.5,47.05,80.45,157.05,270,ok,270
train/10-10/98.jpg,10,10,112.0,112.0,47.05,149.5,157.05,143.55,180,ok,180
train/10-10/99.jpg,10,10,112.0,112.0,149.5,176.95,143.55,66.95,90,ok,90
train/10-15/0.jpg,10,15,112.0,112.0,112.0,37.0,78.52,155.63,270,ok,270
train/10-15/1.jpg,10,15,112.0,112.0,187.0,112.0,68.37,78.52,0,ok,0
train/10-15/10.jpg,10,15,112.0,112.0,187.0,112.0,68.37,78.52,0,ok,0
train/10-15/11.jpg,10,15,112.0,112.0,112.0,37.0,78.52,155.63,270,ok,270
train/10-15/12.jpg,10,15,112.0,112.0,187.0,112.0,68.37,78.52,0,ok,0
train/10-15/15.jpg,10,15,112.0,112.0,112.0,187.0,145.48,68.37,90,ok,90
train/10-15/16.jpg,10,15,112.0,112.0,187.0,112.0,68.37,78.52,0,ok,0
train/10-15/17.jpg,10,15,112.0,112.0,187.0,112.0,68.37,78.52,0,ok,0
train/10-15/18.jpg,10,15,112.0,112.0,37.0,112.0,155.63,145.48,180,ok,180
train/10-15/19.jpg,10,15,112.0,112.0,187.0,112.0,68.37,78.52,0,ok,0
train/10-15/2.jpg,10,15,112.0,112.0,112.0,37.0,78.52,155.63,270,ok,270
train/10-15/21.jpg,10,15,112.0,112.0,187.0,112.0,68.37,78.52,0,ok,0
train/10-15/22.jpg,10,15,112.0,112.0,187.0,112.0,68.37,78.52,0,ok,0
train/10-15/24.jpg,10,15,112.0,112.0,112.0,187.0,145.48,68.37,90,ok,90
train/10-15/25.jpg,10,15,112.0,112.0,187.0,112.0,68.37,78.52,0,ok,0
train/10-15/26.jpg,10,15,112.0,112.0,187.0,112.0,68.37,78.52,0,ok,0
train/10-15/27.jpg,10,15,112.0,112.0,37.0,112.0,155.63,145.48,180,ok,180
train/10-15/28.jpg,10,15,112.0,112.0,187.0,112.0,68.37,78.52,0,ok,0
train/10-15/29.jpg,10,15,112.0,112.0,187.0,112.0,68.37,78.52,0,ok,0
train/10-15/3.jpg,10,15,112.0,112.0,112.0,37.0,78.52,155.63,270,ok,270
train/10-15/30.jpg,10,15,112.0,112.0,112.0,37.0,78.52,155.63,270,ok,270
train/10-15/31.jpg,10,15,112.0,112.0,187.0,112.0,68.37,78.52,0,ok,0
train/10-15/32.jpg,10,15,112.0,112.0,187.0,112.0,68.37,78.52,0,ok,0
train/10-15/33.jpg,10,15,112.0,112.0,112.0,187.0,145.48,68.37,90,ok,90
train/10-15/34.jpg,10,15,112.0,112.0,187.0,112.0,68.37,78.52,0,ok,0
train/10-15/35.jpg,10,15,112.0,112.0,112.0,37.0,78.52,155.63,270,ok,270
train/10-15/37.jpg,10,15,112.0,112.0,187.0,112.0,68.37,78.52,0,ok,0
train/10-15/38.jpg,10,15,112.0,112.0,112.0,37.0,78.52,155.63,270,ok,270
train/10-15/4.jpg,10,15,112.0,112.0,187.0,112.0,68.37,78.52,0,ok,0
train/10-15/40.jpg,10,15,112.0,112.0,187.0,112.0,68.37,78.52,0,ok,0
train/10-15/42.jpg,10,15,112.0,112.0,112.0,37.0,78.52,155.63,270,ok,270
train/10-15/46.jpg,10,15,112.0,112.0,112.0,37.0,78.52,155.63,270,ok,270
train/10-15/47.jpg,10,15,112.0,112.0,112.0,187.0,145.48,68.37,90,ok,90
train/10-15/48.jpg,10,15,112.0,112.0,112.0,37.0,78.52,155.63,270,ok,270
train/10-15/5.jpg,10,15,112.0,112.0,187.0,112.0,68.37,78.52,0,ok,0
train/10-15/50.jpg,10,15,112.0,112.0,112.0,37.0,78.52,155.63,270,ok,270
train/10-15/52.jpg,10,15,112.0,112.0,112.0,37.0,78.52,155.63,270,ok,270
train/10-15/53.jpg,10,15,112.0,112.0,112.0,187.0,145.48,68.37,90,ok,90
train/10-15/56.jpg,10,15,112.0,112.0,37.0,112.0,155.63,145.48,180,ok,180
train/10-15/57.jpg,10,15,112.0,112.0,112.0,37.0,78.52,155.63,270,ok,270
train/10-15/61.jpg,10,15,112.0,112.0,187.0,112.0,68.37,78.52,0,ok,0
train/10-15/63.jpg,10,15,112.0,112.0,187.0,112.0,68.37,78.52,0,ok,0
train/10-15/64.jpg,10,15,112.0,112.0,187.0,112.0,68.37,78.52,0,ok,0
train/10-15/66.jpg,10,15,112.0,112.0,187.0,112.0,68.37,78.52,0,ok,0
train/10-15/67.jpg,10,15,112.0,112.0,187.0,112.0,68.37,78.52,0,ok,0
train/10-15/69.jpg,10,15,112.0,112.0,187.0,112.0,68.37,78.52,0,ok,0
train/10-15/7.jpg,10,15,112.0,112.0,187.0,112.0,68.37,78.52,0,ok,0
train/10-15/73.jpg,10,15,112.0,112.0,112.0,37.0,78.52,155.63,270,ok,270
train/10-15/75.jpg,10,15,112.0,112.0,187.0,112.0,68.37,78.52,0,ok,0
train/10-15/76.jpg,10,15,112.0,112.0,187.0,112.0,68.37,78.52,0,ok,0
train/10-15/77.jpg,10,15,112.0,112.0,187.0,112.0,68.37,78.52,0,ok,0
train/10-15/78.jpg,10,15,112.0,112.0,37.0,112.0,155.63,145.48,180,ok,180
train/10-15/8.jpg,10,15,112.0,112.0,37.0,112.0,155.63,145.48,180,ok,180
train/10-15/81.jpg,10,15,112.0,112.0,112.0,187.0,145.48,68.37,90,ok,90
train/10-15/82.jpg,10,15,112.0,112.0,112.0,37.0,78.52,155.63,270,ok,270
train/10-15/83.jpg,10,15,112.0,112.0,37.0,112.0,155.63,145.48,180,ok,180
train/10-15/84.jpg,10,15,112.0,112.0,37.0,112.0,155.63,145.48,180,ok,180
train/10-15/85.jpg,10,15,112.0,112.0,187.0,112.0,68.37,78.52,0,ok,0
train/10-15/87.jpg,10,15,112.0,112.0,112.0,187.0,145.48,68.37,90,ok,90
train/10-15/88.jpg,10,15,112.0,112.0,187.0,112.0,68.37,78.52,0,ok,0
train/10-15/89.jpg,10,15,112.0,112.0,112.0,37.0,78.52,155.63,270,ok,270
train/10-15/9.jpg,10,15,112.0,112.0,37.0,112.0,155.63,145.48,180,ok,180
train/10-15/91.jpg,10,15,112.0,112.0,37.0,112.0,155.63,145.48,180,ok,180
train/10-15/92.jpg,10,15,112.0,112.0,187.0,112.0,68.37,78.52,0,ok,0
train/10-15/94.jpg,10,15,112.0,112.0,37.0,112.0,155.63,145.48,180,ok,180
train/10-15/95.jpg,10,15,112.0,112.0,187.0,112.0,68.37,78.52,0,ok,0
train/10-15/97.jpg,10,15,112.0,112.0,187.0,112.0,68.37,78.52,0,ok,0
train/10-15/98.jpg,10,15,112.0,112.0,187.0,112.0,68.37,78.52,0,ok,0
train/10-15/99.jpg,10,15,112.0,112.0,112.0,187.0,145.48,68.37,90,ok,90
train/10-20/1.jpg,10,20,112.0,112.0,47.05,74.5,154.13,147.35,180,ok,180
train/10-20/10.jpg,10,20,112.0,112.0,47.05,74.5,154.13,147.35,180,ok,180
train/10-20/12.jpg,10,20,112.0,112.0,176.95,149.5,69.87,76.65,0,ok,0
train/10-20/13.jpg,10,20,112.0,112.0,47.05,74.5,154.13,147.35,180,ok,180
train/10-20/15.jpg,10,20,112.0,112.0,47.05,74.5,154.13,147.35,180,ok,180
train/10-20/16.jpg,10,20,112.0,112.0,74.5,176.95,147.35,69.87,90,ok,90
train/10-20/17.jpg,10,20,112.0,112.0,176.95,149.5,69.87,76.65,0,ok,0
train/10-20/18.jpg,10,20,112.0,112.0,47.05,74.5,154.13,147.35,180,ok,180
train/10-20/19.jpg,10,20,112.0,112.0,176.95,149.5,69.87,76.65,0,ok,0
train/10-20/2.jpg,10,20,112.0,112.0,176.95,149.5,69.87,76.65,0,ok,0
train/10-20/20.jpg,10,20,112.0,112.0,47.05,74.5,154.13,147.35,180,ok,180
train/10-20/21.jpg,10,20,112.0,112.0,47.05,74.5,154.13,147.35,180,ok,180
train/10-20/22.jpg,10,20,112.0,112.0,74.5,176.95,147.35,69.87,90,ok,90
train/10-20/24.jpg,10,20,112.0,112.0,176.95,149.5,69.87,76.65,0,ok,0
train/10-20/27.jpg,10,20,112.0,112.0,74.5,176.95,147.35,69.87,90,ok,90
train/10-20/28.jpg,10,20,112.0,112.0,176.95,149.5,69.87,76.65,0,ok,0
train/10-20/30.jpg,10,20,112.0,112.0,47.05,74.5,154.13,147.35,180,ok,180
train/10-20/31.jpg,10,20,112.0,112.0,149.5,47.05,76.65,154.13,270,ok,270
train/10-20/33.jpg,10,20,112.0,112.0,176.95,149.5,69.87,76.65,0,ok,0
train/10-20/34.jpg,10,20,112.0,112.0,176.95,149.5,69.87,76.65,0,ok,0
train/10-20/38.jpg,10,20,112.0,112.0,176.95,149.5,69.87,76.65,0,ok,0
train/10-20/4.jpg,10,20,112.0,112.0,176.95,149.5,69.87,76.65,0,ok,0
train/10-20/42.jpg,10,20,112.0,112.0,176.95,149.5,69.87,76.65,0,ok,0
train/10-20/45.jpg,10,20,112.0,112.0,149.5,47.05,76.65,154.13,270,ok,270
train/10-20/46.jpg,10,20,112.0,112.0,149.5,47.05,76.65,154.13,270,ok,270
train/10-20/47.jpg,10,20,112.0,112.0,149.5,47.05,76.65,154.13,270,ok,270
train/10-20/48.jpg,10,20,112.0,112.0,47.05,74.5,154.13,147.35,180,ok,180
train/10-20/49.jpg,10,20,112.0,112.0,47.05,74.5,154.13,147.35,180,ok,180
train/10-20/5.jpg,10,20,112.0,112.0,47.05,74.5,154.13,147.35,180,ok,180
train/10-20/51.jpg,10,20,112.0,112.0,74.5,176.95,147.35,69.87,90,ok,90
train/10-20/52.jpg,10,20,112.0,112.0,176.95,149.5,69.87,76.65,0,ok,0
train/10-20/53.jpg,10,20,112.0,112.0,176.95,149.5,69.87,76.65,0,ok,0
train/10-20/56.jpg,10,20,112.0,112.0,74.5,176.95,147.35,69.87,90,ok,90
train/10-20/57.jpg,10,20,112.0,112.0,47.05,74.5,154.13,147.35,180,ok,180
train/10-20/59.jpg,10,20,112.0,112.0,176.95,149.5,69.87,76.65,0,ok,0
train/10-20/60.jpg,10,20,112.0,112.0,149.5,47.05,76.65,154.13,270,ok,270
train/10-20/63.jpg,10,20,112.0,112.0,149.5,47.05,76.65,154.13,270,ok,270
train/10-20/65.jpg,10,20,112.0,112.0,47.05,74.5,154.13,147.35,180,ok,180
train/10-20/66.jpg,10,20,112.0,112.0,47.05,74.5,154.13,147.35,180,ok,180
train/10-20/67.jpg,10,20,112.0,112.0,47.05,74.5,154.13,147.35,180,ok,180
train/10-20/7.jpg,10,20,112.0,112.0,176.95,149.5,69.87,76.65,0,ok,0
train/10-20/70.jpg,10,20,112.0,112.0,74.5,176.95,147.35,69.87,90,ok,90
train/10-20/71.jpg,10,20,112.0,112.0,47.05,74.5,154.13,147.35,180,ok,180
train/10-20/73.jpg,10,20,112.0,112.0,47.05,74.5,154.13,147.35,180,ok,180
train/10-20/74.jpg,10,20,112.0,112.0,176.95,149.5,69.87,76.65,0,ok,0
train/10-20/75.jpg,10,20,112.0,112.0,47.05,74.5,154.13,147.35,180,ok,180
train/10-20/76.jpg,10,20,112.0,112.0,176.95,149.5,69.87,76.65,0,ok,0
train/10-20/78.jpg,10,20,112.0,112.0,176.95,149.5,69.87,76.65,0,ok,0
train/10-20/79.jpg,10,20,112.0,112.0,149.5,47.05,76.65,154.13,270,ok,270
train/10-20/8.jpg,10,20,112.0,112.0,149.5,47.05,76.65,154.13,270,ok,270
train/10-20/80.jpg,10,20,112.0,112.0,47.05,74.5,154.13,147.35,180,ok,180
train/10-20/81.jpg,10,20,112.0,112.0,149.5,47.05,76.65,154.13,270,ok,270
train/10-20/82.jpg,10,20,112.0,112.0,47.05,74.5,154.13,147.35,180,ok,180
train/10-20/83.jpg,10,20,112.0,112.0,47.05,74.5,154.13,147.35,180,ok,180
train/10-20/84.jpg,10,20,112.0,112.0,176.95,149.5,69.87,76.65,0,ok,0
train/10-20/85.jpg,10,20,112.0,112.0,149.5,47.05,76.65,154.13,270,ok,270
train/10-20/86.jpg,10,20,112.0,112.0,176.95,149.5,69.87,76.65,0,ok,0
train/10-20/88.jpg,10,20,112.0,112.0,149.5,47.05,76.65,154.13,270,ok,270
train/10-20/89.jpg,10,20,112.0,112.0,74.5,176.95,147.35,69.87,90,ok,90
train/10-20/9.jpg,10,20,112.0,112.0,149.5,47.05,76.65,154.13,270,ok,270
train/10-20/90.jpg,10,20,112.0,112.0,47.05,74.5,154.13,147.35,180,ok,180
train/10-20/91.jpg,10,20,112.0,112.0,47.05,74.5,154.13,147.35,180,ok,180
train/10-20/92.jpg,10,20,112.0,112.0,47.05,74.5,154.13,147.35,180,ok,180
train/10-20/93.jpg,10,20,112.0,112.0,149.5,47.05,76.65,154.13,270,ok,270
train/10-20/94.jpg,10,20,112.0,112.0,74.5,176.95,147.35,69.87,90,ok,90
train/10-20/95.jpg,10,20,112.0,112.0,149.5,47.05,76.65,154.13,270,ok,270
train/10-20/96.jpg,10,20,112.0,112.0,149.5,47.05,76.65,154.13,270,ok,270
train/10-20/97.jpg,10,20,112.0,112.0,47.05,74.5,154.13,147.35,180,ok,180
train/10-20/98.jpg,10,20,112.0,112.0,176.95,149.5,69.87,76.65,0,ok,0
train/10-20/99.jpg,10,20,112.0,112.0,47.05,74.5,154.13,147.35,180,ok,180
train/10-25/0.jpg,10,25,112.0,112.0,74.5,47.05,152.55,149.16,180,ok,180
train/10-25/1.jpg,10,25,112.0,112.0,74.5,47.05,152.55,149.16,180,ok,180
train/10-25/10.jpg,10,25,112.0,112.0,176.95,74.5,74.84,152.55,270,ok,270
train/10-25/12.jpg,10,25,112.0,112.0,149.5,176.95,71.45,74.84,0,ok,0
train/10-25/13.jpg,10,25,112.0,112.0,149.5,176.95,71.45,74.84,0,ok,0
train/10-25/15.jpg,10,25,112.0,112.0,149.5,176.95,71.45,74.84,0,ok,0
train/10-25/16.jpg,10,25,112.0,112.0,74.5,47.05,152.55,149.16,180,ok,180
train/10-25/17.jpg,10,25,112.0,112.0,149.5,176.95,71.45,74.84,0,ok,0
train/10-25/19.jpg,10,25,112.0,112.0,149.5,176.95,71.45,74.84,0,ok,0
train/10-25/2.jpg,10,25,112.0,112.0,74.5,47.05,152.55,149.16,180,ok,180
train/10-25/21.jpg,10,25,112.0,112.0,74.5,47.05,152.55,149.16,180,ok,180
train/10-25/22.jpg,10,25,112.0,112.0,149.5,176.95,71.45,74.84,0,ok,0
train/10-25/26.jpg,10,25,112.0,112.0,74.5,47.05,152.55,149.16,180,ok,180
train/10-25/28.jpg,10,25,112.0,112.0,47.05,149.5,149.16,71.45,90,ok,90
train/10-25/30.jpg,10,25,112.0,112.0,176.95,74.5,74.84,152.55,270,ok,270
train/10-25/31.jpg,10,25,112.0,112.0,149.5,176.95,71.45,74.84,0,ok,0
train/10-25/32.jpg,10,25,112.0,112.0,176.95,74.5,74.84,152.55,270,ok,270
train/10-25/33.jpg,10,25,112.0,112.0,149.5,176.95,71.45,74.84,0,ok,0
train/10-25/34.jpg,10,25,112.0,112.0,149.5,176.95,71.45,74.84,0,ok,0
train/10-25/37.jpg,10,25,112.0,112.0,149.5,176.95,71.45,74.84,0,ok,0
train/10-25/38.jpg,10,25,112.0,112.0,149.5,176.95,71.45,74.84,0,ok,0
train/10-25/4.jpg,10,25,112.0,112.0,149.5,176.95,71.45,74.84,0,ok,0
train/10-25/40.jpg,10,25,112.0,112.0,176.95,74.5,74.84,152.55,270,ok,270
train/10-25/41.jpg,10,25,112.0,112.0,149.5,176.95,71.45,74.84,0,ok,0
train/10-25/42.jpg,10,25,112.0,112.0,149.5,176.95,71.45,74.84,0,ok,0
train/10-25/44.jpg,10,25,112.0,112.0,47.05,149.5,149.16,71.45,90,ok,90
train/10-25/45.jpg,10,25,112.0,112.0,47.05,149.5,149.16,71.45,90,ok,90
train/10-25/46.jpg,10,25,112.0,112.0,149.5,176.95,71.45,74.84,0,ok,0
train/10-25/48.jpg,10,25,112.0,112.0,149.5,176.95,71.45,74.84,0,ok,0
train/10-25/49.jpg,10,25,112.0,112.0,176.95,74.5,74.84,152.55,270,ok,270
train/10-25/5.jpg,10,25,112.0,112.0,176.95,74.5,74.84,152.55,270,ok,270
train/10-25/50.jpg,10,25,112.0,112.0,74.5,47.05,152.55,149.16,180,ok,180
train/10-25/51.jpg,10,25,112.0,112.0,176.95,74.5,74.84,152.55,270,ok,270
train/10-25/52.jpg,10,25,112.0,112.0,149.5,176.95,71.45,74.84,0,ok,0
train/10-25/53.jpg,10,25,112.0,112.0,149.5,176.95,71.45,74.84,0,ok,0
train/10-25/55.jpg,10,25,112.0,112.0,149.5,176.95,71.45,74.84,0,ok,0
train/10-25/56.jpg,10,25,112.0,112.0,149.5,176.95,71.45,74.84,0,ok,0
train/10-25/57.jpg,10,25,112.0,112.0,176.95,74.5,74.84,152.55,270,ok,270
train/10-25/59.jpg,10,25,112.0,112.0,176.95,74.5,74.84,152.55,270,ok,270
train/10-25/60.jpg,10,25,112.0,112.0,74.5,47.05,152.55,149.16,180,ok,180
train/10-25/61.jpg,10,25,112.0,112.0,149.5,176.95,71.45,74.84,0,ok,0
train/10-25/63.jpg,10,25,112.0,112.0,176.95,74.5,74.84,152.55,270,ok,270
train/10-25/64.jpg,10,25,112.0,112.0,149.5,176.95,71.45,74.84,0,ok,0
train/10-25/67.jpg,10,25,112.0,112.0,149.5,176.95,71.45,74.84,0,ok,0
train/10-25/69.jpg,10,25,112.0,112.0,149.5,176.95,71.45,74.84,0,ok,0
train/10-25/72.jpg,10,25,112.0,112.0,47.05,149.5,149.16,71.45,90,ok,90
train/10-25/73.jpg,10,25,112.0,112.0,176.95,74.5,74.84,152.55,270,ok,270
train/10-25/74.jpg,10,25,112.0,112.0,47.05,149.5,149.16,71.45,90,ok,90
train/10-25/76.jpg,10,25,112.0,112.0,74.5,47.05,152.55,149.16,180,ok,180
train/10-25/78.jpg,10,25,112.0,112.0,149.5,176.95,71.45,74.84,0,ok,0
train/10-25/79.jpg,10,25,112.0,112.0,47.05,149.5,149.16,71.45,90,ok,90
train/10-25/8.jpg,10,25,112.0,112.0,149.5,176.95,71.45,74.84,0,ok,0
train/10-25/80.jpg,10,25,112.0,112.0,47.05,149.5,149.16,71.45,90,ok,90
train/10-25/82.jpg,10,25,112.0,112.0,149.5,176.95,71.45,74.84,0,ok,0
train/10-25/84.jpg,10,25,112.0,112.0,74.5,47.05,152.55,149.16,180,ok,180
train/10-25/85.jpg,10,25,112.0,112.0,176.95,74.5,74.84,152.55,270,ok,270
train/10-25/87.jpg,10,25,112.0,112.0,149.5,176.95,71.45,74.84,0,ok,0
train/10-25/89.jpg,10,25,112.0,112.0,149.5,176.95,71.45,74.84,0,ok,0
train/10-25/9.jpg,10,25,112.0,112.0,47.05,149.5,149.16,71.45,90,ok,90
train/10-25/91.jpg,10,25,112.0,112.0,149.5,176.95,71.45,74.84,0,ok,0
train/10-25/92.jpg,10,25,112.0,112.0,149.5,176.95,71.45,74.84,0,ok,0
train/10-25/93.jpg,10,25,112.0,112.0,74.5,47.05,152.55,149.16,180,ok,180
train/10-25/94.jpg,10,25,112.0,112.0,149.5,176.95,71.45,74.84,0,ok,0
train/10-25/95.jpg,10,25,112.0,112.0,149.5,176.95,71.45,74.84,0,ok,0
train/10-25/96.jpg,10,25,112.0,112.0,176.95,74.5,74.84,152.55,270,ok,270
train/10-25/97.jpg,10,25,112.0,112.0,149.5,176.95,71.45,74.84,0,ok,0
train/10-25/99.jpg,10,25,112.0,112.0,176.95,74.5,74.84,152.55,270,ok,270
train/10-30/0.jpg,10,30,112.0,112.0,187.0,112.0,73.11,150.89,270,ok,270
train/10-30/1.jpg,10,30,112.0,112.0,112.0,187.0,73.11,73.11,0,ok,0
train/10-30/10.jpg,10,30,112.0,112.0,187.0,112.0,73.11,150.89,270,ok,270
train/10-30/12.jpg,10,30,112.0,112.0,112.0,37.0,150.89,150.89,180,ok,180
train/10-30/13.jpg,10,30,112.0,112.0,112.0,187.0,73.11,73.11,0,ok,0
train/10-30/15.jpg,10,30,112.0,112.0,112.0,37.0,150.89,150.89,180,ok,180
train/10-30/16.jpg,10,30,112.0,112.0,112.0,187.0,73.11,73.11,0,ok,0
train/10-30/17.jpg,10,30,112.0,112.0,187.0,112.0,73.11,150.89,270,ok,270
train/10-30/18.jpg,10,30,112.0,112.0,187.0,112.0,73.11,150.89,270,ok,270
train/10-30/19.jpg,10,30,112.0,112.0,112.0,187.0,73.11,73.11,0,ok,0
train/10-30/2.jpg,10,30,112.0,112.0,37.0,112.0,150.89,73.11,90,ok,90
train/10-30/20.jpg,10,30,112.0,112.0,112.0,187.0,73.11,73.11,0,ok,0
train/10-30/21.jpg,10,30,112.0,112.0,112.0,187.0,73.11,73.11,0,ok,0
train/10-30/22.jpg,10,30,112.0,112.0,37.0,112.0,150.89,73.11,90,ok,90
train/10-30/24.jpg,10,30,112.0,112.0,37.0,112.0,150.89,73.11,90,ok,90
train/10-30/27.jpg,10,30,112.0,112.0,112.0,187.0,73.11,73.11,0,ok,0
train/10-30/30.jpg,10,30,112.0,112.0,112.0,37.0,150.89,150.89,180,ok,180
train/10-30/31.jpg,10,30,112.0,112.0,187.0,112.0,73.11,150.89,270,ok,270
train/10-30/33.jpg,10,30,112.0,112.0,112.0,187.0,73.11,73.11,0,ok,0
train/10-30/34.jpg,10,30,112.0,112.0,112.0,187.0,73.11,73.11,0,ok,0
train/10-30/36.jpg,10,30,112.0,112.0,37.0,112.0,150.89,73.11,90,ok,90
train/10-30/37.jpg,10,30,112.0,112.0,112.0,37.0,150.89,150.89,180,ok,180
train/10-30/40.jpg,10,30,112.0,112.0,112.0,37.0,150.89,150.89,180,ok,180
train/10-30/41.jpg,10,30,112.0,112.0,187.0,112.0,73.11,150.89,270,ok,270
train/10-30/42.jpg,10,30,112.0,112.0,37.0,112.0,150.89,73.11,90,ok,90
train/10-30/43.jpg,10,30,112.0,112.0,37.0,112.0,150.89,73.11,90,ok,90
train/10-30/44.jpg,10,30,112.0,112.0,37.0,112.0,150.89,73.11,90,ok,90
train/10-30/45.jpg,10,30,112.0,112.0,112.0,187.0,73.11,73.11,0,ok,0
train/10-30/46.jpg,10,30,112.0,112.0,112.0,187.0,73.11,73.11,0,ok,0
train/10-30/47.jpg,10,30,112.0,112.0,112.0,187.0,73.11,73.11,0,ok,0
train/10-30/48.jpg,10,30,112.0,112.0,112.0,187.0,73.11,73.11,0,ok,0
train/10-30/49.jpg,10,30,112.0,112.0,112.0,187.0,73.11,73.11,0,ok,0
train/10-30/5.jpg,10,30,112.0,112.0,112.0,187.0,73.11,73.11,0,ok,0
train/10-30/50.jpg,10,30,112.0,112.0,112.0,187.0,73.11,73.11,0,ok,0
train/10-30/52.jpg,10,30,112.0,112.0,112.0,187.0,73.11,73.11,0,ok,0
train/10-30/53.jpg,10,30,112.0,112.0,112.0,187.0,73.11,73.11,0,ok,0
train/10-30/56.jpg,10,30,112.0,112.0,37.0,112.0,150.89,73.11,90,ok,90
train/10-30/57.jpg,10,30,112.0,112.0,112.0,37.0,150.89,150.89,180,ok,180
train/10-30/6.jpg,10,30,112.0,112.0,37.0,112.0,150.89,73.11,90,ok,90
train/10-30/60.jpg,10,30,112.0,112.0,112.0,187.0,73.11,73.11,0,ok,0
train/10-30/61.jpg,10,30,112.0,112.0,187.0,112.0,73.11,150.89,270,ok,270
train/10-30/62.jpg,10,30,112.0,112.0,112.0,37.0,150.89,150.89,180,ok,180
train/10-30/63.jpg,10,30,112.0,112.0,112.0,187.0,73.11,73.11,0,ok,0
train/10-30/64.jpg,10,30,112.0,112.0,37.0,112.0,150.89,73.11,90,ok,90
train/10-30/66.jpg,10,30,112.0,112.0,112.0,187.0,73.11,73.11,0,ok,0
train/10-30/67.jpg,10,30,112.0,112.0,112.0,187.0,73.11,73.11,0,ok,0
train/10-30/68.jpg,10,30,112.0,112.0,37.0,112.0,150.89,73.11,90,ok,90
train/10-30/69.jpg,10,30,112.0,112.0,187.0,112.0,73.11,150.89,270,ok,270
train/10-30/7.jpg,10,30,112.0,112.0,112.0,37.0,150.89,150.89,180,ok,180
train/10-30/71.jpg,10,30,112.0,112.0,187.0,112.0,73.11,150.89,270,ok,270
train/10-30/73.jpg,10,30,112.0,112.0,112.0,187.0,73.11,73.11,0,ok,0
train/10-30/75.jpg,10,30,112.0,112.0,37.0,112.0,150.89,73.11,90,ok,90
train/10-30/76.jpg,10,30,112.0,112.0,112.0,187.0,73.11,73.11,0,ok,0
train/10-30/78.jpg,10,30,112.0,112.0,112.0,187.0,73.11,73.11,0,ok,0
train/10-30/79.jpg,10,30,112.0,112.0,187.0,112.0,73.11,150.89,270,ok,270
train/10-30/80.jpg,10,30,112.0,112.0,187.0,112.0,73.11,150.89,270,ok,270
train/10-30/82.jpg,10,30,112.0,112.0,112.0,37.0,150.89,150.89,180,ok,180
train/10-30/83.jpg,10,30,112.0,112.0,112.0,187.0,73.11,73.11,0,ok,0
train/10-30/86.jpg,10,30,112.0,112.0,37.0,112.0,150.89,73.11,90,ok,90
train/10-30/87.jpg,10,30,112.0,112.0,187.0,112.0,73.11,150.89,270,ok,270
train/10-30/89.jpg,10,30,112.0,112.0,112.0,187.0,73.11,73.11,0,ok,0
train/10-30/90.jpg,10,30,112.0,112.0,187.0,112.0,73.11,150.89,270,ok,270
train/10-30/92.jpg,10,30,112.0,112.0,112.0,187.0,73.11,73.11,0,ok,0
train/10-30/93.jpg,10,30,112.0,112.0,112.0,187.0,73.11,73.11,0,ok,0
train/10-30/95.jpg,10,30,112.0,112.0,37.0,112.0,150.89,73.11,90,ok,90
train/10-30/96.jpg,10,30,112.0,112.0,112.0,37.0,150.89,150.89,180,ok,180
train/10-30/97.jpg,10,30,112.0,112.0,112.0,187.0,73.11,73.11,0,ok,0
train/10-30/98.jpg,10,30,112.0,112.0,112.0,187.0,73.11,73.11,0,ok,0
train/10-30/99.jpg,10,30,112.0,112.0,37.0,112.0,150.89,73.11,90,ok,90
train/10-35/0.jpg,10,35,112.0,112.0,47.05,74.5,152.55,74.84,90,ok,90
train/10-35/1.jpg,10,35,112.0,112.0,47.05,74.5,152.55,74.84,90,ok,90
train/10-35/10.jpg,10,35,112.0,112.0,74.5,176.95,74.84,71.45,0,ok,0
train/10-35/12.jpg,10,35,112.0,112.0,149.5,47.05,149.16,152.55,180,ok,180
train/10-35/13.jpg,10,35,112.0,112.0,74.5,176.95,74.84,71.45,0,ok,0
train/10-35/15.jpg,10,35,112.0,112.0,74.5,176.95,74.84,71.45,0,ok,0
train/10-35/16.jpg,10,35,112.0,112.0,47.05,74.5,152.55,74.84,90,ok,90
train/10-35/17.jpg,10,35,112.0,112.0,149.5,47.05,149.16,152.55,180,ok,180
train/10-35/18.jpg,10,35,112.0,112.0,74.5,176.95,74.84,71.45,0,ok,0
train/10-35/19.jpg,10,35,112.0,112.0,47.05,74.5,152.55,74.84,90,ok,90
train/10-35/20.jpg,10,35,112.0,112.0,74.5,176.95,74.84,71.45,0,ok,0
train/10-35/23.jpg,10,35,112.0,112.0,47.05,74.5,152.55,74.84,90,ok,90
train/10-35/26.jpg,10,35,112.0,112.0,149.5,47.05,149.16,152.55,180,ok,180
train/10-35/27.jpg,10,35,112.0,112.0,47.05,74.5,152.55,74.84,90,ok,90
train/10-35/29.jpg,10,35,112.0,112.0,149.5,47.05,149.16,152.55,180,ok,180
train/10-35/30.jpg,10,35,112.0,112.0,47.05,74.5,152.55,74.84,90,ok,90
train/10-35/31.jpg,10,35,112.0,112.0,176.95,149.5,71.45,149.16,270,ok,270
train/10-35/32.jpg,10,35,112.0,112.0,47.05,74.5,152.55,74.84,90,ok,90
train/10-35/37.jpg,10,35,112.0,112.0,149.5,47.05,149.16,152.55,180,ok,180
train/10-35/38.jpg,10,35,112.0,112.0,74.5,176.95,74.84,71.45,0,ok,0
train/10-35/4.jpg,10,35,112.0,112.0,74.5,176.95,74.84,71.45,0,ok,0
train/10-35/40.jpg,10,35,112.0,112.0,47.05,74.5,152.55,74.84,90,ok,90
train/10-35/42.jpg,10,35,112.0,112.0,149.5,47.05,149.16,152.55,180,ok,180
train/10-35/43.jpg,10,35,112.0,112.0,176.95,149.5,71.45,149.16,270,ok,270
train/10-35/44.jpg,10,35,112.0,112.0,74.5,176.95,74.84,71.45,0,ok,0
train/10-35/45.jpg,10,35,112.0,112.0,74.5,176.95,74.84,71.45,0,ok,0
train/10-35/49.jpg,10,35,112.0,112.0,74.5,176.95,74.84,71.45,0,ok,0
train/10-35/5.jpg,10,35,112.0,112.0,149.5,47.05,149.16,152.55,180,ok,180
train/10-35/50.jpg,10,35,112.0,112.0,149.5,47.05,149.16,152.55,180,ok,180
train/10-35/51.jpg,10,35,112.0,112.0,176.95,149.5,71.45,149.16,270,ok,270
train/10-35/52.jpg,10,35,112.0,112.0,74.5,176.95,74.84,71.45,0,ok,0
train/10-35/53.jpg,10,35,112.0,112.0,74.5,176.95,74.84,71.45,0,ok,0
train/10-35/55.jpg,10,35,112.0,112.0,74.5,176.95,74.84,71.45,0,ok,0
train/10-35/56.jpg,10,35,112.0,112.0,74.5,176.95,74.84,71.45,0,ok,0
train/10-35/57.jpg,10,35,112.0,112.0,74.5,176.95,74.84,71.45,0,ok,0
train/10-35/58.jpg,10,35,112.0,112.0,74.5,176.95,74.84,71.45,0,ok,0
train/10-35/6.jpg,10,35,112.0,112.0,176.95,149.5,71.45,149.16,270,ok,270
train/10-35/60.jpg,10,35,112.0,112.0,74.5,176.95,74.84,71.45,0,ok,0
train/10-35/61.jpg,10,35,112.0,112.0,74.5,176.95,74.84,71.45,0,ok,0
train/10-35/62.jpg,10,35,112.0,112.0,74.5,176.95,74.84,71.45,0,ok,0
train/10-35/63.jpg,10,35,112.0,112.0,74.5,176.95,74.84,71.45,0,ok,0
train/10-35/64.jpg,10,35,112.0,112.0,74.5,176.95,74.84,71.45,0,ok,0
train/10-35/66.jpg,10,35,112.0,112.0,74.5,176.95,74.84,71.45,0,ok,0
train/10-35/67.jpg,10,35,112.0,112.0,74.5,176.95,74.84,71.45,0,ok,0
train/10-35/68.jpg,10,35,112.0,112.0,74.5,176.95,74.84,71.45,0,ok,0
train/10-35/7.jpg,10,35,112.0,112.0,149.5,47.05,149.16,152.55,180,ok,180
train/10-35/70.jpg,10,35,112.0,112.0,74.5,176.95,74.84,71.45,0,ok,0
train/10-35/72.jpg,10,35,112.0,112.0,74.5,176.95,74.84,71.45,0,ok,0
train/10-35/74.jpg,10,35,112.0,112.0,74.5,176.95,74.84,71.45,0,ok,0
train/10-35/76.jpg,10,35,112.0,112.0,74.5,176.95,74.84,71.45,0,ok,0
train/10-35/78.jpg,10,35,112.0,112.0,74.5,176.95,74.84,71.45,0,ok,0
train/10-35/8.jpg,10,35,112.0,112.0,176.95,149.5,71.45,149.16,270,ok,270
train/10-35/80.jpg,10,35,112.0,112.0,47.05,74.5,152.55,74.84,90,ok,90
train/10-35/81.jpg,10,35,112.0,112.0,74.5,176.95,74.84,71.45,0,ok,0
train/10-35/82.jpg,10,35,112.0,112.0,47.05,74.5,152.55,74.84,90,ok,90
train/10-35/83.jpg,10,35,112.0,112.0,176.95,149.5,71.45,149.16,270,ok,270
train/10-35/84.jpg,10,35,112.0,112.0,149.5,47.05,149.16,152.55,180,ok,180
train/10-35/85.jpg,10,35,112.0,112.0,149.5,47.05,149.16,152.55,180,ok,180
train/10-35/86.jpg,10,35,112.0,112.0,74.5,176.95,74.84,71.45,0,ok,0
train/10-35/87.jpg,10,35,112.0,112.0,47.05,74.5,152.55,74.84,90,ok,90
train/10-35/9.jpg,10,35,112.0,112.0,176.95,149.5,71.45,149.16,270,ok,270
train/10-35/91.jpg,10,35,112.0,112.0,74.5,176.95,74.84,71.45,0,ok,0
train/10-35/92.jpg,10,35,112.0,112.0,176.95,149.5,71.45,149.16,270,ok,270
train/10-35/95.jpg,10,35,112.0,112.0,47.05,74.5,152.55,74.84,90,ok,90
train/10-35/96.jpg,10,35,112.0,112.0,74.5,176.95,74.84,71.45,0,ok,0
train/10-35/97.jpg,10,35,112.0,112.0,176.95,149.5,71.45,149.16,270,ok,270
train/10-35/98.jpg,10,35,112.0,112.0,149.5,47.05,149.16,152.55,180,ok,180
train/10-35/99.jpg,10,35,112.0,112.0,74.5,176.95,74.84,71.45,0,ok,0
train/10-40/10.jpg,10,40,112.0,112.0,47.05,149.5,76.65,69.87,0,ok,0
train/10-40/13.jpg,10,40,112.0,112.0,47.05,149.5,76.65,69.87,0,ok,0
train/10-40/16.jpg,10,40,112.0,112.0,47.05,149.5,76.65,69.87,0,ok,0
train/10-40/19.jpg,10,40,112.0,112.0,149.5,176.95,69.87,147.35,270,ok,270
train/10-40/2.jpg,10,40,112.0,112.0,47.05,149.5,76.65,69.87,0,ok,0
train/10-40/22.jpg,10,40,112.0,112.0,74.5,47.05,154.13,76.65,90,ok,90
train/10-40/24.jpg,10,40,112.0,112.0,47.05,149.5,76.65,69.87,0,ok,0
train/10-40/26.jpg,10,40,112.0,112.0,149.5,176.95,69.87,147.35,270,ok,270
train/10-40/29.jpg,10,40,112.0,112.0,176.95,74.5,147.35,154.13,180,ok,180
train/10-40/3.jpg,10,40,112.0,112.0,47.05,149.5,76.65,69.87,0,ok,0
train/10-40/30.jpg,10,40,112.0,112.0,149.5,176.95,69.87,147.35,270,ok,270
train/10-40/33.jpg,10,40,112.0,112.0,47.05,149.5,76.65,69.87,0,ok,0
train/10-40/37.jpg,10,40,112.0,112.0,47.05,149.5,76.65,69.87,0,ok,0
train/10-40/38.jpg,10,40,112.0,112.0,149.5,176.95,69.87,147.35,270,ok,270
train/10-40/4.jpg,10,40,112.0,112.0,149.5,176.95,69.87,147.35,270,ok,270
train/10-40/40.jpg,10,40,112.0,112.0,47.05,149.5,76.65,69.87,0,ok,0
train/10-40/42.jpg,10,40,112.0,112.0,47.05,149.5,76.65,69.87,0,ok,0
train/10-40/44.jpg,10,40,112.0,112.0,47.05,149.5,76.65,69.87,0,ok,0
train/10-40/45.jpg,10,40,112.0,112.0,74.5,47.05,154.13,76.65,90,ok,90
train/10-40/46.jpg,10,40,112.0,112.0,47.05,149.5,76.65,69.87,0,ok,0
train/10-40/47.jpg,10,40,112.0,112.0,176.95,74.5,147.35,154.13,180,ok,180
train/10-40/5.jpg,10,40,112.0,112.0,74.5,47.05,154.13,76.65,90,ok,90
train/10-40/52.jpg,10,40,112.0,112.0,74.5,47.05,154.13,76.65,90,ok,90
train/10-40/55.jpg,10,40,112.0,112.0,176.95,74.5,147.35,154.13,180,ok,180
train/10-40/56.jpg,10,40,112.0,112.0,149.5,176.95,69.87,147.35,270,ok,270
train/10-40/6.jpg,10,40,112.0,112.0,74.5,47.05,154.13,76.65,90,ok,90
train/10-40/60.jpg,10,40,112.0,112.0,47.05,149.5,76.65,69.87,0,ok,0
train/10-40/61.jpg,10,40,112.0,112.0,74.5,47.05,154.13,76.65,90,ok,90
train/10-40/64.jpg,10,40,112.0,112.0,47.05,149.5,76.65,69.87,0,ok,0
train/10-40/67.jpg,10,40,112.0,112.0,149.5,176.95,69.87,147.35,270,ok,270
train/10-40/72.jpg,10,40,112.0,112.0,47.05,149.5,76.65,69.87,0,ok,0
train/10-40/73.jpg,10,40,112.0,112.0,176.95,74.5,147.35,154.13,180,ok,180
train/10-40/75.jpg,10,40,112.0,112.0,47.05,149.5,76.65,69.87,0,ok,0
train/10-40/8.jpg,10,40,112.0,112.0,176.95,74.5,147.35,154.13,180,ok,180
train/10-40/86.jpg,10,40,112.0,112.0,47.05,149.5,76.65,69.87,0,ok,0
train/10-40/88.jpg,10,40,112.0,112.0,47.05,149.5,76.65,69.87,0,ok,0
train/10-40/9.jpg,10,40,112.0,112.0,74.5,47.05,154.13,76.65,90,ok,90
train/10-40/90.jpg,10,40,112.0,112.0,47.05,149.5,76.65,69.87,0,ok,0
train/10-40/91.jpg,10,40,112.0,112.0,149.5,176.95,69.87,147.35,270,ok,270
train/10-40/93.jpg,10,40,112.0,112.0,47.05,149.5,76.65,69.87,0,ok,0
train/10-40/95.jpg,10,40,112.0,112.0,74.5,47.05,154.13,76.65,90,ok,90
train/10-40/98.jpg,10,40,112.0,112.0,47.05,149.5,76.65,69.87,0,ok,0
train/10-45/0.jpg,10,45,112.0,112.0,37.0,112.0,78.52,68.37,0,ok,0
train/10-45/1.jpg,10,45,112.0,112.0,112.0,37.0,155.63,78.52,90,ok,90
train/10-45/10.jpg,10,45,112.0,112.0,112.0,187.0,68.37,145.48,270,ok,270
train/10-45/12.jpg,10,45,112.0,112.0,112.0,37.0,155.63,78.52,90,ok,90
train/10-45/13.jpg,10,45,112.0,112.0,37.0,112.0,78.52,68.37,0,ok,0
train/10-45/15.jpg,10,45,112.0,112.0,37.0,112.0,78.52,68.37,0,ok,0
train/10-45/17.jpg,10,45,112.0,112.0,37.0,112.0,78.52,68.37,0,ok,0
train/10-45/19.jpg,10,45,112.0,112.0,37.0,112.0,78.52,68.37,0,ok,0
train/10-45/2.jpg,10,45,112.0,112.0,112.0,187.0,68.37,145.48,270,ok,270
train/10-45/21.jpg,10,45,112.0,112.0,37.0,112.0,78.52,68.37,0,ok,0
train/10-45/24.jpg,10,45,112.0,112.0,37.0,112.0,78.52,68.37,0,ok,0
train/10-45/26.jpg,10,45,112.0,112.0,112.0,37.0,155.63,78.52,90,ok,90
train/10-45/28.jpg,10,45,112.0,112.0,112.0,187.0,68.37,145.48,270,ok,270
train/10-45/29.jpg,10,45,112.0,112.0,187.0,112.0,145.48,155.63,180,ok,180
train/10-45/30.jpg,10,45,112.0,112.0,112.0,37.0,155.63,78.52,90,ok,90
train/10-45/32.jpg,10,45,112.0,112.0,37.0,112.0,78.52,68.37,0,ok,0
train/10-45/33.jpg,10,45,112.0,112.0,112.0,37.0,155.63,78.52,90,ok,90
train/10-45/35.jpg,10,45,112.0,112.0,112.0,37.0,155.63,78.52,90,ok,90
train/10-45/36.jpg,10,45,112.0,112.0,37.0,112.0,78.52,68.37,0,ok,0
train/10-45/37.jpg,10,45,112.0,112.0,112.0,37.0,155.63,78.52,90,ok,90
train/10-45/38.jpg,10,45,112.0,112.0,112.0,187.0,68.37,145.48,270,ok,270
train/10-45/4.jpg,10,45,112.0,112.0,37.0,112.0,78.52,68.37,0,ok,0
train/10-45/40.jpg,10,45,112.0,112.0,187.0,112.0,145.48,155.63,180,ok,180
train/10-45/44.jpg,10,45,112.0,112.0,37.0,112.0,78.52,68.37,0,ok,0
train/10-45/45.jpg,10,45,112.0,112.0,187.0,112.0,145.48,155.63,180,ok,180
train/10-45/49.jpg,10,45,112.0,112.0,37.0,112.0,78.52,68.37,0,ok,0
train/10-45/50.jpg,10,45,112.0,112.0,112.0,187.0,68.37,145.48,270,ok,270
train/10-45/51.jpg,10,45,112.0,112.0,37.0,112.0,78.52,68.37,0,ok,0
train/10-45/53.jpg,10,45,112.0,112.0,112.0,187.0,68.37,145.48,270,ok,270
train/10-45/60.jpg,10,45,112.0,112.0,37.0,112.0,78.52,68.37,0,ok,0
train/10-45/62.jpg,10,45,112.0,112.0,37.0,112.0,78.52,68.37,0,ok,0
train/10-45/64.jpg,10,45,112.0,112.0,187.0,112.0,145.48,155.63,180,ok,180
train/10-45/68.jpg,10,45,112.0,112.0,37.0,112.0,78.52,68.37,0,ok,0
train/10-45/69.jpg,10,45,112.0,112.0,37.0,112.0,78.52,68.37,0,ok,0
train/10-45/72.jpg,10,45,112.0,112.0,112.0,187.0,68.37,145.48,270,ok,270
train/10-45/73.jpg,10,45,112.0,112.0,37.0,112.0,78.52,68.37,0,ok,0
train/10-45/74.jpg,10,45,112.0,112.0,112.0,187.0,68.37,145.48,270,ok,270
train/10-45/76.jpg,10,45,112.0,112.0,112.0,187.0,68.37,145.48,270,ok,270
train/10-45/78.jpg,10,45,112.0,112.0,37.0,112.0,78.52,68.37,0,ok,0
train/10-45/8.jpg,10,45,112.0,112.0,112.0,37.0,155.63,78.52,90,ok,90
train/10-45/80.jpg,10,45,112.0,112.0,112.0,187.0,68.37,145.48,270,ok,270
train/10-45/82.jpg,10,45,112.0,112.0,37.0,112.0,78.52,68.37,0,ok,0
train/10-45/83.jpg,10,45,112.0,112.0,37.0,112.0,78.52,68.37,0,ok,0
train/10-45/84.jpg,10,45,112.0,112.0,112.0,187.0,68.37,145.48,270,ok,270
train/10-45/85.jpg,10,45,112.0,112.0,112.0,37.0,155.63,78.52,90,ok,90
train/10-45/86.jpg,10,45,112.0,112.0,112.0,37.0,155.63,78.52,90,ok,90
train/10-45/87.jpg,10,45,112.0,112.0,37.0,112.0,78.52,68.37,0,ok,0
train/10-45/88.jpg,10,45,112.0,112.0,112.0,187.0,68.37,145.48,270,ok,270
train/10-45/89.jpg,10,45,112.0,112.0,37.0,112.0,78.52,68.37,0,ok,0
train/10-45/9.jpg,10,45,112.0,112.0,187.0,112.0,145.48,155.63,180,ok,180
train/10-45/91.jpg,10,45,112.0,112.0,37.0,112.0,78.52,68.37,0,ok,0
train/10-45/92.jpg,10,45,112.0,112.0,37.0,112.0,78.52,68.37,0,ok,0
train/10-45/93.jpg,10,45,112.0,112.0,37.0,112.0,78.52,68.37,0,ok,0
train/10-45/95.jpg,10,45,112.0,112.0,187.0,112.0,145.48,155.63,180,ok,180
train/10-45/96.jpg,10,45,112.0,112.0,37.0,112.0,78.52,68.37,0,ok,0
train/10-45/98.jpg,10,45,112.0,112.0,112.0,187.0,68.37,145.48,270,ok,270
train/10-50/0.jpg,10,50,112.0,112.0,176.95,149.5,143.55,157.05,180,ok,180
train/10-50/1.jpg,10,50,112.0,112.0,47.05,74.5,80.45,66.95,0,ok,0
train/10-50/12.jpg,10,50,112.0,112.0,149.5,47.05,157.05,80.45,90,ok,90
train/10-50/13.jpg,10,50,112.0,112.0,149.5,47.05,157.05,80.45,90,ok,90
train/10-50/15.jpg,10,50,112.0,112.0,176.95,149.5,143.55,157.05,180,ok,180
train/10-50/17.jpg,10,50,112.0,112.0,74.5,176.95,66.95,143.55,270,ok,270
train/10-50/18.jpg,10,50,112.0,112.0,149.5,47.05,157.05,80.45,90,ok,90
train/10-50/19.jpg,10,50,112.0,112.0,47.05,74.5,80.45,66.95,0,ok,0
train/10-50/2.jpg,10,50,112.0,112.0,47.05,74.5,80.45,66.95,0,ok,0
train/10-50/20.jpg,10,50,112.0,112.0,47.05,74.5,80.45,66.95,0,ok,0
train/10-50/22.jpg,10,50,112.0,112.0,149.5,47.05,157.05,80.45,90,ok,90
train/10-50/25.jpg,10,50,112.0,112.0,74.5,176.95,66.95,143.55,270,ok,270
train/10-50/26.jpg,10,50,112.0,112.0,47.05,74.5,80.45,66.95,0,ok,0
train/10-50/28.jpg,10,50,112.0,112.0,176.95,149.5,143.55,157.05,180,ok,180
train/10-50/29.jpg,10,50,112.0,112.0,176.95,149.5,143.55,157.05,180,ok,180
train/10-50/31.jpg,10,50,112.0,112.0,47.05,74.5,80.45,66.95,0,ok,0
train/10-50/32.jpg,10,50,112.0,112.0,47.05,74.5,80.45,66.95,0,ok,0
train/10-50/33.jpg,10,50,112.0,112.0,74.5,176.95,66.95,143.55,270,ok,270
train/10-50/34.jpg,10,50,112.0,112.0,47.05,74.5,80.45,66.95,0,ok,0
train/10-50/35.jpg,10,50,112.0,112.0,74.5,176.95,66.95,143.55,270,ok,270
train/10-50/36.jpg,10,50,112.0,112.0,47.05,74.5,80.45,66.95,0,ok,0
train/10-50/37.jpg,10,50,112.0,112.0,149.5,47.05,157.05,80.45,90,ok,90
train/10-50/38.jpg,10,50,112.0,112.0,74.5,176.95,66.95,143.55,270,ok,270
train/10-50/4.jpg,10,50,112.0,112.0,74.5,176.95,66.95,143.55,270,ok,270
train/10-50/40.jpg,10,50,112.0,112.0,47.05,74.5,80.45,66.95,0,ok,0
train/10-50/41.jpg,10,50,112.0,112.0,74.5,176.95,66.95,143.55,270,ok,270
train/10-50/42.jpg,10,50,112.0,112.0,47.05,74.5,80.45,66.95,0,ok,0
train/10-50/44.jpg,10,50,112.0,112.0,47.05,74.5,80.45,66.95,0,ok,0
train/10-50/46.jpg,10,50,112.0,112.0,47.05,74.5,80.45,66.95,0,ok,0
train/10-50/47.jpg,10,50,112.0,112.0,47.05,74.5,80.45,66.95,0,ok,0
train/10-50/48.jpg,10,50,112.0,112.0,47.05,74.5,80.45,66.95,0,ok,0
train/10-50/49.jpg,10,50,112.0,112.0,47.05,74.5,80.45,66.95,0,ok,0
train/10-50/5.jpg,10,50,112.0,112.0,47.05,74.5,80.45,66.95,0,ok,0
train/10-50/50.jpg,10,50,112.0,112.0,47.05,74.5,80.45,66.95,0,ok,0
train/10-50/51.jpg,10,50,112.0,112.0,47.05,74.5,80.45,66.95,0,ok,0
train/10-50/52.jpg,10,50,112.0,112.0,47.05,74.5,80.45,66.95,0,ok,0
train/10-50/53.jpg,10,50,112.0,112.0,47.05,74.5,80.45,66.95,0,ok,0
train/10-50/6.jpg,10,50,112.0,112.0,149.5,47.05,157.05,80.45,90,ok,90
train/10-50/60.jpg,10,50,112.0,112.0,47.05,74.5,80.45,66.95,0,ok,0
train/10-50/62.jpg,10,50,112.0,112.0,47.05,74.5,80.45,66.95,0,ok,0
train/10-50/63.jpg,10,50,112.0,112.0,47.05,74.5,80.45,66.95,0,ok,0
train/10-50/66.jpg,10,50,112.0,112.0,176.95,149.5,143.55,157.05,180,ok,180
train/10-50/67.jpg,10,50,112.0,112.0,149.5,47.05,157.05,80.45,90,ok,90
train/10-50/69.jpg,10,50,112.0,112.0,74.5,176.95,66.95,143.55,270,ok,270
train/10-50/7.jpg,10,50,112.0,112.0,176.95,149.5,143.55,157.05,180,ok,180
train/10-50/72.jpg,10,50,112.0,112.0,47.05,74.5,80.45,66.95,0,ok,0
train/10-50/73.jpg,10,50,112.0,112.0,149.5,47.05,157.05,80.45,90,ok,90
train/10-50/76.jpg,10,50,112.0,112.0,47.05,74.5,80.45,66.95,0,ok,0
train/10-50/78.jpg,10,50,112.0,112.0,149.5,47.05,157.05,80.45,90,ok,90
train/10-50/79.jpg,10,50,112.0,112.0,47.05,74.5,80.45,66.95,0,ok,0
train/10-50/8.jpg,10,50,112.0,112.0,47.05,74.5,80.45,66.95,0,ok,0
train/10-50/80.jpg,10,50,112.0,112.0,47.05,74.5,80.45,66.95,0,ok,0
train/10-50/82.jpg,10,50,112.0,112.0,47.05,74.5,80.45,66.95,0,ok,0
train/10-50/83.jpg,10,50,112.0,112.0,176.95,149.5,143.55,157.05,180,ok,180
train/10-50/84.jpg,10,50,112.0,112.0,47.05,74.5,80.45,66.95,0,ok,0
train/10-50/85.jpg,10,50,112.0,112.0,47.05,74.5,80.45,66.95,0,ok,0
train/10-50/86.jpg,10,50,112.0,112.0,149.5,47.05,157.05,80.45,90,ok,90
train/10-50/89.jpg,10,50,112.0,112.0,74.5,176.95,66.95,143.55,270,ok,270
train/10-50/9.jpg,10,50,112.0,112.0,47.05,74.5,80.45,66.95,0,ok,0
train/10-50/90.jpg,10,50,112.0,112.0,47.05,74.5,80.45,66.95,0,ok,0
train/10-50/92.jpg,10,50,112.0,112.0,47.05,74.5,80.45,66.95,0,ok,0
train/10-50/94.jpg,10,50,112.0,112.0,176.95,149.5,143.55,157.05,180,ok,180
train/10-50/95.jpg,10,50,112.0,112.0,176.95,149.5,143.55,157.05,180,ok,180
train/10-50/96.jpg,10,50,112.0,112.0,176.95,149.5,143.55,157.05,180,ok,180
train/10-50/97.jpg,10,50,112.0,112.0,47.05,74.5,80.45,66.95,0,ok,0
train/10-50/99.jpg,10,50,112.0,112.0,47.05,74.5,80.45,66.95,0,ok,0
train/10-55/0.jpg,10,55,112.0,112.0,149.5,176.95,141.55,158.39,180,ok,180
train/10-55/10.jpg,10,55,112.0,112.0,176.95,74.5,158.39,82.45,90,ok,90
train/10-55/12.jpg,10,55,112.0,112.0,74.5,47.05,82.45,65.61,0,ok,0
train/10-55/15.jpg,10,55,112.0,112.0,74.5,47.05,82.45,65.61,0,ok,0
train/10-55/16.jpg,10,55,112.0,112.0,47.05,149.5,65.61,141.55,270,ok,270
train/10-55/17.jpg,10,55,112.0,112.0,176.95,74.5,158.39,82.45,90,ok,90
train/10-55/19.jpg,10,55,112.0,112.0,47.05,149.5,65.61,141.55,270,ok,270
train/10-55/20.jpg,10,55,112.0,112.0,149.5,176.95,141.55,158.39,180,ok,180
train/10-55/21.jpg,10,55,112.0,112.0,47.05,149.5,65.61,141.55,270,ok,270
train/10-55/24.jpg,10,55,112.0,112.0,74.5,47.05,82.45,65.61,0,ok,0
train/10-55/27.jpg,10,55,112.0,112.0,74.5,47.05,82.45,65.61,0,ok,0
train/10-55/28.jpg,10,55,112.0,112.0,149.5,176.95,141.55,158.39,180,ok,180
train/10-55/30.jpg,10,55,112.0,112.0,74.5,47.05,82.45,65.61,0,ok,0
train/10-55/31.jpg,10,55,112.0,112.0,176.95,74.5,158.39,82.45,90,ok,90
train/10-55/33.jpg,10,55,112.0,112.0,74.5,47.05,82.45,65.61,0,ok,0
train/10-55/34.jpg,10,55,112.0,112.0,74.5,47.05,82.45,65.61,0,ok,0
train/10-55/35.jpg,10,55,112.0,112.0,47.05,149.5,65.61,141.55,270,ok,270
train/10-55/36.jpg,10,55,112.0,112.0,149.5,176.95,141.55,158.39,180,ok,180
train/10-55/38.jpg,10,55,112.0,112.0,176.95,74.5,158.39,82.45,90,ok,90
train/10-55/4.jpg,10,55,112.0,112.0,74.5,47.05,82.45,65.61,0,ok,0
train/10-55/40.jpg,10,55,112.0,112.0,74.5,47.05,82.45,65.61,0,ok,0
train/10-55/41.jpg,10,55,112.0,112.0,149.5,176.95,141.55,158.39,180,ok,180
train/10-55/44.jpg,10,55,112.0,112.0,47.05,149.5,65.61,141.55,270,ok,270
train/10-55/45.jpg,10,55,112.0,112.0,74.5,47.05,82.45,65.61,0,ok,0
train/10-55/48.jpg,10,55,112.0,112.0,47.05,149.5,65.61,141.55,270,ok,270
train/10-55/49.jpg,10,55,112.0,112.0,74.5,47.05,82.45,65.61,0,ok,0
train/10-55/50.jpg,10,55,112.0,112.0,74.5,47.05,82.45,65.61,0,ok,0
train/10-55/51.jpg,10,55,112.0,112.0,74.5,47.05,82.45,65.61,0,ok,0
train/10-55/52.jpg,10,55,112.0,112.0,74.5,47.05,82.45,65.61,0,ok,0
train/10-55/53.jpg,10,55,112.0,112.0,149.5,176.95,141.55,158.39,180,ok,180
train/10-55/55.jpg,10,55,112.0,112.0,176.95,74.5,158.39,82.45,90,ok,90
train/10-55/56.jpg,10,55,112.0,112.0,74.5,47.05,82.45,65.61,0,ok,0
train/10-55/58.jpg,10,55,112.0,112.0,47.05,149.5,65.61,141.55,270,ok,270
train/10-55/6.jpg,10,55,112.0,112.0,149.5,176.95,141.55,158.39,180,ok,180
train/10-55/60.jpg,10,55,112.0,112.0,74.5,47.05,82.45,65.61,0,ok,0
train/10-55/61.jpg,10,55,112.0,112.0,74.5,47.05,82.45,65.61,0,ok,0
train/10-55/62.jpg,10,55,112.0,112.0,176.95,74.5,158.39,82.45,90,ok,90
train/10-55/64.jpg,10,55,112.0,112.0,74.5,47.05,82.45,65.61,0,ok,0
train/10-55/65.jpg,10,55,112.0,112.0,74.5,47.05,82.45,65.61,0,ok,0
train/10-55/66.jpg,10,55,112.0,112.0,74.5,47.05,82.45,65.61,0,ok,0
train/10-55/67.jpg,10,55,112.0,112.0,74.5,47.05,82.45,65.61,0,ok,0
train/10-55/69.jpg,10,55,112.0,112.0,74.5,47.05,82.45,65.61,0,ok,0
train/10-55/7.jpg,10,55,112.0,112.0,74.5,47.05,82.45,65.61,0,ok,0
train/10-55/73.jpg,10,55,112.0,112.0,149.5,176.95,141.55,158.39,180,ok,180
train/10-55/74.jpg,10,55,112.0,112.0,176.95,74.5,158.39,82.45,90,ok,90
train/10-55/78.jpg,10,55,112.0,112.0,149.5,176.95,141.55,158.39,180,ok,180
train/10-55/8.jpg,10,55,112.0,112.0,47.05,149.5,65.61,141.55,270,ok,270
train/10-55/82.jpg,10,55,112.0,112.0,47.05,149.5,65.61,141.55,270,ok,270
train/10-55/83.jpg,10,55,112.0,112.0,74.5,47.05,82.45,65.61,0,ok,0
train/10-55/85.jpg,10,55,112.0,112.0,74.5,47.05,82.45,65.61,0,ok,0
train/10-55/86.jpg,10,55,112.0,112.0,74.5,47.05,82.45,65.61,0,ok,0
train/10-55/88.jpg,10,55,112.0,112.0,74.5,47.05,82.45,65.61,0,ok,0
train/10-55/89.jpg,10,55,112.0,112.0,74.5,47.05,82.45,65.61,0,ok,0
train/10-55/90.jpg,10,55,112.0,112.0,74.5,47.05,82.45,65.61,0,ok,0
train/10-55/91.jpg,10,55,112.0,112.0,74.5,47.05,82.45,65.61,0,ok,0
train/10-55/92.jpg,10,55,112.0,112.0,74.5,47.05,82.45,65.61,0,ok,0
train/10-55/93.jpg,10,55,112.0,112.0,74.5,47.05,82.45,65.61,0,ok,0
train/10-55/95.jpg,10,55,112.0,112.0,47.05,149.5,65.61,141.55,270,ok,270
train/10-55/96.jpg,10,55,112.0,112.0,47.05,149.5,65.61,141.55,270,ok,270
train/10-55/97.jpg,10,55,112.0,112.0,176.95,74.5,158.39,82.45,90,ok,90
train/10-55/98.jpg,10,55,112.0,112.0,176.95,74.5,158.39,82.45,90,ok,90
train/11-00/1.jpg,11,0,112.0,112.0,112.0,187.0,139.5,159.63,180,ok,180
train/11-00/12.jpg,11,0,112.0,112.0,37.0,112.0,64.37,139.5,270,ok,270
train/11-00/15.jpg,11,0,112.0,112.0,112.0,37.0,84.5,64.37,0,ok,0
train/11-00/16.jpg,11,0,112.0,112.0,112.0,37.0,84.5,64.37,0,ok,0
train/11-00/17.jpg,11,0,112.0,112.0,112.0,187.0,139.5,159.63,180,ok,180
train/11-00/19.jpg,11,0,112.0,112.0,37.0,112.0,64.37,139.5,270,ok,270
train/11-00/20.jpg,11,0,112.0,112.0,112.0,187.0,139.5,159.63,180,ok,180
train/11-00/22.jpg,11,0,112.0,112.0,37.0,112.0,64.37,139.5,270,ok,270
train/11-00/23.jpg,11,0,112.0,112.0,112.0,37.0,84.5,64.37,0,ok,0
train/11-00/24.jpg,11,0,112.0,112.0,112.0,37.0,84.5,64.37,0,ok,0
train/11-00/26.jpg,11,0,112.0,112.0,112.0,37.0,84.5,64.37,0,ok,0
train/11-00/27.jpg,11,0,112.0,112.0,112.0,37.0,84.5,64.37,0,ok,0
train/11-00/28.jpg,11,0,112.0,112.0,112.0,37.0,84.5,64.37,0,ok,0
train/11-00/29.jpg,11,0,112.0,112.0,112.0,37.0,84.5,64.37,0,ok,0
train/11-00/31.jpg,11,0,112.0,112.0,112.0,187.0,139.5,159.63,180,ok,180
train/11-00/33.jpg,11,0,112.0,112.0,187.0,112.0,159.63,84.5,90,ok,90
train/11-00/34.jpg,11,0,112.0,112.0,112.0,37.0,84.5,64.37,0,ok,0
train/11-00/37.jpg,11,0,112.0,112.0,37.0,112.0,64.37,139.5,270,ok,270
train/11-00/38.jpg,11,0,112.0,112.0,112.0,187.0,139.5,159.63,180,ok,180
train/11-00/40.jpg,11,0,112.0,112.0,187.0,112.0,159.63,84.5,90,ok,90
train/11-00/41.jpg,11,0,112.0,112.0,112.0,37.0,84.5,64.37,0,ok,0
train/11-00/42.jpg,11,0,112.0,112.0,112.0,37.0,84.5,64.37,0,ok,0
train/11-00/44.jpg,11,0,112.0,112.0,187.0,112.0,159.63,84.5,90,ok,90
train/11-00/45.jpg,11,0,112.0,112.0,112.0,37.0,84.5,64.37,0,ok,0
train/11-00/46.jpg,11,0,112.0,112.0,37.0,112.0,64.37,139.5,270,ok,270
train/11-00/47.jpg,11,0,112.0,112.0,112.0,187.0,139.5,159.63,180,ok,180
train/11-00/49.jpg,11,0,112.0,112.0,112.0,37.0,84.5,64.37,0,ok,0
train/11-00/5.jpg,11,0,112.0,112.0,112.0,37.0,84.5,64.37,0,ok,0
train/11-00/50.jpg,11,0,112.0,112.0,187.0,112.0,159.63,84.5,90,ok,90
train/11-00/52.jpg,11,0,112.0,112.0,37.0,112.0,64.37,139.5,270,ok,270
train/11-00/53.jpg,11,0,112.0,112.0,112.0,37.0,84.5,64.37,0,ok,0
train/11-00/57.jpg,11,0,112.0,112.0,112.0,187.0,139.5,159.63,180,ok,180
train/11-00/6.jpg,11,0,112.0,112.0,112.0,37.0,84.5,64.37,0,ok,0
train/11-00/61.jpg,11,0,112.0,112.0,112.0,37.0,84.5,64.37,0,ok,0
train/11-00/62.jpg,11,0,112.0,112.0,112.0,37.0,84.5,64.37,0,ok,0
train/11-00/64.jpg,11,0,112.0,112.0,37.0,112.0,64.37,139.5,270,ok,270
train/11-00/65.jpg,11,0,112.0,112.0,112.0,187.0,139.5,159.63,180,ok,180
train/11-00/66.jpg,11,0,112.0,112.0,112.0,37.0,84.5,64.37,0,ok,0
train/11-00/67.jpg,11,0,112.0,112.0,112.0,187.0,139.5,159.63,180,ok,180
train/11-00/68.jpg,11,0,112.0,112.0,112.0,37.0,84.5,64.37,0,ok,0
train/11-00/69.jpg,11,0,112.0,112.0,112.0,37.0,84.5,64.37,0,ok,0
train/11-00/72.jpg,11,0,112.0,112.0,112.0,37.0,84.5,64.37,0,ok,0
train/11-00/73.jpg,11,0,112.0,112.0,37.0,112.0,64.37,139.5,270,ok,270
train/11-00/74.jpg,11,0,112.0,112.0,187.0,112.0,159.63,84.5,90,ok,90
train/11-00/78.jpg,11,0,112.0,112.0,37.0,112.0,64.37,139.5,270,ok,270
train/11-00/79.jpg,11,0,112.0,112.0,37.0,112.0,64.37,139.5,270,ok,270
train/11-00/8.jpg,11,0,112.0,112.0,187.0,112.0,159.63,84.5,90,ok,90
train/11-00/80.jpg,11,0,112.0,112.0,112.0,37.0,84.5,64.37,0,ok,0
train/11-00/82.jpg,11,0,112.0,112.0,187.0,112.0,159.63,84.5,90,ok,90
train/11-00/83.jpg,11,0,112.0,112.0,112.0,37.0,84.5,64.37,0,ok,0
train/11-00/84.jpg,11,0,112.0,112.0,112.0,37.0,84.5,64.37,0,ok,0
train/11-00/86.jpg,11,0,112.0,112.0,187.0,112.0,159.63,84.5,90,ok,90
train/11-00/87.jpg,11,0,112.0,112.0,112.0,187.0,139.5,159.63,180,ok,180
train/11-00/89.jpg,11,0,112.0,112.0,112.0,187.0,139.5,159.63,180,ok,180
train/11-00/9.jpg,11,0,112.0,112.0,187.0,112.0,159.63,84.5,90,ok,90
train/11-00/92.jpg,11,0,112.0,112.0,112.0,37.0,84.5,64.37,0,ok,0
train/11-00/93.jpg,11,0,112.0,112.0,112.0,37.0,84.5,64.37,0,ok,0
train/11-00/94.jpg,11,0,112.0,112.0,112.0,37.0,84.5,64.37,0,ok,0
train/11-00/95.jpg,11,0,112.0,112.0,187.0,112.0,159.63,84.5,90,ok,90
train/11-00/97.jpg,11,0,112.0,112.0,187.0,112.0,159.63,84.5,90,ok,90
train/11-00/98.jpg,11,0,112.0,112.0,112.0,37.0,84.5,64.37,0,ok,0
train/11-00/99.jpg,11,0,112.0,112.0,112.0,37.0,84.5,64.37,0,ok,0
train/11-05/0.jpg,11,5,112.0,112.0,149.5,47.05,86.6,63.21,0,ok,0
train/11-05/1.jpg,11,5,112.0,112.0,176.95,149.5,160.79,86.6,90,ok,90
train/11-05/10.jpg,11,5,112.0,112.0,149.5,47.05,86.6,63.21,0,ok,0
train/11-05/12.jpg,11,5,112.0,112.0,149.5,47.05,86.6,63.21,0,ok,0
train/11-05/13.jpg,11,5,112.0,112.0,149.5,47.05,86.6,63.21,0,ok,0
train/11-05/14.jpg,11,5,112.0,112.0,149.5,47.05,86.6,63.21,0,ok,0
train/11-05/15.jpg,11,5,112.0,112.0,149.5,47.05,86.6,63.21,0,ok,0
train/11-05/16.jpg,11,5,112.0,112.0,149.5,47.05,86.6,63.21,0,ok,0
train/11-05/17.jpg,11,5,112.0,112.0,149.5,47.05,86.6,63.21,0,ok,0
train/11-05/18.jpg,11,5,112.0,112.0,47.05,74.5,63.21,137.4,270,ok,270
train/11-05/19.jpg,11,5,112.0,112.0,149.5,47.05,86.6,63.21,0,ok,0
train/11-05/2.jpg,11,5,112.0,112.0,47.05,74.5,63.21,137.4,270,ok,270
train/11-05/20.jpg,11,5,112.0,112.0,149.5,47.05,86.6,63.21,0,ok,0
train/11-05/21.jpg,11,5,112.0,112.0,149.5,47.05,86.6,63.21,0,ok,0
train/11-05/24.jpg,11,5,112.0,112.0,149.5,47.05,86.6,63.21,0,ok,0
train/11-05/25.jpg,11,5,112.0,112.0,149.5,47.05,86.6,63.21,0,ok,0
train/11-05/26.jpg,11,5,112.0,112.0,74.5,176.95,137.4,160.79,180,ok,180
train/11-05/28.jpg,11,5,112.0,112.0,176.95,149.5,160.79,86.6,90,ok,90
train/11-05/30.jpg,11,5,112.0,112.0,74.5,176.95,137.4,160.79,180,ok,180
train/11-05/32.jpg,11,5,112.0,112.0,149.5,47.05,86.6,63.21,0,ok,0
train/11-05/33.jpg,11,5,112.0,112.0,149.5,47.05,86.6,63.21,0,ok,0
train/11-05/34.jpg,11,5,112.0,112.0,74.5,176.95,137.4,160.79,180,ok,180
train/11-05/37.jpg,11,5,112.0,112.0,74.5,176.95,137.4,160.79,180,ok,180
train/11-05/38.jpg,11,5,112.0,112.0,149.5,47.05,86.6,63.21,0,ok,0
train/11-05/4.jpg,11,5,112.0,112.0,47.05,74.5,63.21,137.4,270,ok,270
train/11-05/42.jpg,11,5,112.0,112.0,47.05,74.5,63.21,137.4,270,ok,270
train/11-05/44.jpg,11,5,112.0,112.0,149.5,47.05,86.6,63.21,0,ok,0
train/11-05/45.jpg,11,5,112.0,112.0,74.5,176.95,137.4,160.79,180,ok,180
train/11-05/46.jpg,11,5,112.0,112.0,149.5,47.05,86.6,63.21,0,ok,0
train/11-05/47.jpg,11,5,112.0,112.0,47.05,74.5,63.21,137.4,270,ok,270
train/11-05/49.jpg,11,5,112.0,112.0,149.5,47.05,86.6,63.21,0,ok,0
train/11-05/5.jpg,11,5,112.0,112.0,149.5,47.05,86.6,63.21,0,ok,0
train/11-05/51.jpg,11,5,112.0,112.0,74.5,176.95,137.4,160.79,180,ok,180
train/11-05/53.jpg,11,5,112.0,112.0,74.5,176.95,137.4,160.79,180,ok,180
train/11-05/56.jpg,11,5,112.0,112.0,149.5,47.05,86.6,63.21,0,ok,0
train/11-05/60.jpg,11,5,112.0,112.0,149.5,47.05,86.6,63.21,0,ok,0
train/11-05/62.jpg,11,5,112.0,112.0,47.05,74.5,63.21,137.4,270,ok,270
train/11-05/63.jpg,11,5,112.0,112.0,149.5,47.05,86.6,63.21,0,ok,0
train/11-05/64.jpg,11,5,112.0,112.0,74.5,176.95,137.4,160.79,180,ok,180
train/11-05/66.jpg,11,5,112.0,112.0,149.5,47.05,86.6,63.21,0,ok,0
train/11-05/67.jpg,11,5,112.0,112.0,149.5,47.05,86.6,63.21,0,ok,0
train/11-05/68.jpg,11,5,112.0,112.0,149.5,47.05,86.6,63.21,0,ok,0
train/11-05/71.jpg,11,5,112.0,112.0,149.5,47.05,86.6,63.21,0,ok,0
train/11-05/72.jpg,11,5,112.0,112.0,149.5,47.05,86.6,63.21,0,ok,0
train/11-05/73.jpg,11,5,112.0,112.0,149.5,47.05,86.6,63.21,0,ok,0
train/11-05/74.jpg,11,5,112.0,112.0,47.05,74.5,63.21,137.4,270,ok,270
train/11-05/76.jpg,11,5,112.0,112.0,176.95,149.5,160.79,86.6,90,ok,90
train/11-05/77.jpg,11,5,112.0,112.0,149.5,47.05,86.6,63.21,0,ok,0
train/11-05/79.jpg,11,5,112.0,112.0,149.5,47.05,86.6,63.21,0,ok,0
train/11-05/8.jpg,11,5,112.0,112.0,47.05,74.5,63.21,137.4,270,ok,270
train/11-05/80.jpg,11,5,112.0,112.0,149.5,47.05,86.6,63.21,0,ok,0
train/11-05/82.jpg,11,5,112.0,112.0,74.5,176.95,137.4,160.79,180,ok,180
train/11-05/84.jpg,11,5,112.0,112.0,149.5,47.05,86.6,63.21,0,ok,0
train/11-05/85.jpg,11,5,112.0,112.0,47.05,74.5,63.21,137.4,270,ok,270
train/11-05/88.jpg,11,5,112.0,112.0,149.5,47.05,86.6,63.21,0,ok,0
train/11-05/89.jpg,11,5,112.0,112.0,74.5,176.95,137.4,160.79,180,ok,180
train/11-05/9.jpg,11,5,112.0,112.0,176.95,149.5,160.79,86.6,90,ok,90
train/11-05/90.jpg,11,5,112.0,112.0,149.5,47.05,86.6,63.21,0,ok,0
train/11-05/91.jpg,11,5,112.0,112.0,176.95,149.5,160.79,86.6,90,ok,90
train/11-05/93.jpg,11,5,112.0,112.0,74.5,176.95,137.4,160.79,180,ok,180
train/11-05/94.jpg,11,5,112.0,112.0,149.5,47.05,86.6,63.21,0,ok,0
train/11-05/95.jpg,11,5,112.0,112.0,149.5,47.05,86.6,63.21,0,ok,0
train/11-05/96.jpg,11,5,112.0,112.0,74.5,176.95,137.4,160.79,180,ok,180
train/11-05/97.jpg,11,5,112.0,112.0,149.5,47.05,86.6,63.21,0,ok,0
train/11-05/98.jpg,11,5,112.0,112.0,149.5,47.05,86.6,63.21,0,ok,0
train/11-10/10.jpg,11,10,112.0,112.0,149.5,176.95,161.85,88.76,90,ok,90
train/11-10/13.jpg,11,10,112.0,112.0,149.5,176.95,161.85,88.76,90,ok,90
train/11-10/20.jpg,11,10,112.0,112.0,176.95,74.5,88.76,62.15,0,ok,0
train/11-10/24.jpg,11,10,112.0,112.0,47.05,149.5,135.24,161.85,180,ok,180
train/11-10/27.jpg,11,10,112.0,112.0,149.5,176.95,161.85,88.76,90,ok,90
train/11-10/28.jpg,11,10,112.0,112.0,176.95,74.5,88.76,62.15,0,ok,0
train/11-10/33.jpg,11,10,112.0,112.0,47.05,149.5,135.24,161.85,180,ok,180
train/11-10/35.jpg,11,10,112.0,112.0,176.95,74.5,88.76,62.15,0,ok,0
train/11-10/41.jpg,11,10,112.0,112.0,176.95,74.5,88.76,62.15,0,ok,0
train/11-10/44.jpg,11,10,112.0,112.0,47.05,149.5,135.24,161.85,180,ok,180
train/11-10/47.jpg,11,10,112.0,112.0,176.95,74.5,88.76,62.15,0,ok,0
train/11-10/49.jpg,11,10,112.0,112.0,47.05,149.5,135.24,161.85,180,ok,180
train/11-10/60.jpg,11,10,112.0,112.0,47.05,149.5,135.24,161.85,180,ok,180
train/11-10/69.jpg,11,10,112.0,112.0,47.05,149.5,135.24,161.85,180,ok,180
train/11-10/8.jpg,11,10,112.0,112.0,47.05,149.5,135.24,161.85,180,ok,180
train/11-10/86.jpg,11,10,112.0,112.0,176.95,74.5,88.76,62.15,0,ok,0
train/11-10/93.jpg,11,10,112.0,112.0,47.05,149.5,135.24,161.85,180,ok,180
train/11-10/97.jpg,11,10,112.0,112.0,47.05,149.5,135.24,161.85,180,ok,180
train/11-10/99.jpg,11,10,112.0,112.0,47.05,149.5,135.24,161.85,180,ok,180
train/11-15/0.jpg,11,15,112.0,112.0,112.0,187.0,162.81,90.95,90,ok,90
train/11-15/1.jpg,11,15,112.0,112.0,187.0,112.0,90.95,61.19,0,ok,0
train/11-15/12.jpg,11,15,112.0,112.0,187.0,112.0,90.95,61.19,0,ok,0
train/11-15/13.jpg,11,15,112.0,112.0,37.0,112.0,133.05,162.81,180,ok,180
train/11-15/15.jpg,11,15,112.0,112.0,187.0,112.0,90.95,61.19,0,ok,0
train/11-15/16.jpg,11,15,112.0,112.0,187.0,112.0,90.95,61.19,0,ok,0
train/11-15/18.jpg,11,15,112.0,112.0,37.0,112.0,133.05,162.81,180,ok,180
train/11-15/19.jpg,11,15,112.0,112.0,37.0,112.0,133.05,162.81,180,ok,180
train/11-15/20.jpg,11,15,112.0,112.0,187.0,112.0,90.95,61.19,0,ok,0
train/11-15/22.jpg,11,15,112.0,112.0,112.0,37.0,61.19,133.05,270,ok,270
train/11-15/26.jpg,11,15,112.0,112.0,37.0,112.0,133.05,162.81,180,ok,180
train/11-15/27.jpg,11,15,112.0,112.0,187.0,112.0,90.95,61.19,0,ok,0
train/11-15/28.jpg,11,15,112.0,112.0,187.0,112.0,90.95,61.19,0,ok,0
train/11-15/29.jpg,11,15,112.0,112.0,37.0,112.0,133.05,162.81,180,ok,180
train/11-15/3.jpg,11,15,112.0,112.0,187.0,112.0,90.95,61.19,0,ok,0
train/11-15/30.jpg,11,15,112.0,112.0,112.0,37.0,61.19,133.05,270,ok,270
train/11-15/32.jpg,11,15,112.0,112.0,187.0,112.0,90.95,61.19,0,ok,0
train/11-15/34.jpg,11,15,112.0,112.0,112.0,37.0,61.19,133.05,270,ok,270
train/11-15/36.jpg,11,15,112.0,112.0,112.0,187.0,162.81,90.95,90,ok,90
train/11-15/37.jpg,11,15,112.0,112.0,187.0,112.0,90.95,61.19,0,ok,0
train/11-15/38.jpg,11,15,112.0,112.0,37.0,112.0,133.05,162.81,180,ok,180
train/11-15/4.jpg,11,15,112.0,112.0,112.0,187.0,162.81,90.95,90,ok,90
train/11-15/40.jpg,11,15,112.0,112.0,37.0,112.0,133.05,162.81,180,ok,180
train/11-15/42.jpg,11,15,112.0,112.0,187.0,112.0,90.95,61.19,0,ok,0
train/11-15/43.jpg,11,15,112.0,112.0,187.0,112.0,90.95,61.19,0,ok,0
train/11-15/44.jpg,11,15,112.0,112.0,112.0,187.0,162.81,90.95,90,ok,90
train/11-15/45.jpg,11,15,112.0,112.0,187.0,112.0,90.95,61.19,0,ok,0
train/11-15/46.jpg,11,15,112.0,112.0,187.0,112.0,90.95,61.19,0,ok,0
train/11-15/47.jpg,11,15,112.0,112.0,112.0,187.0,162.81,90.95,90,ok,90
train/11-15/49.jpg,11,15,112.0,112.0,112.0,187.0,162.81,90.95,90,ok,90
train/11-15/5.jpg,11,15,112.0,112.0,187.0,112.0,90.95,61.19,0,ok,0
train/11-15/50.jpg,11,15,112.0,112.0,187.0,112.0,90.95,61.19,0,ok,0
train/11-15/53.jpg,11,15,112.0,112.0,187.0,112.0,90.95,61.19,0,ok,0
train/11-15/56.jpg,11,15,112.0,112.0,187.0,112.0,90.95,61.19,0,ok,0
train/11-15/57.jpg,11,15,112.0,112.0,112.0,37.0,61.19,133.05,270,ok,270
train/11-15/60.jpg,11,15,112.0,112.0,187.0,112.0,90.95,61.19,0,ok,0
train/11-15/62.jpg,11,15,112.0,112.0,112.0,187.0,162.81,90.95,90,ok,90
train/11-15/63.jpg,11,15,112.0,112.0,187.0,112.0,90.95,61.19,0,ok,0
train/11-15/64.jpg,11,15,112.0,112.0,37.0,112.0,133.05,162.81,180,ok,180
train/11-15/66.jpg,11,15,112.0,112.0,37.0,112.0,133.05,162.81,180,ok,180
train/11-15/67.jpg,11,15,112.0,112.0,187.0,112.0,90.95,61.19,0,ok,0
train/11-15/69.jpg,11,15,112.0,112.0,187.0,112.0,90.95,61.19,0,ok,0
train/11-15/7.jpg,11,15,112.0,112.0,187.0,112.0,90.95,61.19,0,ok,0
train/11-15/72.jpg,11,15,112.0,112.0,187.0,112.0,90.95,61.19,0,ok,0
train/11-15/73.jpg,11,15,112.0,112.0,187.0,112.0,90.95,61.19,0,ok,0
train/11-15/74.jpg,11,15,112.0,112.0,112.0,187.0,162.81,90.95,90,ok,90
train/11-15/75.jpg,11,15,112.0,112.0,187.0,112.0,90.95,61.19,0,ok,0
train/11-15/76.jpg,11,15,112.0,112.0,187.0,112.0,90.95,61.19,0,ok,0
train/11-15/78.jpg,11,15,112.0,112.0,187.0,112.0,90.95,61.19,0,ok,0
train/11-15/79.jpg,11,15,112.0,112.0,187.0,112.0,90.95,61.19,0,ok,0
train/11-15/8.jpg,11,15,112.0,112.0,37.0,112.0,133.05,162.81,180,ok,180
train/11-15/80.jpg,11,15,112.0,112.0,112.0,187.0,162.81,90.95,90,ok,90
train/11-15/82.jpg,11,15,112.0,112.0,187.0,112.0,90.95,61.19,0,ok,0
train/11-15/83.jpg,11,15,112.0,112.0,187.0,112.0,90.95,61.19,0,ok,0
train/11-15/84.jpg,11,15,112.0,112.0,37.0,112.0,133.05,162.81,180,ok,180
train/11-15/85.jpg,11,15,112.0,112.0,37.0,112.0,133.05,162.81,180,ok,180
train/11-15/86.jpg,11,15,112.0,112.0,187.0,112.0,90.95,61.19,0,ok,0
train/11-15/90.jpg,11,15,112.0,112.0,187.0,112.0,90.95,61.19,0,ok,0
train/11-15/91.jpg,11,15,112.0,112.0,37.0,112.0,133.05,162.81,180,ok,180
train/11-15/92.jpg,11,15,112.0,112.0,37.0,112.0,133.05,162.81,180,ok,180
train/11-15/96.jpg,11,15,112.0,112.0,187.0,112.0,90.95,61.19,0,ok,0
train/11-15/98.jpg,11,15,112.0,112.0,187.0,112.0,90.95,61.19,0,ok,0
train/11-15/99.jpg,11,15,112.0,112.0,187.0,112.0,90.95,61.19,0,ok,0
train/11-20/1.jpg,11,20,112.0,112.0,47.05,74.5,130.81,163.68,180,ok,180
train/11-20/12.jpg,11,20,112.0,112.0,74.5,176.95,163.68,93.19,90,ok,90
train/11-20/13.jpg,11,20,112.0,112.0,176.95,149.5,93.19,60.32,0,ok,0
train/11-20/16.jpg,11,20,112.0,112.0,74.5,176.95,163.68,93.19,90,ok,90
train/11-20/18.jpg,11,20,112.0,112.0,149.5,47.05,60.32,130.81,270,ok,270
train/11-20/19.jpg,11,20,112.0,112.0,47.05,74.5,130.81,163.68,180,ok,180
train/11-20/2.jpg,11,20,112.0,112.0,176.95,149.5,93.19,60.32,0,ok,0
train/11-20/24.jpg,11,20,112.0,112.0,149.5,47.05,60.32,130.81,270,ok,270
train/11-20/26.jpg,11,20,112.0,112.0,176.95,149.5,93.19,60.32,0,ok,0
train/11-20/27.jpg,11,20,112.0,112.0,74.5,176.95,163.68,93.19,90,ok,90
train/11-20/3.jpg,11,20,112.0,112.0,47.05,74.5,130.81,163.68,180,ok,180
train/11-20/30.jpg,11,20,112.0,112.0,176.95,149.5,93.19,60.32,0,ok,0
train/11-20/31.jpg,11,20,112.0,112.0,47.05,74.5,130.81,163.68,180,ok,180
train/11-20/32.jpg,11,20,112.0,112.0,47.05,74.5,130.81,163.68,180,ok,180
train/11-20/34.jpg,11,20,112.0,112.0,176.95,149.5,93.19,60.32,0,ok,0
train/11-20/36.jpg,11,20,112.0,112.0,74.5,176.95,163.68,93.19,90,ok,90
train/11-20/37.jpg,11,20,112.0,112.0,149.5,47.05,60.32,130.81,270,ok,270
train/11-20/40.jpg,11,20,112.0,112.0,176.95,149.5,93.19,60.32,0,ok,0
train/11-20/42.jpg,11,20,112.0,112.0,47.05,74.5,130.81,163.68,180,ok,180
train/11-20/46.jpg,11,20,112.0,112.0,74.5,176.95,163.68,93.19,90,ok,90
train/11-20/47.jpg,11,20,112.0,112.0,149.5,47.05,60.32,130.81,270,ok,270
train/11-20/49.jpg,11,20,112.0,112.0,176.95,149.5,93.19,60.32,0,ok,0
train/11-20/5.jpg,11,20,112.0,112.0,176.95,149.5,93.19,60.32,0,ok,0
train/11-20/50.jpg,11,20,112.0,112.0,176.95,149.5,93.19,60.32,0,ok,0
train/11-20/56.jpg,11,20,112.0,112.0,176.95,149.5,93.19,60.32,0,ok,0
train/11-20/59.jpg,11,20,112.0,112.0,176.95,149.5,93.19,60.32,0,ok,0
train/11-20/61.jpg,11,20,112.0,112.0,74.5,176.95,163.68,93.19,90,ok,90
train/11-20/62.jpg,11,20,112.0,112.0,149.5,47.05,60.32,130.81,270,ok,270
train/11-20/66.jpg,11,20,112.0,112.0,149.5,47.05,60.32,130.81,270,ok,270
train/11-20/71.jpg,11,20,112.0,112.0,74.5,176.95,163.68,93.19,90,ok,90
train/11-20/72.jpg,11,20,112.0,112.0,176.95,149.5,93.19,60.32,0,ok,0
train/11-20/73.jpg,11,20,112.0,112.0,176.95,149.5,93.19,60.32,0,ok,0
train/11-20/74.jpg,11,20,112.0,112.0,176.95,149.5,93.19,60.32,0,ok,0
train/11-20/75.jpg,11,20,112.0,112.0,74.5,176.95,163.68,93.19,90,ok,90
train/11-20/76.jpg,11,20,112.0,112.0,149.5,47.05,60.32,130.81,270,ok,270
train/11-20/78.jpg,11,20,112.0,112.0,47.05,74.5,130.81,163.68,180,ok,180
train/11-20/79.jpg,11,20,112.0,112.0,176.95,149.5,93.19,60.32,0,ok,0
train/11-20/8.jpg,11,20,112.0,112.0,47.05,74.5,130.81,163.68,180,ok,180
train/11-20/80.jpg,11,20,112.0,112.0,149.5,47.05,60.32,130.81,270,ok,270
train/11-20/81.jpg,11,20,112.0,112.0,74.5,176.95,163.68,93.19,90,ok,90
train/11-20/83.jpg,11,20,112.0,112.0,176.95,149.5,93.19,60.32,0,ok,0
train/11-20/85.jpg,11,20,112.0,112.0,74.5,176.95,163.68,93.19,90,ok,90
train/11-20/86.jpg,11,20,112.0,112.0,149.5,47.05,60.32,130.81,270,ok,270
train/11-20/89.jpg,11,20,112.0,112.0,176.95,149.5,93.19,60.32,0,ok,0
train/11-20/9.jpg,11,20,112.0,112.0,149.5,47.05,60.32,130.81,270,ok,270
train/11-20/91.jpg,11,20,112.0,112.0,176.95,149.5,93.19,60.32,0,ok,0
train/11-20/95.jpg,11,20,112.0,112.0,149.5,47.05,60.32,130.81,270,ok,270
train/11-20/98.jpg,11,20,112.0,112.0,74.5,176.95,163.68,93.19,90,ok,90
train/11-20/99.jpg,11,20,112.0,112.0,47.05,74.5,130.81,163.68,180,ok,180
train/11-25/1.jpg,11,25,112.0,112.0,149.5,176.95,95.46,59.55,0,ok,0
train/11-25/10.jpg,11,25,112.0,112.0,176.95,74.5,59.55,128.54,270,ok,270
train/11-25/12.jpg,11,25,112.0,112.0,47.05,149.5,164.45,95.46,90,ok,90
train/11-25/13.jpg,11,25,112.0,112.0,74.5,47.05,128.54,164.45,180,ok,180
train/11-25/16.jpg,11,25,112.0,112.0,149.5,176.95,95.46,59.55,0,ok,0
train/11-25/17.jpg,11,25,112.0,112.0,149.5,176.95,95.46,59.55,0,ok,0
train/11-25/18.jpg,11,25,112.0,112.0,149.5,176.95,95.46,59.55,0,ok,0
train/11-25/2.jpg,11,25,112.0,112.0,149.5,176.95,95.46,59.55,0,ok,0
train/11-25/20.jpg,11,25,112.0,112.0,149.5,176.95,95.46,59.55,0,ok,0
train/11-25/21.jpg,11,25,112.0,112.0,149.5,176.95,95.46,59.55,0,ok,0
train/11-25/23.jpg,11,25,112.0,112.0,149.5,176.95,95.46,59.55,0,ok,0
train/11-25/24.jpg,11,25,112.0,112.0,149.5,176.95,95.46,59.55,0,ok,0
train/11-25/27.jpg,11,25,112.0,112.0,47.05,149.5,164.45,95.46,90,ok,90
train/11-25/28.jpg,11,25,112.0,112.0,149.5,176.95,95.46,59.55,0,ok,0
train/11-25/29.jpg,11,25,112.0,112.0,74.5,47.05,128.54,164.45,180,ok,180
train/11-25/31.jpg,11,25,112.0,112.0,149.5,176.95,95.46,59.55,0,ok,0
train/11-25/32.jpg,11,25,112.0,112.0,149.5,176.95,95.46,59.55,0,ok,0
train/11-25/33.jpg,11,25,112.0,112.0,149.5,176.95,95.46,59.55,0,ok,0
train/11-25/34.jpg,11,25,112.0,112.0,149.5,176.95,95.46,59.55,0,ok,0
train/11-25/37.jpg,11,25,112.0,112.0,47.05,149.5,164.45,95.46,90,ok,90
train/11-25/38.jpg,11,25,112.0,112.0,47.05,149.5,164.45,95.46,90,ok,90
train/11-25/4.jpg,11,25,112.0,112.0,149.5,176.95,95.46,59.55,0,ok,0
train/11-25/42.jpg,11,25,112.0,112.0,149.5,176.95,95.46,59.55,0,ok,0
train/11-25/44.jpg,11,25,112.0,112.0,149.5,176.95,95.46,59.55,0,ok,0
train/11-25/45.jpg,11,25,112.0,112.0,149.5,176.95,95.46,59.55,0,ok,0
train/11-25/46.jpg,11,25,112.0,112.0,149.5,176.95,95.46,59.55,0,ok,0
train/11-25/47.jpg,11,25,112.0,112.0,149.5,176.95,95.46,59.55,0,ok,0
train/11-25/48.jpg,11,25,112.0,112.0,74.5,47.05,128.54,164.45,180,ok,180
train/11-25/49.jpg,11,25,112.0,112.0,47.05,149.5,164.45,95.46,90,ok,90
train/11-25/5.jpg,11,25,112.0,112.0,74.5,47.05,128.54,164.45,180,ok,180
train/11-25/50.jpg,11,25,112.0,112.0,149.5,176.95,95.46,59.55,0,ok,0
train/11-25/51.jpg,11,25,112.0,112.0,74.5,47.05,128.54,164.45,180,ok,180
train/11-25/52.jpg,11,25,112.0,112.0,149.5,176.95,95.46,59.55,0,ok,0
train/11-25/57.jpg,11,25,112.0,112.0,149.5,176.95,95.46,59.55,0,ok,0
train/11-25/58.jpg,11,25,112.0,112.0,176.95,74.5,59.55,128.54,270,ok,270
train/11-25/60.jpg,11,25,112.0,112.0,149.5,176.95,95.46,59.55,0,ok,0
train/11-25/62.jpg,11,25,112.0,112.0,149.5,176.95,95.46,59.55,0,ok,0
train/11-25/63.jpg,11,25,112.0,112.0,149.5,176.95,95.46,59.55,0,ok,0
train/11-25/64.jpg,11,25,112.0,112.0,176.95,74.5,59.55,128.54,270,ok,270
train/11-25/66.jpg,11,25,112.0,112.0,149.5,176.95,95.46,59.55,0,ok,0
train/11-25/7.jpg,11,25,112.0,112.0,47.05,149.5,164.45,95.46,90,ok,90
train/11-25/71.jpg,11,25,112.0,112.0,149.5,176.95,95.46,59.55,0,ok,0
train/11-25/73.jpg,11,25,112.0,112.0,74.5,47.05,128.54,164.45,180,ok,180
train/11-25/74.jpg,11,25,112.0,112.0,176.95,74.5,59.55,128.54,270,ok,270
train/11-25/75.jpg,11,25,112.0,112.0,149.5,176.95,95.46,59.55,0,ok,0
train/11-25/78.jpg,11,25,112.0,112.0,74.5,47.05,128.54,164.45,180,ok,180
train/11-25/79.jpg,11,25,112.0,112.0,74.5,47.05,128.54,164.45,180,ok,180
train/11-25/8.jpg,11,25,112.0,112.0,47.05,149.5,164.45,95.46,90,ok,90
train/11-25/80.jpg,11,25,112.0,112.0,47.05,149.5,164.45,95.46,90,ok,90
train/11-25/81.jpg,11,25,112.0,112.0,47.05,149.5,164.45,95.46,90,ok,90
train/11-25/82.jpg,11,25,112.0,112.0,47.05,149.5,164.45,95.46,90,ok,90
train/11-25/84.jpg,11,25,112.0,112.0,47.05,149.5,164.45,95.46,90,ok,90
train/11-25/85.jpg,11,25,112.0,112.0,176.95,74.5,59.55,128.54,270,ok,270
train/11-25/86.jpg,11,25,112.0,112.0,176.95,74.5,59.55,128.54,270,ok,270
train/11-25/87.jpg,11,25,112.0,112.0,149.5,176.95,95.46,59.55,0,ok,0
train/11-25/89.jpg,11,25,112.0,112.0,47.05,149.5,164.45,95.46,90,ok,90
train/11-25/9.jpg,11,25,112.0,112.0,47.05,149.5,164.45,95.46,90,ok,90
train/11-25/91.jpg,11,25,112.0,112.0,74.5,47.05,128.54,164.45,180,ok,180
train/11-25/92.jpg,11,25,112.0,112.0,47.05,149.5,164.45,95.46,90,ok,90
train/11-25/93.jpg,11,25,112.0,112.0,149.5,176.95,95.46,59.55,0,ok,0
train/11-25/94.jpg,11,25,112.0,112.0,47.05,149.5,164.45,95.46,90,ok,90
train/11-25/95.jpg,11,25,112.0,112.0,176.95,74.5,59.55,128.54,270,ok,270
train/11-25/96.jpg,11,25,112.0,112.0,149.5,176.95,95.46,59.55,0,ok,0
train/11-25/97.jpg,11,25,112.0,112.0,149.5,176.95,95.46,59.55,0,ok,0
train/11-25/99.jpg,11,25,112.0,112.0,176.95,74.5,59.55,128.54,270,ok,270
train/11-30/0.jpg,11,30,112.0,112.0,112.0,187.0,97.76,58.87,0,ok,0
train/11-30/1.jpg,11,30,112.0,112.0,112.0,37.0,126.24,165.13,180,ok,180
train/11-30/10.jpg,11,30,112.0,112.0,112.0,187.0,97.76,58.87,0,ok,0
train/11-30/12.jpg,11,30,112.0,112.0,37.0,112.0,165.13,97.76,90,ok,90
train/11-30/13.jpg,11,30,112.0,112.0,112.0,187.0,97.76,58.87,0,ok,0
train/11-30/15.jpg,11,30,112.0,112.0,112.0,187.0,97.76,58.87,0,ok,0
train/11-30/16.jpg,11,30,112.0,112.0,112.0,187.0,97.76,58.87,0,ok,0
train/11-30/17.jpg,11,30,112.0,112.0,112.0,187.0,97.76,58.87,0,ok,0
train/11-30/18.jpg,11,30,112.0,112.0,112.0,187.0,97.76,58.87,0,ok,0
train/11-30/19.jpg,11,30,112.0,112.0,112.0,187.0,97.76,58.87,0,ok,0
train/11-30/2.jpg,11,30,112.0,112.0,112.0,187.0,97.76,58.87,0,ok,0
train/11-30/20.jpg,11,30,112.0,112.0,112.0,187.0,97.76,58.87,0,ok,0
train/11-30/21.jpg,11,30,112.0,112.0,187.0,112.0,58.87,126.24,270,ok,270
train/11-30/24.jpg,11,30,112.0,112.0,187.0,112.0,58.87,126.24,270,ok,270
train/11-30/27.jpg,11,30,112.0,112.0,112.0,187.0,97.76,58.87,0,ok,0
train/11-30/28.jpg,11,30,112.0,112.0,112.0,37.0,126.24,165.13,180,ok,180
train/11-30/29.jpg,11,30,112.0,112.0,187.0,112.0,58.87,126.24,270,ok,270
train/11-30/3.jpg,11,30,112.0,112.0,112.0,187.0,97.76,58.87,0,ok,0
train/11-30/30.jpg,11,30,112.0,112.0,112.0,187.0,97.76,58.87,0,ok,0
train/11-30/31.jpg,11,30,112.0,112.0,112.0,187.0,97.76,58.87,0,ok,0
train/11-30/32.jpg,11,30,112.0,112.0,112.0,37.0,126.24,165.13,180,ok,180
train/11-30/33.jpg,11,30,112.0,112.0,187.0,112.0,58.87,126.24,270,ok,270
train/11-30/34.jpg,11,30,112.0,112.0,112.0,37.0,126.24,165.13,180,ok,180
train/11-30/36.jpg,11,30,112.0,112.0,112.0,187.0,97.76,58.87,0,ok,0
train/11-30/37.jpg,11,30,112.0,112.0,112.0,187.0,97.76,58.87,0,ok,0
train/11-30/38.jpg,11,30,112.0,112.0,112.0,187.0,97.76,58.87,0,ok,0
train/11-30/4.jpg,11,30,112.0,112.0,112.0,187.0,97.76,58.87,0,ok,0
train/11-30/42.jpg,11,30,112.0,112.0,112.0,37.0,126.24,165.13,180,ok,180
train/11-30/43.jpg,11,30,112.0,112.0,37.0,112.0,165.13,97.76,90,ok,90
train/11-30/44.jpg,11,30,112.0,112.0,112.0,187.0,97.76,58.87,0,ok,0
train/11-30/46.jpg,11,30,112.0,112.0,112.0,187.0,97.76,58.87,0,ok,0
train/11-30/47.jpg,11,30,112.0,112.0,187.0,112.0,58.87,126.24,270,ok,270
train/11-30/51.jpg,11,30,112.0,112.0,187.0,112.0,58.87,126.24,270,ok,270
train/11-30/52.jpg,11,30,112.0,112.0,112.0,187.0,97.76,58.87,0,ok,0
train/11-30/53.jpg,11,30,112.0,112.0,112.0,187.0,97.76,58.87,0,ok,0
train/11-30/54.jpg,11,30,112.0,112.0,112.0,187.0,97.76,58.87,0,ok,0
train/11-30/56.jpg,11,30,112.0,112.0,112.0,187.0,97.76,58.87,0,ok,0
train/11-30/58.jpg,11,30,112.0,112.0,37.0,112.0,165.13,97.76,90,ok,90
train/11-30/61.jpg,11,30,112.0,112.0,112.0,37.0,126.24,165.13,180,ok,180
train/11-30/62.jpg,11,30,112.0,112.0,112.0,187.0,97.76,58.87,0,ok,0
train/11-30/63.jpg,11,30,112.0,112.0,112.0,187.0,97.76,58.87,0,ok,0
train/11-30/65.jpg,11,30,112.0,112.0,112.0,187.0,97.76,58.87,0,ok,0
train/11-30/66.jpg,11,30,112.0,112.0,112.0,187.0,97.76,58.87,0,ok,0
train/11-30/72.jpg,11,30,112.0,112.0,112.0,187.0,97.76,58.87,0,ok,0
train/11-30/73.jpg,11,30,112.0,112.0,187.0,112.0,58.87,126.24,270,ok,270
train/11-30/74.jpg,11,30,112.0,112.0,37.0,112.0,165.13,97.76,90,ok,90
train/11-30/75.jpg,11,30,112.0,112.0,112.0,187.0,97.76,58.87,0,ok,0
train/11-30/79.jpg,11,30,112.0,112.0,112.0,187.0,97.76,58.87,0,ok,0
train/11-30/8.jpg,11,30,112.0,112.0,37.0,112.0,165.13,97.76,90,ok,90
train/11-30/80.jpg,11,30,112.0,112.0,112.0,37.0,126.24,165.13,180,ok,180
train/11-30/82.jpg,11,30,112.0,112.0,112.0,187.0,97.76,58.87,0,ok,0
train/11-30/85.jpg,11,30,112.0,112.0,37.0,112.0,165.13,97.76,90,ok,90
train/11-30/86.jpg,11,30,112.0,112.0,187.0,112.0,58.87,126.24,270,ok,270
train/11-30/88.jpg,11,30,112.0,112.0,112.0,187.0,97.76,58.87,0,ok,0
train/11-30/89.jpg,11,30,112.0,112.0,112.0,187.0,97.76,58.87,0,ok,0
train/11-30/9.jpg,11,30,112.0,112.0,112.0,187.0,97.76,58.87,0,ok,0
train/11-30/90.jpg,11,30,112.0,112.0,187.0,112.0,58.87,126.24,270,ok,270
train/11-30/91.jpg,11,30,112.0,112.0,187.0,112.0,58.87,126.24,270,ok,270
train/11-30/92.jpg,11,30,112.0,112.0,112.0,187.0,97.76,58.87,0,ok,0
train/11-30/93.jpg,11,30,112.0,112.0,187.0,112.0,58.87,126.24,270,ok,270
train/11-30/94.jpg,11,30,112.0,112.0,112.0,187.0,97.76,58.87,0,ok,0
train/11-30/96.jpg,11,30,112.0,112.0,112.0,187.0,97.76,58.87,0,ok,0
train/11-30/98.jpg,11,30,112.0,112.0,112.0,187.0,97.76,58.87,0,ok,0
train/11-30/99.jpg,11,30,112.0,112.0,112.0,37.0,126.24,165.13,180,ok,180
train/11-35/0.jpg,11,35,112.0,112.0,149.5,47.05,123.9,165.7,180,ok,180
train/11-35/1.jpg,11,35,112.0,112.0,176.95,149.5,58.3,123.9,270,ok,270
train/11-35/10.jpg,11,35,112.0,112.0,176.95,149.5,58.3,123.9,270,ok,270
train/11-35/12.jpg,11,35,112.0,112.0,74.5,176.95,100.1,58.3,0,ok,0
train/11-35/13.jpg,11,35,112.0,112.0,74.5,176.95,100.1,58.3,0,ok,0
train/11-35/15.jpg,11,35,112.0,112.0,149.5,47.05,123.9,165.7,180,ok,180
train/11-35/16.jpg,11,35,112.0,112.0,74.5,176.95,100.1,58.3,0,ok,0
train/11-35/17.jpg,11,35,112.0,112.0,74.5,176.95,100.1,58.3,0,ok,0
train/11-35/18.jpg,11,35,112.0,112.0,176.95,149.5,58.3,123.9,270,ok,270
train/11-35/19.jpg,11,35,112.0,112.0,74.5,176.95,100.1,58.3,0,ok,0
train/11-35/2.jpg,11,35,112.0,112.0,176.95,149.5,58.3,123.9,270,ok,270
train/11-35/20.jpg,11,35,112.0,112.0,74.5,176.95,100.1,58.3,0,ok,0
train/11-35/21.jpg,11,35,112.0,112.0,74.5,176.95,100.1,58.3,0,ok,0
train/11-35/24.jpg,11,35,112.0,112.0,176.95,149.5,58.3,123.9,270,ok,270
train/11-35/26.jpg,11,35,112.0,112.0,47.05,74.5,165.7,100.1,90,ok,90
train/11-35/29.jpg,11,35,112.0,112.0,74.5,176.95,100.1,58.3,0,ok,0
train/11-35/30.jpg,11,35,112.0,112.0,74.5,176.95,100.1,58.3,0,ok,0
train/11-35/31.jpg,11,35,112.0,112.0,74.5,176.95,100.1,58.3,0,ok,0
train/11-35/32.jpg,11,35,112.0,112.0,74.5,176.95,100.1,58.3,0,ok,0
train/11-35/37.jpg,11,35,112.0,112.0,74.5,176.95,100.1,58.3,0,ok,0
train/11-35/38.jpg,11,35,112.0,112.0,149.5,47.05,123.9,165.7,180,ok,180
train/11-35/4.jpg,11,35,112.0,112.0,149.5,47.05,123.9,165.7,180,ok,180
train/11-35/40.jpg,11,35,112.0,112.0,74.5,176.95,100.1,58.3,0,ok,0
train/11-35/42.jpg,11,35,112.0,112.0,149.5,47.05,123.9,165.7,180,ok,180
train/11-35/45.jpg,11,35,112.0,112.0,74.5,176.95,100.1,58.3,0,ok,0
train/11-35/46.jpg,11,35,112.0,112.0,176.95,149.5,58.3,123.9,270,ok,270
train/11-35/48.jpg,11,35,112.0,112.0,74.5,176.95,100.1,58.3,0,ok,0
train/11-35/5.jpg,11,35,112.0,112.0,74.5,176.95,100.1,58.3,0,ok,0
train/11-35/50.jpg,11,35,112.0,112.0,149.5,47.05,123.9,165.7,180,ok,180
train/11-35/51.jpg,11,35,112.0,112.0,149.5,47.05,123.9,165.7,180,ok,180
train/11-35/52.jpg,11,35,112.0,112.0,47.05,74.5,165.7,100.1,90,ok,90
train/11-35/53.jpg,11,35,112.0,112.0,74.5,176.95,100.1,58.3,0,ok,0
train/11-35/58.jpg,11,35,112.0,112.0,47.05,74.5,165.7,100.1,90,ok,90
train/11-35/59.jpg,11,35,112.0,112.0,149.5,47.05,123.9,165.7,180,ok,180
train/11-35/6.jpg,11,35,112.0,112.0,74.5,176.95,100.1,58.3,0,ok,0
train/11-35/60.jpg,11,35,112.0,112.0,149.5,47.05,123.9,165.7,180,ok,180
train/11-35/61.jpg,11,35,112.0,112.0,74.5,176.95,100.1,58.3,0,ok,0
train/11-35/62.jpg,11,35,112.0,112.0,74.5,176.95,100.1,58.3,0,ok,0
train/11-35/63.jpg,11,35,112.0,112.0,74.5,176.95,100.1,58.3,0,ok,0
train/11-35/64.jpg,11,35,112.0,112.0,74.5,176.95,100.1,58.3,0,ok,0
train/11-35/66.jpg,11,35,112.0,112.0,74.5,176.95,100.1,58.3,0,ok,0
train/11-35/67.jpg,11,35,112.0,112.0,176.95,149.5,58.3,123.9,270,ok,270
train/11-35/72.jpg,11,35,112.0,112.0,74.5,176.95,100.1,58.3,0,ok,0
train/11-35/73.jpg,11,35,112.0,112.0,149.5,47.05,123.9,165.7,180,ok,180
train/11-35/75.jpg,11,35,112.0,112.0,47.05,74.5,165.7,100.1,90,ok,90
train/11-35/76.jpg,11,35,112.0,112.0,176.95,149.5,58.3,123.9,270,ok,270
train/11-35/78.jpg,11,35,112.0,112.0,47.05,74.5,165.7,100.1,90,ok,90
train/11-35/79.jpg,11,35,112.0,112.0,149.5,47.05,123.9,165.7,180,ok,180
train/11-35/80.jpg,11,35,112.0,112.0,47.05,74.5,165.7,100.1,90,ok,90
train/11-35/82.jpg,11,35,112.0,112.0,74.5,176.95,100.1,58.3,0,ok,0
train/11-35/84.jpg,11,35,112.0,112.0,176.95,149.5,58.3,123.9,270,ok,270
train/11-35/86.jpg,11,35,112.0,112.0,176.95,149.5,58.3,123.9,270,ok,270
train/11-35/87.jpg,11,35,112.0,112.0,176.95,149.5,58.3,123.9,270,ok,270
train/11-35/88.jpg,11,35,112.0,112.0,176.95,149.5,58.3,123.9,270,ok,270
train/11-35/89.jpg,11,35,112.0,112.0,176.95,149.5,58.3,123.9,270,ok,270
train/11-35/90.jpg,11,35,112.0,112.0,74.5,176.95,100.1,58.3,0,ok,0
train/11-35/91.jpg,11,35,112.0,112.0,74.5,176.95,100.1,58.3,0,ok,0
train/11-35/92.jpg,11,35,112.0,112.0,47.05,74.5,165.7,100.1,90,ok,90
train/11-35/93.jpg,11,35,112.0,112.0,74.5,176.95,100.1,58.3,0,ok,0
train/11-35/94.jpg,11,35,112.0,112.0,47.05,74.5,165.7,100.1,90,ok,90
train/11-35/95.jpg,11,35,112.0,112.0,176.95,149.5,58.3,123.9,270,ok,270
train/11-35/96.jpg,11,35,112.0,112.0,47.05,74.5,165.7,100.1,90,ok,90
train/11-35/98.jpg,11,35,112.0,112.0,74.5,176.95,100.1,58.3,0,ok,0
train/11-35/99.jpg,11,35,112.0,112.0,74.5,176.95,100.1,58.3,0,ok,0
train/11-40/0.jpg,11,40,112.0,112.0,74.5,47.05,166.16,102.45,90,ok,90
train/11-40/1.jpg,11,40,112.0,112.0,47.05,149.5,102.45,57.84,0,ok,0
train/11-40/10.jpg,11,40,112.0,112.0,47.05,149.5,102.45,57.84,0,ok,0
train/11-40/12.jpg,11,40,112.0,112.0,149.5,176.95,57.84,121.55,270,ok,270
train/11-40/13.jpg,11,40,112.0,112.0,176.95,74.5,121.55,166.16,180,ok,180
train/11-40/16.jpg,11,40,112.0,112.0,74.5,47.05,166.16,102.45,90,ok,90
train/11-40/18.jpg,11,40,112.0,112.0,47.05,149.5,102.45,57.84,0,ok,0
train/11-40/19.jpg,11,40,112.0,112.0,47.05,149.5,102.45,57.84,0,ok,0
train/11-40/2.jpg,11,40,112.0,112.0,149.5,176.95,57.84,121.55,270,ok,270
train/11-40/21.jpg,11,40,112.0,112.0,74.5,47.05,166.16,102.45,90,ok,90
train/11-40/22.jpg,11,40,112.0,112.0,176.95,74.5,121.55,166.16,180,ok,180
train/11-40/23.jpg,11,40,112.0,112.0,74.5,47.05,166.16,102.45,90,ok,90
train/11-40/24.jpg,11,40,112.0,112.0,47.05,149.5,102.45,57.84,0,ok,0
train/11-40/26.jpg,11,40,112.0,112.0,47.05,149.5,102.45,57.84,0,ok,0
train/11-40/29.jpg,11,40,112.0,112.0,47.05,149.5,102.45,57.84,0,ok,0
train/11-40/31.jpg,11,40,112.0,112.0,47.05,149.5,102.45,57.84,0,ok,0
train/11-40/32.jpg,11,40,112.0,112.0,47.05,149.5,102.45,57.84,0,ok,0
train/11-40/34.jpg,11,40,112.0,112.0,47.05,149.5,102.45,57.84,0,ok,0
train/11-40/36.jpg,11,40,112.0,112.0,47.05,149.5,102.45,57.84,0,ok,0
train/11-40/37.jpg,11,40,112.0,112.0,47.05,149.5,102.45,57.84,0,ok,0
train/11-40/38.jpg,11,40,112.0,112.0,47.05,149.5,102.45,57.84,0,ok,0
train/11-40/4.jpg,11,40,112.0,112.0,47.05,149.5,102.45,57.84,0,ok,0
train/11-40/40.jpg,11,40,112.0,112.0,74.5,47.05,166.16,102.45,90,ok,90
train/11-40/45.jpg,11,40,112.0,112.0,176.95,74.5,121.55,166.16,180,ok,180
train/11-40/46.jpg,11,40,112.0,112.0,47.05,149.5,102.45,57.84,0,ok,0
train/11-40/47.jpg,11,40,112.0,112.0,176.95,74.5,121.55,166.16,180,ok,180
train/11-40/48.jpg,11,40,112.0,112.0,176.95,74.5,121.55,166.16,180,ok,180
train/11-40/49.jpg,11,40,112.0,112.0,74.5,47.05,166.16,102.45,90,ok,90
train/11-40/5.jpg,11,40,112.0,112.0,47.05,149.5,102.45,57.84,0,ok,0
train/11-40/50.jpg,11,40,112.0,112.0,74.5,47.05,166.16,102.45,90,ok,90
train/11-40/51.jpg,11,40,112.0,112.0,47.05,149.5,102.45,57.84,0,ok,0
train/11-40/55.jpg,11,40,112.0,112.0,176.95,74.5,121.55,166.16,180,ok,180
train/11-40/56.jpg,11,40,112.0,112.0,47.05,149.5,102.45,57.84,0,ok,0
train/11-40/57.jpg,11,40,112.0,112.0,47.05,149.5,102.45,57.84,0,ok,0
train/11-40/58.jpg,11,40,112.0,112.0,149.5,176.95,57.84,121.55,270,ok,270
train/11-40/59.jpg,11,40,112.0,112.0,176.95,74.5,121.55,166.16,180,ok,180
train/11-40/60.jpg,11,40,112.0,112.0,149.5,176.95,57.84,121.55,270,ok,270
train/11-40/61.jpg,11,40,112.0,112.0,74.5,47.05,166.16,102.45,90,ok,90
train/11-40/62.jpg,11,40,112.0,112.0,47.05,149.5,102.45,57.84,0,ok,0
train/11-40/63.jpg,11,40,112.0,112.0,176.95,74.5,121.55,166.16,180,ok,180
train/11-40/64.jpg,11,40,112.0,112.0,149.5,176.95,57.84,121.55,270,ok,270
train/11-40/65.jpg,11,40,112.0,112.0,176.95,74.5,121.55,166.16,180,ok,180
train/11-40/66.jpg,11,40,112.0,112.0,47.05,149.5,102.45,57.84,0,ok,0
train/11-40/69.jpg,11,40,112.0,112.0,149.5,176.95,57.84,121.55,270,ok,270
train/11-40/72.jpg,11,40,112.0,112.0,47.05,149.5,102.45,57.84,0,ok,0
train/11-40/74.jpg,11,40,112.0,112.0,47.05,149.5,102.45,57.84,0,ok,0
train/11-40/75.jpg,11,40,112.0,112.0,47.05,149.5,102.45,57.84,0,ok,0
train/11-40/76.jpg,11,40,112.0,112.0,74.5,47.05,166.16,102.45,90,ok,90
train/11-40/78.jpg,11,40,112.0,112.0,47.05,149.5,102.45,57.84,0,ok,0
train/11-40/8.jpg,11,40,112.0,112.0,176.95,74.5,121.55,166.16,180,ok,180
train/11-40/81.jpg,11,40,112.0,112.0,74.5,47.05,166.16,102.45,90,ok,90
train/11-40/82.jpg,11,40,112.0,112.0,47.05,149.5,102.45,57.84,0,ok,0
train/11-40/83.jpg,11,40,112.0,112.0,74.5,47.05,166.16,102.45,90,ok,90
train/11-40/84.jpg,11,40,112.0,112.0,149.5,176.95,57.84,121.55,270,ok,270
train/11-40/85.jpg,11,40,112.0,112.0,176.95,74.5,121.55,166.16,180,ok,180
train/11-40/86.jpg,11,40,112.0,112.0,47.05,149.5,102.45,57.84,0,ok,0
train/11-40/87.jpg,11,40,112.0,112.0,74.5,47.05,166.16,102.45,90,ok,90
train/11-40/88.jpg,11,40,112.0,112.0,176.95,74.5,121.55,166.16,180,ok,180
train/11-40/89.jpg,11,40,112.0,112.0,176.95,74.5,121.55,166.16,180,ok,180
train/11-40/90.jpg,11,40,112.0,112.0,47.05,149.5,102.45,57.84,0,ok,0
train/11-40/91.jpg,11,40,112.0,112.0,47.05,149.5,102.45,57.84,0,ok,0
train/11-40/92.jpg,11,40,112.0,112.0,149.5,176.95,57.84,121.55,270,ok,270
train/11-40/93.jpg,11,40,112.0,112.0,47.05,149.5,102.45,57.84,0,ok,0
train/11-40/95.jpg,11,40,112.0,112.0,47.05,149.5,102.45,57.84,0,ok,0
train/11-40/97.jpg,11,40,112.0,112.0,47.05,149.5,102.45,57.84,0,ok,0
train/11-40/98.jpg,11,40,112.0,112.0,47.05,149.5,102.45,57.84,0,ok,0
train/11-40/99.jpg,11,40,112.0,112.0,47.05,149.5,102.45,57.84,0,ok,0
train/11-45/10.jpg,11,45,112.0,112.0,37.0,112.0,104.82,57.47,0,ok,0
train/11-45/12.jpg,11,45,112.0,112.0,112.0,187.0,57.47,119.18,270,ok,270
train/11-45/14.jpg,11,45,112.0,112.0,37.0,112.0,104.82,57.47,0,ok,0
train/11-45/2.jpg,11,45,112.0,112.0,112.0,37.0,166.53,104.82,90,ok,90
train/11-45/22.jpg,11,45,112.0,112.0,112.0,37.0,166.53,104.82,90,ok,90
train/11-45/24.jpg,11,45,112.0,112.0,37.0,112.0,104.82,57.47,0,ok,0
train/11-45/26.jpg,11,45,112.0,112.0,37.0,112.0,104.82,57.47,0,ok,0
train/11-45/4.jpg,11,45,112.0,112.0,37.0,112.0,104.82,57.47,0,ok,0
train/11-45/48.jpg,11,45,112.0,112.0,37.0,112.0,104.82,57.47,0,ok,0
train/11-45/55.jpg,11,45,112.0,112.0,37.0,112.0,104.82,57.47,0,ok,0
train/11-45/60.jpg,11,45,112.0,112.0,37.0,112.0,104.82,57.47,0,ok,0
train/11-45/86.jpg,11,45,112.0,112.0,37.0,112.0,104.82,57.47,0,ok,0
train/11-50/1.jpg,11,50,112.0,112.0,176.95,149.5,116.79,166.79,180,ok,180
train/11-50/12.jpg,11,50,112.0,112.0,176.95,149.5,116.79,166.79,180,ok,180
train/11-50/15.jpg,11,50,112.0,112.0,47.05,74.5,107.21,57.21,0,ok,0
train/11-50/16.jpg,11,50,112.0,112.0,47.05,74.5,107.21,57.21,0,ok,0
train/11-50/17.jpg,11,50,112.0,112.0,149.5,47.05,166.79,107.21,90,ok,90
train/11-50/18.jpg,11,50,112.0,112.0,47.05,74.5,107.21,57.21,0,ok,0
train/11-50/19.jpg,11,50,112.0,112.0,149.5,47.05,166.79,107.21,90,ok,90
train/11-50/2.jpg,11,50,112.0,112.0,47.05,74.5,107.21,57.21,0,ok,0
train/11-50/20.jpg,11,50,112.0,112.0,47.05,74.5,107.21,57.21,0,ok,0
train/11-50/21.jpg,11,50,112.0,112.0,47.05,74.5,107.21,57.21,0,ok,0
train/11-50/22.jpg,11,50,112.0,112.0,47.05,74.5,107.21,57.21,0,ok,0
train/11-50/23.jpg,11,50,112.0,112.0,47.05,74.5,107.21,57.21,0,ok,0
train/11-50/24.jpg,11,50,112.0,112.0,47.05,74.5,107.21,57.21,0,ok,0
train/11-50/26.jpg,11,50,112.0,112.0,47.05,74.5,107.21,57.21,0,ok,0
train/11-50/27.jpg,11,50,112.0,112.0,176.95,149.5,116.79,166.79,180,ok,180
train/11-50/28.jpg,11,50,112.0,112.0,47.05,74.5,107.21,57.21,0,ok,0
train/11-50/29.jpg,11,50,112.0,112.0,47.05,74.5,107.21,57.21,0,ok,0
train/11-50/30.jpg,11,50,112.0,112.0,149.5,47.05,166.79,107.21,90,ok,90
train/11-50/31.jpg,11,50,112.0,112.0,47.05,74.5,107.21,57.21,0,ok,0
train/11-50/32.jpg,11,50,112.0,112.0,47.05,74.5,107.21,57.21,0,ok,0
train/11-50/33.jpg,11,50,112.0,112.0,176.95,149.5,116.79,166.79,180,ok,180
train/11-50/34.jpg,11,50,112.0,112.0,149.5,47.05,166.79,107.21,90,ok,90
train/11-50/35.jpg,11,50,112.0,112.0,74.5,176.95,57.21,116.79,270,ok,270
train/11-50/36.jpg,11,50,112.0,112.0,47.05,74.5,107.21,57.21,0,ok,0
train/11-50/38.jpg,11,50,112.0,112.0,47.05,74.5,107.21,57.21,0,ok,0
train/11-50/4.jpg,11,50,112.0,112.0,47.05,74.5,107.21,57.21,0,ok,0
train/11-50/41.jpg,11,50,112.0,112.0,149.5,47.05,166.79,107.21,90,ok,90
train/11-50/42.jpg,11,50,112.0,112.0,74.5,176.95,57.21,116.79,270,ok,270
train/11-50/47.jpg,11,50,112.0,112.0,47.05,74.5,107.21,57.21,0,ok,0
train/11-50/48.jpg,11,50,112.0,112.0,47.05,74.5,107.21,57.21,0,ok,0
train/11-50/49.jpg,11,50,112.0,112.0,176.95,149.5,116.79,166.79,180,ok,180
train/11-50/5.jpg,11,50,112.0,112.0,47.05,74.5,107.21,57.21,0,ok,0
train/11-50/50.jpg,11,50,112.0,112.0,74.5,176.95,57.21,116.79,270,ok,270
train/11-50/51.jpg,11,50,112.0,112.0,47.05,74.5,107.21,57.21,0,ok,0
train/11-50/52.jpg,11,50,112.0,112.0,47.05,74.5,107.21,57.21,0,ok,0
train/11-50/53.jpg,11,50,112.0,112.0,149.5,47.05,166.79,107.21,90,ok,90
train/11-50/56.jpg,11,50,112.0,112.0,47.05,74.5,107.21,57.21,0,ok,0
train/11-50/6.jpg,11,50,112.0,112.0,47.05,74.5,107.21,57.21,0,ok,0
train/11-50/61.jpg,11,50,112.0,112.0,47.05,74.5,107.21,57.21,0,ok,0
train/11-50/63.jpg,11,50,112.0,112.0,47.05,74.5,107.21,57.21,0,ok,0
train/11-50/64.jpg,11,50,112.0,112.0,176.95,149.5,116.79,166.79,180,ok,180
train/11-50/67.jpg,11,50,112.0,112.0,47.05,74.5,107.21,57.21,0,ok,0
train/11-50/69.jpg,11,50,112.0,112.0,176.95,149.5,116.79,166.79,180,ok,180
train/11-50/72.jpg,11,50,112.0,112.0,47.05,74.5,107.21,57.21,0,ok,0
train/11-50/73.jpg,11,50,112.0,112.0,47.05,74.5,107.21,57.21,0,ok,0
train/11-50/74.jpg,11,50,112.0,112.0,47.05,74.5,107.21,57.21,0,ok,0
train/11-50/78.jpg,11,50,112.0,112.0,47.05,74.5,107.21,57.21,0,ok,0
train/11-50/8.jpg,11,50,112.0,112.0,74.5,176.95,57.21,116.79,270,ok,270
train/11-50/81.jpg,11,50,112.0,112.0,47.05,74.5,107.21,57.21,0,ok,0
train/11-50/82.jpg,11,50,112.0,112.0,74.5,176.95,57.21,116.79,270,ok,270
train/11-50/83.jpg,11,50,112.0,112.0,74.5,176.95,57.21,116.79,270,ok,270
train/11-50/84.jpg,11,50,112.0,112.0,47.05,74.5,107.21,57.21,0,ok,0
train/11-50/85.jpg,11,50,112.0,112.0,47.05,74.5,107.21,57.21,0,ok,0
train/11-50/86.jpg,11,50,112.0,112.0,149.5,47.05,166.79,107.21,90,ok,90
train/11-50/88.jpg,11,50,112.0,112.0,47.05,74.5,107.21,57.21,0,ok,0
train/11-50/89.jpg,11,50,112.0,112.0,47.05,74.5,107.21,57.21,0,ok,0
train/11-50/90.jpg,11,50,112.0,112.0,47.05,74.5,107.21,57.21,0,ok,0
train/11-50/91.jpg,11,50,112.0,112.0,74.5,176.95,57.21,116.79,270,ok,270
train/11-50/92.jpg,11,50,112.0,112.0,74.5,176.95,57.21,116.79,270,ok,270
train/11-50/93.jpg,11,50,112.0,112.0,47.05,74.5,107.21,57.21,0,ok,0
train/11-50/94.jpg,11,50,112.0,112.0,47.05,74.5,107.21,57.21,0,ok,0
train/11-50/95.jpg,11,50,112.0,112.0,149.5,47.05,166.79,107.21,90,ok,90
train/11-50/96.jpg,11,50,112.0,112.0,47.05,74.5,107.21,57.21,0,ok,0
train/11-50/97.jpg,11,50,112.0,112.0,149.5,47.05,166.79,107.21,90,ok,90
train/11-50/99.jpg,11,50,112.0,112.0,74.5,176.95,57.21,116.79,270,ok,270
train/11-55/1.jpg,11,55,112.0,112.0,74.5,47.05,109.6,57.05,0,ok,0
train/11-55/10.jpg,11,55,112.0,112.0,149.5,176.95,114.4,166.95,180,ok,180
train/11-55/13.jpg,11,55,112.0,112.0,47.05,149.5,57.05,114.4,270,ok,270
train/11-55/15.jpg,11,55,112.0,112.0,47.05,149.5,57.05,114.4,270,ok,270
train/11-55/16.jpg,11,55,112.0,112.0,74.5,47.05,109.6,57.05,0,ok,0
train/11-55/17.jpg,11,55,112.0,112.0,149.5,176.95,114.4,166.95,180,ok,180
train/11-55/18.jpg,11,55,112.0,112.0,74.5,47.05,109.6,57.05,0,ok,0
train/11-55/2.jpg,11,55,112.0,112.0,74.5,47.05,109.6,57.05,0,ok,0
train/11-55/20.jpg,11,55,112.0,112.0,176.95,74.5,166.95,109.6,90,ok,90
train/11-55/21.jpg,11,55,112.0,112.0,47.05,149.5,57.05,114.4,270,ok,270
train/11-55/23.jpg,11,55,112.0,112.0,149.5,176.95,114.4,166.95,180,ok,180
train/11-55/24.jpg,11,55,112.0,112.0,74.5,47.05,109.6,57.05,0,ok,0
train/11-55/26.jpg,11,55,112.0,112.0,176.95,74.5,166.95,109.6,90,ok,90
train/11-55/27.jpg,11,55,112.0,112.0,149.5,176.95,114.4,166.95,180,ok,180
train/11-55/34.jpg,11,55,112.0,112.0,47.05,149.5,57.05,114.4,270,ok,270
train/11-55/38.jpg,11,55,112.0,112.0,47.05,149.5,57.05,114.4,270,ok,270
train/11-55/4.jpg,11,55,112.0,112.0,74.5,47.05,109.6,57.05,0,ok,0
train/11-55/40.jpg,11,55,112.0,112.0,74.5,47.05,109.6,57.05,0,ok,0
train/11-55/43.jpg,11,55,112.0,112.0,74.5,47.05,109.6,57.05,0,ok,0
train/11-55/46.jpg,11,55,112.0,112.0,74.5,47.05,109.6,57.05,0,ok,0
train/11-55/47.jpg,11,55,112.0,112.0,47.05,149.5,57.05,114.4,270,ok,270
train/11-55/49.jpg,11,55,112.0,112.0,47.05,149.5,57.05,114.4,270,ok,270
train/11-55/5.jpg,11,55,112.0,112.0,176.95,74.5,166.95,109.6,90,ok,90
train/11-55/52.jpg,11,55,112.0,112.0,176.95,74.5,166.95,109.6,90,ok,90
train/11-55/56.jpg,11,55,112.0,112.0,176.95,74.5,166.95,109.6,90,ok,90
train/11-55/59.jpg,11,55,112.0,112.0,74.5,47.05,109.6,57.05,0,ok,0
train/11-55/60.jpg,11,55,112.0,112.0,176.95,74.5,166.95,109.6,90,ok,90
train/11-55/61.jpg,11,55,112.0,112.0,176.95,74.5,166.95,109.6,90,ok,90
train/11-55/62.jpg,11,55,112.0,112.0,176.95,74.5,166.95,109.6,90,ok,90
train/11-55/64.jpg,11,55,112.0,112.0,176.95,74.5,166.95,109.6,90,ok,90
train/11-55/7.jpg,11,55,112.0,112.0,74.5,47.05,109.6,57.05,0,ok,0
train/11-55/71.jpg,11,55,112.0,112.0,176.95,74.5,166.95,109.6,90,ok,90
train/11-55/72.jpg,11,55,112.0,112.0,74.5,47.05,109.6,57.05,0,ok,0
train/11-55/73.jpg,11,55,112.0,112.0,149.5,176.95,114.4,166.95,180,ok,180
train/11-55/74.jpg,11,55,112.0,112.0,149.5,176.95,114.4,166.95,180,ok,180
train/11-55/75.jpg,11,55,112.0,112.0,176.95,74.5,166.95,109.6,90,ok,90
train/11-55/78.jpg,11,55,112.0,112.0,74.5,47.05,109.6,57.05,0,ok,0
train/11-55/79.jpg,11,55,112.0,112.0,149.5,176.95,114.4,166.95,180,ok,180
train/11-55/80.jpg,11,55,112.0,112.0,176.95,74.5,166.95,109.6,90,ok,90
train/11-55/83.jpg,11,55,112.0,112.0,176.95,74.5,166.95,109.6,90,ok,90
train/11-55/84.jpg,11,55,112.0,112.0,47.05,149.5,57.05,114.4,270,ok,270
train/11-55/85.jpg,11,55,112.0,112.0,74.5,47.05,109.6,57.05,0,ok,0
train/11-55/86.jpg,11,55,112.0,112.0,74.5,47.05,109.6,57.05,0,ok,0
train/11-55/88.jpg,11,55,112.0,112.0,74.5,47.05,109.6,57.05,0,ok,0
train/11-55/89.jpg,11,55,112.0,112.0,149.5,176.95,114.4,166.95,180,ok,180
train/11-55/9.jpg,11,55,112.0,112.0,74.5,47.05,109.6,57.05,0,ok,0
train/11-55/92.jpg,11,55,112.0,112.0,74.5,47.05,109.6,57.05,0,ok,0
train/11-55/93.jpg,11,55,112.0,112.0,47.05,149.5,57.05,114.4,270,ok,270
train/11-55/95.jpg,11,55,112.0,112.0,74.5,47.05,109.6,57.05,0,ok,0
train/11-55/96.jpg,11,55,112.0,112.0,74.5,47.05,109.6,57.05,0,ok,0
train/11-55/97.jpg,11,55,112.0,112.0,74.5,47.05,109.6,57.05,0,ok,0
train/11-55/99.jpg,11,55,112.0,112.0,149.5,176.95,114.4,166.95,180,ok,180
train/12-00/1.jpg,12,0,112.0,112.0,112.0,37.0,112.0,57.0,0,ok,0
train/12-00/10.jpg,12,0,112.0,112.0,112.0,187.0,112.0,167.0,180,ok,180
train/12-00/12.jpg,12,0,112.0,112.0,187.0,112.0,167.0,112.0,90,ok,90
train/12-00/13.jpg,12,0,112.0,112.0,112.0,37.0,112.0,57.0,0,ok,0
train/12-00/14.jpg,12,0,112.0,112.0,112.0,187.0,112.0,167.0,180,ok,180
train/12-00/15.jpg,12,0,112.0,112.0,37.0,112.0,57.0,112.0,270,ok,270
train/12-00/16.jpg,12,0,112.0,112.0,112.0,187.0,112.0,167.0,180,ok,180
train/12-00/17.jpg,12,0,112.0,112.0,112.0,37.0,112.0,57.0,0,ok,0
train/12-00/18.jpg,12,0,112.0,112.0,112.0,187.0,112.0,167.0,180,ok,180
train/12-00/19.jpg,12,0,112.0,112.0,187.0,112.0,167.0,112.0,90,ok,90
train/12-00/2.jpg,12,0,112.0,112.0,112.0,37.0,112.0,57.0,0,ok,0
train/12-00/20.jpg,12,0,112.0,112.0,112.0,37.0,112.0,57.0,0,ok,0
train/12-00/21.jpg,12,0,112.0,112.0,112.0,37.0,112.0,57.0,0,ok,0
train/12-00/23.jpg,12,0,112.0,112.0,187.0,112.0,167.0,112.0,90,ok,90
train/12-00/24.jpg,12,0,112.0,112.0,37.0,112.0,57.0,112.0,270,ok,270
train/12-00/26.jpg,12,0,112.0,112.0,37.0,112.0,57.0,112.0,270,ok,270
train/12-00/27.jpg,12,0,112.0,112.0,112.0,37.0,112.0,57.0,0,ok,0
train/12-00/28.jpg,12,0,112.0,112.0,37.0,112.0,57.0,112.0,270,ok,270
train/12-00/29.jpg,12,0,112.0,112.0,112.0,37.0,112.0,57.0,0,ok,0
train/12-00/30.jpg,12,0,112.0,112.0,112.0,37.0,112.0,57.0,0,ok,0
train/12-00/32.jpg,12,0,112.0,112.0,112.0,37.0,112.0,57.0,0,ok,0
train/12-00/33.jpg,12,0,112.0,112.0,112.0,187.0,112.0,167.0,180,ok,180
train/12-00/34.jpg,12,0,112.0,112.0,37.0,112.0,57.0,112.0,270,ok,270
train/12-00/37.jpg,12,0,112.0,112.0,112.0,37.0,112.0,57.0,0,ok,0
train/12-00/38.jpg,12,0,112.0,112.0,37.0,112.0,57.0,112.0,270,ok,270
train/12-00/4.jpg,12,0,112.0,112.0,37.0,112.0,57.0,112.0,270,ok,270
train/12-00/40.jpg,12,0,112.0,112.0,112.0,37.0,112.0,57.0,0,ok,0
train/12-00/44.jpg,12,0,112.0,112.0,112.0,37.0,112.0,57.0,0,ok,0
train/12-00/46.jpg,12,0,112.0,112.0,112.0,187.0,112.0,167.0,180,ok,180
train/12-00/47.jpg,12,0,112.0,112.0,187.0,112.0,167.0,112.0,90,ok,90
train/12-00/48.jpg,12,0,112.0,112.0,112.0,37.0,112.0,57.0,0,ok,0
train/12-00/49.jpg,12,0,112.0,112.0,112.0,187.0,112.0,167.0,180,ok,180
train/12-00/5.jpg,12,0,112.0,112.0,112.0,37.0,112.0,57.0,0,ok,0
train/12-00/51.jpg,12,0,112.0,112.0,112.0,37.0,112.0,57.0,0,ok,0
train/12-00/52.jpg,12,0,112.0,112.0,112.0,37.0,112.0,57.0,0,ok,0
train/12-00/53.jpg,12,0,112.0,112.0,112.0,37.0,112.0,57.0,0,ok,0
train/12-00/56.jpg,12,0,112.0,112.0,187.0,112.0,167.0,112.0,90,ok,90
train/12-00/59.jpg,12,0,112.0,112.0,112.0,37.0,112.0,57.0,0,ok,0
train/12-00/60.jpg,12,0,112.0,112.0,112.0,37.0,112.0,57.0,0,ok,0
train/12-00/61.jpg,12,0,112.0,112.0,112.0,37.0,112.0,57.0,0,ok,0
train/12-00/66.jpg,12,0,112.0,112.0,112.0,187.0,112.0,167.0,180,ok,180
train/12-00/67.jpg,12,0,112.0,112.0,187.0,112.0,167.0,112.0,90,ok,90
train/12-00/68.jpg,12,0,112.0,112.0,112.0,187.0,112.0,167.0,180,ok,180
train/12-00/69.jpg,12,0,112.0,112.0,112.0,37.0,112.0,57.0,0,ok,0
train/12-00/71.jpg,12,0,112.0,112.0,112.0,37.0,112.0,57.0,0,ok,0
train/12-00/72.jpg,12,0,112.0,112.0,112.0,37.0,112.0,57.0,0,ok,0
train/12-00/73.jpg,12,0,112.0,112.0,112.0,37.0,112.0,57.0,0,ok,0
train/12-00/75.jpg,12,0,112.0,112.0,112.0,187.0,112.0,167.0,180,ok,180
train/12-00/76.jpg,12,0,112.0,112.0,112.0,37.0,112.0,57.0,0,ok,0
train/12-00/78.jpg,12,0,112.0,112.0,112.0,37.0,112.0,57.0,0,ok,0
train/12-00/79.jpg,12,0,112.0,112.0,112.0,37.0,112.0,57.0,0,ok,0
train/12-00/8.jpg,12,0,112.0,112.0,187.0,112.0,167.0,112.0,90,ok,90
train/12-00/80.jpg,12,0,112.0,112.0,187.0,112.0,167.0,112.0,90,ok,90
train/12-00/84.jpg,12,0,112.0,112.0,37.0,112.0,57.0,112.0,270,ok,270
train/12-00/85.jpg,12,0,112.0,112.0,112.0,187.0,112.0,167.0,180,ok,180
train/12-00/86.jpg,12,0,112.0,112.0,187.0,112.0,167.0,112.0,90,ok,90
train/12-00/87.jpg,12,0,112.0,112.0,112.0,37.0,112.0,57.0,0,ok,0
train/12-00/88.jpg,12,0,112.0,112.0,112.0,187.0,112.0,167.0,180,ok,180
train/12-00/89.jpg,12,0,112.0,112.0,112.0,37.0,112.0,57.0,0,ok,0
train/12-00/9.jpg,12,0,112.0,112.0,37.0,112.0,57.0,112.0,270,ok,270
train/12-00/90.jpg,12,0,112.0,112.0,112.0,187.0,112.0,167.0,180,ok,180
train/12-00/91.jpg,12,0,112.0,112.0,112.0,37.0,112.0,57.0,0,ok,0
train/12-00/93.jpg,12,0,112.0,112.0,37.0,112.0,57.0,112.0,270,ok,270
train/12-00/94.jpg,12,0,112.0,112.0,187.0,112.0,167.0,112.0,90,ok,90
train/12-00/95.jpg,12,0,112.0,112.0,112.0,37.0,112.0,57.0,0,ok,0
train/12-00/97.jpg,12,0,112.0,112.0,187.0,112.0,167.0,112.0,90,ok,90
train/12-00/98.jpg,12,0,112.0,112.0,112.0,187.0,112.0,167.0,180,ok,180
train/12-05/0.jpg,12,5,112.0,112.0,74.5,176.95,109.6,166.95,180,ok,180
train/12-05/1.jpg,12,5,112.0,112.0,149.5,47.05,114.4,57.05,0,ok,0
train/12-05/10.jpg,12,5,112.0,112.0,149.5,47.05,114.4,57.05,0,ok,0
train/12-05/15.jpg,12,5,112.0,112.0,149.5,47.05,114.4,57.05,0,ok,0
train/12-05/17.jpg,12,5,112.0,112.0,149.5,47.05,114.4,57.05,0,ok,0
train/12-05/18.jpg,12,5,112.0,112.0,149.5,47.05,114.4,57.05,0,ok,0
train/12-05/28.jpg,12,5,112.0,112.0,74.5,176.95,109.6,166.95,180,ok,180
train/12-05/29.jpg,12,5,112.0,112.0,149.5,47.05,114.4,57.05,0,ok,0
train/12-05/31.jpg,12,5,112.0,112.0,149.5,47.05,114.4,57.05,0,ok,0
train/12-05/34.jpg,12,5,112.0,112.0,74.5,176.95,109.6,166.95,180,ok,180
train/12-05/35.jpg,12,5,112.0,112.0,149.5,47.05,114.4,57.05,0,ok,0
train/12-05/36.jpg,12,5,112.0,112.0,149.5,47.05,114.4,57.05,0,ok,0
train/12-05/37.jpg,12,5,112.0,112.0,47.05,74.5,57.05,109.6,270,ok,270
train/12-05/38.jpg,12,5,112.0,112.0,176.95,149.5,166.95,114.4,90,ok,90
train/12-05/4.jpg,12,5,112.0,112.0,149.5,47.05,114.4,57.05,0,ok,0
train/12-05/40.jpg,12,5,112.0,112.0,47.05,74.5,57.05,109.6,270,ok,270
train/12-05/42.jpg,12,5,112.0,112.0,74.5,176.95,109.6,166.95,180,ok,180
train/12-05/45.jpg,12,5,112.0,112.0,149.5,47.05,114.4,57.05,0,ok,0
train/12-05/46.jpg,12,5,112.0,112.0,149.5,47.05,114.4,57.05,0,ok,0
train/12-05/48.jpg,12,5,112.0,112.0,149.5,47.05,114.4,57.05,0,ok,0
train/12-05/49.jpg,12,5,112.0,112.0,74.5,176.95,109.6,166.95,180,ok,180
train/12-05/5.jpg,12,5,112.0,112.0,149.5,47.05,114.4,57.05,0,ok,0
train/12-05/51.jpg,12,5,112.0,112.0,149.5,47.05,114.4,57.05,0,ok,0
train/12-05/53.jpg,12,5,112.0,112.0,149.5,47.05,114.4,57.05,0,ok,0
train/12-05/58.jpg,12,5,112.0,112.0,149.5,47.05,114.4,57.05,0,ok,0
train/12-05/59.jpg,12,5,112.0,112.0,74.5,176.95,109.6,166.95,180,ok,180
train/12-05/60.jpg,12,5,112.0,112.0,149.5,47.05,114.4,57.05,0,ok,0
train/12-05/61.jpg,12,5,112.0,112.0,149.5,47.05,114.4,57.05,0,ok,0
train/12-05/64.jpg,12,5,112.0,112.0,74.5,176.95,109.6,166.95,180,ok,180
train/12-05/65.jpg,12,5,112.0,112.0,176.95,149.5,166.95,114.4,90,ok,90
train/12-05/66.jpg,12,5,112.0,112.0,149.5,47.05,114.4,57.05,0,ok,0
train/12-05/67.jpg,12,5,112.0,112.0,149.5,47.05,114.4,57.05,0,ok,0
train/12-05/68.jpg,12,5,112.0,112.0,149.5,47.05,114.4,57.05,0,ok,0
train/12-05/69.jpg,12,5,112.0,112.0,74.5,176.95,109.6,166.95,180,ok,180
train/12-05/7.jpg,12,5,112.0,112.0,149.5,47.05,114.4,57.05,0,ok,0
train/12-05/72.jpg,12,5,112.0,112.0,149.5,47.05,114.4,57.05,0,ok,0
train/12-05/74.jpg,12,5,112.0,112.0,176.95,149.5,166.95,114.4,90,ok,90
train/12-05/79.jpg,12,5,112.0,112.0,74.5,176.95,109.6,166.95,180,ok,180
train/12-05/8.jpg,12,5,112.0,112.0,74.5,176.95,109.6,166.95,180,ok,180
train/12-05/80.jpg,12,5,112.0,112.0,47.05,74.5,57.05,109.6,270,ok,270
train/12-05/81.jpg,12,5,112.0,112.0,149.5,47.05,114.4,57.05,0,ok,0
train/12-05/82.jpg,12,5,112.0,112.0,149.5,47.05,114.4,57.05,0,ok,0
train/12-05/83.jpg,12,5,112.0,112.0,74.5,176.95,109.6,166.95,180,ok,180
train/12-05/84.jpg,12,5,112.0,112.0,149.5,47.05,114.4,57.05,0,ok,0
train/12-05/87.jpg,12,5,112.0,112.0,149.5,47.05,114.4,57.05,0,ok,0
train/12-05/88.jpg,12,5,112.0,112.0,74.5,176.95,109.6,166.95,180,ok,180
train/12-05/92.jpg,12,5,112.0,112.0,149.5,47.05,114.4,57.05,0,ok,0
train/12-05/93.jpg,12,5,112.0,112.0,176.95,149.5,166.95,114.4,90,ok,90
train/12-05/95.jpg,12,5,112.0,112.0,149.5,47.05,114.4,57.05,0,ok,0
train/12-10/0.jpg,12,10,112.0,112.0,176.95,74.5,116.79,57.21,0,ok,0
train/12-10/1.jpg,12,10,112.0,112.0,74.5,47.05,57.21,107.21,270,ok,270
train/12-10/10.jpg,12,10,112.0,112.0,176.95,74.5,116.79,57.21,0,ok,0
train/12-10/12.jpg,12,10,112.0,112.0,47.05,149.5,107.21,166.79,180,ok,180
train/12-10/13.jpg,12,10,112.0,112.0,149.5,176.95,166.79,116.79,90,ok,90
train/12-10/15.jpg,12,10,112.0,112.0,176.95,74.5,116.79,57.21,0,ok,0
train/12-10/17.jpg,12,10,112.0,112.0,74.5,47.05,57.21,107.21,270,ok,270
train/12-10/18.jpg,12,10,112.0,112.0,176.95,74.5,116.79,57.21,0,ok,0
train/12-10/2.jpg,12,10,112.0,112.0,149.5,176.95,166.79,116.79,90,ok,90
train/12-10/20.jpg,12,10,112.0,112.0,149.5,176.95,166.79,116.79,90,ok,90
train/12-10/23.jpg,12,10,112.0,112.0,176.95,74.5,116.79,57.21,0,ok,0
train/12-10/24.jpg,12,10,112.0,112.0,176.95,74.5,116.79,57.21,0,ok,0
train/12-10/26.jpg,12,10,112.0,112.0,176.95,74.5,116.79,57.21,0,ok,0
train/12-10/27.jpg,12,10,112.0,112.0,176.95,74.5,116.79,57.21,0,ok,0
train/12-10/28.jpg,12,10,112.0,112.0,176.95,74.5,116.79,57.21,0,ok,0
train/12-10/29.jpg,12,10,112.0,112.0,149.5,176.95,166.79,116.79,90,ok,90
train/12-10/32.jpg,12,10,112.0,112.0,176.95,74.5,116.79,57.21,0,ok,0
train/12-10/33.jpg,12,10,112.0,112.0,176.95,74.5,116.79,57.21,0,ok,0
train/12-10/34.jpg,12,10,112.0,112.0,74.5,47.05,57.21,107.21,270,ok,270
train/12-10/37.jpg,12,10,112.0,112.0,176.95,74.5,116.79,57.21,0,ok,0
train/12-10/38.jpg,12,10,112.0,112.0,176.95,74.5,116.79,57.21,0,ok,0
train/12-10/4.jpg,12,10,112.0,112.0,176.95,74.5,116.79,57.21,0,ok,0
train/12-10/42.jpg,12,10,112.0,112.0,74.5,47.05,57.21,107.21,270,ok,270
train/12-10/44.jpg,12,10,112.0,112.0,176.95,74.5,116.79,57.21,0,ok,0
train/12-10/48.jpg,12,10,112.0,112.0,74.5,47.05,57.21,107.21,270,ok,270
train/12-10/49.jpg,12,10,112.0,112.0,74.5,47.05,57.21,107.21,270,ok,270
train/12-10/5.jpg,12,10,112.0,112.0,176.95,74.5,116.79,57.21,0,ok,0
train/12-10/50.jpg,12,10,112.0,112.0,149.5,176.95,166.79,116.79,90,ok,90
train/12-10/51.jpg,12,10,112.0,112.0,176.95,74.5,116.79,57.21,0,ok,0
train/12-10/52.jpg,12,10,112.0,112.0,74.5,47.05,57.21,107.21,270,ok,270
train/12-10/56.jpg,12,10,112.0,112.0,74.5,47.05,57.21,107.21,270,ok,270
train/12-10/57.jpg,12,10,112.0,112.0,74.5,47.05,57.21,107.21,270,ok,270
train/12-10/58.jpg,12,10,112.0,112.0,47.05,149.5,107.21,166.79,180,ok,180
train/12-10/59.jpg,12,10,112.0,112.0,47.05,149.5,107.21,166.79,180,ok,180
train/12-10/60.jpg,12,10,112.0,112.0,176.95,74.5,116.79,57.21,0,ok,0
train/12-10/61.jpg,12,10,112.0,112.0,176.95,74.5,116.79,57.21,0,ok,0
train/12-10/62.jpg,12,10,112.0,112.0,74.5,47.05,57.21,107.21,270,ok,270
train/12-10/63.jpg,12,10,112.0,112.0,176.95,74.5,116.79,57.21,0,ok,0
train/12-10/65.jpg,12,10,112.0,112.0,176.95,74.5,116.79,57.21,0,ok,0
train/12-10/66.jpg,12,10,112.0,112.0,176.95,74.5,116.79,57.21,0,ok,0
train/12-10/67.jpg,12,10,112.0,112.0,176.95,74.5,116.79,57.21,0,ok,0
train/12-10/68.jpg,12,10,112.0,112.0,149.5,176.95,166.79,116.79,90,ok,90
train/12-10/69.jpg,12,10,112.0,112.0,176.95,74.5,116.79,57.21,0,ok,0
train/12-10/7.jpg,12,10,112.0,112.0,176.95,74.5,116.79,57.21,0,ok,0
train/12-10/72.jpg,12,10,112.0,112.0,176.95,74.5,116.79,57.21,0,ok,0
train/12-10/73.jpg,12,10,112.0,112.0,176.95,74.5,116.79,57.21,0,ok,0
train/12-10/76.jpg,12,10,112.0,112.0,176.95,74.5,116.79,57.21,0,ok,0
train/12-10/78.jpg,12,10,112.0,112.0,47.05,149.5,107.21,166.79,180,ok,180
train/12-10/79.jpg,12,10,112.0,112.0,176.95,74.5,116.79,57.21,0,ok,0
train/12-10/8.jpg,12,10,112.0,112.0,47.05,149.5,107.21,166.79,180,ok,180
train/12-10/80.jpg,12,10,112.0,112.0,176.95,74.5,116.79,57.21,0,ok,0
train/12-10/82.jpg,12,10,112.0,112.0,176.95,74.5,116.79,57.21,0,ok,0
train/12-10/83.jpg,12,10,112.0,112.0,176.95,74.5,116.79,57.21,0,ok,0
train/12-10/84.jpg,12,10,112.0,112.0,176.95,74.5,116.79,57.21,0,ok,0
train/12-10/85.jpg,12,10,112.0,112.0,176.95,74.5,116.79,57.21,0,ok,0
train/12-10/87.jpg,12,10,112.0,112.0,176.95,74.5,116.79,57.21,0,ok,0
train/12-10/89.jpg,12,10,112.0,112.0,74.5,47.05,57.21,107.21,270,ok,270
train/12-10/91.jpg,12,10,112.0,112.0,176.95,74.5,116.79,57.21,0,ok,0
train/12-10/92.jpg,12,10,112.0,112.0,47.05,149.5,107.21,166.79,180,ok,180
train/12-10/93.jpg,12,10,112.0,112.0,176.95,74.5,116.79,57.21,0,ok,0
train/12-10/94.jpg,12,10,112.0,112.0,176.95,74.5,116.79,57.21,0,ok,0
train/12-10/96.jpg,12,10,112.0,112.0,47.05,149.5,107.21,166.79,180,ok,180
train/12-10/97.jpg,12,10,112.0,112.0,176.95,74.5,116.79,57.21,0,ok,0
train/12-10/98.jpg,12,10,112.0,112.0,47.05,149.5,107.21,166.79,180,ok,180
train/12-10/99.jpg,12,10,112.0,112.0,74.5,47.05,57.21,107.21,270,ok,270
train/12-15/23.jpg,12,15,112.0,112.0,112.0,37.0,57.47,104.82,270,ok,270
train/12-15/27.jpg,12,15,112.0,112.0,112.0,37.0,57.47,104.82,270,ok,270
train/12-15/30.jpg,12,15,112.0,112.0,37.0,112.0,104.82,166.53,180,ok,180
train/12-15/35.jpg,12,15,112.0,112.0,37.0,112.0,104.82,166.53,180,ok,180
train/12-15/47.jpg,12,15,112.0,112.0,187.0,112.0,119.18,57.47,0,ok,0
train/12-15/55.jpg,12,15,112.0,112.0,187.0,112.0,119.18,57.47,0,ok,0
train/12-15/92.jpg,12,15,112.0,112.0,112.0,37.0,57.47,104.82,270,ok,270
train/12-20/0.jpg,12,20,112.0,112.0,176.95,149.5,121.55,57.84,0,ok,0
train/12-20/1.jpg,12,20,112.0,112.0,74.5,176.95,166.16,121.55,90,ok,90
train/12-20/12.jpg,12,20,112.0,112.0,74.5,176.95,166.16,121.55,90,ok,90
train/12-20/14.jpg,12,20,112.0,112.0,74.5,176.95,166.16,121.55,90,ok,90
train/12-20/15.jpg,12,20,112.0,112.0,47.05,74.5,102.45,166.16,180,ok,180
train/12-20/16.jpg,12,20,112.0,112.0,47.05,74.5,102.45,166.16,180,ok,180
train/12-20/17.jpg,12,20,112.0,112.0,176.95,149.5,121.55,57.84,0,ok,0
train/12-20/18.jpg,12,20,112.0,112.0,149.5,47.05,57.84,102.45,270,ok,270
train/12-20/2.jpg,12,20,112.0,112.0,176.95,149.5,121.55,57.84,0,ok,0
train/12-20/20.jpg,12,20,112.0,112.0,176.95,149.5,121.55,57.84,0,ok,0
train/12-20/22.jpg,12,20,112.0,112.0,74.5,176.95,166.16,121.55,90,ok,90
train/12-20/24.jpg,12,20,112.0,112.0,176.95,149.5,121.55,57.84,0,ok,0
train/12-20/27.jpg,12,20,112.0,112.0,176.95,149.5,121.55,57.84,0,ok,0
train/12-20/28.jpg,12,20,112.0,112.0,74.5,176.95,166.16,121.55,90,ok,90
train/12-20/29.jpg,12,20,112.0,112.0,74.5,176.95,166.16,121.55,90,ok,90
train/12-20/3.jpg,12,20,112.0,112.0,176.95,149.5,121.55,57.84,0,ok,0
train/12-20/30.jpg,12,20,112.0,112.0,149.5,47.05,57.84,102.45,270,ok,270
train/12-20/32.jpg,12,20,112.0,112.0,176.95,149.5,121.55,57.84,0,ok,0
train/12-20/33.jpg,12,20,112.0,112.0,176.95,149.5,121.55,57.84,0,ok,0
train/12-20/34.jpg,12,20,112.0,112.0,176.95,149.5,121.55,57.84,0,ok,0
train/12-20/35.jpg,12,20,112.0,112.0,176.95,149.5,121.55,57.84,0,ok,0
train/12-20/4.jpg,12,20,112.0,112.0,149.5,47.05,57.84,102.45,270,ok,270
train/12-20/40.jpg,12,20,112.0,112.0,47.05,74.5,102.45,166.16,180,ok,180
train/12-20/42.jpg,12,20,112.0,112.0,149.5,47.05,57.84,102.45,270,ok,270
train/12-20/44.jpg,12,20,112.0,112.0,47.05,74.5,102.45,166.16,180,ok,180
train/12-20/45.jpg,12,20,112.0,112.0,47.05,74.5,102.45,166.16,180,ok,180
train/12-20/46.jpg,12,20,112.0,112.0,176.95,149.5,121.55,57.84,0,ok,0
train/12-20/47.jpg,12,20,112.0,112.0,47.05,74.5,102.45,166.16,180,ok,180
train/12-20/49.jpg,12,20,112.0,112.0,149.5,47.05,57.84,102.45,270,ok,270
train/12-20/5.jpg,12,20,112.0,112.0,47.05,74.5,102.45,166.16,180,ok,180
train/12-20/50.jpg,12,20,112.0,112.0,176.95,149.5,121.55,57.84,0,ok,0
train/12-20/51.jpg,12,20,112.0,112.0,149.5,47.05,57.84,102.45,270,ok,270
train/12-20/52.jpg,12,20,112.0,112.0,176.95,149.5,121.55,57.84,0,ok,0
train/12-20/53.jpg,12,20,112.0,112.0,149.5,47.05,57.84,102.45,270,ok,270
train/12-20/55.jpg,12,20,112.0,112.0,74.5,176.95,166.16,121.55,90,ok,90
train/12-20/57.jpg,12,20,112.0,112.0,176.95,149.5,121.55,57.84,0,ok,0
train/12-20/58.jpg,12,20,112.0,112.0,149.5,47.05,57.84,102.45,270,ok,270
train/12-20/6.jpg,12,20,112.0,112.0,47.05,74.5,102.45,166.16,180,ok,180
train/12-20/60.jpg,12,20,112.0,112.0,176.95,149.5,121.55,57.84,0,ok,0
train/12-20/61.jpg,12,20,112.0,112.0,74.5,176.95,166.16,121.55,90,ok,90
train/12-20/62.jpg,12,20,112.0,112.0,176.95,149.5,121.55,57.84,0,ok,0
train/12-20/66.jpg,12,20,112.0,112.0,176.95,149.5,121.55,57.84,0,ok,0
train/12-20/7.jpg,12,20,112.0,112.0,176.95,149.5,121.55,57.84,0,ok,0
train/12-20/72.jpg,12,20,112.0,112.0,149.5,47.05,57.84,102.45,270,ok,270
train/12-20/73.jpg,12,20,112.0,112.0,47.05,74.5,102.45,166.16,180,ok,180
train/12-20/74.jpg,12,20,112.0,112.0,176.95,149.5,121.55,57.84,0,ok,0
train/12-20/75.jpg,12,20,112.0,112.0,74.5,176.95,166.16,121.55,90,ok,90
train/12-20/76.jpg,12,20,112.0,112.0,149.5,47.05,57.84,102.45,270,ok,270
train/12-20/79.jpg,12,20,112.0,112.0,149.5,47.05,57.84,102.45,270,ok,270
train/12-20/80.jpg,12,20,112.0,112.0,74.5,176.95,166.16,121.55,90,ok,90
train/12-20/81.jpg,12,20,112.0,112.0,74.5,176.95,166.16,121.55,90,ok,90
train/12-20/82.jpg,12,20,112.0,112.0,176.95,149.5,121.55,57.84,0,ok,0
train/12-20/84.jpg,12,20,112.0,112.0,47.05,74.5,102.45,166.16,180,ok,180
train/12-20/86.jpg,12,20,112.0,112.0,149.5,47.05,57.84,102.45,270,ok,270
train/12-20/87.jpg,12,20,112.0,112.0,47.05,74.5,102.45,166.16,180,ok,180
train/12-20/88.jpg,12,20,112.0,112.0,47.05,74.5,102.45,166.16,180,ok,180
train/12-20/90.jpg,12,20,112.0,112.0,176.95,149.5,121.55,57.84,0,ok,0
train/12-20/91.jpg,12,20,112.0,112.0,176.95,149.5,121.55,57.84,0,ok,0
train/12-20/92.jpg,12,20,112.0,112.0,176.95,149.5,121.55,57.84,0,ok,0
train/12-20/93.jpg,12,20,112.0,112.0,176.95,149.5,121.55,57.84,0,ok,0
train/12-20/95.jpg,12,20,112.0,112.0,176.95,149.5,121.55,57.84,0,ok,0
train/12-20/96.jpg,12,20,112.0,112.0,47.05,74.5,102.45,166.16,180,ok,180
train/12-20/98.jpg,12,20,112.0,112.0,47.05,74.5,102.45,166.16,180,ok,180
train/12-20/99.jpg,12,20,112.0,112.0,176.95,149.5,121.55,57.84,0,ok,0
train/12-25/0.jpg,12,25,112.0,112.0,149.5,176.95,123.9,58.3,0,ok,0
train/12-25/1.jpg,12,25,112.0,112.0,149.5,176.95,123.9,58.3,0,ok,0
train/12-25/10.jpg,12,25,112.0,112.0,176.95,74.5,58.3,100.1,270,ok,270
train/12-25/12.jpg,12,25,112.0,112.0,149.5,176.95,123.9,58.3,0,ok,0
train/12-25/13.jpg,12,25,112.0,112.0,176.95,74.5,58.3,100.1,270,ok,270
train/12-25/14.jpg,12,25,112.0,112.0,47.05,149.5,165.7,123.9,90,ok,90
train/12-25/15.jpg,12,25,112.0,112.0,176.95,74.5,58.3,100.1,270,ok,270
train/12-25/16.jpg,12,25,112.0,112.0,149.5,176.95,123.9,58.3,0,ok,0
train/12-25/18.jpg,12,25,112.0,112.0,47.05,149.5,165.7,123.9,90,ok,90
train/12-25/19.jpg,12,25,112.0,112.0,149.5,176.95,123.9,58.3,0,ok,0
train/12-25/2.jpg,12,25,112.0,112.0,74.5,47.05,100.1,165.7,180,ok,180
train/12-25/20.jpg,12,25,112.0,112.0,149.5,176.95,123.9,58.3,0,ok,0
train/12-25/21.jpg,12,25,112.0,112.0,149.5,176.95,123.9,58.3,0,ok,0
train/12-25/24.jpg,12,25,112.0,112.0,149.5,176.95,123.9,58.3,0,ok,0
train/12-25/28.jpg,12,25,112.0,112.0,149.5,176.95,123.9,58.3,0,ok,0
train/12-25/31.jpg,12,25,112.0,112.0,149.5,176.95,123.9,58.3,0,ok,0
train/12-25/32.jpg,12,25,112.0,112.0,149.5,176.95,123.9,58.3,0,ok,0
train/12-25/33.jpg,12,25,112.0,112.0,149.5,176.95,123.9,58.3,0,ok,0
train/12-25/34.jpg,12,25,112.0,112.0,47.05,149.5,165.7,123.9,90,ok,90
train/12-25/37.jpg,12,25,112.0,112.0,176.95,74.5,58.3,100.1,270,ok,270
train/12-25/38.jpg,12,25,112.0,112.0,47.05,149.5,165.7,123.9,90,ok,90
train/12-25/40.jpg,12,25,112.0,112.0,47.05,149.5,165.7,123.9,90,ok,90
train/12-25/42.jpg,12,25,112.0,112.0,74.5,47.05,100.1,165.7,180,ok,180
train/12-25/44.jpg,12,25,112.0,112.0,149.5,176.95,123.9,58.3,0,ok,0
train/12-25/45.jpg,12,25,112.0,112.0,149.5,176.95,123.9,58.3,0,ok,0
train/12-25/46.jpg,12,25,112.0,112.0,176.95,74.5,58.3,100.1,270,ok,270
train/12-25/47.jpg,12,25,112.0,112.0,74.5,47.05,100.1,165.7,180,ok,180
train/12-25/50.jpg,12,25,112.0,112.0,176.95,74.5,58.3,100.1,270,ok,270
train/12-25/51.jpg,12,25,112.0,112.0,74.5,47.05,100.1,165.7,180,ok,180
train/12-25/52.jpg,12,25,112.0,112.0,74.5,47.05,100.1,165.7,180,ok,180
train/12-25/53.jpg,12,25,112.0,112.0,74.5,47.05,100.1,165.7,180,ok,180
train/12-25/56.jpg,12,25,112.0,112.0,74.5,47.05,100.1,165.7,180,ok,180
train/12-25/57.jpg,12,25,112.0,112.0,74.5,47.05,100.1,165.7,180,ok,180
train/12-25/58.jpg,12,25,112.0,112.0,74.5,47.05,100.1,165.7,180,ok,180
train/12-25/59.jpg,12,25,112.0,112.0,176.95,74.5,58.3,100.1,270,ok,270
train/12-25/60.jpg,12,25,112.0,112.0,74.5,47.05,100.1,165.7,180,ok,180
train/12-25/63.jpg,12,25,112.0,112.0,47.05,149.5,165.7,123.9,90,ok,90
train/12-25/66.jpg,12,25,112.0,112.0,149.5,176.95,123.9,58.3,0,ok,0
train/12-25/67.jpg,12,25,112.0,112.0,47.05,149.5,165.7,123.9,90,ok,90
train/12-25/69.jpg,12,25,112.0,112.0,149.5,176.95,123.9,58.3,0,ok,0
train/12-25/7.jpg,12,25,112.0,112.0,149.5,176.95,123.9,58.3,0,ok,0
train/12-25/72.jpg,12,25,112.0,112.0,149.5,176.95,123.9,58.3,0,ok,0
train/12-25/74.jpg,12,25,112.0,112.0,176.95,74.5,58.3,100.1,270,ok,270
train/12-25/75.jpg,12,25,112.0,112.0,149.5,176.95,123.9,58.3,0,ok,0
train/12-25/76.jpg,12,25,112.0,112.0,149.5,176.95,123.9,58.3,0,ok,0
train/12-25/78.jpg,12,25,112.0,112.0,176.95,74.5,58.3,100.1,270,ok,270
train/12-25/79.jpg,12,25,112.0,112.0,47.05,149.5,165.7,123.9,90,ok,90
train/12-25/8.jpg,12,25,112.0,112.0,149.5,176.95,123.9,58.3,0,ok,0
train/12-25/80.jpg,12,25,112.0,112.0,176.95,74.5,58.3,100.1,270,ok,270
train/12-25/82.jpg,12,25,112.0,112.0,74.5,47.05,100.1,165.7,180,ok,180
train/12-25/83.jpg,12,25,112.0,112.0,176.95,74.5,58.3,100.1,270,ok,270
train/12-25/86.jpg,12,25,112.0,112.0,74.5,47.05,100.1,165.7,180,ok,180
train/12-25/87.jpg,12,25,112.0,112.0,149.5,176.95,123.9,58.3,0,ok,0
train/12-25/88.jpg,12,25,112.0,112.0,47.05,149.5,165.7,123.9,90,ok,90
train/12-25/9.jpg,12,25,112.0,112.0,176.95,74.5,58.3,100.1,270,ok,270
train/12-25/92.jpg,12,25,112.0,112.0,149.5,176.95,123.9,58.3,0,ok,0
train/12-25/93.jpg,12,25,112.0,112.0,149.5,176.95,123.9,58.3,0,ok,0
train/12-25/95.jpg,12,25,112.0,112.0,74.5,47.05,100.1,165.7,180,ok,180
train/12-25/96.jpg,12,25,112.0,112.0,149.5,176.95,123.9,58.3,0,ok,0
train/12-25/97.jpg,12,25,112.0,112.0,176.95,74.5,58.3,100.1,270,ok,270
train/12-25/98.jpg,12,25,112.0,112.0,47.05,149.5,165.7,123.9,90,ok,90
train/12-25/99.jpg,12,25,112.0,112.0,47.05,149.5,165.7,123.9,90,ok,90
train/12-30/0.jpg,12,30,112.0,112.0,112.0,187.0,126.24,58.87,0,ok,0
train/12-30/1.jpg,12,30,112.0,112.0,187.0,112.0,58.87,97.76,270,ok,270
train/12-30/13.jpg,12,30,112.0,112.0,187.0,112.0,58.87,97.76,270,ok,270
train/12-30/14.jpg,12,30,112.0,112.0,112.0,37.0,97.76,165.13,180,ok,180
train/12-30/15.jpg,12,30,112.0,112.0,112.0,187.0,126.24,58.87,0,ok,0
train/12-30/17.jpg,12,30,112.0,112.0,112.0,187.0,126.24,58.87,0,ok,0
train/12-30/18.jpg,12,30,112.0,112.0,37.0,112.0,165.13,126.24,90,ok,90
train/12-30/19.jpg,12,30,112.0,112.0,112.0,187.0,126.24,58.87,0,ok,0
train/12-30/2.jpg,12,30,112.0,112.0,187.0,112.0,58.87,97.76,270,ok,270
train/12-30/20.jpg,12,30,112.0,112.0,112.0,37.0,97.76,165.13,180,ok,180
train/12-30/21.jpg,12,30,112.0,112.0,112.0,187.0,126.24,58.87,0,ok,0
train/12-30/23.jpg,12,30,112.0,112.0,112.0,187.0,126.24,58.87,0,ok,0
train/12-30/24.jpg,12,30,112.0,112.0,112.0,37.0,97.76,165.13,180,ok,180
train/12-30/26.jpg,12,30,112.0,112.0,112.0,187.0,126.24,58.87,0,ok,0
train/12-30/28.jpg,12,30,112.0,112.0,112.0,37.0,97.76,165.13,180,ok,180
train/12-30/3.jpg,12,30,112.0,112.0,112.0,187.0,126.24,58.87,0,ok,0
train/12-30/30.jpg,12,30,112.0,112.0,112.0,187.0,126.24,58.87,0,ok,0
train/12-30/31.jpg,12,30,112.0,112.0,112.0,187.0,126.24,58.87,0,ok,0
train/12-30/32.jpg,12,30,112.0,112.0,112.0,187.0,126.24,58.87,0,ok,0
train/12-30/33.jpg,12,30,112.0,112.0,112.0,37.0,97.76,165.13,180,ok,180
train/12-30/34.jpg,12,30,112.0,112.0,112.0,187.0,126.24,58.87,0,ok,0
train/12-30/37.jpg,12,30,112.0,112.0,112.0,187.0,126.24,58.87,0,ok,0
train/12-30/38.jpg,12,30,112.0,112.0,112.0,37.0,97.76,165.13,180,ok,180
train/12-30/4.jpg,12,30,112.0,112.0,112.0,187.0,126.24,58.87,0,ok,0
train/12-30/42.jpg,12,30,112.0,112.0,112.0,187.0,126.24,58.87,0,ok,0
train/12-30/44.jpg,12,30,112.0,112.0,187.0,112.0,58.87,97.76,270,ok,270
train/12-30/46.jpg,12,30,112.0,112.0,112.0,37.0,97.76,165.13,180,ok,180
train/12-30/47.jpg,12,30,112.0,112.0,112.0,187.0,126.24,58.87,0,ok,0
train/12-30/49.jpg,12,30,112.0,112.0,112.0,187.0,126.24,58.87,0,ok,0
train/12-30/5.jpg,12,30,112.0,112.0,37.0,112.0,165.13,126.24,90,ok,90
train/12-30/50.jpg,12,30,112.0,112.0,112.0,187.0,126.24,58.87,0,ok,0
train/12-30/51.jpg,12,30,112.0,112.0,187.0,112.0,58.87,97.76,270,ok,270
train/12-30/53.jpg,12,30,112.0,112.0,112.0,37.0,97.76,165.13,180,ok,180
train/12-30/59.jpg,12,30,112.0,112.0,112.0,37.0,97.76,165.13,180,ok,180
train/12-30/61.jpg,12,30,112.0,112.0,112.0,187.0,126.24,58.87,0,ok,0
train/12-30/62.jpg,12,30,112.0,112.0,112.0,37.0,97.76,165.13,180,ok,180
train/12-30/64.jpg,12,30,112.0,112.0,112.0,187.0,126.24,58.87,0,ok,0
train/12-30/65.jpg,12,30,112.0,112.0,112.0,187.0,126.24,58.87,0,ok,0
train/12-30/66.jpg,12,30,112.0,112.0,112.0,187.0,126.24,58.87,0,ok,0
train/12-30/67.jpg,12,30,112.0,112.0,112.0,37.0,97.76,165.13,180,ok,180
train/12-30/69.jpg,12,30,112.0,112.0,112.0,37.0,97.76,165.13,180,ok,180
train/12-30/7.jpg,12,30,112.0,112.0,187.0,112.0,58.87,97.76,270,ok,270
train/12-30/73.jpg,12,30,112.0,112.0,112.0,187.0,126.24,58.87,0,ok,0
train/12-30/74.jpg,12,30,112.0,112.0,112.0,37.0,97.76,165.13,180,ok,180
train/12-30/76.jpg,12,30,112.0,112.0,112.0,37.0,97.76,165.13,180,ok,180
train/12-30/78.jpg,12,30,112.0,112.0,112.0,187.0,126.24,58.87,0,ok,0
train/12-30/79.jpg,12,30,112.0,112.0,112.0,37.0,97.76,165.13,180,ok,180
train/12-30/8.jpg,12,30,112.0,112.0,37.0,112.0,165.13,126.24,90,ok,90
train/12-30/80.jpg,12,30,112.0,112.0,187.0,112.0,58.87,97.76,270,ok,270
train/12-30/81.jpg,12,30,112.0,112.0,187.0,112.0,58.87,97.76,270,ok,270
train/12-30/82.jpg,12,30,112.0,112.0,112.0,37.0,97.76,165.13,180,ok,180
train/12-30/83.jpg,12,30,112.0,112.0,112.0,187.0,126.24,58.87,0,ok,0
train/12-30/84.jpg,12,30,112.0,112.0,112.0,187.0,126.24,58.87,0,ok,0
train/12-30/85.jpg,12,30,112.0,112.0,187.0,112.0,58.87,97.76,270,ok,270
train/12-30/86.jpg,12,30,112.0,112.0,112.0,187.0,126.24,58.87,0,ok,0
train/12-30/89.jpg,12,30,112.0,112.0,112.0,187.0,126.24,58.87,0,ok,0
train/12-30/91.jpg,12,30,112.0,112.0,112.0,37.0,97.76,165.13,180,ok,180
train/12-30/92.jpg,12,30,112.0,112.0,37.0,112.0,165.13,126.24,90,ok,90
train/12-30/93.jpg,12,30,112.0,112.0,187.0,112.0,58.87,97.76,270,ok,270
train/12-30/94.jpg,12,30,112.0,112.0,187.0,112.0,58.87,97.76,270,ok,270
train/12-30/95.jpg,12,30,112.0,112.0,187.0,112.0,58.87,97.76,270,ok,270
train/12-30/97.jpg,12,30,112.0,112.0,112.0,187.0,126.24,58.87,0,ok,0
train/12-30/98.jpg,12,30,112.0,112.0,112.0,187.0,126.24,58.87,0,ok,0
train/12-30/99.jpg,12,30,112.0,112.0,112.0,187.0,126.24,58.87,0,ok,0
train/12-35/0.jpg,12,35,112.0,112.0,74.5,176.95,128.54,59.55,0,ok,0
train/12-35/1.jpg,12,35,112.0,112.0,176.95,149.5,59.55,95.46,270,ok,270
train/12-35/10.jpg,12,35,112.0,112.0,176.95,149.5,59.55,95.46,270,ok,270
train/12-35/12.jpg,12,35,112.0,112.0,74.5,176.95,128.54,59.55,0,ok,0
train/12-35/13.jpg,12,35,112.0,112.0,74.5,176.95,128.54,59.55,0,ok,0
train/12-35/14.jpg,12,35,112.0,112.0,74.5,176.95,128.54,59.55,0,ok,0
train/12-35/16.jpg,12,35,112.0,112.0,176.95,149.5,59.55,95.46,270,ok,270
train/12-35/17.jpg,12,35,112.0,112.0,74.5,176.95,128.54,59.55,0,ok,0
train/12-35/19.jpg,12,35,112.0,112.0,176.95,149.5,59.55,95.46,270,ok,270
train/12-35/2.jpg,12,35,112.0,112.0,74.5,176.95,128.54,59.55,0,ok,0
train/12-35/20.jpg,12,35,112.0,112.0,47.05,74.5,164.45,128.54,90,ok,90
train/12-35/22.jpg,12,35,112.0,112.0,74.5,176.95,128.54,59.55,0,ok,0
train/12-35/26.jpg,12,35,112.0,112.0,47.05,74.5,164.45,128.54,90,ok,90
train/12-35/27.jpg,12,35,112.0,112.0,74.5,176.95,128.54,59.55,0,ok,0
train/12-35/29.jpg,12,35,112.0,112.0,74.5,176.95,128.54,59.55,0,ok,0
train/12-35/30.jpg,12,35,112.0,112.0,176.95,149.5,59.55,95.46,270,ok,270
train/12-35/31.jpg,12,35,112.0,112.0,47.05,74.5,164.45,128.54,90,ok,90
train/12-35/32.jpg,12,35,112.0,112.0,74.5,176.95,128.54,59.55,0,ok,0
train/12-35/33.jpg,12,35,112.0,112.0,74.5,176.95,128.54,59.55,0,ok,0
train/12-35/34.jpg,12,35,112.0,112.0,149.5,47.05,95.46,164.45,180,ok,180
train/12-35/35.jpg,12,35,112.0,112.0,176.95,149.5,59.55,95.46,270,ok,270
train/12-35/36.jpg,12,35,112.0,112.0,74.5,176.95,128.54,59.55,0,ok,0
train/12-35/37.jpg,12,35,112.0,112.0,149.5,47.05,95.46,164.45,180,ok,180
train/12-35/38.jpg,12,35,112.0,112.0,176.95,149.5,59.55,95.46,270,ok,270
train/12-35/4.jpg,12,35,112.0,112.0,149.5,47.05,95.46,164.45,180,ok,180
train/12-35/42.jpg,12,35,112.0,112.0,47.05,74.5,164.45,128.54,90,ok,90
train/12-35/43.jpg,12,35,112.0,112.0,74.5,176.95,128.54,59.55,0,ok,0
train/12-35/44.jpg,12,35,112.0,112.0,74.5,176.95,128.54,59.55,0,ok,0
train/12-35/45.jpg,12,35,112.0,112.0,74.5,176.95,128.54,59.55,0,ok,0
train/12-35/46.jpg,12,35,112.0,112.0,176.95,149.5,59.55,95.46,270,ok,270
train/12-35/48.jpg,12,35,112.0,112.0,47.05,74.5,164.45,128.54,90,ok,90
train/12-35/49.jpg,12,35,112.0,112.0,74.5,176.95,128.54,59.55,0,ok,0
train/12-35/5.jpg,12,35,112.0,112.0,176.95,149.5,59.55,95.46,270,ok,270
train/12-35/50.jpg,12,35,112.0,112.0,47.05,74.5,164.45,128.54,90,ok,90
train/12-35/52.jpg,12,35,112.0,112.0,47.05,74.5,164.45,128.54,90,ok,90
train/12-35/57.jpg,12,35,112.0,112.0,47.05,74.5,164.45,128.54,90,ok,90
train/12-35/58.jpg,12,35,112.0,112.0,74.5,176.95,128.54,59.55,0,ok,0
train/12-35/60.jpg,12,35,112.0,112.0,149.5,47.05,95.46,164.45,180,ok,180
train/12-35/61.jpg,12,35,112.0,112.0,74.5,176.95,128.54,59.55,0,ok,0
train/12-35/64.jpg,12,35,112.0,112.0,74.5,176.95,128.54,59.55,0,ok,0
train/12-35/66.jpg,12,35,112.0,112.0,74.5,176.95,128.54,59.55,0,ok,0
train/12-35/67.jpg,12,35,112.0,112.0,74.5,176.95,128.54,59.55,0,ok,0
train/12-35/68.jpg,12,35,112.0,112.0,74.5,176.95,128.54,59.55,0,ok,0
train/12-35/7.jpg,12,35,112.0,112.0,149.5,47.05,95.46,164.45,180,ok,180
train/12-35/70.jpg,12,35,112.0,112.0,74.5,176.95,128.54,59.55,0,ok,0
train/12-35/72.jpg,12,35,112.0,112.0,47.05,74.5,164.45,128.54,90,ok,90
train/12-35/73.jpg,12,35,112.0,112.0,176.95,149.5,59.55,95.46,270,ok,270
train/12-35/74.jpg,12,35,112.0,112.0,149.5,47.05,95.46,164.45,180,ok,180
train/12-35/75.jpg,12,35,112.0,112.0,149.5,47.05,95.46,164.45,180,ok,180
train/12-35/76.jpg,12,35,112.0,112.0,47.05,74.5,164.45,128.54,90,ok,90
train/12-35/78.jpg,12,35,112.0,112.0,74.5,176.95,128.54,59.55,0,ok,0
train/12-35/79.jpg,12,35,112.0,112.0,47.05,74.5,164.45,128.54,90,ok,90
train/12-35/82.jpg,12,35,112.0,112.0,176.95,149.5,59.55,95.46,270,ok,270
train/12-35/84.jpg,12,35,112.0,112.0,47.05,74.5,164.45,128.54,90,ok,90
train/12-35/85.jpg,12,35,112.0,112.0,149.5,47.05,95.46,164.45,180,ok,180
train/12-35/86.jpg,12,35,112.0,112.0,149.5,47.05,95.46,164.45,180,ok,180
train/12-35/87.jpg,12,35,112.0,112.0,74.5,176.95,128.54,59.55,0,ok,0
train/12-35/90.jpg,12,35,112.0,112.0,74.5,176.95,128.54,59.55,0,ok,0
train/12-35/91.jpg,12,35,112.0,112.0,74.5,176.95,128.54,59.55,0,ok,0
train/12-35/92.jpg,12,35,112.0,112.0,149.5,47.05,95.46,164.45,180,ok,180
train/12-35/93.jpg,12,35,112.0,112.0,74.5,176.95,128.54,59.55,0,ok,0
train/12-35/94.jpg,12,35,112.0,112.0,74.5,176.95,128.54,59.55,0,ok,0
train/12-35/95.jpg,12,35,112.0,112.0,74.5,176.95,128.54,59.55,0,ok,0
train/12-35/97.jpg,12,35,112.0,112.0,149.5,47.05,95.46,164.45,180,ok,180
train/12-35/98.jpg,12,35,112.0,112.0,149.5,47.05,95.46,164.45,180,ok,180
train/12-35/99.jpg,12,35,112.0,112.0,176.95,149.5,59.55,95.46,270,ok,270
train/12-40/0.jpg,12,40,112.0,112.0,176.95,74.5,93.19,163.68,180,ok,180
train/12-40/1.jpg,12,40,112.0,112.0,74.5,47.05,163.68,130.81,90,ok,90
train/12-40/12.jpg,12,40,112.0,112.0,176.95,74.5,93.19,163.68,180,ok,180
train/12-40/13.jpg,12,40,112.0,112.0,47.05,149.5,130.81,60.32,0,ok,0
train/12-40/14.jpg,12,40,112.0,112.0,74.5,47.05,163.68,130.81,90,ok,90
train/12-40/15.jpg,12,40,112.0,112.0,176.95,74.5,93.19,163.68,180,ok,180
train/12-40/16.jpg,12,40,112.0,112.0,74.5,47.05,163.68,130.81,90,ok,90
train/12-40/19.jpg,12,40,112.0,112.0,47.05,149.5,130.81,60.32,0,ok,0
train/12-40/2.jpg,12,40,112.0,112.0,47.05,149.5,130.81,60.32,0,ok,0
train/12-40/20.jpg,12,40,112.0,112.0,47.05,149.5,130.81,60.32,0,ok,0
train/12-40/21.jpg,12,40,112.0,112.0,47.05,149.5,130.81,60.32,0,ok,0
train/12-40/24.jpg,12,40,112.0,112.0,47.05,149.5,130.81,60.32,0,ok,0
train/12-40/25.jpg,12,40,112.0,112.0,176.95,74.5,93.19,163.68,180,ok,180
train/12-40/26.jpg,12,40,112.0,112.0,47.05,149.5,130.81,60.32,0,ok,0
train/12-40/27.jpg,12,40,112.0,112.0,47.05,149.5,130.81,60.32,0,ok,0
train/12-40/28.jpg,12,40,112.0,112.0,176.95,74.5,93.19,163.68,180,ok,180
train/12-40/29.jpg,12,40,112.0,112.0,74.5,47.05,163.68,130.81,90,ok,90
train/12-40/31.jpg,12,40,112.0,112.0,47.05,149.5,130.81,60.32,0,ok,0
train/12-40/32.jpg,12,40,112.0,112.0,74.5,47.05,163.68,130.81,90,ok,90
train/12-40/33.jpg,12,40,112.0,112.0,149.5,176.95,60.32,93.19,270,ok,270
train/12-40/34.jpg,12,40,112.0,112.0,47.05,149.5,130.81,60.32,0,ok,0
train/12-40/37.jpg,12,40,112.0,112.0,47.05,149.5,130.81,60.32,0,ok,0
train/12-40/38.jpg,12,40,112.0,112.0,47.05,149.5,130.81,60.32,0,ok,0
train/12-40/4.jpg,12,40,112.0,112.0,176.95,74.5,93.19,163.68,180,ok,180
train/12-40/40.jpg,12,40,112.0,112.0,74.5,47.05,163.68,130.81,90,ok,90
train/12-40/42.jpg,12,40,112.0,112.0,176.95,74.5,93.19,163.68,180,ok,180
train/12-40/45.jpg,12,40,112.0,112.0,47.05,149.5,130.81,60.32,0,ok,0
train/12-40/46.jpg,12,40,112.0,112.0,47.05,149.5,130.81,60.32,0,ok,0
train/12-40/47.jpg,12,40,112.0,112.0,149.5,176.95,60.32,93.19,270,ok,270
train/12-40/48.jpg,12,40,112.0,112.0,74.5,47.05,163.68,130.81,90,ok,90
train/12-40/49.jpg,12,40,112.0,112.0,149.5,176.95,60.32,93.19,270,ok,270
train/12-40/5.jpg,12,40,112.0,112.0,47.05,149.5,130.81,60.32,0,ok,0
train/12-40/50.jpg,12,40,112.0,112.0,74.5,47.05,163.68,130.81,90,ok,90
train/12-40/51.jpg,12,40,112.0,112.0,176.95,74.5,93.19,163.68,180,ok,180
train/12-40/52.jpg,12,40,112.0,112.0,176.95,74.5,93.19,163.68,180,ok,180
train/12-40/53.jpg,12,40,112.0,112.0,176.95,74.5,93.19,163.68,180,ok,180
train/12-40/57.jpg,12,40,112.0,112.0,74.5,47.05,163.68,130.81,90,ok,90
train/12-40/60.jpg,12,40,112.0,112.0,149.5,176.95,60.32,93.19,270,ok,270
train/12-40/61.jpg,12,40,112.0,112.0,47.05,149.5,130.81,60.32,0,ok,0
train/12-40/62.jpg,12,40,112.0,112.0,47.05,149.5,130.81,60.32,0,ok,0
train/12-40/63.jpg,12,40,112.0,112.0,47.05,149.5,130.81,60.32,0,ok,0
train/12-40/64.jpg,12,40,112.0,112.0,47.05,149.5,130.81,60.32,0,ok,0
train/12-40/66.jpg,12,40,112.0,112.0,149.5,176.95,60.32,93.19,270,ok,270
train/12-40/67.jpg,12,40,112.0,112.0,149.5,176.95,60.32,93.19,270,ok,270
train/12-40/69.jpg,12,40,112.0,112.0,176.95,74.5,93.19,163.68,180,ok,180
train/12-40/7.jpg,12,40,112.0,112.0,74.5,47.05,163.68,130.81,90,ok,90
train/12-40/71.jpg,12,40,112.0,112.0,74.5,47.05,163.68,130.81,90,ok,90
train/12-40/72.jpg,12,40,112.0,112.0,47.05,149.5,130.81,60.32,0,ok,0
train/12-40/74.jpg,12,40,112.0,112.0,74.5,47.05,163.68,130.81,90,ok,90
train/12-40/76.jpg,12,40,112.0,112.0,47.05,149.5,130.81,60.32,0,ok,0
train/12-40/78.jpg,12,40,112.0,112.0,47.05,149.5,130.81,60.32,0,ok,0
train/12-40/79.jpg,12,40,112.0,112.0,74.5,47.05,163.68,130.81,90,ok,90
train/12-40/8.jpg,12,40,112.0,112.0,47.05,149.5,130.81,60.32,0,ok,0
train/12-40/80.jpg,12,40,112.0,112.0,74.5,47.05,163.68,130.81,90,ok,90
train/12-40/82.jpg,12,40,112.0,112.0,74.5,47.05,163.68,130.81,90,ok,90
train/12-40/83.jpg,12,40,112.0,112.0,47.05,149.5,130.81,60.32,0,ok,0
train/12-40/85.jpg,12,40,112.0,112.0,47.05,149.5,130.81,60.32,0,ok,0
train/12-40/87.jpg,12,40,112.0,112.0,47.05,149.5,130.81,60.32,0,ok,0
train/12-40/88.jpg,12,40,112.0,112.0,47.05,149.5,130.81,60.32,0,ok,0
train/12-40/9.jpg,12,40,112.0,112.0,47.05,149.5,130.81,60.32,0,ok,0
train/12-40/91.jpg,12,40,112.0,112.0,47.05,149.5,130.81,60.32,0,ok,0
train/12-40/92.jpg,12,40,112.0,112.0,176.95,74.5,93.19,163.68,180,ok,180
train/12-40/94.jpg,12,40,112.0,112.0,176.95,74.5,93.19,163.68,180,ok,180
train/12-40/97.jpg,12,40,112.0,112.0,74.5,47.05,163.68,130.81,90,ok,90
train/12-40/98.jpg,12,40,112.0,112.0,47.05,149.5,130.81,60.32,0,ok,0
train/12-40/99.jpg,12,40,112.0,112.0,47.05,149.5,130.81,60.32,0,ok,0
train/12-45/0.jpg,12,45,112.0,112.0,112.0,187.0,61.19,90.95,270,ok,270
train/12-45/1.jpg,12,45,112.0,112.0,112.0,37.0,162.81,133.05,90,ok,90
train/12-45/12.jpg,12,45,112.0,112.0,112.0,187.0,61.19,90.95,270,ok,270
train/12-45/13.jpg,12,45,112.0,112.0,112.0,37.0,162.81,133.05,90,ok,90
train/12-45/16.jpg,12,45,112.0,112.0,37.0,112.0,133.05,61.19,0,ok,0
train/12-45/17.jpg,12,45,112.0,112.0,37.0,112.0,133.05,61.19,0,ok,0
train/12-45/18.jpg,12,45,112.0,112.0,187.0,112.0,90.95,162.81,180,ok,180
train/12-45/19.jpg,12,45,112.0,112.0,37.0,112.0,133.05,61.19,0,ok,0
train/12-45/2.jpg,12,45,112.0,112.0,112.0,187.0,61.19,90.95,270,ok,270
train/12-45/20.jpg,12,45,112.0,112.0,37.0,112.0,133.05,61.19,0,ok,0
train/12-45/21.jpg,12,45,112.0,112.0,37.0,112.0,133.05,61.19,0,ok,0
train/12-45/23.jpg,12,45,112.0,112.0,37.0,112.0,133.05,61.19,0,ok,0
train/12-45/26.jpg,12,45,112.0,112.0,37.0,112.0,133.05,61.19,0,ok,0
train/12-45/27.jpg,12,45,112.0,112.0,112.0,37.0,162.81,133.05,90,ok,90
train/12-45/28.jpg,12,45,112.0,112.0,37.0,112.0,133.05,61.19,0,ok,0
train/12-45/33.jpg,12,45,112.0,112.0,37.0,112.0,133.05,61.19,0,ok,0
train/12-45/34.jpg,12,45,112.0,112.0,112.0,187.0,61.19,90.95,270,ok,270
train/12-45/37.jpg,12,45,112.0,112.0,37.0,112.0,133.05,61.19,0,ok,0
train/12-45/38.jpg,12,45,112.0,112.0,37.0,112.0,133.05,61.19,0,ok,0
train/12-45/4.jpg,12,45,112.0,112.0,187.0,112.0,90.95,162.81,180,ok,180
train/12-45/40.jpg,12,45,112.0,112.0,37.0,112.0,133.05,61.19,0,ok,0
train/12-45/42.jpg,12,45,112.0,112.0,37.0,112.0,133.05,61.19,0,ok,0
train/12-45/44.jpg,12,45,112.0,112.0,37.0,112.0,133.05,61.19,0,ok,0
train/12-45/45.jpg,12,45,112.0,112.0,37.0,112.0,133.05,61.19,0,ok,0
train/12-45/46.jpg,12,45,112.0,112.0,112.0,37.0,162.81,133.05,90,ok,90
train/12-45/49.jpg,12,45,112.0,112.0,112.0,37.0,162.81,133.05,90,ok,90
train/12-45/5.jpg,12,45,112.0,112.0,187.0,112.0,90.95,162.81,180,ok,180
train/12-45/50.jpg,12,45,112.0,112.0,37.0,112.0,133.05,61.19,0,ok,0
train/12-45/51.jpg,12,45,112.0,112.0,37.0,112.0,133.05,61.19,0,ok,0
train/12-45/52.jpg,12,45,112.0,112.0,37.0,112.0,133.05,61.19,0,ok,0
train/12-45/56.jpg,12,45,112.0,112.0,37.0,112.0,133.05,61.19,0,ok,0
train/12-45/57.jpg,12,45,112.0,112.0,37.0,112.0,133.05,61.19,0,ok,0
train/12-45/58.jpg,12,45,112.0,112.0,37.0,112.0,133.05,61.19,0,ok,0
train/12-45/60.jpg,12,45,112.0,112.0,112.0,37.0,162.81,133.05,90,ok,90
train/12-45/61.jpg,12,45,112.0,112.0,112.0,37.0,162.81,133.05,90,ok,90
train/12-45/62.jpg,12,45,112.0,112.0,112.0,187.0,61.19,90.95,270,ok,270
train/12-45/64.jpg,12,45,112.0,112.0,187.0,112.0,90.95,162.81,180,ok,180
train/12-45/66.jpg,12,45,112.0,112.0,187.0,112.0,90.95,162.81,180,ok,180
train/12-45/72.jpg,12,45,112.0,112.0,37.0,112.0,133.05,61.19,0,ok,0
train/12-45/73.jpg,12,45,112.0,112.0,37.0,112.0,133.05,61.19,0,ok,0
train/12-45/74.jpg,12,45,112.0,112.0,37.0,112.0,133.05,61.19,0,ok,0
train/12-45/75.jpg,12,45,112.0,112.0,37.0,112.0,133.05,61.19,0,ok,0
train/12-45/79.jpg,12,45,112.0,112.0,187.0,112.0,90.95,162.81,180,ok,180
train/12-45/8.jpg,12,45,112.0,112.0,37.0,112.0,133.05,61.19,0,ok,0
train/12-45/81.jpg,12,45,112.0,112.0,37.0,112.0,133.05,61.19,0,ok,0
train/12-45/82.jpg,12,45,112.0,112.0,37.0,112.0,133.05,61.19,0,ok,0
train/12-45/83.jpg,12,45,112.0,112.0,112.0,187.0,61.19,90.95,270,ok,270
train/12-45/84.jpg,12,45,112.0,112.0,37.0,112.0,133.05,61.19,0,ok,0
train/12-45/85.jpg,12,45,112.0,112.0,112.0,187.0,61.19,90.95,270,ok,270
train/12-45/86.jpg,12,45,112.0,112.0,37.0,112.0,133.05,61.19,0,ok,0
train/12-45/87.jpg,12,45,112.0,112.0,37.0,112.0,133.05,61.19,0,ok,0
train/12-45/9.jpg,12,45,112.0,112.0,112.0,187.0,61.19,90.95,270,ok,270
train/12-45/93.jpg,12,45,112.0,112.0,112.0,187.0,61.19,90.95,270,ok,270
train/12-45/95.jpg,12,45,112.0,112.0,37.0,112.0,133.05,61.19,0,ok,0
train/12-45/96.jpg,12,45,112.0,112.0,187.0,112.0,90.95,162.81,180,ok,180
train/12-45/99.jpg,12,45,112.0,112.0,37.0,112.0,133.05,61.19,0,ok,0
train/12-50/0.jpg,12,50,112.0,112.0,176.95,149.5,88.76,161.85,180,ok,180
train/12-50/14.jpg,12,50,112.0,112.0,176.95,149.5,88.76,161.85,180,ok,180
train/12-50/27.jpg,12,50,112.0,112.0,149.5,47.05,161.85,135.24,90,ok,90
train/12-50/34.jpg,12,50,112.0,112.0,176.95,149.5,88.76,161.85,180,ok,180
train/12-50/38.jpg,12,50,112.0,112.0,149.5,47.05,161.85,135.24,90,ok,90
train/12-50/63.jpg,12,50,112.0,112.0,176.95,149.5,88.76,161.85,180,ok,180
train/12-50/82.jpg,12,50,112.0,112.0,176.95,149.5,88.76,161.85,180,ok,180
train/12-50/89.jpg,12,50,112.0,112.0,176.95,149.5,88.76,161.85,180,ok,180
train/12-50/92.jpg,12,50,112.0,112.0,176.95,149.5,88.76,161.85,180,ok,180
train/12-55/0.jpg,12,55,112.0,112.0,74.5,47.05,137.4,63.21,0,ok,0
train/12-55/1.jpg,12,55,112.0,112.0,74.5,47.05,137.4,63.21,0,ok,0
train/12-55/10.jpg,12,55,112.0,112.0,74.5,47.05,137.4,63.21,0,ok,0
train/12-55/12.jpg,12,55,112.0,112.0,74.5,47.05,137.4,63.21,0,ok,0
train/12-55/13.jpg,12,55,112.0,112.0,74.5,47.05,137.4,63.21,0,ok,0
train/12-55/14.jpg,12,55,112.0,112.0,74.5,47.05,137.4,63.21,0,ok,0
train/12-55/15.jpg,12,55,112.0,112.0,74.5,47.05,137.4,63.21,0,ok,0
train/12-55/16.jpg,12,55,112.0,112.0,74.5,47.05,137.4,63.21,0,ok,0
train/12-55/17.jpg,12,55,112.0,112.0,74.5,47.05,137.4,63.21,0,ok,0
train/12-55/18.jpg,12,55,112.0,112.0,74.5,47.05,137.4,63.21,0,ok,0
train/12-55/19.jpg,12,55,112.0,112.0,149.5,176.95,86.6,160.79,180,ok,180
train/12-55/2.jpg,12,55,112.0,112.0,74.5,47.05,137.4,63.21,0,ok,0
train/12-55/20.jpg,12,55,112.0,112.0,176.95,74.5,160.79,137.4,90,ok,90
train/12-55/23.jpg,12,55,112.0,112.0,74.5,47.05,137.4,63.21,0,ok,0
train/12-55/24.jpg,12,55,112.0,112.0,74.5,47.05,137.4,63.21,0,ok,0
train/12-55/26.jpg,12,55,112.0,112.0,176.95,74.5,160.79,137.4,90,ok,90
train/12-55/27.jpg,12,55,112.0,112.0,74.5,47.05,137.4,63.21,0,ok,0
train/12-55/28.jpg,12,55,112.0,112.0,176.95,74.5,160.79,137.4,90,ok,90
train/12-55/30.jpg,12,55,112.0,112.0,149.5,176.95,86.6,160.79,180,ok,180
train/12-55/31.jpg,12,55,112.0,112.0,74.5,47.05,137.4,63.21,0,ok,0
train/12-55/32.jpg,12,55,112.0,112.0,74.5,47.05,137.4,63.21,0,ok,0
train/12-55/34.jpg,12,55,112.0,112.0,74.5,47.05,137.4,63.21,0,ok,0
train/12-55/35.jpg,12,55,112.0,112.0,149.5,176.95,86.6,160.79,180,ok,180
train/12-55/38.jpg,12,55,112.0,112.0,176.95,74.5,160.79,137.4,90,ok,90
train/12-55/40.jpg,12,55,112.0,112.0,74.5,47.05,137.4,63.21,0,ok,0
train/12-55/44.jpg,12,55,112.0,112.0,149.5,176.95,86.6,160.79,180,ok,180
train/12-55/45.jpg,12,55,112.0,112.0,176.95,74.5,160.79,137.4,90,ok,90
train/12-55/46.jpg,12,55,112.0,112.0,149.5,176.95,86.6,160.79,180,ok,180
train/12-55/47.jpg,12,55,112.0,112.0,74.5,47.05,137.4,63.21,0,ok,0
train/12-55/49.jpg,12,55,112.0,112.0,74.5,47.05,137.4,63.21,0,ok,0
train/12-55/51.jpg,12,55,112.0,112.0,74.5,47.05,137.4,63.21,0,ok,0
train/12-55/52.jpg,12,55,112.0,112.0,149.5,176.95,86.6,160.79,180,ok,180
train/12-55/53.jpg,12,55,112.0,112.0,149.5,176.95,86.6,160.79,180,ok,180
train/12-55/55.jpg,12,55,112.0,112.0,47.05,149.5,63.21,86.6,270,ok,270
train/12-55/56.jpg,12,55,112.0,112.0,74.5,47.05,137.4,63.21,0,ok,0
train/12-55/58.jpg,12,55,112.0,112.0,47.05,149.5,63.21,86.6,270,ok,270
train/12-55/6.jpg,12,55,112.0,112.0,176.95,74.5,160.79,137.4,90,ok,90
train/12-55/61.jpg,12,55,112.0,112.0,74.5,47.05,137.4,63.21,0,ok,0
train/12-55/62.jpg,12,55,112.0,112.0,74.5,47.05,137.4,63.21,0,ok,0
train/12-55/65.jpg,12,55,112.0,112.0,74.5,47.05,137.4,63.21,0,ok,0
train/12-55/67.jpg,12,55,112.0,112.0,74.5,47.05,137.4,63.21,0,ok,0
train/12-55/68.jpg,12,55,112.0,112.0,176.95,74.5,160.79,137.4,90,ok,90
train/12-55/69.jpg,12,55,112.0,112.0,176.95,74.5,160.79,137.4,90,ok,90
train/12-55/7.jpg,12,55,112.0,112.0,47.05,149.5,63.21,86.6,270,ok,270
train/12-55/70.jpg,12,55,112.0,112.0,74.5,47.05,137.4,63.21,0,ok,0
train/12-55/72.jpg,12,55,112.0,112.0,47.05,149.5,63.21,86.6,270,ok,270
train/12-55/73.jpg,12,55,112.0,112.0,74.5,47.05,137.4,63.21,0,ok,0
train/12-55/74.jpg,12,55,112.0,112.0,149.5,176.95,86.6,160.79,180,ok,180
train/12-55/75.jpg,12,55,112.0,112.0,74.5,47.05,137.4,63.21,0,ok,0
train/12-55/76.jpg,12,55,112.0,112.0,74.5,47.05,137.4,63.21,0,ok,0
train/12-55/78.jpg,12,55,112.0,112.0,74.5,47.05,137.4,63.21,0,ok,0
train/12-55/79.jpg,12,55,112.0,112.0,176.95,74.5,160.79,137.4,90,ok,90
train/12-55/80.jpg,12,55,112.0,112.0,149.5,176.95,86.6,160.79,180,ok,180
train/12-55/82.jpg,12,55,112.0,112.0,74.5,47.05,137.4,63.21,0,ok,0
train/12-55/83.jpg,12,55,112.0,112.0,149.5,176.95,86.6,160.79,180,ok,180
train/12-55/85.jpg,12,55,112.0,112.0,149.5,176.95,86.6,160.79,180,ok,180
train/12-55/87.jpg,12,55,112.0,112.0,47.05,149.5,63.21,86.6,270,ok,270
train/12-55/89.jpg,12,55,112.0,112.0,74.5,47.05,137.4,63.21,0,ok,0
train/12-55/91.jpg,12,55,112.0,112.0,74.5,47.05,137.4,63.21,0,ok,0
train/12-55/92.jpg,12,55,112.0,112.0,74.5,47.05,137.4,63.21,0,ok,0
train/12-55/93.jpg,12,55,112.0,112.0,74.5,47.05,137.4,63.21,0,ok,0
train/12-55/94.jpg,12,55,112.0,112.0,74.5,47.05,137.4,63.21,0,ok,0
train/12-55/95.jpg,12,55,112.0,112.0,74.5,47.05,137.4,63.21,0,ok,0
train/12-55/96.jpg,12,55,112.0,112.0,176.95,74.5,160.79,137.4,90,ok,90
train/12-55/97.jpg,12,55,112.0,112.0,74.5,47.05,137.4,63.21,0,ok,0
train/12-55/98.jpg,12,55,112.0,112.0,74.5,47.05,137.4,63.21,0,ok,0
train/12-55/99.jpg,12,55,112.0,112.0,74.5,47.05,137.4,63.21,0,ok,0
train/2-00/0.jpg,2,0,112.0,112.0,187.0,112.0,139.5,159.63,90,ok,90
train/2-00/1.jpg,2,0,112.0,112.0,112.0,187.0,64.37,139.5,180,ok,180
train/2-00/10.jpg,2,0,112.0,112.0,112.0,37.0,159.63,84.5,0,ok,0
train/2-00/12.jpg,2,0,112.0,112.0,112.0,187.0,64.37,139.5,180,ok,180
train/2-00/15.jpg,2,0,112.0,112.0,112.0,187.0,64.37,139.5,180,ok,180
train/2-00/16.jpg,2,0,112.0,112.0,37.0,112.0,84.5,64.37,270,ok,270
train/2-00/17.jpg,2,0,112.0,112.0,37.0,112.0,84.5,64.37,270,ok,270
train/2-00/19.jpg,2,0,112.0,112.0,112.0,187.0,64.37,139.5,180,ok,180
train/2-00/2.jpg,2,0,112.0,112.0,112.0,37.0,159.63,84.5,0,ok,0
train/2-00/23.jpg,2,0,112.0,112.0,112.0,37.0,159.63,84.5,0,ok,0
train/2-00/24.jpg,2,0,112.0,112.0,37.0,112.0,84.5,64.37,270,ok,270
train/2-00/25.jpg,2,0,112.0,112.0,112.0,37.0,159.63,84.5,0,ok,0
train/2-00/27.jpg,2,0,112.0,112.0,112.0,37.0,159.63,84.5,0,ok,0
train/2-00/28.jpg,2,0,112.0,112.0,112.0,37.0,159.63,84.5,0,ok,0
train/2-00/32.jpg,2,0,112.0,112.0,112.0,37.0,159.63,84.5,0,ok,0
train/2-00/33.jpg,2,0,112.0,112.0,187.0,112.0,139.5,159.63,90,ok,90
train/2-00/34.jpg,2,0,112.0,112.0,112.0,37.0,159.63,84.5,0,ok,0
train/2-00/37.jpg,2,0,112.0,112.0,187.0,112.0,139.5,159.63,90,ok,90
train/2-00/38.jpg,2,0,112.0,112.0,112.0,37.0,159.63,84.5,0,ok,0
train/2-00/40.jpg,2,0,112.0,112.0,112.0,37.0,159.63,84.5,0,ok,0
train/2-00/44.jpg,2,0,112.0,112.0,187.0,112.0,139.5,159.63,90,ok,90
train/2-00/45.jpg,2,0,112.0,112.0,112.0,37.0,159.63,84.5,0,ok,0
train/2-00/46.jpg,2,0,112.0,112.0,112.0,187.0,64.37,139.5,180,ok,180
train/2-00/47.jpg,2,0,112.0,112.0,187.0,112.0,139.5,159.63,90,ok,90
train/2-00/48.jpg,2,0,112.0,112.0,112.0,37.0,159.63,84.5,0,ok,0
train/2-00/49.jpg,2,0,112.0,112.0,112.0,37.0,159.63,84.5,0,ok,0
train/2-00/5.jpg,2,0,112.0,112.0,112.0,37.0,159.63,84.5,0,ok,0
train/2-00/51.jpg,2,0,112.0,112.0,112.0,37.0,159.63,84.5,0,ok,0
train/2-00/52.jpg,2,0,112.0,112.0,112.0,37.0,159.63,84.5,0,ok,0
train/2-00/56.jpg,2,0,112.0,112.0,112.0,37.0,159.63,84.5,0,ok,0
train/2-00/57.jpg,2,0,112.0,112.0,187.0,112.0,139.5,159.63,90,ok,90
train/2-00/60.jpg,2,0,112.0,112.0,37.0,112.0,84.5,64.37,270,ok,270
train/2-00/61.jpg,2,0,112.0,112.0,187.0,112.0,139.5,159.63,90,ok,90
train/2-00/62.jpg,2,0,112.0,112.0,37.0,112.0,84.5,64.37,270,ok,270
train/2-00/63.jpg,2,0,112.0,112.0,112.0,187.0,64.37,139.5,180,ok,180
train/2-00/64.jpg,2,0,112.0,112.0,112.0,37.0,159.63,84.5,0,ok,0
train/2-00/66.jpg,2,0,112.0,112.0,112.0,187.0,64.37,139.5,180,ok,180
train/2-00/68.jpg,2,0,112.0,112.0,37.0,112.0,84.5,64.37,270,ok,270
train/2-00/7.jpg,2,0,112.0,112.0,187.0,112.0,139.5,159.63,90,ok,90
train/2-00/70.jpg,2,0,112.0,112.0,112.0,37.0,159.63,84.5,0,ok,0
train/2-00/72.jpg,2,0,112.0,112.0,112.0,37.0,159.63,84.5,0,ok,0
train/2-00/74.jpg,2,0,112.0,112.0,112.0,37.0,159.63,84.5,0,ok,0
train/2-00/75.jpg,2,0,112.0,112.0,112.0,187.0,64.37,139.5,180,ok,180
train/2-00/76.jpg,2,0,112.0,112.0,187.0,112.0,139.5,159.63,90,ok,90
train/2-00/79.jpg,2,0,112.0,112.0,112.0,37.0,159.63,84.5,0,ok,0
train/2-00/80.jpg,2,0,112.0,112.0,112.0,187.0,64.37,139.5,180,ok,180
train/2-00/81.jpg,2,0,112.0,112.0,112.0,187.0,64.37,139.5,180,ok,180
train/2-00/82.jpg,2,0,112.0,112.0,37.0,112.0,84.5,64.37,270,ok,270
train/2-00/83.jpg,2,0,112.0,112.0,112.0,37.0,159.63,84.5,0,ok,0
train/2-00/84.jpg,2,0,112.0,112.0,187.0,112.0,139.5,159.63,90,ok,90
train/2-00/85.jpg,2,0,112.0,112.0,112.0,37.0,159.63,84.5,0,ok,0
train/2-00/86.jpg,2,0,112.0,112.0,37.0,112.0,84.5,64.37,270,ok,270
train/2-00/88.jpg,2,0,112.0,112.0,37.0,112.0,84.5,64.37,270,ok,270
train/2-00/89.jpg,2,0,112.0,112.0,112.0,37.0,159.63,84.5,0,ok,0
train/2-00/9.jpg,2,0,112.0,112.0,187.0,112.0,139.5,159.63,90,ok,90
train/2-00/90.jpg,2,0,112.0,112.0,37.0,112.0,84.5,64.37,270,ok,270
train/2-00/91.jpg,2,0,112.0,112.0,187.0,112.0,139.5,159.63,90,ok,90
train/2-00/93.jpg,2,0,112.0,112.0,187.0,112.0,139.5,159.63,90,ok,90
train/2-00/95.jpg,2,0,112.0,112.0,112.0,37.0,159.63,84.5,0,ok,0
train/2-00/96.jpg,2,0,112.0,112.0,112.0,37.0,159.63,84.5,0,ok,0
train/2-05/0.jpg,2,5,112.0,112.0,149.5,47.05,160.79,86.6,0,ok,0
train/2-05/12.jpg,2,5,112.0,112.0,149.5,47.05,160.79,86.6,0,ok,0
train/2-05/13.jpg,2,5,112.0,112.0,74.5,176.95,63.21,137.4,180,ok,180
train/2-05/15.jpg,2,5,112.0,112.0,149.5,47.05,160.79,86.6,0,ok,0
train/2-05/16.jpg,2,5,112.0,112.0,149.5,47.05,160.79,86.6,0,ok,0
train/2-05/17.jpg,2,5,112.0,112.0,74.5,176.95,63.21,137.4,180,ok,180
train/2-05/18.jpg,2,5,112.0,112.0,149.5,47.05,160.79,86.6,0,ok,0
train/2-05/19.jpg,2,5,112.0,112.0,47.05,74.5,86.6,63.21,270,ok,270
train/2-05/2.jpg,2,5,112.0,112.0,149.5,47.05,160.79,86.6,0,ok,0
train/2-05/20.jpg,2,5,112.0,112.0,149.5,47.05,160.79,86.6,0,ok,0
train/2-05/21.jpg,2,5,112.0,112.0,176.95,149.5,137.4,160.79,90,ok,90
train/2-05/23.jpg,2,5,112.0,112.0,149.5,47.05,160.79,86.6,0,ok,0
train/2-05/26.jpg,2,5,112.0,112.0,149.5,47.05,160.79,86.6,0,ok,0
train/2-05/28.jpg,2,5,112.0,112.0,74.5,176.95,63.21,137.4,180,ok,180
train/2-05/29.jpg,2,5,112.0,112.0,149.5,47.05,160.79,86.6,0,ok,0
train/2-05/30.jpg,2,5,112.0,112.0,176.95,149.5,137.4,160.79,90,ok,90
train/2-05/32.jpg,2,5,112.0,112.0,47.05,74.5,86.6,63.21,270,ok,270
train/2-05/33.jpg,2,5,112.0,112.0,149.5,47.05,160.79,86.6,0,ok,0
train/2-05/37.jpg,2,5,112.0,112.0,149.5,47.05,160.79,86.6,0,ok,0
train/2-05/4.jpg,2,5,112.0,112.0,176.95,149.5,137.4,160.79,90,ok,90
train/2-05/40.jpg,2,5,112.0,112.0,149.5,47.05,160.79,86.6,0,ok,0
train/2-05/42.jpg,2,5,112.0,112.0,149.5,47.05,160.79,86.6,0,ok,0
train/2-05/45.jpg,2,5,112.0,112.0,149.5,47.05,160.79,86.6,0,ok,0
train/2-05/47.jpg,2,5,112.0,112.0,47.05,74.5,86.6,63.21,270,ok,270
train/2-05/48.jpg,2,5,112.0,112.0,176.95,149.5,137.4,160.79,90,ok,90
train/2-05/49.jpg,2,5,112.0,112.0,149.5,47.05,160.79,86.6,0,ok,0
train/2-05/5.jpg,2,5,112.0,112.0,149.5,47.05,160.79,86.6,0,ok,0
train/2-05/50.jpg,2,5,112.0,112.0,149.5,47.05,160.79,86.6,0,ok,0
train/2-05/51.jpg,2,5,112.0,112.0,74.5,176.95,63.21,137.4,180,ok,180
train/2-05/53.jpg,2,5,112.0,112.0,149.5,47.05,160.79,86.6,0,ok,0
train/2-05/55.jpg,2,5,112.0,112.0,149.5,47.05,160.79,86.6,0,ok,0
train/2-05/56.jpg,2,5,112.0,112.0,47.05,74.5,86.6,63.21,270,ok,270
train/2-05/6.jpg,2,5,112.0,112.0,149.5,47.05,160.79,86.6,0,ok,0
train/2-05/60.jpg,2,5,112.0,112.0,74.5,176.95,63.21,137.4,180,ok,180
train/2-05/62.jpg,2,5,112.0,112.0,47.05,74.5,86.6,63.21,270,ok,270
train/2-05/64.jpg,2,5,112.0,112.0,149.5,47.05,160.79,86.6,0,ok,0
train/2-05/67.jpg,2,5,112.0,112.0,149.5,47.05,160.79,86.6,0,ok,0
train/2-05/68.jpg,2,5,112.0,112.0,149.5,47.05,160.79,86.6,0,ok,0
train/2-05/69.jpg,2,5,112.0,112.0,149.5,47.05,160.79,86.6,0,ok,0
train/2-05/7.jpg,2,5,112.0,112.0,149.5,47.05,160.79,86.6,0,ok,0
train/2-05/71.jpg,2,5,112.0,112.0,149.5,47.05,160.79,86.6,0,ok,0
train/2-05/72.jpg,2,5,112.0,112.0,176.95,149.5,137.4,160.79,90,ok,90
train/2-05/76.jpg,2,5,112.0,112.0,149.5,47.05,160.79,86.6,0,ok,0
train/2-05/78.jpg,2,5,112.0,112.0,149.5,47.05,160.79,86.6,0,ok,0
train/2-05/79.jpg,2,5,112.0,112.0,149.5,47.05,160.79,86.6,0,ok,0
train/2-05/80.jpg,2,5,112.0,112.0,149.5,47.05,160.79,86.6,0,ok,0
train/2-05/82.jpg,2,5,112.0,112.0,149.5,47.05,160.79,86.6,0,ok,0
train/2-05/84.jpg,2,5,112.0,112.0,74.5,176.95,63.21,137.4,180,ok,180
train/2-05/85.jpg,2,5,112.0,112.0,74.5,176.95,63.21,137.4,180,ok,180
train/2-05/87.jpg,2,5,112.0,112.0,74.5,176.95,63.21,137.4,180,ok,180
train/2-05/89.jpg,2,5,112.0,112.0,176.95,149.5,137.4,160.79,90,ok,90
train/2-05/9.jpg,2,5,112.0,112.0,149.5,47.05,160.79,86.6,0,ok,0
train/2-05/91.jpg,2,5,112.0,112.0,47.05,74.5,86.6,63.21,270,ok,270
train/2-05/92.jpg,2,5,112.0,112.0,176.95,149.5,137.4,160.79,90,ok,90
train/2-05/93.jpg,2,5,112.0,112.0,149.5,47.05,160.79,86.6,0,ok,0
train/2-05/96.jpg,2,5,112.0,112.0,149.5,47.05,160.79,86.6,0,ok,0
train/2-05/97.jpg,2,5,112.0,112.0,74.5,176.95,63.21,137.4,180,ok,180
train/2-05/98.jpg,2,5,112.0,112.0,149.5,47.05,160.79,86.6,0,ok,0
train/2-10/0.jpg,2,10,112.0,112.0,47.05,149.5,62.15,135.24,180,ok,180
train/2-10/1.jpg,2,10,112.0,112.0,176.95,74.5,161.85,88.76,0,ok,0
train/2-10/12.jpg,2,10,112.0,112.0,176.95,74.5,161.85,88.76,0,ok,0
train/2-10/15.jpg,2,10,112.0,112.0,74.5,47.05,88.76,62.15,270,ok,270
train/2-10/18.jpg,2,10,112.0,112.0,47.05,149.5,62.15,135.24,180,ok,180
train/2-10/19.jpg,2,10,112.0,112.0,47.05,149.5,62.15,135.24,180,ok,180
train/2-10/2.jpg,2,10,112.0,112.0,176.95,74.5,161.85,88.76,0,ok,0
train/2-10/20.jpg,2,10,112.0,112.0,176.95,74.5,161.85,88.76,0,ok,0
train/2-10/23.jpg,2,10,112.0,112.0,176.95,74.5,161.85,88.76,0,ok,0
train/2-10/24.jpg,2,10,112.0,112.0,47.05,149.5,62.15,135.24,180,ok,180
train/2-10/28.jpg,2,10,112.0,112.0,47.05,149.5,62.15,135.24,180,ok,180
train/2-10/29.jpg,2,10,112.0,112.0,74.5,47.05,88.76,62.15,270,ok,270
train/2-10/30.jpg,2,10,112.0,112.0,149.5,176.95,135.24,161.85,90,ok,90
train/2-10/34.jpg,2,10,112.0,112.0,176.95,74.5,161.85,88.76,0,ok,0
train/2-10/38.jpg,2,10,112.0,112.0,74.5,47.05,88.76,62.15,270,ok,270
train/2-10/4.jpg,2,10,112.0,112.0,176.95,74.5,161.85,88.76,0,ok,0
train/2-10/42.jpg,2,10,112.0,112.0,176.95,74.5,161.85,88.76,0,ok,0
train/2-10/44.jpg,2,10,112.0,112.0,176.95,74.5,161.85,88.76,0,ok,0
train/2-10/47.jpg,2,10,112.0,112.0,149.5,176.95,135.24,161.85,90,ok,90
train/2-10/5.jpg,2,10,112.0,112.0,74.5,47.05,88.76,62.15,270,ok,270
train/2-10/50.jpg,2,10,112.0,112.0,176.95,74.5,161.85,88.76,0,ok,0
train/2-10/51.jpg,2,10,112.0,112.0,176.95,74.5,161.85,88.76,0,ok,0
train/2-10/52.jpg,2,10,112.0,112.0,176.95,74.5,161.85,88.76,0,ok,0
train/2-10/53.jpg,2,10,112.0,112.0,176.95,74.5,161.85,88.76,0,ok,0
train/2-10/56.jpg,2,10,112.0,112.0,47.05,149.5,62.15,135.24,180,ok,180
train/2-10/57.jpg,2,10,112.0,112.0,176.95,74.5,161.85,88.76,0,ok,0
train/2-10/59.jpg,2,10,112.0,112.0,176.95,74.5,161.85,88.76,0,ok,0
train/2-10/61.jpg,2,10,112.0,112.0,47.05,149.5,62.15,135.24,180,ok,180
train/2-10/63.jpg,2,10,112.0,112.0,176.95,74.5,161.85,88.76,0,ok,0
train/2-10/64.jpg,2,10,112.0,112.0,176.95,74.5,161.85,88.76,0,ok,0
train/2-10/73.jpg,2,10,112.0,112.0,176.95,74.5,161.85,88.76,0,ok,0
train/2-10/76.jpg,2,10,112.0,112.0,149.5,176.95,135.24,161.85,90,ok,90
train/2-10/78.jpg,2,10,112.0,112.0,149.5,176.95,135.24,161.85,90,ok,90
train/2-10/79.jpg,2,10,112.0,112.0,47.05,149.5,62.15,135.24,180,ok,180
train/2-10/82.jpg,2,10,112.0,112.0,176.95,74.5,161.85,88.76,0,ok,0
train/2-10/83.jpg,2,10,112.0,112.0,176.95,74.5,161.85,88.76,0,ok,0
train/2-10/84.jpg,2,10,112.0,112.0,149.5,176.95,135.24,161.85,90,ok,90
train/2-10/86.jpg,2,10,112.0,112.0,176.95,74.5,161.85,88.76,0,ok,0
train/2-10/88.jpg,2,10,112.0,112.0,176.95,74.5,161.85,88.76,0,ok,0
train/2-10/89.jpg,2,10,112.0,112.0,47.05,149.5,62.15,135.24,180,ok,180
train/2-10/9.jpg,2,10,112.0,112.0,176.95,74.5,161.85,88.76,0,ok,0
train/2-10/92.jpg,2,10,112.0,112.0,176.95,74.5,161.85,88.76,0,ok,0
train/2-15/0.jpg,2,15,112.0,112.0,187.0,112.0,162.81,90.95,0,ok,0
train/2-15/13.jpg,2,15,112.0,112.0,37.0,112.0,61.19,133.05,180,ok,180
train/2-15/15.jpg,2,15,112.0,112.0,187.0,112.0,162.81,90.95,0,ok,0
train/2-15/17.jpg,2,15,112.0,112.0,187.0,112.0,162.81,90.95,0,ok,0
train/2-15/18.jpg,2,15,112.0,112.0,37.0,112.0,61.19,133.05,180,ok,180
train/2-15/19.jpg,2,15,112.0,112.0,37.0,112.0,61.19,133.05,180,ok,180
train/2-15/2.jpg,2,15,112.0,112.0,187.0,112.0,162.81,90.95,0,ok,0
train/2-15/20.jpg,2,15,112.0,112.0,187.0,112.0,162.81,90.95,0,ok,0
train/2-15/21.jpg,2,15,112.0,112.0,37.0,112.0,61.19,133.05,180,ok,180
train/2-15/22.jpg,2,15,112.0,112.0,112.0,187.0,133.05,162.81,90,ok,90
train/2-15/25.jpg,2,15,112.0,112.0,187.0,112.0,162.81,90.95,0,ok,0
train/2-15/26.jpg,2,15,112.0,112.0,112.0,187.0,133.05,162.81,90,ok,90
train/2-15/27.jpg,2,15,112.0,112.0,37.0,112.0,61.19,133.05,180,ok,180
train/2-15/28.jpg,2,15,112.0,112.0,187.0,112.0,162.81,90.95,0,ok,0
train/2-15/31.jpg,2,15,112.0,112.0,187.0,112.0,162.81,90.95,0,ok,0
train/2-15/38.jpg,2,15,112.0,112.0,187.0,112.0,162.81,90.95,0,ok,0
train/2-15/42.jpg,2,15,112.0,112.0,187.0,112.0,162.81,90.95,0,ok,0
train/2-15/45.jpg,2,15,112.0,112.0,187.0,112.0,162.81,90.95,0,ok,0
train/2-15/46.jpg,2,15,112.0,112.0,187.0,112.0,162.81,90.95,0,ok,0
train/2-15/47.jpg,2,15,112.0,112.0,187.0,112.0,162.81,90.95,0,ok,0
train/2-15/49.jpg,2,15,112.0,112.0,37.0,112.0,61.19,133.05,180,ok,180
train/2-15/5.jpg,2,15,112.0,112.0,187.0,112.0,162.81,90.95,0,ok,0
train/2-15/50.jpg,2,15,112.0,112.0,112.0,37.0,90.95,61.19,270,ok,270
train/2-15/51.jpg,2,15,112.0,112.0,37.0,112.0,61.19,133.05,180,ok,180
train/2-15/52.jpg,2,15,112.0,112.0,37.0,112.0,61.19,133.05,180,ok,180
train/2-15/53.jpg,2,15,112.0,112.0,112.0,37.0,90.95,61.19,270,ok,270
train/2-15/55.jpg,2,15,112.0,112.0,187.0,112.0,162.81,90.95,0,ok,0
train/2-15/56.jpg,2,15,112.0,112.0,187.0,112.0,162.81,90.95,0,ok,0
train/2-15/59.jpg,2,15,112.0,112.0,187.0,112.0,162.81,90.95,0,ok,0
train/2-15/60.jpg,2,15,112.0,112.0,37.0,112.0,61.19,133.05,180,ok,180
train/2-15/61.jpg,2,15,112.0,112.0,187.0,112.0,162.81,90.95,0,ok,0
train/2-15/63.jpg,2,15,112.0,112.0,37.0,112.0,61.19,133.05,180,ok,180
train/2-15/66.jpg,2,15,112.0,112.0,187.0,112.0,162.81,90.95,0,ok,0
train/2-15/69.jpg,2,15,112.0,112.0,187.0,112.0,162.81,90.95,0,ok,0
train/2-15/70.jpg,2,15,112.0,112.0,187.0,112.0,162.81,90.95,0,ok,0
train/2-15/71.jpg,2,15,112.0,112.0,187.0,112.0,162.81,90.95,0,ok,0
train/2-15/72.jpg,2,15,112.0,112.0,187.0,112.0,162.81,90.95,0,ok,0
train/2-15/73.jpg,2,15,112.0,112.0,187.0,112.0,162.81,90.95,0,ok,0
train/2-15/74.jpg,2,15,112.0,112.0,187.0,112.0,162.81,90.95,0,ok,0
train/2-15/78.jpg,2,15,112.0,112.0,187.0,112.0,162.81,90.95,0,ok,0
train/2-15/80.jpg,2,15,112.0,112.0,187.0,112.0,162.81,90.95,0,ok,0
train/2-15/81.jpg,2,15,112.0,112.0,187.0,112.0,162.81,90.95,0,ok,0
train/2-15/82.jpg,2,15,112.0,112.0,37.0,112.0,61.19,133.05,180,ok,180
train/2-15/83.jpg,2,15,112.0,112.0,187.0,112.0,162.81,90.95,0,ok,0
train/2-15/84.jpg,2,15,112.0,112.0,187.0,112.0,162.81,90.95,0,ok,0
train/2-15/86.jpg,2,15,112.0,112.0,187.0,112.0,162.81,90.95,0,ok,0
train/2-15/88.jpg,2,15,112.0,112.0,187.0,112.0,162.81,90.95,0,ok,0
train/2-15/89.jpg,2,15,112.0,112.0,187.0,112.0,162.81,90.95,0,ok,0
train/2-15/9.jpg,2,15,112.0,112.0,187.0,112.0,162.81,90.95,0,ok,0
train/2-15/90.jpg,2,15,112.0,112.0,112.0,187.0,133.05,162.81,90,ok,90
train/2-15/92.jpg,2,15,112.0,112.0,37.0,112.0,61.19,133.05,180,ok,180
train/2-15/94.jpg,2,15,112.0,112.0,187.0,112.0,162.81,90.95,0,ok,0
train/2-15/98.jpg,2,15,112.0,112.0,187.0,112.0,162.81,90.95,0,ok,0
train/2-20/0.jpg,2,20,112.0,112.0,176.95,149.5,163.68,93.19,0,ok,0
train/2-20/1.jpg,2,20,112.0,112.0,176.95,149.5,163.68,93.19,0,ok,0
train/2-20/10.jpg,2,20,112.0,112.0,176.95,149.5,163.68,93.19,0,ok,0
train/2-20/13.jpg,2,20,112.0,112.0,47.05,74.5,60.32,130.81,180,ok,180
train/2-20/16.jpg,2,20,112.0,112.0,149.5,47.05,93.19,60.32,270,ok,270
train/2-20/17.jpg,2,20,112.0,112.0,176.95,149.5,163.68,93.19,0,ok,0
train/2-20/18.jpg,2,20,112.0,112.0,176.95,149.5,163.68,93.19,0,ok,0
train/2-20/19.jpg,2,20,112.0,112.0,47.05,74.5,60.32,130.81,180,ok,180
train/2-20/2.jpg,2,20,112.0,112.0,149.5,47.05,93.19,60.32,270,ok,270
train/2-20/20.jpg,2,20,112.0,112.0,176.95,149.5,163.68,93.19,0,ok,0
train/2-20/21.jpg,2,20,112.0,112.0,176.95,149.5,163.68,93.19,0,ok,0
train/2-20/24.jpg,2,20,112.0,112.0,74.5,176.95,130.81,163.68,90,ok,90
train/2-20/27.jpg,2,20,112.0,112.0,176.95,149.5,163.68,93.19,0,ok,0
train/2-20/28.jpg,2,20,112.0,112.0,176.95,149.5,163.68,93.19,0,ok,0
train/2-20/29.jpg,2,20,112.0,112.0,47.05,74.5,60.32,130.81,180,ok,180
train/2-20/31.jpg,2,20,112.0,112.0,176.95,149.5,163.68,93.19,0,ok,0
train/2-20/32.jpg,2,20,112.0,112.0,74.5,176.95,130.81,163.68,90,ok,90
train/2-20/33.jpg,2,20,112.0,112.0,176.95,149.5,163.68,93.19,0,ok,0
train/2-20/34.jpg,2,20,112.0,112.0,176.95,149.5,163.68,93.19,0,ok,0
train/2-20/35.jpg,2,20,112.0,112.0,47.05,74.5,60.32,130.81,180,ok,180
train/2-20/37.jpg,2,20,112.0,112.0,176.95,149.5,163.68,93.19,0,ok,0
train/2-20/40.jpg,2,20,112.0,112.0,47.05,74.5,60.32,130.81,180,ok,180
train/2-20/42.jpg,2,20,112.0,112.0,176.95,149.5,163.68,93.19,0,ok,0
train/2-20/44.jpg,2,20,112.0,112.0,176.95,149.5,163.68,93.19,0,ok,0
train/2-20/45.jpg,2,20,112.0,112.0,176.95,149.5,163.68,93.19,0,ok,0
train/2-20/46.jpg,2,20,112.0,112.0,176.95,149.5,163.68,93.19,0,ok,0
train/2-20/47.jpg,2,20,112.0,112.0,176.95,149.5,163.68,93.19,0,ok,0
train/2-20/48.jpg,2,20,112.0,112.0,176.95,149.5,163.68,93.19,0,ok,0
train/2-20/49.jpg,2,20,112.0,112.0,149.5,47.05,93.19,60.32,270,ok,270
train/2-20/5.jpg,2,20,112.0,112.0,149.5,47.05,93.19,60.32,270,ok,270
train/2-20/50.jpg,2,20,112.0,112.0,47.05,74.5,60.32,130.81,180,ok,180
train/2-20/51.jpg,2,20,112.0,112.0,47.05,74.5,60.32,130.81,180,ok,180
train/2-20/52.jpg,2,20,112.0,112.0,176.95,149.5,163.68,93.19,0,ok,0
train/2-20/56.jpg,2,20,112.0,112.0,176.95,149.5,163.68,93.19,0,ok,0
train/2-20/57.jpg,2,20,112.0,112.0,176.95,149.5,163.68,93.19,0,ok,0
train/2-20/59.jpg,2,20,112.0,112.0,176.95,149.5,163.68,93.19,0,ok,0
train/2-20/60.jpg,2,20,112.0,112.0,176.95,149.5,163.68,93.19,0,ok,0
train/2-20/66.jpg,2,20,112.0,112.0,74.5,176.95,130.81,163.68,90,ok,90
train/2-20/67.jpg,2,20,112.0,112.0,176.95,149.5,163.68,93.19,0,ok,0
train/2-20/69.jpg,2,20,112.0,112.0,176.95,149.5,163.68,93.19,0,ok,0
train/2-20/7.jpg,2,20,112.0,112.0,149.5,47.05,93.19,60.32,270,ok,270
train/2-20/74.jpg,2,20,112.0,112.0,176.95,149.5,163.68,93.19,0,ok,0
train/2-20/75.jpg,2,20,112.0,112.0,176.95,149.5,163.68,93.19,0,ok,0
train/2-20/76.jpg,2,20,112.0,112.0,74.5,176.95,130.81,163.68,90,ok,90
train/2-20/8.jpg,2,20,112.0,112.0,176.95,149.5,163.68,93.19,0,ok,0
train/2-20/80.jpg,2,20,112.0,112.0,74.5,176.95,130.81,163.68,90,ok,90
train/2-20/81.jpg,2,20,112.0,112.0,47.05,74.5,60.32,130.81,180,ok,180
train/2-20/85.jpg,2,20,112.0,112.0,176.95,149.5,163.68,93.19,0,ok,0
train/2-20/86.jpg,2,20,112.0,112.0,149.5,47.05,93.19,60.32,270,ok,270
train/2-20/89.jpg,2,20,112.0,112.0,74.5,176.95,130.81,163.68,90,ok,90
train/2-20/9.jpg,2,20,112.0,112.0,176.95,149.5,163.68,93.19,0,ok,0
train/2-20/90.jpg,2,20,112.0,112.0,74.5,176.95,130.81,163.68,90,ok,90
train/2-20/92.jpg,2,20,112.0,112.0,176.95,149.5,163.68,93.19,0,ok,0
train/2-20/93.jpg,2,20,112.0,112.0,176.95,149.5,163.68,93.19,0,ok,0
train/2-20/95.jpg,2,20,112.0,112.0,149.5,47.05,93.19,60.32,270,ok,270
train/2-25/1.jpg,2,25,112.0,112.0,149.5,176.95,164.45,95.46,0,ok,0
train/2-25/10.jpg,2,25,112.0,112.0,149.5,176.95,164.45,95.46,0,ok,0
train/2-25/12.jpg,2,25,112.0,112.0,149.5,176.95,164.45,95.46,0,ok,0
train/2-25/15.jpg,2,25,112.0,112.0,149.5,176.95,164.45,95.46,0,ok,0
train/2-25/16.jpg,2,25,112.0,112.0,149.5,176.95,164.45,95.46,0,ok,0
train/2-25/21.jpg,2,25,112.0,112.0,149.5,176.95,164.45,95.46,0,ok,0
train/2-25/22.jpg,2,25,112.0,112.0,47.05,149.5,128.54,164.45,90,ok,90
train/2-25/27.jpg,2,25,112.0,112.0,176.95,74.5,95.46,59.55,270,ok,270
train/2-25/28.jpg,2,25,112.0,112.0,176.95,74.5,95.46,59.55,270,ok,270
train/2-25/29.jpg,2,25,112.0,112.0,47.05,149.5,128.54,164.45,90,ok,90
train/2-25/30.jpg,2,25,112.0,112.0,149.5,176.95,164.45,95.46,0,ok,0
train/2-25/32.jpg,2,25,112.0,112.0,149.5,176.95,164.45,95.46,0,ok,0
train/2-25/33.jpg,2,25,112.0,112.0,149.5,176.95,164.45,95.46,0,ok,0
train/2-25/34.jpg,2,25,112.0,112.0,149.5,176.95,164.45,95.46,0,ok,0
train/2-25/37.jpg,2,25,112.0,112.0,176.95,74.5,95.46,59.55,270,ok,270
train/2-25/4.jpg,2,25,112.0,112.0,149.5,176.95,164.45,95.46,0,ok,0
train/2-25/40.jpg,2,25,112.0,112.0,149.5,176.95,164.45,95.46,0,ok,0
train/2-25/42.jpg,2,25,112.0,112.0,149.5,176.95,164.45,95.46,0,ok,0
train/2-25/44.jpg,2,25,112.0,112.0,74.5,47.05,59.55,128.54,180,ok,180
train/2-25/45.jpg,2,25,112.0,112.0,176.95,74.5,95.46,59.55,270,ok,270
train/2-25/49.jpg,2,25,112.0,112.0,176.95,74.5,95.46,59.55,270,ok,270
train/2-25/5.jpg,2,25,112.0,112.0,47.05,149.5,128.54,164.45,90,ok,90
train/2-25/51.jpg,2,25,112.0,112.0,149.5,176.95,164.45,95.46,0,ok,0
train/2-25/52.jpg,2,25,112.0,112.0,149.5,176.95,164.45,95.46,0,ok,0
train/2-25/58.jpg,2,25,112.0,112.0,176.95,74.5,95.46,59.55,270,ok,270
train/2-25/61.jpg,2,25,112.0,112.0,47.05,149.5,128.54,164.45,90,ok,90
train/2-25/62.jpg,2,25,112.0,112.0,149.5,176.95,164.45,95.46,0,ok,0
train/2-25/63.jpg,2,25,112.0,112.0,149.5,176.95,164.45,95.46,0,ok,0
train/2-25/67.jpg,2,25,112.0,112.0,74.5,47.05,59.55,128.54,180,ok,180
train/2-25/69.jpg,2,25,112.0,112.0,149.5,176.95,164.45,95.46,0,ok,0
train/2-25/7.jpg,2,25,112.0,112.0,74.5,47.05,59.55,128.54,180,ok,180
train/2-25/72.jpg,2,25,112.0,112.0,149.5,176.95,164.45,95.46,0,ok,0
train/2-25/73.jpg,2,25,112.0,112.0,149.5,176.95,164.45,95.46,0,ok,0
train/2-25/74.jpg,2,25,112.0,112.0,149.5,176.95,164.45,95.46,0,ok,0
train/2-25/78.jpg,2,25,112.0,112.0,47.05,149.5,128.54,164.45,90,ok,90
train/2-25/80.jpg,2,25,112.0,112.0,74.5,47.05,59.55,128.54,180,ok,180
train/2-25/83.jpg,2,25,112.0,112.0,74.5,47.05,59.55,128.54,180,ok,180
train/2-25/85.jpg,2,25,112.0,112.0,149.5,176.95,164.45,95.46,0,ok,0
train/2-25/88.jpg,2,25,112.0,112.0,149.5,176.95,164.45,95.46,0,ok,0
train/2-25/89.jpg,2,25,112.0,112.0,149.5,176.95,164.45,95.46,0,ok,0
train/2-25/9.jpg,2,25,112.0,112.0,149.5,176.95,164.45,95.46,0,ok,0
train/2-25/90.jpg,2,25,112.0,112.0,47.05,149.5,128.54,164.45,90,ok,90
train/2-25/92.jpg,2,25,112.0,112.0,149.5,176.95,164.45,95.46,0,ok,0
train/2-25/93.jpg,2,25,112.0,112.0,176.95,74.5,95.46,59.55,270,ok,270
train/2-25/94.jpg,2,25,112.0,112.0,74.5,47.05,59.55,128.54,180,ok,180
train/2-25/95.jpg,2,25,112.0,112.0,149.5,176.95,164.45,95.46,0,ok,0
train/2-25/97.jpg,2,25,112.0,112.0,149.5,176.95,164.45,95.46,0,ok,0
train/2-30/14.jpg,2,30,112.0,112.0,37.0,112.0,126.24,165.13,90,ok,90
train/2-30/16.jpg,2,30,112.0,112.0,112.0,187.0,165.13,97.76,0,ok,0
train/2-30/18.jpg,2,30,112.0,112.0,112.0,187.0,165.13,97.76,0,ok,0
train/2-30/19.jpg,2,30,112.0,112.0,112.0,37.0,58.87,126.24,180,ok,180
train/2-30/2.jpg,2,30,112.0,112.0,112.0,187.0,165.13,97.76,0,ok,0
train/2-30/20.jpg,2,30,112.0,112.0,112.0,187.0,165.13,97.76,0,ok,0
train/2-30/28.jpg,2,30,112.0,112.0,112.0,187.0,165.13,97.76,0,ok,0
train/2-30/30.jpg,2,30,112.0,112.0,37.0,112.0,126.24,165.13,90,ok,90
train/2-30/32.jpg,2,30,112.0,112.0,112.0,187.0,165.13,97.76,0,ok,0
train/2-30/33.jpg,2,30,112.0,112.0,112.0,37.0,58.87,126.24,180,ok,180
train/2-30/35.jpg,2,30,112.0,112.0,112.0,187.0,165.13,97.76,0,ok,0
train/2-30/36.jpg,2,30,112.0,112.0,187.0,112.0,97.76,58.87,270,ok,270
train/2-30/38.jpg,2,30,112.0,112.0,37.0,112.0,126.24,165.13,90,ok,90
train/2-30/4.jpg,2,30,112.0,112.0,37.0,112.0,126.24,165.13,90,ok,90
train/2-30/42.jpg,2,30,112.0,112.0,187.0,112.0,97.76,58.87,270,ok,270
train/2-30/44.jpg,2,30,112.0,112.0,187.0,112.0,97.76,58.87,270,ok,270
train/2-30/45.jpg,2,30,112.0,112.0,37.0,112.0,126.24,165.13,90,ok,90
train/2-30/47.jpg,2,30,112.0,112.0,37.0,112.0,126.24,165.13,90,ok,90
train/2-30/48.jpg,2,30,112.0,112.0,112.0,187.0,165.13,97.76,0,ok,0
train/2-30/49.jpg,2,30,112.0,112.0,112.0,187.0,165.13,97.76,0,ok,0
train/2-30/5.jpg,2,30,112.0,112.0,112.0,37.0,58.87,126.24,180,ok,180
train/2-30/50.jpg,2,30,112.0,112.0,112.0,187.0,165.13,97.76,0,ok,0
train/2-30/51.jpg,2,30,112.0,112.0,112.0,187.0,165.13,97.76,0,ok,0
train/2-30/52.jpg,2,30,112.0,112.0,112.0,187.0,165.13,97.76,0,ok,0
train/2-30/57.jpg,2,30,112.0,112.0,112.0,187.0,165.13,97.76,0,ok,0
train/2-30/60.jpg,2,30,112.0,112.0,37.0,112.0,126.24,165.13,90,ok,90
train/2-30/61.jpg,2,30,112.0,112.0,112.0,37.0,58.87,126.24,180,ok,180
train/2-30/63.jpg,2,30,112.0,112.0,112.0,37.0,58.87,126.24,180,ok,180
train/2-30/67.jpg,2,30,112.0,112.0,187.0,112.0,97.76,58.87,270,ok,270
train/2-30/69.jpg,2,30,112.0,112.0,187.0,112.0,97.76,58.87,270,ok,270
train/2-30/72.jpg,2,30,112.0,112.0,112.0,187.0,165.13,97.76,0,ok,0
train/2-30/74.jpg,2,30,112.0,112.0,112.0,187.0,165.13,97.76,0,ok,0
train/2-30/76.jpg,2,30,112.0,112.0,112.0,187.0,165.13,97.76,0,ok,0
train/2-30/78.jpg,2,30,112.0,112.0,112.0,187.0,165.13,97.76,0,ok,0
train/2-30/79.jpg,2,30,112.0,112.0,112.0,187.0,165.13,97.76,0,ok,0
train/2-30/8.jpg,2,30,112.0,112.0,112.0,187.0,165.13,97.76,0,ok,0
train/2-30/82.jpg,2,30,112.0,112.0,112.0,187.0,165.13,97.76,0,ok,0
train/2-30/83.jpg,2,30,112.0,112.0,37.0,112.0,126.24,165.13,90,ok,90
train/2-30/84.jpg,2,30,112.0,112.0,112.0,187.0,165.13,97.76,0,ok,0
train/2-30/9.jpg,2,30,112.0,112.0,112.0,187.0,165.13,97.76,0,ok,0
train/2-30/91.jpg,2,30,112.0,112.0,112.0,37.0,58.87,126.24,180,ok,180
train/2-30/95.jpg,2,30,112.0,112.0,112.0,187.0,165.13,97.76,0,ok,0
train/2-30/96.jpg,2,30,112.0,112.0,112.0,187.0,165.13,97.76,0,ok,0
train/2-30/97.jpg,2,30,112.0,112.0,112.0,187.0,165.13,97.76,0,ok,0
train/2-30/99.jpg,2,30,112.0,112.0,112.0,37.0,58.87,126.24,180,ok,180
train/2-35/0.jpg,2,35,112.0,112.0,74.5,176.95,165.7,100.1,0,ok,0
train/2-35/1.jpg,2,35,112.0,112.0,74.5,176.95,165.7,100.1,0,ok,0
train/2-35/10.jpg,2,35,112.0,112.0,74.5,176.95,165.7,100.1,0,ok,0
train/2-35/12.jpg,2,35,112.0,112.0,149.5,47.05,58.3,123.9,180,ok,180
train/2-35/13.jpg,2,35,112.0,112.0,149.5,47.05,58.3,123.9,180,ok,180
train/2-35/14.jpg,2,35,112.0,112.0,176.95,149.5,100.1,58.3,270,ok,270
train/2-35/15.jpg,2,35,112.0,112.0,149.5,47.05,58.3,123.9,180,ok,180
train/2-35/16.jpg,2,35,112.0,112.0,74.5,176.95,165.7,100.1,0,ok,0
train/2-35/17.jpg,2,35,112.0,112.0,47.05,74.5,123.9,165.7,90,ok,90
train/2-35/18.jpg,2,35,112.0,112.0,74.5,176.95,165.7,100.1,0,ok,0
train/2-35/19.jpg,2,35,112.0,112.0,149.5,47.05,58.3,123.9,180,ok,180
train/2-35/2.jpg,2,35,112.0,112.0,176.95,149.5,100.1,58.3,270,ok,270
train/2-35/20.jpg,2,35,112.0,112.0,176.95,149.5,100.1,58.3,270,ok,270
train/2-35/21.jpg,2,35,112.0,112.0,74.5,176.95,165.7,100.1,0,ok,0
train/2-35/24.jpg,2,35,112.0,112.0,74.5,176.95,165.7,100.1,0,ok,0
train/2-35/26.jpg,2,35,112.0,112.0,149.5,47.05,58.3,123.9,180,ok,180
train/2-35/27.jpg,2,35,112.0,112.0,74.5,176.95,165.7,100.1,0,ok,0
train/2-35/28.jpg,2,35,112.0,112.0,47.05,74.5,123.9,165.7,90,ok,90
train/2-35/29.jpg,2,35,112.0,112.0,74.5,176.95,165.7,100.1,0,ok,0
train/2-35/30.jpg,2,35,112.0,112.0,47.05,74.5,123.9,165.7,90,ok,90
train/2-35/32.jpg,2,35,112.0,112.0,74.5,176.95,165.7,100.1,0,ok,0
train/2-35/33.jpg,2,35,112.0,112.0,74.5,176.95,165.7,100.1,0,ok,0
train/2-35/34.jpg,2,35,112.0,112.0,47.05,74.5,123.9,165.7,90,ok,90
train/2-35/36.jpg,2,35,112.0,112.0,149.5,47.05,58.3,123.9,180,ok,180
train/2-35/37.jpg,2,35,112.0,112.0,176.95,149.5,100.1,58.3,270,ok,270
train/2-35/38.jpg,2,35,112.0,112.0,74.5,176.95,165.7,100.1,0,ok,0
train/2-35/40.jpg,2,35,112.0,112.0,176.95,149.5,100.1,58.3,270,ok,270
train/2-35/42.jpg,2,35,112.0,112.0,47.05,74.5,123.9,165.7,90,ok,90
train/2-35/45.jpg,2,35,112.0,112.0,74.5,176.95,165.7,100.1,0,ok,0
train/2-35/48.jpg,2,35,112.0,112.0,149.5,47.05,58.3,123.9,180,ok,180
train/2-35/49.jpg,2,35,112.0,112.0,74.5,176.95,165.7,100.1,0,ok,0
train/2-35/5.jpg,2,35,112.0,112.0,149.5,47.05,58.3,123.9,180,ok,180
train/2-35/51.jpg,2,35,112.0,112.0,47.05,74.5,123.9,165.7,90,ok,90
train/2-35/53.jpg,2,35,112.0,112.0,74.5,176.95,165.7,100.1,0,ok,0
train/2-35/55.jpg,2,35,112.0,112.0,74.5,176.95,165.7,100.1,0,ok,0
train/2-35/56.jpg,2,35,112.0,112.0,74.5,176.95,165.7,100.1,0,ok,0
train/2-35/57.jpg,2,35,112.0,112.0,74.5,176.95,165.7,100.1,0,ok,0
train/2-35/59.jpg,2,35,112.0,112.0,47.05,74.5,123.9,165.7,90,ok,90
train/2-35/6.jpg,2,35,112.0,112.0,74.5,176.95,165.7,100.1,0,ok,0
train/2-35/60.jpg,2,35,112.0,112.0,149.5,47.05,58.3,123.9,180,ok,180
train/2-35/61.jpg,2,35,112.0,112.0,149.5,47.05,58.3,123.9,180,ok,180
train/2-35/63.jpg,2,35,112.0,112.0,176.95,149.5,100.1,58.3,270,ok,270
train/2-35/66.jpg,2,35,112.0,112.0,47.05,74.5,123.9,165.7,90,ok,90
train/2-35/67.jpg,2,35,112.0,112.0,74.5,176.95,165.7,100.1,0,ok,0
train/2-35/7.jpg,2,35,112.0,112.0,74.5,176.95,165.7,100.1,0,ok,0
train/2-35/71.jpg,2,35,112.0,112.0,149.5,47.05,58.3,123.9,180,ok,180
train/2-35/72.jpg,2,35,112.0,112.0,74.5,176.95,165.7,100.1,0,ok,0
train/2-35/73.jpg,2,35,112.0,112.0,149.5,47.05,58.3,123.9,180,ok,180
train/2-35/74.jpg,2,35,112.0,112.0,74.5,176.95,165.7,100.1,0,ok,0
train/2-35/75.jpg,2,35,112.0,112.0,149.5,47.05,58.3,123.9,180,ok,180
train/2-35/76.jpg,2,35,112.0,112.0,74.5,176.95,165.7,100.1,0,ok,0
train/2-35/79.jpg,2,35,112.0,112.0,149.5,47.05,58.3,123.9,180,ok,180
train/2-35/82.jpg,2,35,112.0,112.0,149.5,47.05,58.3,123.9,180,ok,180
train/2-35/83.jpg,2,35,112.0,112.0,74.5,176.95,165.7,100.1,0,ok,0
train/2-35/84.jpg,2,35,112.0,112.0,176.95,149.5,100.1,58.3,270,ok,270
train/2-35/85.jpg,2,35,112.0,112.0,176.95,149.5,100.1,58.3,270,ok,270
train/2-35/87.jpg,2,35,112.0,112.0,74.5,176.95,165.7,100.1,0,ok,0
train/2-35/88.jpg,2,35,112.0,112.0,74.5,176.95,165.7,100.1,0,ok,0
train/2-35/89.jpg,2,35,112.0,112.0,74.5,176.95,165.7,100.1,0,ok,0
train/2-35/9.jpg,2,35,112.0,112.0,149.5,47.05,58.3,123.9,180,ok,180
train/2-35/90.jpg,2,35,112.0,112.0,176.95,149.5,100.1,58.3,270,ok,270
train/2-35/91.jpg,2,35,112.0,112.0,74.5,176.95,165.7,100.1,0,ok,0
train/2-35/93.jpg,2,35,112.0,112.0,74.5,176.95,165.7,100.1,0,ok,0
train/2-35/94.jpg,2,35,112.0,112.0,74.5,176.95,165.7,100.1,0,ok,0
train/2-35/96.jpg,2,35,112.0,112.0,74.5,176.95,165.7,100.1,0,ok,0
train/2-35/97.jpg,2,35,112.0,112.0,47.05,74.5,123.9,165.7,90,ok,90
train/2-35/98.jpg,2,35,112.0,112.0,149.5,47.05,58.3,123.9,180,ok,180
train/2-35/99.jpg,2,35,112.0,112.0,149.5,47.05,58.3,123.9,180,ok,180
train/2-40/0.jpg,2,40,112.0,112.0,47.05,149.5,166.16,102.45,0,ok,0
train/2-40/1.jpg,2,40,112.0,112.0,176.95,74.5,57.84,121.55,180,ok,180
train/2-40/10.jpg,2,40,112.0,112.0,47.05,149.5,166.16,102.45,0,ok,0
train/2-40/12.jpg,2,40,112.0,112.0,149.5,176.95,102.45,57.84,270,ok,270
train/2-40/13.jpg,2,40,112.0,112.0,47.05,149.5,166.16,102.45,0,ok,0
train/2-40/14.jpg,2,40,112.0,112.0,47.05,149.5,166.16,102.45,0,ok,0
train/2-40/15.jpg,2,40,112.0,112.0,74.5,47.05,121.55,166.16,90,ok,90
train/2-40/16.jpg,2,40,112.0,112.0,47.05,149.5,166.16,102.45,0,ok,0
train/2-40/17.jpg,2,40,112.0,112.0,74.5,47.05,121.55,166.16,90,ok,90
train/2-40/19.jpg,2,40,112.0,112.0,149.5,176.95,102.45,57.84,270,ok,270
train/2-40/2.jpg,2,40,112.0,112.0,47.05,149.5,166.16,102.45,0,ok,0
train/2-40/20.jpg,2,40,112.0,112.0,47.05,149.5,166.16,102.45,0,ok,0
train/2-40/22.jpg,2,40,112.0,112.0,47.05,149.5,166.16,102.45,0,ok,0
train/2-40/23.jpg,2,40,112.0,112.0,176.95,74.5,57.84,121.55,180,ok,180
train/2-40/24.jpg,2,40,112.0,112.0,74.5,47.05,121.55,166.16,90,ok,90
train/2-40/27.jpg,2,40,112.0,112.0,74.5,47.05,121.55,166.16,90,ok,90
train/2-40/28.jpg,2,40,112.0,112.0,47.05,149.5,166.16,102.45,0,ok,0
train/2-40/29.jpg,2,40,112.0,112.0,149.5,176.95,102.45,57.84,270,ok,270
train/2-40/3.jpg,2,40,112.0,112.0,47.05,149.5,166.16,102.45,0,ok,0
train/2-40/30.jpg,2,40,112.0,112.0,47.05,149.5,166.16,102.45,0,ok,0
train/2-40/33.jpg,2,40,112.0,112.0,47.05,149.5,166.16,102.45,0,ok,0
train/2-40/34.jpg,2,40,112.0,112.0,74.5,47.05,121.55,166.16,90,ok,90
train/2-40/37.jpg,2,40,112.0,112.0,149.5,176.95,102.45,57.84,270,ok,270
train/2-40/38.jpg,2,40,112.0,112.0,176.95,74.5,57.84,121.55,180,ok,180
train/2-40/4.jpg,2,40,112.0,112.0,149.5,176.95,102.45,57.84,270,ok,270
train/2-40/40.jpg,2,40,112.0,112.0,176.95,74.5,57.84,121.55,180,ok,180
train/2-40/42.jpg,2,40,112.0,112.0,149.5,176.95,102.45,57.84,270,ok,270
train/2-40/44.jpg,2,40,112.0,112.0,47.05,149.5,166.16,102.45,0,ok,0
train/2-40/45.jpg,2,40,112.0,112.0,47.05,149.5,166.16,102.45,0,ok,0
train/2-40/46.jpg,2,40,112.0,112.0,74.5,47.05,121.55,166.16,90,ok,90
train/2-40/47.jpg,2,40,112.0,112.0,47.05,149.5,166.16,102.45,0,ok,0
train/2-40/49.jpg,2,40,112.0,112.0,74.5,47.05,121.55,166.16,90,ok,90
train/2-40/51.jpg,2,40,112.0,112.0,149.5,176.95,102.45,57.84,270,ok,270
train/2-40/52.jpg,2,40,112.0,112.0,74.5,47.05,121.55,166.16,90,ok,90
train/2-40/53.jpg,2,40,112.0,112.0,149.5,176.95,102.45,57.84,270,ok,270
train/2-40/56.jpg,2,40,112.0,112.0,176.95,74.5,57.84,121.55,180,ok,180
train/2-40/57.jpg,2,40,112.0,112.0,47.05,149.5,166.16,102.45,0,ok,0
train/2-40/60.jpg,2,40,112.0,112.0,149.5,176.95,102.45,57.84,270,ok,270
train/2-40/61.jpg,2,40,112.0,112.0,149.5,176.95,102.45,57.84,270,ok,270
train/2-40/62.jpg,2,40,112.0,112.0,176.95,74.5,57.84,121.55,180,ok,180
train/2-40/63.jpg,2,40,112.0,112.0,74.5,47.05,121.55,166.16,90,ok,90
train/2-40/64.jpg,2,40,112.0,112.0,47.05,149.5,166.16,102.45,0,ok,0
train/2-40/66.jpg,2,40,112.0,112.0,47.05,149.5,166.16,102.45,0,ok,0
train/2-40/67.jpg,2,40,112.0,112.0,47.05,149.5,166.16,102.45,0,ok,0
train/2-40/69.jpg,2,40,112.0,112.0,47.05,149.5,166.16,102.45,0,ok,0
train/2-40/7.jpg,2,40,112.0,112.0,47.05,149.5,166.16,102.45,0,ok,0
train/2-40/73.jpg,2,40,112.0,112.0,47.05,149.5,166.16,102.45,0,ok,0
train/2-40/74.jpg,2,40,112.0,112.0,47.05,149.5,166.16,102.45,0,ok,0
train/2-40/75.jpg,2,40,112.0,112.0,47.05,149.5,166.16,102.45,0,ok,0
train/2-40/79.jpg,2,40,112.0,112.0,149.5,176.95,102.45,57.84,270,ok,270
train/2-40/8.jpg,2,40,112.0,112.0,47.05,149.5,166.16,102.45,0,ok,0
train/2-40/82.jpg,2,40,112.0,112.0,176.95,74.5,57.84,121.55,180,ok,180
train/2-40/83.jpg,2,40,112.0,112.0,47.05,149.5,166.16,102.45,0,ok,0
train/2-40/84.jpg,2,40,112.0,112.0,74.5,47.05,121.55,166.16,90,ok,90
train/2-40/86.jpg,2,40,112.0,112.0,47.05,149.5,166.16,102.45,0,ok,0
train/2-40/87.jpg,2,40,112.0,112.0,149.5,176.95,102.45,57.84,270,ok,270
train/2-40/88.jpg,2,40,112.0,112.0,149.5,176.95,102.45,57.84,270,ok,270
train/2-40/89.jpg,2,40,112.0,112.0,47.05,149.5,166.16,102.45,0,ok,0
train/2-40/9.jpg,2,40,112.0,112.0,47.05,149.5,166.16,102.45,0,ok,0
train/2-40/92.jpg,2,40,112.0,112.0,47.05,149.5,166.16,102.45,0,ok,0
train/2-40/94.jpg,2,40,112.0,112.0,74.5,47.05,121.55,166.16,90,ok,90
train/2-40/95.jpg,2,40,112.0,112.0,47.05,149.5,166.16,102.45,0,ok,0
train/2-40/96.jpg,2,40,112.0,112.0,74.5,47.05,121.55,166.16,90,ok,90
train/2-40/97.jpg,2,40,112.0,112.0,47.05,149.5,166.16,102.45,0,ok,0
train/2-40/98.jpg,2,40,112.0,112.0,149.5,176.95,102.45,57.84,270,ok,270
train/2-40/99.jpg,2,40,112.0,112.0,176.95,74.5,57.84,121.55,180,ok,180
train/2-45/0.jpg,2,45,112.0,112.0,187.0,112.0,57.47,119.18,180,ok,180
train/2-45/1.jpg,2,45,112.0,112.0,112.0,37.0,119.18,166.53,90,ok,90
train/2-45/12.jpg,2,45,112.0,112.0,187.0,112.0,57.47,119.18,180,ok,180
train/2-45/13.jpg,2,45,112.0,112.0,37.0,112.0,166.53,104.82,0,ok,0
train/2-45/15.jpg,2,45,112.0,112.0,187.0,112.0,57.47,119.18,180,ok,180
train/2-45/17.jpg,2,45,112.0,112.0,37.0,112.0,166.53,104.82,0,ok,0
train/2-45/19.jpg,2,45,112.0,112.0,187.0,112.0,57.47,119.18,180,ok,180
train/2-45/20.jpg,2,45,112.0,112.0,112.0,37.0,119.18,166.53,90,ok,90
train/2-45/24.jpg,2,45,112.0,112.0,187.0,112.0,57.47,119.18,180,ok,180
train/2-45/26.jpg,2,45,112.0,112.0,37.0,112.0,166.53,104.82,0,ok,0
train/2-45/28.jpg,2,45,112.0,112.0,37.0,112.0,166.53,104.82,0,ok,0
train/2-45/30.jpg,2,45,112.0,112.0,112.0,37.0,119.18,166.53,90,ok,90
train/2-45/31.jpg,2,45,112.0,112.0,112.0,187.0,104.82,57.47,270,ok,270
train/2-45/32.jpg,2,45,112.0,112.0,187.0,112.0,57.47,119.18,180,ok,180
train/2-45/33.jpg,2,45,112.0,112.0,37.0,112.0,166.53,104.82,0,ok,0
train/2-45/34.jpg,2,45,112.0,112.0,112.0,37.0,119.18,166.53,90,ok,90
train/2-45/35.jpg,2,45,112.0,112.0,37.0,112.0,166.53,104.82,0,ok,0
train/2-45/37.jpg,2,45,112.0,112.0,187.0,112.0,57.47,119.18,180,ok,180
train/2-45/4.jpg,2,45,112.0,112.0,112.0,37.0,119.18,166.53,90,ok,90
train/2-45/41.jpg,2,45,112.0,112.0,187.0,112.0,57.47,119.18,180,ok,180
train/2-45/42.jpg,2,45,112.0,112.0,187.0,112.0,57.47,119.18,180,ok,180
train/2-45/44.jpg,2,45,112.0,112.0,187.0,112.0,57.47,119.18,180,ok,180
train/2-45/45.jpg,2,45,112.0,112.0,187.0,112.0,57.47,119.18,180,ok,180
train/2-45/46.jpg,2,45,112.0,112.0,187.0,112.0,57.47,119.18,180,ok,180
train/2-45/48.jpg,2,45,112.0,112.0,37.0,112.0,166.53,104.82,0,ok,0
train/2-45/50.jpg,2,45,112.0,112.0,187.0,112.0,57.47,119.18,180,ok,180
train/2-45/51.jpg,2,45,112.0,112.0,37.0,112.0,166.53,104.82,0,ok,0
train/2-45/52.jpg,2,45,112.0,112.0,187.0,112.0,57.47,119.18,180,ok,180
train/2-45/55.jpg,2,45,112.0,112.0,37.0,112.0,166.53,104.82,0,ok,0
train/2-45/58.jpg,2,45,112.0,112.0,37.0,112.0,166.53,104.82,0,ok,0
train/2-45/60.jpg,2,45,112.0,112.0,187.0,112.0,57.47,119.18,180,ok,180
train/2-45/61.jpg,2,45,112.0,112.0,37.0,112.0,166.53,104.82,0,ok,0
train/2-45/64.jpg,2,45,112.0,112.0,187.0,112.0,57.47,119.18,180,ok,180
train/2-45/66.jpg,2,45,112.0,112.0,112.0,37.0,119.18,166.53,90,ok,90
train/2-45/71.jpg,2,45,112.0,112.0,37.0,112.0,166.53,104.82,0,ok,0
train/2-45/73.jpg,2,45,112.0,112.0,37.0,112.0,166.53,104.82,0,ok,0
train/2-45/74.jpg,2,45,112.0,112.0,112.0,187.0,104.82,57.47,270,ok,270
train/2-45/75.jpg,2,45,112.0,112.0,112.0,37.0,119.18,166.53,90,ok,90
train/2-45/76.jpg,2,45,112.0,112.0,37.0,112.0,166.53,104.82,0,ok,0
train/2-45/77.jpg,2,45,112.0,112.0,187.0,112.0,57.47,119.18,180,ok,180
train/2-45/8.jpg,2,45,112.0,112.0,112.0,37.0,119.18,166.53,90,ok,90
train/2-45/80.jpg,2,45,112.0,112.0,37.0,112.0,166.53,104.82,0,ok,0
train/2-45/81.jpg,2,45,112.0,112.0,112.0,37.0,119.18,166.53,90,ok,90
train/2-45/82.jpg,2,45,112.0,112.0,187.0,112.0,57.47,119.18,180,ok,180
train/2-45/83.jpg,2,45,112.0,112.0,112.0,187.0,104.82,57.47,270,ok,270
train/2-45/84.jpg,2,45,112.0,112.0,37.0,112.0,166.53,104.82,0,ok,0
train/2-45/85.jpg,2,45,112.0,112.0,187.0,112.0,57.47,119.18,180,ok,180
train/2-45/86.jpg,2,45,112.0,112.0,187.0,112.0,57.47,119.18,180,ok,180
train/2-45/89.jpg,2,45,112.0,112.0,187.0,112.0,57.47,119.18,180,ok,180
train/2-45/9.jpg,2,45,112.0,112.0,112.0,187.0,104.82,57.47,270,ok,270
train/2-45/91.jpg,2,45,112.0,112.0,37.0,112.0,166.53,104.82,0,ok,0
train/2-45/92.jpg,2,45,112.0,112.0,37.0,112.0,166.53,104.82,0,ok,0
train/2-45/93.jpg,2,45,112.0,112.0,187.0,112.0,57.47,119.18,180,ok,180
train/2-45/95.jpg,2,45,112.0,112.0,112.0,37.0,119.18,166.53,90,ok,90
train/2-45/96.jpg,2,45,112.0,112.0,37.0,112.0,166.53,104.82,0,ok,0
train/2-45/98.jpg,2,45,112.0,112.0,187.0,112.0,57.47,119.18,180,ok,180
train/2-45/99.jpg,2,45,112.0,112.0,187.0,112.0,57.47,119.18,180,ok,180
train/2-50/0.jpg,2,50,112.0,112.0,47.05,74.5,166.79,107.21,0,ok,0
train/2-50/13.jpg,2,50,112.0,112.0,47.05,74.5,166.79,107.21,0,ok,0
train/2-50/14.jpg,2,50,112.0,112.0,176.95,149.5,57.21,116.79,180,ok,180
train/2-50/17.jpg,2,50,112.0,112.0,47.05,74.5,166.79,107.21,0,ok,0
train/2-50/18.jpg,2,50,112.0,112.0,74.5,176.95,107.21,57.21,270,ok,270
train/2-50/19.jpg,2,50,112.0,112.0,47.05,74.5,166.79,107.21,0,ok,0
train/2-50/2.jpg,2,50,112.0,112.0,149.5,47.05,116.79,166.79,90,ok,90
train/2-50/20.jpg,2,50,112.0,112.0,47.05,74.5,166.79,107.21,0,ok,0
train/2-50/21.jpg,2,50,112.0,112.0,47.05,74.5,166.79,107.21,0,ok,0
train/2-50/24.jpg,2,50,112.0,112.0,47.05,74.5,166.79,107.21,0,ok,0
train/2-50/26.jpg,2,50,112.0,112.0,47.05,74.5,166.79,107.21,0,ok,0
train/2-50/28.jpg,2,50,112.0,112.0,176.95,149.5,57.21,116.79,180,ok,180
train/2-50/29.jpg,2,50,112.0,112.0,149.5,47.05,116.79,166.79,90,ok,90
train/2-50/3.jpg,2,50,112.0,112.0,47.05,74.5,166.79,107.21,0,ok,0
train/2-50/30.jpg,2,50,112.0,112.0,47.05,74.5,166.79,107.21,0,ok,0
train/2-50/31.jpg,2,50,112.0,112.0,74.5,176.95,107.21,57.21,270,ok,270
train/2-50/33.jpg,2,50,112.0,112.0,74.5,176.95,107.21,57.21,270,ok,270
train/2-50/34.jpg,2,50,112.0,112.0,47.05,74.5,166.79,107.21,0,ok,0
train/2-50/37.jpg,2,50,112.0,112.0,47.05,74.5,166.79,107.21,0,ok,0
train/2-50/38.jpg,2,50,112.0,112.0,176.95,149.5,57.21,116.79,180,ok,180
train/2-50/40.jpg,2,50,112.0,112.0,149.5,47.05,116.79,166.79,90,ok,90
train/2-50/41.jpg,2,50,112.0,112.0,149.5,47.05,116.79,166.79,90,ok,90
train/2-50/42.jpg,2,50,112.0,112.0,47.05,74.5,166.79,107.21,0,ok,0
train/2-50/44.jpg,2,50,112.0,112.0,149.5,47.05,116.79,166.79,90,ok,90
train/2-50/45.jpg,2,50,112.0,112.0,47.05,74.5,166.79,107.21,0,ok,0
train/2-50/48.jpg,2,50,112.0,112.0,149.5,47.05,116.79,166.79,90,ok,90
train/2-50/49.jpg,2,50,112.0,112.0,149.5,47.05,116.79,166.79,90,ok,90
train/2-50/50.jpg,2,50,112.0,112.0,47.05,74.5,166.79,107.21,0,ok,0
train/2-50/51.jpg,2,50,112.0,112.0,74.5,176.95,107.21,57.21,270,ok,270
train/2-50/56.jpg,2,50,112.0,112.0,47.05,74.5,166.79,107.21,0,ok,0
train/2-50/57.jpg,2,50,112.0,112.0,176.95,149.5,57.21,116.79,180,ok,180
train/2-50/60.jpg,2,50,112.0,112.0,47.05,74.5,166.79,107.21,0,ok,0
train/2-50/61.jpg,2,50,112.0,112.0,149.5,47.05,116.79,166.79,90,ok,90
train/2-50/62.jpg,2,50,112.0,112.0,74.5,176.95,107.21,57.21,270,ok,270
train/2-50/63.jpg,2,50,112.0,112.0,176.95,149.5,57.21,116.79,180,ok,180
train/2-50/64.jpg,2,50,112.0,112.0,47.05,74.5,166.79,107.21,0,ok,0
train/2-50/66.jpg,2,50,112.0,112.0,47.05,74.5,166.79,107.21,0,ok,0
train/2-50/67.jpg,2,50,112.0,112.0,74.5,176.95,107.21,57.21,270,ok,270
train/2-50/69.jpg,2,50,112.0,112.0,47.05,74.5,166.79,107.21,0,ok,0
train/2-50/7.jpg,2,50,112.0,112.0,47.05,74.5,166.79,107.21,0,ok,0
train/2-50/72.jpg,2,50,112.0,112.0,47.05,74.5,166.79,107.21,0,ok,0
train/2-50/73.jpg,2,50,112.0,112.0,149.5,47.05,116.79,166.79,90,ok,90
train/2-50/75.jpg,2,50,112.0,112.0,149.5,47.05,116.79,166.79,90,ok,90
train/2-50/76.jpg,2,50,112.0,112.0,74.5,176.95,107.21,57.21,270,ok,270
train/2-50/77.jpg,2,50,112.0,112.0,176.95,149.5,57.21,116.79,180,ok,180
train/2-50/8.jpg,2,50,112.0,112.0,47.05,74.5,166.79,107.21,0,ok,0
train/2-50/80.jpg,2,50,112.0,112.0,47.05,74.5,166.79,107.21,0,ok,0
train/2-50/81.jpg,2,50,112.0,112.0,47.05,74.5,166.79,107.21,0,ok,0
train/2-50/82.jpg,2,50,112.0,112.0,47.05,74.5,166.79,107.21,0,ok,0
train/2-50/84.jpg,2,50,112.0,112.0,47.05,74.5,166.79,107.21,0,ok,0
train/2-50/85.jpg,2,50,112.0,112.0,149.5,47.05,116.79,166.79,90,ok,90
train/2-50/86.jpg,2,50,112.0,112.0,47.05,74.5,166.79,107.21,0,ok,0
train/2-50/88.jpg,2,50,112.0,112.0,47.05,74.5,166.79,107.21,0,ok,0
train/2-50/89.jpg,2,50,112.0,112.0,74.5,176.95,107.21,57.21,270,ok,270
train/2-50/91.jpg,2,50,112.0,112.0,47.05,74.5,166.79,107.21,0,ok,0
train/2-50/92.jpg,2,50,112.0,112.0,47.05,74.5,166.79,107.21,0,ok,0
train/2-50/93.jpg,2,50,112.0,112.0,47.05,74.5,166.79,107.21,0,ok,0
train/2-50/95.jpg,2,50,112.0,112.0,47.05,74.5,166.79,107.21,0,ok,0
train/2-50/97.jpg,2,50,112.0,112.0,74.5,176.95,107.21,57.21,270,ok,270
train/2-55/0.jpg,2,55,112.0,112.0,47.05,149.5,109.6,57.05,270,ok,270
train/2-55/1.jpg,2,55,112.0,112.0,47.05,149.5,109.6,57.05,270,ok,270
train/2-55/10.jpg,2,55,112.0,112.0,47.05,149.5,109.6,57.05,270,ok,270
train/2-55/13.jpg,2,55,112.0,112.0,149.5,176.95,57.05,114.4,180,ok,180
train/2-55/15.jpg,2,55,112.0,112.0,176.95,74.5,114.4,166.95,90,ok,90
train/2-55/16.jpg,2,55,112.0,112.0,176.95,74.5,114.4,166.95,90,ok,90
train/2-55/17.jpg,2,55,112.0,112.0,176.95,74.5,114.4,166.95,90,ok,90
train/2-55/2.jpg,2,55,112.0,112.0,74.5,47.05,166.95,109.6,0,ok,0
train/2-55/20.jpg,2,55,112.0,112.0,176.95,74.5,114.4,166.95,90,ok,90
train/2-55/21.jpg,2,55,112.0,112.0,74.5,47.05,166.95,109.6,0,ok,0
train/2-55/24.jpg,2,55,112.0,112.0,176.95,74.5,114.4,166.95,90,ok,90
train/2-55/26.jpg,2,55,112.0,112.0,74.5,47.05,166.95,109.6,0,ok,0
train/2-55/27.jpg,2,55,112.0,112.0,74.5,47.05,166.95,109.6,0,ok,0
train/2-55/29.jpg,2,55,112.0,112.0,149.5,176.95,57.05,114.4,180,ok,180
train/2-55/30.jpg,2,55,112.0,112.0,74.5,47.05,166.95,109.6,0,ok,0
train/2-55/31.jpg,2,55,112.0,112.0,74.5,47.05,166.95,109.6,0,ok,0
train/2-55/32.jpg,2,55,112.0,112.0,74.5,47.05,166.95,109.6,0,ok,0
train/2-55/33.jpg,2,55,112.0,112.0,74.5,47.05,166.95,109.6,0,ok,0
train/2-55/35.jpg,2,55,112.0,112.0,149.5,176.95,57.05,114.4,180,ok,180
train/2-55/36.jpg,2,55,112.0,112.0,74.5,47.05,166.95,109.6,0,ok,0
train/2-55/38.jpg,2,55,112.0,112.0,47.05,149.5,109.6,57.05,270,ok,270
train/2-55/4.jpg,2,55,112.0,112.0,149.5,176.95,57.05,114.4,180,ok,180
train/2-55/40.jpg,2,55,112.0,112.0,74.5,47.05,166.95,109.6,0,ok,0
train/2-55/42.jpg,2,55,112.0,112.0,74.5,47.05,166.95,109.6,0,ok,0
train/2-55/43.jpg,2,55,112.0,112.0,149.5,176.95,57.05,114.4,180,ok,180
train/2-55/44.jpg,2,55,112.0,112.0,74.5,47.05,166.95,109.6,0,ok,0
train/2-55/45.jpg,2,55,112.0,112.0,47.05,149.5,109.6,57.05,270,ok,270
train/2-55/46.jpg,2,55,112.0,112.0,149.5,176.95,57.05,114.4,180,ok,180
train/2-55/47.jpg,2,55,112.0,112.0,149.5,176.95,57.05,114.4,180,ok,180
train/2-55/48.jpg,2,55,112.0,112.0,149.5,176.95,57.05,114.4,180,ok,180
train/2-55/49.jpg,2,55,112.0,112.0,74.5,47.05,166.95,109.6,0,ok,0
train/2-55/5.jpg,2,55,112.0,112.0,47.05,149.5,109.6,57.05,270,ok,270
train/2-55/55.jpg,2,55,112.0,112.0,149.5,176.95,57.05,114.4,180,ok,180
train/2-55/56.jpg,2,55,112.0,112.0,74.5,47.05,166.95,109.6,0,ok,0
train/2-55/57.jpg,2,55,112.0,112.0,74.5,47.05,166.95,109.6,0,ok,0
train/2-55/58.jpg,2,55,112.0,112.0,74.5,47.05,166.95,109.6,0,ok,0
train/2-55/60.jpg,2,55,112.0,112.0,74.5,47.05,166.95,109.6,0,ok,0
train/2-55/62.jpg,2,55,112.0,112.0,47.05,149.5,109.6,57.05,270,ok,270
train/2-55/63.jpg,2,55,112.0,112.0,74.5,47.05,166.95,109.6,0,ok,0
train/2-55/66.jpg,2,55,112.0,112.0,74.5,47.05,166.95,109.6,0,ok,0
train/2-55/67.jpg,2,55,112.0,112.0,47.05,149.5,109.6,57.05,270,ok,270
train/2-55/68.jpg,2,55,112.0,112.0,149.5,176.95,57.05,114.4,180,ok,180
train/2-55/69.jpg,2,55,112.0,112.0,149.5,176.95,57.05,114.4,180,ok,180
train/2-55/7.jpg,2,55,112.0,112.0,47.05,149.5,109.6,57.05,270,ok,270
train/2-55/70.jpg,2,55,112.0,112.0,74.5,47.05,166.95,109.6,0,ok,0
train/2-55/72.jpg,2,55,112.0,112.0,176.95,74.5,114.4,166.95,90,ok,90
train/2-55/73.jpg,2,55,112.0,112.0,74.5,47.05,166.95,109.6,0,ok,0
train/2-55/75.jpg,2,55,112.0,112.0,176.95,74.5,114.4,166.95,90,ok,90
train/2-55/76.jpg,2,55,112.0,112.0,74.5,47.05,166.95,109.6,0,ok,0
train/2-55/77.jpg,2,55,112.0,112.0,74.5,47.05,166.95,109.6,0,ok,0
train/2-55/79.jpg,2,55,112.0,112.0,149.5,176.95,57.05,114.4,180,ok,180
train/2-55/8.jpg,2,55,112.0,112.0,74.5,47.05,166.95,109.6,0,ok,0
train/2-55/80.jpg,2,55,112.0,112.0,149.5,176.95,57.05,114.4,180,ok,180
train/2-55/82.jpg,2,55,112.0,112.0,176.95,74.5,114.4,166.95,90,ok,90
train/2-55/83.jpg,2,55,112.0,112.0,74.5,47.05,166.95,109.6,0,ok,0
train/2-55/84.jpg,2,55,112.0,112.0,176.95,74.5,114.4,166.95,90,ok,90
train/2-55/85.jpg,2,55,112.0,112.0,149.5,176.95,57.05,114.4,180,ok,180
train/2-55/86.jpg,2,55,112.0,112.0,176.95,74.5,114.4,166.95,90,ok,90
train/2-55/87.jpg,2,55,112.0,112.0,47.05,149.5,109.6,57.05,270,ok,270
train/2-55/88.jpg,2,55,112.0,112.0,149.5,176.95,57.05,114.4,180,ok,180
train/2-55/89.jpg,2,55,112.0,112.0,149.5,176.95,57.05,114.4,180,ok,180
train/2-55/9.jpg,2,55,112.0,112.0,149.5,176.95,57.05,114.4,180,ok,180
train/2-55/91.jpg,2,55,112.0,112.0,149.5,176.95,57.05,114.4,180,ok,180
train/2-55/92.jpg,2,55,112.0,112.0,176.95,74.5,114.4,166.95,90,ok,90
train/2-55/93.jpg,2,55,112.0,112.0,74.5,47.05,166.95,109.6,0,ok,0
train/2-55/95.jpg,2,55,112.0,112.0,74.5,47.05,166.95,109.6,0,ok,0
train/2-55/98.jpg,2,55,112.0,112.0,47.05,149.5,109.6,57.05,270,ok,270
train/2-55/99.jpg,2,55,112.0,112.0,176.95,74.5,114.4,166.95,90,ok,90
train/3-00/0.jpg,3,0,112.0,112.0,187.0,112.0,112.0,167.0,90,ok,90
train/3-00/1.jpg,3,0,112.0,112.0,37.0,112.0,112.0,57.0,270,ok,270
train/3-00/13.jpg,3,0,112.0,112.0,112.0,37.0,167.0,112.0,0,ok,0
train/3-00/15.jpg,3,0,112.0,112.0,112.0,37.0,167.0,112.0,0,ok,0
train/3-00/17.jpg,3,0,112.0,112.0,112.0,37.0,167.0,112.0,0,ok,0
train/3-00/19.jpg,3,0,112.0,112.0,112.0,187.0,57.0,112.0,180,ok,180
train/3-00/20.jpg,3,0,112.0,112.0,112.0,187.0,57.0,112.0,180,ok,180
train/3-00/21.jpg,3,0,112.0,112.0,112.0,37.0,167.0,112.0,0,ok,0
train/3-00/22.jpg,3,0,112.0,112.0,112.0,37.0,167.0,112.0,0,ok,0
train/3-00/24.jpg,3,0,112.0,112.0,112.0,37.0,167.0,112.0,0,ok,0
train/3-00/30.jpg,3,0,112.0,112.0,112.0,37.0,167.0,112.0,0,ok,0
train/3-00/31.jpg,3,0,112.0,112.0,37.0,112.0,112.0,57.0,270,ok,270
train/3-00/32.jpg,3,0,112.0,112.0,37.0,112.0,112.0,57.0,270,ok,270
train/3-00/33.jpg,3,0,112.0,112.0,187.0,112.0,112.0,167.0,90,ok,90
train/3-00/34.jpg,3,0,112.0,112.0,112.0,37.0,167.0,112.0,0,ok,0
train/3-00/37.jpg,3,0,112.0,112.0,187.0,112.0,112.0,167.0,90,ok,90
train/3-00/38.jpg,3,0,112.0,112.0,112.0,187.0,57.0,112.0,180,ok,180
train/3-00/4.jpg,3,0,112.0,112.0,112.0,37.0,167.0,112.0,0,ok,0
train/3-00/40.jpg,3,0,112.0,112.0,112.0,187.0,57.0,112.0,180,ok,180
train/3-00/42.jpg,3,0,112.0,112.0,112.0,37.0,167.0,112.0,0,ok,0
train/3-00/45.jpg,3,0,112.0,112.0,112.0,187.0,57.0,112.0,180,ok,180
train/3-00/47.jpg,3,0,112.0,112.0,37.0,112.0,112.0,57.0,270,ok,270
train/3-00/48.jpg,3,0,112.0,112.0,112.0,187.0,57.0,112.0,180,ok,180
train/3-00/49.jpg,3,0,112.0,112.0,37.0,112.0,112.0,57.0,270,ok,270
train/3-00/50.jpg,3,0,112.0,112.0,37.0,112.0,112.0,57.0,270,ok,270
train/3-00/51.jpg,3,0,112.0,112.0,112.0,37.0,167.0,112.0,0,ok,0
train/3-00/52.jpg,3,0,112.0,112.0,37.0,112.0,112.0,57.0,270,ok,270
train/3-00/55.jpg,3,0,112.0,112.0,112.0,37.0,167.0,112.0,0,ok,0
train/3-00/56.jpg,3,0,112.0,112.0,187.0,112.0,112.0,167.0,90,ok,90
train/3-00/59.jpg,3,0,112.0,112.0,187.0,112.0,112.0,167.0,90,ok,90
train/3-00/60.jpg,3,0,112.0,112.0,112.0,37.0,167.0,112.0,0,ok,0
train/3-00/61.jpg,3,0,112.0,112.0,112.0,37.0,167.0,112.0,0,ok,0
train/3-00/62.jpg,3,0,112.0,112.0,112.0,187.0,57.0,112.0,180,ok,180
train/3-00/63.jpg,3,0,112.0,112.0,187.0,112.0,112.0,167.0,90,ok,90
train/3-00/64.jpg,3,0,112.0,112.0,112.0,37.0,167.0,112.0,0,ok,0
train/3-00/66.jpg,3,0,112.0,112.0,37.0,112.0,112.0,57.0,270,ok,270
train/3-00/68.jpg,3,0,112.0,112.0,187.0,112.0,112.0,167.0,90,ok,90
train/3-00/69.jpg,3,0,112.0,112.0,112.0,37.0,167.0,112.0,0,ok,0
train/3-00/7.jpg,3,0,112.0,112.0,112.0,37.0,167.0,112.0,0,ok,0
train/3-00/72.jpg,3,0,112.0,112.0,187.0,112.0,112.0,167.0,90,ok,90
train/3-00/74.jpg,3,0,112.0,112.0,112.0,37.0,167.0,112.0,0,ok,0
train/3-00/75.jpg,3,0,112.0,112.0,112.0,187.0,57.0,112.0,180,ok,180
train/3-00/76.jpg,3,0,112.0,112.0,112.0,187.0,57.0,112.0,180,ok,180
train/3-00/78.jpg,3,0,112.0,112.0,112.0,37.0,167.0,112.0,0,ok,0
train/3-00/80.jpg,3,0,112.0,112.0,37.0,112.0,112.0,57.0,270,ok,270
train/3-00/82.jpg,3,0,112.0,112.0,37.0,112.0,112.0,57.0,270,ok,270
train/3-00/83.jpg,3,0,112.0,112.0,112.0,37.0,167.0,112.0,0,ok,0
train/3-00/84.jpg,3,0,112.0,112.0,112.0,187.0,57.0,112.0,180,ok,180
train/3-00/86.jpg,3,0,112.0,112.0,112.0,37.0,167.0,112.0,0,ok,0
train/3-00/87.jpg,3,0,112.0,112.0,112.0,187.0,57.0,112.0,180,ok,180
train/3-00/88.jpg,3,0,112.0,112.0,112.0,37.0,167.0,112.0,0,ok,0
train/3-00/89.jpg,3,0,112.0,112.0,112.0,37.0,167.0,112.0,0,ok,0
train/3-00/9.jpg,3,0,112.0,112.0,112.0,187.0,57.0,112.0,180,ok,180
train/3-00/91.jpg,3,0,112.0,112.0,112.0,37.0,167.0,112.0,0,ok,0
train/3-00/92.jpg,3,0,112.0,112.0,112.0,37.0,167.0,112.0,0,ok,0
train/3-00/93.jpg,3,0,112.0,112.0,187.0,112.0,112.0,167.0,90,ok,90
train/3-00/95.jpg,3,0,112.0,112.0,112.0,37.0,167.0,112.0,0,ok,0
train/3-00/96.jpg,3,0,112.0,112.0,112.0,187.0,57.0,112.0,180,ok,180
train/3-00/97.jpg,3,0,112.0,112.0,112.0,187.0,57.0,112.0,180,ok,180
train/3-00/98.jpg,3,0,112.0,112.0,112.0,37.0,167.0,112.0,0,ok,0
train/3-00/99.jpg,3,0,112.0,112.0,112.0,37.0,167.0,112.0,0,ok,0
train/3-05/0.jpg,3,5,112.0,112.0,176.95,149.5,109.6,166.95,90,ok,90
train/3-05/10.jpg,3,5,112.0,112.0,149.5,47.05,166.95,114.4,0,ok,0
train/3-05/12.jpg,3,5,112.0,112.0,176.95,149.5,109.6,166.95,90,ok,90
train/3-05/13.jpg,3,5,112.0,112.0,149.5,47.05,166.95,114.4,0,ok,0
train/3-05/15.jpg,3,5,112.0,112.0,149.5,47.05,166.95,114.4,0,ok,0
train/3-05/17.jpg,3,5,112.0,112.0,149.5,47.05,166.95,114.4,0,ok,0
train/3-05/18.jpg,3,5,112.0,112.0,149.5,47.05,166.95,114.4,0,ok,0
train/3-05/19.jpg,3,5,112.0,112.0,47.05,74.5,114.4,57.05,270,ok,270
train/3-05/2.jpg,3,5,112.0,112.0,149.5,47.05,166.95,114.4,0,ok,0
train/3-05/21.jpg,3,5,112.0,112.0,149.5,47.05,166.95,114.4,0,ok,0
train/3-05/25.jpg,3,5,112.0,112.0,74.5,176.95,57.05,109.6,180,ok,180
train/3-05/27.jpg,3,5,112.0,112.0,47.05,74.5,114.4,57.05,270,ok,270
train/3-05/28.jpg,3,5,112.0,112.0,149.5,47.05,166.95,114.4,0,ok,0
train/3-05/31.jpg,3,5,112.0,112.0,149.5,47.05,166.95,114.4,0,ok,0
train/3-05/33.jpg,3,5,112.0,112.0,149.5,47.05,166.95,114.4,0,ok,0
train/3-05/34.jpg,3,5,112.0,112.0,47.05,74.5,114.4,57.05,270,ok,270
train/3-05/36.jpg,3,5,112.0,112.0,149.5,47.05,166.95,114.4,0,ok,0
train/3-05/42.jpg,3,5,112.0,112.0,47.05,74.5,114.4,57.05,270,ok,270
train/3-05/44.jpg,3,5,112.0,112.0,149.5,47.05,166.95,114.4,0,ok,0
train/3-05/46.jpg,3,5,112.0,112.0,149.5,47.05,166.95,114.4,0,ok,0
train/3-05/48.jpg,3,5,112.0,112.0,176.95,149.5,109.6,166.95,90,ok,90
train/3-05/49.jpg,3,5,112.0,112.0,149.5,47.05,166.95,114.4,0,ok,0
train/3-05/5.jpg,3,5,112.0,112.0,149.5,47.05,166.95,114.4,0,ok,0
train/3-05/52.jpg,3,5,112.0,112.0,74.5,176.95,57.05,109.6,180,ok,180
train/3-05/55.jpg,3,5,112.0,112.0,47.05,74.5,114.4,57.05,270,ok,270
train/3-05/56.jpg,3,5,112.0,112.0,149.5,47.05,166.95,114.4,0,ok,0
train/3-05/57.jpg,3,5,112.0,112.0,149.5,47.05,166.95,114.4,0,ok,0
train/3-05/62.jpg,3,5,112.0,112.0,74.5,176.95,57.05,109.6,180,ok,180
train/3-05/63.jpg,3,5,112.0,112.0,149.5,47.05,166.95,114.4,0,ok,0
train/3-05/66.jpg,3,5,112.0,112.0,149.5,47.05,166.95,114.4,0,ok,0
train/3-05/67.jpg,3,5,112.0,112.0,149.5,47.05,166.95,114.4,0,ok,0
train/3-05/69.jpg,3,5,112.0,112.0,149.5,47.05,166.95,114.4,0,ok,0
train/3-05/7.jpg,3,5,112.0,112.0,176.95,149.5,109.6,166.95,90,ok,90
train/3-05/70.jpg,3,5,112.0,112.0,176.95,149.5,109.6,166.95,90,ok,90
train/3-05/71.jpg,3,5,112.0,112.0,149.5,47.05,166.95,114.4,0,ok,0
train/3-05/72.jpg,3,5,112.0,112.0,149.5,47.05,166.95,114.4,0,ok,0
train/3-05/73.jpg,3,5,112.0,112.0,74.5,176.95,57.05,109.6,180,ok,180
train/3-05/74.jpg,3,5,112.0,112.0,74.5,176.95,57.05,109.6,180,ok,180
train/3-05/75.jpg,3,5,112.0,112.0,176.95,149.5,109.6,166.95,90,ok,90
train/3-05/76.jpg,3,5,112.0,112.0,149.5,47.05,166.95,114.4,0,ok,0
train/3-05/78.jpg,3,5,112.0,112.0,176.95,149.5,109.6,166.95,90,ok,90
train/3-05/79.jpg,3,5,112.0,112.0,149.5,47.05,166.95,114.4,0,ok,0
train/3-05/82.jpg,3,5,112.0,112.0,149.5,47.05,166.95,114.4,0,ok,0
train/3-05/83.jpg,3,5,112.0,112.0,176.95,149.5,109.6,166.95,90,ok,90
train/3-05/84.jpg,3,5,112.0,112.0,149.5,47.05,166.95,114.4,0,ok,0
train/3-05/87.jpg,3,5,112.0,112.0,47.05,74.5,114.4,57.05,270,ok,270
train/3-05/88.jpg,3,5,112.0,112.0,176.95,149.5,109.6,166.95,90,ok,90
train/3-05/89.jpg,3,5,112.0,112.0,149.5,47.05,166.95,114.4,0,ok,0
train/3-05/9.jpg,3,5,112.0,112.0,176.95,149.5,109.6,166.95,90,ok,90
train/3-05/91.jpg,3,5,112.0,112.0,149.5,47.05,166.95,114.4,0,ok,0
train/3-05/93.jpg,3,5,112.0,112.0,149.5,47.05,166.95,114.4,0,ok,0
train/3-05/94.jpg,3,5,112.0,112.0,74.5,176.95,57.05,109.6,180,ok,180
train/3-05/95.jpg,3,5,112.0,112.0,149.5,47.05,166.95,114.4,0,ok,0
train/3-05/97.jpg,3,5,112.0,112.0,149.5,47.05,166.95,114.4,0,ok,0
train/3-05/98.jpg,3,5,112.0,112.0,149.5,47.05,166.95,114.4,0,ok,0
train/3-10/1.jpg,3,10,112.0,112.0,176.95,74.5,166.79,116.79,0,ok,0
train/3-10/10.jpg,3,10,112.0,112.0,176.95,74.5,166.79,116.79,0,ok,0
train/3-10/12.jpg,3,10,112.0,112.0,47.05,149.5,57.21,107.21,180,ok,180
train/3-10/15.jpg,3,10,112.0,112.0,176.95,74.5,166.79,116.79,0,ok,0
train/3-10/16.jpg,3,10,112.0,112.0,47.05,149.5,57.21,107.21,180,ok,180
train/3-10/17.jpg,3,10,112.0,112.0,47.05,149.5,57.21,107.21,180,ok,180
train/3-10/19.jpg,3,10,112.0,112.0,47.05,149.5,57.21,107.21,180,ok,180
train/3-10/2.jpg,3,10,112.0,112.0,176.95,74.5,166.79,116.79,0,ok,0
train/3-10/20.jpg,3,10,112.0,112.0,149.5,176.95,107.21,166.79,90,ok,90
train/3-10/21.jpg,3,10,112.0,112.0,176.95,74.5,166.79,116.79,0,ok,0
train/3-10/23.jpg,3,10,112.0,112.0,74.5,47.05,116.79,57.21,270,ok,270
train/3-10/24.jpg,3,10,112.0,112.0,176.95,74.5,166.79,116.79,0,ok,0
train/3-10/25.jpg,3,10,112.0,112.0,176.95,74.5,166.79,116.79,0,ok,0
train/3-10/27.jpg,3,10,112.0,112.0,176.95,74.5,166.79,116.79,0,ok,0
train/3-10/29.jpg,3,10,112.0,112.0,176.95,74.5,166.79,116.79,0,ok,0
train/3-10/3.jpg,3,10,112.0,112.0,176.95,74.5,166.79,116.79,0,ok,0
train/3-10/31.jpg,3,10,112.0,112.0,149.5,176.95,107.21,166.79,90,ok,90
train/3-10/32.jpg,3,10,112.0,112.0,176.95,74.5,166.79,116.79,0,ok,0
train/3-10/33.jpg,3,10,112.0,112.0,47.05,149.5,57.21,107.21,180,ok,180
train/3-10/34.jpg,3,10,112.0,112.0,176.95,74.5,166.79,116.79,0,ok,0
train/3-10/37.jpg,3,10,112.0,112.0,149.5,176.95,107.21,166.79,90,ok,90
train/3-10/38.jpg,3,10,112.0,112.0,176.95,74.5,166.79,116.79,0,ok,0
train/3-10/4.jpg,3,10,112.0,112.0,149.5,176.95,107.21,166.79,90,ok,90
train/3-10/42.jpg,3,10,112.0,112.0,176.95,74.5,166.79,116.79,0,ok,0
train/3-10/44.jpg,3,10,112.0,112.0,176.95,74.5,166.79,116.79,0,ok,0
train/3-10/46.jpg,3,10,112.0,112.0,176.95,74.5,166.79,116.79,0,ok,0
train/3-10/47.jpg,3,10,112.0,112.0,176.95,74.5,166.79,116.79,0,ok,0
train/3-10/48.jpg,3,10,112.0,112.0,176.95,74.5,166.79,116.79,0,ok,0
train/3-10/49.jpg,3,10,112.0,112.0,176.95,74.5,166.79,116.79,0,ok,0
train/3-10/51.jpg,3,10,112.0,112.0,149.5,176.95,107.21,166.79,90,ok,90
train/3-10/56.jpg,3,10,112.0,112.0,149.5,176.95,107.21,166.79,90,ok,90
train/3-10/57.jpg,3,10,112.0,112.0,149.5,176.95,107.21,166.79,90,ok,90
train/3-10/60.jpg,3,10,112.0,112.0,47.05,149.5,57.21,107.21,180,ok,180
train/3-10/61.jpg,3,10,112.0,112.0,74.5,47.05,116.79,57.21,270,ok,270
train/3-10/63.jpg,3,10,112.0,112.0,176.95,74.5,166.79,116.79,0,ok,0
train/3-10/66.jpg,3,10,112.0,112.0,176.95,74.5,166.79,116.79,0,ok,0
train/3-10/67.jpg,3,10,112.0,112.0,176.95,74.5,166.79,116.79,0,ok,0
train/3-10/68.jpg,3,10,112.0,112.0,74.5,47.05,116.79,57.21,270,ok,270
train/3-10/69.jpg,3,10,112.0,112.0,74.5,47.05,116.79,57.21,270,ok,270
train/3-10/7.jpg,3,10,112.0,112.0,176.95,74.5,166.79,116.79,0,ok,0
train/3-10/70.jpg,3,10,112.0,112.0,176.95,74.5,166.79,116.79,0,ok,0
train/3-10/73.jpg,3,10,112.0,112.0,47.05,149.5,57.21,107.21,180,ok,180
train/3-10/74.jpg,3,10,112.0,112.0,176.95,74.5,166.79,116.79,0,ok,0
train/3-10/75.jpg,3,10,112.0,112.0,176.95,74.5,166.79,116.79,0,ok,0
train/3-10/76.jpg,3,10,112.0,112.0,47.05,149.5,57.21,107.21,180,ok,180
train/3-10/78.jpg,3,10,112.0,112.0,176.95,74.5,166.79,116.79,0,ok,0
train/3-10/8.jpg,3,10,112.0,112.0,47.05,149.5,57.21,107.21,180,ok,180
train/3-10/80.jpg,3,10,112.0,112.0,149.5,176.95,107.21,166.79,90,ok,90
train/3-10/81.jpg,3,10,112.0,112.0,74.5,47.05,116.79,57.21,270,ok,270
train/3-10/82.jpg,3,10,112.0,112.0,176.95,74.5,166.79,116.79,0,ok,0
train/3-10/84.jpg,3,10,112.0,112.0,149.5,176.95,107.21,166.79,90,ok,90
train/3-10/85.jpg,3,10,112.0,112.0,74.5,47.05,116.79,57.21,270,ok,270
train/3-10/86.jpg,3,10,112.0,112.0,47.05,149.5,57.21,107.21,180,ok,180
train/3-10/88.jpg,3,10,112.0,112.0,176.95,74.5,166.79,116.79,0,ok,0
train/3-10/89.jpg,3,10,112.0,112.0,176.95,74.5,166.79,116.79,0,ok,0
train/3-10/9.jpg,3,10,112.0,112.0,176.95,74.5,166.79,116.79,0,ok,0
train/3-10/91.jpg,3,10,112.0,112.0,74.5,47.05,116.79,57.21,270,ok,270
train/3-10/92.jpg,3,10,112.0,112.0,176.95,74.5,166.79,116.79,0,ok,0
train/3-10/93.jpg,3,10,112.0,112.0,176.95,74.5,166.79,116.79,0,ok,0
train/3-10/95.jpg,3,10,112.0,112.0,47.05,149.5,57.21,107.21,180,ok,180
train/3-10/96.jpg,3,10,112.0,112.0,176.95,74.5,166.79,116.79,0,ok,0
train/3-10/97.jpg,3,10,112.0,112.0,176.95,74.5,166.79,116.79,0,ok,0
train/3-10/98.jpg,3,10,112.0,112.0,176.95,74.5,166.79,116.79,0,ok,0
train/3-10/99.jpg,3,10,112.0,112.0,176.95,74.5,166.79,116.79,0,ok,0
train/3-15/10.jpg,3,15,112.0,112.0,187.0,112.0,166.53,119.18,0,ok,0
train/3-15/12.jpg,3,15,112.0,112.0,112.0,37.0,119.18,57.47,270,ok,270
train/3-15/15.jpg,3,15,112.0,112.0,187.0,112.0,166.53,119.18,0,ok,0
train/3-15/16.jpg,3,15,112.0,112.0,112.0,37.0,119.18,57.47,270,ok,270
train/3-15/17.jpg,3,15,112.0,112.0,37.0,112.0,57.47,104.82,180,ok,180
train/3-15/18.jpg,3,15,112.0,112.0,112.0,37.0,119.18,57.47,270,ok,270
train/3-15/19.jpg,3,15,112.0,112.0,112.0,37.0,119.18,57.47,270,ok,270
train/3-15/2.jpg,3,15,112.0,112.0,112.0,187.0,104.82,166.53,90,ok,90
train/3-15/20.jpg,3,15,112.0,112.0,187.0,112.0,166.53,119.18,0,ok,0
train/3-15/26.jpg,3,15,112.0,112.0,112.0,187.0,104.82,166.53,90,ok,90
train/3-15/27.jpg,3,15,112.0,112.0,37.0,112.0,57.47,104.82,180,ok,180
train/3-15/28.jpg,3,15,112.0,112.0,112.0,187.0,104.82,166.53,90,ok,90
train/3-15/29.jpg,3,15,112.0,112.0,187.0,112.0,166.53,119.18,0,ok,0
train/3-15/30.jpg,3,15,112.0,112.0,187.0,112.0,166.53,119.18,0,ok,0
train/3-15/31.jpg,3,15,112.0,112.0,112.0,37.0,119.18,57.47,270,ok,270
train/3-15/32.jpg,3,15,112.0,112.0,187.0,112.0,166.53,119.18,0,ok,0
train/3-15/33.jpg,3,15,112.0,112.0,112.0,37.0,119.18,57.47,270,ok,270
train/3-15/34.jpg,3,15,112.0,112.0,112.0,37.0,119.18,57.47,270,ok,270
train/3-15/38.jpg,3,15,112.0,112.0,187.0,112.0,166.53,119.18,0,ok,0
train/3-15/4.jpg,3,15,112.0,112.0,187.0,112.0,166.53,119.18,0,ok,0
train/3-15/40.jpg,3,15,112.0,112.0,112.0,37.0,119.18,57.47,270,ok,270
train/3-15/42.jpg,3,15,112.0,112.0,187.0,112.0,166.53,119.18,0,ok,0
train/3-15/44.jpg,3,15,112.0,112.0,112.0,187.0,104.82,166.53,90,ok,90
train/3-15/45.jpg,3,15,112.0,112.0,112.0,187.0,104.82,166.53,90,ok,90
train/3-15/46.jpg,3,15,112.0,112.0,187.0,112.0,166.53,119.18,0,ok,0
train/3-15/47.jpg,3,15,112.0,112.0,187.0,112.0,166.53,119.18,0,ok,0
train/3-15/48.jpg,3,15,112.0,112.0,112.0,187.0,104.82,166.53,90,ok,90
train/3-15/49.jpg,3,15,112.0,112.0,187.0,112.0,166.53,119.18,0,ok,0
train/3-15/50.jpg,3,15,112.0,112.0,112.0,187.0,104.82,166.53,90,ok,90
train/3-15/52.jpg,3,15,112.0,112.0,37.0,112.0,57.47,104.82,180,ok,180
train/3-15/55.jpg,3,15,112.0,112.0,112.0,187.0,104.82,166.53,90,ok,90
train/3-15/56.jpg,3,15,112.0,112.0,112.0,37.0,119.18,57.47,270,ok,270
train/3-15/61.jpg,3,15,112.0,112.0,112.0,37.0,119.18,57.47,270,ok,270
train/3-15/62.jpg,3,15,112.0,112.0,37.0,112.0,57.47,104.82,180,ok,180
train/3-15/63.jpg,3,15,112.0,112.0,187.0,112.0,166.53,119.18,0,ok,0
train/3-15/64.jpg,3,15,112.0,112.0,187.0,112.0,166.53,119.18,0,ok,0
train/3-15/69.jpg,3,15,112.0,112.0,112.0,187.0,104.82,166.53,90,ok,90
train/3-15/7.jpg,3,15,112.0,112.0,187.0,112.0,166.53,119.18,0,ok,0
train/3-15/72.jpg,3,15,112.0,112.0,187.0,112.0,166.53,119.18,0,ok,0
train/3-15/73.jpg,3,15,112.0,112.0,112.0,187.0,104.82,166.53,90,ok,90
train/3-15/74.jpg,3,15,112.0,112.0,187.0,112.0,166.53,119.18,0,ok,0
train/3-15/75.jpg,3,15,112.0,112.0,112.0,37.0,119.18,57.47,270,ok,270
train/3-15/76.jpg,3,15,112.0,112.0,37.0,112.0,57.47,104.82,180,ok,180
train/3-15/80.jpg,3,15,112.0,112.0,187.0,112.0,166.53,119.18,0,ok,0
train/3-15/82.jpg,3,15,112.0,112.0,187.0,112.0,166.53,119.18,0,ok,0
train/3-15/83.jpg,3,15,112.0,112.0,112.0,37.0,119.18,57.47,270,ok,270
train/3-15/84.jpg,3,15,112.0,112.0,112.0,37.0,119.18,57.47,270,ok,270
train/3-15/86.jpg,3,15,112.0,112.0,112.0,37.0,119.18,57.47,270,ok,270
train/3-15/87.jpg,3,15,112.0,112.0,37.0,112.0,57.47,104.82,180,ok,180
train/3-15/88.jpg,3,15,112.0,112.0,112.0,187.0,104.82,166.53,90,ok,90
train/3-15/89.jpg,3,15,112.0,112.0,37.0,112.0,57.47,104.82,180,ok,180
train/3-15/9.jpg,3,15,112.0,112.0,112.0,187.0,104.82,166.53,90,ok,90
train/3-15/90.jpg,3,15,112.0,112.0,187.0,112.0,166.53,119.18,0,ok,0
train/3-15/91.jpg,3,15,112.0,112.0,112.0,37.0,119.18,57.47,270,ok,270
train/3-15/92.jpg,3,15,112.0,112.0,187.0,112.0,166.53,119.18,0,ok,0
train/3-15/93.jpg,3,15,112.0,112.0,187.0,112.0,166.53,119.18,0,ok,0
train/3-15/95.jpg,3,15,112.0,112.0,112.0,37.0,119.18,57.47,270,ok,270
train/3-15/96.jpg,3,15,112.0,112.0,187.0,112.0,166.53,119.18,0,ok,0
train/3-15/97.jpg,3,15,112.0,112.0,37.0,112.0,57.47,104.82,180,ok,180
train/3-15/98.jpg,3,15,112.0,112.0,187.0,112.0,166.53,119.18,0,ok,0
train/3-20/0.jpg,3,20,112.0,112.0,176.95,149.5,166.16,121.55,0,ok,0
train/3-20/1.jpg,3,20,112.0,112.0,47.05,74.5,57.84,102.45,180,ok,180
train/3-20/12.jpg,3,20,112.0,112.0,149.5,47.05,121.55,57.84,270,ok,270
train/3-20/17.jpg,3,20,112.0,112.0,149.5,47.05,121.55,57.84,270,ok,270
train/3-20/19.jpg,3,20,112.0,112.0,176.95,149.5,166.16,121.55,0,ok,0
train/3-20/20.jpg,3,20,112.0,112.0,176.95,149.5,166.16,121.55,0,ok,0
train/3-20/23.jpg,3,20,112.0,112.0,176.95,149.5,166.16,121.55,0,ok,0
train/3-20/24.jpg,3,20,112.0,112.0,149.5,47.05,121.55,57.84,270,ok,270
train/3-20/27.jpg,3,20,112.0,112.0,47.05,74.5,57.84,102.45,180,ok,180
train/3-20/29.jpg,3,20,112.0,112.0,47.05,74.5,57.84,102.45,180,ok,180
train/3-20/30.jpg,3,20,112.0,112.0,149.5,47.05,121.55,57.84,270,ok,270
train/3-20/31.jpg,3,20,112.0,112.0,176.95,149.5,166.16,121.55,0,ok,0
train/3-20/34.jpg,3,20,112.0,112.0,47.05,74.5,57.84,102.45,180,ok,180
train/3-20/35.jpg,3,20,112.0,112.0,74.5,176.95,102.45,166.16,90,ok,90
train/3-20/36.jpg,3,20,112.0,112.0,176.95,149.5,166.16,121.55,0,ok,0
train/3-20/37.jpg,3,20,112.0,112.0,176.95,149.5,166.16,121.55,0,ok,0
train/3-20/38.jpg,3,20,112.0,112.0,47.05,74.5,57.84,102.45,180,ok,180
train/3-20/4.jpg,3,20,112.0,112.0,176.95,149.5,166.16,121.55,0,ok,0
train/3-20/40.jpg,3,20,112.0,112.0,74.5,176.95,102.45,166.16,90,ok,90
train/3-20/42.jpg,3,20,112.0,112.0,74.5,176.95,102.45,166.16,90,ok,90
train/3-20/43.jpg,3,20,112.0,112.0,74.5,176.95,102.45,166.16,90,ok,90
train/3-20/44.jpg,3,20,112.0,112.0,47.05,74.5,57.84,102.45,180,ok,180
train/3-20/46.jpg,3,20,112.0,112.0,74.5,176.95,102.45,166.16,90,ok,90
train/3-20/47.jpg,3,20,112.0,112.0,176.95,149.5,166.16,121.55,0,ok,0
train/3-20/48.jpg,3,20,112.0,112.0,176.95,149.5,166.16,121.55,0,ok,0
train/3-20/49.jpg,3,20,112.0,112.0,149.5,47.05,121.55,57.84,270,ok,270
train/3-20/5.jpg,3,20,112.0,112.0,176.95,149.5,166.16,121.55,0,ok,0
train/3-20/52.jpg,3,20,112.0,112.0,149.5,47.05,121.55,57.84,270,ok,270
train/3-20/53.jpg,3,20,112.0,112.0,74.5,176.95,102.45,166.16,90,ok,90
train/3-20/56.jpg,3,20,112.0,112.0,149.5,47.05,121.55,57.84,270,ok,270
train/3-20/60.jpg,3,20,112.0,112.0,176.95,149.5,166.16,121.55,0,ok,0
train/3-20/62.jpg,3,20,112.0,112.0,47.05,74.5,57.84,102.45,180,ok,180
train/3-20/63.jpg,3,20,112.0,112.0,149.5,47.05,121.55,57.84,270,ok,270
train/3-20/64.jpg,3,20,112.0,112.0,74.5,176.95,102.45,166.16,90,ok,90
train/3-20/66.jpg,3,20,112.0,112.0,47.05,74.5,57.84,102.45,180,ok,180
train/3-20/67.jpg,3,20,112.0,112.0,176.95,149.5,166.16,121.55,0,ok,0
train/3-20/69.jpg,3,20,112.0,112.0,74.5,176.95,102.45,166.16,90,ok,90
train/3-20/7.jpg,3,20,112.0,112.0,47.05,74.5,57.84,102.45,180,ok,180
train/3-20/71.jpg,3,20,112.0,112.0,176.95,149.5,166.16,121.55,0,ok,0
train/3-20/72.jpg,3,20,112.0,112.0,149.5,47.05,121.55,57.84,270,ok,270
train/3-20/74.jpg,3,20,112.0,112.0,176.95,149.5,166.16,121.55,0,ok,0
train/3-20/75.jpg,3,20,112.0,112.0,176.95,149.5,166.16,121.55,0,ok,0
train/3-20/76.jpg,3,20,112.0,112.0,47.05,74.5,57.84,102.45,180,ok,180
train/3-20/8.jpg,3,20,112.0,112.0,176.95,149.5,166.16,121.55,0,ok,0
train/3-20/80.jpg,3,20,112.0,112.0,176.95,149.5,166.16,121.55,0,ok,0
train/3-20/82.jpg,3,20,112.0,112.0,47.05,74.5,57.84,102.45,180,ok,180
train/3-20/83.jpg,3,20,112.0,112.0,176.95,149.5,166.16,121.55,0,ok,0
train/3-20/84.jpg,3,20,112.0,112.0,47.05,74.5,57.84,102.45,180,ok,180
train/3-20/86.jpg,3,20,112.0,112.0,176.95,149.5,166.16,121.55,0,ok,0
train/3-20/88.jpg,3,20,112.0,112.0,47.05,74.5,57.84,102.45,180,ok,180
train/3-20/89.jpg,3,20,112.0,112.0,176.95,149.5,166.16,121.55,0,ok,0
train/3-20/9.jpg,3,20,112.0,112.0,74.5,176.95,102.45,166.16,90,ok,90
train/3-20/90.jpg,3,20,112.0,112.0,176.95,149.5,166.16,121.55,0,ok,0
train/3-20/92.jpg,3,20,112.0,112.0,176.95,149.5,166.16,121.55,0,ok,0
train/3-20/93.jpg,3,20,112.0,112.0,176.95,149.5,166.16,121.55,0,ok,0
train/3-20/95.jpg,3,20,112.0,112.0,149.5,47.05,121.55,57.84,270,ok,270
train/3-20/96.jpg,3,20,112.0,112.0,176.95,149.5,166.16,121.55,0,ok,0
train/3-20/97.jpg,3,20,112.0,112.0,176.95,149.5,166.16,121.55,0,ok,0
train/3-20/98.jpg,3,20,112.0,112.0,149.5,47.05,121.55,57.84,270,ok,270
train/3-25/0.jpg,3,25,112.0,112.0,176.95,74.5,123.9,58.3,270,ok,270
train/3-25/1.jpg,3,25,112.0,112.0,149.5,176.95,165.7,123.9,0,ok,0
train/3-25/10.jpg,3,25,112.0,112.0,149.5,176.95,165.7,123.9,0,ok,0
train/3-25/12.jpg,3,25,112.0,112.0,149.5,176.95,165.7,123.9,0,ok,0
train/3-25/13.jpg,3,25,112.0,112.0,74.5,47.05,58.3,100.1,180,ok,180
train/3-25/15.jpg,3,25,112.0,112.0,47.05,149.5,100.1,165.7,90,ok,90
train/3-25/17.jpg,3,25,112.0,112.0,149.5,176.95,165.7,123.9,0,ok,0
train/3-25/18.jpg,3,25,112.0,112.0,74.5,47.05,58.3,100.1,180,ok,180
train/3-25/2.jpg,3,25,112.0,112.0,149.5,176.95,165.7,123.9,0,ok,0
train/3-25/20.jpg,3,25,112.0,112.0,149.5,176.95,165.7,123.9,0,ok,0
train/3-25/21.jpg,3,25,112.0,112.0,74.5,47.05,58.3,100.1,180,ok,180
train/3-25/24.jpg,3,25,112.0,112.0,176.95,74.5,123.9,58.3,270,ok,270
train/3-25/26.jpg,3,25,112.0,112.0,149.5,176.95,165.7,123.9,0,ok,0
train/3-25/27.jpg,3,25,112.0,112.0,149.5,176.95,165.7,123.9,0,ok,0
train/3-25/28.jpg,3,25,112.0,112.0,74.5,47.05,58.3,100.1,180,ok,180
train/3-25/30.jpg,3,25,112.0,112.0,149.5,176.95,165.7,123.9,0,ok,0
train/3-25/33.jpg,3,25,112.0,112.0,149.5,176.95,165.7,123.9,0,ok,0
train/3-25/34.jpg,3,25,112.0,112.0,74.5,47.05,58.3,100.1,180,ok,180
train/3-25/35.jpg,3,25,112.0,112.0,74.5,47.05,58.3,100.1,180,ok,180
train/3-25/4.jpg,3,25,112.0,112.0,149.5,176.95,165.7,123.9,0,ok,0
train/3-25/42.jpg,3,25,112.0,112.0,74.5,47.05,58.3,100.1,180,ok,180
train/3-25/45.jpg,3,25,112.0,112.0,47.05,149.5,100.1,165.7,90,ok,90
train/3-25/46.jpg,3,25,112.0,112.0,149.5,176.95,165.7,123.9,0,ok,0
train/3-25/48.jpg,3,25,112.0,112.0,176.95,74.5,123.9,58.3,270,ok,270
train/3-25/49.jpg,3,25,112.0,112.0,149.5,176.95,165.7,123.9,0,ok,0
train/3-25/5.jpg,3,25,112.0,112.0,74.5,47.05,58.3,100.1,180,ok,180
train/3-25/50.jpg,3,25,112.0,112.0,149.5,176.95,165.7,123.9,0,ok,0
train/3-25/51.jpg,3,25,112.0,112.0,176.95,74.5,123.9,58.3,270,ok,270
train/3-25/52.jpg,3,25,112.0,112.0,47.05,149.5,100.1,165.7,90,ok,90
train/3-25/53.jpg,3,25,112.0,112.0,47.05,149.5,100.1,165.7,90,ok,90
train/3-25/55.jpg,3,25,112.0,112.0,176.95,74.5,123.9,58.3,270,ok,270
train/3-25/56.jpg,3,25,112.0,112.0,176.95,74.5,123.9,58.3,270,ok,270
train/3-25/57.jpg,3,25,112.0,112.0,149.5,176.95,165.7,123.9,0,ok,0
train/3-25/59.jpg,3,25,112.0,112.0,47.05,149.5,100.1,165.7,90,ok,90
train/3-25/6.jpg,3,25,112.0,112.0,149.5,176.95,165.7,123.9,0,ok,0
train/3-25/62.jpg,3,25,112.0,112.0,149.5,176.95,165.7,123.9,0,ok,0
train/3-25/64.jpg,3,25,112.0,112.0,149.5,176.95,165.7,123.9,0,ok,0
train/3-25/66.jpg,3,25,112.0,112.0,149.5,176.95,165.7,123.9,0,ok,0
train/3-25/68.jpg,3,25,112.0,112.0,47.05,149.5,100.1,165.7,90,ok,90
train/3-25/72.jpg,3,25,112.0,112.0,176.95,74.5,123.9,58.3,270,ok,270
train/3-25/73.jpg,3,25,112.0,112.0,149.5,176.95,165.7,123.9,0,ok,0
train/3-25/74.jpg,3,25,112.0,112.0,149.5,176.95,165.7,123.9,0,ok,0
train/3-25/75.jpg,3,25,112.0,112.0,149.5,176.95,165.7,123.9,0,ok,0
train/3-25/76.jpg,3,25,112.0,112.0,149.5,176.95,165.7,123.9,0,ok,0
train/3-25/79.jpg,3,25,112.0,112.0,74.5,47.05,58.3,100.1,180,ok,180
train/3-25/80.jpg,3,25,112.0,112.0,74.5,47.05,58.3,100.1,180,ok,180
train/3-25/82.jpg,3,25,112.0,112.0,149.5,176.95,165.7,123.9,0,ok,0
train/3-25/83.jpg,3,25,112.0,112.0,74.5,47.05,58.3,100.1,180,ok,180
train/3-25/87.jpg,3,25,112.0,112.0,149.5,176.95,165.7,123.9,0,ok,0
train/3-25/88.jpg,3,25,112.0,112.0,149.5,176.95,165.7,123.9,0,ok,0
train/3-25/9.jpg,3,25,112.0,112.0,149.5,176.95,165.7,123.9,0,ok,0
train/3-25/92.jpg,3,25,112.0,112.0,176.95,74.5,123.9,58.3,270,ok,270
train/3-25/93.jpg,3,25,112.0,112.0,149.5,176.95,165.7,123.9,0,ok,0
train/3-25/95.jpg,3,25,112.0,112.0,47.05,149.5,100.1,165.7,90,ok,90
train/3-25/97.jpg,3,25,112.0,112.0,47.05,149.5,100.1,165.7,90,ok,90
train/3-25/98.jpg,3,25,112.0,112.0,149.5,176.95,165.7,123.9,0,ok,0
train/3-25/99.jpg,3,25,112.0,112.0,47.05,149.5,100.1,165.7,90,ok,90
train/3-30/0.jpg,3,30,112.0,112.0,112.0,37.0,58.87,97.76,180,ok,180
train/3-30/1.jpg,3,30,112.0,112.0,112.0,187.0,165.13,126.24,0,ok,0
train/3-30/10.jpg,3,30,112.0,112.0,112.0,187.0,165.13,126.24,0,ok,0
train/3-30/13.jpg,3,30,112.0,112.0,112.0,187.0,165.13,126.24,0,ok,0
train/3-30/15.jpg,3,30,112.0,112.0,112.0,187.0,165.13,126.24,0,ok,0
train/3-30/17.jpg,3,30,112.0,112.0,112.0,187.0,165.13,126.24,0,ok,0
train/3-30/19.jpg,3,30,112.0,112.0,112.0,187.0,165.13,126.24,0,ok,0
train/3-30/20.jpg,3,30,112.0,112.0,112.0,187.0,165.13,126.24,0,ok,0
train/3-30/32.jpg,3,30,112.0,112.0,112.0,37.0,58.87,97.76,180,ok,180
train/3-30/34.jpg,3,30,112.0,112.0,112.0,187.0,165.13,126.24,0,ok,0
train/3-30/35.jpg,3,30,112.0,112.0,37.0,112.0,97.76,165.13,90,ok,90
train/3-30/38.jpg,3,30,112.0,112.0,112.0,187.0,165.13,126.24,0,ok,0
train/3-30/4.jpg,3,30,112.0,112.0,112.0,187.0,165.13,126.24,0,ok,0
train/3-30/40.jpg,3,30,112.0,112.0,187.0,112.0,126.24,58.87,270,ok,270
train/3-30/42.jpg,3,30,112.0,112.0,112.0,187.0,165.13,126.24,0,ok,0
train/3-30/45.jpg,3,30,112.0,112.0,37.0,112.0,97.76,165.13,90,ok,90
train/3-30/46.jpg,3,30,112.0,112.0,112.0,187.0,165.13,126.24,0,ok,0
train/3-30/47.jpg,3,30,112.0,112.0,112.0,187.0,165.13,126.24,0,ok,0
train/3-30/48.jpg,3,30,112.0,112.0,112.0,37.0,58.87,97.76,180,ok,180
train/3-30/51.jpg,3,30,112.0,112.0,112.0,187.0,165.13,126.24,0,ok,0
train/3-30/52.jpg,3,30,112.0,112.0,37.0,112.0,97.76,165.13,90,ok,90
train/3-30/53.jpg,3,30,112.0,112.0,112.0,187.0,165.13,126.24,0,ok,0
train/3-30/55.jpg,3,30,112.0,112.0,112.0,37.0,58.87,97.76,180,ok,180
train/3-30/56.jpg,3,30,112.0,112.0,187.0,112.0,126.24,58.87,270,ok,270
train/3-30/57.jpg,3,30,112.0,112.0,112.0,187.0,165.13,126.24,0,ok,0
train/3-30/6.jpg,3,30,112.0,112.0,187.0,112.0,126.24,58.87,270,ok,270
train/3-30/60.jpg,3,30,112.0,112.0,112.0,187.0,165.13,126.24,0,ok,0
train/3-30/61.jpg,3,30,112.0,112.0,112.0,187.0,165.13,126.24,0,ok,0
train/3-30/62.jpg,3,30,112.0,112.0,112.0,187.0,165.13,126.24,0,ok,0
train/3-30/63.jpg,3,30,112.0,112.0,112.0,187.0,165.13,126.24,0,ok,0
train/3-30/64.jpg,3,30,112.0,112.0,112.0,187.0,165.13,126.24,0,ok,0
train/3-30/65.jpg,3,30,112.0,112.0,112.0,187.0,165.13,126.24,0,ok,0
train/3-30/69.jpg,3,30,112.0,112.0,112.0,187.0,165.13,126.24,0,ok,0
train/3-30/72.jpg,3,30,112.0,112.0,37.0,112.0,97.76,165.13,90,ok,90
train/3-30/73.jpg,3,30,112.0,112.0,112.0,187.0,165.13,126.24,0,ok,0
train/3-30/75.jpg,3,30,112.0,112.0,112.0,187.0,165.13,126.24,0,ok,0
train/3-30/76.jpg,3,30,112.0,112.0,112.0,37.0,58.87,97.76,180,ok,180
train/3-30/79.jpg,3,30,112.0,112.0,37.0,112.0,97.76,165.13,90,ok,90
train/3-30/8.jpg,3,30,112.0,112.0,112.0,187.0,165.13,126.24,0,ok,0
train/3-30/82.jpg,3,30,112.0,112.0,187.0,112.0,126.24,58.87,270,ok,270
train/3-30/85.jpg,3,30,112.0,112.0,112.0,37.0,58.87,97.76,180,ok,180
train/3-30/86.jpg,3,30,112.0,112.0,112.0,187.0,165.13,126.24,0,ok,0
train/3-30/87.jpg,3,30,112.0,112.0,112.0,37.0,58.87,97.76,180,ok,180
train/3-30/88.jpg,3,30,112.0,112.0,37.0,112.0,97.76,165.13,90,ok,90
train/3-30/92.jpg,3,30,112.0,112.0,187.0,112.0,126.24,58.87,270,ok,270
train/3-30/96.jpg,3,30,112.0,112.0,112.0,187.0,165.13,126.24,0,ok,0
train/3-30/97.jpg,3,30,112.0,112.0,112.0,37.0,58.87,97.76,180,ok,180
train/3-35/0.jpg,3,35,112.0,112.0,74.5,176.95,164.45,128.54,0,ok,0
train/3-35/14.jpg,3,35,112.0,112.0,74.5,176.95,164.45,128.54,0,ok,0
train/3-35/17.jpg,3,35,112.0,112.0,176.95,149.5,128.54,59.55,270,ok,270
train/3-35/18.jpg,3,35,112.0,112.0,74.5,176.95,164.45,128.54,0,ok,0
train/3-35/19.jpg,3,35,112.0,112.0,74.5,176.95,164.45,128.54,0,ok,0
train/3-35/21.jpg,3,35,112.0,112.0,74.5,176.95,164.45,128.54,0,ok,0
train/3-35/26.jpg,3,35,112.0,112.0,74.5,176.95,164.45,128.54,0,ok,0
train/3-35/30.jpg,3,35,112.0,112.0,74.5,176.95,164.45,128.54,0,ok,0
train/3-35/31.jpg,3,35,112.0,112.0,149.5,47.05,59.55,95.46,180,ok,180
train/3-35/32.jpg,3,35,112.0,112.0,176.95,149.5,128.54,59.55,270,ok,270
train/3-35/37.jpg,3,35,112.0,112.0,149.5,47.05,59.55,95.46,180,ok,180
train/3-35/42.jpg,3,35,112.0,112.0,176.95,149.5,128.54,59.55,270,ok,270
train/3-35/45.jpg,3,35,112.0,112.0,149.5,47.05,59.55,95.46,180,ok,180
train/3-35/46.jpg,3,35,112.0,112.0,47.05,74.5,95.46,164.45,90,ok,90
train/3-35/47.jpg,3,35,112.0,112.0,176.95,149.5,128.54,59.55,270,ok,270
train/3-35/48.jpg,3,35,112.0,112.0,74.5,176.95,164.45,128.54,0,ok,0
train/3-35/5.jpg,3,35,112.0,112.0,74.5,176.95,164.45,128.54,0,ok,0
train/3-35/50.jpg,3,35,112.0,112.0,74.5,176.95,164.45,128.54,0,ok,0
train/3-35/52.jpg,3,35,112.0,112.0,176.95,149.5,128.54,59.55,270,ok,270
train/3-35/53.jpg,3,35,112.0,112.0,176.95,149.5,128.54,59.55,270,ok,270
train/3-35/57.jpg,3,35,112.0,112.0,149.5,47.05,59.55,95.46,180,ok,180
train/3-35/61.jpg,3,35,112.0,112.0,47.05,74.5,95.46,164.45,90,ok,90
train/3-35/63.jpg,3,35,112.0,112.0,74.5,176.95,164.45,128.54,0,ok,0
train/3-35/65.jpg,3,35,112.0,112.0,176.95,149.5,128.54,59.55,270,ok,270
train/3-35/67.jpg,3,35,112.0,112.0,176.95,149.5,128.54,59.55,270,ok,270
train/3-35/69.jpg,3,35,112.0,112.0,149.5,47.05,59.55,95.46,180,ok,180
train/3-35/7.jpg,3,35,112.0,112.0,149.5,47.05,59.55,95.46,180,ok,180
train/3-35/71.jpg,3,35,112.0,112.0,47.05,74.5,95.46,164.45,90,ok,90
train/3-35/72.jpg,3,35,112.0,112.0,149.5,47.05,59.55,95.46,180,ok,180
train/3-35/74.jpg,3,35,112.0,112.0,74.5,176.95,164.45,128.54,0,ok,0
train/3-35/77.jpg,3,35,112.0,112.0,47.05,74.5,95.46,164.45,90,ok,90
train/3-35/78.jpg,3,35,112.0,112.0,47.05,74.5,95.46,164.45,90,ok,90
train/3-35/79.jpg,3,35,112.0,112.0,149.5,47.05,59.55,95.46,180,ok,180
train/3-35/8.jpg,3,35,112.0,112.0,74.5,176.95,164.45,128.54,0,ok,0
train/3-35/84.jpg,3,35,112.0,112.0,74.5,176.95,164.45,128.54,0,ok,0
train/3-35/85.jpg,3,35,112.0,112.0,74.5,176.95,164.45,128.54,0,ok,0
train/3-35/89.jpg,3,35,112.0,112.0,176.95,149.5,128.54,59.55,270,ok,270
train/3-35/9.jpg,3,35,112.0,112.0,176.95,149.5,128.54,59.55,270,ok,270
train/3-35/90.jpg,3,35,112.0,112.0,74.5,176.95,164.45,128.54,0,ok,0
train/3-35/92.jpg,3,35,112.0,112.0,176.95,149.5,128.54,59.55,270,ok,270
train/3-35/93.jpg,3,35,112.0,112.0,149.5,47.05,59.55,95.46,180,ok,180
train/3-35/99.jpg,3,35,112.0,112.0,176.95,149.5,128.54,59.55,270,ok,270
train/3-40/1.jpg,3,40,112.0,112.0,176.95,74.5,60.32,93.19,180,ok,180
train/3-40/10.jpg,3,40,112.0,112.0,47.05,149.5,163.68,130.81,0,ok,0
train/3-40/13.jpg,3,40,112.0,112.0,47.05,149.5,163.68,130.81,0,ok,0
train/3-40/14.jpg,3,40,112.0,112.0,74.5,47.05,93.19,163.68,90,ok,90
train/3-40/15.jpg,3,40,112.0,112.0,74.5,47.05,93.19,163.68,90,ok,90
train/3-40/17.jpg,3,40,112.0,112.0,74.5,47.05,93.19,163.68,90,ok,90
train/3-40/18.jpg,3,40,112.0,112.0,149.5,176.95,130.81,60.32,270,ok,270
train/3-40/2.jpg,3,40,112.0,112.0,149.5,176.95,130.81,60.32,270,ok,270
train/3-40/20.jpg,3,40,112.0,112.0,47.05,149.5,163.68,130.81,0,ok,0
train/3-40/21.jpg,3,40,112.0,112.0,47.05,149.5,163.68,130.81,0,ok,0
train/3-40/23.jpg,3,40,112.0,112.0,47.05,149.5,163.68,130.81,0,ok,0
train/3-40/24.jpg,3,40,112.0,112.0,47.05,149.5,163.68,130.81,0,ok,0
train/3-40/27.jpg,3,40,112.0,112.0,176.95,74.5,60.32,93.19,180,ok,180
train/3-40/28.jpg,3,40,112.0,112.0,47.05,149.5,163.68,130.81,0,ok,0
train/3-40/29.jpg,3,40,112.0,112.0,149.5,176.95,130.81,60.32,270,ok,270
train/3-40/3.jpg,3,40,112.0,112.0,74.5,47.05,93.19,163.68,90,ok,90
train/3-40/31.jpg,3,40,112.0,112.0,74.5,47.05,93.19,163.68,90,ok,90
train/3-40/33.jpg,3,40,112.0,112.0,176.95,74.5,60.32,93.19,180,ok,180
train/3-40/34.jpg,3,40,112.0,112.0,149.5,176.95,130.81,60.32,270,ok,270
train/3-40/35.jpg,3,40,112.0,112.0,149.5,176.95,130.81,60.32,270,ok,270
train/3-40/36.jpg,3,40,112.0,112.0,176.95,74.5,60.32,93.19,180,ok,180
train/3-40/37.jpg,3,40,112.0,112.0,47.05,149.5,163.68,130.81,0,ok,0
train/3-40/4.jpg,3,40,112.0,112.0,176.95,74.5,60.32,93.19,180,ok,180
train/3-40/40.jpg,3,40,112.0,112.0,74.5,47.05,93.19,163.68,90,ok,90
train/3-40/44.jpg,3,40,112.0,112.0,47.05,149.5,163.68,130.81,0,ok,0
train/3-40/45.jpg,3,40,112.0,112.0,176.95,74.5,60.32,93.19,180,ok,180
train/3-40/46.jpg,3,40,112.0,112.0,47.05,149.5,163.68,130.81,0,ok,0
train/3-40/47.jpg,3,40,112.0,112.0,47.05,149.5,163.68,130.81,0,ok,0
train/3-40/48.jpg,3,40,112.0,112.0,47.05,149.5,163.68,130.81,0,ok,0
train/3-40/5.jpg,3,40,112.0,112.0,47.05,149.5,163.68,130.81,0,ok,0
train/3-40/51.jpg,3,40,112.0,112.0,176.95,74.5,60.32,93.19,180,ok,180
train/3-40/52.jpg,3,40,112.0,112.0,74.5,47.05,93.19,163.68,90,ok,90
train/3-40/53.jpg,3,40,112.0,112.0,47.05,149.5,163.68,130.81,0,ok,0
train/3-40/56.jpg,3,40,112.0,112.0,47.05,149.5,163.68,130.81,0,ok,0
train/3-40/57.jpg,3,40,112.0,112.0,47.05,149.5,163.68,130.81,0,ok,0
train/3-40/61.jpg,3,40,112.0,112.0,176.95,74.5,60.32,93.19,180,ok,180
train/3-40/63.jpg,3,40,112.0,112.0,74.5,47.05,93.19,163.68,90,ok,90
train/3-40/65.jpg,3,40,112.0,112.0,47.05,149.5,163.68,130.81,0,ok,0
train/3-40/66.jpg,3,40,112.0,112.0,47.05,149.5,163.68,130.81,0,ok,0
train/3-40/69.jpg,3,40,112.0,112.0,47.05,149.5,163.68,130.81,0,ok,0
train/3-40/7.jpg,3,40,112.0,112.0,47.05,149.5,163.68,130.81,0,ok,0
train/3-40/72.jpg,3,40,112.0,112.0,74.5,47.05,93.19,163.68,90,ok,90
train/3-40/73.jpg,3,40,112.0,112.0,47.05,149.5,163.68,130.81,0,ok,0
train/3-40/74.jpg,3,40,112.0,112.0,149.5,176.95,130.81,60.32,270,ok,270
train/3-40/75.jpg,3,40,112.0,112.0,74.5,47.05,93.19,163.68,90,ok,90
train/3-40/78.jpg,3,40,112.0,112.0,74.5,47.05,93.19,163.68,90,ok,90
train/3-40/79.jpg,3,40,112.0,112.0,74.5,47.05,93.19,163.68,90,ok,90
train/3-40/8.jpg,3,40,112.0,112.0,176.95,74.5,60.32,93.19,180,ok,180
train/3-40/80.jpg,3,40,112.0,112.0,176.95,74.5,60.32,93.19,180,ok,180
train/3-40/82.jpg,3,40,112.0,112.0,47.05,149.5,163.68,130.81,0,ok,0
train/3-40/83.jpg,3,40,112.0,112.0,47.05,149.5,163.68,130.81,0,ok,0
train/3-40/84.jpg,3,40,112.0,112.0,47.05,149.5,163.68,130.81,0,ok,0
train/3-40/85.jpg,3,40,112.0,112.0,47.05,149.5,163.68,130.81,0,ok,0
train/3-40/87.jpg,3,40,112.0,112.0,74.5,47.05,93.19,163.68,90,ok,90
train/3-40/88.jpg,3,40,112.0,112.0,47.05,149.5,163.68,130.81,0,ok,0
train/3-40/9.jpg,3,40,112.0,112.0,176.95,74.5,60.32,93.19,180,ok,180
train/3-40/91.jpg,3,40,112.0,112.0,47.05,149.5,163.68,130.81,0,ok,0
train/3-40/92.jpg,3,40,112.0,112.0,47.05,149.5,163.68,130.81,0,ok,0
train/3-40/93.jpg,3,40,112.0,112.0,47.05,149.5,163.68,130.81,0,ok,0
train/3-40/96.jpg,3,40,112.0,112.0,47.05,149.5,163.68,130.81,0,ok,0
train/3-40/97.jpg,3,40,112.0,112.0,47.05,149.5,163.68,130.81,0,ok,0
train/3-40/98.jpg,3,40,112.0,112.0,74.5,47.05,93.19,163.68,90,ok,90
train/3-40/99.jpg,3,40,112.0,112.0,47.05,149.5,163.68,130.81,0,ok,0
train/3-45/10.jpg,3,45,112.0,112.0,112.0,37.0,90.95,162.81,90,ok,90
train/3-45/12.jpg,3,45,112.0,112.0,112.0,187.0,133.05,61.19,270,ok,270
train/3-45/13.jpg,3,45,112.0,112.0,187.0,112.0,61.19,90.95,180,ok,180
train/3-45/15.jpg,3,45,112.0,112.0,37.0,112.0,162.81,133.05,0,ok,0
train/3-45/16.jpg,3,45,112.0,112.0,112.0,187.0,133.05,61.19,270,ok,270
train/3-45/17.jpg,3,45,112.0,112.0,112.0,37.0,90.95,162.81,90,ok,90
train/3-45/2.jpg,3,45,112.0,112.0,112.0,37.0,90.95,162.81,90,ok,90
train/3-45/20.jpg,3,45,112.0,112.0,37.0,112.0,162.81,133.05,0,ok,0
train/3-45/21.jpg,3,45,112.0,112.0,187.0,112.0,61.19,90.95,180,ok,180
train/3-45/24.jpg,3,45,112.0,112.0,37.0,112.0,162.81,133.05,0,ok,0
train/3-45/25.jpg,3,45,112.0,112.0,112.0,37.0,90.95,162.81,90,ok,90
train/3-45/27.jpg,3,45,112.0,112.0,112.0,187.0,133.05,61.19,270,ok,270
train/3-45/28.jpg,3,45,112.0,112.0,112.0,187.0,133.05,61.19,270,ok,270
train/3-45/30.jpg,3,45,112.0,112.0,112.0,187.0,133.05,61.19,270,ok,270
train/3-45/31.jpg,3,45,112.0,112.0,187.0,112.0,61.19,90.95,180,ok,180
train/3-45/32.jpg,3,45,112.0,112.0,112.0,37.0,90.95,162.81,90,ok,90
train/3-45/33.jpg,3,45,112.0,112.0,112.0,187.0,133.05,61.19,270,ok,270
train/3-45/34.jpg,3,45,112.0,112.0,37.0,112.0,162.81,133.05,0,ok,0
train/3-45/37.jpg,3,45,112.0,112.0,37.0,112.0,162.81,133.05,0,ok,0
train/3-45/38.jpg,3,45,112.0,112.0,112.0,37.0,90.95,162.81,90,ok,90
train/3-45/4.jpg,3,45,112.0,112.0,37.0,112.0,162.81,133.05,0,ok,0
train/3-45/42.jpg,3,45,112.0,112.0,187.0,112.0,61.19,90.95,180,ok,180
train/3-45/44.jpg,3,45,112.0,112.0,37.0,112.0,162.81,133.05,0,ok,0
train/3-45/45.jpg,3,45,112.0,112.0,187.0,112.0,61.19,90.95,180,ok,180
train/3-45/46.jpg,3,45,112.0,112.0,37.0,112.0,162.81,133.05,0,ok,0
train/3-45/47.jpg,3,45,112.0,112.0,112.0,37.0,90.95,162.81,90,ok,90
train/3-45/49.jpg,3,45,112.0,112.0,37.0,112.0,162.81,133.05,0,ok,0
train/3-45/50.jpg,3,45,112.0,112.0,112.0,187.0,133.05,61.19,270,ok,270
train/3-45/51.jpg,3,45,112.0,112.0,112.0,187.0,133.05,61.19,270,ok,270
train/3-45/52.jpg,3,45,112.0,112.0,112.0,37.0,90.95,162.81,90,ok,90
train/3-45/53.jpg,3,45,112.0,112.0,112.0,37.0,90.95,162.81,90,ok,90
train/3-45/55.jpg,3,45,112.0,112.0,112.0,187.0,133.05,61.19,270,ok,270
train/3-45/56.jpg,3,45,112.0,112.0,37.0,112.0,162.81,133.05,0,ok,0
train/3-45/58.jpg,3,45,112.0,112.0,112.0,37.0,90.95,162.81,90,ok,90
train/3-45/59.jpg,3,45,112.0,112.0,37.0,112.0,162.81,133.05,0,ok,0
train/3-45/6.jpg,3,45,112.0,112.0,187.0,112.0,61.19,90.95,180,ok,180
train/3-45/60.jpg,3,45,112.0,112.0,37.0,112.0,162.81,133.05,0,ok,0
train/3-45/61.jpg,3,45,112.0,112.0,37.0,112.0,162.81,133.05,0,ok,0
train/3-45/62.jpg,3,45,112.0,112.0,37.0,112.0,162.81,133.05,0,ok,0
train/3-45/64.jpg,3,45,112.0,112.0,112.0,187.0,133.05,61.19,270,ok,270
train/3-45/66.jpg,3,45,112.0,112.0,112.0,37.0,90.95,162.81,90,ok,90
train/3-45/67.jpg,3,45,112.0,112.0,37.0,112.0,162.81,133.05,0,ok,0
train/3-45/68.jpg,3,45,112.0,112.0,187.0,112.0,61.19,90.95,180,ok,180
train/3-45/69.jpg,3,45,112.0,112.0,37.0,112.0,162.81,133.05,0,ok,0
train/3-45/72.jpg,3,45,112.0,112.0,112.0,187.0,133.05,61.19,270,ok,270
train/3-45/73.jpg,3,45,112.0,112.0,37.0,112.0,162.81,133.05,0,ok,0
train/3-45/76.jpg,3,45,112.0,112.0,112.0,37.0,90.95,162.81,90,ok,90
train/3-45/79.jpg,3,45,112.0,112.0,112.0,37.0,90.95,162.81,90,ok,90
train/3-45/80.jpg,3,45,112.0,112.0,112.0,37.0,90.95,162.81,90,ok,90
train/3-45/81.jpg,3,45,112.0,112.0,112.0,187.0,133.05,61.19,270,ok,270
train/3-45/83.jpg,3,45,112.0,112.0,112.0,37.0,90.95,162.81,90,ok,90
train/3-45/84.jpg,3,45,112.0,112.0,37.0,112.0,162.81,133.05,0,ok,0
train/3-45/85.jpg,3,45,112.0,112.0,37.0,112.0,162.81,133.05,0,ok,0
train/3-45/86.jpg,3,45,112.0,112.0,112.0,187.0,133.05,61.19,270,ok,270
train/3-45/87.jpg,3,45,112.0,112.0,112.0,37.0,90.95,162.81,90,ok,90
train/3-45/9.jpg,3,45,112.0,112.0,112.0,37.0,90.95,162.81,90,ok,90
train/3-45/91.jpg,3,45,112.0,112.0,37.0,112.0,162.81,133.05,0,ok,0
train/3-45/93.jpg,3,45,112.0,112.0,37.0,112.0,162.81,133.05,0,ok,0
train/3-45/96.jpg,3,45,112.0,112.0,37.0,112.0,162.81,133.05,0,ok,0
train/3-45/97.jpg,3,45,112.0,112.0,187.0,112.0,61.19,90.95,180,ok,180
train/3-45/98.jpg,3,45,112.0,112.0,187.0,112.0,61.19,90.95,180,ok,180
train/3-50/0.jpg,3,50,112.0,112.0,149.5,47.05,88.76,161.85,90,ok,90
train/3-50/1.jpg,3,50,112.0,112.0,176.95,149.5,62.15,88.76,180,ok,180
train/3-50/13.jpg,3,50,112.0,112.0,47.05,74.5,161.85,135.24,0,ok,0
train/3-50/15.jpg,3,50,112.0,112.0,47.05,74.5,161.85,135.24,0,ok,0
train/3-50/16.jpg,3,50,112.0,112.0,47.05,74.5,161.85,135.24,0,ok,0
train/3-50/17.jpg,3,50,112.0,112.0,74.5,176.95,135.24,62.15,270,ok,270
train/3-50/18.jpg,3,50,112.0,112.0,176.95,149.5,62.15,88.76,180,ok,180
train/3-50/2.jpg,3,50,112.0,112.0,176.95,149.5,62.15,88.76,180,ok,180
train/3-50/20.jpg,3,50,112.0,112.0,149.5,47.05,88.76,161.85,90,ok,90
train/3-50/22.jpg,3,50,112.0,112.0,149.5,47.05,88.76,161.85,90,ok,90
train/3-50/26.jpg,3,50,112.0,112.0,176.95,149.5,62.15,88.76,180,ok,180
train/3-50/28.jpg,3,50,112.0,112.0,176.95,149.5,62.15,88.76,180,ok,180
train/3-50/29.jpg,3,50,112.0,112.0,149.5,47.05,88.76,161.85,90,ok,90
train/3-50/3.jpg,3,50,112.0,112.0,149.5,47.05,88.76,161.85,90,ok,90
train/3-50/31.jpg,3,50,112.0,112.0,176.95,149.5,62.15,88.76,180,ok,180
train/3-50/32.jpg,3,50,112.0,112.0,149.5,47.05,88.76,161.85,90,ok,90
train/3-50/33.jpg,3,50,112.0,112.0,47.05,74.5,161.85,135.24,0,ok,0
train/3-50/34.jpg,3,50,112.0,112.0,149.5,47.05,88.76,161.85,90,ok,90
train/3-50/38.jpg,3,50,112.0,112.0,74.5,176.95,135.24,62.15,270,ok,270
train/3-50/4.jpg,3,50,112.0,112.0,47.05,74.5,161.85,135.24,0,ok,0
train/3-50/42.jpg,3,50,112.0,112.0,149.5,47.05,88.76,161.85,90,ok,90
train/3-50/44.jpg,3,50,112.0,112.0,47.05,74.5,161.85,135.24,0,ok,0
train/3-50/45.jpg,3,50,112.0,112.0,149.5,47.05,88.76,161.85,90,ok,90
train/3-50/46.jpg,3,50,112.0,112.0,74.5,176.95,135.24,62.15,270,ok,270
train/3-50/47.jpg,3,50,112.0,112.0,149.5,47.05,88.76,161.85,90,ok,90
train/3-50/48.jpg,3,50,112.0,112.0,74.5,176.95,135.24,62.15,270,ok,270
train/3-50/49.jpg,3,50,112.0,112.0,47.05,74.5,161.85,135.24,0,ok,0
train/3-50/5.jpg,3,50,112.0,112.0,176.95,149.5,62.15,88.76,180,ok,180
train/3-50/50.jpg,3,50,112.0,112.0,176.95,149.5,62.15,88.76,180,ok,180
train/3-50/51.jpg,3,50,112.0,112.0,47.05,74.5,161.85,135.24,0,ok,0
train/3-50/52.jpg,3,50,112.0,112.0,176.95,149.5,62.15,88.76,180,ok,180
train/3-50/53.jpg,3,50,112.0,112.0,74.5,176.95,135.24,62.15,270,ok,270
train/3-50/56.jpg,3,50,112.0,112.0,47.05,74.5,161.85,135.24,0,ok,0
train/3-50/57.jpg,3,50,112.0,112.0,149.5,47.05,88.76,161.85,90,ok,90
train/3-50/58.jpg,3,50,112.0,112.0,47.05,74.5,161.85,135.24,0,ok,0
train/3-50/59.jpg,3,50,112.0,112.0,74.5,176.95,135.24,62.15,270,ok,270
train/3-50/62.jpg,3,50,112.0,112.0,47.05,74.5,161.85,135.24,0,ok,0
train/3-50/63.jpg,3,50,112.0,112.0,176.95,149.5,62.15,88.76,180,ok,180
train/3-50/65.jpg,3,50,112.0,112.0,176.95,149.5,62.15,88.76,180,ok,180
train/3-50/67.jpg,3,50,112.0,112.0,47.05,74.5,161.85,135.24,0,ok,0
train/3-50/68.jpg,3,50,112.0,112.0,176.95,149.5,62.15,88.76,180,ok,180
train/3-50/7.jpg,3,50,112.0,112.0,47.05,74.5,161.85,135.24,0,ok,0
train/3-50/72.jpg,3,50,112.0,112.0,176.95,149.5,62.15,88.76,180,ok,180
train/3-50/73.jpg,3,50,112.0,112.0,176.95,149.5,62.15,88.76,180,ok,180
train/3-50/74.jpg,3,50,112.0,112.0,47.05,74.5,161.85,135.24,0,ok,0
train/3-50/75.jpg,3,50,112.0,112.0,74.5,176.95,135.24,62.15,270,ok,270
train/3-50/79.jpg,3,50,112.0,112.0,74.5,176.95,135.24,62.15,270,ok,270
train/3-50/80.jpg,3,50,112.0,112.0,176.95,149.5,62.15,88.76,180,ok,180
train/3-50/81.jpg,3,50,112.0,112.0,47.05,74.5,161.85,135.24,0,ok,0
train/3-50/82.jpg,3,50,112.0,112.0,176.95,149.5,62.15,88.76,180,ok,180
train/3-50/83.jpg,3,50,112.0,112.0,176.95,149.5,62.15,88.76,180,ok,180
train/3-50/84.jpg,3,50,112.0,112.0,176.95,149.5,62.15,88.76,180,ok,180
train/3-50/85.jpg,3,50,112.0,112.0,149.5,47.05,88.76,161.85,90,ok,90
train/3-50/86.jpg,3,50,112.0,112.0,47.05,74.5,161.85,135.24,0,ok,0
train/3-50/88.jpg,3,50,112.0,112.0,47.05,74.5,161.85,135.24,0,ok,0
train/3-50/89.jpg,3,50,112.0,112.0,47.05,74.5,161.85,135.24,0,ok,0
train/3-50/90.jpg,3,50,112.0,112.0,47.05,74.5,161.85,135.24,0,ok,0
train/3-50/91.jpg,3,50,112.0,112.0,176.95,149.5,62.15,88.76,180,ok,180
train/3-50/92.jpg,3,50,112.0,112.0,149.5,47.05,88.76,161.85,90,ok,90
train/3-50/93.jpg,3,50,112.0,112.0,176.95,149.5,62.15,88.76,180,ok,180
train/3-50/95.jpg,3,50,112.0,112.0,47.05,74.5,161.85,135.24,0,ok,0
train/3-50/96.jpg,3,50,112.0,112.0,47.05,74.5,161.85,135.24,0,ok,0
train/3-50/97.jpg,3,50,112.0,112.0,176.95,149.5,62.15,88.76,180,ok,180
train/3-50/98.jpg,3,50,112.0,112.0,149.5,47.05,88.76,161.85,90,ok,90
train/3-50/99.jpg,3,50,112.0,112.0,149.5,47.05,88.76,161.85,90,ok,90
train/3-55/0.jpg,3,55,112.0,112.0,74.5,47.05,160.79,137.4,0,ok,0
train/3-55/1.jpg,3,55,112.0,112.0,149.5,176.95,63.21,86.6,180,ok,180
train/3-55/10.jpg,3,55,112.0,112.0,47.05,149.5,137.4,63.21,270,ok,270
train/3-55/12.jpg,3,55,112.0,112.0,47.05,149.5,137.4,63.21,270,ok,270
train/3-55/13.jpg,3,55,112.0,112.0,47.05,149.5,137.4,63.21,270,ok,270
train/3-55/16.jpg,3,55,112.0,112.0,74.5,47.05,160.79,137.4,0,ok,0
train/3-55/18.jpg,3,55,112.0,112.0,74.5,47.05,160.79,137.4,0,ok,0
train/3-55/20.jpg,3,55,112.0,112.0,176.95,74.5,86.6,160.79,90,ok,90
train/3-55/21.jpg,3,55,112.0,112.0,149.5,176.95,63.21,86.6,180,ok,180
train/3-55/26.jpg,3,55,112.0,112.0,176.95,74.5,86.6,160.79,90,ok,90
train/3-55/27.jpg,3,55,112.0,112.0,74.5,47.05,160.79,137.4,0,ok,0
train/3-55/28.jpg,3,55,112.0,112.0,176.95,74.5,86.6,160.79,90,ok,90
train/3-55/3.jpg,3,55,112.0,112.0,176.95,74.5,86.6,160.79,90,ok,90
train/3-55/30.jpg,3,55,112.0,112.0,74.5,47.05,160.79,137.4,0,ok,0
train/3-55/31.jpg,3,55,112.0,112.0,176.95,74.5,86.6,160.79,90,ok,90
train/3-55/32.jpg,3,55,112.0,112.0,74.5,47.05,160.79,137.4,0,ok,0
train/3-55/34.jpg,3,55,112.0,112.0,47.05,149.5,137.4,63.21,270,ok,270
train/3-55/35.jpg,3,55,112.0,112.0,47.05,149.5,137.4,63.21,270,ok,270
train/3-55/36.jpg,3,55,112.0,112.0,74.5,47.05,160.79,137.4,0,ok,0
train/3-55/37.jpg,3,55,112.0,112.0,47.05,149.5,137.4,63.21,270,ok,270
train/3-55/40.jpg,3,55,112.0,112.0,47.05,149.5,137.4,63.21,270,ok,270
train/3-55/42.jpg,3,55,112.0,112.0,176.95,74.5,86.6,160.79,90,ok,90
train/3-55/45.jpg,3,55,112.0,112.0,149.5,176.95,63.21,86.6,180,ok,180
train/3-55/46.jpg,3,55,112.0,112.0,47.05,149.5,137.4,63.21,270,ok,270
train/3-55/48.jpg,3,55,112.0,112.0,47.05,149.5,137.4,63.21,270,ok,270
train/3-55/51.jpg,3,55,112.0,112.0,47.05,149.5,137.4,63.21,270,ok,270
train/3-55/56.jpg,3,55,112.0,112.0,47.05,149.5,137.4,63.21,270,ok,270
train/3-55/57.jpg,3,55,112.0,112.0,74.5,47.05,160.79,137.4,0,ok,0
train/3-55/58.jpg,3,55,112.0,112.0,176.95,74.5,86.6,160.79,90,ok,90
train/3-55/6.jpg,3,55,112.0,112.0,74.5,47.05,160.79,137.4,0,ok,0
train/3-55/61.jpg,3,55,112.0,112.0,74.5,47.05,160.79,137.4,0,ok,0
train/3-55/62.jpg,3,55,112.0,112.0,74.5,47.05,160.79,137.4,0,ok,0
train/3-55/63.jpg,3,55,112.0,112.0,47.05,149.5,137.4,63.21,270,ok,270
train/3-55/65.jpg,3,55,112.0,112.0,74.5,47.05,160.79,137.4,0,ok,0
train/3-55/67.jpg,3,55,112.0,112.0,176.95,74.5,86.6,160.79,90,ok,90
train/3-55/69.jpg,3,55,112.0,112.0,74.5,47.05,160.79,137.4,0,ok,0
train/3-55/72.jpg,3,55,112.0,112.0,149.5,176.95,63.21,86.6,180,ok,180
train/3-55/73.jpg,3,55,112.0,112.0,176.95,74.5,86.6,160.79,90,ok,90
train/3-55/76.jpg,3,55,112.0,112.0,176.95,74.5,86.6,160.79,90,ok,90
train/3-55/79.jpg,3,55,112.0,112.0,74.5,47.05,160.79,137.4,0,ok,0
train/3-55/8.jpg,3,55,112.0,112.0,47.05,149.5,137.4,63.21,270,ok,270
train/3-55/81.jpg,3,55,112.0,112.0,74.5,47.05,160.79,137.4,0,ok,0
train/3-55/82.jpg,3,55,112.0,112.0,176.95,74.5,86.6,160.79,90,ok,90
train/3-55/83.jpg,3,55,112.0,112.0,47.05,149.5,137.4,63.21,270,ok,270
train/3-55/85.jpg,3,55,112.0,112.0,74.5,47.05,160.79,137.4,0,ok,0
train/3-55/87.jpg,3,55,112.0,112.0,74.5,47.05,160.79,137.4,0,ok,0
train/3-55/88.jpg,3,55,112.0,112.0,47.05,149.5,137.4,63.21,270,ok,270
train/3-55/89.jpg,3,55,112.0,112.0,47.05,149.5,137.4,63.21,270,ok,270
train/3-55/9.jpg,3,55,112.0,112.0,47.05,149.5,137.4,63.21,270,ok,270
train/3-55/90.jpg,3,55,112.0,112.0,176.95,74.5,86.6,160.79,90,ok,90
train/3-55/91.jpg,3,55,112.0,112.0,47.05,149.5,137.4,63.21,270,ok,270
train/3-55/92.jpg,3,55,112.0,112.0,74.5,47.05,160.79,137.4,0,ok,0
train/3-55/97.jpg,3,55,112.0,112.0,74.5,47.05,160.79,137.4,0,ok,0
train/3-55/98.jpg,3,55,112.0,112.0,176.95,74.5,86.6,160.79,90,ok,90
train/4-00/0.jpg,4,0,112.0,112.0,187.0,112.0,84.5,159.63,90,ok,90
train/4-00/10.jpg,4,0,112.0,112.0,112.0,37.0,159.63,139.5,0,ok,0
train/4-00/12.jpg,4,0,112.0,112.0,37.0,112.0,139.5,64.37,270,ok,270
train/4-00/13.jpg,4,0,112.0,112.0,112.0,187.0,64.37,84.5,180,ok,180
train/4-00/15.jpg,4,0,112.0,112.0,112.0,187.0,64.37,84.5,180,ok,180
train/4-00/16.jpg,4,0,112.0,112.0,112.0,37.0,159.63,139.5,0,ok,0
train/4-00/17.jpg,4,0,112.0,112.0,112.0,37.0,159.63,139.5,0,ok,0
train/4-00/18.jpg,4,0,112.0,112.0,112.0,187.0,64.37,84.5,180,ok,180
train/4-00/2.jpg,4,0,112.0,112.0,112.0,37.0,159.63,139.5,0,ok,0
train/4-00/20.jpg,4,0,112.0,112.0,112.0,37.0,159.63,139.5,0,ok,0
train/4-00/21.jpg,4,0,112.0,112.0,112.0,37.0,159.63,139.5,0,ok,0
train/4-00/22.jpg,4,0,112.0,112.0,112.0,37.0,159.63,139.5,0,ok,0
train/4-00/24.jpg,4,0,112.0,112.0,112.0,37.0,159.63,139.5,0,ok,0
train/4-00/27.jpg,4,0,112.0,112.0,112.0,37.0,159.63,139.5,0,ok,0
train/4-00/28.jpg,4,0,112.0,112.0,112.0,37.0,159.63,139.5,0,ok,0
train/4-00/3.jpg,4,0,112.0,112.0,187.0,112.0,84.5,159.63,90,ok,90
train/4-00/31.jpg,4,0,112.0,112.0,112.0,187.0,64.37,84.5,180,ok,180
train/4-00/32.jpg,4,0,112.0,112.0,187.0,112.0,84.5,159.63,90,ok,90
train/4-00/33.jpg,4,0,112.0,112.0,187.0,112.0,84.5,159.63,90,ok,90
train/4-00/34.jpg,4,0,112.0,112.0,112.0,37.0,159.63,139.5,0,ok,0
train/4-00/37.jpg,4,0,112.0,112.0,37.0,112.0,139.5,64.37,270,ok,270
train/4-00/38.jpg,4,0,112.0,112.0,37.0,112.0,139.5,64.37,270,ok,270
train/4-00/4.jpg,4,0,112.0,112.0,112.0,37.0,159.63,139.5,0,ok,0
train/4-00/42.jpg,4,0,112.0,112.0,112.0,37.0,159.63,139.5,0,ok,0
train/4-00/44.jpg,4,0,112.0,112.0,187.0,112.0,84.5,159.63,90,ok,90
train/4-00/45.jpg,4,0,112.0,112.0,112.0,37.0,159.63,139.5,0,ok,0
train/4-00/46.jpg,4,0,112.0,112.0,112.0,187.0,64.37,84.5,180,ok,180
train/4-00/48.jpg,4,0,112.0,112.0,112.0,37.0,159.63,139.5,0,ok,0
train/4-00/50.jpg,4,0,112.0,112.0,37.0,112.0,139.5,64.37,270,ok,270
train/4-00/51.jpg,4,0,112.0,112.0,112.0,37.0,159.63,139.5,0,ok,0
train/4-00/53.jpg,4,0,112.0,112.0,37.0,112.0,139.5,64.37,270,ok,270
train/4-00/55.jpg,4,0,112.0,112.0,112.0,37.0,159.63,139.5,0,ok,0
train/4-00/56.jpg,4,0,112.0,112.0,112.0,187.0,64.37,84.5,180,ok,180
train/4-00/6.jpg,4,0,112.0,112.0,112.0,37.0,159.63,139.5,0,ok,0
train/4-00/60.jpg,4,0,112.0,112.0,112.0,37.0,159.63,139.5,0,ok,0
train/4-00/61.jpg,4,0,112.0,112.0,112.0,37.0,159.63,139.5,0,ok,0
train/4-00/62.jpg,4,0,112.0,112.0,37.0,112.0,139.5,64.37,270,ok,270
train/4-00/63.jpg,4,0,112.0,112.0,187.0,112.0,84.5,159.63,90,ok,90
train/4-00/64.jpg,4,0,112.0,112.0,112.0,187.0,64.37,84.5,180,ok,180
train/4-00/65.jpg,4,0,112.0,112.0,112.0,37.0,159.63,139.5,0,ok,0
train/4-00/66.jpg,4,0,112.0,112.0,112.0,37.0,159.63,139.5,0,ok,0
train/4-00/67.jpg,4,0,112.0,112.0,37.0,112.0,139.5,64.37,270,ok,270
train/4-00/69.jpg,4,0,112.0,112.0,37.0,112.0,139.5,64.37,270,ok,270
train/4-00/7.jpg,4,0,112.0,112.0,112.0,37.0,159.63,139.5,0,ok,0
train/4-00/72.jpg,4,0,112.0,112.0,112.0,37.0,159.63,139.5,0,ok,0
train/4-00/73.jpg,4,0,112.0,112.0,187.0,112.0,84.5,159.63,90,ok,90
train/4-00/76.jpg,4,0,112.0,112.0,112.0,37.0,159.63,139.5,0,ok,0
train/4-00/79.jpg,4,0,112.0,112.0,112.0,37.0,159.63,139.5,0,ok,0
train/4-00/8.jpg,4,0,112.0,112.0,187.0,112.0,84.5,159.63,90,ok,90
train/4-00/82.jpg,4,0,112.0,112.0,37.0,112.0,139.5,64.37,270,ok,270
train/4-00/84.jpg,4,0,112.0,112.0,37.0,112.0,139.5,64.37,270,ok,270
train/4-00/85.jpg,4,0,112.0,112.0,112.0,187.0,64.37,84.5,180,ok,180
train/4-00/86.jpg,4,0,112.0,112.0,112.0,187.0,64.37,84.5,180,ok,180
train/4-00/87.jpg,4,0,112.0,112.0,112.0,37.0,159.63,139.5,0,ok,0
train/4-00/89.jpg,4,0,112.0,112.0,112.0,37.0,159.63,139.5,0,ok,0
train/4-00/9.jpg,4,0,112.0,112.0,112.0,37.0,159.63,139.5,0,ok,0
train/4-00/91.jpg,4,0,112.0,112.0,112.0,187.0,64.37,84.5,180,ok,180
train/4-00/92.jpg,4,0,112.0,112.0,112.0,37.0,159.63,139.5,0,ok,0
train/4-00/93.jpg,4,0,112.0,112.0,112.0,37.0,159.63,139.5,0,ok,0
train/4-00/94.jpg,4,0,112.0,112.0,37.0,112.0,139.5,64.37,270,ok,270
train/4-00/95.jpg,4,0,112.0,112.0,112.0,187.0,64.37,84.5,180,ok,180
train/4-00/96.jpg,4,0,112.0,112.0,37.0,112.0,139.5,64.37,270,ok,270
train/4-00/97.jpg,4,0,112.0,112.0,37.0,112.0,139.5,64.37,270,ok,270
train/4-00/98.jpg,4,0,112.0,112.0,112.0,187.0,64.37,84.5,180,ok,180
train/4-00/99.jpg,4,0,112.0,112.0,37.0,112.0,139.5,64.37,270,ok,270
train/4-05/1.jpg,4,5,112.0,112.0,74.5,176.95,65.61,82.45,180,ok,180
train/4-05/10.jpg,4,5,112.0,112.0,47.05,74.5,141.55,65.61,270,ok,270
train/4-05/12.jpg,4,5,112.0,112.0,149.5,47.05,158.39,141.55,0,ok,0
train/4-05/16.jpg,4,5,112.0,112.0,74.5,176.95,65.61,82.45,180,ok,180
train/4-05/17.jpg,4,5,112.0,112.0,176.95,149.5,82.45,158.39,90,ok,90
train/4-05/18.jpg,4,5,112.0,112.0,149.5,47.05,158.39,141.55,0,ok,0
train/4-05/19.jpg,4,5,112.0,112.0,47.05,74.5,141.55,65.61,270,ok,270
train/4-05/2.jpg,4,5,112.0,112.0,47.05,74.5,141.55,65.61,270,ok,270
train/4-05/21.jpg,4,5,112.0,112.0,149.5,47.05,158.39,141.55,0,ok,0
train/4-05/26.jpg,4,5,112.0,112.0,149.5,47.05,158.39,141.55,0,ok,0
train/4-05/28.jpg,4,5,112.0,112.0,74.5,176.95,65.61,82.45,180,ok,180
train/4-05/30.jpg,4,5,112.0,112.0,149.5,47.05,158.39,141.55,0,ok,0
train/4-05/31.jpg,4,5,112.0,112.0,74.5,176.95,65.61,82.45,180,ok,180
train/4-05/32.jpg,4,5,112.0,112.0,47.05,74.5,141.55,65.61,270,ok,270
train/4-05/33.jpg,4,5,112.0,112.0,176.95,149.5,82.45,158.39,90,ok,90
train/4-05/34.jpg,4,5,112.0,112.0,149.5,47.05,158.39,141.55,0,ok,0
train/4-05/37.jpg,4,5,112.0,112.0,74.5,176.95,65.61,82.45,180,ok,180
train/4-05/38.jpg,4,5,112.0,112.0,74.5,176.95,65.61,82.45,180,ok,180
train/4-05/40.jpg,4,5,112.0,112.0,149.5,47.05,158.39,141.55,0,ok,0
train/4-05/44.jpg,4,5,112.0,112.0,176.95,149.5,82.45,158.39,90,ok,90
train/4-05/46.jpg,4,5,112.0,112.0,149.5,47.05,158.39,141.55,0,ok,0
train/4-05/47.jpg,4,5,112.0,112.0,47.05,74.5,141.55,65.61,270,ok,270
train/4-05/48.jpg,4,5,112.0,112.0,149.5,47.05,158.39,141.55,0,ok,0
train/4-05/49.jpg,4,5,112.0,112.0,149.5,47.05,158.39,141.55,0,ok,0
train/4-05/5.jpg,4,5,112.0,112.0,149.5,47.05,158.39,141.55,0,ok,0
train/4-05/51.jpg,4,5,112.0,112.0,176.95,149.5,82.45,158.39,90,ok,90
train/4-05/52.jpg,4,5,112.0,112.0,74.5,176.95,65.61,82.45,180,ok,180
train/4-05/53.jpg,4,5,112.0,112.0,149.5,47.05,158.39,141.55,0,ok,0
train/4-05/57.jpg,4,5,112.0,112.0,74.5,176.95,65.61,82.45,180,ok,180
train/4-05/59.jpg,4,5,112.0,112.0,149.5,47.05,158.39,141.55,0,ok,0
train/4-05/60.jpg,4,5,112.0,112.0,149.5,47.05,158.39,141.55,0,ok,0
train/4-05/61.jpg,4,5,112.0,112.0,47.05,74.5,141.55,65.61,270,ok,270
train/4-05/62.jpg,4,5,112.0,112.0,149.5,47.05,158.39,141.55,0,ok,0
train/4-05/63.jpg,4,5,112.0,112.0,149.5,47.05,158.39,141.55,0,ok,0
train/4-05/64.jpg,4,5,112.0,112.0,47.05,74.5,141.55,65.61,270,ok,270
train/4-05/69.jpg,4,5,112.0,112.0,149.5,47.05,158.39,141.55,0,ok,0
train/4-05/7.jpg,4,5,112.0,112.0,149.5,47.05,158.39,141.55,0,ok,0
train/4-05/71.jpg,4,5,112.0,112.0,176.95,149.5,82.45,158.39,90,ok,90
train/4-05/72.jpg,4,5,112.0,112.0,74.5,176.95,65.61,82.45,180,ok,180
train/4-05/73.jpg,4,5,112.0,112.0,149.5,47.05,158.39,141.55,0,ok,0
train/4-05/74.jpg,4,5,112.0,112.0,149.5,47.05,158.39,141.55,0,ok,0
train/4-05/75.jpg,4,5,112.0,112.0,74.5,176.95,65.61,82.45,180,ok,180
train/4-05/78.jpg,4,5,112.0,112.0,149.5,47.05,158.39,141.55,0,ok,0
train/4-05/8.jpg,4,5,112.0,112.0,74.5,176.95,65.61,82.45,180,ok,180
train/4-05/80.jpg,4,5,112.0,112.0,149.5,47.05,158.39,141.55,0,ok,0
train/4-05/82.jpg,4,5,112.0,112.0,74.5,176.95,65.61,82.45,180,ok,180
train/4-05/83.jpg,4,5,112.0,112.0,74.5,176.95,65.61,82.45,180,ok,180
train/4-05/85.jpg,4,5,112.0,112.0,47.05,74.5,141.55,65.61,270,ok,270
train/4-05/86.jpg,4,5,112.0,112.0,47.05,74.5,141.55,65.61,270,ok,270
train/4-05/87.jpg,4,5,112.0,112.0,149.5,47.05,158.39,141.55,0,ok,0
train/4-05/9.jpg,4,5,112.0,112.0,149.5,47.05,158.39,141.55,0,ok,0
train/4-05/91.jpg,4,5,112.0,112.0,149.5,47.05,158.39,141.55,0,ok,0
train/4-05/92.jpg,4,5,112.0,112.0,74.5,176.95,65.61,82.45,180,ok,180
train/4-05/93.jpg,4,5,112.0,112.0,74.5,176.95,65.61,82.45,180,ok,180
train/4-05/95.jpg,4,5,112.0,112.0,149.5,47.05,158.39,141.55,0,ok,0
train/4-05/96.jpg,4,5,112.0,112.0,149.5,47.05,158.39,141.55,0,ok,0
train/4-05/97.jpg,4,5,112.0,112.0,149.5,47.05,158.39,141.55,0,ok,0
train/4-10/0.jpg,4,10,112.0,112.0,176.95,74.5,157.05,143.55,0,ok,0
train/4-10/1.jpg,4,10,112.0,112.0,176.95,74.5,157.05,143.55,0,ok,0
train/4-10/12.jpg,4,10,112.0,112.0,149.5,176.95,80.45,157.05,90,ok,90
train/4-10/14.jpg,4,10,112.0,112.0,149.5,176.95,80.45,157.05,90,ok,90
train/4-10/15.jpg,4,10,112.0,112.0,176.95,74.5,157.05,143.55,0,ok,0
train/4-10/18.jpg,4,10,112.0,112.0,176.95,74.5,157.05,143.55,0,ok,0
train/4-10/19.jpg,4,10,112.0,112.0,176.95,74.5,157.05,143.55,0,ok,0
train/4-10/2.jpg,4,10,112.0,112.0,74.5,47.05,143.55,66.95,270,ok,270
train/4-10/21.jpg,4,10,112.0,112.0,176.95,74.5,157.05,143.55,0,ok,0
train/4-10/22.jpg,4,10,112.0,112.0,74.5,47.05,143.55,66.95,270,ok,270
train/4-10/23.jpg,4,10,112.0,112.0,74.5,47.05,143.55,66.95,270,ok,270
train/4-10/24.jpg,4,10,112.0,112.0,47.05,149.5,66.95,80.45,180,ok,180
train/4-10/26.jpg,4,10,112.0,112.0,47.05,149.5,66.95,80.45,180,ok,180
train/4-10/27.jpg,4,10,112.0,112.0,149.5,176.95,80.45,157.05,90,ok,90
train/4-10/28.jpg,4,10,112.0,112.0,176.95,74.5,157.05,143.55,0,ok,0
train/4-10/29.jpg,4,10,112.0,112.0,47.05,149.5,66.95,80.45,180,ok,180
train/4-10/30.jpg,4,10,112.0,112.0,176.95,74.5,157.05,143.55,0,ok,0
train/4-10/31.jpg,4,10,112.0,112.0,176.95,74.5,157.05,143.55,0,ok,0
train/4-10/32.jpg,4,10,112.0,112.0,47.05,149.5,66.95,80.45,180,ok,180
train/4-10/33.jpg,4,10,112.0,112.0,74.5,47.05,143.55,66.95,270,ok,270
train/4-10/36.jpg,4,10,112.0,112.0,176.95,74.5,157.05,143.55,0,ok,0
train/4-10/37.jpg,4,10,112.0,112.0,74.5,47.05,143.55,66.95,270,ok,270
train/4-10/38.jpg,4,10,112.0,112.0,176.95,74.5,157.05,143.55,0,ok,0
train/4-10/4.jpg,4,10,112.0,112.0,176.95,74.5,157.05,143.55,0,ok,0
train/4-10/40.jpg,4,10,112.0,112.0,176.95,74.5,157.05,143.55,0,ok,0
train/4-10/42.jpg,4,10,112.0,112.0,47.05,149.5,66.95,80.45,180,ok,180
train/4-10/44.jpg,4,10,112.0,112.0,47.05,149.5,66.95,80.45,180,ok,180
train/4-10/45.jpg,4,10,112.0,112.0,176.95,74.5,157.05,143.55,0,ok,0
train/4-10/46.jpg,4,10,112.0,112.0,176.95,74.5,157.05,143.55,0,ok,0
train/4-10/47.jpg,4,10,112.0,112.0,176.95,74.5,157.05,143.55,0,ok,0
train/4-10/48.jpg,4,10,112.0,112.0,47.05,149.5,66.95,80.45,180,ok,180
train/4-10/49.jpg,4,10,112.0,112.0,74.5,47.05,143.55,66.95,270,ok,270
train/4-10/50.jpg,4,10,112.0,112.0,149.5,176.95,80.45,157.05,90,ok,90
train/4-10/51.jpg,4,10,112.0,112.0,74.5,47.05,143.55,66.95,270,ok,270
train/4-10/52.jpg,4,10,112.0,112.0,47.05,149.5,66.95,80.45,180,ok,180
train/4-10/53.jpg,4,10,112.0,112.0,149.5,176.95,80.45,157.05,90,ok,90
train/4-10/57.jpg,4,10,112.0,112.0,74.5,47.05,143.55,66.95,270,ok,270
train/4-10/58.jpg,4,10,112.0,112.0,74.5,47.05,143.55,66.95,270,ok,270
train/4-10/6.jpg,4,10,112.0,112.0,74.5,47.05,143.55,66.95,270,ok,270
train/4-10/61.jpg,4,10,112.0,112.0,149.5,176.95,80.45,157.05,90,ok,90
train/4-10/62.jpg,4,10,112.0,112.0,176.95,74.5,157.05,143.55,0,ok,0
train/4-10/63.jpg,4,10,112.0,112.0,176.95,74.5,157.05,143.55,0,ok,0
train/4-10/64.jpg,4,10,112.0,112.0,176.95,74.5,157.05,143.55,0,ok,0
train/4-10/66.jpg,4,10,112.0,112.0,176.95,74.5,157.05,143.55,0,ok,0
train/4-10/67.jpg,4,10,112.0,112.0,47.05,149.5,66.95,80.45,180,ok,180
train/4-10/69.jpg,4,10,112.0,112.0,149.5,176.95,80.45,157.05,90,ok,90
train/4-10/71.jpg,4,10,112.0,112.0,74.5,47.05,143.55,66.95,270,ok,270
train/4-10/72.jpg,4,10,112.0,112.0,176.95,74.5,157.05,143.55,0,ok,0
train/4-10/75.jpg,4,10,112.0,112.0,47.05,149.5,66.95,80.45,180,ok,180
train/4-10/76.jpg,4,10,112.0,112.0,47.05,149.5,66.95,80.45,180,ok,180
train/4-10/78.jpg,4,10,112.0,112.0,176.95,74.5,157.05,143.55,0,ok,0
train/4-10/8.jpg,4,10,112.0,112.0,176.95,74.5,157.05,143.55,0,ok,0
train/4-10/82.jpg,4,10,112.0,112.0,74.5,47.05,143.55,66.95,270,ok,270
train/4-10/83.jpg,4,10,112.0,112.0,176.95,74.5,157.05,143.55,0,ok,0
train/4-10/85.jpg,4,10,112.0,112.0,176.95,74.5,157.05,143.55,0,ok,0
train/4-10/89.jpg,4,10,112.0,112.0,149.5,176.95,80.45,157.05,90,ok,90
train/4-10/9.jpg,4,10,112.0,112.0,176.95,74.5,157.05,143.55,0,ok,0
train/4-10/90.jpg,4,10,112.0,112.0,149.5,176.95,80.45,157.05,90,ok,90
train/4-10/91.jpg,4,10,112.0,112.0,176.95,74.5,157.05,143.55,0,ok,0
train/4-10/92.jpg,4,10,112.0,112.0,176.95,74.5,157.05,143.55,0,ok,0
train/4-10/93.jpg,4,10,112.0,112.0,74.5,47.05,143.55,66.95,270,ok,270
train/4-10/97.jpg,4,10,112.0,112.0,176.95,74.5,157.05,143.55,0,ok,0
train/4-10/98.jpg,4,10,112.0,112.0,47.05,149.5,66.95,80.45,180,ok,180
train/4-10/99.jpg,4,10,112.0,112.0,176.95,74.5,157.05,143.55,0,ok,0
train/4-15/1.jpg,4,15,112.0,112.0,112.0,187.0,78.52,155.63,90,ok,90
train/4-15/10.jpg,4,15,112.0,112.0,37.0,112.0,68.37,78.52,180,ok,180
train/4-15/12.jpg,4,15,112.0,112.0,187.0,112.0,155.63,145.48,0,ok,0
train/4-15/15.jpg,4,15,112.0,112.0,112.0,187.0,78.52,155.63,90,ok,90
train/4-15/16.jpg,4,15,112.0,112.0,37.0,112.0,68.37,78.52,180,ok,180
train/4-15/17.jpg,4,15,112.0,112.0,187.0,112.0,155.63,145.48,0,ok,0
train/4-15/18.jpg,4,15,112.0,112.0,187.0,112.0,155.63,145.48,0,ok,0
train/4-15/19.jpg,4,15,112.0,112.0,37.0,112.0,68.37,78.52,180,ok,180
train/4-15/2.jpg,4,15,112.0,112.0,187.0,112.0,155.63,145.48,0,ok,0
train/4-15/20.jpg,4,15,112.0,112.0,187.0,112.0,155.63,145.48,0,ok,0
train/4-15/21.jpg,4,15,112.0,112.0,112.0,187.0,78.52,155.63,90,ok,90
train/4-15/23.jpg,4,15,112.0,112.0,112.0,187.0,78.52,155.63,90,ok,90
train/4-15/24.jpg,4,15,112.0,112.0,37.0,112.0,68.37,78.52,180,ok,180
train/4-15/25.jpg,4,15,112.0,112.0,112.0,187.0,78.52,155.63,90,ok,90
train/4-15/26.jpg,4,15,112.0,112.0,112.0,37.0,145.48,68.37,270,ok,270
train/4-15/27.jpg,4,15,112.0,112.0,187.0,112.0,155.63,145.48,0,ok,0
train/4-15/29.jpg,4,15,112.0,112.0,187.0,112.0,155.63,145.48,0,ok,0
train/4-15/30.jpg,4,15,112.0,112.0,37.0,112.0,68.37,78.52,180,ok,180
train/4-15/31.jpg,4,15,112.0,112.0,187.0,112.0,155.63,145.48,0,ok,0
train/4-15/32.jpg,4,15,112.0,112.0,112.0,187.0,78.52,155.63,90,ok,90
train/4-15/33.jpg,4,15,112.0,112.0,112.0,37.0,145.48,68.37,270,ok,270
train/4-15/34.jpg,4,15,112.0,112.0,37.0,112.0,68.37,78.52,180,ok,180
train/4-15/35.jpg,4,15,112.0,112.0,37.0,112.0,68.37,78.52,180,ok,180
train/4-15/37.jpg,4,15,112.0,112.0,37.0,112.0,68.37,78.52,180,ok,180
train/4-15/38.jpg,4,15,112.0,112.0,37.0,112.0,68.37,78.52,180,ok,180
train/4-15/4.jpg,4,15,112.0,112.0,37.0,112.0,68.37,78.52,180,ok,180
train/4-15/40.jpg,4,15,112.0,112.0,37.0,112.0,68.37,78.52,180,ok,180
train/4-15/44.jpg,4,15,112.0,112.0,37.0,112.0,68.37,78.52,180,ok,180
train/4-15/47.jpg,4,15,112.0,112.0,37.0,112.0,68.37,78.52,180,ok,180
train/4-15/48.jpg,4,15,112.0,112.0,112.0,37.0,145.48,68.37,270,ok,270
train/4-15/49.jpg,4,15,112.0,112.0,112.0,187.0,78.52,155.63,90,ok,90
train/4-15/5.jpg,4,15,112.0,112.0,187.0,112.0,155.63,145.48,0,ok,0
train/4-15/50.jpg,4,15,112.0,112.0,187.0,112.0,155.63,145.48,0,ok,0
train/4-15/51.jpg,4,15,112.0,112.0,112.0,37.0,145.48,68.37,270,ok,270
train/4-15/53.jpg,4,15,112.0,112.0,37.0,112.0,68.37,78.52,180,ok,180
train/4-15/54.jpg,4,15,112.0,112.0,187.0,112.0,155.63,145.48,0,ok,0
train/4-15/56.jpg,4,15,112.0,112.0,37.0,112.0,68.37,78.52,180,ok,180
train/4-15/61.jpg,4,15,112.0,112.0,112.0,187.0,78.52,155.63,90,ok,90
train/4-15/62.jpg,4,15,112.0,112.0,112.0,187.0,78.52,155.63,90,ok,90
train/4-15/63.jpg,4,15,112.0,112.0,187.0,112.0,155.63,145.48,0,ok,0
train/4-15/64.jpg,4,15,112.0,112.0,112.0,187.0,78.52,155.63,90,ok,90
train/4-15/66.jpg,4,15,112.0,112.0,187.0,112.0,155.63,145.48,0,ok,0
train/4-15/67.jpg,4,15,112.0,112.0,187.0,112.0,155.63,145.48,0,ok,0
train/4-15/69.jpg,4,15,112.0,112.0,112.0,187.0,78.52,155.63,90,ok,90
train/4-15/7.jpg,4,15,112.0,112.0,187.0,112.0,155.63,145.48,0,ok,0
train/4-15/70.jpg,4,15,112.0,112.0,37.0,112.0,68.37,78.52,180,ok,180
train/4-15/72.jpg,4,15,112.0,112.0,112.0,187.0,78.52,155.63,90,ok,90
train/4-15/73.jpg,4,15,112.0,112.0,112.0,187.0,78.52,155.63,90,ok,90
train/4-15/75.jpg,4,15,112.0,112.0,37.0,112.0,68.37,78.52,180,ok,180
train/4-15/76.jpg,4,15,112.0,112.0,37.0,112.0,68.37,78.52,180,ok,180
train/4-15/78.jpg,4,15,112.0,112.0,187.0,112.0,155.63,145.48,0,ok,0
train/4-15/80.jpg,4,15,112.0,112.0,112.0,187.0,78.52,155.63,90,ok,90
train/4-15/81.jpg,4,15,112.0,112.0,37.0,112.0,68.37,78.52,180,ok,180
train/4-15/82.jpg,4,15,112.0,112.0,187.0,112.0,155.63,145.48,0,ok,0
train/4-15/83.jpg,4,15,112.0,112.0,187.0,112.0,155.63,145.48,0,ok,0
train/4-15/84.jpg,4,15,112.0,112.0,187.0,112.0,155.63,145.48,0,ok,0
train/4-15/85.jpg,4,15,112.0,112.0,187.0,112.0,155.63,145.48,0,ok,0
train/4-15/86.jpg,4,15,112.0,112.0,187.0,112.0,155.63,145.48,0,ok,0
train/4-15/87.jpg,4,15,112.0,112.0,187.0,112.0,155.63,145.48,0,ok,0
train/4-15/88.jpg,4,15,112.0,112.0,187.0,112.0,155.63,145.48,0,ok,0
train/4-15/89.jpg,4,15,112.0,112.0,37.0,112.0,68.37,78.52,180,ok,180
train/4-15/90.jpg,4,15,112.0,112.0,187.0,112.0,155.63,145.48,0,ok,0
train/4-15/91.jpg,4,15,112.0,112.0,187.0,112.0,155.63,145.48,0,ok,0
train/4-15/92.jpg,4,15,112.0,112.0,37.0,112.0,68.37,78.52,180,ok,180
train/4-15/96.jpg,4,15,112.0,112.0,187.0,112.0,155.63,145.48,0,ok,0
train/4-15/99.jpg,4,15,112.0,112.0,187.0,112.0,155.63,145.48,0,ok,0
train/4-20/0.jpg,4,20,112.0,112.0,74.5,176.95,76.65,154.13,90,ok,90
train/4-20/1.jpg,4,20,112.0,112.0,149.5,47.05,147.35,69.87,270,ok,270
train/4-20/10.jpg,4,20,112.0,112.0,74.5,176.95,76.65,154.13,90,ok,90
train/4-20/13.jpg,4,20,112.0,112.0,47.05,74.5,69.87,76.65,180,ok,180
train/4-20/14.jpg,4,20,112.0,112.0,74.5,176.95,76.65,154.13,90,ok,90
train/4-20/15.jpg,4,20,112.0,112.0,176.95,149.5,154.13,147.35,0,ok,0
train/4-20/16.jpg,4,20,112.0,112.0,176.95,149.5,154.13,147.35,0,ok,0
train/4-20/18.jpg,4,20,112.0,112.0,176.95,149.5,154.13,147.35,0,ok,0
train/4-20/2.jpg,4,20,112.0,112.0,176.95,149.5,154.13,147.35,0,ok,0
train/4-20/20.jpg,4,20,112.0,112.0,47.05,74.5,69.87,76.65,180,ok,180
train/4-20/21.jpg,4,20,112.0,112.0,149.5,47.05,147.35,69.87,270,ok,270
train/4-20/24.jpg,4,20,112.0,112.0,176.95,149.5,154.13,147.35,0,ok,0
train/4-20/26.jpg,4,20,112.0,112.0,149.5,47.05,147.35,69.87,270,ok,270
train/4-20/28.jpg,4,20,112.0,112.0,176.95,149.5,154.13,147.35,0,ok,0
train/4-20/30.jpg,4,20,112.0,112.0,47.05,74.5,69.87,76.65,180,ok,180
train/4-20/31.jpg,4,20,112.0,112.0,47.05,74.5,69.87,76.65,180,ok,180
train/4-20/33.jpg,4,20,112.0,112.0,176.95,149.5,154.13,147.35,0,ok,0
train/4-20/34.jpg,4,20,112.0,112.0,176.95,149.5,154.13,147.35,0,ok,0
train/4-20/35.jpg,4,20,112.0,112.0,176.95,149.5,154.13,147.35,0,ok,0
train/4-20/37.jpg,4,20,112.0,112.0,176.95,149.5,154.13,147.35,0,ok,0
train/4-20/4.jpg,4,20,112.0,112.0,74.5,176.95,76.65,154.13,90,ok,90
train/4-20/40.jpg,4,20,112.0,112.0,74.5,176.95,76.65,154.13,90,ok,90
train/4-20/42.jpg,4,20,112.0,112.0,176.95,149.5,154.13,147.35,0,ok,0
train/4-20/44.jpg,4,20,112.0,112.0,176.95,149.5,154.13,147.35,0,ok,0
train/4-20/46.jpg,4,20,112.0,112.0,149.5,47.05,147.35,69.87,270,ok,270
train/4-20/47.jpg,4,20,112.0,112.0,149.5,47.05,147.35,69.87,270,ok,270
train/4-20/50.jpg,4,20,112.0,112.0,149.5,47.05,147.35,69.87,270,ok,270
train/4-20/51.jpg,4,20,112.0,112.0,74.5,176.95,76.65,154.13,90,ok,90
train/4-20/52.jpg,4,20,112.0,112.0,47.05,74.5,69.87,76.65,180,ok,180
train/4-20/53.jpg,4,20,112.0,112.0,176.95,149.5,154.13,147.35,0,ok,0
train/4-20/55.jpg,4,20,112.0,112.0,176.95,149.5,154.13,147.35,0,ok,0
train/4-20/56.jpg,4,20,112.0,112.0,149.5,47.05,147.35,69.87,270,ok,270
train/4-20/57.jpg,4,20,112.0,112.0,149.5,47.05,147.35,69.87,270,ok,270
train/4-20/60.jpg,4,20,112.0,112.0,47.05,74.5,69.87,76.65,180,ok,180
train/4-20/61.jpg,4,20,112.0,112.0,74.5,176.95,76.65,154.13,90,ok,90
train/4-20/62.jpg,4,20,112.0,112.0,47.05,74.5,69.87,76.65,180,ok,180
train/4-20/65.jpg,4,20,112.0,112.0,74.5,176.95,76.65,154.13,90,ok,90
train/4-20/66.jpg,4,20,112.0,112.0,149.5,47.05,147.35,69.87,270,ok,270
train/4-20/7.jpg,4,20,112.0,112.0,176.95,149.5,154.13,147.35,0,ok,0
train/4-20/71.jpg,4,20,112.0,112.0,149.5,47.05,147.35,69.87,270,ok,270
train/4-20/72.jpg,4,20,112.0,112.0,176.95,149.5,154.13,147.35,0,ok,0
train/4-20/74.jpg,4,20,112.0,112.0,74.5,176.95,76.65,154.13,90,ok,90
train/4-20/75.jpg,4,20,112.0,112.0,176.95,149.5,154.13,147.35,0,ok,0
train/4-20/76.jpg,4,20,112.0,112.0,149.5,47.05,147.35,69.87,270,ok,270
train/4-20/78.jpg,4,20,112.0,112.0,176.95,149.5,154.13,147.35,0,ok,0
train/4-20/79.jpg,4,20,112.0,112.0,149.5,47.05,147.35,69.87,270,ok,270
train/4-20/8.jpg,4,20,112.0,112.0,176.95,149.5,154.13,147.35,0,ok,0
train/4-20/80.jpg,4,20,112.0,112.0,74.5,176.95,76.65,154.13,90,ok,90
train/4-20/81.jpg,4,20,112.0,112.0,47.05,74.5,69.87,76.65,180,ok,180
train/4-20/82.jpg,4,20,112.0,112.0,176.95,149.5,154.13,147.35,0,ok,0
train/4-20/83.jpg,4,20,112.0,112.0,176.95,149.5,154.13,147.35,0,ok,0
train/4-20/84.jpg,4,20,112.0,112.0,176.95,149.5,154.13,147.35,0,ok,0
train/4-20/85.jpg,4,20,112.0,112.0,149.5,47.05,147.35,69.87,270,ok,270
train/4-20/86.jpg,4,20,112.0,112.0,47.05,74.5,69.87,76.65,180,ok,180
train/4-20/87.jpg,4,20,112.0,112.0,149.5,47.05,147.35,69.87,270,ok,270
train/4-20/88.jpg,4,20,112.0,112.0,176.95,149.5,154.13,147.35,0,ok,0
train/4-20/89.jpg,4,20,112.0,112.0,176.95,149.5,154.13,147.35,0,ok,0
train/4-20/9.jpg,4,20,112.0,112.0,176.95,149.5,154.13,147.35,0,ok,0
train/4-20/90.jpg,4,20,112.0,112.0,176.95,149.5,154.13,147.35,0,ok,0
train/4-20/91.jpg,4,20,112.0,112.0,74.5,176.95,76.65,154.13,90,ok,90
train/4-20/92.jpg,4,20,112.0,112.0,74.5,176.95,76.65,154.13,90,ok,90
train/4-20/93.jpg,4,20,112.0,112.0,176.95,149.5,154.13,147.35,0,ok,0
train/4-20/95.jpg,4,20,112.0,112.0,176.95,149.5,154.13,147.35,0,ok,0
train/4-20/96.jpg,4,20,112.0,112.0,176.95,149.5,154.13,147.35,0,ok,0
train/4-20/97.jpg,4,20,112.0,112.0,47.05,74.5,69.87,76.65,180,ok,180
train/4-20/99.jpg,4,20,112.0,112.0,176.95,149.5,154.13,147.35,0,ok,0
train/4-25/0.jpg,4,25,112.0,112.0,149.5,176.95,152.55,149.16,0,ok,0
train/4-25/10.jpg,4,25,112.0,112.0,149.5,176.95,152.55,149.16,0,ok,0
train/4-25/12.jpg,4,25,112.0,112.0,149.5,176.95,152.55,149.16,0,ok,0
train/4-25/13.jpg,4,25,112.0,112.0,149.5,176.95,152.55,149.16,0,ok,0
train/4-25/15.jpg,4,25,112.0,112.0,149.5,176.95,152.55,149.16,0,ok,0
train/4-25/16.jpg,4,25,112.0,112.0,149.5,176.95,152.55,149.16,0,ok,0
train/4-25/18.jpg,4,25,112.0,112.0,47.05,149.5,74.84,152.55,90,ok,90
train/4-25/19.jpg,4,25,112.0,112.0,149.5,176.95,152.55,149.16,0,ok,0
train/4-25/2.jpg,4,25,112.0,112.0,149.5,176.95,152.55,149.16,0,ok,0
train/4-25/20.jpg,4,25,112.0,112.0,149.5,176.95,152.55,149.16,0,ok,0
train/4-25/21.jpg,4,25,112.0,112.0,74.5,47.05,71.45,74.84,180,ok,180
train/4-25/23.jpg,4,25,112.0,112.0,74.5,47.05,71.45,74.84,180,ok,180
train/4-25/24.jpg,4,25,112.0,112.0,149.5,176.95,152.55,149.16,0,ok,0
train/4-25/26.jpg,4,25,112.0,112.0,176.95,74.5,149.16,71.45,270,ok,270
train/4-25/29.jpg,4,25,112.0,112.0,176.95,74.5,149.16,71.45,270,ok,270
train/4-25/3.jpg,4,25,112.0,112.0,149.5,176.95,152.55,149.16,0,ok,0
train/4-25/30.jpg,4,25,112.0,112.0,47.05,149.5,74.84,152.55,90,ok,90
train/4-25/31.jpg,4,25,112.0,112.0,149.5,176.95,152.55,149.16,0,ok,0
train/4-25/33.jpg,4,25,112.0,112.0,149.5,176.95,152.55,149.16,0,ok,0
train/4-25/37.jpg,4,25,112.0,112.0,149.5,176.95,152.55,149.16,0,ok,0
train/4-25/38.jpg,4,25,112.0,112.0,149.5,176.95,152.55,149.16,0,ok,0
train/4-25/4.jpg,4,25,112.0,112.0,149.5,176.95,152.55,149.16,0,ok,0
train/4-25/42.jpg,4,25,112.0,112.0,176.95,74.5,149.16,71.45,270,ok,270
train/4-25/43.jpg,4,25,112.0,112.0,47.05,149.5,74.84,152.55,90,ok,90
train/4-25/48.jpg,4,25,112.0,112.0,149.5,176.95,152.55,149.16,0,ok,0
train/4-25/49.jpg,4,25,112.0,112.0,149.5,176.95,152.55,149.16,0,ok,0
train/4-25/5.jpg,4,25,112.0,112.0,176.95,74.5,149.16,71.45,270,ok,270
train/4-25/50.jpg,4,25,112.0,112.0,176.95,74.5,149.16,71.45,270,ok,270
train/4-25/52.jpg,4,25,112.0,112.0,149.5,176.95,152.55,149.16,0,ok,0
train/4-25/53.jpg,4,25,112.0,112.0,176.95,74.5,149.16,71.45,270,ok,270
train/4-25/56.jpg,4,25,112.0,112.0,149.5,176.95,152.55,149.16,0,ok,0
train/4-25/57.jpg,4,25,112.0,112.0,176.95,74.5,149.16,71.45,270,ok,270
train/4-25/60.jpg,4,25,112.0,112.0,176.95,74.5,149.16,71.45,270,ok,270
train/4-25/61.jpg,4,25,112.0,112.0,74.5,47.05,71.45,74.84,180,ok,180
train/4-25/62.jpg,4,25,112.0,112.0,149.5,176.95,152.55,149.16,0,ok,0
train/4-25/63.jpg,4,25,112.0,112.0,149.5,176.95,152.55,149.16,0,ok,0
train/4-25/64.jpg,4,25,112.0,112.0,74.5,47.05,71.45,74.84,180,ok,180
train/4-25/66.jpg,4,25,112.0,112.0,149.5,176.95,152.55,149.16,0,ok,0
train/4-25/67.jpg,4,25,112.0,112.0,176.95,74.5,149.16,71.45,270,ok,270
train/4-25/68.jpg,4,25,112.0,112.0,74.5,47.05,71.45,74.84,180,ok,180
train/4-25/7.jpg,4,25,112.0,112.0,149.5,176.95,152.55,149.16,0,ok,0
train/4-25/73.jpg,4,25,112.0,112.0,47.05,149.5,74.84,152.55,90,ok,90
train/4-25/74.jpg,4,25,112.0,112.0,47.05,149.5,74.84,152.55,90,ok,90
train/4-25/76.jpg,4,25,112.0,112.0,176.95,74.5,149.16,71.45,270,ok,270
train/4-25/78.jpg,4,25,112.0,112.0,149.5,176.95,152.55,149.16,0,ok,0
train/4-25/80.jpg,4,25,112.0,112.0,149.5,176.95,152.55,149.16,0,ok,0
train/4-25/81.jpg,4,25,112.0,112.0,47.05,149.5,74.84,152.55,90,ok,90
train/4-25/82.jpg,4,25,112.0,112.0,149.5,176.95,152.55,149.16,0,ok,0
train/4-25/83.jpg,4,25,112.0,112.0,176.95,74.5,149.16,71.45,270,ok,270
train/4-25/84.jpg,4,25,112.0,112.0,74.5,47.05,71.45,74.84,180,ok,180
train/4-25/86.jpg,4,25,112.0,112.0,149.5,176.95,152.55,149.16,0,ok,0
train/4-25/87.jpg,4,25,112.0,112.0,149.5,176.95,152.55,149.16,0,ok,0
train/4-25/88.jpg,4,25,112.0,112.0,47.05,149.5,74.84,152.55,90,ok,90
train/4-25/89.jpg,4,25,112.0,112.0,149.5,176.95,152.55,149.16,0,ok,0
train/4-25/9.jpg,4,25,112.0,112.0,74.5,47.05,71.45,74.84,180,ok,180
train/4-25/90.jpg,4,25,112.0,112.0,47.05,149.5,74.84,152.55,90,ok,90
train/4-25/91.jpg,4,25,112.0,112.0,47.05,149.5,74.84,152.55,90,ok,90
train/4-25/92.jpg,4,25,112.0,112.0,149.5,176.95,152.55,149.16,0,ok,0
train/4-25/93.jpg,4,25,112.0,112.0,149.5,176.95,152.55,149.16,0,ok,0
train/4-25/95.jpg,4,25,112.0,112.0,74.5,47.05,71.45,74.84,180,ok,180
train/4-25/96.jpg,4,25,112.0,112.0,149.5,176.95,152.55,149.16,0,ok,0
train/4-25/99.jpg,4,25,112.0,112.0,176.95,74.5,149.16,71.45,270,ok,270
train/4-30/0.jpg,4,30,112.0,112.0,112.0,37.0,73.11,73.11,180,ok,180
train/4-30/10.jpg,4,30,112.0,112.0,187.0,112.0,150.89,73.11,270,ok,270
train/4-30/14.jpg,4,30,112.0,112.0,112.0,187.0,150.89,150.89,0,ok,0
train/4-30/16.jpg,4,30,112.0,112.0,112.0,187.0,150.89,150.89,0,ok,0
train/4-30/17.jpg,4,30,112.0,112.0,112.0,187.0,150.89,150.89,0,ok,0
train/4-30/19.jpg,4,30,112.0,112.0,37.0,112.0,73.11,150.89,90,ok,90
train/4-30/21.jpg,4,30,112.0,112.0,112.0,37.0,73.11,73.11,180,ok,180
train/4-30/23.jpg,4,30,112.0,112.0,112.0,187.0,150.89,150.89,0,ok,0
train/4-30/24.jpg,4,30,112.0,112.0,112.0,187.0,150.89,150.89,0,ok,0
train/4-30/26.jpg,4,30,112.0,112.0,112.0,37.0,73.11,73.11,180,ok,180
train/4-30/27.jpg,4,30,112.0,112.0,37.0,112.0,73.11,150.89,90,ok,90
train/4-30/28.jpg,4,30,112.0,112.0,112.0,187.0,150.89,150.89,0,ok,0
train/4-30/30.jpg,4,30,112.0,112.0,112.0,187.0,150.89,150.89,0,ok,0
train/4-30/31.jpg,4,30,112.0,112.0,187.0,112.0,150.89,73.11,270,ok,270
train/4-30/33.jpg,4,30,112.0,112.0,112.0,37.0,73.11,73.11,180,ok,180
train/4-30/37.jpg,4,30,112.0,112.0,112.0,187.0,150.89,150.89,0,ok,0
train/4-30/38.jpg,4,30,112.0,112.0,37.0,112.0,73.11,150.89,90,ok,90
train/4-30/4.jpg,4,30,112.0,112.0,112.0,37.0,73.11,73.11,180,ok,180
train/4-30/44.jpg,4,30,112.0,112.0,112.0,187.0,150.89,150.89,0,ok,0
train/4-30/45.jpg,4,30,112.0,112.0,112.0,187.0,150.89,150.89,0,ok,0
train/4-30/46.jpg,4,30,112.0,112.0,37.0,112.0,73.11,150.89,90,ok,90
train/4-30/47.jpg,4,30,112.0,112.0,112.0,187.0,150.89,150.89,0,ok,0
train/4-30/48.jpg,4,30,112.0,112.0,112.0,187.0,150.89,150.89,0,ok,0
train/4-30/5.jpg,4,30,112.0,112.0,37.0,112.0,73.11,150.89,90,ok,90
train/4-30/50.jpg,4,30,112.0,112.0,112.0,187.0,150.89,150.89,0,ok,0
train/4-30/51.jpg,4,30,112.0,112.0,112.0,187.0,150.89,150.89,0,ok,0
train/4-30/52.jpg,4,30,112.0,112.0,37.0,112.0,73.11,150.89,90,ok,90
train/4-30/53.jpg,4,30,112.0,112.0,112.0,187.0,150.89,150.89,0,ok,0
train/4-30/56.jpg,4,30,112.0,112.0,187.0,112.0,150.89,73.11,270,ok,270
train/4-30/6.jpg,4,30,112.0,112.0,112.0,37.0,73.11,73.11,180,ok,180
train/4-30/60.jpg,4,30,112.0,112.0,112.0,187.0,150.89,150.89,0,ok,0
train/4-30/61.jpg,4,30,112.0,112.0,37.0,112.0,73.11,150.89,90,ok,90
train/4-30/64.jpg,4,30,112.0,112.0,112.0,37.0,73.11,73.11,180,ok,180
train/4-30/66.jpg,4,30,112.0,112.0,37.0,112.0,73.11,150.89,90,ok,90
train/4-30/67.jpg,4,30,112.0,112.0,112.0,187.0,150.89,150.89,0,ok,0
train/4-30/69.jpg,4,30,112.0,112.0,37.0,112.0,73.11,150.89,90,ok,90
train/4-30/7.jpg,4,30,112.0,112.0,187.0,112.0,150.89,73.11,270,ok,270
train/4-30/71.jpg,4,30,112.0,112.0,187.0,112.0,150.89,73.11,270,ok,270
train/4-30/72.jpg,4,30,112.0,112.0,112.0,187.0,150.89,150.89,0,ok,0
train/4-30/73.jpg,4,30,112.0,112.0,112.0,187.0,150.89,150.89,0,ok,0
train/4-30/75.jpg,4,30,112.0,112.0,112.0,187.0,150.89,150.89,0,ok,0
train/4-30/77.jpg,4,30,112.0,112.0,112.0,187.0,150.89,150.89,0,ok,0
train/4-30/78.jpg,4,30,112.0,112.0,112.0,187.0,150.89,150.89,0,ok,0
train/4-30/79.jpg,4,30,112.0,112.0,112.0,187.0,150.89,150.89,0,ok,0
train/4-30/82.jpg,4,30,112.0,112.0,112.0,187.0,150.89,150.89,0,ok,0
train/4-30/83.jpg,4,30,112.0,112.0,112.0,187.0,150.89,150.89,0,ok,0
train/4-30/84.jpg,4,30,112.0,112.0,112.0,187.0,150.89,150.89,0,ok,0
train/4-30/85.jpg,4,30,112.0,112.0,112.0,187.0,150.89,150.89,0,ok,0
train/4-30/86.jpg,4,30,112.0,112.0,112.0,37.0,73.11,73.11,180,ok,180
train/4-30/87.jpg,4,30,112.0,112.0,112.0,187.0,150.89,150.89,0,ok,0
train/4-30/9.jpg,4,30,112.0,112.0,112.0,37.0,73.11,73.11,180,ok,180
train/4-30/90.jpg,4,30,112.0,112.0,187.0,112.0,150.89,73.11,270,ok,270
train/4-30/91.jpg,4,30,112.0,112.0,112.0,187.0,150.89,150.89,0,ok,0
train/4-30/92.jpg,4,30,112.0,112.0,112.0,187.0,150.89,150.89,0,ok,0
train/4-30/93.jpg,4,30,112.0,112.0,112.0,37.0,73.11,73.11,180,ok,180
train/4-30/96.jpg,4,30,112.0,112.0,112.0,187.0,150.89,150.89,0,ok,0
train/4-30/98.jpg,4,30,112.0,112.0,112.0,187.0,150.89,150.89,0,ok,0
train/4-30/99.jpg,4,30,112.0,112.0,187.0,112.0,150.89,73.11,270,ok,270
train/4-35/1.jpg,4,35,112.0,112.0,74.5,176.95,149.16,152.55,0,ok,0
train/4-35/10.jpg,4,35,112.0,112.0,176.95,149.5,152.55,74.84,270,ok,270
train/4-35/12.jpg,4,35,112.0,112.0,47.05,74.5,71.45,149.16,90,ok,90
train/4-35/13.jpg,4,35,112.0,112.0,74.5,176.95,149.16,152.55,0,ok,0
train/4-35/14.jpg,4,35,112.0,112.0,149.5,47.05,74.84,71.45,180,ok,180
train/4-35/16.jpg,4,35,112.0,112.0,176.95,149.5,152.55,74.84,270,ok,270
train/4-35/19.jpg,4,35,112.0,112.0,149.5,47.05,74.84,71.45,180,ok,180
train/4-35/20.jpg,4,35,112.0,112.0,74.5,176.95,149.16,152.55,0,ok,0
train/4-35/21.jpg,4,35,112.0,112.0,74.5,176.95,149.16,152.55,0,ok,0
train/4-35/22.jpg,4,35,112.0,112.0,74.5,176.95,149.16,152.55,0,ok,0
train/4-35/23.jpg,4,35,112.0,112.0,47.05,74.5,71.45,149.16,90,ok,90
train/4-35/26.jpg,4,35,112.0,112.0,149.5,47.05,74.84,71.45,180,ok,180
train/4-35/30.jpg,4,35,112.0,112.0,74.5,176.95,149.16,152.55,0,ok,0
train/4-35/31.jpg,4,35,112.0,112.0,149.5,47.05,74.84,71.45,180,ok,180
train/4-35/32.jpg,4,35,112.0,112.0,74.5,176.95,149.16,152.55,0,ok,0
train/4-35/33.jpg,4,35,112.0,112.0,47.05,74.5,71.45,149.16,90,ok,90
train/4-35/35.jpg,4,35,112.0,112.0,74.5,176.95,149.16,152.55,0,ok,0
train/4-35/37.jpg,4,35,112.0,112.0,74.5,176.95,149.16,152.55,0,ok,0
train/4-35/38.jpg,4,35,112.0,112.0,74.5,176.95,149.16,152.55,0,ok,0
train/4-35/4.jpg,4,35,112.0,112.0,74.5,176.95,149.16,152.55,0,ok,0
train/4-35/42.jpg,4,35,112.0,112.0,74.5,176.95,149.16,152.55,0,ok,0
train/4-35/45.jpg,4,35,112.0,112.0,176.95,149.5,152.55,74.84,270,ok,270
train/4-35/46.jpg,4,35,112.0,112.0,176.95,149.5,152.55,74.84,270,ok,270
train/4-35/47.jpg,4,35,112.0,112.0,74.5,176.95,149.16,152.55,0,ok,0
train/4-35/48.jpg,4,35,112.0,112.0,149.5,47.05,74.84,71.45,180,ok,180
train/4-35/49.jpg,4,35,112.0,112.0,176.95,149.5,152.55,74.84,270,ok,270
train/4-35/5.jpg,4,35,112.0,112.0,149.5,47.05,74.84,71.45,180,ok,180
train/4-35/50.jpg,4,35,112.0,112.0,74.5,176.95,149.16,152.55,0,ok,0
train/4-35/51.jpg,4,35,112.0,112.0,74.5,176.95,149.16,152.55,0,ok,0
train/4-35/52.jpg,4,35,112.0,112.0,74.5,176.95,149.16,152.55,0,ok,0
train/4-35/53.jpg,4,35,112.0,112.0,176.95,149.5,152.55,74.84,270,ok,270
train/4-35/55.jpg,4,35,112.0,112.0,176.95,149.5,152.55,74.84,270,ok,270
train/4-35/56.jpg,4,35,112.0,112.0,176.95,149.5,152.55,74.84,270,ok,270
train/4-35/57.jpg,4,35,112.0,112.0,74.5,176.95,149.16,152.55,0,ok,0
train/4-35/61.jpg,4,35,112.0,112.0,74.5,176.95,149.16,152.55,0,ok,0
train/4-35/62.jpg,4,35,112.0,112.0,176.95,149.5,152.55,74.84,270,ok,270
train/4-35/63.jpg,4,35,112.0,112.0,74.5,176.95,149.16,152.55,0,ok,0
train/4-35/64.jpg,4,35,112.0,112.0,149.5,47.05,74.84,71.45,180,ok,180
train/4-35/66.jpg,4,35,112.0,112.0,74.5,176.95,149.16,152.55,0,ok,0
train/4-35/67.jpg,4,35,112.0,112.0,74.5,176.95,149.16,152.55,0,ok,0
train/4-35/68.jpg,4,35,112.0,112.0,47.05,74.5,71.45,149.16,90,ok,90
train/4-35/69.jpg,4,35,112.0,112.0,149.5,47.05,74.84,71.45,180,ok,180
train/4-35/7.jpg,4,35,112.0,112.0,47.05,74.5,71.45,149.16,90,ok,90
train/4-35/72.jpg,4,35,112.0,112.0,74.5,176.95,149.16,152.55,0,ok,0
train/4-35/73.jpg,4,35,112.0,112.0,176.95,149.5,152.55,74.84,270,ok,270
train/4-35/74.jpg,4,35,112.0,112.0,74.5,176.95,149.16,152.55,0,ok,0
train/4-35/75.jpg,4,35,112.0,112.0,74.5,176.95,149.16,152.55,0,ok,0
train/4-35/76.jpg,4,35,112.0,112.0,74.5,176.95,149.16,152.55,0,ok,0
train/4-35/77.jpg,4,35,112.0,112.0,149.5,47.05,74.84,71.45,180,ok,180
train/4-35/78.jpg,4,35,112.0,112.0,74.5,176.95,149.16,152.55,0,ok,0
train/4-35/79.jpg,4,35,112.0,112.0,74.5,176.95,149.16,152.55,0,ok,0
train/4-35/8.jpg,4,35,112.0,112.0,47.05,74.5,71.45,149.16,90,ok,90
train/4-35/80.jpg,4,35,112.0,112.0,74.5,176.95,149.16,152.55,0,ok,0
train/4-35/82.jpg,4,35,112.0,112.0,74.5,176.95,149.16,152.55,0,ok,0
train/4-35/83.jpg,4,35,112.0,112.0,74.5,176.95,149.16,152.55,0,ok,0
train/4-35/84.jpg,4,35,112.0,112.0,74.5,176.95,149.16,152.55,0,ok,0
train/4-35/85.jpg,4,35,112.0,112.0,149.5,47.05,74.84,71.45,180,ok,180
train/4-35/86.jpg,4,35,112.0,112.0,176.95,149.5,152.55,74.84,270,ok,270
train/4-35/87.jpg,4,35,112.0,112.0,74.5,176.95,149.16,152.55,0,ok,0
train/4-35/88.jpg,4,35,112.0,112.0,74.5,176.95,149.16,152.55,0,ok,0
train/4-35/89.jpg,4,35,112.0,112.0,149.5,47.05,74.84,71.45,180,ok,180
train/4-35/9.jpg,4,35,112.0,112.0,47.05,74.5,71.45,149.16,90,ok,90
train/4-35/92.jpg,4,35,112.0,112.0,74.5,176.95,149.16,152.55,0,ok,0
train/4-35/93.jpg,4,35,112.0,112.0,74.5,176.95,149.16,152.55,0,ok,0
train/4-35/94.jpg,4,35,112.0,112.0,74.5,176.95,149.16,152.55,0,ok,0
train/4-35/96.jpg,4,35,112.0,112.0,74.5,176.95,149.16,152.55,0,ok,0
train/4-35/97.jpg,4,35,112.0,112.0,176.95,149.5,152.55,74.84,270,ok,270
train/4-35/98.jpg,4,35,112.0,112.0,47.05,74.5,71.45,149.16,90,ok,90
train/4-35/99.jpg,4,35,112.0,112.0,47.05,74.5,71.45,149.16,90,ok,90
train/4-40/0.jpg,4,40,112.0,112.0,47.05,149.5,147.35,154.13,0,ok,0
train/4-40/1.jpg,4,40,112.0,112.0,176.95,74.5,76.65,69.87,180,ok,180
train/4-40/10.jpg,4,40,112.0,112.0,47.05,149.5,147.35,154.13,0,ok,0
train/4-40/12.jpg,4,40,112.0,112.0,47.05,149.5,147.35,154.13,0,ok,0
train/4-40/15.jpg,4,40,112.0,112.0,149.5,176.95,154.13,76.65,270,ok,270
train/4-40/17.jpg,4,40,112.0,112.0,149.5,176.95,154.13,76.65,270,ok,270
train/4-40/19.jpg,4,40,112.0,112.0,47.05,149.5,147.35,154.13,0,ok,0
train/4-40/21.jpg,4,40,112.0,112.0,74.5,47.05,69.87,147.35,90,ok,90
train/4-40/22.jpg,4,40,112.0,112.0,47.05,149.5,147.35,154.13,0,ok,0
train/4-40/23.jpg,4,40,112.0,112.0,149.5,176.95,154.13,76.65,270,ok,270
train/4-40/28.jpg,4,40,112.0,112.0,74.5,47.05,69.87,147.35,90,ok,90
train/4-40/29.jpg,4,40,112.0,112.0,47.05,149.5,147.35,154.13,0,ok,0
train/4-40/3.jpg,4,40,112.0,112.0,149.5,176.95,154.13,76.65,270,ok,270
train/4-40/30.jpg,4,40,112.0,112.0,74.5,47.05,69.87,147.35,90,ok,90
train/4-40/31.jpg,4,40,112.0,112.0,149.5,176.95,154.13,76.65,270,ok,270
train/4-40/37.jpg,4,40,112.0,112.0,149.5,176.95,154.13,76.65,270,ok,270
train/4-40/38.jpg,4,40,112.0,112.0,149.5,176.95,154.13,76.65,270,ok,270
train/4-40/44.jpg,4,40,112.0,112.0,47.05,149.5,147.35,154.13,0,ok,0
train/4-40/45.jpg,4,40,112.0,112.0,176.95,74.5,76.65,69.87,180,ok,180
train/4-40/46.jpg,4,40,112.0,112.0,149.5,176.95,154.13,76.65,270,ok,270
train/4-40/48.jpg,4,40,112.0,112.0,149.5,176.95,154.13,76.65,270,ok,270
train/4-40/5.jpg,4,40,112.0,112.0,47.05,149.5,147.35,154.13,0,ok,0
train/4-40/51.jpg,4,40,112.0,112.0,74.5,47.05,69.87,147.35,90,ok,90
train/4-40/56.jpg,4,40,112.0,112.0,149.5,176.95,154.13,76.65,270,ok,270
train/4-40/60.jpg,4,40,112.0,112.0,176.95,74.5,76.65,69.87,180,ok,180
train/4-40/63.jpg,4,40,112.0,112.0,47.05,149.5,147.35,154.13,0,ok,0
train/4-40/66.jpg,4,40,112.0,112.0,47.05,149.5,147.35,154.13,0,ok,0
train/4-40/67.jpg,4,40,112.0,112.0,47.05,149.5,147.35,154.13,0,ok,0
train/4-40/7.jpg,4,40,112.0,112.0,47.05,149.5,147.35,154.13,0,ok,0
train/4-40/71.jpg,4,40,112.0,112.0,176.95,74.5,76.65,69.87,180,ok,180
train/4-40/73.jpg,4,40,112.0,112.0,149.5,176.95,154.13,76.65,270,ok,270
train/4-40/74.jpg,4,40,112.0,112.0,176.95,74.5,76.65,69.87,180,ok,180
train/4-40/75.jpg,4,40,112.0,112.0,74.5,47.05,69.87,147.35,90,ok,90
train/4-40/76.jpg,4,40,112.0,112.0,47.05,149.5,147.35,154.13,0,ok,0
train/4-40/78.jpg,4,40,112.0,112.0,74.5,47.05,69.87,147.35,90,ok,90
train/4-40/8.jpg,4,40,112.0,112.0,149.5,176.95,154.13,76.65,270,ok,270
train/4-40/81.jpg,4,40,112.0,112.0,149.5,176.95,154.13,76.65,270,ok,270
train/4-40/82.jpg,4,40,112.0,112.0,47.05,149.5,147.35,154.13,0,ok,0
train/4-40/86.jpg,4,40,112.0,112.0,47.05,149.5,147.35,154.13,0,ok,0
train/4-40/87.jpg,4,40,112.0,112.0,149.5,176.95,154.13,76.65,270,ok,270
train/4-40/89.jpg,4,40,112.0,112.0,176.95,74.5,76.65,69.87,180,ok,180
train/4-40/90.jpg,4,40,112.0,112.0,47.05,149.5,147.35,154.13,0,ok,0
train/4-40/91.jpg,4,40,112.0,112.0,74.5,47.05,69.87,147.35,90,ok,90
train/4-40/92.jpg,4,40,112.0,112.0,149.5,176.95,154.13,76.65,270,ok,270
train/4-40/93.jpg,4,40,112.0,112.0,47.05,149.5,147.35,154.13,0,ok,0
train/4-40/94.jpg,4,40,112.0,112.0,149.5,176.95,154.13,76.65,270,ok,270
train/4-40/95.jpg,4,40,112.0,112.0,176.95,74.5,76.65,69.87,180,ok,180
train/4-40/97.jpg,4,40,112.0,112.0,176.95,74.5,76.65,69.87,180,ok,180
train/4-40/98.jpg,4,40,112.0,112.0,74.5,47.05,69.87,147.35,90,ok,90
train/4-45/0.jpg,4,45,112.0,112.0,37.0,112.0,145.48,155.63,0,ok,0
train/4-45/1.jpg,4,45,112.0,112.0,112.0,37.0,68.37,145.48,90,ok,90
train/4-45/12.jpg,4,45,112.0,112.0,37.0,112.0,145.48,155.63,0,ok,0
train/4-45/13.jpg,4,45,112.0,112.0,37.0,112.0,145.48,155.63,0,ok,0
train/4-45/15.jpg,4,45,112.0,112.0,37.0,112.0,145.48,155.63,0,ok,0
train/4-45/16.jpg,4,45,112.0,112.0,187.0,112.0,78.52,68.37,180,ok,180
train/4-45/17.jpg,4,45,112.0,112.0,187.0,112.0,78.52,68.37,180,ok,180
train/4-45/19.jpg,4,45,112.0,112.0,37.0,112.0,145.48,155.63,0,ok,0
train/4-45/2.jpg,4,45,112.0,112.0,37.0,112.0,145.48,155.63,0,ok,0
train/4-45/20.jpg,4,45,112.0,112.0,37.0,112.0,145.48,155.63,0,ok,0
train/4-45/21.jpg,4,45,112.0,112.0,112.0,37.0,68.37,145.48,90,ok,90
train/4-45/25.jpg,4,45,112.0,112.0,37.0,112.0,145.48,155.63,0,ok,0
train/4-45/26.jpg,4,45,112.0,112.0,112.0,37.0,68.37,145.48,90,ok,90
train/4-45/27.jpg,4,45,112.0,112.0,112.0,187.0,155.63,78.52,270,ok,270
train/4-45/29.jpg,4,45,112.0,112.0,112.0,187.0,155.63,78.52,270,ok,270
train/4-45/3.jpg,4,45,112.0,112.0,112.0,187.0,155.63,78.52,270,ok,270
train/4-45/33.jpg,4,45,112.0,112.0,112.0,187.0,155.63,78.52,270,ok,270
train/4-45/35.jpg,4,45,112.0,112.0,37.0,112.0,145.48,155.63,0,ok,0
train/4-45/37.jpg,4,45,112.0,112.0,187.0,112.0,78.52,68.37,180,ok,180
train/4-45/38.jpg,4,45,112.0,112.0,37.0,112.0,145.48,155.63,0,ok,0
train/4-45/4.jpg,4,45,112.0,112.0,37.0,112.0,145.48,155.63,0,ok,0
train/4-45/42.jpg,4,45,112.0,112.0,37.0,112.0,145.48,155.63,0,ok,0
train/4-45/45.jpg,4,45,112.0,112.0,37.0,112.0,145.48,155.63,0,ok,0
train/4-45/46.jpg,4,45,112.0,112.0,37.0,112.0,145.48,155.63,0,ok,0
train/4-45/47.jpg,4,45,112.0,112.0,112.0,37.0,68.37,145.48,90,ok,90
train/4-45/48.jpg,4,45,112.0,112.0,37.0,112.0,145.48,155.63,0,ok,0
train/4-45/49.jpg,4,45,112.0,112.0,37.0,112.0,145.48,155.63,0,ok,0
train/4-45/50.jpg,4,45,112.0,112.0,37.0,112.0,145.48,155.63,0,ok,0
train/4-45/51.jpg,4,45,112.0,112.0,112.0,37.0,68.37,145.48,90,ok,90
train/4-45/52.jpg,4,45,112.0,112.0,187.0,112.0,78.52,68.37,180,ok,180
train/4-45/53.jpg,4,45,112.0,112.0,187.0,112.0,78.52,68.37,180,ok,180
train/4-45/56.jpg,4,45,112.0,112.0,37.0,112.0,145.48,155.63,0,ok,0
train/4-45/57.jpg,4,45,112.0,112.0,37.0,112.0,145.48,155.63,0,ok,0
train/4-45/58.jpg,4,45,112.0,112.0,112.0,187.0,155.63,78.52,270,ok,270
train/4-45/60.jpg,4,45,112.0,112.0,187.0,112.0,78.52,68.37,180,ok,180
train/4-45/61.jpg,4,45,112.0,112.0,37.0,112.0,145.48,155.63,0,ok,0
train/4-45/62.jpg,4,45,112.0,112.0,112.0,37.0,68.37,145.48,90,ok,90
train/4-45/63.jpg,4,45,112.0,112.0,37.0,112.0,145.48,155.63,0,ok,0
train/4-45/64.jpg,4,45,112.0,112.0,112.0,187.0,155.63,78.52,270,ok,270
train/4-45/66.jpg,4,45,112.0,112.0,37.0,112.0,145.48,155.63,0,ok,0
train/4-45/67.jpg,4,45,112.0,112.0,37.0,112.0,145.48,155.63,0,ok,0
train/4-45/69.jpg,4,45,112.0,112.0,112.0,187.0,155.63,78.52,270,ok,270
train/4-45/7.jpg,4,45,112.0,112.0,37.0,112.0,145.48,155.63,0,ok,0
train/4-45/71.jpg,4,45,112.0,112.0,37.0,112.0,145.48,155.63,0,ok,0
train/4-45/73.jpg,4,45,112.0,112.0,112.0,37.0,68.37,145.48,90,ok,90
train/4-45/74.jpg,4,45,112.0,112.0,112.0,187.0,155.63,78.52,270,ok,270
train/4-45/75.jpg,4,45,112.0,112.0,37.0,112.0,145.48,155.63,0,ok,0
train/4-45/76.jpg,4,45,112.0,112.0,112.0,37.0,68.37,145.48,90,ok,90
train/4-45/77.jpg,4,45,112.0,112.0,112.0,187.0,155.63,78.52,270,ok,270
train/4-45/78.jpg,4,45,112.0,112.0,112.0,37.0,68.37,145.48,90,ok,90
train/4-45/79.jpg,4,45,112.0,112.0,112.0,187.0,155.63,78.52,270,ok,270
train/4-45/8.jpg,4,45,112.0,112.0,112.0,187.0,155.63,78.52,270,ok,270
train/4-45/80.jpg,4,45,112.0,112.0,112.0,187.0,155.63,78.52,270,ok,270
train/4-45/82.jpg,4,45,112.0,112.0,37.0,112.0,145.48,155.63,0,ok,0
train/4-45/83.jpg,4,45,112.0,112.0,37.0,112.0,145.48,155.63,0,ok,0
train/4-45/84.jpg,4,45,112.0,112.0,112.0,37.0,68.37,145.48,90,ok,90
train/4-45/85.jpg,4,45,112.0,112.0,37.0,112.0,145.48,155.63,0,ok,0
train/4-45/86.jpg,4,45,112.0,112.0,37.0,112.0,145.48,155.63,0,ok,0
train/4-45/87.jpg,4,45,112.0,112.0,187.0,112.0,78.52,68.37,180,ok,180
train/4-45/88.jpg,4,45,112.0,112.0,112.0,37.0,68.37,145.48,90,ok,90
train/4-45/89.jpg,4,45,112.0,112.0,37.0,112.0,145.48,155.63,0,ok,0
train/4-45/9.jpg,4,45,112.0,112.0,37.0,112.0,145.48,155.63,0,ok,0
train/4-45/90.jpg,4,45,112.0,112.0,37.0,112.0,145.48,155.63,0,ok,0
train/4-45/91.jpg,4,45,112.0,112.0,37.0,112.0,145.48,155.63,0,ok,0
train/4-45/92.jpg,4,45,112.0,112.0,37.0,112.0,145.48,155.63,0,ok,0
train/4-45/93.jpg,4,45,112.0,112.0,37.0,112.0,145.48,155.63,0,ok,0
train/4-45/94.jpg,4,45,112.0,112.0,112.0,37.0,68.37,145.48,90,ok,90
train/4-45/96.jpg,4,45,112.0,112.0,37.0,112.0,145.48,155.63,0,ok,0
train/4-45/98.jpg,4,45,112.0,112.0,37.0,112.0,145.48,155.63,0,ok,0
train/4-50/1.jpg,4,50,112.0,112.0,176.95,149.5,80.45,66.95,180,ok,180
train/4-50/10.jpg,4,50,112.0,112.0,47.05,74.5,143.55,157.05,0,ok,0
train/4-50/13.jpg,4,50,112.0,112.0,47.05,74.5,143.55,157.05,0,ok,0
train/4-50/14.jpg,4,50,112.0,112.0,47.05,74.5,143.55,157.05,0,ok,0
train/4-50/15.jpg,4,50,112.0,112.0,47.05,74.5,143.55,157.05,0,ok,0
train/4-50/16.jpg,4,50,112.0,112.0,47.05,74.5,143.55,157.05,0,ok,0
train/4-50/18.jpg,4,50,112.0,112.0,47.05,74.5,143.55,157.05,0,ok,0
train/4-50/19.jpg,4,50,112.0,112.0,47.05,74.5,143.55,157.05,0,ok,0
train/4-50/20.jpg,4,50,112.0,112.0,47.05,74.5,143.55,157.05,0,ok,0
train/4-50/21.jpg,4,50,112.0,112.0,47.05,74.5,143.55,157.05,0,ok,0
train/4-50/22.jpg,4,50,112.0,112.0,74.5,176.95,157.05,80.45,270,ok,270
train/4-50/24.jpg,4,50,112.0,112.0,47.05,74.5,143.55,157.05,0,ok,0
train/4-50/26.jpg,4,50,112.0,112.0,47.05,74.5,143.55,157.05,0,ok,0
train/4-50/27.jpg,4,50,112.0,112.0,47.05,74.5,143.55,157.05,0,ok,0
train/4-50/28.jpg,4,50,112.0,112.0,47.05,74.5,143.55,157.05,0,ok,0
train/4-50/30.jpg,4,50,112.0,112.0,47.05,74.5,143.55,157.05,0,ok,0
train/4-50/31.jpg,4,50,112.0,112.0,149.5,47.05,66.95,143.55,90,ok,90
train/4-50/32.jpg,4,50,112.0,112.0,176.95,149.5,80.45,66.95,180,ok,180
train/4-50/33.jpg,4,50,112.0,112.0,47.05,74.5,143.55,157.05,0,ok,0
train/4-50/37.jpg,4,50,112.0,112.0,47.05,74.5,143.55,157.05,0,ok,0
train/4-50/38.jpg,4,50,112.0,112.0,74.5,176.95,157.05,80.45,270,ok,270
train/4-50/4.jpg,4,50,112.0,112.0,149.5,47.05,66.95,143.55,90,ok,90
train/4-50/40.jpg,4,50,112.0,112.0,149.5,47.05,66.95,143.55,90,ok,90
train/4-50/42.jpg,4,50,112.0,112.0,47.05,74.5,143.55,157.05,0,ok,0
train/4-50/44.jpg,4,50,112.0,112.0,74.5,176.95,157.05,80.45,270,ok,270
train/4-50/47.jpg,4,50,112.0,112.0,47.05,74.5,143.55,157.05,0,ok,0
train/4-50/49.jpg,4,50,112.0,112.0,149.5,47.05,66.95,143.55,90,ok,90
train/4-50/5.jpg,4,50,112.0,112.0,74.5,176.95,157.05,80.45,270,ok,270
train/4-50/50.jpg,4,50,112.0,112.0,47.05,74.5,143.55,157.05,0,ok,0
train/4-50/51.jpg,4,50,112.0,112.0,47.05,74.5,143.55,157.05,0,ok,0
train/4-50/52.jpg,4,50,112.0,112.0,47.05,74.5,143.55,157.05,0,ok,0
train/4-50/53.jpg,4,50,112.0,112.0,47.05,74.5,143.55,157.05,0,ok,0
train/4-50/56.jpg,4,50,112.0,112.0,47.05,74.5,143.55,157.05,0,ok,0
train/4-50/57.jpg,4,50,112.0,112.0,47.05,74.5,143.55,157.05,0,ok,0
train/4-50/61.jpg,4,50,112.0,112.0,47.05,74.5,143.55,157.05,0,ok,0
train/4-50/63.jpg,4,50,112.0,112.0,74.5,176.95,157.05,80.45,270,ok,270
train/4-50/67.jpg,4,50,112.0,112.0,74.5,176.95,157.05,80.45,270,ok,270
train/4-50/7.jpg,4,50,112.0,112.0,47.05,74.5,143.55,157.05,0,ok,0
train/4-50/72.jpg,4,50,112.0,112.0,47.05,74.5,143.55,157.05,0,ok,0
train/4-50/73.jpg,4,50,112.0,112.0,47.05,74.5,143.55,157.05,0,ok,0
train/4-50/74.jpg,4,50,112.0,112.0,47.05,74.5,143.55,157.05,0,ok,0
train/4-50/75.jpg,4,50,112.0,112.0,47.05,74.5,143.55,157.05,0,ok,0
train/4-50/78.jpg,4,50,112.0,112.0,47.05,74.5,143.55,157.05,0,ok,0
train/4-50/79.jpg,4,50,112.0,112.0,176.95,149.5,80.45,66.95,180,ok,180
train/4-50/80.jpg,4,50,112.0,112.0,149.5,47.05,66.95,143.55,90,ok,90
train/4-50/83.jpg,4,50,112.0,112.0,74.5,176.95,157.05,80.45,270,ok,270
train/4-50/87.jpg,4,50,112.0,112.0,74.5,176.95,157.05,80.45,270,ok,270
train/4-50/88.jpg,4,50,112.0,112.0,47.05,74.5,143.55,157.05,0,ok,0
train/4-50/89.jpg,4,50,112.0,112.0,74.5,176.95,157.05,80.45,270,ok,270
train/4-50/90.jpg,4,50,112.0,112.0,47.05,74.5,143.55,157.05,0,ok,0
train/4-50/91.jpg,4,50,112.0,112.0,149.5,47.05,66.95,143.55,90,ok,90
train/4-50/93.jpg,4,50,112.0,112.0,149.5,47.05,66.95,143.55,90,ok,90
train/4-50/94.jpg,4,50,112.0,112.0,47.05,74.5,143.55,157.05,0,ok,0
train/4-50/97.jpg,4,50,112.0,112.0,47.05,74.5,143.55,157.05,0,ok,0
train/4-50/99.jpg,4,50,112.0,112.0,47.05,74.5,143.55,157.05,0,ok,0
train/4-55/0.jpg,4,55,112.0,112.0,74.5,47.05,141.55,158.39,0,ok,0
train/4-55/1.jpg,4,55,112.0,112.0,149.5,176.95,82.45,65.61,180,ok,180
train/4-55/10.jpg,4,55,112.0,112.0,74.5,47.05,141.55,158.39,0,ok,0
train/4-55/12.jpg,4,55,112.0,112.0,149.5,176.95,82.45,65.61,180,ok,180
train/4-55/15.jpg,4,55,112.0,112.0,149.5,176.95,82.45,65.61,180,ok,180
train/4-55/16.jpg,4,55,112.0,112.0,149.5,176.95,82.45,65.61,180,ok,180
train/4-55/17.jpg,4,55,112.0,112.0,74.5,47.05,141.55,158.39,0,ok,0
train/4-55/18.jpg,4,55,112.0,112.0,74.5,47.05,141.55,158.39,0,ok,0
train/4-55/19.jpg,4,55,112.0,112.0,149.5,176.95,82.45,65.61,180,ok,180
train/4-55/2.jpg,4,55,112.0,112.0,74.5,47.05,141.55,158.39,0,ok,0
train/4-55/20.jpg,4,55,112.0,112.0,74.5,47.05,141.55,158.39,0,ok,0
train/4-55/21.jpg,4,55,112.0,112.0,74.5,47.05,141.55,158.39,0,ok,0
train/4-55/22.jpg,4,55,112.0,112.0,47.05,149.5,158.39,82.45,270,ok,270
train/4-55/23.jpg,4,55,112.0,112.0,74.5,47.05,141.55,158.39,0,ok,0
train/4-55/25.jpg,4,55,112.0,112.0,74.5,47.05,141.55,158.39,0,ok,0
train/4-55/26.jpg,4,55,112.0,112.0,74.5,47.05,141.55,158.39,0,ok,0
train/4-55/27.jpg,4,55,112.0,112.0,176.95,74.5,65.61,141.55,90,ok,90
train/4-55/29.jpg,4,55,112.0,112.0,47.05,149.5,158.39,82.45,270,ok,270
train/4-55/3.jpg,4,55,112.0,112.0,149.5,176.95,82.45,65.61,180,ok,180
train/4-55/30.jpg,4,55,112.0,112.0,47.05,149.5,158.39,82.45,270,ok,270
train/4-55/33.jpg,4,55,112.0,112.0,176.95,74.5,65.61,141.55,90,ok,90
train/4-55/34.jpg,4,55,112.0,112.0,176.95,74.5,65.61,141.55,90,ok,90
train/4-55/37.jpg,4,55,112.0,112.0,47.05,149.5,158.39,82.45,270,ok,270
train/4-55/38.jpg,4,55,112.0,112.0,74.5,47.05,141.55,158.39,0,ok,0
train/4-55/4.jpg,4,55,112.0,112.0,149.5,176.95,82.45,65.61,180,ok,180
train/4-55/40.jpg,4,55,112.0,112.0,47.05,149.5,158.39,82.45,270,ok,270
train/4-55/41.jpg,4,55,112.0,112.0,176.95,74.5,65.61,141.55,90,ok,90
train/4-55/42.jpg,4,55,112.0,112.0,149.5,176.95,82.45,65.61,180,ok,180
train/4-55/43.jpg,4,55,112.0,112.0,176.95,74.5,65.61,141.55,90,ok,90
train/4-55/45.jpg,4,55,112.0,112.0,74.5,47.05,141.55,158.39,0,ok,0
train/4-55/46.jpg,4,55,112.0,112.0,149.5,176.95,82.45,65.61,180,ok,180
train/4-55/47.jpg,4,55,112.0,112.0,74.5,47.05,141.55,158.39,0,ok,0
train/4-55/5.jpg,4,55,112.0,112.0,176.95,74.5,65.61,141.55,90,ok,90
train/4-55/51.jpg,4,55,112.0,112.0,149.5,176.95,82.45,65.61,180,ok,180
train/4-55/52.jpg,4,55,112.0,112.0,176.95,74.5,65.61,141.55,90,ok,90
train/4-55/53.jpg,4,55,112.0,112.0,176.95,74.5,65.61,141.55,90,ok,90
train/4-55/57.jpg,4,55,112.0,112.0,74.5,47.05,141.55,158.39,0,ok,0
train/4-55/58.jpg,4,55,112.0,112.0,74.5,47.05,141.55,158.39,0,ok,0
train/4-55/6.jpg,4,55,112.0,112.0,74.5,47.05,141.55,158.39,0,ok,0
train/4-55/61.jpg,4,55,112.0,112.0,74.5,47.05,141.55,158.39,0,ok,0
train/4-55/62.jpg,4,55,112.0,112.0,74.5,47.05,141.55,158.39,0,ok,0
train/4-55/66.jpg,4,55,112.0,112.0,176.95,74.5,65.61,141.55,90,ok,90
train/4-55/67.jpg,4,55,112.0,112.0,176.95,74.5,65.61,141.55,90,ok,90
train/4-55/68.jpg,4,55,112.0,112.0,74.5,47.05,141.55,158.39,0,ok,0
train/4-55/73.jpg,4,55,112.0,112.0,176.95,74.5,65.61,141.55,90,ok,90
train/4-55/74.jpg,4,55,112.0,112.0,149.5,176.95,82.45,65.61,180,ok,180
train/4-55/76.jpg,4,55,112.0,112.0,74.5,47.05,141.55,158.39,0,ok,0
train/4-55/79.jpg,4,55,112.0,112.0,47.05,149.5,158.39,82.45,270,ok,270
train/4-55/81.jpg,4,55,112.0,112.0,74.5,47.05,141.55,158.39,0,ok,0
train/4-55/83.jpg,4,55,112.0,112.0,74.5,47.05,141.55,158.39,0,ok,0
train/4-55/84.jpg,4,55,112.0,112.0,74.5,47.05,141.55,158.39,0,ok,0
train/4-55/86.jpg,4,55,112.0,112.0,74.5,47.05,141.55,158.39,0,ok,0
train/4-55/87.jpg,4,55,112.0,112.0,176.95,74.5,65.61,141.55,90,ok,90
train/4-55/88.jpg,4,55,112.0,112.0,149.5,176.95,82.45,65.61,180,ok,180
train/4-55/9.jpg,4,55,112.0,112.0,47.05,149.5,158.39,82.45,270,ok,270
train/4-55/92.jpg,4,55,112.0,112.0,176.95,74.5,65.61,141.55,90,ok,90
train/4-55/95.jpg,4,55,112.0,112.0,47.05,149.5,158.39,82.45,270,ok,270
train/4-55/96.jpg,4,55,112.0,112.0,47.05,149.5,158.39,82.45,270,ok,270
train/4-55/98.jpg,4,55,112.0,112.0,47.05,149.5,158.39,82.45,270,ok,270
train/4-55/99.jpg,4,55,112.0,112.0,47.05,149.5,158.39,82.45,270,ok,270
train/5-00/0.jpg,5,0,112.0,112.0,112.0,37.0,139.5,159.63,0,ok,0
train/5-00/1.jpg,5,0,112.0,112.0,187.0,112.0,64.37,139.5,90,ok,90
train/5-00/13.jpg,5,0,112.0,112.0,112.0,187.0,84.5,64.37,180,ok,180
train/5-00/14.jpg,5,0,112.0,112.0,112.0,37.0,139.5,159.63,0,ok,0
train/5-00/16.jpg,5,0,112.0,112.0,112.0,37.0,139.5,159.63,0,ok,0
train/5-00/17.jpg,5,0,112.0,112.0,112.0,37.0,139.5,159.63,0,ok,0
train/5-00/18.jpg,5,0,112.0,112.0,112.0,187.0,84.5,64.37,180,ok,180
train/5-00/19.jpg,5,0,112.0,112.0,112.0,37.0,139.5,159.63,0,ok,0
train/5-00/2.jpg,5,0,112.0,112.0,112.0,37.0,139.5,159.63,0,ok,0
train/5-00/20.jpg,5,0,112.0,112.0,112.0,37.0,139.5,159.63,0,ok,0
train/5-00/21.jpg,5,0,112.0,112.0,37.0,112.0,159.63,84.5,270,ok,270
train/5-00/22.jpg,5,0,112.0,112.0,112.0,187.0,84.5,64.37,180,ok,180
train/5-00/25.jpg,5,0,112.0,112.0,112.0,187.0,84.5,64.37,180,ok,180
train/5-00/26.jpg,5,0,112.0,112.0,112.0,37.0,139.5,159.63,0,ok,0
train/5-00/27.jpg,5,0,112.0,112.0,187.0,112.0,64.37,139.5,90,ok,90
train/5-00/28.jpg,5,0,112.0,112.0,187.0,112.0,64.37,139.5,90,ok,90
train/5-00/29.jpg,5,0,112.0,112.0,187.0,112.0,64.37,139.5,90,ok,90
train/5-00/30.jpg,5,0,112.0,112.0,112.0,187.0,84.5,64.37,180,ok,180
train/5-00/31.jpg,5,0,112.0,112.0,37.0,112.0,159.63,84.5,270,ok,270
train/5-00/32.jpg,5,0,112.0,112.0,112.0,37.0,139.5,159.63,0,ok,0
train/5-00/33.jpg,5,0,112.0,112.0,37.0,112.0,159.63,84.5,270,ok,270
train/5-00/34.jpg,5,0,112.0,112.0,112.0,37.0,139.5,159.63,0,ok,0
train/5-00/35.jpg,5,0,112.0,112.0,112.0,187.0,84.5,64.37,180,ok,180
train/5-00/4.jpg,5,0,112.0,112.0,187.0,112.0,64.37,139.5,90,ok,90
train/5-00/40.jpg,5,0,112.0,112.0,112.0,37.0,139.5,159.63,0,ok,0
train/5-00/42.jpg,5,0,112.0,112.0,112.0,187.0,84.5,64.37,180,ok,180
train/5-00/44.jpg,5,0,112.0,112.0,37.0,112.0,159.63,84.5,270,ok,270
train/5-00/46.jpg,5,0,112.0,112.0,187.0,112.0,64.37,139.5,90,ok,90
train/5-00/47.jpg,5,0,112.0,112.0,112.0,37.0,139.5,159.63,0,ok,0
train/5-00/48.jpg,5,0,112.0,112.0,112.0,37.0,139.5,159.63,0,ok,0
train/5-00/49.jpg,5,0,112.0,112.0,112.0,37.0,139.5,159.63,0,ok,0
train/5-00/5.jpg,5,0,112.0,112.0,37.0,112.0,159.63,84.5,270,ok,270
train/5-00/51.jpg,5,0,112.0,112.0,37.0,112.0,159.63,84.5,270,ok,270
train/5-00/56.jpg,5,0,112.0,112.0,112.0,37.0,139.5,159.63,0,ok,0
train/5-00/57.jpg,5,0,112.0,112.0,112.0,37.0,139.5,159.63,0,ok,0
train/5-00/58.jpg,5,0,112.0,112.0,112.0,37.0,139.5,159.63,0,ok,0
train/5-00/59.jpg,5,0,112.0,112.0,112.0,37.0,139.5,159.63,0,ok,0
train/5-00/60.jpg,5,0,112.0,112.0,187.0,112.0,64.37,139.5,90,ok,90
train/5-00/61.jpg,5,0,112.0,112.0,112.0,37.0,139.5,159.63,0,ok,0
train/5-00/64.jpg,5,0,112.0,112.0,187.0,112.0,64.37,139.5,90,ok,90
train/5-00/65.jpg,5,0,112.0,112.0,112.0,187.0,84.5,64.37,180,ok,180
train/5-00/66.jpg,5,0,112.0,112.0,112.0,37.0,139.5,159.63,0,ok,0
train/5-00/67.jpg,5,0,112.0,112.0,112.0,37.0,139.5,159.63,0,ok,0
train/5-00/69.jpg,5,0,112.0,112.0,112.0,37.0,139.5,159.63,0,ok,0
train/5-00/7.jpg,5,0,112.0,112.0,112.0,37.0,139.5,159.63,0,ok,0
train/5-00/72.jpg,5,0,112.0,112.0,112.0,37.0,139.5,159.63,0,ok,0
train/5-00/75.jpg,5,0,112.0,112.0,112.0,37.0,139.5,159.63,0,ok,0
train/5-00/76.jpg,5,0,112.0,112.0,112.0,37.0,139.5,159.63,0,ok,0
train/5-00/78.jpg,5,0,112.0,112.0,112.0,37.0,139.5,159.63,0,ok,0
train/5-00/80.jpg,5,0,112.0,112.0,112.0,37.0,139.5,159.63,0,ok,0
train/5-00/81.jpg,5,0,112.0,112.0,112.0,37.0,139.5,159.63,0,ok,0
train/5-00/82.jpg,5,0,112.0,112.0,112.0,37.0,139.5,159.63,0,ok,0
train/5-00/83.jpg,5,0,112.0,112.0,112.0,187.0,84.5,64.37,180,ok,180
train/5-00/86.jpg,5,0,112.0,112.0,187.0,112.0,64.37,139.5,90,ok,90
train/5-00/87.jpg,5,0,112.0,112.0,112.0,37.0,139.5,159.63,0,ok,0
train/5-00/88.jpg,5,0,112.0,112.0,112.0,37.0,139.5,159.63,0,ok,0
train/5-00/89.jpg,5,0,112.0,112.0,37.0,112.0,159.63,84.5,270,ok,270
train/5-00/9.jpg,5,0,112.0,112.0,37.0,112.0,159.63,84.5,270,ok,270
train/5-00/91.jpg,5,0,112.0,112.0,37.0,112.0,159.63,84.5,270,ok,270
train/5-00/93.jpg,5,0,112.0,112.0,187.0,112.0,64.37,139.5,90,ok,90
train/5-00/94.jpg,5,0,112.0,112.0,112.0,37.0,139.5,159.63,0,ok,0
train/5-00/95.jpg,5,0,112.0,112.0,112.0,37.0,139.5,159.63,0,ok,0
train/5-00/96.jpg,5,0,112.0,112.0,112.0,37.0,139.5,159.63,0,ok,0
train/5-05/1.jpg,5,5,112.0,112.0,176.95,149.5,63.21,137.4,90,ok,90
train/5-05/10.jpg,5,5,112.0,112.0,176.95,149.5,63.21,137.4,90,ok,90
train/5-05/12.jpg,5,5,112.0,112.0,176.95,149.5,63.21,137.4,90,ok,90
train/5-05/15.jpg,5,5,112.0,112.0,47.05,74.5,160.79,86.6,270,ok,270
train/5-05/16.jpg,5,5,112.0,112.0,176.95,149.5,63.21,137.4,90,ok,90
train/5-05/19.jpg,5,5,112.0,112.0,149.5,47.05,137.4,160.79,0,ok,0
train/5-05/22.jpg,5,5,112.0,112.0,47.05,74.5,160.79,86.6,270,ok,270
train/5-05/26.jpg,5,5,112.0,112.0,74.5,176.95,86.6,63.21,180,ok,180
train/5-05/27.jpg,5,5,112.0,112.0,74.5,176.95,86.6,63.21,180,ok,180
train/5-05/30.jpg,5,5,112.0,112.0,47.05,74.5,160.79,86.6,270,ok,270
train/5-05/32.jpg,5,5,112.0,112.0,176.95,149.5,63.21,137.4,90,ok,90
train/5-05/35.jpg,5,5,112.0,112.0,47.05,74.5,160.79,86.6,270,ok,270
train/5-05/37.jpg,5,5,112.0,112.0,47.05,74.5,160.79,86.6,270,ok,270
train/5-05/38.jpg,5,5,112.0,112.0,47.05,74.5,160.79,86.6,270,ok,270
train/5-05/4.jpg,5,5,112.0,112.0,176.95,149.5,63.21,137.4,90,ok,90
train/5-05/40.jpg,5,5,112.0,112.0,149.5,47.05,137.4,160.79,0,ok,0
train/5-05/42.jpg,5,5,112.0,112.0,149.5,47.05,137.4,160.79,0,ok,0
train/5-05/43.jpg,5,5,112.0,112.0,47.05,74.5,160.79,86.6,270,ok,270
train/5-05/45.jpg,5,5,112.0,112.0,74.5,176.95,86.6,63.21,180,ok,180
train/5-05/48.jpg,5,5,112.0,112.0,149.5,47.05,137.4,160.79,0,ok,0
train/5-05/49.jpg,5,5,112.0,112.0,176.95,149.5,63.21,137.4,90,ok,90
train/5-05/5.jpg,5,5,112.0,112.0,149.5,47.05,137.4,160.79,0,ok,0
train/5-05/50.jpg,5,5,112.0,112.0,74.5,176.95,86.6,63.21,180,ok,180
train/5-05/53.jpg,5,5,112.0,112.0,149.5,47.05,137.4,160.79,0,ok,0
train/5-05/57.jpg,5,5,112.0,112.0,47.05,74.5,160.79,86.6,270,ok,270
train/5-05/58.jpg,5,5,112.0,112.0,149.5,47.05,137.4,160.79,0,ok,0
train/5-05/59.jpg,5,5,112.0,112.0,149.5,47.05,137.4,160.79,0,ok,0
train/5-05/62.jpg,5,5,112.0,112.0,176.95,149.5,63.21,137.4,90,ok,90
train/5-05/63.jpg,5,5,112.0,112.0,149.5,47.05,137.4,160.79,0,ok,0
train/5-05/65.jpg,5,5,112.0,112.0,149.5,47.05,137.4,160.79,0,ok,0
train/5-05/66.jpg,5,5,112.0,112.0,176.95,149.5,63.21,137.4,90,ok,90
train/5-05/67.jpg,5,5,112.0,112.0,176.95,149.5,63.21,137.4,90,ok,90
train/5-05/69.jpg,5,5,112.0,112.0,47.05,74.5,160.79,86.6,270,ok,270
train/5-05/72.jpg,5,5,112.0,112.0,47.05,74.5,160.79,86.6,270,ok,270
train/5-05/73.jpg,5,5,112.0,112.0,149.5,47.05,137.4,160.79,0,ok,0
train/5-05/74.jpg,5,5,112.0,112.0,149.5,47.05,137.4,160.79,0,ok,0
train/5-05/78.jpg,5,5,112.0,112.0,149.5,47.05,137.4,160.79,0,ok,0
train/5-05/79.jpg,5,5,112.0,112.0,74.5,176.95,86.6,63.21,180,ok,180
train/5-05/81.jpg,5,5,112.0,112.0,176.95,149.5,63.21,137.4,90,ok,90
train/5-05/83.jpg,5,5,112.0,112.0,149.5,47.05,137.4,160.79,0,ok,0
train/5-05/84.jpg,5,5,112.0,112.0,74.5,176.95,86.6,63.21,180,ok,180
train/5-05/90.jpg,5,5,112.0,112.0,47.05,74.5,160.79,86.6,270,ok,270
train/5-05/91.jpg,5,5,112.0,112.0,149.5,47.05,137.4,160.79,0,ok,0
train/5-05/92.jpg,5,5,112.0,112.0,176.95,149.5,63.21,137.4,90,ok,90
train/5-05/93.jpg,5,5,112.0,112.0,47.05,74.5,160.79,86.6,270,ok,270
train/5-05/96.jpg,5,5,112.0,112.0,47.05,74.5,160.79,86.6,270,ok,270
train/5-05/97.jpg,5,5,112.0,112.0,149.5,47.05,137.4,160.79,0,ok,0
train/5-05/99.jpg,5,5,112.0,112.0,47.05,74.5,160.79,86.6,270,ok,270
train/5-10/12.jpg,5,10,112.0,112.0,74.5,47.05,161.85,88.76,270,ok,270
train/5-10/14.jpg,5,10,112.0,112.0,176.95,74.5,135.24,161.85,0,ok,0
train/5-10/15.jpg,5,10,112.0,112.0,47.05,149.5,88.76,62.15,180,ok,180
train/5-10/17.jpg,5,10,112.0,112.0,176.95,74.5,135.24,161.85,0,ok,0
train/5-10/19.jpg,5,10,112.0,112.0,176.95,74.5,135.24,161.85,0,ok,0
train/5-10/2.jpg,5,10,112.0,112.0,74.5,47.05,161.85,88.76,270,ok,270
train/5-10/24.jpg,5,10,112.0,112.0,176.95,74.5,135.24,161.85,0,ok,0
train/5-10/26.jpg,5,10,112.0,112.0,47.05,149.5,88.76,62.15,180,ok,180
train/5-10/30.jpg,5,10,112.0,112.0,47.05,149.5,88.76,62.15,180,ok,180
train/5-10/33.jpg,5,10,112.0,112.0,74.5,47.05,161.85,88.76,270,ok,270
train/5-10/35.jpg,5,10,112.0,112.0,47.05,149.5,88.76,62.15,180,ok,180
train/5-10/37.jpg,5,10,112.0,112.0,47.05,149.5,88.76,62.15,180,ok,180
train/5-10/44.jpg,5,10,112.0,112.0,74.5,47.05,161.85,88.76,270,ok,270
train/5-10/47.jpg,5,10,112.0,112.0,47.05,149.5,88.76,62.15,180,ok,180
train/5-10/48.jpg,5,10,112.0,112.0,47.05,149.5,88.76,62.15,180,ok,180
train/5-10/49.jpg,5,10,112.0,112.0,176.95,74.5,135.24,161.85,0,ok,0
train/5-10/52.jpg,5,10,112.0,112.0,74.5,47.05,161.85,88.76,270,ok,270
train/5-10/60.jpg,5,10,112.0,112.0,74.5,47.05,161.85,88.76,270,ok,270
train/5-10/61.jpg,5,10,112.0,112.0,176.95,74.5,135.24,161.85,0,ok,0
train/5-10/62.jpg,5,10,112.0,112.0,176.95,74.5,135.24,161.85,0,ok,0
train/5-10/64.jpg,5,10,112.0,112.0,176.95,74.5,135.24,161.85,0,ok,0
train/5-10/67.jpg,5,10,112.0,112.0,149.5,176.95,62.15,135.24,90,ok,90
train/5-10/88.jpg,5,10,112.0,112.0,149.5,176.95,62.15,135.24,90,ok,90
train/5-10/89.jpg,5,10,112.0,112.0,47.05,149.5,88.76,62.15,180,ok,180
train/5-10/93.jpg,5,10,112.0,112.0,176.95,74.5,135.24,161.85,0,ok,0
train/5-10/95.jpg,5,10,112.0,112.0,74.5,47.05,161.85,88.76,270,ok,270
train/5-15/0.jpg,5,15,112.0,112.0,37.0,112.0,90.95,61.19,180,ok,180
train/5-15/1.jpg,5,15,112.0,112.0,187.0,112.0,133.05,162.81,0,ok,0
train/5-15/10.jpg,5,15,112.0,112.0,187.0,112.0,133.05,162.81,0,ok,0
train/5-15/12.jpg,5,15,112.0,112.0,187.0,112.0,133.05,162.81,0,ok,0
train/5-15/13.jpg,5,15,112.0,112.0,187.0,112.0,133.05,162.81,0,ok,0
train/5-15/15.jpg,5,15,112.0,112.0,112.0,37.0,162.81,90.95,270,ok,270
train/5-15/16.jpg,5,15,112.0,112.0,112.0,187.0,61.19,133.05,90,ok,90
train/5-15/17.jpg,5,15,112.0,112.0,187.0,112.0,133.05,162.81,0,ok,0
train/5-15/18.jpg,5,15,112.0,112.0,187.0,112.0,133.05,162.81,0,ok,0
train/5-15/19.jpg,5,15,112.0,112.0,112.0,37.0,162.81,90.95,270,ok,270
train/5-15/2.jpg,5,15,112.0,112.0,112.0,187.0,61.19,133.05,90,ok,90
train/5-15/20.jpg,5,15,112.0,112.0,187.0,112.0,133.05,162.81,0,ok,0
train/5-15/21.jpg,5,15,112.0,112.0,187.0,112.0,133.05,162.81,0,ok,0
train/5-15/24.jpg,5,15,112.0,112.0,112.0,187.0,61.19,133.05,90,ok,90
train/5-15/26.jpg,5,15,112.0,112.0,112.0,37.0,162.81,90.95,270,ok,270
train/5-15/27.jpg,5,15,112.0,112.0,37.0,112.0,90.95,61.19,180,ok,180
train/5-15/28.jpg,5,15,112.0,112.0,112.0,187.0,61.19,133.05,90,ok,90
train/5-15/31.jpg,5,15,112.0,112.0,37.0,112.0,90.95,61.19,180,ok,180
train/5-15/32.jpg,5,15,112.0,112.0,112.0,37.0,162.81,90.95,270,ok,270
train/5-15/33.jpg,5,15,112.0,112.0,112.0,37.0,162.81,90.95,270,ok,270
train/5-15/34.jpg,5,15,112.0,112.0,187.0,112.0,133.05,162.81,0,ok,0
train/5-15/37.jpg,5,15,112.0,112.0,112.0,187.0,61.19,133.05,90,ok,90
train/5-15/4.jpg,5,15,112.0,112.0,112.0,187.0,61.19,133.05,90,ok,90
train/5-15/40.jpg,5,15,112.0,112.0,187.0,112.0,133.05,162.81,0,ok,0
train/5-15/42.jpg,5,15,112.0,112.0,112.0,187.0,61.19,133.05,90,ok,90
train/5-15/44.jpg,5,15,112.0,112.0,187.0,112.0,133.05,162.81,0,ok,0
train/5-15/45.jpg,5,15,112.0,112.0,37.0,112.0,90.95,61.19,180,ok,180
train/5-15/46.jpg,5,15,112.0,112.0,187.0,112.0,133.05,162.81,0,ok,0
train/5-15/47.jpg,5,15,112.0,112.0,37.0,112.0,90.95,61.19,180,ok,180
train/5-15/49.jpg,5,15,112.0,112.0,112.0,187.0,61.19,133.05,90,ok,90
train/5-15/51.jpg,5,15,112.0,112.0,187.0,112.0,133.05,162.81,0,ok,0
train/5-15/52.jpg,5,15,112.0,112.0,187.0,112.0,133.05,162.81,0,ok,0
train/5-15/56.jpg,5,15,112.0,112.0,187.0,112.0,133.05,162.81,0,ok,0
train/5-15/57.jpg,5,15,112.0,112.0,187.0,112.0,133.05,162.81,0,ok,0
train/5-15/58.jpg,5,15,112.0,112.0,187.0,112.0,133.05,162.81,0,ok,0
train/5-15/60.jpg,5,15,112.0,112.0,112.0,37.0,162.81,90.95,270,ok,270
train/5-15/62.jpg,5,15,112.0,112.0,187.0,112.0,133.05,162.81,0,ok,0
train/5-15/64.jpg,5,15,112.0,112.0,187.0,112.0,133.05,162.81,0,ok,0
train/5-15/66.jpg,5,15,112.0,112.0,187.0,112.0,133.05,162.81,0,ok,0
train/5-15/67.jpg,5,15,112.0,112.0,37.0,112.0,90.95,61.19,180,ok,180
train/5-15/69.jpg,5,15,112.0,112.0,112.0,187.0,61.19,133.05,90,ok,90
train/5-15/71.jpg,5,15,112.0,112.0,187.0,112.0,133.05,162.81,0,ok,0
train/5-15/72.jpg,5,15,112.0,112.0,112.0,37.0,162.81,90.95,270,ok,270
train/5-15/73.jpg,5,15,112.0,112.0,112.0,37.0,162.81,90.95,270,ok,270
train/5-15/79.jpg,5,15,112.0,112.0,187.0,112.0,133.05,162.81,0,ok,0
train/5-15/8.jpg,5,15,112.0,112.0,112.0,187.0,61.19,133.05,90,ok,90
train/5-15/80.jpg,5,15,112.0,112.0,112.0,187.0,61.19,133.05,90,ok,90
train/5-15/82.jpg,5,15,112.0,112.0,187.0,112.0,133.05,162.81,0,ok,0
train/5-15/85.jpg,5,15,112.0,112.0,187.0,112.0,133.05,162.81,0,ok,0
train/5-15/86.jpg,5,15,112.0,112.0,187.0,112.0,133.05,162.81,0,ok,0
train/5-15/87.jpg,5,15,112.0,112.0,187.0,112.0,133.05,162.81,0,ok,0
train/5-15/89.jpg,5,15,112.0,112.0,112.0,37.0,162.81,90.95,270,ok,270
train/5-15/92.jpg,5,15,112.0,112.0,112.0,187.0,61.19,133.05,90,ok,90
train/5-15/93.jpg,5,15,112.0,112.0,37.0,112.0,90.95,61.19,180,ok,180
train/5-15/96.jpg,5,15,112.0,112.0,187.0,112.0,133.05,162.81,0,ok,0
train/5-15/97.jpg,5,15,112.0,112.0,187.0,112.0,133.05,162.81,0,ok,0
train/5-15/99.jpg,5,15,112.0,112.0,37.0,112.0,90.95,61.19,180,ok,180
train/5-20/0.jpg,5,20,112.0,112.0,176.95,149.5,130.81,163.68,0,ok,0
train/5-20/1.jpg,5,20,112.0,112.0,176.95,149.5,130.81,163.68,0,ok,0
train/5-20/10.jpg,5,20,112.0,112.0,176.95,149.5,130.81,163.68,0,ok,0
train/5-20/13.jpg,5,20,112.0,112.0,149.5,47.05,163.68,93.19,270,ok,270
train/5-20/14.jpg,5,20,112.0,112.0,47.05,74.5,93.19,60.32,180,ok,180
train/5-20/15.jpg,5,20,112.0,112.0,176.95,149.5,130.81,163.68,0,ok,0
train/5-20/16.jpg,5,20,112.0,112.0,47.05,74.5,93.19,60.32,180,ok,180
train/5-20/17.jpg,5,20,112.0,112.0,74.5,176.95,60.32,130.81,90,ok,90
train/5-20/18.jpg,5,20,112.0,112.0,176.95,149.5,130.81,163.68,0,ok,0
train/5-20/19.jpg,5,20,112.0,112.0,74.5,176.95,60.32,130.81,90,ok,90
train/5-20/20.jpg,5,20,112.0,112.0,47.05,74.5,93.19,60.32,180,ok,180
train/5-20/21.jpg,5,20,112.0,112.0,176.95,149.5,130.81,163.68,0,ok,0
train/5-20/24.jpg,5,20,112.0,112.0,176.95,149.5,130.81,163.68,0,ok,0
train/5-20/25.jpg,5,20,112.0,112.0,74.5,176.95,60.32,130.81,90,ok,90
train/5-20/27.jpg,5,20,112.0,112.0,176.95,149.5,130.81,163.68,0,ok,0
train/5-20/28.jpg,5,20,112.0,112.0,47.05,74.5,93.19,60.32,180,ok,180
train/5-20/31.jpg,5,20,112.0,112.0,176.95,149.5,130.81,163.68,0,ok,0
train/5-20/32.jpg,5,20,112.0,112.0,176.95,149.5,130.81,163.68,0,ok,0
train/5-20/33.jpg,5,20,112.0,112.0,74.5,176.95,60.32,130.81,90,ok,90
train/5-20/34.jpg,5,20,112.0,112.0,176.95,149.5,130.81,163.68,0,ok,0
train/5-20/37.jpg,5,20,112.0,112.0,149.5,47.05,163.68,93.19,270,ok,270
train/5-20/4.jpg,5,20,112.0,112.0,176.95,149.5,130.81,163.68,0,ok,0
train/5-20/42.jpg,5,20,112.0,112.0,176.95,149.5,130.81,163.68,0,ok,0
train/5-20/46.jpg,5,20,112.0,112.0,176.95,149.5,130.81,163.68,0,ok,0
train/5-20/47.jpg,5,20,112.0,112.0,176.95,149.5,130.81,163.68,0,ok,0
train/5-20/49.jpg,5,20,112.0,112.0,74.5,176.95,60.32,130.81,90,ok,90
train/5-20/50.jpg,5,20,112.0,112.0,176.95,149.5,130.81,163.68,0,ok,0
train/5-20/51.jpg,5,20,112.0,112.0,176.95,149.5,130.81,163.68,0,ok,0
train/5-20/52.jpg,5,20,112.0,112.0,176.95,149.5,130.81,163.68,0,ok,0
train/5-20/53.jpg,5,20,112.0,112.0,176.95,149.5,130.81,163.68,0,ok,0
train/5-20/56.jpg,5,20,112.0,112.0,176.95,149.5,130.81,163.68,0,ok,0
train/5-20/57.jpg,5,20,112.0,112.0,176.95,149.5,130.81,163.68,0,ok,0
train/5-20/58.jpg,5,20,112.0,112.0,47.05,74.5,93.19,60.32,180,ok,180
train/5-20/60.jpg,5,20,112.0,112.0,176.95,149.5,130.81,163.68,0,ok,0
train/5-20/61.jpg,5,20,112.0,112.0,149.5,47.05,163.68,93.19,270,ok,270
train/5-20/62.jpg,5,20,112.0,112.0,176.95,149.5,130.81,163.68,0,ok,0
train/5-20/63.jpg,5,20,112.0,112.0,176.95,149.5,130.81,163.68,0,ok,0
train/5-20/66.jpg,5,20,112.0,112.0,176.95,149.5,130.81,163.68,0,ok,0
train/5-20/67.jpg,5,20,112.0,112.0,149.5,47.05,163.68,93.19,270,ok,270
train/5-20/69.jpg,5,20,112.0,112.0,74.5,176.95,60.32,130.81,90,ok,90
train/5-20/7.jpg,5,20,112.0,112.0,149.5,47.05,163.68,93.19,270,ok,270
train/5-20/71.jpg,5,20,112.0,112.0,176.95,149.5,130.81,163.68,0,ok,0
train/5-20/72.jpg,5,20,112.0,112.0,149.5,47.05,163.68,93.19,270,ok,270
train/5-20/73.jpg,5,20,112.0,112.0,176.95,149.5,130.81,163.68,0,ok,0
train/5-20/75.jpg,5,20,112.0,112.0,74.5,176.95,60.32,130.81,90,ok,90
train/5-20/76.jpg,5,20,112.0,112.0,47.05,74.5,93.19,60.32,180,ok,180
train/5-20/78.jpg,5,20,112.0,112.0,176.95,149.5,130.81,163.68,0,ok,0
train/5-20/79.jpg,5,20,112.0,112.0,176.95,149.5,130.81,163.68,0,ok,0
train/5-20/8.jpg,5,20,112.0,112.0,74.5,176.95,60.32,130.81,90,ok,90
train/5-20/80.jpg,5,20,112.0,112.0,176.95,149.5,130.81,163.68,0,ok,0
train/5-20/81.jpg,5,20,112.0,112.0,47.05,74.5,93.19,60.32,180,ok,180
train/5-20/82.jpg,5,20,112.0,112.0,176.95,149.5,130.81,163.68,0,ok,0
train/5-20/83.jpg,5,20,112.0,112.0,149.5,47.05,163.68,93.19,270,ok,270
train/5-20/84.jpg,5,20,112.0,112.0,149.5,47.05,163.68,93.19,270,ok,270
train/5-20/85.jpg,5,20,112.0,112.0,149.5,47.05,163.68,93.19,270,ok,270
train/5-20/88.jpg,5,20,112.0,112.0,149.5,47.05,163.68,93.19,270,ok,270
train/5-20/91.jpg,5,20,112.0,112.0,176.95,149.5,130.81,163.68,0,ok,0
train/5-20/92.jpg,5,20,112.0,112.0,149.5,47.05,163.68,93.19,270,ok,270
train/5-20/93.jpg,5,20,112.0,112.0,149.5,47.05,163.68,93.19,270,ok,270
train/5-20/94.jpg,5,20,112.0,112.0,74.5,176.95,60.32,130.81,90,ok,90
train/5-20/96.jpg,5,20,112.0,112.0,47.05,74.5,93.19,60.32,180,ok,180
train/5-20/98.jpg,5,20,112.0,112.0,74.5,176.95,60.32,130.81,90,ok,90
train/5-20/99.jpg,5,20,112.0,112.0,176.95,149.5,130.81,163.68,0,ok,0
train/5-25/0.jpg,5,25,112.0,112.0,149.5,176.95,128.54,164.45,0,ok,0
train/5-25/1.jpg,5,25,112.0,112.0,176.95,74.5,164.45,95.46,270,ok,270
train/5-25/13.jpg,5,25,112.0,112.0,74.5,47.05,95.46,59.55,180,ok,180
train/5-25/14.jpg,5,25,112.0,112.0,149.5,176.95,128.54,164.45,0,ok,0
train/5-25/15.jpg,5,25,112.0,112.0,74.5,47.05,95.46,59.55,180,ok,180
train/5-25/16.jpg,5,25,112.0,112.0,74.5,47.05,95.46,59.55,180,ok,180
train/5-25/18.jpg,5,25,112.0,112.0,74.5,47.05,95.46,59.55,180,ok,180
train/5-25/19.jpg,5,25,112.0,112.0,149.5,176.95,128.54,164.45,0,ok,0
train/5-25/27.jpg,5,25,112.0,112.0,176.95,74.5,164.45,95.46,270,ok,270
train/5-25/28.jpg,5,25,112.0,112.0,176.95,74.5,164.45,95.46,270,ok,270
train/5-25/29.jpg,5,25,112.0,112.0,149.5,176.95,128.54,164.45,0,ok,0
train/5-25/3.jpg,5,25,112.0,112.0,149.5,176.95,128.54,164.45,0,ok,0
train/5-25/31.jpg,5,25,112.0,112.0,74.5,47.05,95.46,59.55,180,ok,180
train/5-25/32.jpg,5,25,112.0,112.0,47.05,149.5,59.55,128.54,90,ok,90
train/5-25/38.jpg,5,25,112.0,112.0,176.95,74.5,164.45,95.46,270,ok,270
train/5-25/40.jpg,5,25,112.0,112.0,74.5,47.05,95.46,59.55,180,ok,180
train/5-25/42.jpg,5,25,112.0,112.0,47.05,149.5,59.55,128.54,90,ok,90
train/5-25/44.jpg,5,25,112.0,112.0,176.95,74.5,164.45,95.46,270,ok,270
train/5-25/47.jpg,5,25,112.0,112.0,47.05,149.5,59.55,128.54,90,ok,90
train/5-25/5.jpg,5,25,112.0,112.0,176.95,74.5,164.45,95.46,270,ok,270
train/5-25/58.jpg,5,25,112.0,112.0,47.05,149.5,59.55,128.54,90,ok,90
train/5-25/59.jpg,5,25,112.0,112.0,149.5,176.95,128.54,164.45,0,ok,0
train/5-25/61.jpg,5,25,112.0,112.0,149.5,176.95,128.54,164.45,0,ok,0
train/5-25/62.jpg,5,25,112.0,112.0,149.5,176.95,128.54,164.45,0,ok,0
train/5-25/7.jpg,5,25,112.0,112.0,149.5,176.95,128.54,164.45,0,ok,0
train/5-25/73.jpg,5,25,112.0,112.0,74.5,47.05,95.46,59.55,180,ok,180
train/5-25/75.jpg,5,25,112.0,112.0,47.05,149.5,59.55,128.54,90,ok,90
train/5-25/76.jpg,5,25,112.0,112.0,47.05,149.5,59.55,128.54,90,ok,90
train/5-25/78.jpg,5,25,112.0,112.0,176.95,74.5,164.45,95.46,270,ok,270
train/5-25/79.jpg,5,25,112.0,112.0,149.5,176.95,128.54,164.45,0,ok,0
train/5-25/82.jpg,5,25,112.0,112.0,47.05,149.5,59.55,128.54,90,ok,90
train/5-25/83.jpg,5,25,112.0,112.0,149.5,176.95,128.54,164.45,0,ok,0
train/5-25/84.jpg,5,25,112.0,112.0,149.5,176.95,128.54,164.45,0,ok,0
train/5-25/85.jpg,5,25,112.0,112.0,149.5,176.95,128.54,164.45,0,ok,0
train/5-25/89.jpg,5,25,112.0,112.0,74.5,47.05,95.46,59.55,180,ok,180
train/5-25/91.jpg,5,25,112.0,112.0,149.5,176.95,128.54,164.45,0,ok,0
train/5-25/94.jpg,5,25,112.0,112.0,149.5,176.95,128.54,164.45,0,ok,0
train/5-25/97.jpg,5,25,112.0,112.0,176.95,74.5,164.45,95.46,270,ok,270
train/5-30/1.jpg,5,30,112.0,112.0,112.0,187.0,126.24,165.13,0,ok,0
train/5-30/12.jpg,5,30,112.0,112.0,37.0,112.0,58.87,126.24,90,ok,90
train/5-30/15.jpg,5,30,112.0,112.0,112.0,187.0,126.24,165.13,0,ok,0
train/5-30/16.jpg,5,30,112.0,112.0,112.0,187.0,126.24,165.13,0,ok,0
train/5-30/18.jpg,5,30,112.0,112.0,187.0,112.0,165.13,97.76,270,ok,270
train/5-30/19.jpg,5,30,112.0,112.0,112.0,187.0,126.24,165.13,0,ok,0
train/5-30/2.jpg,5,30,112.0,112.0,37.0,112.0,58.87,126.24,90,ok,90
train/5-30/20.jpg,5,30,112.0,112.0,112.0,187.0,126.24,165.13,0,ok,0
train/5-30/26.jpg,5,30,112.0,112.0,112.0,187.0,126.24,165.13,0,ok,0
train/5-30/29.jpg,5,30,112.0,112.0,112.0,187.0,126.24,165.13,0,ok,0
train/5-30/37.jpg,5,30,112.0,112.0,112.0,37.0,97.76,58.87,180,ok,180
train/5-30/38.jpg,5,30,112.0,112.0,112.0,187.0,126.24,165.13,0,ok,0
train/5-30/4.jpg,5,30,112.0,112.0,37.0,112.0,58.87,126.24,90,ok,90
train/5-30/42.jpg,5,30,112.0,112.0,187.0,112.0,165.13,97.76,270,ok,270
train/5-30/46.jpg,5,30,112.0,112.0,112.0,187.0,126.24,165.13,0,ok,0
train/5-30/47.jpg,5,30,112.0,112.0,112.0,187.0,126.24,165.13,0,ok,0
train/5-30/51.jpg,5,30,112.0,112.0,37.0,112.0,58.87,126.24,90,ok,90
train/5-30/52.jpg,5,30,112.0,112.0,112.0,187.0,126.24,165.13,0,ok,0
train/5-30/57.jpg,5,30,112.0,112.0,112.0,187.0,126.24,165.13,0,ok,0
train/5-30/60.jpg,5,30,112.0,112.0,112.0,187.0,126.24,165.13,0,ok,0
train/5-30/63.jpg,5,30,112.0,112.0,187.0,112.0,165.13,97.76,270,ok,270
train/5-30/66.jpg,5,30,112.0,112.0,112.0,187.0,126.24,165.13,0,ok,0
train/5-30/67.jpg,5,30,112.0,112.0,112.0,187.0,126.24,165.13,0,ok,0
train/5-30/69.jpg,5,30,112.0,112.0,112.0,187.0,126.24,165.13,0,ok,0
train/5-30/72.jpg,5,30,112.0,112.0,112.0,187.0,126.24,165.13,0,ok,0
train/5-30/73.jpg,5,30,112.0,112.0,112.0,187.0,126.24,165.13,0,ok,0
train/5-30/74.jpg,5,30,112.0,112.0,187.0,112.0,165.13,97.76,270,ok,270
train/5-30/75.jpg,5,30,112.0,112.0,112.0,37.0,97.76,58.87,180,ok,180
train/5-30/76.jpg,5,30,112.0,112.0,112.0,37.0,97.76,58.87,180,ok,180
train/5-30/78.jpg,5,30,112.0,112.0,187.0,112.0,165.13,97.76,270,ok,270
train/5-30/80.jpg,5,30,112.0,112.0,112.0,187.0,126.24,165.13,0,ok,0
train/5-30/81.jpg,5,30,112.0,112.0,112.0,187.0,126.24,165.13,0,ok,0
train/5-30/83.jpg,5,30,112.0,112.0,112.0,187.0,126.24,165.13,0,ok,0
train/5-30/86.jpg,5,30,112.0,112.0,112.0,37.0,97.76,58.87,180,ok,180
train/5-30/87.jpg,5,30,112.0,112.0,112.0,187.0,126.24,165.13,0,ok,0
train/5-30/89.jpg,5,30,112.0,112.0,112.0,187.0,126.24,165.13,0,ok,0
train/5-30/9.jpg,5,30,112.0,112.0,112.0,187.0,126.24,165.13,0,ok,0
train/5-30/90.jpg,5,30,112.0,112.0,37.0,112.0,58.87,126.24,90,ok,90
train/5-30/93.jpg,5,30,112.0,112.0,112.0,187.0,126.24,165.13,0,ok,0
train/5-30/98.jpg,5,30,112.0,112.0,112.0,187.0,126.24,165.13,0,ok,0
train/5-35/0.jpg,5,35,112.0,112.0,74.5,176.95,123.9,165.7,0,ok,0
train/5-35/12.jpg,5,35,112.0,112.0,47.05,74.5,58.3,123.9,90,ok,90
train/5-35/13.jpg,5,35,112.0,112.0,74.5,176.95,123.9,165.7,0,ok,0
train/5-35/15.jpg,5,35,112.0,112.0,74.5,176.95,123.9,165.7,0,ok,0
train/5-35/16.jpg,5,35,112.0,112.0,74.5,176.95,123.9,165.7,0,ok,0
train/5-35/17.jpg,5,35,112.0,112.0,74.5,176.95,123.9,165.7,0,ok,0
train/5-35/18.jpg,5,35,112.0,112.0,149.5,47.05,100.1,58.3,180,ok,180
train/5-35/19.jpg,5,35,112.0,112.0,149.5,47.05,100.1,58.3,180,ok,180
train/5-35/2.jpg,5,35,112.0,112.0,149.5,47.05,100.1,58.3,180,ok,180
train/5-35/24.jpg,5,35,112.0,112.0,74.5,176.95,123.9,165.7,0,ok,0
train/5-35/27.jpg,5,35,112.0,112.0,176.95,149.5,165.7,100.1,270,ok,270
train/5-35/30.jpg,5,35,112.0,112.0,74.5,176.95,123.9,165.7,0,ok,0
train/5-35/31.jpg,5,35,112.0,112.0,74.5,176.95,123.9,165.7,0,ok,0
train/5-35/33.jpg,5,35,112.0,112.0,74.5,176.95,123.9,165.7,0,ok,0
train/5-35/34.jpg,5,35,112.0,112.0,47.05,74.5,58.3,123.9,90,ok,90
train/5-35/37.jpg,5,35,112.0,112.0,74.5,176.95,123.9,165.7,0,ok,0
train/5-35/38.jpg,5,35,112.0,112.0,176.95,149.5,165.7,100.1,270,ok,270
train/5-35/40.jpg,5,35,112.0,112.0,149.5,47.05,100.1,58.3,180,ok,180
train/5-35/45.jpg,5,35,112.0,112.0,74.5,176.95,123.9,165.7,0,ok,0
train/5-35/46.jpg,5,35,112.0,112.0,47.05,74.5,58.3,123.9,90,ok,90
train/5-35/47.jpg,5,35,112.0,112.0,176.95,149.5,165.7,100.1,270,ok,270
train/5-35/48.jpg,5,35,112.0,112.0,176.95,149.5,165.7,100.1,270,ok,270
train/5-35/50.jpg,5,35,112.0,112.0,149.5,47.05,100.1,58.3,180,ok,180
train/5-35/52.jpg,5,35,112.0,112.0,47.05,74.5,58.3,123.9,90,ok,90
train/5-35/53.jpg,5,35,112.0,112.0,74.5,176.95,123.9,165.7,0,ok,0
train/5-35/55.jpg,5,35,112.0,112.0,47.05,74.5,58.3,123.9,90,ok,90
train/5-35/56.jpg,5,35,112.0,112.0,74.5,176.95,123.9,165.7,0,ok,0
train/5-35/59.jpg,5,35,112.0,112.0,149.5,47.05,100.1,58.3,180,ok,180
train/5-35/62.jpg,5,35,112.0,112.0,74.5,176.95,123.9,165.7,0,ok,0
train/5-35/64.jpg,5,35,112.0,112.0,74.5,176.95,123.9,165.7,0,ok,0
train/5-35/69.jpg,5,35,112.0,112.0,176.95,149.5,165.7,100.1,270,ok,270
train/5-35/70.jpg,5,35,112.0,112.0,176.95,149.5,165.7,100.1,270,ok,270
train/5-35/72.jpg,5,35,112.0,112.0,74.5,176.95,123.9,165.7,0,ok,0
train/5-35/74.jpg,5,35,112.0,112.0,47.05,74.5,58.3,123.9,90,ok,90
train/5-35/75.jpg,5,35,112.0,112.0,47.05,74.5,58.3,123.9,90,ok,90
train/5-35/78.jpg,5,35,112.0,112.0,74.5,176.95,123.9,165.7,0,ok,0
train/5-35/79.jpg,5,35,112.0,112.0,74.5,176.95,123.9,165.7,0,ok,0
train/5-35/80.jpg,5,35,112.0,112.0,149.5,47.05,100.1,58.3,180,ok,180
train/5-35/82.jpg,5,35,112.0,112.0,74.5,176.95,123.9,165.7,0,ok,0
train/5-35/83.jpg,5,35,112.0,112.0,74.5,176.95,123.9,165.7,0,ok,0
train/5-35/84.jpg,5,35,112.0,112.0,176.95,149.5,165.7,100.1,270,ok,270
train/5-35/85.jpg,5,35,112.0,112.0,74.5,176.95,123.9,165.7,0,ok,0
train/5-35/87.jpg,5,35,112.0,112.0,47.05,74.5,58.3,123.9,90,ok,90
train/5-35/89.jpg,5,35,112.0,112.0,74.5,176.95,123.9,165.7,0,ok,0
train/5-35/9.jpg,5,35,112.0,112.0,47.05,74.5,58.3,123.9,90,ok,90
train/5-35/90.jpg,5,35,112.0,112.0,74.5,176.95,123.9,165.7,0,ok,0
train/5-35/91.jpg,5,35,112.0,112.0,176.95,149.5,165.7,100.1,270,ok,270
train/5-35/92.jpg,5,35,112.0,112.0,47.05,74.5,58.3,123.9,90,ok,90
train/5-35/93.jpg,5,35,112.0,112.0,74.5,176.95,123.9,165.7,0,ok,0
train/5-35/96.jpg,5,35,112.0,112.0,74.5,176.95,123.9,165.7,0,ok,0
train/5-40/0.jpg,5,40,112.0,112.0,74.5,47.05,57.84,121.55,90,ok,90
train/5-40/1.jpg,5,40,112.0,112.0,149.5,176.95,166.16,102.45,270,ok,270
train/5-40/13.jpg,5,40,112.0,112.0,47.05,149.5,121.55,166.16,0,ok,0
train/5-40/14.jpg,5,40,112.0,112.0,47.05,149.5,121.55,166.16,0,ok,0
train/5-40/15.jpg,5,40,112.0,112.0,74.5,47.05,57.84,121.55,90,ok,90
train/5-40/16.jpg,5,40,112.0,112.0,47.05,149.5,121.55,166.16,0,ok,0
train/5-40/17.jpg,5,40,112.0,112.0,47.05,149.5,121.55,166.16,0,ok,0
train/5-40/18.jpg,5,40,112.0,112.0,47.05,149.5,121.55,166.16,0,ok,0
train/5-40/19.jpg,5,40,112.0,112.0,47.05,149.5,121.55,166.16,0,ok,0
train/5-40/2.jpg,5,40,112.0,112.0,47.05,149.5,121.55,166.16,0,ok,0
train/5-40/20.jpg,5,40,112.0,112.0,47.05,149.5,121.55,166.16,0,ok,0
train/5-40/21.jpg,5,40,112.0,112.0,47.05,149.5,121.55,166.16,0,ok,0
train/5-40/25.jpg,5,40,112.0,112.0,47.05,149.5,121.55,166.16,0,ok,0
train/5-40/26.jpg,5,40,112.0,112.0,74.5,47.05,57.84,121.55,90,ok,90
train/5-40/27.jpg,5,40,112.0,112.0,176.95,74.5,102.45,57.84,180,ok,180
train/5-40/3.jpg,5,40,112.0,112.0,47.05,149.5,121.55,166.16,0,ok,0
train/5-40/30.jpg,5,40,112.0,112.0,47.05,149.5,121.55,166.16,0,ok,0
train/5-40/31.jpg,5,40,112.0,112.0,176.95,74.5,102.45,57.84,180,ok,180
train/5-40/32.jpg,5,40,112.0,112.0,47.05,149.5,121.55,166.16,0,ok,0
train/5-40/33.jpg,5,40,112.0,112.0,47.05,149.5,121.55,166.16,0,ok,0
train/5-40/37.jpg,5,40,112.0,112.0,47.05,149.5,121.55,166.16,0,ok,0
train/5-40/4.jpg,5,40,112.0,112.0,47.05,149.5,121.55,166.16,0,ok,0
train/5-40/42.jpg,5,40,112.0,112.0,149.5,176.95,166.16,102.45,270,ok,270
train/5-40/43.jpg,5,40,112.0,112.0,74.5,47.05,57.84,121.55,90,ok,90
train/5-40/44.jpg,5,40,112.0,112.0,47.05,149.5,121.55,166.16,0,ok,0
train/5-40/45.jpg,5,40,112.0,112.0,74.5,47.05,57.84,121.55,90,ok,90
train/5-40/46.jpg,5,40,112.0,112.0,47.05,149.5,121.55,166.16,0,ok,0
train/5-40/48.jpg,5,40,112.0,112.0,176.95,74.5,102.45,57.84,180,ok,180
train/5-40/49.jpg,5,40,112.0,112.0,47.05,149.5,121.55,166.16,0,ok,0
train/5-40/5.jpg,5,40,112.0,112.0,47.05,149.5,121.55,166.16,0,ok,0
train/5-40/50.jpg,5,40,112.0,112.0,47.05,149.5,121.55,166.16,0,ok,0
train/5-40/51.jpg,5,40,112.0,112.0,149.5,176.95,166.16,102.45,270,ok,270
train/5-40/53.jpg,5,40,112.0,112.0,176.95,74.5,102.45,57.84,180,ok,180
train/5-40/56.jpg,5,40,112.0,112.0,74.5,47.05,57.84,121.55,90,ok,90
train/5-40/57.jpg,5,40,112.0,112.0,149.5,176.95,166.16,102.45,270,ok,270
train/5-40/58.jpg,5,40,112.0,112.0,74.5,47.05,57.84,121.55,90,ok,90
train/5-40/61.jpg,5,40,112.0,112.0,47.05,149.5,121.55,166.16,0,ok,0
train/5-40/63.jpg,5,40,112.0,112.0,74.5,47.05,57.84,121.55,90,ok,90
train/5-40/66.jpg,5,40,112.0,112.0,176.95,74.5,102.45,57.84,180,ok,180
train/5-40/67.jpg,5,40,112.0,112.0,176.95,74.5,102.45,57.84,180,ok,180
train/5-40/69.jpg,5,40,112.0,112.0,149.5,176.95,166.16,102.45,270,ok,270
train/5-40/7.jpg,5,40,112.0,112.0,176.95,74.5,102.45,57.84,180,ok,180
train/5-40/70.jpg,5,40,112.0,112.0,47.05,149.5,121.55,166.16,0,ok,0
train/5-40/71.jpg,5,40,112.0,112.0,47.05,149.5,121.55,166.16,0,ok,0
train/5-40/72.jpg,5,40,112.0,112.0,176.95,74.5,102.45,57.84,180,ok,180
train/5-40/73.jpg,5,40,112.0,112.0,47.05,149.5,121.55,166.16,0,ok,0
train/5-40/74.jpg,5,40,112.0,112.0,47.05,149.5,121.55,166.16,0,ok,0
train/5-40/75.jpg,5,40,112.0,112.0,47.05,149.5,121.55,166.16,0,ok,0
train/5-40/76.jpg,5,40,112.0,112.0,47.05,149.5,121.55,166.16,0,ok,0
train/5-40/78.jpg,5,40,112.0,112.0,47.05,149.5,121.55,166.16,0,ok,0
train/5-40/79.jpg,5,40,112.0,112.0,74.5,47.05,57.84,121.55,90,ok,90
train/5-40/80.jpg,5,40,112.0,112.0,47.05,149.5,121.55,166.16,0,ok,0
train/5-40/81.jpg,5,40,112.0,112.0,149.5,176.95,166.16,102.45,270,ok,270
train/5-40/82.jpg,5,40,112.0,112.0,47.05,149.5,121.55,166.16,0,ok,0
train/5-40/85.jpg,5,40,112.0,112.0,47.05,149.5,121.55,166.16,0,ok,0
train/5-40/86.jpg,5,40,112.0,112.0,47.05,149.5,121.55,166.16,0,ok,0
train/5-40/87.jpg,5,40,112.0,112.0,47.05,149.5,121.55,166.16,0,ok,0
train/5-40/88.jpg,5,40,112.0,112.0,47.05,149.5,121.55,166.16,0,ok,0
train/5-40/9.jpg,5,40,112.0,112.0,176.95,74.5,102.45,57.84,180,ok,180
train/5-40/92.jpg,5,40,112.0,112.0,47.05,149.5,121.55,166.16,0,ok,0
train/5-40/93.jpg,5,40,112.0,112.0,47.05,149.5,121.55,166.16,0,ok,0
train/5-40/94.jpg,5,40,112.0,112.0,47.05,149.5,121.55,166.16,0,ok,0
train/5-40/95.jpg,5,40,112.0,112.0,176.95,74.5,102.45,57.84,180,ok,180
train/5-40/96.jpg,5,40,112.0,112.0,149.5,176.95,166.16,102.45,270,ok,270
train/5-40/97.jpg,5,40,112.0,112.0,47.05,149.5,121.55,166.16,0,ok,0
train/5-40/98.jpg,5,40,112.0,112.0,47.05,149.5,121.55,166.16,0,ok,0
train/5-45/10.jpg,5,45,112.0,112.0,187.0,112.0,104.82,57.47,180,ok,180
train/5-45/34.jpg,5,45,112.0,112.0,112.0,187.0,166.53,104.82,270,ok,270
train/5-45/35.jpg,5,45,112.0,112.0,112.0,37.0,57.47,119.18,90,ok,90
train/5-45/44.jpg,5,45,112.0,112.0,37.0,112.0,119.18,166.53,0,ok,0
train/5-45/48.jpg,5,45,112.0,112.0,187.0,112.0,104.82,57.47,180,ok,180
train/5-45/59.jpg,5,45,112.0,112.0,37.0,112.0,119.18,166.53,0,ok,0
train/5-45/64.jpg,5,45,112.0,112.0,187.0,112.0,104.82,57.47,180,ok,180
train/5-45/68.jpg,5,45,112.0,112.0,37.0,112.0,119.18,166.53,0,ok,0
train/5-45/70.jpg,5,45,112.0,112.0,37.0,112.0,119.18,166.53,0,ok,0
train/5-45/76.jpg,5,45,112.0,112.0,112.0,187.0,166.53,104.82,270,ok,270
train/5-45/77.jpg,5,45,112.0,112.0,37.0,112.0,119.18,166.53,0,ok,0
train/5-45/8.jpg,5,45,112.0,112.0,187.0,112.0,104.82,57.47,180,ok,180
train/5-45/81.jpg,5,45,112.0,112.0,112.0,187.0,166.53,104.82,270,ok,270
train/5-45/84.jpg,5,45,112.0,112.0,112.0,37.0,57.47,119.18,90,ok,90
train/5-45/97.jpg,5,45,112.0,112.0,37.0,112.0,119.18,166.53,0,ok,0
train/5-50/0.jpg,5,50,112.0,112.0,47.05,74.5,116.79,166.79,0,ok,0
train/5-50/1.jpg,5,50,112.0,112.0,47.05,74.5,116.79,166.79,0,ok,0
train/5-50/10.jpg,5,50,112.0,112.0,47.05,74.5,116.79,166.79,0,ok,0
train/5-50/12.jpg,5,50,112.0,112.0,74.5,176.95,166.79,107.21,270,ok,270
train/5-50/13.jpg,5,50,112.0,112.0,47.05,74.5,116.79,166.79,0,ok,0
train/5-50/15.jpg,5,50,112.0,112.0,47.05,74.5,116.79,166.79,0,ok,0
train/5-50/16.jpg,5,50,112.0,112.0,149.5,47.05,57.21,116.79,90,ok,90
train/5-50/17.jpg,5,50,112.0,112.0,47.05,74.5,116.79,166.79,0,ok,0
train/5-50/19.jpg,5,50,112.0,112.0,47.05,74.5,116.79,166.79,0,ok,0
train/5-50/20.jpg,5,50,112.0,112.0,47.05,74.5,116.79,166.79,0,ok,0
train/5-50/24.jpg,5,50,112.0,112.0,47.05,74.5,116.79,166.79,0,ok,0
train/5-50/26.jpg,5,50,112.0,112.0,47.05,74.5,116.79,166.79,0,ok,0
train/5-50/27.jpg,5,50,112.0,112.0,74.5,176.95,166.79,107.21,270,ok,270
train/5-50/28.jpg,5,50,112.0,112.0,176.95,149.5,107.21,57.21,180,ok,180
train/5-50/3.jpg,5,50,112.0,112.0,74.5,176.95,166.79,107.21,270,ok,270
train/5-50/30.jpg,5,50,112.0,112.0,149.5,47.05,57.21,116.79,90,ok,90
train/5-50/31.jpg,5,50,112.0,112.0,47.05,74.5,116.79,166.79,0,ok,0
train/5-50/32.jpg,5,50,112.0,112.0,74.5,176.95,166.79,107.21,270,ok,270
train/5-50/34.jpg,5,50,112.0,112.0,74.5,176.95,166.79,107.21,270,ok,270
train/5-50/35.jpg,5,50,112.0,112.0,74.5,176.95,166.79,107.21,270,ok,270
train/5-50/36.jpg,5,50,112.0,112.0,74.5,176.95,166.79,107.21,270,ok,270
train/5-50/37.jpg,5,50,112.0,112.0,47.05,74.5,116.79,166.79,0,ok,0
train/5-50/38.jpg,5,50,112.0,112.0,176.95,149.5,107.21,57.21,180,ok,180
train/5-50/4.jpg,5,50,112.0,112.0,176.95,149.5,107.21,57.21,180,ok,180
train/5-50/40.jpg,5,50,112.0,112.0,176.95,149.5,107.21,57.21,180,ok,180
train/5-50/42.jpg,5,50,112.0,112.0,74.5,176.95,166.79,107.21,270,ok,270
train/5-50/44.jpg,5,50,112.0,112.0,149.5,47.05,57.21,116.79,90,ok,90
train/5-50/45.jpg,5,50,112.0,112.0,47.05,74.5,116.79,166.79,0,ok,0
train/5-50/46.jpg,5,50,112.0,112.0,74.5,176.95,166.79,107.21,270,ok,270
train/5-50/47.jpg,5,50,112.0,112.0,149.5,47.05,57.21,116.79,90,ok,90
train/5-50/48.jpg,5,50,112.0,112.0,47.05,74.5,116.79,166.79,0,ok,0
train/5-50/49.jpg,5,50,112.0,112.0,47.05,74.5,116.79,166.79,0,ok,0
train/5-50/50.jpg,5,50,112.0,112.0,176.95,149.5,107.21,57.21,180,ok,180
train/5-50/51.jpg,5,50,112.0,112.0,74.5,176.95,166.79,107.21,270,ok,270
train/5-50/52.jpg,5,50,112.0,112.0,149.5,47.05,57.21,116.79,90,ok,90
train/5-50/53.jpg,5,50,112.0,112.0,176.95,149.5,107.21,57.21,180,ok,180
train/5-50/57.jpg,5,50,112.0,112.0,47.05,74.5,116.79,166.79,0,ok,0
train/5-50/58.jpg,5,50,112.0,112.0,176.95,149.5,107.21,57.21,180,ok,180
train/5-50/60.jpg,5,50,112.0,112.0,149.5,47.05,57.21,116.79,90,ok,90
train/5-50/61.jpg,5,50,112.0,112.0,149.5,47.05,57.21,116.79,90,ok,90
train/5-50/62.jpg,5,50,112.0,112.0,74.5,176.95,166.79,107.21,270,ok,270
train/5-50/63.jpg,5,50,112.0,112.0,149.5,47.05,57.21,116.79,90,ok,90
train/5-50/64.jpg,5,50,112.0,112.0,47.05,74.5,116.79,166.79,0,ok,0
train/5-50/66.jpg,5,50,112.0,112.0,47.05,74.5,116.79,166.79,0,ok,0
train/5-50/67.jpg,5,50,112.0,112.0,47.05,74.5,116.79,166.79,0,ok,0
train/5-50/68.jpg,5,50,112.0,112.0,47.05,74.5,116.79,166.79,0,ok,0
train/5-50/72.jpg,5,50,112.0,112.0,74.5,176.95,166.79,107.21,270,ok,270
train/5-50/73.jpg,5,50,112.0,112.0,176.95,149.5,107.21,57.21,180,ok,180
train/5-50/74.jpg,5,50,112.0,112.0,47.05,74.5,116.79,166.79,0,ok,0
train/5-50/75.jpg,5,50,112.0,112.0,47.05,74.5,116.79,166.79,0,ok,0
train/5-50/79.jpg,5,50,112.0,112.0,47.05,74.5,116.79,166.79,0,ok,0
train/5-50/8.jpg,5,50,112.0,112.0,47.05,74.5,116.79,166.79,0,ok,0
train/5-50/80.jpg,5,50,112.0,112.0,47.05,74.5,116.79,166.79,0,ok,0
train/5-50/81.jpg,5,50,112.0,112.0,47.05,74.5,116.79,166.79,0,ok,0
train/5-50/83.jpg,5,50,112.0,112.0,47.05,74.5,116.79,166.79,0,ok,0
train/5-50/84.jpg,5,50,112.0,112.0,47.05,74.5,116.79,166.79,0,ok,0
train/5-50/85.jpg,5,50,112.0,112.0,149.5,47.05,57.21,116.79,90,ok,90
train/5-50/88.jpg,5,50,112.0,112.0,176.95,149.5,107.21,57.21,180,ok,180
train/5-50/89.jpg,5,50,112.0,112.0,149.5,47.05,57.21,116.79,90,ok,90
train/5-50/90.jpg,5,50,112.0,112.0,74.5,176.95,166.79,107.21,270,ok,270
train/5-50/92.jpg,5,50,112.0,112.0,149.5,47.05,57.21,116.79,90,ok,90
train/5-50/93.jpg,5,50,112.0,112.0,47.05,74.5,116.79,166.79,0,ok,0
train/5-50/94.jpg,5,50,112.0,112.0,176.95,149.5,107.21,57.21,180,ok,180
train/5-50/95.jpg,5,50,112.0,112.0,47.05,74.5,116.79,166.79,0,ok,0
train/5-50/96.jpg,5,50,112.0,112.0,47.05,74.5,116.79,166.79,0,ok,0
train/5-50/97.jpg,5,50,112.0,112.0,176.95,149.5,107.21,57.21,180,ok,180
train/5-50/98.jpg,5,50,112.0,112.0,74.5,176.95,166.79,107.21,270,ok,270
train/5-50/99.jpg,5,50,112.0,112.0,74.5,176.95,166.79,107.21,270,ok,270
train/5-55/0.jpg,5,55,112.0,112.0,47.05,149.5,166.95,109.6,270,ok,270
train/5-55/1.jpg,5,55,112.0,112.0,47.05,149.5,166.95,109.6,270,ok,270
train/5-55/10.jpg,5,55,112.0,112.0,47.05,149.5,166.95,109.6,270,ok,270
train/5-55/12.jpg,5,55,112.0,112.0,47.05,149.5,166.95,109.6,270,ok,270
train/5-55/13.jpg,5,55,112.0,112.0,149.5,176.95,109.6,57.05,180,ok,180
train/5-55/15.jpg,5,55,112.0,112.0,74.5,47.05,114.4,166.95,0,ok,0
train/5-55/17.jpg,5,55,112.0,112.0,74.5,47.05,114.4,166.95,0,ok,0
train/5-55/19.jpg,5,55,112.0,112.0,74.5,47.05,114.4,166.95,0,ok,0
train/5-55/2.jpg,5,55,112.0,112.0,74.5,47.05,114.4,166.95,0,ok,0
train/5-55/20.jpg,5,55,112.0,112.0,47.05,149.5,166.95,109.6,270,ok,270
train/5-55/21.jpg,5,55,112.0,112.0,74.5,47.05,114.4,166.95,0,ok,0
train/5-55/24.jpg,5,55,112.0,112.0,74.5,47.05,114.4,166.95,0,ok,0
train/5-55/26.jpg,5,55,112.0,112.0,74.5,47.05,114.4,166.95,0,ok,0
train/5-55/29.jpg,5,55,112.0,112.0,47.05,149.5,166.95,109.6,270,ok,270
train/5-55/3.jpg,5,55,112.0,112.0,74.5,47.05,114.4,166.95,0,ok,0
train/5-55/30.jpg,5,55,112.0,112.0,149.5,176.95,109.6,57.05,180,ok,180
train/5-55/34.jpg,5,55,112.0,112.0,74.5,47.05,114.4,166.95,0,ok,0
train/5-55/36.jpg,5,55,112.0,112.0,74.5,47.05,114.4,166.95,0,ok,0
train/5-55/37.jpg,5,55,112.0,112.0,74.5,47.05,114.4,166.95,0,ok,0
train/5-55/4.jpg,5,55,112.0,112.0,47.05,149.5,166.95,109.6,270,ok,270
train/5-55/42.jpg,5,55,112.0,112.0,47.05,149.5,166.95,109.6,270,ok,270
train/5-55/43.jpg,5,55,112.0,112.0,47.05,149.5,166.95,109.6,270,ok,270
train/5-55/44.jpg,5,55,112.0,112.0,47.05,149.5,166.95,109.6,270,ok,270
train/5-55/45.jpg,5,55,112.0,112.0,47.05,149.5,166.95,109.6,270,ok,270
train/5-55/46.jpg,5,55,112.0,112.0,47.05,149.5,166.95,109.6,270,ok,270
train/5-55/47.jpg,5,55,112.0,112.0,176.95,74.5,57.05,114.4,90,ok,90
train/5-55/48.jpg,5,55,112.0,112.0,47.05,149.5,166.95,109.6,270,ok,270
train/5-55/49.jpg,5,55,112.0,112.0,176.95,74.5,57.05,114.4,90,ok,90
train/5-55/50.jpg,5,55,112.0,112.0,47.05,149.5,166.95,109.6,270,ok,270
train/5-55/51.jpg,5,55,112.0,112.0,74.5,47.05,114.4,166.95,0,ok,0
train/5-55/52.jpg,5,55,112.0,112.0,47.05,149.5,166.95,109.6,270,ok,270
train/5-55/53.jpg,5,55,112.0,112.0,74.5,47.05,114.4,166.95,0,ok,0
train/5-55/59.jpg,5,55,112.0,112.0,74.5,47.05,114.4,166.95,0,ok,0
train/5-55/61.jpg,5,55,112.0,112.0,176.95,74.5,57.05,114.4,90,ok,90
train/5-55/63.jpg,5,55,112.0,112.0,47.05,149.5,166.95,109.6,270,ok,270
train/5-55/64.jpg,5,55,112.0,112.0,74.5,47.05,114.4,166.95,0,ok,0
train/5-55/65.jpg,5,55,112.0,112.0,176.95,74.5,57.05,114.4,90,ok,90
train/5-55/66.jpg,5,55,112.0,112.0,74.5,47.05,114.4,166.95,0,ok,0
train/5-55/67.jpg,5,55,112.0,112.0,74.5,47.05,114.4,166.95,0,ok,0
train/5-55/68.jpg,5,55,112.0,112.0,74.5,47.05,114.4,166.95,0,ok,0
train/5-55/69.jpg,5,55,112.0,112.0,74.5,47.05,114.4,166.95,0,ok,0
train/5-55/7.jpg,5,55,112.0,112.0,47.05,149.5,166.95,109.6,270,ok,270
train/5-55/70.jpg,5,55,112.0,112.0,74.5,47.05,114.4,166.95,0,ok,0
train/5-55/71.jpg,5,55,112.0,112.0,74.5,47.05,114.4,166.95,0,ok,0
train/5-55/72.jpg,5,55,112.0,112.0,74.5,47.05,114.4,166.95,0,ok,0
train/5-55/73.jpg,5,55,112.0,112.0,74.5,47.05,114.4,166.95,0,ok,0
train/5-55/74.jpg,5,55,112.0,112.0,176.95,74.5,57.05,114.4,90,ok,90
train/5-55/75.jpg,5,55,112.0,112.0,74.5,47.05,114.4,166.95,0,ok,0
train/5-55/76.jpg,5,55,112.0,112.0,176.95,74.5,57.05,114.4,90,ok,90
train/5-55/78.jpg,5,55,112.0,112.0,74.5,47.05,114.4,166.95,0,ok,0
train/5-55/79.jpg,5,55,112.0,112.0,74.5,47.05,114.4,166.95,0,ok,0
train/5-55/80.jpg,5,55,112.0,112.0,149.5,176.95,109.6,57.05,180,ok,180
train/5-55/82.jpg,5,55,112.0,112.0,74.5,47.05,114.4,166.95,0,ok,0
train/5-55/83.jpg,5,55,112.0,112.0,149.5,176.95,109.6,57.05,180,ok,180
train/5-55/84.jpg,5,55,112.0,112.0,74.5,47.05,114.4,166.95,0,ok,0
train/5-55/86.jpg,5,55,112.0,112.0,74.5,47.05,114.4,166.95,0,ok,0
train/5-55/87.jpg,5,55,112.0,112.0,176.95,74.5,57.05,114.4,90,ok,90
train/5-55/89.jpg,5,55,112.0,112.0,74.5,47.05,114.4,166.95,0,ok,0
train/5-55/91.jpg,5,55,112.0,112.0,74.5,47.05,114.4,166.95,0,ok,0
train/5-55/93.jpg,5,55,112.0,112.0,47.05,149.5,166.95,109.6,270,ok,270
train/5-55/95.jpg,5,55,112.0,112.0,149.5,176.95,109.6,57.05,180,ok,180
train/5-55/96.jpg,5,55,112.0,112.0,74.5,47.05,114.4,166.95,0,ok,0
train/5-55/97.jpg,5,55,112.0,112.0,74.5,47.05,114.4,166.95,0,ok,0
train/5-55/98.jpg,5,55,112.0,112.0,74.5,47.05,114.4,166.95,0,ok,0
train/5-55/99.jpg,5,55,112.0,112.0,47.05,149.5,166.95,109.6,270,ok,270
train/6-00/0.jpg,6,0,112.0,112.0,37.0,112.0,167.0,112.0,270,ok,270
train/6-00/1.jpg,6,0,112.0,112.0,112.0,187.0,112.0,57.0,180,ok,180
train/6-00/10.jpg,6,0,112.0,112.0,112.0,187.0,112.0,57.0,180,ok,180
train/6-00/12.jpg,6,0,112.0,112.0,112.0,37.0,112.0,167.0,0,ok,0
train/6-00/13.jpg,6,0,112.0,112.0,112.0,37.0,112.0,167.0,0,ok,0
train/6-00/15.jpg,6,0,112.0,112.0,112.0,37.0,112.0,167.0,0,ok,0
train/6-00/16.jpg,6,0,112.0,112.0,187.0,112.0,57.0,112.0,90,ok,90
train/6-00/17.jpg,6,0,112.0,112.0,112.0,37.0,112.0,167.0,0,ok,0
train/6-00/18.jpg,6,0,112.0,112.0,112.0,37.0,112.0,167.0,0,ok,0
train/6-00/2.jpg,6,0,112.0,112.0,112.0,187.0,112.0,57.0,180,ok,180
train/6-00/20.jpg,6,0,112.0,112.0,187.0,112.0,57.0,112.0,90,ok,90
train/6-00/21.jpg,6,0,112.0,112.0,37.0,112.0,167.0,112.0,270,ok,270
train/6-00/23.jpg,6,0,112.0,112.0,112.0,37.0,112.0,167.0,0,ok,0
train/6-00/25.jpg,6,0,112.0,112.0,112.0,37.0,112.0,167.0,0,ok,0
train/6-00/27.jpg,6,0,112.0,112.0,187.0,112.0,57.0,112.0,90,ok,90
train/6-00/29.jpg,6,0,112.0,112.0,112.0,187.0,112.0,57.0,180,ok,180
train/6-00/3.jpg,6,0,112.0,112.0,112.0,187.0,112.0,57.0,180,ok,180
train/6-00/30.jpg,6,0,112.0,112.0,112.0,37.0,112.0,167.0,0,ok,0
train/6-00/31.jpg,6,0,112.0,112.0,112.0,37.0,112.0,167.0,0,ok,0
train/6-00/32.jpg,6,0,112.0,112.0,37.0,112.0,167.0,112.0,270,ok,270
train/6-00/34.jpg,6,0,112.0,112.0,112.0,187.0,112.0,57.0,180,ok,180
train/6-00/37.jpg,6,0,112.0,112.0,187.0,112.0,57.0,112.0,90,ok,90
train/6-00/38.jpg,6,0,112.0,112.0,112.0,37.0,112.0,167.0,0,ok,0
train/6-00/40.jpg,6,0,112.0,112.0,112.0,187.0,112.0,57.0,180,ok,180
train/6-00/41.jpg,6,0,112.0,112.0,112.0,187.0,112.0,57.0,180,ok,180
train/6-00/44.jpg,6,0,112.0,112.0,187.0,112.0,57.0,112.0,90,ok,90
train/6-00/45.jpg,6,0,112.0,112.0,187.0,112.0,57.0,112.0,90,ok,90
train/6-00/46.jpg,6,0,112.0,112.0,37.0,112.0,167.0,112.0,270,ok,270
train/6-00/47.jpg,6,0,112.0,112.0,112.0,37.0,112.0,167.0,0,ok,0
train/6-00/48.jpg,6,0,112.0,112.0,112.0,37.0,112.0,167.0,0,ok,0
train/6-00/49.jpg,6,0,112.0,112.0,112.0,37.0,112.0,167.0,0,ok,0
train/6-00/5.jpg,6,0,112.0,112.0,37.0,112.0,167.0,112.0,270,ok,270
train/6-00/50.jpg,6,0,112.0,112.0,187.0,112.0,57.0,112.0,90,ok,90
train/6-00/52.jpg,6,0,112.0,112.0,112.0,37.0,112.0,167.0,0,ok,0
train/6-00/53.jpg,6,0,112.0,112.0,112.0,37.0,112.0,167.0,0,ok,0
train/6-00/60.jpg,6,0,112.0,112.0,37.0,112.0,167.0,112.0,270,ok,270
train/6-00/64.jpg,6,0,112.0,112.0,37.0,112.0,167.0,112.0,270,ok,270
train/6-00/66.jpg,6,0,112.0,112.0,112.0,37.0,112.0,167.0,0,ok,0
train/6-00/68.jpg,6,0,112.0,112.0,112.0,187.0,112.0,57.0,180,ok,180
train/6-00/69.jpg,6,0,112.0,112.0,112.0,37.0,112.0,167.0,0,ok,0
train/6-00/7.jpg,6,0,112.0,112.0,112.0,37.0,112.0,167.0,0,ok,0
train/6-00/72.jpg,6,0,112.0,112.0,112.0,37.0,112.0,167.0,0,ok,0
train/6-00/73.jpg,6,0,112.0,112.0,187.0,112.0,57.0,112.0,90,ok,90
train/6-00/78.jpg,6,0,112.0,112.0,112.0,37.0,112.0,167.0,0,ok,0
train/6-00/81.jpg,6,0,112.0,112.0,112.0,37.0,112.0,167.0,0,ok,0
train/6-00/82.jpg,6,0,112.0,112.0,112.0,37.0,112.0,167.0,0,ok,0
train/6-00/84.jpg,6,0,112.0,112.0,112.0,37.0,112.0,167.0,0,ok,0
train/6-00/85.jpg,6,0,112.0,112.0,112.0,187.0,112.0,57.0,180,ok,180
train/6-00/86.jpg,6,0,112.0,112.0,112.0,37.0,112.0,167.0,0,ok,0
train/6-00/88.jpg,6,0,112.0,112.0,112.0,37.0,112.0,167.0,0,ok,0
train/6-00/90.jpg,6,0,112.0,112.0,112.0,187.0,112.0,57.0,180,ok,180
train/6-00/91.jpg,6,0,112.0,112.0,112.0,37.0,112.0,167.0,0,ok,0
train/6-00/92.jpg,6,0,112.0,112.0,37.0,112.0,167.0,112.0,270,ok,270
train/6-00/93.jpg,6,0,112.0,112.0,37.0,112.0,167.0,112.0,270,ok,270
train/6-00/94.jpg,6,0,112.0,112.0,187.0,112.0,57.0,112.0,90,ok,90
train/6-00/96.jpg,6,0,112.0,112.0,112.0,37.0,112.0,167.0,0,ok,0
train/6-00/97.jpg,6,0,112.0,112.0,187.0,112.0,57.0,112.0,90,ok,90
train/6-00/98.jpg,6,0,112.0,112.0,112.0,187.0,112.0,57.0,180,ok,180
train/6-00/99.jpg,6,0,112.0,112.0,112.0,37.0,112.0,167.0,0,ok,0
train/6-05/0.jpg,6,5,112.0,112.0,149.5,47.05,109.6,166.95,0,ok,0
train/6-05/1.jpg,6,5,112.0,112.0,149.5,47.05,109.6,166.95,0,ok,0
train/6-05/10.jpg,6,5,112.0,112.0,149.5,47.05,109.6,166.95,0,ok,0
train/6-05/12.jpg,6,5,112.0,112.0,176.95,149.5,57.05,109.6,90,ok,90
train/6-05/13.jpg,6,5,112.0,112.0,149.5,47.05,109.6,166.95,0,ok,0
train/6-05/16.jpg,6,5,112.0,112.0,149.5,47.05,109.6,166.95,0,ok,0
train/6-05/17.jpg,6,5,112.0,112.0,47.05,74.5,166.95,114.4,270,ok,270
train/6-05/2.jpg,6,5,112.0,112.0,149.5,47.05,109.6,166.95,0,ok,0
train/6-05/21.jpg,6,5,112.0,112.0,149.5,47.05,109.6,166.95,0,ok,0
train/6-05/22.jpg,6,5,112.0,112.0,149.5,47.05,109.6,166.95,0,ok,0
train/6-05/24.jpg,6,5,112.0,112.0,176.95,149.5,57.05,109.6,90,ok,90
train/6-05/26.jpg,6,5,112.0,112.0,47.05,74.5,166.95,114.4,270,ok,270
train/6-05/27.jpg,6,5,112.0,112.0,74.5,176.95,114.4,57.05,180,ok,180
train/6-05/28.jpg,6,5,112.0,112.0,176.95,149.5,57.05,109.6,90,ok,90
train/6-05/30.jpg,6,5,112.0,112.0,176.95,149.5,57.05,109.6,90,ok,90
train/6-05/31.jpg,6,5,112.0,112.0,176.95,149.5,57.05,109.6,90,ok,90
train/6-05/32.jpg,6,5,112.0,112.0,176.95,149.5,57.05,109.6,90,ok,90
train/6-05/33.jpg,6,5,112.0,112.0,149.5,47.05,109.6,166.95,0,ok,0
train/6-05/34.jpg,6,5,112.0,112.0,74.5,176.95,114.4,57.05,180,ok,180
train/6-05/35.jpg,6,5,112.0,112.0,176.95,149.5,57.05,109.6,90,ok,90
train/6-05/38.jpg,6,5,112.0,112.0,176.95,149.5,57.05,109.6,90,ok,90
train/6-05/4.jpg,6,5,112.0,112.0,149.5,47.05,109.6,166.95,0,ok,0
train/6-05/41.jpg,6,5,112.0,112.0,149.5,47.05,109.6,166.95,0,ok,0
train/6-05/43.jpg,6,5,112.0,112.0,149.5,47.05,109.6,166.95,0,ok,0
train/6-05/45.jpg,6,5,112.0,112.0,176.95,149.5,57.05,109.6,90,ok,90
train/6-05/47.jpg,6,5,112.0,112.0,149.5,47.05,109.6,166.95,0,ok,0
train/6-05/48.jpg,6,5,112.0,112.0,149.5,47.05,109.6,166.95,0,ok,0
train/6-05/49.jpg,6,5,112.0,112.0,149.5,47.05,109.6,166.95,0,ok,0
train/6-05/5.jpg,6,5,112.0,112.0,149.5,47.05,109.6,166.95,0,ok,0
train/6-05/51.jpg,6,5,112.0,112.0,149.5,47.05,109.6,166.95,0,ok,0
train/6-05/52.jpg,6,5,112.0,112.0,149.5,47.05,109.6,166.95,0,ok,0
train/6-05/53.jpg,6,5,112.0,112.0,149.5,47.05,109.6,166.95,0,ok,0
train/6-05/56.jpg,6,5,112.0,112.0,149.5,47.05,109.6,166.95,0,ok,0
train/6-05/57.jpg,6,5,112.0,112.0,176.95,149.5,57.05,109.6,90,ok,90
train/6-05/59.jpg,6,5,112.0,112.0,149.5,47.05,109.6,166.95,0,ok,0
train/6-05/60.jpg,6,5,112.0,112.0,47.05,74.5,166.95,114.4,270,ok,270
train/6-05/61.jpg,6,5,112.0,112.0,149.5,47.05,109.6,166.95,0,ok,0
train/6-05/62.jpg,6,5,112.0,112.0,149.5,47.05,109.6,166.95,0,ok,0
train/6-05/63.jpg,6,5,112.0,112.0,149.5,47.05,109.6,166.95,0,ok,0
train/6-05/64.jpg,6,5,112.0,112.0,47.05,74.5,166.95,114.4,270,ok,270
train/6-05/66.jpg,6,5,112.0,112.0,149.5,47.05,109.6,166.95,0,ok,0
train/6-05/67.jpg,6,5,112.0,112.0,176.95,149.5,57.05,109.6,90,ok,90
train/6-05/69.jpg,6,5,112.0,112.0,149.5,47.05,109.6,166.95,0,ok,0
train/6-05/7.jpg,6,5,112.0,112.0,176.95,149.5,57.05,109.6,90,ok,90
train/6-05/71.jpg,6,5,112.0,112.0,47.05,74.5,166.95,114.4,270,ok,270
train/6-05/73.jpg,6,5,112.0,112.0,47.05,74.5,166.95,114.4,270,ok,270
train/6-05/74.jpg,6,5,112.0,112.0,149.5,47.05,109.6,166.95,0,ok,0
train/6-05/76.jpg,6,5,112.0,112.0,149.5,47.05,109.6,166.95,0,ok,0
train/6-05/78.jpg,6,5,112.0,112.0,47.05,74.5,166.95,114.4,270,ok,270
train/6-05/8.jpg,6,5,112.0,112.0,47.05,74.5,166.95,114.4,270,ok,270
train/6-05/80.jpg,6,5,112.0,112.0,149.5,47.05,109.6,166.95,0,ok,0
train/6-05/81.jpg,6,5,112.0,112.0,149.5,47.05,109.6,166.95,0,ok,0
train/6-05/82.jpg,6,5,112.0,112.0,149.5,47.05,109.6,166.95,0,ok,0
train/6-05/83.jpg,6,5,112.0,112.0,47.05,74.5,166.95,114.4,270,ok,270
train/6-05/85.jpg,6,5,112.0,112.0,149.5,47.05,109.6,166.95,0,ok,0
train/6-05/87.jpg,6,5,112.0,112.0,176.95,149.5,57.05,109.6,90,ok,90
train/6-05/88.jpg,6,5,112.0,112.0,47.05,74.5,166.95,114.4,270,ok,270
train/6-05/89.jpg,6,5,112.0,112.0,149.5,47.05,109.6,166.95,0,ok,0
train/6-05/9.jpg,6,5,112.0,112.0,74.5,176.95,114.4,57.05,180,ok,180
train/6-05/91.jpg,6,5,112.0,112.0,149.5,47.05,109.6,166.95,0,ok,0
train/6-05/92.jpg,6,5,112.0,112.0,74.5,176.95,114.4,57.05,180,ok,180
train/6-05/95.jpg,6,5,112.0,112.0,149.5,47.05,109.6,166.95,0,ok,0
train/6-05/96.jpg,6,5,112.0,112.0,149.5,47.05,109.6,166.95,0,ok,0
train/6-05/97.jpg,6,5,112.0,112.0,47.05,74.5,166.95,114.4,270,ok,270
train/6-05/99.jpg,6,5,112.0,112.0,176.95,149.5,57.05,109.6,90,ok,90
train/6-10/0.jpg,6,10,112.0,112.0,149.5,176.95,57.21,107.21,90,ok,90
train/6-10/1.jpg,6,10,112.0,112.0,74.5,47.05,166.79,116.79,270,ok,270
train/6-10/12.jpg,6,10,112.0,112.0,176.95,74.5,107.21,166.79,0,ok,0
train/6-10/13.jpg,6,10,112.0,112.0,176.95,74.5,107.21,166.79,0,ok,0
train/6-10/14.jpg,6,10,112.0,112.0,149.5,176.95,57.21,107.21,90,ok,90
train/6-10/16.jpg,6,10,112.0,112.0,47.05,149.5,116.79,57.21,180,ok,180
train/6-10/17.jpg,6,10,112.0,112.0,176.95,74.5,107.21,166.79,0,ok,0
train/6-10/2.jpg,6,10,112.0,112.0,47.05,149.5,116.79,57.21,180,ok,180
train/6-10/21.jpg,6,10,112.0,112.0,47.05,149.5,116.79,57.21,180,ok,180
train/6-10/24.jpg,6,10,112.0,112.0,149.5,176.95,57.21,107.21,90,ok,90
train/6-10/28.jpg,6,10,112.0,112.0,74.5,47.05,166.79,116.79,270,ok,270
train/6-10/29.jpg,6,10,112.0,112.0,176.95,74.5,107.21,166.79,0,ok,0
train/6-10/3.jpg,6,10,112.0,112.0,176.95,74.5,107.21,166.79,0,ok,0
train/6-10/30.jpg,6,10,112.0,112.0,149.5,176.95,57.21,107.21,90,ok,90
train/6-10/31.jpg,6,10,112.0,112.0,47.05,149.5,116.79,57.21,180,ok,180
train/6-10/32.jpg,6,10,112.0,112.0,176.95,74.5,107.21,166.79,0,ok,0
train/6-10/33.jpg,6,10,112.0,112.0,176.95,74.5,107.21,166.79,0,ok,0
train/6-10/34.jpg,6,10,112.0,112.0,176.95,74.5,107.21,166.79,0,ok,0
train/6-10/37.jpg,6,10,112.0,112.0,176.95,74.5,107.21,166.79,0,ok,0
train/6-10/4.jpg,6,10,112.0,112.0,47.05,149.5,116.79,57.21,180,ok,180
train/6-10/40.jpg,6,10,112.0,112.0,176.95,74.5,107.21,166.79,0,ok,0
train/6-10/42.jpg,6,10,112.0,112.0,47.05,149.5,116.79,57.21,180,ok,180
train/6-10/44.jpg,6,10,112.0,112.0,47.05,149.5,116.79,57.21,180,ok,180
train/6-10/45.jpg,6,10,112.0,112.0,176.95,74.5,107.21,166.79,0,ok,0
train/6-10/46.jpg,6,10,112.0,112.0,176.95,74.5,107.21,166.79,0,ok,0
train/6-10/47.jpg,6,10,112.0,112.0,176.95,74.5,107.21,166.79,0,ok,0
train/6-10/49.jpg,6,10,112.0,112.0,176.95,74.5,107.21,166.79,0,ok,0
train/6-10/5.jpg,6,10,112.0,112.0,74.5,47.05,166.79,116.79,270,ok,270
train/6-10/50.jpg,6,10,112.0,112.0,74.5,47.05,166.79,116.79,270,ok,270
train/6-10/51.jpg,6,10,112.0,112.0,176.95,74.5,107.21,166.79,0,ok,0
train/6-10/52.jpg,6,10,112.0,112.0,47.05,149.5,116.79,57.21,180,ok,180
train/6-10/53.jpg,6,10,112.0,112.0,149.5,176.95,57.21,107.21,90,ok,90
train/6-10/55.jpg,6,10,112.0,112.0,74.5,47.05,166.79,116.79,270,ok,270
train/6-10/56.jpg,6,10,112.0,112.0,176.95,74.5,107.21,166.79,0,ok,0
train/6-10/57.jpg,6,10,112.0,112.0,149.5,176.95,57.21,107.21,90,ok,90
train/6-10/58.jpg,6,10,112.0,112.0,74.5,47.05,166.79,116.79,270,ok,270
train/6-10/60.jpg,6,10,112.0,112.0,149.5,176.95,57.21,107.21,90,ok,90
train/6-10/61.jpg,6,10,112.0,112.0,74.5,47.05,166.79,116.79,270,ok,270
train/6-10/62.jpg,6,10,112.0,112.0,149.5,176.95,57.21,107.21,90,ok,90
train/6-10/64.jpg,6,10,112.0,112.0,176.95,74.5,107.21,166.79,0,ok,0
train/6-10/66.jpg,6,10,112.0,112.0,176.95,74.5,107.21,166.79,0,ok,0
train/6-10/67.jpg,6,10,112.0,112.0,74.5,47.05,166.79,116.79,270,ok,270
train/6-10/69.jpg,6,10,112.0,112.0,47.05,149.5,116.79,57.21,180,ok,180
train/6-10/7.jpg,6,10,112.0,112.0,149.5,176.95,57.21,107.21,90,ok,90
train/6-10/74.jpg,6,10,112.0,112.0,47.05,149.5,116.79,57.21,180,ok,180
train/6-10/78.jpg,6,10,112.0,112.0,149.5,176.95,57.21,107.21,90,ok,90
train/6-10/79.jpg,6,10,112.0,112.0,176.95,74.5,107.21,166.79,0,ok,0
train/6-10/8.jpg,6,10,112.0,112.0,74.5,47.05,166.79,116.79,270,ok,270
train/6-10/80.jpg,6,10,112.0,112.0,74.5,47.05,166.79,116.79,270,ok,270
train/6-10/81.jpg,6,10,112.0,112.0,176.95,74.5,107.21,166.79,0,ok,0
train/6-10/82.jpg,6,10,112.0,112.0,47.05,149.5,116.79,57.21,180,ok,180
train/6-10/83.jpg,6,10,112.0,112.0,176.95,74.5,107.21,166.79,0,ok,0
train/6-10/84.jpg,6,10,112.0,112.0,149.5,176.95,57.21,107.21,90,ok,90
train/6-10/85.jpg,6,10,112.0,112.0,47.05,149.5,116.79,57.21,180,ok,180
train/6-10/86.jpg,6,10,112.0,112.0,176.95,74.5,107.21,166.79,0,ok,0
train/6-10/87.jpg,6,10,112.0,112.0,176.95,74.5,107.21,166.79,0,ok,0
train/6-10/88.jpg,6,10,112.0,112.0,74.5,47.05,166.79,116.79,270,ok,270
train/6-10/89.jpg,6,10,112.0,112.0,47.05,149.5,116.79,57.21,180,ok,180
train/6-10/9.jpg,6,10,112.0,112.0,47.05,149.5,116.79,57.21,180,ok,180
train/6-10/91.jpg,6,10,112.0,112.0,176.95,74.5,107.21,166.79,0,ok,0
train/6-10/93.jpg,6,10,112.0,112.0,149.5,176.95,57.21,107.21,90,ok,90
train/6-10/95.jpg,6,10,112.0,112.0,74.5,47.05,166.79,116.79,270,ok,270
train/6-10/96.jpg,6,10,112.0,112.0,74.5,47.05,166.79,116.79,270,ok,270
train/6-10/99.jpg,6,10,112.0,112.0,47.05,149.5,116.79,57.21,180,ok,180
train/6-15/10.jpg,6,15,112.0,112.0,187.0,112.0,104.82,166.53,0,ok,0
train/6-15/14.jpg,6,15,112.0,112.0,112.0,187.0,57.47,104.82,90,ok,90
train/6-15/15.jpg,6,15,112.0,112.0,37.0,112.0,119.18,57.47,180,ok,180
train/6-15/17.jpg,6,15,112.0,112.0,37.0,112.0,119.18,57.47,180,ok,180
train/6-15/21.jpg,6,15,112.0,112.0,187.0,112.0,104.82,166.53,0,ok,0
train/6-15/3.jpg,6,15,112.0,112.0,187.0,112.0,104.82,166.53,0,ok,0
train/6-15/33.jpg,6,15,112.0,112.0,112.0,187.0,57.47,104.82,90,ok,90
train/6-15/34.jpg,6,15,112.0,112.0,112.0,37.0,166.53,119.18,270,ok,270
train/6-15/42.jpg,6,15,112.0,112.0,187.0,112.0,104.82,166.53,0,ok,0
train/6-15/46.jpg,6,15,112.0,112.0,112.0,37.0,166.53,119.18,270,ok,270
train/6-15/48.jpg,6,15,112.0,112.0,187.0,112.0,104.82,166.53,0,ok,0
train/6-15/51.jpg,6,15,112.0,112.0,37.0,112.0,119.18,57.47,180,ok,180
train/6-15/52.jpg,6,15,112.0,112.0,112.0,37.0,166.53,119.18,270,ok,270
train/6-15/56.jpg,6,15,112.0,112.0,187.0,112.0,104.82,166.53,0,ok,0
train/6-15/57.jpg,6,15,112.0,112.0,37.0,112.0,119.18,57.47,180,ok,180
train/6-15/58.jpg,6,15,112.0,112.0,37.0,112.0,119.18,57.47,180,ok,180
train/6-15/60.jpg,6,15,112.0,112.0,187.0,112.0,104.82,166.53,0,ok,0
train/6-15/62.jpg,6,15,112.0,112.0,37.0,112.0,119.18,57.47,180,ok,180
train/6-15/64.jpg,6,15,112.0,112.0,187.0,112.0,104.82,166.53,0,ok,0
train/6-15/65.jpg,6,15,112.0,112.0,187.0,112.0,104.82,166.53,0,ok,0
train/6-15/67.jpg,6,15,112.0,112.0,187.0,112.0,104.82,166.53,0,ok,0
train/6-15/7.jpg,6,15,112.0,112.0,187.0,112.0,104.82,166.53,0,ok,0
train/6-15/71.jpg,6,15,112.0,112.0,187.0,112.0,104.82,166.53,0,ok,0
train/6-15/72.jpg,6,15,112.0,112.0,112.0,187.0,57.47,104.82,90,ok,90
train/6-15/74.jpg,6,15,112.0,112.0,187.0,112.0,104.82,166.53,0,ok,0
train/6-15/75.jpg,6,15,112.0,112.0,37.0,112.0,119.18,57.47,180,ok,180
train/6-15/77.jpg,6,15,112.0,112.0,187.0,112.0,104.82,166.53,0,ok,0
train/6-15/8.jpg,6,15,112.0,112.0,112.0,37.0,166.53,119.18,270,ok,270
train/6-15/83.jpg,6,15,112.0,112.0,187.0,112.0,104.82,166.53,0,ok,0
train/6-15/84.jpg,6,15,112.0,112.0,187.0,112.0,104.82,166.53,0,ok,0
train/6-15/86.jpg,6,15,112.0,112.0,112.0,187.0,57.47,104.82,90,ok,90
train/6-15/87.jpg,6,15,112.0,112.0,112.0,187.0,57.47,104.82,90,ok,90
train/6-15/90.jpg,6,15,112.0,112.0,112.0,187.0,57.47,104.82,90,ok,90
train/6-15/92.jpg,6,15,112.0,112.0,37.0,112.0,119.18,57.47,180,ok,180
train/6-15/93.jpg,6,15,112.0,112.0,112.0,37.0,166.53,119.18,270,ok,270
train/6-15/96.jpg,6,15,112.0,112.0,187.0,112.0,104.82,166.53,0,ok,0
train/6-20/0.jpg,6,20,112.0,112.0,149.5,47.05,166.16,121.55,270,ok,270
train/6-20/1.jpg,6,20,112.0,112.0,176.95,149.5,102.45,166.16,0,ok,0
train/6-20/10.jpg,6,20,112.0,112.0,176.95,149.5,102.45,166.16,0,ok,0
train/6-20/12.jpg,6,20,112.0,112.0,176.95,149.5,102.45,166.16,0,ok,0
train/6-20/14.jpg,6,20,112.0,112.0,176.95,149.5,102.45,166.16,0,ok,0
train/6-20/15.jpg,6,20,112.0,112.0,176.95,149.5,102.45,166.16,0,ok,0
train/6-20/17.jpg,6,20,112.0,112.0,74.5,176.95,57.84,102.45,90,ok,90
train/6-20/20.jpg,6,20,112.0,112.0,176.95,149.5,102.45,166.16,0,ok,0
train/6-20/21.jpg,6,20,112.0,112.0,149.5,47.05,166.16,121.55,270,ok,270
train/6-20/24.jpg,6,20,112.0,112.0,74.5,176.95,57.84,102.45,90,ok,90
train/6-20/26.jpg,6,20,112.0,112.0,74.5,176.95,57.84,102.45,90,ok,90
train/6-20/27.jpg,6,20,112.0,112.0,176.95,149.5,102.45,166.16,0,ok,0
train/6-20/29.jpg,6,20,112.0,112.0,47.05,74.5,121.55,57.84,180,ok,180
train/6-20/3.jpg,6,20,112.0,112.0,74.5,176.95,57.84,102.45,90,ok,90
train/6-20/30.jpg,6,20,112.0,112.0,176.95,149.5,102.45,166.16,0,ok,0
train/6-20/31.jpg,6,20,112.0,112.0,176.95,149.5,102.45,166.16,0,ok,0
train/6-20/33.jpg,6,20,112.0,112.0,149.5,47.05,166.16,121.55,270,ok,270
train/6-20/34.jpg,6,20,112.0,112.0,176.95,149.5,102.45,166.16,0,ok,0
train/6-20/35.jpg,6,20,112.0,112.0,176.95,149.5,102.45,166.16,0,ok,0
train/6-20/37.jpg,6,20,112.0,112.0,176.95,149.5,102.45,166.16,0,ok,0
train/6-20/4.jpg,6,20,112.0,112.0,74.5,176.95,57.84,102.45,90,ok,90
train/6-20/42.jpg,6,20,112.0,112.0,176.95,149.5,102.45,166.16,0,ok,0
train/6-20/44.jpg,6,20,112.0,112.0,176.95,149.5,102.45,166.16,0,ok,0
train/6-20/45.jpg,6,20,112.0,112.0,176.95,149.5,102.45,166.16,0,ok,0
train/6-20/46.jpg,6,20,112.0,112.0,176.95,149.5,102.45,166.16,0,ok,0
train/6-20/48.jpg,6,20,112.0,112.0,47.05,74.5,121.55,57.84,180,ok,180
train/6-20/5.jpg,6,20,112.0,112.0,47.05,74.5,121.55,57.84,180,ok,180
train/6-20/50.jpg,6,20,112.0,112.0,47.05,74.5,121.55,57.84,180,ok,180
train/6-20/51.jpg,6,20,112.0,112.0,176.95,149.5,102.45,166.16,0,ok,0
train/6-20/52.jpg,6,20,112.0,112.0,176.95,149.5,102.45,166.16,0,ok,0
train/6-20/53.jpg,6,20,112.0,112.0,176.95,149.5,102.45,166.16,0,ok,0
train/6-20/56.jpg,6,20,112.0,112.0,176.95,149.5,102.45,166.16,0,ok,0
train/6-20/57.jpg,6,20,112.0,112.0,47.05,74.5,121.55,57.84,180,ok,180
train/6-20/60.jpg,6,20,112.0,112.0,176.95,149.5,102.45,166.16,0,ok,0
train/6-20/63.jpg,6,20,112.0,112.0,176.95,149.5,102.45,166.16,0,ok,0
train/6-20/64.jpg,6,20,112.0,112.0,176.95,149.5,102.45,166.16,0,ok,0
train/6-20/66.jpg,6,20,112.0,112.0,74.5,176.95,57.84,102.45,90,ok,90
train/6-20/67.jpg,6,20,112.0,112.0,176.95,149.5,102.45,166.16,0,ok,0
train/6-20/69.jpg,6,20,112.0,112.0,176.95,149.5,102.45,166.16,0,ok,0
train/6-20/7.jpg,6,20,112.0,112.0,176.95,149.5,102.45,166.16,0,ok,0
train/6-20/73.jpg,6,20,112.0,112.0,176.95,149.5,102.45,166.16,0,ok,0
train/6-20/74.jpg,6,20,112.0,112.0,176.95,149.5,102.45,166.16,0,ok,0
train/6-20/75.jpg,6,20,112.0,112.0,74.5,176.95,57.84,102.45,90,ok,90
train/6-20/76.jpg,6,20,112.0,112.0,176.95,149.5,102.45,166.16,0,ok,0
train/6-20/77.jpg,6,20,112.0,112.0,74.5,176.95,57.84,102.45,90,ok,90
train/6-20/78.jpg,6,20,112.0,112.0,74.5,176.95,57.84,102.45,90,ok,90
train/6-20/79.jpg,6,20,112.0,112.0,176.95,149.5,102.45,166.16,0,ok,0
train/6-20/8.jpg,6,20,112.0,112.0,149.5,47.05,166.16,121.55,270,ok,270
train/6-20/80.jpg,6,20,112.0,112.0,176.95,149.5,102.45,166.16,0,ok,0
train/6-20/81.jpg,6,20,112.0,112.0,74.5,176.95,57.84,102.45,90,ok,90
train/6-20/82.jpg,6,20,112.0,112.0,149.5,47.05,166.16,121.55,270,ok,270
train/6-20/85.jpg,6,20,112.0,112.0,74.5,176.95,57.84,102.45,90,ok,90
train/6-20/86.jpg,6,20,112.0,112.0,176.95,149.5,102.45,166.16,0,ok,0
train/6-20/87.jpg,6,20,112.0,112.0,74.5,176.95,57.84,102.45,90,ok,90
train/6-20/88.jpg,6,20,112.0,112.0,176.95,149.5,102.45,166.16,0,ok,0
train/6-20/89.jpg,6,20,112.0,112.0,176.95,149.5,102.45,166.16,0,ok,0
train/6-20/90.jpg,6,20,112.0,112.0,176.95,149.5,102.45,166.16,0,ok,0
train/6-20/91.jpg,6,20,112.0,112.0,47.05,74.5,121.55,57.84,180,ok,180
train/6-20/92.jpg,6,20,112.0,112.0,149.5,47.05,166.16,121.55,270,ok,270
train/6-20/93.jpg,6,20,112.0,112.0,176.95,149.5,102.45,166.16,0,ok,0
train/6-20/96.jpg,6,20,112.0,112.0,74.5,176.95,57.84,102.45,90,ok,90
train/6-20/97.jpg,6,20,112.0,112.0,149.5,47.05,166.16,121.55,270,ok,270
train/6-20/98.jpg,6,20,112.0,112.0,176.95,149.5,102.45,166.16,0,ok,0
train/6-20/99.jpg,6,20,112.0,112.0,176.95,149.5,102.45,166.16,0,ok,0
train/6-25/0.jpg,6,25,112.0,112.0,176.95,74.5,165.7,123.9,270,ok,270
train/6-25/1.jpg,6,25,112.0,112.0,149.5,176.95,100.1,165.7,0,ok,0
train/6-25/10.jpg,6,25,112.0,112.0,47.05,149.5,58.3,100.1,90,ok,90
train/6-25/12.jpg,6,25,112.0,112.0,47.05,149.5,58.3,100.1,90,ok,90
train/6-25/13.jpg,6,25,112.0,112.0,176.95,74.5,165.7,123.9,270,ok,270
train/6-25/14.jpg,6,25,112.0,112.0,47.05,149.5,58.3,100.1,90,ok,90
train/6-25/15.jpg,6,25,112.0,112.0,149.5,176.95,100.1,165.7,0,ok,0
train/6-25/16.jpg,6,25,112.0,112.0,149.5,176.95,100.1,165.7,0,ok,0
train/6-25/17.jpg,6,25,112.0,112.0,149.5,176.95,100.1,165.7,0,ok,0
train/6-25/18.jpg,6,25,112.0,112.0,176.95,74.5,165.7,123.9,270,ok,270
train/6-25/19.jpg,6,25,112.0,112.0,47.05,149.5,58.3,100.1,90,ok,90
train/6-25/2.jpg,6,25,112.0,112.0,74.5,47.05,123.9,58.3,180,ok,180
train/6-25/20.jpg,6,25,112.0,112.0,74.5,47.05,123.9,58.3,180,ok,180
train/6-25/23.jpg,6,25,112.0,112.0,149.5,176.95,100.1,165.7,0,ok,0
train/6-25/24.jpg,6,25,112.0,112.0,47.05,149.5,58.3,100.1,90,ok,90
train/6-25/26.jpg,6,25,112.0,112.0,149.5,176.95,100.1,165.7,0,ok,0
train/6-25/27.jpg,6,25,112.0,112.0,149.5,176.95,100.1,165.7,0,ok,0
train/6-25/28.jpg,6,25,112.0,112.0,149.5,176.95,100.1,165.7,0,ok,0
train/6-25/3.jpg,6,25,112.0,112.0,74.5,47.05,123.9,58.3,180,ok,180
train/6-25/30.jpg,6,25,112.0,112.0,149.5,176.95,100.1,165.7,0,ok,0
train/6-25/37.jpg,6,25,112.0,112.0,74.5,47.05,123.9,58.3,180,ok,180
train/6-25/4.jpg,6,25,112.0,112.0,149.5,176.95,100.1,165.7,0,ok,0
train/6-25/42.jpg,6,25,112.0,112.0,176.95,74.5,165.7,123.9,270,ok,270
train/6-25/48.jpg,6,25,112.0,112.0,149.5,176.95,100.1,165.7,0,ok,0
train/6-25/49.jpg,6,25,112.0,112.0,149.5,176.95,100.1,165.7,0,ok,0
train/6-25/50.jpg,6,25,112.0,112.0,149.5,176.95,100.1,165.7,0,ok,0
train/6-25/51.jpg,6,25,112.0,112.0,149.5,176.95,100.1,165.7,0,ok,0
train/6-25/52.jpg,6,25,112.0,112.0,176.95,74.5,165.7,123.9,270,ok,270
train/6-25/53.jpg,6,25,112.0,112.0,47.05,149.5,58.3,100.1,90,ok,90
train/6-25/59.jpg,6,25,112.0,112.0,149.5,176.95,100.1,165.7,0,ok,0
train/6-25/6.jpg,6,25,112.0,112.0,149.5,176.95,100.1,165.7,0,ok,0
train/6-25/60.jpg,6,25,112.0,112.0,74.5,47.05,123.9,58.3,180,ok,180
train/6-25/62.jpg,6,25,112.0,112.0,176.95,74.5,165.7,123.9,270,ok,270
train/6-25/63.jpg,6,25,112.0,112.0,149.5,176.95,100.1,165.7,0,ok,0
train/6-25/66.jpg,6,25,112.0,112.0,149.5,176.95,100.1,165.7,0,ok,0
train/6-25/67.jpg,6,25,112.0,112.0,74.5,47.05,123.9,58.3,180,ok,180
train/6-25/69.jpg,6,25,112.0,112.0,74.5,47.05,123.9,58.3,180,ok,180
train/6-25/72.jpg,6,25,112.0,112.0,149.5,176.95,100.1,165.7,0,ok,0
train/6-25/73.jpg,6,25,112.0,112.0,176.95,74.5,165.7,123.9,270,ok,270
train/6-25/75.jpg,6,25,112.0,112.0,176.95,74.5,165.7,123.9,270,ok,270
train/6-25/78.jpg,6,25,112.0,112.0,149.5,176.95,100.1,165.7,0,ok,0
train/6-25/79.jpg,6,25,112.0,112.0,74.5,47.05,123.9,58.3,180,ok,180
train/6-25/8.jpg,6,25,112.0,112.0,47.05,149.5,58.3,100.1,90,ok,90
train/6-25/82.jpg,6,25,112.0,112.0,176.95,74.5,165.7,123.9,270,ok,270
train/6-25/83.jpg,6,25,112.0,112.0,149.5,176.95,100.1,165.7,0,ok,0
train/6-25/85.jpg,6,25,112.0,112.0,74.5,47.05,123.9,58.3,180,ok,180
train/6-25/86.jpg,6,25,112.0,112.0,149.5,176.95,100.1,165.7,0,ok,0
train/6-25/87.jpg,6,25,112.0,112.0,176.95,74.5,165.7,123.9,270,ok,270
train/6-25/89.jpg,6,25,112.0,112.0,74.5,47.05,123.9,58.3,180,ok,180
train/6-25/9.jpg,6,25,112.0,112.0,176.95,74.5,165.7,123.9,270,ok,270
train/6-25/90.jpg,6,25,112.0,112.0,149.5,176.95,100.1,165.7,0,ok,0
train/6-25/92.jpg,6,25,112.0,112.0,47.05,149.5,58.3,100.1,90,ok,90
train/6-25/93.jpg,6,25,112.0,112.0,74.5,47.05,123.9,58.3,180,ok,180
train/6-25/95.jpg,6,25,112.0,112.0,47.05,149.5,58.3,100.1,90,ok,90
train/6-25/96.jpg,6,25,112.0,112.0,176.95,74.5,165.7,123.9,270,ok,270
train/6-25/97.jpg,6,25,112.0,112.0,149.5,176.95,100.1,165.7,0,ok,0
train/6-25/98.jpg,6,25,112.0,112.0,149.5,176.95,100.1,165.7,0,ok,0
train/6-25/99.jpg,6,25,112.0,112.0,149.5,176.95,100.1,165.7,0,ok,0
train/6-30/1.jpg,6,30,112.0,112.0,112.0,187.0,97.76,165.13,0,ok,0
train/6-30/10.jpg,6,30,112.0,112.0,187.0,112.0,165.13,126.24,270,ok,270
train/6-30/12.jpg,6,30,112.0,112.0,112.0,187.0,97.76,165.13,0,ok,0
train/6-30/13.jpg,6,30,112.0,112.0,37.0,112.0,58.87,97.76,90,ok,90
train/6-30/15.jpg,6,30,112.0,112.0,112.0,187.0,97.76,165.13,0,ok,0
train/6-30/16.jpg,6,30,112.0,112.0,112.0,187.0,97.76,165.13,0,ok,0
train/6-30/19.jpg,6,30,112.0,112.0,187.0,112.0,165.13,126.24,270,ok,270
train/6-30/2.jpg,6,30,112.0,112.0,112.0,187.0,97.76,165.13,0,ok,0
train/6-30/20.jpg,6,30,112.0,112.0,112.0,187.0,97.76,165.13,0,ok,0
train/6-30/26.jpg,6,30,112.0,112.0,187.0,112.0,165.13,126.24,270,ok,270
train/6-30/28.jpg,6,30,112.0,112.0,112.0,187.0,97.76,165.13,0,ok,0
train/6-30/29.jpg,6,30,112.0,112.0,112.0,187.0,97.76,165.13,0,ok,0
train/6-30/31.jpg,6,30,112.0,112.0,187.0,112.0,165.13,126.24,270,ok,270
train/6-30/37.jpg,6,30,112.0,112.0,112.0,187.0,97.76,165.13,0,ok,0
train/6-30/38.jpg,6,30,112.0,112.0,112.0,187.0,97.76,165.13,0,ok,0
train/6-30/42.jpg,6,30,112.0,112.0,187.0,112.0,165.13,126.24,270,ok,270
train/6-30/45.jpg,6,30,112.0,112.0,112.0,187.0,97.76,165.13,0,ok,0
train/6-30/48.jpg,6,30,112.0,112.0,112.0,187.0,97.76,165.13,0,ok,0
train/6-30/50.jpg,6,30,112.0,112.0,37.0,112.0,58.87,97.76,90,ok,90
train/6-30/51.jpg,6,30,112.0,112.0,112.0,187.0,97.76,165.13,0,ok,0
train/6-30/53.jpg,6,30,112.0,112.0,112.0,187.0,97.76,165.13,0,ok,0
train/6-30/59.jpg,6,30,112.0,112.0,112.0,187.0,97.76,165.13,0,ok,0
train/6-30/61.jpg,6,30,112.0,112.0,112.0,187.0,97.76,165.13,0,ok,0
train/6-30/63.jpg,6,30,112.0,112.0,37.0,112.0,58.87,97.76,90,ok,90
train/6-30/64.jpg,6,30,112.0,112.0,112.0,187.0,97.76,165.13,0,ok,0
train/6-30/66.jpg,6,30,112.0,112.0,187.0,112.0,165.13,126.24,270,ok,270
train/6-30/71.jpg,6,30,112.0,112.0,112.0,187.0,97.76,165.13,0,ok,0
train/6-30/72.jpg,6,30,112.0,112.0,112.0,187.0,97.76,165.13,0,ok,0
train/6-30/73.jpg,6,30,112.0,112.0,187.0,112.0,165.13,126.24,270,ok,270
train/6-30/77.jpg,6,30,112.0,112.0,112.0,187.0,97.76,165.13,0,ok,0
train/6-30/78.jpg,6,30,112.0,112.0,187.0,112.0,165.13,126.24,270,ok,270
train/6-30/8.jpg,6,30,112.0,112.0,112.0,187.0,97.76,165.13,0,ok,0
train/6-30/82.jpg,6,30,112.0,112.0,187.0,112.0,165.13,126.24,270,ok,270
train/6-30/84.jpg,6,30,112.0,112.0,187.0,112.0,165.13,126.24,270,ok,270
train/6-30/85.jpg,6,30,112.0,112.0,187.0,112.0,165.13,126.24,270,ok,270
train/6-30/90.jpg,6,30,112.0,112.0,112.0,187.0,97.76,165.13,0,ok,0
train/6-30/93.jpg,6,30,112.0,112.0,187.0,112.0,165.13,126.24,270,ok,270
train/6-30/95.jpg,6,30,112.0,112.0,112.0,187.0,97.76,165.13,0,ok,0
train/6-30/96.jpg,6,30,112.0,112.0,112.0,37.0,126.24,58.87,180,ok,180
train/6-30/99.jpg,6,30,112.0,112.0,112.0,187.0,97.76,165.13,0,ok,0
train/6-35/0.jpg,6,35,112.0,112.0,74.5,176.95,95.46,164.45,0,ok,0
train/6-35/1.jpg,6,35,112.0,112.0,47.05,74.5,59.55,95.46,90,ok,90
train/6-35/10.jpg,6,35,112.0,112.0,176.95,149.5,164.45,128.54,270,ok,270
train/6-35/12.jpg,6,35,112.0,112.0,149.5,47.05,128.54,59.55,180,ok,180
train/6-35/13.jpg,6,35,112.0,112.0,74.5,176.95,95.46,164.45,0,ok,0
train/6-35/14.jpg,6,35,112.0,112.0,47.05,74.5,59.55,95.46,90,ok,90
train/6-35/15.jpg,6,35,112.0,112.0,149.5,47.05,128.54,59.55,180,ok,180
train/6-35/16.jpg,6,35,112.0,112.0,74.5,176.95,95.46,164.45,0,ok,0
train/6-35/17.jpg,6,35,112.0,112.0,74.5,176.95,95.46,164.45,0,ok,0
train/6-35/18.jpg,6,35,112.0,112.0,74.5,176.95,95.46,164.45,0,ok,0
train/6-35/20.jpg,6,35,112.0,112.0,149.5,47.05,128.54,59.55,180,ok,180
train/6-35/24.jpg,6,35,112.0,112.0,74.5,176.95,95.46,164.45,0,ok,0
train/6-35/26.jpg,6,35,112.0,112.0,149.5,47.05,128.54,59.55,180,ok,180
train/6-35/27.jpg,6,35,112.0,112.0,149.5,47.05,128.54,59.55,180,ok,180
train/6-35/29.jpg,6,35,112.0,112.0,74.5,176.95,95.46,164.45,0,ok,0
train/6-35/31.jpg,6,35,112.0,112.0,74.5,176.95,95.46,164.45,0,ok,0
train/6-35/33.jpg,6,35,112.0,112.0,74.5,176.95,95.46,164.45,0,ok,0
train/6-35/34.jpg,6,35,112.0,112.0,74.5,176.95,95.46,164.45,0,ok,0
train/6-35/35.jpg,6,35,112.0,112.0,74.5,176.95,95.46,164.45,0,ok,0
train/6-35/4.jpg,6,35,112.0,112.0,176.95,149.5,164.45,128.54,270,ok,270
train/6-35/41.jpg,6,35,112.0,112.0,176.95,149.5,164.45,128.54,270,ok,270
train/6-35/44.jpg,6,35,112.0,112.0,74.5,176.95,95.46,164.45,0,ok,0
train/6-35/46.jpg,6,35,112.0,112.0,149.5,47.05,128.54,59.55,180,ok,180
train/6-35/47.jpg,6,35,112.0,112.0,74.5,176.95,95.46,164.45,0,ok,0
train/6-35/48.jpg,6,35,112.0,112.0,74.5,176.95,95.46,164.45,0,ok,0
train/6-35/49.jpg,6,35,112.0,112.0,74.5,176.95,95.46,164.45,0,ok,0
train/6-35/51.jpg,6,35,112.0,112.0,47.05,74.5,59.55,95.46,90,ok,90
train/6-35/52.jpg,6,35,112.0,112.0,47.05,74.5,59.55,95.46,90,ok,90
train/6-35/53.jpg,6,35,112.0,112.0,47.05,74.5,59.55,95.46,90,ok,90
train/6-35/56.jpg,6,35,112.0,112.0,176.95,149.5,164.45,128.54,270,ok,270
train/6-35/57.jpg,6,35,112.0,112.0,74.5,176.95,95.46,164.45,0,ok,0
train/6-35/60.jpg,6,35,112.0,112.0,74.5,176.95,95.46,164.45,0,ok,0
train/6-35/61.jpg,6,35,112.0,112.0,74.5,176.95,95.46,164.45,0,ok,0
train/6-35/64.jpg,6,35,112.0,112.0,74.5,176.95,95.46,164.45,0,ok,0
train/6-35/66.jpg,6,35,112.0,112.0,47.05,74.5,59.55,95.46,90,ok,90
train/6-35/67.jpg,6,35,112.0,112.0,74.5,176.95,95.46,164.45,0,ok,0
train/6-35/7.jpg,6,35,112.0,112.0,74.5,176.95,95.46,164.45,0,ok,0
train/6-35/71.jpg,6,35,112.0,112.0,47.05,74.5,59.55,95.46,90,ok,90
train/6-35/72.jpg,6,35,112.0,112.0,74.5,176.95,95.46,164.45,0,ok,0
train/6-35/73.jpg,6,35,112.0,112.0,74.5,176.95,95.46,164.45,0,ok,0
train/6-35/75.jpg,6,35,112.0,112.0,176.95,149.5,164.45,128.54,270,ok,270
train/6-35/76.jpg,6,35,112.0,112.0,176.95,149.5,164.45,128.54,270,ok,270
train/6-35/78.jpg,6,35,112.0,112.0,149.5,47.05,128.54,59.55,180,ok,180
train/6-35/79.jpg,6,35,112.0,112.0,74.5,176.95,95.46,164.45,0,ok,0
train/6-35/80.jpg,6,35,112.0,112.0,149.5,47.05,128.54,59.55,180,ok,180
train/6-35/82.jpg,6,35,112.0,112.0,74.5,176.95,95.46,164.45,0,ok,0
train/6-35/83.jpg,6,35,112.0,112.0,149.5,47.05,128.54,59.55,180,ok,180
train/6-35/85.jpg,6,35,112.0,112.0,47.05,74.5,59.55,95.46,90,ok,90
train/6-35/86.jpg,6,35,112.0,112.0,176.95,149.5,164.45,128.54,270,ok,270
train/6-35/88.jpg,6,35,112.0,112.0,74.5,176.95,95.46,164.45,0,ok,0
train/6-35/9.jpg,6,35,112.0,112.0,47.05,74.5,59.55,95.46,90,ok,90
train/6-35/90.jpg,6,35,112.0,112.0,176.95,149.5,164.45,128.54,270,ok,270
train/6-35/91.jpg,6,35,112.0,112.0,74.5,176.95,95.46,164.45,0,ok,0
train/6-35/93.jpg,6,35,112.0,112.0,74.5,176.95,95.46,164.45,0,ok,0
train/6-35/98.jpg,6,35,112.0,112.0,176.95,149.5,164.45,128.54,270,ok,270
train/6-35/99.jpg,6,35,112.0,112.0,74.5,176.95,95.46,164.45,0,ok,0
train/6-40/0.jpg,6,40,112.0,112.0,176.95,74.5,130.81,60.32,180,ok,180
train/6-40/1.jpg,6,40,112.0,112.0,149.5,176.95,163.68,130.81,270,ok,270
train/6-40/10.jpg,6,40,112.0,112.0,149.5,176.95,163.68,130.81,270,ok,270
train/6-40/12.jpg,6,40,112.0,112.0,47.05,149.5,93.19,163.68,0,ok,0
train/6-40/13.jpg,6,40,112.0,112.0,47.05,149.5,93.19,163.68,0,ok,0
train/6-40/17.jpg,6,40,112.0,112.0,47.05,149.5,93.19,163.68,0,ok,0
train/6-40/19.jpg,6,40,112.0,112.0,47.05,149.5,93.19,163.68,0,ok,0
train/6-40/2.jpg,6,40,112.0,112.0,47.05,149.5,93.19,163.68,0,ok,0
train/6-40/21.jpg,6,40,112.0,112.0,47.05,149.5,93.19,163.68,0,ok,0
train/6-40/26.jpg,6,40,112.0,112.0,74.5,47.05,60.32,93.19,90,ok,90
train/6-40/27.jpg,6,40,112.0,112.0,47.05,149.5,93.19,163.68,0,ok,0
train/6-40/3.jpg,6,40,112.0,112.0,149.5,176.95,163.68,130.81,270,ok,270
train/6-40/31.jpg,6,40,112.0,112.0,47.05,149.5,93.19,163.68,0,ok,0
train/6-40/32.jpg,6,40,112.0,112.0,74.5,47.05,60.32,93.19,90,ok,90
train/6-40/38.jpg,6,40,112.0,112.0,149.5,176.95,163.68,130.81,270,ok,270
train/6-40/4.jpg,6,40,112.0,112.0,47.05,149.5,93.19,163.68,0,ok,0
train/6-40/40.jpg,6,40,112.0,112.0,47.05,149.5,93.19,163.68,0,ok,0
train/6-40/44.jpg,6,40,112.0,112.0,47.05,149.5,93.19,163.68,0,ok,0
train/6-40/45.jpg,6,40,112.0,112.0,176.95,74.5,130.81,60.32,180,ok,180
train/6-40/48.jpg,6,40,112.0,112.0,74.5,47.05,60.32,93.19,90,ok,90
train/6-40/5.jpg,6,40,112.0,112.0,47.05,149.5,93.19,163.68,0,ok,0
train/6-40/50.jpg,6,40,112.0,112.0,47.05,149.5,93.19,163.68,0,ok,0
train/6-40/51.jpg,6,40,112.0,112.0,47.05,149.5,93.19,163.68,0,ok,0
train/6-40/52.jpg,6,40,112.0,112.0,47.05,149.5,93.19,163.68,0,ok,0
train/6-40/54.jpg,6,40,112.0,112.0,149.5,176.95,163.68,130.81,270,ok,270
train/6-40/56.jpg,6,40,112.0,112.0,47.05,149.5,93.19,163.68,0,ok,0
train/6-40/57.jpg,6,40,112.0,112.0,47.05,149.5,93.19,163.68,0,ok,0
train/6-40/60.jpg,6,40,112.0,112.0,176.95,74.5,130.81,60.32,180,ok,180
train/6-40/64.jpg,6,40,112.0,112.0,47.05,149.5,93.19,163.68,0,ok,0
train/6-40/65.jpg,6,40,112.0,112.0,47.05,149.5,93.19,163.68,0,ok,0
train/6-40/69.jpg,6,40,112.0,112.0,74.5,47.05,60.32,93.19,90,ok,90
train/6-40/7.jpg,6,40,112.0,112.0,47.05,149.5,93.19,163.68,0,ok,0
train/6-40/70.jpg,6,40,112.0,112.0,149.5,176.95,163.68,130.81,270,ok,270
train/6-40/71.jpg,6,40,112.0,112.0,47.05,149.5,93.19,163.68,0,ok,0
train/6-40/73.jpg,6,40,112.0,112.0,47.05,149.5,93.19,163.68,0,ok,0
train/6-40/75.jpg,6,40,112.0,112.0,47.05,149.5,93.19,163.68,0,ok,0
train/6-40/76.jpg,6,40,112.0,112.0,149.5,176.95,163.68,130.81,270,ok,270
train/6-40/78.jpg,6,40,112.0,112.0,47.05,149.5,93.19,163.68,0,ok,0
train/6-40/79.jpg,6,40,112.0,112.0,149.5,176.95,163.68,130.81,270,ok,270
train/6-40/80.jpg,6,40,112.0,112.0,47.05,149.5,93.19,163.68,0,ok,0
train/6-40/82.jpg,6,40,112.0,112.0,47.05,149.5,93.19,163.68,0,ok,0
train/6-40/83.jpg,6,40,112.0,112.0,176.95,74.5,130.81,60.32,180,ok,180
train/6-40/84.jpg,6,40,112.0,112.0,47.05,149.5,93.19,163.68,0,ok,0
train/6-40/9.jpg,6,40,112.0,112.0,47.05,149.5,93.19,163.68,0,ok,0
train/6-40/90.jpg,6,40,112.0,112.0,47.05,149.5,93.19,163.68,0,ok,0
train/6-40/91.jpg,6,40,112.0,112.0,74.5,47.05,60.32,93.19,90,ok,90
train/6-40/93.jpg,6,40,112.0,112.0,47.05,149.5,93.19,163.68,0,ok,0
train/6-40/96.jpg,6,40,112.0,112.0,47.05,149.5,93.19,163.68,0,ok,0
train/6-40/97.jpg,6,40,112.0,112.0,47.05,149.5,93.19,163.68,0,ok,0
train/6-40/99.jpg,6,40,112.0,112.0,149.5,176.95,163.68,130.81,270,ok,270
train/6-45/0.jpg,6,45,112.0,112.0,187.0,112.0,133.05,61.19,180,ok,180
train/6-45/1.jpg,6,45,112.0,112.0,37.0,112.0,90.95,162.81,0,ok,0
train/6-45/10.jpg,6,45,112.0,112.0,37.0,112.0,90.95,162.81,0,ok,0
train/6-45/12.jpg,6,45,112.0,112.0,37.0,112.0,90.95,162.81,0,ok,0
train/6-45/15.jpg,6,45,112.0,112.0,187.0,112.0,133.05,61.19,180,ok,180
train/6-45/17.jpg,6,45,112.0,112.0,112.0,187.0,162.81,133.05,270,ok,270
train/6-45/18.jpg,6,45,112.0,112.0,187.0,112.0,133.05,61.19,180,ok,180
train/6-45/19.jpg,6,45,112.0,112.0,112.0,187.0,162.81,133.05,270,ok,270
train/6-45/2.jpg,6,45,112.0,112.0,37.0,112.0,90.95,162.81,0,ok,0
train/6-45/21.jpg,6,45,112.0,112.0,37.0,112.0,90.95,162.81,0,ok,0
train/6-45/24.jpg,6,45,112.0,112.0,37.0,112.0,90.95,162.81,0,ok,0
train/6-45/26.jpg,6,45,112.0,112.0,37.0,112.0,90.95,162.81,0,ok,0
train/6-45/27.jpg,6,45,112.0,112.0,37.0,112.0,90.95,162.81,0,ok,0
train/6-45/28.jpg,6,45,112.0,112.0,187.0,112.0,133.05,61.19,180,ok,180
train/6-45/3.jpg,6,45,112.0,112.0,37.0,112.0,90.95,162.81,0,ok,0
train/6-45/32.jpg,6,45,112.0,112.0,37.0,112.0,90.95,162.81,0,ok,0
train/6-45/33.jpg,6,45,112.0,112.0,187.0,112.0,133.05,61.19,180,ok,180
train/6-45/37.jpg,6,45,112.0,112.0,112.0,37.0,61.19,90.95,90,ok,90
train/6-45/4.jpg,6,45,112.0,112.0,37.0,112.0,90.95,162.81,0,ok,0
train/6-45/40.jpg,6,45,112.0,112.0,37.0,112.0,90.95,162.81,0,ok,0
train/6-45/42.jpg,6,45,112.0,112.0,187.0,112.0,133.05,61.19,180,ok,180
train/6-45/43.jpg,6,45,112.0,112.0,37.0,112.0,90.95,162.81,0,ok,0
train/6-45/45.jpg,6,45,112.0,112.0,37.0,112.0,90.95,162.81,0,ok,0
train/6-45/46.jpg,6,45,112.0,112.0,37.0,112.0,90.95,162.81,0,ok,0
train/6-45/47.jpg,6,45,112.0,112.0,37.0,112.0,90.95,162.81,0,ok,0
train/6-45/49.jpg,6,45,112.0,112.0,187.0,112.0,133.05,61.19,180,ok,180
train/6-45/51.jpg,6,45,112.0,112.0,37.0,112.0,90.95,162.81,0,ok,0
train/6-45/52.jpg,6,45,112.0,112.0,187.0,112.0,133.05,61.19,180,ok,180
train/6-45/57.jpg,6,45,112.0,112.0,37.0,112.0,90.95,162.81,0,ok,0
train/6-45/60.jpg,6,45,112.0,112.0,37.0,112.0,90.95,162.81,0,ok,0
train/6-45/62.jpg,6,45,112.0,112.0,37.0,112.0,90.95,162.81,0,ok,0
train/6-45/63.jpg,6,45,112.0,112.0,37.0,112.0,90.95,162.81,0,ok,0
train/6-45/64.jpg,6,45,112.0,112.0,37.0,112.0,90.95,162.81,0,ok,0
train/6-45/66.jpg,6,45,112.0,112.0,112.0,37.0,61.19,90.95,90,ok,90
train/6-45/69.jpg,6,45,112.0,112.0,112.0,37.0,61.19,90.95,90,ok,90
train/6-45/7.jpg,6,45,112.0,112.0,112.0,37.0,61.19,90.95,90,ok,90
train/6-45/71.jpg,6,45,112.0,112.0,112.0,37.0,61.19,90.95,90,ok,90
train/6-45/72.jpg,6,45,112.0,112.0,37.0,112.0,90.95,162.81,0,ok,0
train/6-45/73.jpg,6,45,112.0,112.0,37.0,112.0,90.95,162.81,0,ok,0
train/6-45/74.jpg,6,45,112.0,112.0,37.0,112.0,90.95,162.81,0,ok,0
train/6-45/78.jpg,6,45,112.0,112.0,37.0,112.0,90.95,162.81,0,ok,0
train/6-45/79.jpg,6,45,112.0,112.0,37.0,112.0,90.95,162.81,0,ok,0
train/6-45/8.jpg,6,45,112.0,112.0,112.0,37.0,61.19,90.95,90,ok,90
train/6-45/80.jpg,6,45,112.0,112.0,37.0,112.0,90.95,162.81,0,ok,0
train/6-45/82.jpg,6,45,112.0,112.0,37.0,112.0,90.95,162.81,0,ok,0
train/6-45/83.jpg,6,45,112.0,112.0,37.0,112.0,90.95,162.81,0,ok,0
train/6-45/85.jpg,6,45,112.0,112.0,37.0,112.0,90.95,162.81,0,ok,0
train/6-45/86.jpg,6,45,112.0,112.0,37.0,112.0,90.95,162.81,0,ok,0
train/6-45/88.jpg,6,45,112.0,112.0,112.0,37.0,61.19,90.95,90,ok,90
train/6-45/89.jpg,6,45,112.0,112.0,112.0,187.0,162.81,133.05,270,ok,270
train/6-45/9.jpg,6,45,112.0,112.0,37.0,112.0,90.95,162.81,0,ok,0
train/6-45/90.jpg,6,45,112.0,112.0,112.0,37.0,61.19,90.95,90,ok,90
train/6-45/91.jpg,6,45,112.0,112.0,37.0,112.0,90.95,162.81,0,ok,0
train/6-45/92.jpg,6,45,112.0,112.0,37.0,112.0,90.95,162.81,0,ok,0
train/6-45/93.jpg,6,45,112.0,112.0,37.0,112.0,90.95,162.81,0,ok,0
train/6-45/95.jpg,6,45,112.0,112.0,37.0,112.0,90.95,162.81,0,ok,0
train/6-45/98.jpg,6,45,112.0,112.0,37.0,112.0,90.95,162.81,0,ok,0
train/6-45/99.jpg,6,45,112.0,112.0,37.0,112.0,90.95,162.81,0,ok,0
train/6-50/0.jpg,6,50,112.0,112.0,47.05,74.5,88.76,161.85,0,ok,0
train/6-50/10.jpg,6,50,112.0,112.0,47.05,74.5,88.76,161.85,0,ok,0
train/6-50/20.jpg,6,50,112.0,112.0,47.05,74.5,88.76,161.85,0,ok,0
train/6-50/24.jpg,6,50,112.0,112.0,74.5,176.95,161.85,135.24,270,ok,270
train/6-50/25.jpg,6,50,112.0,112.0,74.5,176.95,161.85,135.24,270,ok,270
train/6-50/27.jpg,6,50,112.0,112.0,47.05,74.5,88.76,161.85,0,ok,0
train/6-50/30.jpg,6,50,112.0,112.0,149.5,47.05,62.15,88.76,90,ok,90
train/6-50/32.jpg,6,50,112.0,112.0,149.5,47.05,62.15,88.76,90,ok,90
train/6-50/34.jpg,6,50,112.0,112.0,149.5,47.05,62.15,88.76,90,ok,90
train/6-50/38.jpg,6,50,112.0,112.0,47.05,74.5,88.76,161.85,0,ok,0
train/6-50/45.jpg,6,50,112.0,112.0,149.5,47.05,62.15,88.76,90,ok,90
train/6-50/49.jpg,6,50,112.0,112.0,47.05,74.5,88.76,161.85,0,ok,0
train/6-50/51.jpg,6,50,112.0,112.0,47.05,74.5,88.76,161.85,0,ok,0
train/6-50/59.jpg,6,50,112.0,112.0,149.5,47.05,62.15,88.76,90,ok,90
train/6-50/60.jpg,6,50,112.0,112.0,47.05,74.5,88.76,161.85,0,ok,0
train/6-50/61.jpg,6,50,112.0,112.0,149.5,47.05,62.15,88.76,90,ok,90
train/6-50/63.jpg,6,50,112.0,112.0,74.5,176.95,161.85,135.24,270,ok,270
train/6-50/71.jpg,6,50,112.0,112.0,47.05,74.5,88.76,161.85,0,ok,0
train/6-50/72.jpg,6,50,112.0,112.0,47.05,74.5,88.76,161.85,0,ok,0
train/6-50/74.jpg,6,50,112.0,112.0,47.05,74.5,88.76,161.85,0,ok,0
train/6-50/75.jpg,6,50,112.0,112.0,74.5,176.95,161.85,135.24,270,ok,270
train/6-50/78.jpg,6,50,112.0,112.0,74.5,176.95,161.85,135.24,270,ok,270
train/6-50/8.jpg,6,50,112.0,112.0,74.5,176.95,161.85,135.24,270,ok,270
train/6-50/80.jpg,6,50,112.0,112.0,47.05,74.5,88.76,161.85,0,ok,0
train/6-50/87.jpg,6,50,112.0,112.0,149.5,47.05,62.15,88.76,90,ok,90
train/6-50/88.jpg,6,50,112.0,112.0,47.05,74.5,88.76,161.85,0,ok,0
train/6-50/9.jpg,6,50,112.0,112.0,149.5,47.05,62.15,88.76,90,ok,90
train/6-50/91.jpg,6,50,112.0,112.0,149.5,47.05,62.15,88.76,90,ok,90
train/6-50/93.jpg,6,50,112.0,112.0,47.05,74.5,88.76,161.85,0,ok,0
train/6-50/95.jpg,6,50,112.0,112.0,74.5,176.95,161.85,135.24,270,ok,270
train/6-50/97.jpg,6,50,112.0,112.0,47.05,74.5,88.76,161.85,0,ok,0
train/6-50/98.jpg,6,50,112.0,112.0,149.5,47.05,62.15,88.76,90,ok,90
train/6-55/0.jpg,6,55,112.0,112.0,74.5,47.05,86.6,160.79,0,ok,0
train/6-55/1.jpg,6,55,112.0,112.0,74.5,47.05,86.6,160.79,0,ok,0
train/6-55/13.jpg,6,55,112.0,112.0,74.5,47.05,86.6,160.79,0,ok,0
train/6-55/15.jpg,6,55,112.0,112.0,176.95,74.5,63.21,86.6,90,ok,90
train/6-55/16.jpg,6,55,112.0,112.0,74.5,47.05,86.6,160.79,0,ok,0
train/6-55/18.jpg,6,55,112.0,112.0,74.5,47.05,86.6,160.79,0,ok,0
train/6-55/19.jpg,6,55,112.0,112.0,47.05,149.5,160.79,137.4,270,ok,270
train/6-55/2.jpg,6,55,112.0,112.0,149.5,176.95,137.4,63.21,180,ok,180
train/6-55/20.jpg,6,55,112.0,112.0,74.5,47.05,86.6,160.79,0,ok,0
train/6-55/21.jpg,6,55,112.0,112.0,74.5,47.05,86.6,160.79,0,ok,0
train/6-55/22.jpg,6,55,112.0,112.0,74.5,47.05,86.6,160.79,0,ok,0
train/6-55/24.jpg,6,55,112.0,112.0,149.5,176.95,137.4,63.21,180,ok,180
train/6-55/25.jpg,6,55,112.0,112.0,74.5,47.05,86.6,160.79,0,ok,0
train/6-55/26.jpg,6,55,112.0,112.0,74.5,47.05,86.6,160.79,0,ok,0
train/6-55/28.jpg,6,55,112.0,112.0,47.05,149.5,160.79,137.4,270,ok,270
train/6-55/29.jpg,6,55,112.0,112.0,149.5,176.95,137.4,63.21,180,ok,180
train/6-55/3.jpg,6,55,112.0,112.0,47.05,149.5,160.79,137.4,270,ok,270
train/6-55/30.jpg,6,55,112.0,112.0,74.5,47.05,86.6,160.79,0,ok,0
train/6-55/31.jpg,6,55,112.0,112.0,47.05,149.5,160.79,137.4,270,ok,270
train/6-55/32.jpg,6,55,112.0,112.0,74.5,47.05,86.6,160.79,0,ok,0
train/6-55/34.jpg,6,55,112.0,112.0,149.5,176.95,137.4,63.21,180,ok,180
train/6-55/36.jpg,6,55,112.0,112.0,74.5,47.05,86.6,160.79,0,ok,0
train/6-55/37.jpg,6,55,112.0,112.0,74.5,47.05,86.6,160.79,0,ok,0
train/6-55/38.jpg,6,55,112.0,112.0,47.05,149.5,160.79,137.4,270,ok,270
train/6-55/4.jpg,6,55,112.0,112.0,176.95,74.5,63.21,86.6,90,ok,90
train/6-55/40.jpg,6,55,112.0,112.0,47.05,149.5,160.79,137.4,270,ok,270
train/6-55/41.jpg,6,55,112.0,112.0,74.5,47.05,86.6,160.79,0,ok,0
train/6-55/42.jpg,6,55,112.0,112.0,74.5,47.05,86.6,160.79,0,ok,0
train/6-55/45.jpg,6,55,112.0,112.0,176.95,74.5,63.21,86.6,90,ok,90
train/6-55/46.jpg,6,55,112.0,112.0,74.5,47.05,86.6,160.79,0,ok,0
train/6-55/48.jpg,6,55,112.0,112.0,74.5,47.05,86.6,160.79,0,ok,0
train/6-55/5.jpg,6,55,112.0,112.0,74.5,47.05,86.6,160.79,0,ok,0
train/6-55/50.jpg,6,55,112.0,112.0,176.95,74.5,63.21,86.6,90,ok,90
train/6-55/51.jpg,6,55,112.0,112.0,176.95,74.5,63.21,86.6,90,ok,90
train/6-55/52.jpg,6,55,112.0,112.0,74.5,47.05,86.6,160.79,0,ok,0
train/6-55/53.jpg,6,55,112.0,112.0,74.5,47.05,86.6,160.79,0,ok,0
train/6-55/56.jpg,6,55,112.0,112.0,149.5,176.95,137.4,63.21,180,ok,180
train/6-55/58.jpg,6,55,112.0,112.0,47.05,149.5,160.79,137.4,270,ok,270
train/6-55/61.jpg,6,55,112.0,112.0,74.5,47.05,86.6,160.79,0,ok,0
train/6-55/62.jpg,6,55,112.0,112.0,47.05,149.5,160.79,137.4,270,ok,270
train/6-55/63.jpg,6,55,112.0,112.0,74.5,47.05,86.6,160.79,0,ok,0
train/6-55/66.jpg,6,55,112.0,112.0,176.95,74.5,63.21,86.6,90,ok,90
train/6-55/67.jpg,6,55,112.0,112.0,74.5,47.05,86.6,160.79,0,ok,0
train/6-55/68.jpg,6,55,112.0,112.0,74.5,47.05,86.6,160.79,0,ok,0
train/6-55/7.jpg,6,55,112.0,112.0,74.5,47.05,86.6,160.79,0,ok,0
train/6-55/73.jpg,6,55,112.0,112.0,74.5,47.05,86.6,160.79,0,ok,0
train/6-55/74.jpg,6,55,112.0,112.0,74.5,47.05,86.6,160.79,0,ok,0
train/6-55/75.jpg,6,55,112.0,112.0,74.5,47.05,86.6,160.79,0,ok,0
train/6-55/76.jpg,6,55,112.0,112.0,74.5,47.05,86.6,160.79,0,ok,0
train/6-55/78.jpg,6,55,112.0,112.0,74.5,47.05,86.6,160.79,0,ok,0
train/6-55/79.jpg,6,55,112.0,112.0,149.5,176.95,137.4,63.21,180,ok,180
train/6-55/8.jpg,6,55,112.0,112.0,47.05,149.5,160.79,137.4,270,ok,270
train/6-55/80.jpg,6,55,112.0,112.0,47.05,149.5,160.79,137.4,270,ok,270
train/6-55/85.jpg,6,55,112.0,112.0,176.95,74.5,63.21,86.6,90,ok,90
train/6-55/86.jpg,6,55,112.0,112.0,74.5,47.05,86.6,160.79,0,ok,0
train/6-55/87.jpg,6,55,112.0,112.0,74.5,47.05,86.6,160.79,0,ok,0
train/6-55/88.jpg,6,55,112.0,112.0,176.95,74.5,63.21,86.6,90,ok,90
train/6-55/89.jpg,6,55,112.0,112.0,149.5,176.95,137.4,63.21,180,ok,180
train/6-55/9.jpg,6,55,112.0,112.0,149.5,176.95,137.4,63.21,180,ok,180
train/6-55/90.jpg,6,55,112.0,112.0,47.05,149.5,160.79,137.4,270,ok,270
train/6-55/91.jpg,6,55,112.0,112.0,74.5,47.05,86.6,160.79,0,ok,0
train/6-55/92.jpg,6,55,112.0,112.0,74.5,47.05,86.6,160.79,0,ok,0
train/6-55/93.jpg,6,55,112.0,112.0,74.5,47.05,86.6,160.79,0,ok,0
train/6-55/95.jpg,6,55,112.0,112.0,176.95,74.5,63.21,86.6,90,ok,90
train/6-55/96.jpg,6,55,112.0,112.0,47.05,149.5,160.79,137.4,270,ok,270
train/6-55/97.jpg,6,55,112.0,112.0,149.5,176.95,137.4,63.21,180,ok,180
train/6-55/98.jpg,6,55,112.0,112.0,176.95,74.5,63.21,86.6,90,ok,90
train/6-55/99.jpg,6,55,112.0,112.0,74.5,47.05,86.6,160.79,0,ok,0
train/7-00/10.jpg,7,0,112.0,112.0,112.0,37.0,84.5,159.63,0,ok,0
train/7-00/12.jpg,7,0,112.0,112.0,112.0,187.0,139.5,64.37,180,ok,180
train/7-00/13.jpg,7,0,112.0,112.0,112.0,187.0,139.5,64.37,180,ok,180
train/7-00/14.jpg,7,0,112.0,112.0,112.0,37.0,84.5,159.63,0,ok,0
train/7-00/15.jpg,7,0,112.0,112.0,37.0,112.0,159.63,139.5,270,ok,270
train/7-00/16.jpg,7,0,112.0,112.0,112.0,37.0,84.5,159.63,0,ok,0
train/7-00/17.jpg,7,0,112.0,112.0,112.0,37.0,84.5,159.63,0,ok,0
train/7-00/18.jpg,7,0,112.0,112.0,112.0,37.0,84.5,159.63,0,ok,0
train/7-00/19.jpg,7,0,112.0,112.0,187.0,112.0,64.37,84.5,90,ok,90
train/7-00/2.jpg,7,0,112.0,112.0,112.0,187.0,139.5,64.37,180,ok,180
train/7-00/20.jpg,7,0,112.0,112.0,112.0,37.0,84.5,159.63,0,ok,0
train/7-00/23.jpg,7,0,112.0,112.0,112.0,37.0,84.5,159.63,0,ok,0
train/7-00/27.jpg,7,0,112.0,112.0,112.0,37.0,84.5,159.63,0,ok,0
train/7-00/28.jpg,7,0,112.0,112.0,112.0,187.0,139.5,64.37,180,ok,180
train/7-00/29.jpg,7,0,112.0,112.0,112.0,37.0,84.5,159.63,0,ok,0
train/7-00/3.jpg,7,0,112.0,112.0,187.0,112.0,64.37,84.5,90,ok,90
train/7-00/30.jpg,7,0,112.0,112.0,112.0,37.0,84.5,159.63,0,ok,0
train/7-00/31.jpg,7,0,112.0,112.0,187.0,112.0,64.37,84.5,90,ok,90
train/7-00/32.jpg,7,0,112.0,112.0,187.0,112.0,64.37,84.5,90,ok,90
train/7-00/33.jpg,7,0,112.0,112.0,112.0,187.0,139.5,64.37,180,ok,180
train/7-00/34.jpg,7,0,112.0,112.0,112.0,37.0,84.5,159.63,0,ok,0
train/7-00/38.jpg,7,0,112.0,112.0,112.0,187.0,139.5,64.37,180,ok,180
train/7-00/4.jpg,7,0,112.0,112.0,112.0,37.0,84.5,159.63,0,ok,0
train/7-00/40.jpg,7,0,112.0,112.0,112.0,37.0,84.5,159.63,0,ok,0
train/7-00/41.jpg,7,0,112.0,112.0,187.0,112.0,64.37,84.5,90,ok,90
train/7-00/42.jpg,7,0,112.0,112.0,112.0,187.0,139.5,64.37,180,ok,180
train/7-00/44.jpg,7,0,112.0,112.0,112.0,37.0,84.5,159.63,0,ok,0
train/7-00/45.jpg,7,0,112.0,112.0,112.0,37.0,84.5,159.63,0,ok,0
train/7-00/46.jpg,7,0,112.0,112.0,187.0,112.0,64.37,84.5,90,ok,90
train/7-00/48.jpg,7,0,112.0,112.0,112.0,187.0,139.5,64.37,180,ok,180
train/7-00/49.jpg,7,0,112.0,112.0,187.0,112.0,64.37,84.5,90,ok,90
train/7-00/5.jpg,7,0,112.0,112.0,112.0,37.0,84.5,159.63,0,ok,0
train/7-00/50.jpg,7,0,112.0,112.0,112.0,37.0,84.5,159.63,0,ok,0
train/7-00/51.jpg,7,0,112.0,112.0,37.0,112.0,159.63,139.5,270,ok,270
train/7-00/52.jpg,7,0,112.0,112.0,112.0,37.0,84.5,159.63,0,ok,0
train/7-00/55.jpg,7,0,112.0,112.0,112.0,37.0,84.5,159.63,0,ok,0
train/7-00/56.jpg,7,0,112.0,112.0,112.0,37.0,84.5,159.63,0,ok,0
train/7-00/57.jpg,7,0,112.0,112.0,37.0,112.0,159.63,139.5,270,ok,270
train/7-00/60.jpg,7,0,112.0,112.0,187.0,112.0,64.37,84.5,90,ok,90
train/7-00/62.jpg,7,0,112.0,112.0,112.0,37.0,84.5,159.63,0,ok,0
train/7-00/63.jpg,7,0,112.0,112.0,112.0,37.0,84.5,159.63,0,ok,0
train/7-00/65.jpg,7,0,112.0,112.0,112.0,187.0,139.5,64.37,180,ok,180
train/7-00/66.jpg,7,0,112.0,112.0,112.0,187.0,139.5,64.37,180,ok,180
train/7-00/69.jpg,7,0,112.0,112.0,37.0,112.0,159.63,139.5,270,ok,270
train/7-00/7.jpg,7,0,112.0,112.0,112.0,187.0,139.5,64.37,180,ok,180
train/7-00/71.jpg,7,0,112.0,112.0,112.0,187.0,139.5,64.37,180,ok,180
train/7-00/72.jpg,7,0,112.0,112.0,37.0,112.0,159.63,139.5,270,ok,270
train/7-00/73.jpg,7,0,112.0,112.0,112.0,37.0,84.5,159.63,0,ok,0
train/7-00/74.jpg,7,0,112.0,112.0,112.0,37.0,84.5,159.63,0,ok,0
train/7-00/75.jpg,7,0,112.0,112.0,112.0,37.0,84.5,159.63,0,ok,0
train/7-00/78.jpg,7,0,112.0,112.0,112.0,187.0,139.5,64.37,180,ok,180
train/7-00/79.jpg,7,0,112.0,112.0,112.0,37.0,84.5,159.63,0,ok,0
train/7-00/82.jpg,7,0,112.0,112.0,112.0,37.0,84.5,159.63,0,ok,0
train/7-00/84.jpg,7,0,112.0,112.0,112.0,187.0,139.5,64.37,180,ok,180
train/7-00/85.jpg,7,0,112.0,112.0,112.0,37.0,84.5,159.63,0,ok,0
train/7-00/87.jpg,7,0,112.0,112.0,187.0,112.0,64.37,84.5,90,ok,90
train/7-00/88.jpg,7,0,112.0,112.0,187.0,112.0,64.37,84.5,90,ok,90
train/7-00/89.jpg,7,0,112.0,112.0,112.0,37.0,84.5,159.63,0,ok,0
train/7-00/9.jpg,7,0,112.0,112.0,112.0,37.0,84.5,159.63,0,ok,0
train/7-00/91.jpg,7,0,112.0,112.0,187.0,112.0,64.37,84.5,90,ok,90
train/7-00/92.jpg,7,0,112.0,112.0,37.0,112.0,159.63,139.5,270,ok,270
train/7-00/93.jpg,7,0,112.0,112.0,37.0,112.0,159.63,139.5,270,ok,270
train/7-00/95.jpg,7,0,112.0,112.0,112.0,187.0,139.5,64.37,180,ok,180
train/7-00/96.jpg,7,0,112.0,112.0,37.0,112.0,159.63,139.5,270,ok,270
train/7-00/97.jpg,7,0,112.0,112.0,112.0,187.0,139.5,64.37,180,ok,180
train/7-00/99.jpg,7,0,112.0,112.0,112.0,37.0,84.5,159.63,0,ok,0
train/7-05/0.jpg,7,5,112.0,112.0,47.05,74.5,158.39,141.55,270,ok,270
train/7-05/1.jpg,7,5,112.0,112.0,149.5,47.05,82.45,158.39,0,ok,0
train/7-05/10.jpg,7,5,112.0,112.0,149.5,47.05,82.45,158.39,0,ok,0
train/7-05/12.jpg,7,5,112.0,112.0,47.05,74.5,158.39,141.55,270,ok,270
train/7-05/13.jpg,7,5,112.0,112.0,176.95,149.5,65.61,82.45,90,ok,90
train/7-05/14.jpg,7,5,112.0,112.0,47.05,74.5,158.39,141.55,270,ok,270
train/7-05/17.jpg,7,5,112.0,112.0,74.5,176.95,141.55,65.61,180,ok,180
train/7-05/18.jpg,7,5,112.0,112.0,74.5,176.95,141.55,65.61,180,ok,180
train/7-05/19.jpg,7,5,112.0,112.0,149.5,47.05,82.45,158.39,0,ok,0
train/7-05/2.jpg,7,5,112.0,112.0,47.05,74.5,158.39,141.55,270,ok,270
train/7-05/20.jpg,7,5,112.0,112.0,47.05,74.5,158.39,141.55,270,ok,270
train/7-05/21.jpg,7,5,112.0,112.0,47.05,74.5,158.39,141.55,270,ok,270
train/7-05/22.jpg,7,5,112.0,112.0,74.5,176.95,141.55,65.61,180,ok,180
train/7-05/24.jpg,7,5,112.0,112.0,47.05,74.5,158.39,141.55,270,ok,270
train/7-05/25.jpg,7,5,112.0,112.0,47.05,74.5,158.39,141.55,270,ok,270
train/7-05/26.jpg,7,5,112.0,112.0,47.05,74.5,158.39,141.55,270,ok,270
train/7-05/27.jpg,7,5,112.0,112.0,149.5,47.05,82.45,158.39,0,ok,0
train/7-05/28.jpg,7,5,112.0,112.0,47.05,74.5,158.39,141.55,270,ok,270
train/7-05/29.jpg,7,5,112.0,112.0,176.95,149.5,65.61,82.45,90,ok,90
train/7-05/30.jpg,7,5,112.0,112.0,47.05,74.5,158.39,141.55,270,ok,270
train/7-05/31.jpg,7,5,112.0,112.0,149.5,47.05,82.45,158.39,0,ok,0
train/7-05/32.jpg,7,5,112.0,112.0,74.5,176.95,141.55,65.61,180,ok,180
train/7-05/33.jpg,7,5,112.0,112.0,149.5,47.05,82.45,158.39,0,ok,0
train/7-05/34.jpg,7,5,112.0,112.0,47.05,74.5,158.39,141.55,270,ok,270
train/7-05/4.jpg,7,5,112.0,112.0,149.5,47.05,82.45,158.39,0,ok,0
train/7-05/40.jpg,7,5,112.0,112.0,149.5,47.05,82.45,158.39,0,ok,0
train/7-05/42.jpg,7,5,112.0,112.0,149.5,47.05,82.45,158.39,0,ok,0
train/7-05/44.jpg,7,5,112.0,112.0,149.5,47.05,82.45,158.39,0,ok,0
train/7-05/47.jpg,7,5,112.0,112.0,176.95,149.5,65.61,82.45,90,ok,90
train/7-05/48.jpg,7,5,112.0,112.0,74.5,176.95,141.55,65.61,180,ok,180
train/7-05/49.jpg,7,5,112.0,112.0,149.5,47.05,82.45,158.39,0,ok,0
train/7-05/5.jpg,7,5,112.0,112.0,47.05,74.5,158.39,141.55,270,ok,270
train/7-05/51.jpg,7,5,112.0,112.0,149.5,47.05,82.45,158.39,0,ok,0
train/7-05/52.jpg,7,5,112.0,112.0,47.05,74.5,158.39,141.55,270,ok,270
train/7-05/53.jpg,7,5,112.0,112.0,176.95,149.5,65.61,82.45,90,ok,90
train/7-05/56.jpg,7,5,112.0,112.0,149.5,47.05,82.45,158.39,0,ok,0
train/7-05/57.jpg,7,5,112.0,112.0,74.5,176.95,141.55,65.61,180,ok,180
train/7-05/59.jpg,7,5,112.0,112.0,149.5,47.05,82.45,158.39,0,ok,0
train/7-05/62.jpg,7,5,112.0,112.0,74.5,176.95,141.55,65.61,180,ok,180
train/7-05/63.jpg,7,5,112.0,112.0,74.5,176.95,141.55,65.61,180,ok,180
train/7-05/65.jpg,7,5,112.0,112.0,149.5,47.05,82.45,158.39,0,ok,0
train/7-05/66.jpg,7,5,112.0,112.0,149.5,47.05,82.45,158.39,0,ok,0
train/7-05/67.jpg,7,5,112.0,112.0,176.95,149.5,65.61,82.45,90,ok,90
train/7-05/69.jpg,7,5,112.0,112.0,149.5,47.05,82.45,158.39,0,ok,0
train/7-05/71.jpg,7,5,112.0,112.0,149.5,47.05,82.45,158.39,0,ok,0
train/7-05/72.jpg,7,5,112.0,112.0,47.05,74.5,158.39,141.55,270,ok,270
train/7-05/73.jpg,7,5,112.0,112.0,74.5,176.95,141.55,65.61,180,ok,180
train/7-05/78.jpg,7,5,112.0,112.0,149.5,47.05,82.45,158.39,0,ok,0
train/7-05/79.jpg,7,5,112.0,112.0,149.5,47.05,82.45,158.39,0,ok,0
train/7-05/8.jpg,7,5,112.0,112.0,149.5,47.05,82.45,158.39,0,ok,0
train/7-05/80.jpg,7,5,112.0,112.0,176.95,149.5,65.61,82.45,90,ok,90
train/7-05/82.jpg,7,5,112.0,112.0,74.5,176.95,141.55,65.61,180,ok,180
train/7-05/83.jpg,7,5,112.0,112.0,176.95,149.5,65.61,82.45,90,ok,90
train/7-05/84.jpg,7,5,112.0,112.0,176.95,149.5,65.61,82.45,90,ok,90
train/7-05/85.jpg,7,5,112.0,112.0,47.05,74.5,158.39,141.55,270,ok,270
train/7-05/86.jpg,7,5,112.0,112.0,47.05,74.5,158.39,141.55,270,ok,270
train/7-05/87.jpg,7,5,112.0,112.0,149.5,47.05,82.45,158.39,0,ok,0
train/7-05/88.jpg,7,5,112.0,112.0,149.5,47.05,82.45,158.39,0,ok,0
train/7-05/91.jpg,7,5,112.0,112.0,74.5,176.95,141.55,65.61,180,ok,180
train/7-05/92.jpg,7,5,112.0,112.0,149.5,47.05,82.45,158.39,0,ok,0
train/7-05/93.jpg,7,5,112.0,112.0,74.5,176.95,141.55,65.61,180,ok,180
train/7-05/95.jpg,7,5,112.0,112.0,47.05,74.5,158.39,141.55,270,ok,270
train/7-05/96.jpg,7,5,112.0,112.0,74.5,176.95,141.55,65.61,180,ok,180
train/7-05/97.jpg,7,5,112.0,112.0,149.5,47.05,82.45,158.39,0,ok,0
train/7-05/98.jpg,7,5,112.0,112.0,47.05,74.5,158.39,141.55,270,ok,270
train/7-05/99.jpg,7,5,112.0,112.0,74.5,176.95,141.55,65.61,180,ok,180
train/7-10/0.jpg,7,10,112.0,112.0,176.95,74.5,80.45,157.05,0,ok,0
train/7-10/1.jpg,7,10,112.0,112.0,176.95,74.5,80.45,157.05,0,ok,0
train/7-10/10.jpg,7,10,112.0,112.0,149.5,176.95,66.95,80.45,90,ok,90
train/7-10/13.jpg,7,10,112.0,112.0,176.95,74.5,80.45,157.05,0,ok,0
train/7-10/14.jpg,7,10,112.0,112.0,176.95,74.5,80.45,157.05,0,ok,0
train/7-10/15.jpg,7,10,112.0,112.0,176.95,74.5,80.45,157.05,0,ok,0
train/7-10/16.jpg,7,10,112.0,112.0,74.5,47.05,157.05,143.55,270,ok,270
train/7-10/17.jpg,7,10,112.0,112.0,176.95,74.5,80.45,157.05,0,ok,0
train/7-10/18.jpg,7,10,112.0,112.0,47.05,149.5,143.55,66.95,180,ok,180
train/7-10/19.jpg,7,10,112.0,112.0,149.5,176.95,66.95,80.45,90,ok,90
train/7-10/2.jpg,7,10,112.0,112.0,176.95,74.5,80.45,157.05,0,ok,0
train/7-10/20.jpg,7,10,112.0,112.0,149.5,176.95,66.95,80.45,90,ok,90
train/7-10/21.jpg,7,10,112.0,112.0,47.05,149.5,143.55,66.95,180,ok,180
train/7-10/26.jpg,7,10,112.0,112.0,176.95,74.5,80.45,157.05,0,ok,0
train/7-10/27.jpg,7,10,112.0,112.0,47.05,149.5,143.55,66.95,180,ok,180
train/7-10/28.jpg,7,10,112.0,112.0,74.5,47.05,157.05,143.55,270,ok,270
train/7-10/29.jpg,7,10,112.0,112.0,47.05,149.5,143.55,66.95,180,ok,180
train/7-10/31.jpg,7,10,112.0,112.0,74.5,47.05,157.05,143.55,270,ok,270
train/7-10/34.jpg,7,10,112.0,112.0,47.05,149.5,143.55,66.95,180,ok,180
train/7-10/35.jpg,7,10,112.0,112.0,47.05,149.5,143.55,66.95,180,ok,180
train/7-10/38.jpg,7,10,112.0,112.0,176.95,74.5,80.45,157.05,0,ok,0
train/7-10/40.jpg,7,10,112.0,112.0,47.05,149.5,143.55,66.95,180,ok,180
train/7-10/42.jpg,7,10,112.0,112.0,176.95,74.5,80.45,157.05,0,ok,0
train/7-10/44.jpg,7,10,112.0,112.0,149.5,176.95,66.95,80.45,90,ok,90
train/7-10/45.jpg,7,10,112.0,112.0,176.95,74.5,80.45,157.05,0,ok,0
train/7-10/46.jpg,7,10,112.0,112.0,176.95,74.5,80.45,157.05,0,ok,0
train/7-10/47.jpg,7,10,112.0,112.0,176.95,74.5,80.45,157.05,0,ok,0
train/7-10/48.jpg,7,10,112.0,112.0,176.95,74.5,80.45,157.05,0,ok,0
train/7-10/49.jpg,7,10,112.0,112.0,176.95,74.5,80.45,157.05,0,ok,0
train/7-10/50.jpg,7,10,112.0,112.0,74.5,47.05,157.05,143.55,270,ok,270
train/7-10/53.jpg,7,10,112.0,112.0,176.95,74.5,80.45,157.05,0,ok,0
train/7-10/54.jpg,7,10,112.0,112.0,149.5,176.95,66.95,80.45,90,ok,90
train/7-10/56.jpg,7,10,112.0,112.0,74.5,47.05,157.05,143.55,270,ok,270
train/7-10/57.jpg,7,10,112.0,112.0,47.05,149.5,143.55,66.95,180,ok,180
train/7-10/58.jpg,7,10,112.0,112.0,176.95,74.5,80.45,157.05,0,ok,0
train/7-10/60.jpg,7,10,112.0,112.0,74.5,47.05,157.05,143.55,270,ok,270
train/7-10/62.jpg,7,10,112.0,112.0,176.95,74.5,80.45,157.05,0,ok,0
train/7-10/64.jpg,7,10,112.0,112.0,149.5,176.95,66.95,80.45,90,ok,90
train/7-10/66.jpg,7,10,112.0,112.0,176.95,74.5,80.45,157.05,0,ok,0
train/7-10/67.jpg,7,10,112.0,112.0,149.5,176.95,66.95,80.45,90,ok,90
train/7-10/69.jpg,7,10,112.0,112.0,176.95,74.5,80.45,157.05,0,ok,0
train/7-10/7.jpg,7,10,112.0,112.0,176.95,74.5,80.45,157.05,0,ok,0
train/7-10/71.jpg,7,10,112.0,112.0,176.95,74.5,80.45,157.05,0,ok,0
train/7-10/73.jpg,7,10,112.0,112.0,74.5,47.05,157.05,143.55,270,ok,270
train/7-10/75.jpg,7,10,112.0,112.0,176.95,74.5,80.45,157.05,0,ok,0
train/7-10/76.jpg,7,10,112.0,112.0,149.5,176.95,66.95,80.45,90,ok,90
train/7-10/78.jpg,7,10,112.0,112.0,74.5,47.05,157.05,143.55,270,ok,270
train/7-10/79.jpg,7,10,112.0,112.0,176.95,74.5,80.45,157.05,0,ok,0
train/7-10/8.jpg,7,10,112.0,112.0,176.95,74.5,80.45,157.05,0,ok,0
train/7-10/80.jpg,7,10,112.0,112.0,47.05,149.5,143.55,66.95,180,ok,180
train/7-10/82.jpg,7,10,112.0,112.0,176.95,74.5,80.45,157.05,0,ok,0
train/7-10/83.jpg,7,10,112.0,112.0,176.95,74.5,80.45,157.05,0,ok,0
train/7-10/84.jpg,7,10,112.0,112.0,149.5,176.95,66.95,80.45,90,ok,90
train/7-10/87.jpg,7,10,112.0,112.0,74.5,47.05,157.05,143.55,270,ok,270
train/7-10/88.jpg,7,10,112.0,112.0,176.95,74.5,80.45,157.05,0,ok,0
train/7-10/89.jpg,7,10,112.0,112.0,149.5,176.95,66.95,80.45,90,ok,90
train/7-10/9.jpg,7,10,112.0,112.0,176.95,74.5,80.45,157.05,0,ok,0
train/7-10/91.jpg,7,10,112.0,112.0,176.95,74.5,80.45,157.05,0,ok,0
train/7-10/92.jpg,7,10,112.0,112.0,176.95,74.5,80.45,157.05,0,ok,0
train/7-10/93.jpg,7,10,112.0,112.0,149.5,176.95,66.95,80.45,90,ok,90
train/7-10/95.jpg,7,10,112.0,112.0,149.5,176.95,66.95,80.45,90,ok,90
train/7-10/96.jpg,7,10,112.0,112.0,176.95,74.5,80.45,157.05,0,ok,0
train/7-10/97.jpg,7,10,112.0,112.0,47.05,149.5,143.55,66.95,180,ok,180
train/7-10/98.jpg,7,10,112.0,112.0,149.5,176.95,66.95,80.45,90,ok,90
train/7-15/10.jpg,7,15,112.0,112.0,37.0,112.0,145.48,68.37,180,ok,180
train/7-15/13.jpg,7,15,112.0,112.0,187.0,112.0,78.52,155.63,0,ok,0
train/7-15/15.jpg,7,15,112.0,112.0,37.0,112.0,145.48,68.37,180,ok,180
train/7-15/16.jpg,7,15,112.0,112.0,112.0,187.0,68.37,78.52,90,ok,90
train/7-15/17.jpg,7,15,112.0,112.0,187.0,112.0,78.52,155.63,0,ok,0
train/7-15/19.jpg,7,15,112.0,112.0,187.0,112.0,78.52,155.63,0,ok,0
train/7-15/2.jpg,7,15,112.0,112.0,187.0,112.0,78.52,155.63,0,ok,0
train/7-15/21.jpg,7,15,112.0,112.0,187.0,112.0,78.52,155.63,0,ok,0
train/7-15/24.jpg,7,15,112.0,112.0,112.0,37.0,155.63,145.48,270,ok,270
train/7-15/26.jpg,7,15,112.0,112.0,187.0,112.0,78.52,155.63,0,ok,0
train/7-15/27.jpg,7,15,112.0,112.0,37.0,112.0,145.48,68.37,180,ok,180
train/7-15/28.jpg,7,15,112.0,112.0,187.0,112.0,78.52,155.63,0,ok,0
train/7-15/3.jpg,7,15,112.0,112.0,187.0,112.0,78.52,155.63,0,ok,0
train/7-15/32.jpg,7,15,112.0,112.0,112.0,187.0,68.37,78.52,90,ok,90
train/7-15/33.jpg,7,15,112.0,112.0,112.0,37.0,155.63,145.48,270,ok,270
train/7-15/34.jpg,7,15,112.0,112.0,187.0,112.0,78.52,155.63,0,ok,0
train/7-15/36.jpg,7,15,112.0,112.0,112.0,37.0,155.63,145.48,270,ok,270
train/7-15/37.jpg,7,15,112.0,112.0,112.0,37.0,155.63,145.48,270,ok,270
train/7-15/4.jpg,7,15,112.0,112.0,187.0,112.0,78.52,155.63,0,ok,0
train/7-15/40.jpg,7,15,112.0,112.0,187.0,112.0,78.52,155.63,0,ok,0
train/7-15/42.jpg,7,15,112.0,112.0,187.0,112.0,78.52,155.63,0,ok,0
train/7-15/44.jpg,7,15,112.0,112.0,112.0,187.0,68.37,78.52,90,ok,90
train/7-15/45.jpg,7,15,112.0,112.0,112.0,187.0,68.37,78.52,90,ok,90
train/7-15/46.jpg,7,15,112.0,112.0,187.0,112.0,78.52,155.63,0,ok,0
train/7-15/48.jpg,7,15,112.0,112.0,187.0,112.0,78.52,155.63,0,ok,0
train/7-15/49.jpg,7,15,112.0,112.0,187.0,112.0,78.52,155.63,0,ok,0
train/7-15/5.jpg,7,15,112.0,112.0,187.0,112.0,78.52,155.63,0,ok,0
train/7-15/50.jpg,7,15,112.0,112.0,187.0,112.0,78.52,155.63,0,ok,0
train/7-15/51.jpg,7,15,112.0,112.0,187.0,112.0,78.52,155.63,0,ok,0
train/7-15/52.jpg,7,15,112.0,112.0,187.0,112.0,78.52,155.63,0,ok,0
train/7-15/53.jpg,7,15,112.0,112.0,187.0,112.0,78.52,155.63,0,ok,0
train/7-15/56.jpg,7,15,112.0,112.0,187.0,112.0,78.52,155.63,0,ok,0
train/7-15/57.jpg,7,15,112.0,112.0,187.0,112.0,78.52,155.63,0,ok,0
train/7-15/58.jpg,7,15,112.0,112.0,37.0,112.0,145.48,68.37,180,ok,180
train/7-15/6.jpg,7,15,112.0,112.0,187.0,112.0,78.52,155.63,0,ok,0
train/7-15/60.jpg,7,15,112.0,112.0,112.0,187.0,68.37,78.52,90,ok,90
train/7-15/61.jpg,7,15,112.0,112.0,112.0,37.0,155.63,145.48,270,ok,270
train/7-15/62.jpg,7,15,112.0,112.0,112.0,37.0,155.63,145.48,270,ok,270
train/7-15/63.jpg,7,15,112.0,112.0,112.0,187.0,68.37,78.52,90,ok,90
train/7-15/64.jpg,7,15,112.0,112.0,187.0,112.0,78.52,155.63,0,ok,0
train/7-15/66.jpg,7,15,112.0,112.0,37.0,112.0,145.48,68.37,180,ok,180
train/7-15/67.jpg,7,15,112.0,112.0,187.0,112.0,78.52,155.63,0,ok,0
train/7-15/68.jpg,7,15,112.0,112.0,112.0,187.0,68.37,78.52,90,ok,90
train/7-15/69.jpg,7,15,112.0,112.0,37.0,112.0,145.48,68.37,180,ok,180
train/7-15/7.jpg,7,15,112.0,112.0,112.0,187.0,68.37,78.52,90,ok,90
train/7-15/71.jpg,7,15,112.0,112.0,187.0,112.0,78.52,155.63,0,ok,0
train/7-15/72.jpg,7,15,112.0,112.0,112.0,187.0,68.37,78.52,90,ok,90
train/7-15/73.jpg,7,15,112.0,112.0,187.0,112.0,78.52,155.63,0,ok,0
train/7-15/74.jpg,7,15,112.0,112.0,112.0,187.0,68.37,78.52,90,ok,90
train/7-15/75.jpg,7,15,112.0,112.0,112.0,37.0,155.63,145.48,270,ok,270
train/7-15/76.jpg,7,15,112.0,112.0,187.0,112.0,78.52,155.63,0,ok,0
train/7-15/78.jpg,7,15,112.0,112.0,37.0,112.0,145.48,68.37,180,ok,180
train/7-15/79.jpg,7,15,112.0,112.0,187.0,112.0,78.52,155.63,0,ok,0
train/7-15/81.jpg,7,15,112.0,112.0,187.0,112.0,78.52,155.63,0,ok,0
train/7-15/82.jpg,7,15,112.0,112.0,37.0,112.0,145.48,68.37,180,ok,180
train/7-15/83.jpg,7,15,112.0,112.0,187.0,112.0,78.52,155.63,0,ok,0
train/7-15/85.jpg,7,15,112.0,112.0,187.0,112.0,78.52,155.63,0,ok,0
train/7-15/87.jpg,7,15,112.0,112.0,187.0,112.0,78.52,155.63,0,ok,0
train/7-15/89.jpg,7,15,112.0,112.0,187.0,112.0,78.52,155.63,0,ok,0
train/7-15/90.jpg,7,15,112.0,112.0,37.0,112.0,145.48,68.37,180,ok,180
train/7-15/91.jpg,7,15,112.0,112.0,112.0,37.0,155.63,145.48,270,ok,270
train/7-15/92.jpg,7,15,112.0,112.0,112.0,187.0,68.37,78.52,90,ok,90
train/7-15/93.jpg,7,15,112.0,112.0,187.0,112.0,78.52,155.63,0,ok,0
train/7-15/94.jpg,7,15,112.0,112.0,37.0,112.0,145.48,68.37,180,ok,180
train/7-15/95.jpg,7,15,112.0,112.0,187.0,112.0,78.52,155.63,0,ok,0
train/7-15/96.jpg,7,15,112.0,112.0,187.0,112.0,78.52,155.63,0,ok,0
train/7-15/97.jpg,7,15,112.0,112.0,112.0,187.0,68.37,78.52,90,ok,90
train/7-15/98.jpg,7,15,112.0,112.0,187.0,112.0,78.52,155.63,0,ok,0
train/7-15/99.jpg,7,15,112.0,112.0,187.0,112.0,78.52,155.63,0,ok,0
train/7-20/0.jpg,7,20,112.0,112.0,74.5,176.95,69.87,76.65,90,ok,90
train/7-20/1.jpg,7,20,112.0,112.0,176.95,149.5,76.65,154.13,0,ok,0
train/7-20/10.jpg,7,20,112.0,112.0,47.05,74.5,147.35,69.87,180,ok,180
train/7-20/12.jpg,7,20,112.0,112.0,176.95,149.5,76.65,154.13,0,ok,0
train/7-20/13.jpg,7,20,112.0,112.0,47.05,74.5,147.35,69.87,180,ok,180
train/7-20/16.jpg,7,20,112.0,112.0,176.95,149.5,76.65,154.13,0,ok,0
train/7-20/17.jpg,7,20,112.0,112.0,176.95,149.5,76.65,154.13,0,ok,0
train/7-20/19.jpg,7,20,112.0,112.0,176.95,149.5,76.65,154.13,0,ok,0
train/7-20/2.jpg,7,20,112.0,112.0,176.95,149.5,76.65,154.13,0,ok,0
train/7-20/20.jpg,7,20,112.0,112.0,176.95,149.5,76.65,154.13,0,ok,0
train/7-20/22.jpg,7,20,112.0,112.0,176.95,149.5,76.65,154.13,0,ok,0
train/7-20/24.jpg,7,20,112.0,112.0,74.5,176.95,69.87,76.65,90,ok,90
train/7-20/26.jpg,7,20,112.0,112.0,176.95,149.5,76.65,154.13,0,ok,0
train/7-20/28.jpg,7,20,112.0,112.0,47.05,74.5,147.35,69.87,180,ok,180
train/7-20/29.jpg,7,20,112.0,112.0,176.95,149.5,76.65,154.13,0,ok,0
train/7-20/30.jpg,7,20,112.0,112.0,149.5,47.05,154.13,147.35,270,ok,270
train/7-20/31.jpg,7,20,112.0,112.0,176.95,149.5,76.65,154.13,0,ok,0
train/7-20/32.jpg,7,20,112.0,112.0,149.5,47.05,154.13,147.35,270,ok,270
train/7-20/34.jpg,7,20,112.0,112.0,176.95,149.5,76.65,154.13,0,ok,0
train/7-20/37.jpg,7,20,112.0,112.0,176.95,149.5,76.65,154.13,0,ok,0
train/7-20/38.jpg,7,20,112.0,112.0,176.95,149.5,76.65,154.13,0,ok,0
train/7-20/4.jpg,7,20,112.0,112.0,74.5,176.95,69.87,76.65,90,ok,90
train/7-20/42.jpg,7,20,112.0,112.0,176.95,149.5,76.65,154.13,0,ok,0
train/7-20/43.jpg,7,20,112.0,112.0,47.05,74.5,147.35,69.87,180,ok,180
train/7-20/44.jpg,7,20,112.0,112.0,74.5,176.95,69.87,76.65,90,ok,90
train/7-20/46.jpg,7,20,112.0,112.0,176.95,149.5,76.65,154.13,0,ok,0
train/7-20/47.jpg,7,20,112.0,112.0,74.5,176.95,69.87,76.65,90,ok,90
train/7-20/49.jpg,7,20,112.0,112.0,176.95,149.5,76.65,154.13,0,ok,0
train/7-20/50.jpg,7,20,112.0,112.0,74.5,176.95,69.87,76.65,90,ok,90
train/7-20/51.jpg,7,20,112.0,112.0,149.5,47.05,154.13,147.35,270,ok,270
train/7-20/56.jpg,7,20,112.0,112.0,176.95,149.5,76.65,154.13,0,ok,0
train/7-20/58.jpg,7,20,112.0,112.0,149.5,47.05,154.13,147.35,270,ok,270
train/7-20/6.jpg,7,20,112.0,112.0,176.95,149.5,76.65,154.13,0,ok,0
train/7-20/61.jpg,7,20,112.0,112.0,176.95,149.5,76.65,154.13,0,ok,0
train/7-20/62.jpg,7,20,112.0,112.0,47.05,74.5,147.35,69.87,180,ok,180
train/7-20/63.jpg,7,20,112.0,112.0,149.5,47.05,154.13,147.35,270,ok,270
train/7-20/64.jpg,7,20,112.0,112.0,74.5,176.95,69.87,76.65,90,ok,90
train/7-20/67.jpg,7,20,112.0,112.0,176.95,149.5,76.65,154.13,0,ok,0
train/7-20/7.jpg,7,20,112.0,112.0,176.95,149.5,76.65,154.13,0,ok,0
train/7-20/72.jpg,7,20,112.0,112.0,47.05,74.5,147.35,69.87,180,ok,180
train/7-20/75.jpg,7,20,112.0,112.0,176.95,149.5,76.65,154.13,0,ok,0
train/7-20/76.jpg,7,20,112.0,112.0,176.95,149.5,76.65,154.13,0,ok,0
train/7-20/77.jpg,7,20,112.0,112.0,74.5,176.95,69.87,76.65,90,ok,90
train/7-20/8.jpg,7,20,112.0,112.0,176.95,149.5,76.65,154.13,0,ok,0
train/7-20/82.jpg,7,20,112.0,112.0,176.95,149.5,76.65,154.13,0,ok,0
train/7-20/83.jpg,7,20,112.0,112.0,149.5,47.05,154.13,147.35,270,ok,270
train/7-20/84.jpg,7,20,112.0,112.0,149.5,47.05,154.13,147.35,270,ok,270
train/7-20/85.jpg,7,20,112.0,112.0,176.95,149.5,76.65,154.13,0,ok,0
train/7-20/87.jpg,7,20,112.0,112.0,176.95,149.5,76.65,154.13,0,ok,0
train/7-20/88.jpg,7,20,112.0,112.0,176.95,149.5,76.65,154.13,0,ok,0
train/7-20/89.jpg,7,20,112.0,112.0,74.5,176.95,69.87,76.65,90,ok,90
train/7-20/92.jpg,7,20,112.0,112.0,47.05,74.5,147.35,69.87,180,ok,180
train/7-20/93.jpg,7,20,112.0,112.0,176.95,149.5,76.65,154.13,0,ok,0
train/7-20/96.jpg,7,20,112.0,112.0,176.95,149.5,76.65,154.13,0,ok,0
train/7-20/97.jpg,7,20,112.0,112.0,149.5,47.05,154.13,147.35,270,ok,270
train/7-20/98.jpg,7,20,112.0,112.0,176.95,149.5,76.65,154.13,0,ok,0
train/7-25/0.jpg,7,25,112.0,112.0,47.05,149.5,71.45,74.84,90,ok,90
train/7-25/1.jpg,7,25,112.0,112.0,74.5,47.05,149.16,71.45,180,ok,180
train/7-25/10.jpg,7,25,112.0,112.0,74.5,47.05,149.16,71.45,180,ok,180
train/7-25/14.jpg,7,25,112.0,112.0,149.5,176.95,74.84,152.55,0,ok,0
train/7-25/15.jpg,7,25,112.0,112.0,149.5,176.95,74.84,152.55,0,ok,0
train/7-25/16.jpg,7,25,112.0,112.0,176.95,74.5,152.55,149.16,270,ok,270
train/7-25/17.jpg,7,25,112.0,112.0,47.05,149.5,71.45,74.84,90,ok,90
train/7-25/18.jpg,7,25,112.0,112.0,74.5,47.05,149.16,71.45,180,ok,180
train/7-25/19.jpg,7,25,112.0,112.0,149.5,176.95,74.84,152.55,0,ok,0
train/7-25/2.jpg,7,25,112.0,112.0,149.5,176.95,74.84,152.55,0,ok,0
train/7-25/21.jpg,7,25,112.0,112.0,149.5,176.95,74.84,152.55,0,ok,0
train/7-25/24.jpg,7,25,112.0,112.0,149.5,176.95,74.84,152.55,0,ok,0
train/7-25/25.jpg,7,25,112.0,112.0,47.05,149.5,71.45,74.84,90,ok,90
train/7-25/26.jpg,7,25,112.0,112.0,47.05,149.5,71.45,74.84,90,ok,90
train/7-25/27.jpg,7,25,112.0,112.0,149.5,176.95,74.84,152.55,0,ok,0
train/7-25/28.jpg,7,25,112.0,112.0,47.05,149.5,71.45,74.84,90,ok,90
train/7-25/30.jpg,7,25,112.0,112.0,149.5,176.95,74.84,152.55,0,ok,0
train/7-25/31.jpg,7,25,112.0,112.0,149.5,176.95,74.84,152.55,0,ok,0
train/7-25/32.jpg,7,25,112.0,112.0,149.5,176.95,74.84,152.55,0,ok,0
train/7-25/33.jpg,7,25,112.0,112.0,149.5,176.95,74.84,152.55,0,ok,0
train/7-25/38.jpg,7,25,112.0,112.0,149.5,176.95,74.84,152.55,0,ok,0
train/7-25/4.jpg,7,25,112.0,112.0,149.5,176.95,74.84,152.55,0,ok,0
train/7-25/40.jpg,7,25,112.0,112.0,149.5,176.95,74.84,152.55,0,ok,0
train/7-25/41.jpg,7,25,112.0,112.0,47.05,149.5,71.45,74.84,90,ok,90
train/7-25/42.jpg,7,25,112.0,112.0,74.5,47.05,149.16,71.45,180,ok,180
train/7-25/43.jpg,7,25,112.0,112.0,149.5,176.95,74.84,152.55,0,ok,0
train/7-25/45.jpg,7,25,112.0,112.0,149.5,176.95,74.84,152.55,0,ok,0
train/7-25/46.jpg,7,25,112.0,112.0,47.05,149.5,71.45,74.84,90,ok,90
train/7-25/47.jpg,7,25,112.0,112.0,149.5,176.95,74.84,152.55,0,ok,0
train/7-25/48.jpg,7,25,112.0,112.0,74.5,47.05,149.16,71.45,180,ok,180
train/7-25/49.jpg,7,25,112.0,112.0,149.5,176.95,74.84,152.55,0,ok,0
train/7-25/51.jpg,7,25,112.0,112.0,47.05,149.5,71.45,74.84,90,ok,90
train/7-25/52.jpg,7,25,112.0,112.0,149.5,176.95,74.84,152.55,0,ok,0
train/7-25/53.jpg,7,25,112.0,112.0,149.5,176.95,74.84,152.55,0,ok,0
train/7-25/56.jpg,7,25,112.0,112.0,176.95,74.5,152.55,149.16,270,ok,270
train/7-25/57.jpg,7,25,112.0,112.0,74.5,47.05,149.16,71.45,180,ok,180
train/7-25/60.jpg,7,25,112.0,112.0,149.5,176.95,74.84,152.55,0,ok,0
train/7-25/61.jpg,7,25,112.0,112.0,149.5,176.95,74.84,152.55,0,ok,0
train/7-25/62.jpg,7,25,112.0,112.0,149.5,176.95,74.84,152.55,0,ok,0
train/7-25/64.jpg,7,25,112.0,112.0,74.5,47.05,149.16,71.45,180,ok,180
train/7-25/67.jpg,7,25,112.0,112.0,74.5,47.05,149.16,71.45,180,ok,180
train/7-25/68.jpg,7,25,112.0,112.0,176.95,74.5,152.55,149.16,270,ok,270
train/7-25/7.jpg,7,25,112.0,112.0,149.5,176.95,74.84,152.55,0,ok,0
train/7-25/71.jpg,7,25,112.0,112.0,149.5,176.95,74.84,152.55,0,ok,0
train/7-25/72.jpg,7,25,112.0,112.0,149.5,176.95,74.84,152.55,0,ok,0
train/7-25/73.jpg,7,25,112.0,112.0,149.5,176.95,74.84,152.55,0,ok,0
train/7-25/74.jpg,7,25,112.0,112.0,149.5,176.95,74.84,152.55,0,ok,0
train/7-25/75.jpg,7,25,112.0,112.0,176.95,74.5,152.55,149.16,270,ok,270
train/7-25/76.jpg,7,25,112.0,112.0,176.95,74.5,152.55,149.16,270,ok,270
train/7-25/78.jpg,7,25,112.0,112.0,149.5,176.95,74.84,152.55,0,ok,0
train/7-25/79.jpg,7,25,112.0,112.0,149.5,176.95,74.84,152.55,0,ok,0
train/7-25/8.jpg,7,25,112.0,112.0,149.5,176.95,74.84,152.55,0,ok,0
train/7-25/80.jpg,7,25,112.0,112.0,47.05,149.5,71.45,74.84,90,ok,90
train/7-25/82.jpg,7,25,112.0,112.0,176.95,74.5,152.55,149.16,270,ok,270
train/7-25/83.jpg,7,25,112.0,112.0,176.95,74.5,152.55,149.16,270,ok,270
train/7-25/84.jpg,7,25,112.0,112.0,149.5,176.95,74.84,152.55,0,ok,0
train/7-25/85.jpg,7,25,112.0,112.0,149.5,176.95,74.84,152.55,0,ok,0
train/7-25/87.jpg,7,25,112.0,112.0,74.5,47.05,149.16,71.45,180,ok,180
train/7-25/89.jpg,7,25,112.0,112.0,149.5,176.95,74.84,152.55,0,ok,0
train/7-25/9.jpg,7,25,112.0,112.0,47.05,149.5,71.45,74.84,90,ok,90
train/7-25/90.jpg,7,25,112.0,112.0,74.5,47.05,149.16,71.45,180,ok,180
train/7-25/91.jpg,7,25,112.0,112.0,149.5,176.95,74.84,152.55,0,ok,0
train/7-25/92.jpg,7,25,112.0,112.0,149.5,176.95,74.84,152.55,0,ok,0
train/7-25/94.jpg,7,25,112.0,112.0,74.5,47.05,149.16,71.45,180,ok,180
train/7-25/95.jpg,7,25,112.0,112.0,149.5,176.95,74.84,152.55,0,ok,0
train/7-25/96.jpg,7,25,112.0,112.0,149.5,176.95,74.84,152.55,0,ok,0
train/7-25/97.jpg,7,25,112.0,112.0,149.5,176.95,74.84,152.55,0,ok,0
train/7-25/98.jpg,7,25,112.0,112.0,176.95,74.5,152.55,149.16,270,ok,270
train/7-25/99.jpg,7,25,112.0,112.0,149.5,176.95,74.84,152.55,0,ok,0
train/7-30/0.jpg,7,30,112.0,112.0,112.0,187.0,73.11,150.89,0,ok,0
train/7-30/1.jpg,7,30,112.0,112.0,37.0,112.0,73.11,73.11,90,ok,90
train/7-30/10.jpg,7,30,112.0,112.0,187.0,112.0,150.89,150.89,270,ok,270
train/7-30/12.jpg,7,30,112.0,112.0,112.0,187.0,73.11,150.89,0,ok,0
train/7-30/15.jpg,7,30,112.0,112.0,187.0,112.0,150.89,150.89,270,ok,270
train/7-30/16.jpg,7,30,112.0,112.0,112.0,187.0,73.11,150.89,0,ok,0
train/7-30/17.jpg,7,30,112.0,112.0,112.0,187.0,73.11,150.89,0,ok,0
train/7-30/18.jpg,7,30,112.0,112.0,112.0,187.0,73.11,150.89,0,ok,0
train/7-30/19.jpg,7,30,112.0,112.0,187.0,112.0,150.89,150.89,270,ok,270
train/7-30/2.jpg,7,30,112.0,112.0,187.0,112.0,150.89,150.89,270,ok,270
train/7-30/20.jpg,7,30,112.0,112.0,112.0,187.0,73.11,150.89,0,ok,0
train/7-30/25.jpg,7,30,112.0,112.0,112.0,187.0,73.11,150.89,0,ok,0
train/7-30/26.jpg,7,30,112.0,112.0,112.0,187.0,73.11,150.89,0,ok,0
train/7-30/27.jpg,7,30,112.0,112.0,37.0,112.0,73.11,73.11,90,ok,90
train/7-30/30.jpg,7,30,112.0,112.0,112.0,187.0,73.11,150.89,0,ok,0
train/7-30/33.jpg,7,30,112.0,112.0,112.0,187.0,73.11,150.89,0,ok,0
train/7-30/34.jpg,7,30,112.0,112.0,187.0,112.0,150.89,150.89,270,ok,270
train/7-30/36.jpg,7,30,112.0,112.0,112.0,187.0,73.11,150.89,0,ok,0
train/7-30/37.jpg,7,30,112.0,112.0,187.0,112.0,150.89,150.89,270,ok,270
train/7-30/42.jpg,7,30,112.0,112.0,112.0,187.0,73.11,150.89,0,ok,0
train/7-30/43.jpg,7,30,112.0,112.0,112.0,37.0,150.89,73.11,180,ok,180
train/7-30/44.jpg,7,30,112.0,112.0,187.0,112.0,150.89,150.89,270,ok,270
train/7-30/45.jpg,7,30,112.0,112.0,37.0,112.0,73.11,73.11,90,ok,90
train/7-30/46.jpg,7,30,112.0,112.0,112.0,187.0,73.11,150.89,0,ok,0
train/7-30/47.jpg,7,30,112.0,112.0,112.0,187.0,73.11,150.89,0,ok,0
train/7-30/49.jpg,7,30,112.0,112.0,37.0,112.0,73.11,73.11,90,ok,90
train/7-30/51.jpg,7,30,112.0,112.0,112.0,37.0,150.89,73.11,180,ok,180
train/7-30/52.jpg,7,30,112.0,112.0,187.0,112.0,150.89,150.89,270,ok,270
train/7-30/55.jpg,7,30,112.0,112.0,187.0,112.0,150.89,150.89,270,ok,270
train/7-30/58.jpg,7,30,112.0,112.0,112.0,187.0,73.11,150.89,0,ok,0
train/7-30/60.jpg,7,30,112.0,112.0,37.0,112.0,73.11,73.11,90,ok,90
train/7-30/61.jpg,7,30,112.0,112.0,37.0,112.0,73.11,73.11,90,ok,90
train/7-30/62.jpg,7,30,112.0,112.0,187.0,112.0,150.89,150.89,270,ok,270
train/7-30/63.jpg,7,30,112.0,112.0,112.0,187.0,73.11,150.89,0,ok,0
train/7-30/64.jpg,7,30,112.0,112.0,187.0,112.0,150.89,150.89,270,ok,270
train/7-30/67.jpg,7,30,112.0,112.0,112.0,37.0,150.89,73.11,180,ok,180
train/7-30/68.jpg,7,30,112.0,112.0,112.0,37.0,150.89,73.11,180,ok,180
train/7-30/69.jpg,7,30,112.0,112.0,112.0,37.0,150.89,73.11,180,ok,180
train/7-30/71.jpg,7,30,112.0,112.0,112.0,187.0,73.11,150.89,0,ok,0
train/7-30/73.jpg,7,30,112.0,112.0,187.0,112.0,150.89,150.89,270,ok,270
train/7-30/74.jpg,7,30,112.0,112.0,112.0,187.0,73.11,150.89,0,ok,0
train/7-30/75.jpg,7,30,112.0,112.0,187.0,112.0,150.89,150.89,270,ok,270
train/7-30/76.jpg,7,30,112.0,112.0,187.0,112.0,150.89,150.89,270,ok,270
train/7-30/79.jpg,7,30,112.0,112.0,112.0,187.0,73.11,150.89,0,ok,0
train/7-30/80.jpg,7,30,112.0,112.0,112.0,187.0,73.11,150.89,0,ok,0
train/7-30/82.jpg,7,30,112.0,112.0,187.0,112.0,150.89,150.89,270,ok,270
train/7-30/83.jpg,7,30,112.0,112.0,187.0,112.0,150.89,150.89,270,ok,270
train/7-30/84.jpg,7,30,112.0,112.0,187.0,112.0,150.89,150.89,270,ok,270
train/7-30/85.jpg,7,30,112.0,112.0,112.0,187.0,73.11,150.89,0,ok,0
train/7-30/86.jpg,7,30,112.0,112.0,112.0,187.0,73.11,150.89,0,ok,0
train/7-30/87.jpg,7,30,112.0,112.0,187.0,112.0,150.89,150.89,270,ok,270
train/7-30/89.jpg,7,30,112.0,112.0,112.0,187.0,73.11,150.89,0,ok,0
train/7-30/9.jpg,7,30,112.0,112.0,112.0,37.0,150.89,73.11,180,ok,180
train/7-30/91.jpg,7,30,112.0,112.0,37.0,112.0,73.11,73.11,90,ok,90
train/7-30/92.jpg,7,30,112.0,112.0,112.0,37.0,150.89,73.11,180,ok,180
train/7-30/95.jpg,7,30,112.0,112.0,112.0,187.0,73.11,150.89,0,ok,0
train/7-30/96.jpg,7,30,112.0,112.0,112.0,187.0,73.11,150.89,0,ok,0
train/7-35/0.jpg,7,35,112.0,112.0,74.5,176.95,71.45,149.16,0,ok,0
train/7-35/1.jpg,7,35,112.0,112.0,74.5,176.95,71.45,149.16,0,ok,0
train/7-35/12.jpg,7,35,112.0,112.0,74.5,176.95,71.45,149.16,0,ok,0
train/7-35/14.jpg,7,35,112.0,112.0,149.5,47.05,152.55,74.84,180,ok,180
train/7-35/15.jpg,7,35,112.0,112.0,149.5,47.05,152.55,74.84,180,ok,180
train/7-35/16.jpg,7,35,112.0,112.0,149.5,47.05,152.55,74.84,180,ok,180
train/7-35/17.jpg,7,35,112.0,112.0,74.5,176.95,71.45,149.16,0,ok,0
train/7-35/18.jpg,7,35,112.0,112.0,74.5,176.95,71.45,149.16,0,ok,0
train/7-35/2.jpg,7,35,112.0,112.0,176.95,149.5,149.16,152.55,270,ok,270
train/7-35/21.jpg,7,35,112.0,112.0,176.95,149.5,149.16,152.55,270,ok,270
train/7-35/24.jpg,7,35,112.0,112.0,74.5,176.95,71.45,149.16,0,ok,0
train/7-35/26.jpg,7,35,112.0,112.0,74.5,176.95,71.45,149.16,0,ok,0
train/7-35/27.jpg,7,35,112.0,112.0,47.05,74.5,74.84,71.45,90,ok,90
train/7-35/29.jpg,7,35,112.0,112.0,74.5,176.95,71.45,149.16,0,ok,0
train/7-35/30.jpg,7,35,112.0,112.0,74.5,176.95,71.45,149.16,0,ok,0
train/7-35/31.jpg,7,35,112.0,112.0,74.5,176.95,71.45,149.16,0,ok,0
train/7-35/33.jpg,7,35,112.0,112.0,149.5,47.05,152.55,74.84,180,ok,180
train/7-35/34.jpg,7,35,112.0,112.0,74.5,176.95,71.45,149.16,0,ok,0
train/7-35/37.jpg,7,35,112.0,112.0,74.5,176.95,71.45,149.16,0,ok,0
train/7-35/38.jpg,7,35,112.0,112.0,149.5,47.05,152.55,74.84,180,ok,180
train/7-35/4.jpg,7,35,112.0,112.0,74.5,176.95,71.45,149.16,0,ok,0
train/7-35/40.jpg,7,35,112.0,112.0,74.5,176.95,71.45,149.16,0,ok,0
train/7-35/42.jpg,7,35,112.0,112.0,74.5,176.95,71.45,149.16,0,ok,0
train/7-35/44.jpg,7,35,112.0,112.0,74.5,176.95,71.45,149.16,0,ok,0
train/7-35/47.jpg,7,35,112.0,112.0,176.95,149.5,149.16,152.55,270,ok,270
train/7-35/48.jpg,7,35,112.0,112.0,74.5,176.95,71.45,149.16,0,ok,0
train/7-35/49.jpg,7,35,112.0,112.0,74.5,176.95,71.45,149.16,0,ok,0
train/7-35/5.jpg,7,35,112.0,112.0,47.05,74.5,74.84,71.45,90,ok,90
train/7-35/50.jpg,7,35,112.0,112.0,74.5,176.95,71.45,149.16,0,ok,0
train/7-35/52.jpg,7,35,112.0,112.0,74.5,176.95,71.45,149.16,0,ok,0
train/7-35/53.jpg,7,35,112.0,112.0,47.05,74.5,74.84,71.45,90,ok,90
train/7-35/56.jpg,7,35,112.0,112.0,149.5,47.05,152.55,74.84,180,ok,180
train/7-35/57.jpg,7,35,112.0,112.0,47.05,74.5,74.84,71.45,90,ok,90
train/7-35/60.jpg,7,35,112.0,112.0,74.5,176.95,71.45,149.16,0,ok,0
train/7-35/62.jpg,7,35,112.0,112.0,149.5,47.05,152.55,74.84,180,ok,180
train/7-35/63.jpg,7,35,112.0,112.0,149.5,47.05,152.55,74.84,180,ok,180
train/7-35/66.jpg,7,35,112.0,112.0,74.5,176.95,71.45,149.16,0,ok,0
train/7-35/67.jpg,7,35,112.0,112.0,47.05,74.5,74.84,71.45,90,ok,90
train/7-35/68.jpg,7,35,112.0,112.0,47.05,74.5,74.84,71.45,90,ok,90
train/7-35/69.jpg,7,35,112.0,112.0,74.5,176.95,71.45,149.16,0,ok,0
train/7-35/72.jpg,7,35,112.0,112.0,74.5,176.95,71.45,149.16,0,ok,0
train/7-35/73.jpg,7,35,112.0,112.0,47.05,74.5,74.84,71.45,90,ok,90
train/7-35/74.jpg,7,35,112.0,112.0,149.5,47.05,152.55,74.84,180,ok,180
train/7-35/75.jpg,7,35,112.0,112.0,47.05,74.5,74.84,71.45,90,ok,90
train/7-35/76.jpg,7,35,112.0,112.0,176.95,149.5,149.16,152.55,270,ok,270
train/7-35/78.jpg,7,35,112.0,112.0,74.5,176.95,71.45,149.16,0,ok,0
train/7-35/79.jpg,7,35,112.0,112.0,176.95,149.5,149.16,152.55,270,ok,270
train/7-35/8.jpg,7,35,112.0,112.0,74.5,176.95,71.45,149.16,0,ok,0
train/7-35/80.jpg,7,35,112.0,112.0,176.95,149.5,149.16,152.55,270,ok,270
train/7-35/82.jpg,7,35,112.0,112.0,176.95,149.5,149.16,152.55,270,ok,270
train/7-35/85.jpg,7,35,112.0,112.0,74.5,176.95,71.45,149.16,0,ok,0
train/7-35/86.jpg,7,35,112.0,112.0,149.5,47.05,152.55,74.84,180,ok,180
train/7-35/87.jpg,7,35,112.0,112.0,149.5,47.05,152.55,74.84,180,ok,180
train/7-35/88.jpg,7,35,112.0,112.0,74.5,176.95,71.45,149.16,0,ok,0
train/7-35/9.jpg,7,35,112.0,112.0,47.05,74.5,74.84,71.45,90,ok,90
train/7-35/90.jpg,7,35,112.0,112.0,149.5,47.05,152.55,74.84,180,ok,180
train/7-35/91.jpg,7,35,112.0,112.0,74.5,176.95,71.45,149.16,0,ok,0
train/7-35/92.jpg,7,35,112.0,112.0,176.95,149.5,149.16,152.55,270,ok,270
train/7-35/93.jpg,7,35,112.0,112.0,74.5,176.95,71.45,149.16,0,ok,0
train/7-35/96.jpg,7,35,112.0,112.0,176.95,149.5,149.16,152.55,270,ok,270
train/7-35/98.jpg,7,35,112.0,112.0,74.5,176.95,71.45,149.16,0,ok,0
train/7-35/99.jpg,7,35,112.0,112.0,74.5,176.95,71.45,149.16,0,ok,0
train/7-40/1.jpg,7,40,112.0,112.0,176.95,74.5,154.13,76.65,180,ok,180
train/7-40/10.jpg,7,40,112.0,112.0,149.5,176.95,147.35,154.13,270,ok,270
train/7-40/12.jpg,7,40,112.0,112.0,149.5,176.95,147.35,154.13,270,ok,270
train/7-40/14.jpg,7,40,112.0,112.0,149.5,176.95,147.35,154.13,270,ok,270
train/7-40/15.jpg,7,40,112.0,112.0,47.05,149.5,69.87,147.35,0,ok,0
train/7-40/16.jpg,7,40,112.0,112.0,74.5,47.05,76.65,69.87,90,ok,90
train/7-40/17.jpg,7,40,112.0,112.0,74.5,47.05,76.65,69.87,90,ok,90
train/7-40/18.jpg,7,40,112.0,112.0,74.5,47.05,76.65,69.87,90,ok,90
train/7-40/19.jpg,7,40,112.0,112.0,47.05,149.5,69.87,147.35,0,ok,0
train/7-40/20.jpg,7,40,112.0,112.0,149.5,176.95,147.35,154.13,270,ok,270
train/7-40/21.jpg,7,40,112.0,112.0,47.05,149.5,69.87,147.35,0,ok,0
train/7-40/24.jpg,7,40,112.0,112.0,47.05,149.5,69.87,147.35,0,ok,0
train/7-40/26.jpg,7,40,112.0,112.0,149.5,176.95,147.35,154.13,270,ok,270
train/7-40/28.jpg,7,40,112.0,112.0,74.5,47.05,76.65,69.87,90,ok,90
train/7-40/29.jpg,7,40,112.0,112.0,149.5,176.95,147.35,154.13,270,ok,270
train/7-40/31.jpg,7,40,112.0,112.0,74.5,47.05,76.65,69.87,90,ok,90
train/7-40/32.jpg,7,40,112.0,112.0,47.05,149.5,69.87,147.35,0,ok,0
train/7-40/33.jpg,7,40,112.0,112.0,74.5,47.05,76.65,69.87,90,ok,90
train/7-40/35.jpg,7,40,112.0,112.0,149.5,176.95,147.35,154.13,270,ok,270
train/7-40/37.jpg,7,40,112.0,112.0,47.05,149.5,69.87,147.35,0,ok,0
train/7-40/38.jpg,7,40,112.0,112.0,47.05,149.5,69.87,147.35,0,ok,0
train/7-40/4.jpg,7,40,112.0,112.0,149.5,176.95,147.35,154.13,270,ok,270
train/7-40/40.jpg,7,40,112.0,112.0,47.05,149.5,69.87,147.35,0,ok,0
train/7-40/42.jpg,7,40,112.0,112.0,176.95,74.5,154.13,76.65,180,ok,180
train/7-40/44.jpg,7,40,112.0,112.0,149.5,176.95,147.35,154.13,270,ok,270
train/7-40/45.jpg,7,40,112.0,112.0,47.05,149.5,69.87,147.35,0,ok,0
train/7-40/46.jpg,7,40,112.0,112.0,149.5,176.95,147.35,154.13,270,ok,270
train/7-40/49.jpg,7,40,112.0,112.0,47.05,149.5,69.87,147.35,0,ok,0
train/7-40/5.jpg,7,40,112.0,112.0,176.95,74.5,154.13,76.65,180,ok,180
train/7-40/50.jpg,7,40,112.0,112.0,176.95,74.5,154.13,76.65,180,ok,180
train/7-40/51.jpg,7,40,112.0,112.0,149.5,176.95,147.35,154.13,270,ok,270
train/7-40/52.jpg,7,40,112.0,112.0,176.95,74.5,154.13,76.65,180,ok,180
train/7-40/53.jpg,7,40,112.0,112.0,47.05,149.5,69.87,147.35,0,ok,0
train/7-40/54.jpg,7,40,112.0,112.0,74.5,47.05,76.65,69.87,90,ok,90
train/7-40/55.jpg,7,40,112.0,112.0,74.5,47.05,76.65,69.87,90,ok,90
train/7-40/56.jpg,7,40,112.0,112.0,74.5,47.05,76.65,69.87,90,ok,90
train/7-40/57.jpg,7,40,112.0,112.0,47.05,149.5,69.87,147.35,0,ok,0
train/7-40/59.jpg,7,40,112.0,112.0,47.05,149.5,69.87,147.35,0,ok,0
train/7-40/60.jpg,7,40,112.0,112.0,47.05,149.5,69.87,147.35,0,ok,0
train/7-40/61.jpg,7,40,112.0,112.0,149.5,176.95,147.35,154.13,270,ok,270
train/7-40/63.jpg,7,40,112.0,112.0,47.05,149.5,69.87,147.35,0,ok,0
train/7-40/64.jpg,7,40,112.0,112.0,47.05,149.5,69.87,147.35,0,ok,0
train/7-40/66.jpg,7,40,112.0,112.0,47.05,149.5,69.87,147.35,0,ok,0
train/7-40/67.jpg,7,40,112.0,112.0,74.5,47.05,76.65,69.87,90,ok,90
train/7-40/72.jpg,7,40,112.0,112.0,74.5,47.05,76.65,69.87,90,ok,90
train/7-40/73.jpg,7,40,112.0,112.0,176.95,74.5,154.13,76.65,180,ok,180
train/7-40/75.jpg,7,40,112.0,112.0,47.05,149.5,69.87,147.35,0,ok,0
train/7-40/76.jpg,7,40,112.0,112.0,176.95,74.5,154.13,76.65,180,ok,180
train/7-40/77.jpg,7,40,112.0,112.0,47.05,149.5,69.87,147.35,0,ok,0
train/7-40/79.jpg,7,40,112.0,112.0,47.05,149.5,69.87,147.35,0,ok,0
train/7-40/8.jpg,7,40,112.0,112.0,47.05,149.5,69.87,147.35,0,ok,0
train/7-40/80.jpg,7,40,112.0,112.0,47.05,149.5,69.87,147.35,0,ok,0
train/7-40/82.jpg,7,40,112.0,112.0,47.05,149.5,69.87,147.35,0,ok,0
train/7-40/83.jpg,7,40,112.0,112.0,149.5,176.95,147.35,154.13,270,ok,270
train/7-40/86.jpg,7,40,112.0,112.0,47.05,149.5,69.87,147.35,0,ok,0
train/7-40/87.jpg,7,40,112.0,112.0,176.95,74.5,154.13,76.65,180,ok,180
train/7-40/89.jpg,7,40,112.0,112.0,47.05,149.5,69.87,147.35,0,ok,0
train/7-40/9.jpg,7,40,112.0,112.0,47.05,149.5,69.87,147.35,0,ok,0
train/7-40/90.jpg,7,40,112.0,112.0,47.05,149.5,69.87,147.35,0,ok,0
train/7-40/91.jpg,7,40,112.0,112.0,176.95,74.5,154.13,76.65,180,ok,180
train/7-40/93.jpg,7,40,112.0,112.0,47.05,149.5,69.87,147.35,0,ok,0
train/7-40/95.jpg,7,40,112.0,112.0,47.05,149.5,69.87,147.35,0,ok,0
train/7-40/98.jpg,7,40,112.0,112.0,149.5,176.95,147.35,154.13,270,ok,270
train/7-40/99.jpg,7,40,112.0,112.0,176.95,74.5,154.13,76.65,180,ok,180
train/7-45/0.jpg,7,45,112.0,112.0,37.0,112.0,68.37,145.48,0,ok,0
train/7-45/1.jpg,7,45,112.0,112.0,187.0,112.0,155.63,78.52,180,ok,180
train/7-45/12.jpg,7,45,112.0,112.0,37.0,112.0,68.37,145.48,0,ok,0
train/7-45/15.jpg,7,45,112.0,112.0,112.0,187.0,145.48,155.63,270,ok,270
train/7-45/16.jpg,7,45,112.0,112.0,37.0,112.0,68.37,145.48,0,ok,0
train/7-45/17.jpg,7,45,112.0,112.0,187.0,112.0,155.63,78.52,180,ok,180
train/7-45/18.jpg,7,45,112.0,112.0,37.0,112.0,68.37,145.48,0,ok,0
train/7-45/19.jpg,7,45,112.0,112.0,187.0,112.0,155.63,78.52,180,ok,180
train/7-45/2.jpg,7,45,112.0,112.0,187.0,112.0,155.63,78.52,180,ok,180
train/7-45/20.jpg,7,45,112.0,112.0,112.0,37.0,78.52,68.37,90,ok,90
train/7-45/24.jpg,7,45,112.0,112.0,187.0,112.0,155.63,78.52,180,ok,180
train/7-45/26.jpg,7,45,112.0,112.0,37.0,112.0,68.37,145.48,0,ok,0
train/7-45/27.jpg,7,45,112.0,112.0,187.0,112.0,155.63,78.52,180,ok,180
train/7-45/30.jpg,7,45,112.0,112.0,37.0,112.0,68.37,145.48,0,ok,0
train/7-45/32.jpg,7,45,112.0,112.0,112.0,187.0,145.48,155.63,270,ok,270
train/7-45/33.jpg,7,45,112.0,112.0,37.0,112.0,68.37,145.48,0,ok,0
train/7-45/34.jpg,7,45,112.0,112.0,187.0,112.0,155.63,78.52,180,ok,180
train/7-45/36.jpg,7,45,112.0,112.0,37.0,112.0,68.37,145.48,0,ok,0
train/7-45/37.jpg,7,45,112.0,112.0,37.0,112.0,68.37,145.48,0,ok,0
train/7-45/38.jpg,7,45,112.0,112.0,37.0,112.0,68.37,145.48,0,ok,0
train/7-45/40.jpg,7,45,112.0,112.0,112.0,187.0,145.48,155.63,270,ok,270
train/7-45/43.jpg,7,45,112.0,112.0,37.0,112.0,68.37,145.48,0,ok,0
train/7-45/45.jpg,7,45,112.0,112.0,37.0,112.0,68.37,145.48,0,ok,0
train/7-45/46.jpg,7,45,112.0,112.0,112.0,37.0,78.52,68.37,90,ok,90
train/7-45/47.jpg,7,45,112.0,112.0,112.0,187.0,145.48,155.63,270,ok,270
train/7-45/5.jpg,7,45,112.0,112.0,112.0,187.0,145.48,155.63,270,ok,270
train/7-45/50.jpg,7,45,112.0,112.0,37.0,112.0,68.37,145.48,0,ok,0
train/7-45/51.jpg,7,45,112.0,112.0,37.0,112.0,68.37,145.48,0,ok,0
train/7-45/53.jpg,7,45,112.0,112.0,37.0,112.0,68.37,145.48,0,ok,0
train/7-45/54.jpg,7,45,112.0,112.0,37.0,112.0,68.37,145.48,0,ok,0
train/7-45/55.jpg,7,45,112.0,112.0,37.0,112.0,68.37,145.48,0,ok,0
train/7-45/56.jpg,7,45,112.0,112.0,37.0,112.0,68.37,145.48,0,ok,0
train/7-45/6.jpg,7,45,112.0,112.0,37.0,112.0,68.37,145.48,0,ok,0
train/7-45/60.jpg,7,45,112.0,112.0,112.0,37.0,78.52,68.37,90,ok,90
train/7-45/61.jpg,7,45,112.0,112.0,37.0,112.0,68.37,145.48,0,ok,0
train/7-45/62.jpg,7,45,112.0,112.0,112.0,187.0,145.48,155.63,270,ok,270
train/7-45/63.jpg,7,45,112.0,112.0,112.0,187.0,145.48,155.63,270,ok,270
train/7-45/64.jpg,7,45,112.0,112.0,112.0,187.0,145.48,155.63,270,ok,270
train/7-45/66.jpg,7,45,112.0,112.0,112.0,37.0,78.52,68.37,90,ok,90
train/7-45/7.jpg,7,45,112.0,112.0,37.0,112.0,68.37,145.48,0,ok,0
train/7-45/72.jpg,7,45,112.0,112.0,37.0,112.0,68.37,145.48,0,ok,0
train/7-45/73.jpg,7,45,112.0,112.0,37.0,112.0,68.37,145.48,0,ok,0
train/7-45/74.jpg,7,45,112.0,112.0,112.0,37.0,78.52,68.37,90,ok,90
train/7-45/75.jpg,7,45,112.0,112.0,112.0,187.0,145.48,155.63,270,ok,270
train/7-45/76.jpg,7,45,112.0,112.0,37.0,112.0,68.37,145.48,0,ok,0
train/7-45/78.jpg,7,45,112.0,112.0,187.0,112.0,155.63,78.52,180,ok,180
train/7-45/8.jpg,7,45,112.0,112.0,187.0,112.0,155.63,78.52,180,ok,180
train/7-45/80.jpg,7,45,112.0,112.0,37.0,112.0,68.37,145.48,0,ok,0
train/7-45/81.jpg,7,45,112.0,112.0,187.0,112.0,155.63,78.52,180,ok,180
train/7-45/82.jpg,7,45,112.0,112.0,112.0,187.0,145.48,155.63,270,ok,270
train/7-45/84.jpg,7,45,112.0,112.0,37.0,112.0,68.37,145.48,0,ok,0
train/7-45/85.jpg,7,45,112.0,112.0,37.0,112.0,68.37,145.48,0,ok,0
train/7-45/86.jpg,7,45,112.0,112.0,187.0,112.0,155.63,78.52,180,ok,180
train/7-45/87.jpg,7,45,112.0,112.0,37.0,112.0,68.37,145.48,0,ok,0
train/7-45/88.jpg,7,45,112.0,112.0,112.0,187.0,145.48,155.63,270,ok,270
train/7-45/89.jpg,7,45,112.0,112.0,112.0,187.0,145.48,155.63,270,ok,270
train/7-45/9.jpg,7,45,112.0,112.0,112.0,187.0,145.48,155.63,270,ok,270
train/7-45/91.jpg,7,45,112.0,112.0,37.0,112.0,68.37,145.48,0,ok,0
train/7-45/95.jpg,7,45,112.0,112.0,187.0,112.0,155.63,78.52,180,ok,180
train/7-45/96.jpg,7,45,112.0,112.0,37.0,112.0,68.37,145.48,0,ok,0
train/7-45/97.jpg,7,45,112.0,112.0,37.0,112.0,68.37,145.48,0,ok,0
train/7-50/1.jpg,7,50,112.0,112.0,47.05,74.5,66.95,143.55,0,ok,0
train/7-50/10.jpg,7,50,112.0,112.0,47.05,74.5,66.95,143.55,0,ok,0
train/7-50/12.jpg,7,50,112.0,112.0,149.5,47.05,80.45,66.95,90,ok,90
train/7-50/13.jpg,7,50,112.0,112.0,74.5,176.95,143.55,157.05,270,ok,270
train/7-50/15.jpg,7,50,112.0,112.0,47.05,74.5,66.95,143.55,0,ok,0
train/7-50/18.jpg,7,50,112.0,112.0,47.05,74.5,66.95,143.55,0,ok,0
train/7-50/20.jpg,7,50,112.0,112.0,149.5,47.05,80.45,66.95,90,ok,90
train/7-50/21.jpg,7,50,112.0,112.0,47.05,74.5,66.95,143.55,0,ok,0
train/7-50/24.jpg,7,50,112.0,112.0,47.05,74.5,66.95,143.55,0,ok,0
train/7-50/26.jpg,7,50,112.0,112.0,74.5,176.95,143.55,157.05,270,ok,270
train/7-50/27.jpg,7,50,112.0,112.0,74.5,176.95,143.55,157.05,270,ok,270
train/7-50/28.jpg,7,50,112.0,112.0,74.5,176.95,143.55,157.05,270,ok,270
train/7-50/29.jpg,7,50,112.0,112.0,47.05,74.5,66.95,143.55,0,ok,0
train/7-50/30.jpg,7,50,112.0,112.0,149.5,47.05,80.45,66.95,90,ok,90
train/7-50/31.jpg,7,50,112.0,112.0,176.95,149.5,157.05,80.45,180,ok,180
train/7-50/33.jpg,7,50,112.0,112.0,47.05,74.5,66.95,143.55,0,ok,0
train/7-50/38.jpg,7,50,112.0,112.0,47.05,74.5,66.95,143.55,0,ok,0
train/7-50/4.jpg,7,50,112.0,112.0,149.5,47.05,80.45,66.95,90,ok,90
train/7-50/40.jpg,7,50,112.0,112.0,74.5,176.95,143.55,157.05,270,ok,270
train/7-50/42.jpg,7,50,112.0,112.0,47.05,74.5,66.95,143.55,0,ok,0
train/7-50/44.jpg,7,50,112.0,112.0,74.5,176.95,143.55,157.05,270,ok,270
train/7-50/45.jpg,7,50,112.0,112.0,47.05,74.5,66.95,143.55,0,ok,0
train/7-50/46.jpg,7,50,112.0,112.0,176.95,149.5,157.05,80.45,180,ok,180
train/7-50/47.jpg,7,50,112.0,112.0,74.5,176.95,143.55,157.05,270,ok,270
train/7-50/48.jpg,7,50,112.0,112.0,74.5,176.95,143.55,157.05,270,ok,270
train/7-50/5.jpg,7,50,112.0,112.0,176.95,149.5,157.05,80.45,180,ok,180
train/7-50/50.jpg,7,50,112.0,112.0,149.5,47.05,80.45,66.95,90,ok,90
train/7-50/52.jpg,7,50,112.0,112.0,47.05,74.5,66.95,143.55,0,ok,0
train/7-50/55.jpg,7,50,112.0,112.0,47.05,74.5,66.95,143.55,0,ok,0
train/7-50/56.jpg,7,50,112.0,112.0,74.5,176.95,143.55,157.05,270,ok,270
train/7-50/57.jpg,7,50,112.0,112.0,176.95,149.5,157.05,80.45,180,ok,180
train/7-50/59.jpg,7,50,112.0,112.0,149.5,47.05,80.45,66.95,90,ok,90
train/7-50/6.jpg,7,50,112.0,112.0,149.5,47.05,80.45,66.95,90,ok,90
train/7-50/60.jpg,7,50,112.0,112.0,47.05,74.5,66.95,143.55,0,ok,0
train/7-50/62.jpg,7,50,112.0,112.0,74.5,176.95,143.55,157.05,270,ok,270
train/7-50/66.jpg,7,50,112.0,112.0,176.95,149.5,157.05,80.45,180,ok,180
train/7-50/67.jpg,7,50,112.0,112.0,47.05,74.5,66.95,143.55,0,ok,0
train/7-50/68.jpg,7,50,112.0,112.0,47.05,74.5,66.95,143.55,0,ok,0
train/7-50/69.jpg,7,50,112.0,112.0,47.05,74.5,66.95,143.55,0,ok,0
train/7-50/7.jpg,7,50,112.0,112.0,47.05,74.5,66.95,143.55,0,ok,0
train/7-50/70.jpg,7,50,112.0,112.0,47.05,74.5,66.95,143.55,0,ok,0
train/7-50/71.jpg,7,50,112.0,112.0,47.05,74.5,66.95,143.55,0,ok,0
train/7-50/72.jpg,7,50,112.0,112.0,149.5,47.05,80.45,66.95,90,ok,90
train/7-50/73.jpg,7,50,112.0,112.0,47.05,74.5,66.95,143.55,0,ok,0
train/7-50/75.jpg,7,50,112.0,112.0,176.95,149.5,157.05,80.45,180,ok,180
train/7-50/76.jpg,7,50,112.0,112.0,149.5,47.05,80.45,66.95,90,ok,90
train/7-50/78.jpg,7,50,112.0,112.0,176.95,149.5,157.05,80.45,180,ok,180
train/7-50/79.jpg,7,50,112.0,112.0,47.05,74.5,66.95,143.55,0,ok,0
train/7-50/80.jpg,7,50,112.0,112.0,47.05,74.5,66.95,143.55,0,ok,0
train/7-50/82.jpg,7,50,112.0,112.0,74.5,176.95,143.55,157.05,270,ok,270
train/7-50/83.jpg,7,50,112.0,112.0,176.95,149.5,157.05,80.45,180,ok,180
train/7-50/84.jpg,7,50,112.0,112.0,47.05,74.5,66.95,143.55,0,ok,0
train/7-50/85.jpg,7,50,112.0,112.0,47.05,74.5,66.95,143.55,0,ok,0
train/7-50/86.jpg,7,50,112.0,112.0,47.05,74.5,66.95,143.55,0,ok,0
train/7-50/87.jpg,7,50,112.0,112.0,149.5,47.05,80.45,66.95,90,ok,90
train/7-50/88.jpg,7,50,112.0,112.0,47.05,74.5,66.95,143.55,0,ok,0
train/7-50/89.jpg,7,50,112.0,112.0,176.95,149.5,157.05,80.45,180,ok,180
train/7-50/91.jpg,7,50,112.0,112.0,47.05,74.5,66.95,143.55,0,ok,0
train/7-50/92.jpg,7,50,112.0,112.0,176.95,149.5,157.05,80.45,180,ok,180
train/7-50/93.jpg,7,50,112.0,112.0,74.5,176.95,143.55,157.05,270,ok,270
train/7-50/97.jpg,7,50,112.0,112.0,47.05,74.5,66.95,143.55,0,ok,0
train/7-50/98.jpg,7,50,112.0,112.0,47.05,74.5,66.95,143.55,0,ok,0
train/7-50/99.jpg,7,50,112.0,112.0,47.05,74.5,66.95,143.55,0,ok,0
train/7-55/0.jpg,7,55,112.0,112.0,149.5,176.95,158.39,82.45,180,ok,180
train/7-55/15.jpg,7,55,112.0,112.0,47.05,149.5,141.55,158.39,270,ok,270
train/7-55/17.jpg,7,55,112.0,112.0,74.5,47.05,65.61,141.55,0,ok,0
train/7-55/18.jpg,7,55,112.0,112.0,74.5,47.05,65.61,141.55,0,ok,0
train/7-55/2.jpg,7,55,112.0,112.0,176.95,74.5,82.45,65.61,90,ok,90
train/7-55/20.jpg,7,55,112.0,112.0,74.5,47.05,65.61,141.55,0,ok,0
train/7-55/21.jpg,7,55,112.0,112.0,74.5,47.05,65.61,141.55,0,ok,0
train/7-55/26.jpg,7,55,112.0,112.0,74.5,47.05,65.61,141.55,0,ok,0
train/7-55/27.jpg,7,55,112.0,112.0,74.5,47.05,65.61,141.55,0,ok,0
train/7-55/3.jpg,7,55,112.0,112.0,47.05,149.5,141.55,158.39,270,ok,270
train/7-55/33.jpg,7,55,112.0,112.0,74.5,47.05,65.61,141.55,0,ok,0
train/7-55/34.jpg,7,55,112.0,112.0,74.5,47.05,65.61,141.55,0,ok,0
train/7-55/38.jpg,7,55,112.0,112.0,47.05,149.5,141.55,158.39,270,ok,270
train/7-55/4.jpg,7,55,112.0,112.0,176.95,74.5,82.45,65.61,90,ok,90
train/7-55/40.jpg,7,55,112.0,112.0,176.95,74.5,82.45,65.61,90,ok,90
train/7-55/43.jpg,7,55,112.0,112.0,74.5,47.05,65.61,141.55,0,ok,0
train/7-55/45.jpg,7,55,112.0,112.0,74.5,47.05,65.61,141.55,0,ok,0
train/7-55/46.jpg,7,55,112.0,112.0,74.5,47.05,65.61,141.55,0,ok,0
train/7-55/47.jpg,7,55,112.0,112.0,47.05,149.5,141.55,158.39,270,ok,270
train/7-55/5.jpg,7,55,112.0,112.0,74.5,47.05,65.61,141.55,0,ok,0
train/7-55/51.jpg,7,55,112.0,112.0,47.05,149.5,141.55,158.39,270,ok,270
train/7-55/52.jpg,7,55,112.0,112.0,176.95,74.5,82.45,65.61,90,ok,90
train/7-55/57.jpg,7,55,112.0,112.0,74.5,47.05,65.61,141.55,0,ok,0
train/7-55/58.jpg,7,55,112.0,112.0,74.5,47.05,65.61,141.55,0,ok,0
train/7-55/61.jpg,7,55,112.0,112.0,176.95,74.5,82.45,65.61,90,ok,90
train/7-55/63.jpg,7,55,112.0,112.0,74.5,47.05,65.61,141.55,0,ok,0
train/7-55/64.jpg,7,55,112.0,112.0,74.5,47.05,65.61,141.55,0,ok,0
train/7-55/69.jpg,7,55,112.0,112.0,47.05,149.5,141.55,158.39,270,ok,270
train/7-55/70.jpg,7,55,112.0,112.0,47.05,149.5,141.55,158.39,270,ok,270
train/7-55/73.jpg,7,55,112.0,112.0,176.95,74.5,82.45,65.61,90,ok,90
train/7-55/74.jpg,7,55,112.0,112.0,176.95,74.5,82.45,65.61,90,ok,90
train/7-55/75.jpg,7,55,112.0,112.0,47.05,149.5,141.55,158.39,270,ok,270
train/7-55/76.jpg,7,55,112.0,112.0,74.5,47.05,65.61,141.55,0,ok,0
train/7-55/78.jpg,7,55,112.0,112.0,74.5,47.05,65.61,141.55,0,ok,0
train/7-55/79.jpg,7,55,112.0,112.0,74.5,47.05,65.61,141.55,0,ok,0
train/7-55/8.jpg,7,55,112.0,112.0,149.5,176.95,158.39,82.45,180,ok,180
train/7-55/82.jpg,7,55,112.0,112.0,74.5,47.05,65.61,141.55,0,ok,0
train/7-55/83.jpg,7,55,112.0,112.0,149.5,176.95,158.39,82.45,180,ok,180
train/7-55/85.jpg,7,55,112.0,112.0,47.05,149.5,141.55,158.39,270,ok,270
train/7-55/87.jpg,7,55,112.0,112.0,74.5,47.05,65.61,141.55,0,ok,0
train/7-55/88.jpg,7,55,112.0,112.0,47.05,149.5,141.55,158.39,270,ok,270
train/7-55/89.jpg,7,55,112.0,112.0,149.5,176.95,158.39,82.45,180,ok,180
train/7-55/9.jpg,7,55,112.0,112.0,149.5,176.95,158.39,82.45,180,ok,180
train/7-55/90.jpg,7,55,112.0,112.0,74.5,47.05,65.61,141.55,0,ok,0
train/7-55/92.jpg,7,55,112.0,112.0,149.5,176.95,158.39,82.45,180,ok,180
train/7-55/93.jpg,7,55,112.0,112.0,176.95,74.5,82.45,65.61,90,ok,90
train/7-55/94.jpg,7,55,112.0,112.0,176.95,74.5,82.45,65.61,90,ok,90
train/7-55/95.jpg,7,55,112.0,112.0,47.05,149.5,141.55,158.39,270,ok,270
train/7-55/97.jpg,7,55,112.0,112.0,176.95,74.5,82.45,65.61,90,ok,90
train/7-55/99.jpg,7,55,112.0,112.0,176.95,74.5,82.45,65.61,90,ok,90
train/8-00/0.jpg,8,0,112.0,112.0,187.0,112.0,84.5,64.37,90,ok,90
train/8-00/1.jpg,8,0,112.0,112.0,112.0,37.0,64.37,139.5,0,ok,0
train/8-00/12.jpg,8,0,112.0,112.0,187.0,112.0,84.5,64.37,90,ok,90
train/8-00/13.jpg,8,0,112.0,112.0,187.0,112.0,84.5,64.37,90,ok,90
train/8-00/15.jpg,8,0,112.0,112.0,112.0,37.0,64.37,139.5,0,ok,0
train/8-00/16.jpg,8,0,112.0,112.0,112.0,37.0,64.37,139.5,0,ok,0
train/8-00/18.jpg,8,0,112.0,112.0,187.0,112.0,84.5,64.37,90,ok,90
train/8-00/19.jpg,8,0,112.0,112.0,37.0,112.0,139.5,159.63,270,ok,270
train/8-00/20.jpg,8,0,112.0,112.0,112.0,37.0,64.37,139.5,0,ok,0
train/8-00/21.jpg,8,0,112.0,112.0,112.0,37.0,64.37,139.5,0,ok,0
train/8-00/24.jpg,8,0,112.0,112.0,112.0,37.0,64.37,139.5,0,ok,0
train/8-00/25.jpg,8,0,112.0,112.0,187.0,112.0,84.5,64.37,90,ok,90
train/8-00/26.jpg,8,0,112.0,112.0,112.0,187.0,159.63,84.5,180,ok,180
train/8-00/28.jpg,8,0,112.0,112.0,112.0,187.0,159.63,84.5,180,ok,180
train/8-00/3.jpg,8,0,112.0,112.0,187.0,112.0,84.5,64.37,90,ok,90
train/8-00/30.jpg,8,0,112.0,112.0,37.0,112.0,139.5,159.63,270,ok,270
train/8-00/31.jpg,8,0,112.0,112.0,187.0,112.0,84.5,64.37,90,ok,90
train/8-00/32.jpg,8,0,112.0,112.0,187.0,112.0,84.5,64.37,90,ok,90
train/8-00/33.jpg,8,0,112.0,112.0,112.0,37.0,64.37,139.5,0,ok,0
train/8-00/34.jpg,8,0,112.0,112.0,187.0,112.0,84.5,64.37,90,ok,90
train/8-00/36.jpg,8,0,112.0,112.0,112.0,37.0,64.37,139.5,0,ok,0
train/8-00/37.jpg,8,0,112.0,112.0,112.0,37.0,64.37,139.5,0,ok,0
train/8-00/38.jpg,8,0,112.0,112.0,187.0,112.0,84.5,64.37,90,ok,90
train/8-00/4.jpg,8,0,112.0,112.0,112.0,37.0,64.37,139.5,0,ok,0
train/8-00/41.jpg,8,0,112.0,112.0,112.0,187.0,159.63,84.5,180,ok,180
train/8-00/42.jpg,8,0,112.0,112.0,112.0,37.0,64.37,139.5,0,ok,0
train/8-00/44.jpg,8,0,112.0,112.0,112.0,37.0,64.37,139.5,0,ok,0
train/8-00/45.jpg,8,0,112.0,112.0,112.0,37.0,64.37,139.5,0,ok,0
train/8-00/48.jpg,8,0,112.0,112.0,112.0,37.0,64.37,139.5,0,ok,0
train/8-00/5.jpg,8,0,112.0,112.0,112.0,37.0,64.37,139.5,0,ok,0
train/8-00/50.jpg,8,0,112.0,112.0,112.0,37.0,64.37,139.5,0,ok,0
train/8-00/51.jpg,8,0,112.0,112.0,187.0,112.0,84.5,64.37,90,ok,90
train/8-00/52.jpg,8,0,112.0,112.0,112.0,37.0,64.37,139.5,0,ok,0
train/8-00/53.jpg,8,0,112.0,112.0,112.0,37.0,64.37,139.5,0,ok,0
train/8-00/55.jpg,8,0,112.0,112.0,112.0,37.0,64.37,139.5,0,ok,0
train/8-00/56.jpg,8,0,112.0,112.0,112.0,37.0,64.37,139.5,0,ok,0
train/8-00/57.jpg,8,0,112.0,112.0,112.0,187.0,159.63,84.5,180,ok,180
train/8-00/58.jpg,8,0,112.0,112.0,112.0,187.0,159.63,84.5,180,ok,180
train/8-00/59.jpg,8,0,112.0,112.0,187.0,112.0,84.5,64.37,90,ok,90
train/8-00/60.jpg,8,0,112.0,112.0,112.0,37.0,64.37,139.5,0,ok,0
train/8-00/63.jpg,8,0,112.0,112.0,187.0,112.0,84.5,64.37,90,ok,90
train/8-00/64.jpg,8,0,112.0,112.0,112.0,37.0,64.37,139.5,0,ok,0
train/8-00/67.jpg,8,0,112.0,112.0,112.0,37.0,64.37,139.5,0,ok,0
train/8-00/68.jpg,8,0,112.0,112.0,187.0,112.0,84.5,64.37,90,ok,90
train/8-00/7.jpg,8,0,112.0,112.0,112.0,37.0,64.37,139.5,0,ok,0
train/8-00/72.jpg,8,0,112.0,112.0,112.0,37.0,64.37,139.5,0,ok,0
train/8-00/75.jpg,8,0,112.0,112.0,112.0,37.0,64.37,139.5,0,ok,0
train/8-00/76.jpg,8,0,112.0,112.0,112.0,187.0,159.63,84.5,180,ok,180
train/8-00/78.jpg,8,0,112.0,112.0,112.0,37.0,64.37,139.5,0,ok,0
train/8-00/79.jpg,8,0,112.0,112.0,37.0,112.0,139.5,159.63,270,ok,270
train/8-00/8.jpg,8,0,112.0,112.0,112.0,37.0,64.37,139.5,0,ok,0
train/8-00/80.jpg,8,0,112.0,112.0,112.0,37.0,64.37,139.5,0,ok,0
train/8-00/82.jpg,8,0,112.0,112.0,112.0,37.0,64.37,139.5,0,ok,0
train/8-00/83.jpg,8,0,112.0,112.0,112.0,37.0,64.37,139.5,0,ok,0
train/8-00/85.jpg,8,0,112.0,112.0,112.0,37.0,64.37,139.5,0,ok,0
train/8-00/86.jpg,8,0,112.0,112.0,112.0,37.0,64.37,139.5,0,ok,0
train/8-00/87.jpg,8,0,112.0,112.0,112.0,37.0,64.37,139.5,0,ok,0
train/8-00/88.jpg,8,0,112.0,112.0,112.0,37.0,64.37,139.5,0,ok,0
train/8-00/89.jpg,8,0,112.0,112.0,112.0,37.0,64.37,139.5,0,ok,0
train/8-00/9.jpg,8,0,112.0,112.0,112.0,37.0,64.37,139.5,0,ok,0
train/8-00/90.jpg,8,0,112.0,112.0,112.0,37.0,64.37,139.5,0,ok,0
train/8-00/91.jpg,8,0,112.0,112.0,112.0,37.0,64.37,139.5,0,ok,0
train/8-00/94.jpg,8,0,112.0,112.0,112.0,37.0,64.37,139.5,0,ok,0
train/8-00/97.jpg,8,0,112.0,112.0,112.0,37.0,64.37,139.5,0,ok,0
train/8-00/99.jpg,8,0,112.0,112.0,37.0,112.0,139.5,159.63,270,ok,270
train/8-05/0.jpg,8,5,112.0,112.0,74.5,176.95,160.79,86.6,180,ok,180
train/8-05/1.jpg,8,5,112.0,112.0,47.05,74.5,137.4,160.79,270,ok,270
train/8-05/12.jpg,8,5,112.0,112.0,74.5,176.95,160.79,86.6,180,ok,180
train/8-05/15.jpg,8,5,112.0,112.0,149.5,47.05,63.21,137.4,0,ok,0
train/8-05/17.jpg,8,5,112.0,112.0,149.5,47.05,63.21,137.4,0,ok,0
train/8-05/19.jpg,8,5,112.0,112.0,176.95,149.5,86.6,63.21,90,ok,90
train/8-05/2.jpg,8,5,112.0,112.0,176.95,149.5,86.6,63.21,90,ok,90
train/8-05/21.jpg,8,5,112.0,112.0,47.05,74.5,137.4,160.79,270,ok,270
train/8-05/24.jpg,8,5,112.0,112.0,149.5,47.05,63.21,137.4,0,ok,0
train/8-05/25.jpg,8,5,112.0,112.0,149.5,47.05,63.21,137.4,0,ok,0
train/8-05/27.jpg,8,5,112.0,112.0,74.5,176.95,160.79,86.6,180,ok,180
train/8-05/28.jpg,8,5,112.0,112.0,47.05,74.5,137.4,160.79,270,ok,270
train/8-05/29.jpg,8,5,112.0,112.0,149.5,47.05,63.21,137.4,0,ok,0
train/8-05/30.jpg,8,5,112.0,112.0,149.5,47.05,63.21,137.4,0,ok,0
train/8-05/32.jpg,8,5,112.0,112.0,176.95,149.5,86.6,63.21,90,ok,90
train/8-05/33.jpg,8,5,112.0,112.0,149.5,47.05,63.21,137.4,0,ok,0
train/8-05/35.jpg,8,5,112.0,112.0,74.5,176.95,160.79,86.6,180,ok,180
train/8-05/36.jpg,8,5,112.0,112.0,176.95,149.5,86.6,63.21,90,ok,90
train/8-05/37.jpg,8,5,112.0,112.0,74.5,176.95,160.79,86.6,180,ok,180
train/8-05/38.jpg,8,5,112.0,112.0,74.5,176.95,160.79,86.6,180,ok,180
train/8-05/4.jpg,8,5,112.0,112.0,149.5,47.05,63.21,137.4,0,ok,0
train/8-05/40.jpg,8,5,112.0,112.0,176.95,149.5,86.6,63.21,90,ok,90
train/8-05/41.jpg,8,5,112.0,112.0,149.5,47.05,63.21,137.4,0,ok,0
train/8-05/42.jpg,8,5,112.0,112.0,149.5,47.05,63.21,137.4,0,ok,0
train/8-05/44.jpg,8,5,112.0,112.0,149.5,47.05,63.21,137.4,0,ok,0
train/8-05/45.jpg,8,5,112.0,112.0,149.5,47.05,63.21,137.4,0,ok,0
train/8-05/46.jpg,8,5,112.0,112.0,149.5,47.05,63.21,137.4,0,ok,0
train/8-05/47.jpg,8,5,112.0,112.0,149.5,47.05,63.21,137.4,0,ok,0
train/8-05/48.jpg,8,5,112.0,112.0,74.5,176.95,160.79,86.6,180,ok,180
train/8-05/49.jpg,8,5,112.0,112.0,47.05,74.5,137.4,160.79,270,ok,270
train/8-05/5.jpg,8,5,112.0,112.0,149.5,47.05,63.21,137.4,0,ok,0
train/8-05/51.jpg,8,5,112.0,112.0,74.5,176.95,160.79,86.6,180,ok,180
train/8-05/52.jpg,8,5,112.0,112.0,74.5,176.95,160.79,86.6,180,ok,180
train/8-05/53.jpg,8,5,112.0,112.0,47.05,74.5,137.4,160.79,270,ok,270
train/8-05/56.jpg,8,5,112.0,112.0,149.5,47.05,63.21,137.4,0,ok,0
train/8-05/57.jpg,8,5,112.0,112.0,176.95,149.5,86.6,63.21,90,ok,90
train/8-05/61.jpg,8,5,112.0,112.0,47.05,74.5,137.4,160.79,270,ok,270
train/8-05/62.jpg,8,5,112.0,112.0,149.5,47.05,63.21,137.4,0,ok,0
train/8-05/65.jpg,8,5,112.0,112.0,47.05,74.5,137.4,160.79,270,ok,270
train/8-05/67.jpg,8,5,112.0,112.0,47.05,74.5,137.4,160.79,270,ok,270
train/8-05/68.jpg,8,5,112.0,112.0,176.95,149.5,86.6,63.21,90,ok,90
train/8-05/7.jpg,8,5,112.0,112.0,149.5,47.05,63.21,137.4,0,ok,0
train/8-05/70.jpg,8,5,112.0,112.0,149.5,47.05,63.21,137.4,0,ok,0
train/8-05/73.jpg,8,5,112.0,112.0,47.05,74.5,137.4,160.79,270,ok,270
train/8-05/74.jpg,8,5,112.0,112.0,149.5,47.05,63.21,137.4,0,ok,0
train/8-05/75.jpg,8,5,112.0,112.0,47.05,74.5,137.4,160.79,270,ok,270
train/8-05/76.jpg,8,5,112.0,112.0,47.05,74.5,137.4,160.79,270,ok,270
train/8-05/78.jpg,8,5,112.0,112.0,149.5,47.05,63.21,137.4,0,ok,0
train/8-05/79.jpg,8,5,112.0,112.0,149.5,47.05,63.21,137.4,0,ok,0
train/8-05/8.jpg,8,5,112.0,112.0,47.05,74.5,137.4,160.79,270,ok,270
train/8-05/82.jpg,8,5,112.0,112.0,149.5,47.05,63.21,137.4,0,ok,0
train/8-05/83.jpg,8,5,112.0,112.0,149.5,47.05,63.21,137.4,0,ok,0
train/8-05/85.jpg,8,5,112.0,112.0,149.5,47.05,63.21,137.4,0,ok,0
train/8-05/86.jpg,8,5,112.0,112.0,149.5,47.05,63.21,137.4,0,ok,0
train/8-05/87.jpg,8,5,112.0,112.0,149.5,47.05,63.21,137.4,0,ok,0
train/8-05/88.jpg,8,5,112.0,112.0,47.05,74.5,137.4,160.79,270,ok,270
train/8-05/89.jpg,8,5,112.0,112.0,176.95,149.5,86.6,63.21,90,ok,90
train/8-05/9.jpg,8,5,112.0,112.0,149.5,47.05,63.21,137.4,0,ok,0
train/8-05/92.jpg,8,5,112.0,112.0,149.5,47.05,63.21,137.4,0,ok,0
train/8-05/93.jpg,8,5,112.0,112.0,149.5,47.05,63.21,137.4,0,ok,0
train/8-05/94.jpg,8,5,112.0,112.0,149.5,47.05,63.21,137.4,0,ok,0
train/8-05/95.jpg,8,5,112.0,112.0,149.5,47.05,63.21,137.4,0,ok,0
train/8-05/96.jpg,8,5,112.0,112.0,149.5,47.05,63.21,137.4,0,ok,0
train/8-05/97.jpg,8,5,112.0,112.0,47.05,74.5,137.4,160.79,270,ok,270
train/8-05/98.jpg,8,5,112.0,112.0,149.5,47.05,63.21,137.4,0,ok,0
train/8-05/99.jpg,8,5,112.0,112.0,149.5,47.05,63.21,137.4,0,ok,0
train/8-10/1.jpg,8,10,112.0,112.0,176.95,74.5,62.15,135.24,0,ok,0
train/8-10/10.jpg,8,10,112.0,112.0,74.5,47.05,135.24,161.85,270,ok,270
train/8-10/13.jpg,8,10,112.0,112.0,74.5,47.05,135.24,161.85,270,ok,270
train/8-10/14.jpg,8,10,112.0,112.0,47.05,149.5,161.85,88.76,180,ok,180
train/8-10/15.jpg,8,10,112.0,112.0,47.05,149.5,161.85,88.76,180,ok,180
train/8-10/16.jpg,8,10,112.0,112.0,149.5,176.95,88.76,62.15,90,ok,90
train/8-10/17.jpg,8,10,112.0,112.0,176.95,74.5,62.15,135.24,0,ok,0
train/8-10/18.jpg,8,10,112.0,112.0,47.05,149.5,161.85,88.76,180,ok,180
train/8-10/19.jpg,8,10,112.0,112.0,176.95,74.5,62.15,135.24,0,ok,0
train/8-10/2.jpg,8,10,112.0,112.0,74.5,47.05,135.24,161.85,270,ok,270
train/8-10/21.jpg,8,10,112.0,112.0,176.95,74.5,62.15,135.24,0,ok,0
train/8-10/24.jpg,8,10,112.0,112.0,176.95,74.5,62.15,135.24,0,ok,0
train/8-10/25.jpg,8,10,112.0,112.0,47.05,149.5,161.85,88.76,180,ok,180
train/8-10/26.jpg,8,10,112.0,112.0,47.05,149.5,161.85,88.76,180,ok,180
train/8-10/27.jpg,8,10,112.0,112.0,149.5,176.95,88.76,62.15,90,ok,90
train/8-10/28.jpg,8,10,112.0,112.0,47.05,149.5,161.85,88.76,180,ok,180
train/8-10/3.jpg,8,10,112.0,112.0,149.5,176.95,88.76,62.15,90,ok,90
train/8-10/30.jpg,8,10,112.0,112.0,176.95,74.5,62.15,135.24,0,ok,0
train/8-10/32.jpg,8,10,112.0,112.0,47.05,149.5,161.85,88.76,180,ok,180
train/8-10/35.jpg,8,10,112.0,112.0,149.5,176.95,88.76,62.15,90,ok,90
train/8-10/37.jpg,8,10,112.0,112.0,47.05,149.5,161.85,88.76,180,ok,180
train/8-10/38.jpg,8,10,112.0,112.0,149.5,176.95,88.76,62.15,90,ok,90
train/8-10/40.jpg,8,10,112.0,112.0,47.05,149.5,161.85,88.76,180,ok,180
train/8-10/41.jpg,8,10,112.0,112.0,74.5,47.05,135.24,161.85,270,ok,270
train/8-10/42.jpg,8,10,112.0,112.0,47.05,149.5,161.85,88.76,180,ok,180
train/8-10/45.jpg,8,10,112.0,112.0,176.95,74.5,62.15,135.24,0,ok,0
train/8-10/46.jpg,8,10,112.0,112.0,47.05,149.5,161.85,88.76,180,ok,180
train/8-10/47.jpg,8,10,112.0,112.0,47.05,149.5,161.85,88.76,180,ok,180
train/8-10/48.jpg,8,10,112.0,112.0,47.05,149.5,161.85,88.76,180,ok,180
train/8-10/49.jpg,8,10,112.0,112.0,47.05,149.5,161.85,88.76,180,ok,180
train/8-10/5.jpg,8,10,112.0,112.0,47.05,149.5,161.85,88.76,180,ok,180
train/8-10/50.jpg,8,10,112.0,112.0,47.05,149.5,161.85,88.76,180,ok,180
train/8-10/51.jpg,8,10,112.0,112.0,47.05,149.5,161.85,88.76,180,ok,180
train/8-10/52.jpg,8,10,112.0,112.0,149.5,176.95,88.76,62.15,90,ok,90
train/8-10/53.jpg,8,10,112.0,112.0,47.05,149.5,161.85,88.76,180,ok,180
train/8-10/55.jpg,8,10,112.0,112.0,74.5,47.05,135.24,161.85,270,ok,270
train/8-10/56.jpg,8,10,112.0,112.0,176.95,74.5,62.15,135.24,0,ok,0
train/8-10/57.jpg,8,10,112.0,112.0,47.05,149.5,161.85,88.76,180,ok,180
train/8-10/59.jpg,8,10,112.0,112.0,176.95,74.5,62.15,135.24,0,ok,0
train/8-10/6.jpg,8,10,112.0,112.0,176.95,74.5,62.15,135.24,0,ok,0
train/8-10/60.jpg,8,10,112.0,112.0,176.95,74.5,62.15,135.24,0,ok,0
train/8-10/61.jpg,8,10,112.0,112.0,74.5,47.05,135.24,161.85,270,ok,270
train/8-10/62.jpg,8,10,112.0,112.0,47.05,149.5,161.85,88.76,180,ok,180
train/8-10/63.jpg,8,10,112.0,112.0,47.05,149.5,161.85,88.76,180,ok,180
train/8-10/66.jpg,8,10,112.0,112.0,74.5,47.05,135.24,161.85,270,ok,270
train/8-10/68.jpg,8,10,112.0,112.0,47.05,149.5,161.85,88.76,180,ok,180
train/8-10/7.jpg,8,10,112.0,112.0,74.5,47.05,135.24,161.85,270,ok,270
train/8-10/71.jpg,8,10,112.0,112.0,47.05,149.5,161.85,88.76,180,ok,180
train/8-10/73.jpg,8,10,112.0,112.0,47.05,149.5,161.85,88.76,180,ok,180
train/8-10/74.jpg,8,10,112.0,112.0,47.05,149.5,161.85,88.76,180,ok,180
train/8-10/75.jpg,8,10,112.0,112.0,47.05,149.5,161.85,88.76,180,ok,180
train/8-10/76.jpg,8,10,112.0,112.0,176.95,74.5,62.15,135.24,0,ok,0
train/8-10/78.jpg,8,10,112.0,112.0,47.05,149.5,161.85,88.76,180,ok,180
train/8-10/79.jpg,8,10,112.0,112.0,47.05,149.5,161.85,88.76,180,ok,180
train/8-10/80.jpg,8,10,112.0,112.0,47.05,149.5,161.85,88.76,180,ok,180
train/8-10/81.jpg,8,10,112.0,112.0,149.5,176.95,88.76,62.15,90,ok,90
train/8-10/83.jpg,8,10,112.0,112.0,47.05,149.5,161.85,88.76,180,ok,180
train/8-10/85.jpg,8,10,112.0,112.0,47.05,149.5,161.85,88.76,180,ok,180
train/8-10/86.jpg,8,10,112.0,112.0,176.95,74.5,62.15,135.24,0,ok,0
train/8-10/87.jpg,8,10,112.0,112.0,47.05,149.5,161.85,88.76,180,ok,180
train/8-10/88.jpg,8,10,112.0,112.0,47.05,149.5,161.85,88.76,180,ok,180
train/8-10/91.jpg,8,10,112.0,112.0,47.05,149.5,161.85,88.76,180,ok,180
train/8-10/92.jpg,8,10,112.0,112.0,149.5,176.95,88.76,62.15,90,ok,90
train/8-10/93.jpg,8,10,112.0,112.0,47.05,149.5,161.85,88.76,180,ok,180
train/8-10/95.jpg,8,10,112.0,112.0,47.05,149.5,161.85,88.76,180,ok,180
train/8-10/98.jpg,8,10,112.0,112.0,47.05,149.5,161.85,88.76,180,ok,180
train/8-10/99.jpg,8,10,112.0,112.0,47.05,149.5,161.85,88.76,180,ok,180
train/8-15/0.jpg,8,15,112.0,112.0,37.0,112.0,162.81,90.95,180,ok,180
train/8-15/1.jpg,8,15,112.0,112.0,112.0,37.0,133.05,162.81,270,ok,270
train/8-15/10.jpg,8,15,112.0,112.0,187.0,112.0,61.19,133.05,0,ok,0
train/8-15/12.jpg,8,15,112.0,112.0,37.0,112.0,162.81,90.95,180,ok,180
train/8-15/13.jpg,8,15,112.0,112.0,112.0,187.0,90.95,61.19,90,ok,90
train/8-15/15.jpg,8,15,112.0,112.0,187.0,112.0,61.19,133.05,0,ok,0
train/8-15/17.jpg,8,15,112.0,112.0,187.0,112.0,61.19,133.05,0,ok,0
train/8-15/18.jpg,8,15,112.0,112.0,112.0,187.0,90.95,61.19,90,ok,90
train/8-15/19.jpg,8,15,112.0,112.0,112.0,37.0,133.05,162.81,270,ok,270
train/8-15/24.jpg,8,15,112.0,112.0,187.0,112.0,61.19,133.05,0,ok,0
train/8-15/26.jpg,8,15,112.0,112.0,187.0,112.0,61.19,133.05,0,ok,0
train/8-15/27.jpg,8,15,112.0,112.0,112.0,37.0,133.05,162.81,270,ok,270
train/8-15/29.jpg,8,15,112.0,112.0,112.0,187.0,90.95,61.19,90,ok,90
train/8-15/3.jpg,8,15,112.0,112.0,37.0,112.0,162.81,90.95,180,ok,180
train/8-15/30.jpg,8,15,112.0,112.0,187.0,112.0,61.19,133.05,0,ok,0
train/8-15/31.jpg,8,15,112.0,112.0,112.0,37.0,133.05,162.81,270,ok,270
train/8-15/32.jpg,8,15,112.0,112.0,187.0,112.0,61.19,133.05,0,ok,0
train/8-15/33.jpg,8,15,112.0,112.0,112.0,187.0,90.95,61.19,90,ok,90
train/8-15/34.jpg,8,15,112.0,112.0,187.0,112.0,61.19,133.05,0,ok,0
train/8-15/37.jpg,8,15,112.0,112.0,112.0,187.0,90.95,61.19,90,ok,90
train/8-15/38.jpg,8,15,112.0,112.0,112.0,37.0,133.05,162.81,270,ok,270
train/8-15/4.jpg,8,15,112.0,112.0,187.0,112.0,61.19,133.05,0,ok,0
train/8-15/40.jpg,8,15,112.0,112.0,187.0,112.0,61.19,133.05,0,ok,0
train/8-15/42.jpg,8,15,112.0,112.0,112.0,37.0,133.05,162.81,270,ok,270
train/8-15/45.jpg,8,15,112.0,112.0,187.0,112.0,61.19,133.05,0,ok,0
train/8-15/46.jpg,8,15,112.0,112.0,187.0,112.0,61.19,133.05,0,ok,0
train/8-15/48.jpg,8,15,112.0,112.0,187.0,112.0,61.19,133.05,0,ok,0
train/8-15/49.jpg,8,15,112.0,112.0,37.0,112.0,162.81,90.95,180,ok,180
train/8-15/5.jpg,8,15,112.0,112.0,112.0,37.0,133.05,162.81,270,ok,270
train/8-15/52.jpg,8,15,112.0,112.0,37.0,112.0,162.81,90.95,180,ok,180
train/8-15/53.jpg,8,15,112.0,112.0,112.0,37.0,133.05,162.81,270,ok,270
train/8-15/56.jpg,8,15,112.0,112.0,37.0,112.0,162.81,90.95,180,ok,180
train/8-15/57.jpg,8,15,112.0,112.0,187.0,112.0,61.19,133.05,0,ok,0
train/8-15/58.jpg,8,15,112.0,112.0,187.0,112.0,61.19,133.05,0,ok,0
train/8-15/59.jpg,8,15,112.0,112.0,112.0,187.0,90.95,61.19,90,ok,90
train/8-15/6.jpg,8,15,112.0,112.0,187.0,112.0,61.19,133.05,0,ok,0
train/8-15/60.jpg,8,15,112.0,112.0,112.0,37.0,133.05,162.81,270,ok,270
train/8-15/61.jpg,8,15,112.0,112.0,37.0,112.0,162.81,90.95,180,ok,180
train/8-15/63.jpg,8,15,112.0,112.0,37.0,112.0,162.81,90.95,180,ok,180
train/8-15/64.jpg,8,15,112.0,112.0,187.0,112.0,61.19,133.05,0,ok,0
train/8-15/66.jpg,8,15,112.0,112.0,187.0,112.0,61.19,133.05,0,ok,0
train/8-15/67.jpg,8,15,112.0,112.0,187.0,112.0,61.19,133.05,0,ok,0
train/8-15/69.jpg,8,15,112.0,112.0,187.0,112.0,61.19,133.05,0,ok,0
train/8-15/72.jpg,8,15,112.0,112.0,187.0,112.0,61.19,133.05,0,ok,0
train/8-15/75.jpg,8,15,112.0,112.0,187.0,112.0,61.19,133.05,0,ok,0
train/8-15/77.jpg,8,15,112.0,112.0,112.0,37.0,133.05,162.81,270,ok,270
train/8-15/78.jpg,8,15,112.0,112.0,37.0,112.0,162.81,90.95,180,ok,180
train/8-15/79.jpg,8,15,112.0,112.0,112.0,187.0,90.95,61.19,90,ok,90
train/8-15/8.jpg,8,15,112.0,112.0,37.0,112.0,162.81,90.95,180,ok,180
train/8-15/81.jpg,8,15,112.0,112.0,187.0,112.0,61.19,133.05,0,ok,0
train/8-15/82.jpg,8,15,112.0,112.0,112.0,37.0,133.05,162.81,270,ok,270
train/8-15/83.jpg,8,15,112.0,112.0,187.0,112.0,61.19,133.05,0,ok,0
train/8-15/84.jpg,8,15,112.0,112.0,187.0,112.0,61.19,133.05,0,ok,0
train/8-15/85.jpg,8,15,112.0,112.0,112.0,187.0,90.95,61.19,90,ok,90
train/8-15/86.jpg,8,15,112.0,112.0,187.0,112.0,61.19,133.05,0,ok,0
train/8-15/89.jpg,8,15,112.0,112.0,37.0,112.0,162.81,90.95,180,ok,180
train/8-15/9.jpg,8,15,112.0,112.0,112.0,187.0,90.95,61.19,90,ok,90
train/8-15/90.jpg,8,15,112.0,112.0,187.0,112.0,61.19,133.05,0,ok,0
train/8-15/91.jpg,8,15,112.0,112.0,187.0,112.0,61.19,133.05,0,ok,0
train/8-15/93.jpg,8,15,112.0,112.0,37.0,112.0,162.81,90.95,180,ok,180
train/8-15/95.jpg,8,15,112.0,112.0,37.0,112.0,162.81,90.95,180,ok,180
train/8-15/96.jpg,8,15,112.0,112.0,112.0,187.0,90.95,61.19,90,ok,90
train/8-15/98.jpg,8,15,112.0,112.0,112.0,187.0,90.95,61.19,90,ok,90
train/8-15/99.jpg,8,15,112.0,112.0,37.0,112.0,162.81,90.95,180,ok,180
train/8-20/0.jpg,8,20,112.0,112.0,176.95,149.5,60.32,130.81,0,ok,0
train/8-20/1.jpg,8,20,112.0,112.0,74.5,176.95,93.19,60.32,90,ok,90
train/8-20/12.jpg,8,20,112.0,112.0,47.05,74.5,163.68,93.19,180,ok,180
train/8-20/13.jpg,8,20,112.0,112.0,74.5,176.95,93.19,60.32,90,ok,90
train/8-20/15.jpg,8,20,112.0,112.0,176.95,149.5,60.32,130.81,0,ok,0
train/8-20/16.jpg,8,20,112.0,112.0,74.5,176.95,93.19,60.32,90,ok,90
train/8-20/17.jpg,8,20,112.0,112.0,47.05,74.5,163.68,93.19,180,ok,180
train/8-20/2.jpg,8,20,112.0,112.0,176.95,149.5,60.32,130.81,0,ok,0
train/8-20/21.jpg,8,20,112.0,112.0,74.5,176.95,93.19,60.32,90,ok,90
train/8-20/24.jpg,8,20,112.0,112.0,74.5,176.95,93.19,60.32,90,ok,90
train/8-20/26.jpg,8,20,112.0,112.0,176.95,149.5,60.32,130.81,0,ok,0
train/8-20/28.jpg,8,20,112.0,112.0,47.05,74.5,163.68,93.19,180,ok,180
train/8-20/30.jpg,8,20,112.0,112.0,176.95,149.5,60.32,130.81,0,ok,0
train/8-20/31.jpg,8,20,112.0,112.0,149.5,47.05,130.81,163.68,270,ok,270
train/8-20/33.jpg,8,20,112.0,112.0,176.95,149.5,60.32,130.81,0,ok,0
train/8-20/34.jpg,8,20,112.0,112.0,74.5,176.95,93.19,60.32,90,ok,90
train/8-20/35.jpg,8,20,112.0,112.0,149.5,47.05,130.81,163.68,270,ok,270
train/8-20/37.jpg,8,20,112.0,112.0,47.05,74.5,163.68,93.19,180,ok,180
train/8-20/4.jpg,8,20,112.0,112.0,74.5,176.95,93.19,60.32,90,ok,90
train/8-20/40.jpg,8,20,112.0,112.0,176.95,149.5,60.32,130.81,0,ok,0
train/8-20/42.jpg,8,20,112.0,112.0,149.5,47.05,130.81,163.68,270,ok,270
train/8-20/43.jpg,8,20,112.0,112.0,149.5,47.05,130.81,163.68,270,ok,270
train/8-20/45.jpg,8,20,112.0,112.0,74.5,176.95,93.19,60.32,90,ok,90
train/8-20/46.jpg,8,20,112.0,112.0,149.5,47.05,130.81,163.68,270,ok,270
train/8-20/47.jpg,8,20,112.0,112.0,47.05,74.5,163.68,93.19,180,ok,180
train/8-20/5.jpg,8,20,112.0,112.0,176.95,149.5,60.32,130.81,0,ok,0
train/8-20/51.jpg,8,20,112.0,112.0,176.95,149.5,60.32,130.81,0,ok,0
train/8-20/52.jpg,8,20,112.0,112.0,47.05,74.5,163.68,93.19,180,ok,180
train/8-20/53.jpg,8,20,112.0,112.0,47.05,74.5,163.68,93.19,180,ok,180
train/8-20/56.jpg,8,20,112.0,112.0,149.5,47.05,130.81,163.68,270,ok,270
train/8-20/58.jpg,8,20,112.0,112.0,176.95,149.5,60.32,130.81,0,ok,0
train/8-20/6.jpg,8,20,112.0,112.0,176.95,149.5,60.32,130.81,0,ok,0
train/8-20/60.jpg,8,20,112.0,112.0,74.5,176.95,93.19,60.32,90,ok,90
train/8-20/61.jpg,8,20,112.0,112.0,74.5,176.95,93.19,60.32,90,ok,90
train/8-20/64.jpg,8,20,112.0,112.0,176.95,149.5,60.32,130.81,0,ok,0
train/8-20/66.jpg,8,20,112.0,112.0,176.95,149.5,60.32,130.81,0,ok,0
train/8-20/67.jpg,8,20,112.0,112.0,47.05,74.5,163.68,93.19,180,ok,180
train/8-20/69.jpg,8,20,112.0,112.0,176.95,149.5,60.32,130.81,0,ok,0
train/8-20/7.jpg,8,20,112.0,112.0,176.95,149.5,60.32,130.81,0,ok,0
train/8-20/71.jpg,8,20,112.0,112.0,47.05,74.5,163.68,93.19,180,ok,180
train/8-20/73.jpg,8,20,112.0,112.0,176.95,149.5,60.32,130.81,0,ok,0
train/8-20/74.jpg,8,20,112.0,112.0,74.5,176.95,93.19,60.32,90,ok,90
train/8-20/75.jpg,8,20,112.0,112.0,47.05,74.5,163.68,93.19,180,ok,180
train/8-20/77.jpg,8,20,112.0,112.0,176.95,149.5,60.32,130.81,0,ok,0
train/8-20/78.jpg,8,20,112.0,112.0,47.05,74.5,163.68,93.19,180,ok,180
train/8-20/79.jpg,8,20,112.0,112.0,176.95,149.5,60.32,130.81,0,ok,0
train/8-20/80.jpg,8,20,112.0,112.0,47.05,74.5,163.68,93.19,180,ok,180
train/8-20/83.jpg,8,20,112.0,112.0,176.95,149.5,60.32,130.81,0,ok,0
train/8-20/84.jpg,8,20,112.0,112.0,176.95,149.5,60.32,130.81,0,ok,0
train/8-20/85.jpg,8,20,112.0,112.0,176.95,149.5,60.32,130.81,0,ok,0
train/8-20/86.jpg,8,20,112.0,112.0,74.5,176.95,93.19,60.32,90,ok,90
train/8-20/87.jpg,8,20,112.0,112.0,47.05,74.5,163.68,93.19,180,ok,180
train/8-20/88.jpg,8,20,112.0,112.0,74.5,176.95,93.19,60.32,90,ok,90
train/8-20/89.jpg,8,20,112.0,112.0,176.95,149.5,60.32,130.81,0,ok,0
train/8-20/9.jpg,8,20,112.0,112.0,149.5,47.05,130.81,163.68,270,ok,270
train/8-20/90.jpg,8,20,112.0,112.0,176.95,149.5,60.32,130.81,0,ok,0
train/8-20/91.jpg,8,20,112.0,112.0,176.95,149.5,60.32,130.81,0,ok,0
train/8-20/92.jpg,8,20,112.0,112.0,74.5,176.95,93.19,60.32,90,ok,90
train/8-20/93.jpg,8,20,112.0,112.0,74.5,176.95,93.19,60.32,90,ok,90
train/8-20/95.jpg,8,20,112.0,112.0,74.5,176.95,93.19,60.32,90,ok,90
train/8-20/96.jpg,8,20,112.0,112.0,47.05,74.5,163.68,93.19,180,ok,180
train/8-20/97.jpg,8,20,112.0,112.0,176.95,149.5,60.32,130.81,0,ok,0
train/8-20/98.jpg,8,20,112.0,112.0,176.95,149.5,60.32,130.81,0,ok,0
train/8-20/99.jpg,8,20,112.0,112.0,176.95,149.5,60.32,130.81,0,ok,0
train/8-25/1.jpg,8,25,112.0,112.0,149.5,176.95,59.55,128.54,0,ok,0
train/8-25/10.jpg,8,25,112.0,112.0,149.5,176.95,59.55,128.54,0,ok,0
train/8-25/13.jpg,8,25,112.0,112.0,149.5,176.95,59.55,128.54,0,ok,0
train/8-25/15.jpg,8,25,112.0,112.0,176.95,74.5,128.54,164.45,270,ok,270
train/8-25/16.jpg,8,25,112.0,112.0,149.5,176.95,59.55,128.54,0,ok,0
train/8-25/17.jpg,8,25,112.0,112.0,149.5,176.95,59.55,128.54,0,ok,0
train/8-25/18.jpg,8,25,112.0,112.0,176.95,74.5,128.54,164.45,270,ok,270
train/8-25/19.jpg,8,25,112.0,112.0,176.95,74.5,128.54,164.45,270,ok,270
train/8-25/2.jpg,8,25,112.0,112.0,149.5,176.95,59.55,128.54,0,ok,0
train/8-25/21.jpg,8,25,112.0,112.0,176.95,74.5,128.54,164.45,270,ok,270
train/8-25/22.jpg,8,25,112.0,112.0,149.5,176.95,59.55,128.54,0,ok,0
train/8-25/24.jpg,8,25,112.0,112.0,176.95,74.5,128.54,164.45,270,ok,270
train/8-25/26.jpg,8,25,112.0,112.0,149.5,176.95,59.55,128.54,0,ok,0
train/8-25/27.jpg,8,25,112.0,112.0,176.95,74.5,128.54,164.45,270,ok,270
train/8-25/29.jpg,8,25,112.0,112.0,47.05,149.5,95.46,59.55,90,ok,90
train/8-25/30.jpg,8,25,112.0,112.0,176.95,74.5,128.54,164.45,270,ok,270
train/8-25/31.jpg,8,25,112.0,112.0,149.5,176.95,59.55,128.54,0,ok,0
train/8-25/33.jpg,8,25,112.0,112.0,149.5,176.95,59.55,128.54,0,ok,0
train/8-25/34.jpg,8,25,112.0,112.0,47.05,149.5,95.46,59.55,90,ok,90
train/8-25/37.jpg,8,25,112.0,112.0,47.05,149.5,95.46,59.55,90,ok,90
train/8-25/38.jpg,8,25,112.0,112.0,149.5,176.95,59.55,128.54,0,ok,0
train/8-25/4.jpg,8,25,112.0,112.0,149.5,176.95,59.55,128.54,0,ok,0
train/8-25/40.jpg,8,25,112.0,112.0,149.5,176.95,59.55,128.54,0,ok,0
train/8-25/42.jpg,8,25,112.0,112.0,149.5,176.95,59.55,128.54,0,ok,0
train/8-25/44.jpg,8,25,112.0,112.0,149.5,176.95,59.55,128.54,0,ok,0
train/8-25/45.jpg,8,25,112.0,112.0,149.5,176.95,59.55,128.54,0,ok,0
train/8-25/47.jpg,8,25,112.0,112.0,74.5,47.05,164.45,95.46,180,ok,180
train/8-25/49.jpg,8,25,112.0,112.0,149.5,176.95,59.55,128.54,0,ok,0
train/8-25/50.jpg,8,25,112.0,112.0,176.95,74.5,128.54,164.45,270,ok,270
train/8-25/52.jpg,8,25,112.0,112.0,47.05,149.5,95.46,59.55,90,ok,90
train/8-25/53.jpg,8,25,112.0,112.0,149.5,176.95,59.55,128.54,0,ok,0
train/8-25/57.jpg,8,25,112.0,112.0,149.5,176.95,59.55,128.54,0,ok,0
train/8-25/6.jpg,8,25,112.0,112.0,149.5,176.95,59.55,128.54,0,ok,0
train/8-25/61.jpg,8,25,112.0,112.0,149.5,176.95,59.55,128.54,0,ok,0
train/8-25/62.jpg,8,25,112.0,112.0,149.5,176.95,59.55,128.54,0,ok,0
train/8-25/66.jpg,8,25,112.0,112.0,149.5,176.95,59.55,128.54,0,ok,0
train/8-25/69.jpg,8,25,112.0,112.0,149.5,176.95,59.55,128.54,0,ok,0
train/8-25/7.jpg,8,25,112.0,112.0,149.5,176.95,59.55,128.54,0,ok,0
train/8-25/72.jpg,8,25,112.0,112.0,176.95,74.5,128.54,164.45,270,ok,270
train/8-25/73.jpg,8,25,112.0,112.0,149.5,176.95,59.55,128.54,0,ok,0
train/8-25/76.jpg,8,25,112.0,112.0,176.95,74.5,128.54,164.45,270,ok,270
train/8-25/77.jpg,8,25,112.0,112.0,149.5,176.95,59.55,128.54,0,ok,0
train/8-25/79.jpg,8,25,112.0,112.0,74.5,47.05,164.45,95.46,180,ok,180
train/8-25/80.jpg,8,25,112.0,112.0,176.95,74.5,128.54,164.45,270,ok,270
train/8-25/82.jpg,8,25,112.0,112.0,149.5,176.95,59.55,128.54,0,ok,0
train/8-25/85.jpg,8,25,112.0,112.0,149.5,176.95,59.55,128.54,0,ok,0
train/8-25/86.jpg,8,25,112.0,112.0,149.5,176.95,59.55,128.54,0,ok,0
train/8-25/87.jpg,8,25,112.0,112.0,149.5,176.95,59.55,128.54,0,ok,0
train/8-25/88.jpg,8,25,112.0,112.0,74.5,47.05,164.45,95.46,180,ok,180
train/8-25/89.jpg,8,25,112.0,112.0,74.5,47.05,164.45,95.46,180,ok,180
train/8-25/90.jpg,8,25,112.0,112.0,47.05,149.5,95.46,59.55,90,ok,90
train/8-25/93.jpg,8,25,112.0,112.0,74.5,47.05,164.45,95.46,180,ok,180
train/8-25/94.jpg,8,25,112.0,112.0,176.95,74.5,128.54,164.45,270,ok,270
train/8-25/95.jpg,8,25,112.0,112.0,149.5,176.95,59.55,128.54,0,ok,0
train/8-25/96.jpg,8,25,112.0,112.0,176.95,74.5,128.54,164.45,270,ok,270
train/8-25/97.jpg,8,25,112.0,112.0,74.5,47.05,164.45,95.46,180,ok,180
train/8-25/98.jpg,8,25,112.0,112.0,149.5,176.95,59.55,128.54,0,ok,0
train/8-30/10.jpg,8,30,112.0,112.0,112.0,187.0,58.87,126.24,0,ok,0
train/8-30/12.jpg,8,30,112.0,112.0,112.0,187.0,58.87,126.24,0,ok,0
train/8-30/17.jpg,8,30,112.0,112.0,112.0,187.0,58.87,126.24,0,ok,0
train/8-30/18.jpg,8,30,112.0,112.0,112.0,187.0,58.87,126.24,0,ok,0
train/8-30/19.jpg,8,30,112.0,112.0,112.0,187.0,58.87,126.24,0,ok,0
train/8-30/20.jpg,8,30,112.0,112.0,112.0,37.0,165.13,97.76,180,ok,180
train/8-30/21.jpg,8,30,112.0,112.0,37.0,112.0,97.76,58.87,90,ok,90
train/8-30/22.jpg,8,30,112.0,112.0,112.0,187.0,58.87,126.24,0,ok,0
train/8-30/24.jpg,8,30,112.0,112.0,112.0,187.0,58.87,126.24,0,ok,0
train/8-30/29.jpg,8,30,112.0,112.0,112.0,37.0,165.13,97.76,180,ok,180
train/8-30/3.jpg,8,30,112.0,112.0,37.0,112.0,97.76,58.87,90,ok,90
train/8-30/30.jpg,8,30,112.0,112.0,37.0,112.0,97.76,58.87,90,ok,90
train/8-30/32.jpg,8,30,112.0,112.0,112.0,187.0,58.87,126.24,0,ok,0
train/8-30/33.jpg,8,30,112.0,112.0,112.0,187.0,58.87,126.24,0,ok,0
train/8-30/35.jpg,8,30,112.0,112.0,187.0,112.0,126.24,165.13,270,ok,270
train/8-30/38.jpg,8,30,112.0,112.0,37.0,112.0,97.76,58.87,90,ok,90
train/8-30/40.jpg,8,30,112.0,112.0,112.0,187.0,58.87,126.24,0,ok,0
train/8-30/44.jpg,8,30,112.0,112.0,112.0,187.0,58.87,126.24,0,ok,0
train/8-30/46.jpg,8,30,112.0,112.0,112.0,187.0,58.87,126.24,0,ok,0
train/8-30/47.jpg,8,30,112.0,112.0,112.0,187.0,58.87,126.24,0,ok,0
train/8-30/49.jpg,8,30,112.0,112.0,37.0,112.0,97.76,58.87,90,ok,90
train/8-30/50.jpg,8,30,112.0,112.0,37.0,112.0,97.76,58.87,90,ok,90
train/8-30/51.jpg,8,30,112.0,112.0,112.0,187.0,58.87,126.24,0,ok,0
train/8-30/56.jpg,8,30,112.0,112.0,112.0,187.0,58.87,126.24,0,ok,0
train/8-30/61.jpg,8,30,112.0,112.0,112.0,37.0,165.13,97.76,180,ok,180
train/8-30/62.jpg,8,30,112.0,112.0,187.0,112.0,126.24,165.13,270,ok,270
train/8-30/64.jpg,8,30,112.0,112.0,112.0,187.0,58.87,126.24,0,ok,0
train/8-30/67.jpg,8,30,112.0,112.0,112.0,187.0,58.87,126.24,0,ok,0
train/8-30/69.jpg,8,30,112.0,112.0,112.0,187.0,58.87,126.24,0,ok,0
train/8-30/7.jpg,8,30,112.0,112.0,37.0,112.0,97.76,58.87,90,ok,90
train/8-30/73.jpg,8,30,112.0,112.0,37.0,112.0,97.76,58.87,90,ok,90
train/8-30/74.jpg,8,30,112.0,112.0,187.0,112.0,126.24,165.13,270,ok,270
train/8-30/75.jpg,8,30,112.0,112.0,112.0,37.0,165.13,97.76,180,ok,180
train/8-30/78.jpg,8,30,112.0,112.0,112.0,187.0,58.87,126.24,0,ok,0
train/8-30/79.jpg,8,30,112.0,112.0,112.0,187.0,58.87,126.24,0,ok,0
train/8-30/82.jpg,8,30,112.0,112.0,112.0,187.0,58.87,126.24,0,ok,0
train/8-30/83.jpg,8,30,112.0,112.0,187.0,112.0,126.24,165.13,270,ok,270
train/8-30/85.jpg,8,30,112.0,112.0,112.0,187.0,58.87,126.24,0,ok,0
train/8-30/86.jpg,8,30,112.0,112.0,112.0,187.0,58.87,126.24,0,ok,0
train/8-30/88.jpg,8,30,112.0,112.0,37.0,112.0,97.76,58.87,90,ok,90
train/8-30/89.jpg,8,30,112.0,112.0,112.0,187.0,58.87,126.24,0,ok,0
train/8-30/9.jpg,8,30,112.0,112.0,37.0,112.0,97.76,58.87,90,ok,90
train/8-30/91.jpg,8,30,112.0,112.0,37.0,112.0,97.76,58.87,90,ok,90
train/8-30/97.jpg,8,30,112.0,112.0,187.0,112.0,126.24,165.13,270,ok,270
train/8-30/98.jpg,8,30,112.0,112.0,112.0,187.0,58.87,126.24,0,ok,0
train/8-35/0.jpg,8,35,112.0,112.0,149.5,47.05,165.7,100.1,180,ok,180
train/8-35/10.jpg,8,35,112.0,112.0,74.5,176.95,58.3,123.9,0,ok,0
train/8-35/12.jpg,8,35,112.0,112.0,74.5,176.95,58.3,123.9,0,ok,0
train/8-35/13.jpg,8,35,112.0,112.0,47.05,74.5,100.1,58.3,90,ok,90
train/8-35/17.jpg,8,35,112.0,112.0,74.5,176.95,58.3,123.9,0,ok,0
train/8-35/18.jpg,8,35,112.0,112.0,74.5,176.95,58.3,123.9,0,ok,0
train/8-35/19.jpg,8,35,112.0,112.0,74.5,176.95,58.3,123.9,0,ok,0
train/8-35/23.jpg,8,35,112.0,112.0,74.5,176.95,58.3,123.9,0,ok,0
train/8-35/24.jpg,8,35,112.0,112.0,74.5,176.95,58.3,123.9,0,ok,0
train/8-35/26.jpg,8,35,112.0,112.0,74.5,176.95,58.3,123.9,0,ok,0
train/8-35/27.jpg,8,35,112.0,112.0,74.5,176.95,58.3,123.9,0,ok,0
train/8-35/28.jpg,8,35,112.0,112.0,47.05,74.5,100.1,58.3,90,ok,90
train/8-35/3.jpg,8,35,112.0,112.0,74.5,176.95,58.3,123.9,0,ok,0
train/8-35/30.jpg,8,35,112.0,112.0,149.5,47.05,165.7,100.1,180,ok,180
train/8-35/31.jpg,8,35,112.0,112.0,74.5,176.95,58.3,123.9,0,ok,0
train/8-35/32.jpg,8,35,112.0,112.0,74.5,176.95,58.3,123.9,0,ok,0
train/8-35/33.jpg,8,35,112.0,112.0,74.5,176.95,58.3,123.9,0,ok,0
train/8-35/35.jpg,8,35,112.0,112.0,149.5,47.05,165.7,100.1,180,ok,180
train/8-35/4.jpg,8,35,112.0,112.0,149.5,47.05,165.7,100.1,180,ok,180
train/8-35/40.jpg,8,35,112.0,112.0,74.5,176.95,58.3,123.9,0,ok,0
train/8-35/44.jpg,8,35,112.0,112.0,176.95,149.5,123.9,165.7,270,ok,270
train/8-35/48.jpg,8,35,112.0,112.0,74.5,176.95,58.3,123.9,0,ok,0
train/8-35/49.jpg,8,35,112.0,112.0,74.5,176.95,58.3,123.9,0,ok,0
train/8-35/51.jpg,8,35,112.0,112.0,74.5,176.95,58.3,123.9,0,ok,0
train/8-35/52.jpg,8,35,112.0,112.0,74.5,176.95,58.3,123.9,0,ok,0
train/8-35/57.jpg,8,35,112.0,112.0,47.05,74.5,100.1,58.3,90,ok,90
train/8-35/60.jpg,8,35,112.0,112.0,149.5,47.05,165.7,100.1,180,ok,180
train/8-35/61.jpg,8,35,112.0,112.0,47.05,74.5,100.1,58.3,90,ok,90
train/8-35/66.jpg,8,35,112.0,112.0,74.5,176.95,58.3,123.9,0,ok,0
train/8-35/67.jpg,8,35,112.0,112.0,74.5,176.95,58.3,123.9,0,ok,0
train/8-35/7.jpg,8,35,112.0,112.0,149.5,47.05,165.7,100.1,180,ok,180
train/8-35/74.jpg,8,35,112.0,112.0,74.5,176.95,58.3,123.9,0,ok,0
train/8-35/75.jpg,8,35,112.0,112.0,74.5,176.95,58.3,123.9,0,ok,0
train/8-35/79.jpg,8,35,112.0,112.0,176.95,149.5,123.9,165.7,270,ok,270
train/8-35/80.jpg,8,35,112.0,112.0,47.05,74.5,100.1,58.3,90,ok,90
train/8-35/81.jpg,8,35,112.0,112.0,74.5,176.95,58.3,123.9,0,ok,0
train/8-35/82.jpg,8,35,112.0,112.0,74.5,176.95,58.3,123.9,0,ok,0
train/8-35/83.jpg,8,35,112.0,112.0,74.5,176.95,58.3,123.9,0,ok,0
train/8-35/84.jpg,8,35,112.0,112.0,74.5,176.95,58.3,123.9,0,ok,0
train/8-35/87.jpg,8,35,112.0,112.0,74.5,176.95,58.3,123.9,0,ok,0
train/8-35/89.jpg,8,35,112.0,112.0,149.5,47.05,165.7,100.1,180,ok,180
train/8-35/91.jpg,8,35,112.0,112.0,47.05,74.5,100.1,58.3,90,ok,90
train/8-35/92.jpg,8,35,112.0,112.0,176.95,149.5,123.9,165.7,270,ok,270
train/8-35/93.jpg,8,35,112.0,112.0,74.5,176.95,58.3,123.9,0,ok,0
train/8-35/95.jpg,8,35,112.0,112.0,74.5,176.95,58.3,123.9,0,ok,0
train/8-35/96.jpg,8,35,112.0,112.0,176.95,149.5,123.9,165.7,270,ok,270
train/8-35/97.jpg,8,35,112.0,112.0,74.5,176.95,58.3,123.9,0,ok,0
train/8-40/0.jpg,8,40,112.0,112.0,47.05,149.5,57.84,121.55,0,ok,0
train/8-40/1.jpg,8,40,112.0,112.0,149.5,176.95,121.55,166.16,270,ok,270
train/8-40/10.jpg,8,40,112.0,112.0,47.05,149.5,57.84,121.55,0,ok,0
train/8-40/11.jpg,8,40,112.0,112.0,149.5,176.95,121.55,166.16,270,ok,270
train/8-40/12.jpg,8,40,112.0,112.0,149.5,176.95,121.55,166.16,270,ok,270
train/8-40/17.jpg,8,40,112.0,112.0,176.95,74.5,166.16,102.45,180,ok,180
train/8-40/18.jpg,8,40,112.0,112.0,47.05,149.5,57.84,121.55,0,ok,0
train/8-40/2.jpg,8,40,112.0,112.0,176.95,74.5,166.16,102.45,180,ok,180
train/8-40/21.jpg,8,40,112.0,112.0,149.5,176.95,121.55,166.16,270,ok,270
train/8-40/23.jpg,8,40,112.0,112.0,176.95,74.5,166.16,102.45,180,ok,180
train/8-40/24.jpg,8,40,112.0,112.0,176.95,74.5,166.16,102.45,180,ok,180
train/8-40/28.jpg,8,40,112.0,112.0,149.5,176.95,121.55,166.16,270,ok,270
train/8-40/3.jpg,8,40,112.0,112.0,176.95,74.5,166.16,102.45,180,ok,180
train/8-40/32.jpg,8,40,112.0,112.0,74.5,47.05,102.45,57.84,90,ok,90
train/8-40/34.jpg,8,40,112.0,112.0,176.95,74.5,166.16,102.45,180,ok,180
train/8-40/37.jpg,8,40,112.0,112.0,74.5,47.05,102.45,57.84,90,ok,90
train/8-40/38.jpg,8,40,112.0,112.0,149.5,176.95,121.55,166.16,270,ok,270
train/8-40/4.jpg,8,40,112.0,112.0,176.95,74.5,166.16,102.45,180,ok,180
train/8-40/40.jpg,8,40,112.0,112.0,47.05,149.5,57.84,121.55,0,ok,0
train/8-40/42.jpg,8,40,112.0,112.0,47.05,149.5,57.84,121.55,0,ok,0
train/8-40/44.jpg,8,40,112.0,112.0,176.95,74.5,166.16,102.45,180,ok,180
train/8-40/45.jpg,8,40,112.0,112.0,47.05,149.5,57.84,121.55,0,ok,0
train/8-40/46.jpg,8,40,112.0,112.0,74.5,47.05,102.45,57.84,90,ok,90
train/8-40/47.jpg,8,40,112.0,112.0,47.05,149.5,57.84,121.55,0,ok,0
train/8-40/48.jpg,8,40,112.0,112.0,149.5,176.95,121.55,166.16,270,ok,270
train/8-40/5.jpg,8,40,112.0,112.0,74.5,47.05,102.45,57.84,90,ok,90
train/8-40/50.jpg,8,40,112.0,112.0,47.05,149.5,57.84,121.55,0,ok,0
train/8-40/51.jpg,8,40,112.0,112.0,176.95,74.5,166.16,102.45,180,ok,180
train/8-40/52.jpg,8,40,112.0,112.0,149.5,176.95,121.55,166.16,270,ok,270
train/8-40/53.jpg,8,40,112.0,112.0,149.5,176.95,121.55,166.16,270,ok,270
train/8-40/55.jpg,8,40,112.0,112.0,176.95,74.5,166.16,102.45,180,ok,180
train/8-40/57.jpg,8,40,112.0,112.0,47.05,149.5,57.84,121.55,0,ok,0
train/8-40/6.jpg,8,40,112.0,112.0,176.95,74.5,166.16,102.45,180,ok,180
train/8-40/60.jpg,8,40,112.0,112.0,74.5,47.05,102.45,57.84,90,ok,90
train/8-40/61.jpg,8,40,112.0,112.0,47.05,149.5,57.84,121.55,0,ok,0
train/8-40/63.jpg,8,40,112.0,112.0,74.5,47.05,102.45,57.84,90,ok,90
train/8-40/66.jpg,8,40,112.0,112.0,176.95,74.5,166.16,102.45,180,ok,180
train/8-40/67.jpg,8,40,112.0,112.0,47.05,149.5,57.84,121.55,0,ok,0
train/8-40/69.jpg,8,40,112.0,112.0,149.5,176.95,121.55,166.16,270,ok,270
train/8-40/7.jpg,8,40,112.0,112.0,47.05,149.5,57.84,121.55,0,ok,0
train/8-40/70.jpg,8,40,112.0,112.0,176.95,74.5,166.16,102.45,180,ok,180
train/8-40/73.jpg,8,40,112.0,112.0,176.95,74.5,166.16,102.45,180,ok,180
train/8-40/75.jpg,8,40,112.0,112.0,47.05,149.5,57.84,121.55,0,ok,0
train/8-40/82.jpg,8,40,112.0,112.0,47.05,149.5,57.84,121.55,0,ok,0
train/8-40/83.jpg,8,40,112.0,112.0,74.5,47.05,102.45,57.84,90,ok,90
train/8-40/84.jpg,8,40,112.0,112.0,74.5,47.05,102.45,57.84,90,ok,90
train/8-40/85.jpg,8,40,112.0,112.0,47.05,149.5,57.84,121.55,0,ok,0
train/8-40/86.jpg,8,40,112.0,112.0,74.5,47.05,102.45,57.84,90,ok,90
train/8-40/87.jpg,8,40,112.0,112.0,176.95,74.5,166.16,102.45,180,ok,180
train/8-40/88.jpg,8,40,112.0,112.0,74.5,47.05,102.45,57.84,90,ok,90
train/8-40/9.jpg,8,40,112.0,112.0,47.05,149.5,57.84,121.55,0,ok,0
train/8-40/91.jpg,8,40,112.0,112.0,47.05,149.5,57.84,121.55,0,ok,0
train/8-40/92.jpg,8,40,112.0,112.0,47.05,149.5,57.84,121.55,0,ok,0
train/8-40/93.jpg,8,40,112.0,112.0,149.5,176.95,121.55,166.16,270,ok,270
train/8-40/94.jpg,8,40,112.0,112.0,74.5,47.05,102.45,57.84,90,ok,90
train/8-40/95.jpg,8,40,112.0,112.0,176.95,74.5,166.16,102.45,180,ok,180
train/8-40/98.jpg,8,40,112.0,112.0,47.05,149.5,57.84,121.55,0,ok,0
train/8-40/99.jpg,8,40,112.0,112.0,47.05,149.5,57.84,121.55,0,ok,0
train/8-45/10.jpg,8,45,112.0,112.0,187.0,112.0,166.53,104.82,180,ok,180
train/8-45/12.jpg,8,45,112.0,112.0,112.0,187.0,119.18,166.53,270,ok,270
train/8-45/15.jpg,8,45,112.0,112.0,37.0,112.0,57.47,119.18,0,ok,0
train/8-45/16.jpg,8,45,112.0,112.0,112.0,187.0,119.18,166.53,270,ok,270
train/8-45/19.jpg,8,45,112.0,112.0,112.0,187.0,119.18,166.53,270,ok,270
train/8-45/2.jpg,8,45,112.0,112.0,37.0,112.0,57.47,119.18,0,ok,0
train/8-45/20.jpg,8,45,112.0,112.0,112.0,187.0,119.18,166.53,270,ok,270
train/8-45/21.jpg,8,45,112.0,112.0,37.0,112.0,57.47,119.18,0,ok,0
train/8-45/28.jpg,8,45,112.0,112.0,37.0,112.0,57.47,119.18,0,ok,0
train/8-45/29.jpg,8,45,112.0,112.0,37.0,112.0,57.47,119.18,0,ok,0
train/8-45/3.jpg,8,45,112.0,112.0,112.0,187.0,119.18,166.53,270,ok,270
train/8-45/30.jpg,8,45,112.0,112.0,112.0,187.0,119.18,166.53,270,ok,270
train/8-45/31.jpg,8,45,112.0,112.0,112.0,37.0,104.82,57.47,90,ok,90
train/8-45/32.jpg,8,45,112.0,112.0,37.0,112.0,57.47,119.18,0,ok,0
train/8-45/37.jpg,8,45,112.0,112.0,112.0,187.0,119.18,166.53,270,ok,270
train/8-45/38.jpg,8,45,112.0,112.0,112.0,37.0,104.82,57.47,90,ok,90
train/8-45/4.jpg,8,45,112.0,112.0,187.0,112.0,166.53,104.82,180,ok,180
train/8-45/42.jpg,8,45,112.0,112.0,37.0,112.0,57.47,119.18,0,ok,0
train/8-45/45.jpg,8,45,112.0,112.0,37.0,112.0,57.47,119.18,0,ok,0
train/8-45/48.jpg,8,45,112.0,112.0,37.0,112.0,57.47,119.18,0,ok,0
train/8-45/49.jpg,8,45,112.0,112.0,37.0,112.0,57.47,119.18,0,ok,0
train/8-45/5.jpg,8,45,112.0,112.0,112.0,187.0,119.18,166.53,270,ok,270
train/8-45/51.jpg,8,45,112.0,112.0,37.0,112.0,57.47,119.18,0,ok,0
train/8-45/53.jpg,8,45,112.0,112.0,187.0,112.0,166.53,104.82,180,ok,180
train/8-45/55.jpg,8,45,112.0,112.0,37.0,112.0,57.47,119.18,0,ok,0
train/8-45/56.jpg,8,45,112.0,112.0,37.0,112.0,57.47,119.18,0,ok,0
train/8-45/59.jpg,8,45,112.0,112.0,112.0,187.0,119.18,166.53,270,ok,270
train/8-45/60.jpg,8,45,112.0,112.0,37.0,112.0,57.47,119.18,0,ok,0
train/8-45/61.jpg,8,45,112.0,112.0,187.0,112.0,166.53,104.82,180,ok,180
train/8-45/64.jpg,8,45,112.0,112.0,37.0,112.0,57.47,119.18,0,ok,0
train/8-45/65.jpg,8,45,112.0,112.0,112.0,37.0,104.82,57.47,90,ok,90
train/8-45/66.jpg,8,45,112.0,112.0,112.0,187.0,119.18,166.53,270,ok,270
train/8-45/7.jpg,8,45,112.0,112.0,112.0,187.0,119.18,166.53,270,ok,270
train/8-45/71.jpg,8,45,112.0,112.0,112.0,187.0,119.18,166.53,270,ok,270
train/8-45/73.jpg,8,45,112.0,112.0,112.0,187.0,119.18,166.53,270,ok,270
train/8-45/74.jpg,8,45,112.0,112.0,37.0,112.0,57.47,119.18,0,ok,0
train/8-45/75.jpg,8,45,112.0,112.0,112.0,187.0,119.18,166.53,270,ok,270
train/8-45/78.jpg,8,45,112.0,112.0,112.0,187.0,119.18,166.53,270,ok,270
train/8-45/8.jpg,8,45,112.0,112.0,112.0,187.0,119.18,166.53,270,ok,270
train/8-45/80.jpg,8,45,112.0,112.0,112.0,187.0,119.18,166.53,270,ok,270
train/8-45/82.jpg,8,45,112.0,112.0,37.0,112.0,57.47,119.18,0,ok,0
train/8-45/84.jpg,8,45,112.0,112.0,112.0,187.0,119.18,166.53,270,ok,270
train/8-45/85.jpg,8,45,112.0,112.0,37.0,112.0,57.47,119.18,0,ok,0
train/8-45/86.jpg,8,45,112.0,112.0,112.0,37.0,104.82,57.47,90,ok,90
train/8-45/87.jpg,8,45,112.0,112.0,112.0,187.0,119.18,166.53,270,ok,270
train/8-45/88.jpg,8,45,112.0,112.0,37.0,112.0,57.47,119.18,0,ok,0
train/8-45/91.jpg,8,45,112.0,112.0,187.0,112.0,166.53,104.82,180,ok,180
train/8-45/93.jpg,8,45,112.0,112.0,112.0,37.0,104.82,57.47,90,ok,90
train/8-45/95.jpg,8,45,112.0,112.0,112.0,37.0,104.82,57.47,90,ok,90
train/8-45/96.jpg,8,45,112.0,112.0,187.0,112.0,166.53,104.82,180,ok,180
train/8-45/97.jpg,8,45,112.0,112.0,187.0,112.0,166.53,104.82,180,ok,180
train/8-45/98.jpg,8,45,112.0,112.0,37.0,112.0,57.47,119.18,0,ok,0
train/8-45/99.jpg,8,45,112.0,112.0,37.0,112.0,57.47,119.18,0,ok,0
train/8-50/0.jpg,8,50,112.0,112.0,176.95,149.5,166.79,107.21,180,ok,180
train/8-50/10.jpg,8,50,112.0,112.0,74.5,176.95,116.79,166.79,270,ok,270
train/8-50/11.jpg,8,50,112.0,112.0,47.05,74.5,57.21,116.79,0,ok,0
train/8-50/13.jpg,8,50,112.0,112.0,149.5,47.05,107.21,57.21,90,ok,90
train/8-50/16.jpg,8,50,112.0,112.0,47.05,74.5,57.21,116.79,0,ok,0
train/8-50/17.jpg,8,50,112.0,112.0,149.5,47.05,107.21,57.21,90,ok,90
train/8-50/18.jpg,8,50,112.0,112.0,149.5,47.05,107.21,57.21,90,ok,90
train/8-50/19.jpg,8,50,112.0,112.0,47.05,74.5,57.21,116.79,0,ok,0
train/8-50/20.jpg,8,50,112.0,112.0,149.5,47.05,107.21,57.21,90,ok,90
train/8-50/21.jpg,8,50,112.0,112.0,74.5,176.95,116.79,166.79,270,ok,270
train/8-50/23.jpg,8,50,112.0,112.0,47.05,74.5,57.21,116.79,0,ok,0
train/8-50/24.jpg,8,50,112.0,112.0,47.05,74.5,57.21,116.79,0,ok,0
train/8-50/26.jpg,8,50,112.0,112.0,47.05,74.5,57.21,116.79,0,ok,0
train/8-50/27.jpg,8,50,112.0,112.0,47.05,74.5,57.21,116.79,0,ok,0
train/8-50/30.jpg,8,50,112.0,112.0,47.05,74.5,57.21,116.79,0,ok,0
train/8-50/32.jpg,8,50,112.0,112.0,176.95,149.5,166.79,107.21,180,ok,180
train/8-50/33.jpg,8,50,112.0,112.0,176.95,149.5,166.79,107.21,180,ok,180
train/8-50/34.jpg,8,50,112.0,112.0,47.05,74.5,57.21,116.79,0,ok,0
train/8-50/35.jpg,8,50,112.0,112.0,74.5,176.95,116.79,166.79,270,ok,270
train/8-50/38.jpg,8,50,112.0,112.0,47.05,74.5,57.21,116.79,0,ok,0
train/8-50/4.jpg,8,50,112.0,112.0,74.5,176.95,116.79,166.79,270,ok,270
train/8-50/40.jpg,8,50,112.0,112.0,176.95,149.5,166.79,107.21,180,ok,180
train/8-50/42.jpg,8,50,112.0,112.0,47.05,74.5,57.21,116.79,0,ok,0
train/8-50/43.jpg,8,50,112.0,112.0,47.05,74.5,57.21,116.79,0,ok,0
train/8-50/44.jpg,8,50,112.0,112.0,47.05,74.5,57.21,116.79,0,ok,0
train/8-50/45.jpg,8,50,112.0,112.0,176.95,149.5,166.79,107.21,180,ok,180
train/8-50/47.jpg,8,50,112.0,112.0,176.95,149.5,166.79,107.21,180,ok,180
train/8-50/48.jpg,8,50,112.0,112.0,149.5,47.05,107.21,57.21,90,ok,90
train/8-50/5.jpg,8,50,112.0,112.0,176.95,149.5,166.79,107.21,180,ok,180
train/8-50/50.jpg,8,50,112.0,112.0,47.05,74.5,57.21,116.79,0,ok,0
train/8-50/51.jpg,8,50,112.0,112.0,74.5,176.95,116.79,166.79,270,ok,270
train/8-50/52.jpg,8,50,112.0,112.0,47.05,74.5,57.21,116.79,0,ok,0
train/8-50/53.jpg,8,50,112.0,112.0,47.05,74.5,57.21,116.79,0,ok,0
train/8-50/56.jpg,8,50,112.0,112.0,47.05,74.5,57.21,116.79,0,ok,0
train/8-50/59.jpg,8,50,112.0,112.0,47.05,74.5,57.21,116.79,0,ok,0
train/8-50/60.jpg,8,50,112.0,112.0,47.05,74.5,57.21,116.79,0,ok,0
train/8-50/63.jpg,8,50,112.0,112.0,47.05,74.5,57.21,116.79,0,ok,0
train/8-50/64.jpg,8,50,112.0,112.0,47.05,74.5,57.21,116.79,0,ok,0
train/8-50/66.jpg,8,50,112.0,112.0,176.95,149.5,166.79,107.21,180,ok,180
train/8-50/67.jpg,8,50,112.0,112.0,149.5,47.05,107.21,57.21,90,ok,90
train/8-50/68.jpg,8,50,112.0,112.0,149.5,47.05,107.21,57.21,90,ok,90
train/8-50/69.jpg,8,50,112.0,112.0,47.05,74.5,57.21,116.79,0,ok,0
train/8-50/7.jpg,8,50,112.0,112.0,47.05,74.5,57.21,116.79,0,ok,0
train/8-50/70.jpg,8,50,112.0,112.0,47.05,74.5,57.21,116.79,0,ok,0
train/8-50/72.jpg,8,50,112.0,112.0,47.05,74.5,57.21,116.79,0,ok,0
train/8-50/74.jpg,8,50,112.0,112.0,74.5,176.95,116.79,166.79,270,ok,270
train/8-50/76.jpg,8,50,112.0,112.0,47.05,74.5,57.21,116.79,0,ok,0
train/8-50/78.jpg,8,50,112.0,112.0,47.05,74.5,57.21,116.79,0,ok,0
train/8-50/8.jpg,8,50,112.0,112.0,47.05,74.5,57.21,116.79,0,ok,0
train/8-50/80.jpg,8,50,112.0,112.0,47.05,74.5,57.21,116.79,0,ok,0
train/8-50/82.jpg,8,50,112.0,112.0,74.5,176.95,116.79,166.79,270,ok,270
train/8-50/83.jpg,8,50,112.0,112.0,47.05,74.5,57.21,116.79,0,ok,0
train/8-50/85.jpg,8,50,112.0,112.0,47.05,74.5,57.21,116.79,0,ok,0
train/8-50/86.jpg,8,50,112.0,112.0,176.95,149.5,166.79,107.21,180,ok,180
train/8-50/88.jpg,8,50,112.0,112.0,149.5,47.05,107.21,57.21,90,ok,90
train/8-50/9.jpg,8,50,112.0,112.0,47.05,74.5,57.21,116.79,0,ok,0
train/8-50/91.jpg,8,50,112.0,112.0,47.05,74.5,57.21,116.79,0,ok,0
train/8-50/92.jpg,8,50,112.0,112.0,149.5,47.05,107.21,57.21,90,ok,90
train/8-50/93.jpg,8,50,112.0,112.0,47.05,74.5,57.21,116.79,0,ok,0
train/8-50/98.jpg,8,50,112.0,112.0,149.5,47.05,107.21,57.21,90,ok,90
train/8-55/13.jpg,8,55,112.0,112.0,176.95,74.5,109.6,57.05,90,ok,90
train/8-55/16.jpg,8,55,112.0,112.0,74.5,47.05,57.05,114.4,0,ok,0
train/8-55/17.jpg,8,55,112.0,112.0,47.05,149.5,114.4,166.95,270,ok,270
train/8-55/19.jpg,8,55,112.0,112.0,176.95,74.5,109.6,57.05,90,ok,90
train/8-55/21.jpg,8,55,112.0,112.0,74.5,47.05,57.05,114.4,0,ok,0
train/8-55/24.jpg,8,55,112.0,112.0,74.5,47.05,57.05,114.4,0,ok,0
train/8-55/29.jpg,8,55,112.0,112.0,47.05,149.5,114.4,166.95,270,ok,270
train/8-55/3.jpg,8,55,112.0,112.0,176.95,74.5,109.6,57.05,90,ok,90
train/8-55/30.jpg,8,55,112.0,112.0,47.05,149.5,114.4,166.95,270,ok,270
train/8-55/31.jpg,8,55,112.0,112.0,74.5,47.05,57.05,114.4,0,ok,0
train/8-55/32.jpg,8,55,112.0,112.0,74.5,47.05,57.05,114.4,0,ok,0
train/8-55/33.jpg,8,55,112.0,112.0,74.5,47.05,57.05,114.4,0,ok,0
train/8-55/34.jpg,8,55,112.0,112.0,74.5,47.05,57.05,114.4,0,ok,0
train/8-55/37.jpg,8,55,112.0,112.0,149.5,176.95,166.95,109.6,180,ok,180
train/8-55/4.jpg,8,55,112.0,112.0,74.5,47.05,57.05,114.4,0,ok,0
train/8-55/40.jpg,8,55,112.0,112.0,74.5,47.05,57.05,114.4,0,ok,0
train/8-55/41.jpg,8,55,112.0,112.0,149.5,176.95,166.95,109.6,180,ok,180
train/8-55/42.jpg,8,55,112.0,112.0,176.95,74.5,109.6,57.05,90,ok,90
train/8-55/43.jpg,8,55,112.0,112.0,74.5,47.05,57.05,114.4,0,ok,0
train/8-55/45.jpg,8,55,112.0,112.0,176.95,74.5,109.6,57.05,90,ok,90
train/8-55/46.jpg,8,55,112.0,112.0,74.5,47.05,57.05,114.4,0,ok,0
train/8-55/47.jpg,8,55,112.0,112.0,176.95,74.5,109.6,57.05,90,ok,90
train/8-55/48.jpg,8,55,112.0,112.0,74.5,47.05,57.05,114.4,0,ok,0
train/8-55/49.jpg,8,55,112.0,112.0,74.5,47.05,57.05,114.4,0,ok,0
train/8-55/51.jpg,8,55,112.0,112.0,74.5,47.05,57.05,114.4,0,ok,0
train/8-55/55.jpg,8,55,112.0,112.0,74.5,47.05,57.05,114.4,0,ok,0
train/8-55/56.jpg,8,55,112.0,112.0,74.5,47.05,57.05,114.4,0,ok,0
train/8-55/58.jpg,8,55,112.0,112.0,74.5,47.05,57.05,114.4,0,ok,0
train/8-55/64.jpg,8,55,112.0,112.0,74.5,47.05,57.05,114.4,0,ok,0
train/8-55/65.jpg,8,55,112.0,112.0,74.5,47.05,57.05,114.4,0,ok,0
train/8-55/66.jpg,8,55,112.0,112.0,74.5,47.05,57.05,114.4,0,ok,0
train/8-55/72.jpg,8,55,112.0,112.0,176.95,74.5,109.6,57.05,90,ok,90
train/8-55/75.jpg,8,55,112.0,112.0,176.95,74.5,109.6,57.05,90,ok,90
train/8-55/76.jpg,8,55,112.0,112.0,74.5,47.05,57.05,114.4,0,ok,0
train/8-55/78.jpg,8,55,112.0,112.0,74.5,47.05,57.05,114.4,0,ok,0
train/8-55/79.jpg,8,55,112.0,112.0,74.5,47.05,57.05,114.4,0,ok,0
train/8-55/8.jpg,8,55,112.0,112.0,149.5,176.95,166.95,109.6,180,ok,180
train/8-55/81.jpg,8,55,112.0,112.0,149.5,176.95,166.95,109.6,180,ok,180
train/8-55/82.jpg,8,55,112.0,112.0,74.5,47.05,57.05,114.4,0,ok,0
train/8-55/83.jpg,8,55,112.0,112.0,47.05,149.5,114.4,166.95,270,ok,270
train/8-55/84.jpg,8,55,112.0,112.0,149.5,176.95,166.95,109.6,180,ok,180
train/8-55/86.jpg,8,55,112.0,112.0,149.5,176.95,166.95,109.6,180,ok,180
train/8-55/87.jpg,8,55,112.0,112.0,47.05,149.5,114.4,166.95,270,ok,270
train/8-55/88.jpg,8,55,112.0,112.0,74.5,47.05,57.05,114.4,0,ok,0
train/8-55/9.jpg,8,55,112.0,112.0,74.5,47.05,57.05,114.4,0,ok,0
train/8-55/93.jpg,8,55,112.0,112.0,74.5,47.05,57.05,114.4,0,ok,0
train/8-55/97.jpg,8,55,112.0,112.0,149.5,176.95,166.95,109.6,180,ok,180
train/8-55/98.jpg,8,55,112.0,112.0,149.5,176.95,166.95,109.6,180,ok,180
train/8-55/99.jpg,8,55,112.0,112.0,47.05,149.5,114.4,166.95,270,ok,270
train/9-00/14.jpg,9,0,112.0,112.0,112.0,37.0,57.0,112.0,0,ok,0
train/9-00/15.jpg,9,0,112.0,112.0,112.0,37.0,57.0,112.0,0,ok,0
train/9-00/16.jpg,9,0,112.0,112.0,112.0,37.0,57.0,112.0,0,ok,0
train/9-00/18.jpg,9,0,112.0,112.0,112.0,37.0,57.0,112.0,0,ok,0
train/9-00/19.jpg,9,0,112.0,112.0,112.0,37.0,57.0,112.0,0,ok,0
train/9-00/21.jpg,9,0,112.0,112.0,112.0,187.0,167.0,112.0,180,ok,180
train/9-00/22.jpg,9,0,112.0,112.0,37.0,112.0,112.0,167.0,270,ok,270
train/9-00/24.jpg,9,0,112.0,112.0,112.0,37.0,57.0,112.0,0,ok,0
train/9-00/25.jpg,9,0,112.0,112.0,112.0,187.0,167.0,112.0,180,ok,180
train/9-00/30.jpg,9,0,112.0,112.0,37.0,112.0,112.0,167.0,270,ok,270
train/9-00/32.jpg,9,0,112.0,112.0,112.0,37.0,57.0,112.0,0,ok,0
train/9-00/35.jpg,9,0,112.0,112.0,112.0,37.0,57.0,112.0,0,ok,0
train/9-00/37.jpg,9,0,112.0,112.0,112.0,37.0,57.0,112.0,0,ok,0
train/9-00/4.jpg,9,0,112.0,112.0,112.0,37.0,57.0,112.0,0,ok,0
train/9-00/45.jpg,9,0,112.0,112.0,112.0,37.0,57.0,112.0,0,ok,0
train/9-00/46.jpg,9,0,112.0,112.0,112.0,37.0,57.0,112.0,0,ok,0
train/9-00/48.jpg,9,0,112.0,112.0,112.0,187.0,167.0,112.0,180,ok,180
train/9-00/49.jpg,9,0,112.0,112.0,37.0,112.0,112.0,167.0,270,ok,270
train/9-00/5.jpg,9,0,112.0,112.0,187.0,112.0,112.0,57.0,90,ok,90
train/9-00/50.jpg,9,0,112.0,112.0,187.0,112.0,112.0,57.0,90,ok,90
train/9-00/51.jpg,9,0,112.0,112.0,112.0,37.0,57.0,112.0,0,ok,0
train/9-00/52.jpg,9,0,112.0,112.0,112.0,37.0,57.0,112.0,0,ok,0
train/9-00/55.jpg,9,0,112.0,112.0,37.0,112.0,112.0,167.0,270,ok,270
train/9-00/56.jpg,9,0,112.0,112.0,112.0,37.0,57.0,112.0,0,ok,0
train/9-00/59.jpg,9,0,112.0,112.0,112.0,37.0,57.0,112.0,0,ok,0
train/9-00/60.jpg,9,0,112.0,112.0,187.0,112.0,112.0,57.0,90,ok,90
train/9-00/61.jpg,9,0,112.0,112.0,187.0,112.0,112.0,57.0,90,ok,90
train/9-00/64.jpg,9,0,112.0,112.0,37.0,112.0,112.0,167.0,270,ok,270
train/9-00/67.jpg,9,0,112.0,112.0,112.0,187.0,167.0,112.0,180,ok,180
train/9-00/69.jpg,9,0,112.0,112.0,112.0,187.0,167.0,112.0,180,ok,180
train/9-00/71.jpg,9,0,112.0,112.0,112.0,187.0,167.0,112.0,180,ok,180
train/9-00/72.jpg,9,0,112.0,112.0,112.0,37.0,57.0,112.0,0,ok,0
train/9-00/8.jpg,9,0,112.0,112.0,112.0,37.0,57.0,112.0,0,ok,0
train/9-00/86.jpg,9,0,112.0,112.0,112.0,37.0,57.0,112.0,0,ok,0
train/9-00/87.jpg,9,0,112.0,112.0,187.0,112.0,112.0,57.0,90,ok,90
train/9-00/88.jpg,9,0,112.0,112.0,187.0,112.0,112.0,57.0,90,ok,90
train/9-00/93.jpg,9,0,112.0,112.0,112.0,187.0,167.0,112.0,180,ok,180
train/9-00/95.jpg,9,0,112.0,112.0,112.0,37.0,57.0,112.0,0,ok,0
train/9-00/96.jpg,9,0,112.0,112.0,112.0,187.0,167.0,112.0,180,ok,180
train/9-00/97.jpg,9,0,112.0,112.0,112.0,37.0,57.0,112.0,0,ok,0
train/9-05/0.jpg,9,5,112.0,112.0,176.95,149.5,114.4,57.05,90,ok,90
train/9-05/1.jpg,9,5,112.0,112.0,149.5,47.05,57.05,109.6,0,ok,0
train/9-05/10.jpg,9,5,112.0,112.0,149.5,47.05,57.05,109.6,0,ok,0
train/9-05/12.jpg,9,5,112.0,112.0,149.5,47.05,57.05,109.6,0,ok,0
train/9-05/13.jpg,9,5,112.0,112.0,47.05,74.5,109.6,166.95,270,ok,270
train/9-05/14.jpg,9,5,112.0,112.0,176.95,149.5,114.4,57.05,90,ok,90
train/9-05/15.jpg,9,5,112.0,112.0,149.5,47.05,57.05,109.6,0,ok,0
train/9-05/16.jpg,9,5,112.0,112.0,74.5,176.95,166.95,114.4,180,ok,180
train/9-05/17.jpg,9,5,112.0,112.0,176.95,149.5,114.4,57.05,90,ok,90
train/9-05/18.jpg,9,5,112.0,112.0,149.5,47.05,57.05,109.6,0,ok,0
train/9-05/19.jpg,9,5,112.0,112.0,149.5,47.05,57.05,109.6,0,ok,0
train/9-05/2.jpg,9,5,112.0,112.0,149.5,47.05,57.05,109.6,0,ok,0
train/9-05/21.jpg,9,5,112.0,112.0,149.5,47.05,57.05,109.6,0,ok,0
train/9-05/22.jpg,9,5,112.0,112.0,74.5,176.95,166.95,114.4,180,ok,180
train/9-05/26.jpg,9,5,112.0,112.0,149.5,47.05,57.05,109.6,0,ok,0
train/9-05/27.jpg,9,5,112.0,112.0,149.5,47.05,57.05,109.6,0,ok,0
train/9-05/28.jpg,9,5,112.0,112.0,176.95,149.5,114.4,57.05,90,ok,90
train/9-05/30.jpg,9,5,112.0,112.0,149.5,47.05,57.05,109.6,0,ok,0
train/9-05/31.jpg,9,5,112.0,112.0,74.5,176.95,166.95,114.4,180,ok,180
train/9-05/33.jpg,9,5,112.0,112.0,47.05,74.5,109.6,166.95,270,ok,270
train/9-05/34.jpg,9,5,112.0,112.0,149.5,47.05,57.05,109.6,0,ok,0
train/9-05/37.jpg,9,5,112.0,112.0,149.5,47.05,57.05,109.6,0,ok,0
train/9-05/4.jpg,9,5,112.0,112.0,176.95,149.5,114.4,57.05,90,ok,90
train/9-05/40.jpg,9,5,112.0,112.0,176.95,149.5,114.4,57.05,90,ok,90
train/9-05/42.jpg,9,5,112.0,112.0,176.95,149.5,114.4,57.05,90,ok,90
train/9-05/44.jpg,9,5,112.0,112.0,74.5,176.95,166.95,114.4,180,ok,180
train/9-05/47.jpg,9,5,112.0,112.0,149.5,47.05,57.05,109.6,0,ok,0
train/9-05/48.jpg,9,5,112.0,112.0,149.5,47.05,57.05,109.6,0,ok,0
train/9-05/49.jpg,9,5,112.0,112.0,47.05,74.5,109.6,166.95,270,ok,270
train/9-05/5.jpg,9,5,112.0,112.0,47.05,74.5,109.6,166.95,270,ok,270
train/9-05/50.jpg,9,5,112.0,112.0,149.5,47.05,57.05,109.6,0,ok,0
train/9-05/51.jpg,9,5,112.0,112.0,47.05,74.5,109.6,166.95,270,ok,270
train/9-05/52.jpg,9,5,112.0,112.0,149.5,47.05,57.05,109.6,0,ok,0
train/9-05/53.jpg,9,5,112.0,112.0,149.5,47.05,57.05,109.6,0,ok,0
train/9-05/57.jpg,9,5,112.0,112.0,149.5,47.05,57.05,109.6,0,ok,0
train/9-05/6.jpg,9,5,112.0,112.0,149.5,47.05,57.05,109.6,0,ok,0
train/9-05/60.jpg,9,5,112.0,112.0,149.5,47.05,57.05,109.6,0,ok,0
train/9-05/62.jpg,9,5,112.0,112.0,149.5,47.05,57.05,109.6,0,ok,0
train/9-05/63.jpg,9,5,112.0,112.0,176.95,149.5,114.4,57.05,90,ok,90
train/9-05/64.jpg,9,5,112.0,112.0,47.05,74.5,109.6,166.95,270,ok,270
train/9-05/66.jpg,9,5,112.0,112.0,47.05,74.5,109.6,166.95,270,ok,270
train/9-05/68.jpg,9,5,112.0,112.0,149.5,47.05,57.05,109.6,0,ok,0
train/9-05/69.jpg,9,5,112.0,112.0,149.5,47.05,57.05,109.6,0,ok,0
train/9-05/7.jpg,9,5,112.0,112.0,149.5,47.05,57.05,109.6,0,ok,0
train/9-05/71.jpg,9,5,112.0,112.0,149.5,47.05,57.05,109.6,0,ok,0
train/9-05/73.jpg,9,5,112.0,112.0,176.95,149.5,114.4,57.05,90,ok,90
train/9-05/74.jpg,9,5,112.0,112.0,149.5,47.05,57.05,109.6,0,ok,0
train/9-05/75.jpg,9,5,112.0,112.0,149.5,47.05,57.05,109.6,0,ok,0
train/9-05/76.jpg,9,5,112.0,112.0,149.5,47.05,57.05,109.6,0,ok,0
train/9-05/77.jpg,9,5,112.0,112.0,176.95,149.5,114.4,57.05,90,ok,90
train/9-05/78.jpg,9,5,112.0,112.0,149.5,47.05,57.05,109.6,0,ok,0
train/9-05/79.jpg,9,5,112.0,112.0,47.05,74.5,109.6,166.95,270,ok,270
train/9-05/80.jpg,9,5,112.0,112.0,149.5,47.05,57.05,109.6,0,ok,0
train/9-05/82.jpg,9,5,112.0,112.0,47.05,74.5,109.6,166.95,270,ok,270
train/9-05/83.jpg,9,5,112.0,112.0,176.95,149.5,114.4,57.05,90,ok,90
train/9-05/84.jpg,9,5,112.0,112.0,47.05,74.5,109.6,166.95,270,ok,270
train/9-05/85.jpg,9,5,112.0,112.0,149.5,47.05,57.05,109.6,0,ok,0
train/9-05/86.jpg,9,5,112.0,112.0,149.5,47.05,57.05,109.6,0,ok,0
train/9-05/87.jpg,9,5,112.0,112.0,149.5,47.05,57.05,109.6,0,ok,0
train/9-05/88.jpg,9,5,112.0,112.0,149.5,47.05,57.05,109.6,0,ok,0
train/9-05/89.jpg,9,5,112.0,112.0,47.05,74.5,109.6,166.95,270,ok,270
train/9-05/90.jpg,9,5,112.0,112.0,74.5,176.95,166.95,114.4,180,ok,180
train/9-05/91.jpg,9,5,112.0,112.0,47.05,74.5,109.6,166.95,270,ok,270
train/9-05/92.jpg,9,5,112.0,112.0,149.5,47.05,57.05,109.6,0,ok,0
train/9-05/94.jpg,9,5,112.0,112.0,47.05,74.5,109.6,166.95,270,ok,270
train/9-05/95.jpg,9,5,112.0,112.0,176.95,149.5,114.4,57.05,90,ok,90
train/9-05/96.jpg,9,5,112.0,112.0,149.5,47.05,57.05,109.6,0,ok,0
train/9-05/97.jpg,9,5,112.0,112.0,149.5,47.05,57.05,109.6,0,ok,0
train/9-05/98.jpg,9,5,112.0,112.0,74.5,176.95,166.95,114.4,180,ok,180
train/9-05/99.jpg,9,5,112.0,112.0,176.95,149.5,114.4,57.05,90,ok,90
train/9-10/1.jpg,9,10,112.0,112.0,176.95,74.5,57.21,107.21,0,ok,0
train/9-10/10.jpg,9,10,112.0,112.0,176.95,74.5,57.21,107.21,0,ok,0
train/9-10/12.jpg,9,10,112.0,112.0,176.95,74.5,57.21,107.21,0,ok,0
train/9-10/13.jpg,9,10,112.0,112.0,176.95,74.5,57.21,107.21,0,ok,0
train/9-10/15.jpg,9,10,112.0,112.0,149.5,176.95,116.79,57.21,90,ok,90
train/9-10/16.jpg,9,10,112.0,112.0,149.5,176.95,116.79,57.21,90,ok,90
train/9-10/17.jpg,9,10,112.0,112.0,176.95,74.5,57.21,107.21,0,ok,0
train/9-10/18.jpg,9,10,112.0,112.0,176.95,74.5,57.21,107.21,0,ok,0
train/9-10/2.jpg,9,10,112.0,112.0,47.05,149.5,166.79,116.79,180,ok,180
train/9-10/20.jpg,9,10,112.0,112.0,176.95,74.5,57.21,107.21,0,ok,0
train/9-10/21.jpg,9,10,112.0,112.0,176.95,74.5,57.21,107.21,0,ok,0
train/9-10/24.jpg,9,10,112.0,112.0,176.95,74.5,57.21,107.21,0,ok,0
train/9-10/25.jpg,9,10,112.0,112.0,149.5,176.95,116.79,57.21,90,ok,90
train/9-10/26.jpg,9,10,112.0,112.0,176.95,74.5,57.21,107.21,0,ok,0
train/9-10/28.jpg,9,10,112.0,112.0,74.5,47.05,107.21,166.79,270,ok,270
train/9-10/29.jpg,9,10,112.0,112.0,176.95,74.5,57.21,107.21,0,ok,0
train/9-10/30.jpg,9,10,112.0,112.0,47.05,149.5,166.79,116.79,180,ok,180
train/9-10/31.jpg,9,10,112.0,112.0,176.95,74.5,57.21,107.21,0,ok,0
train/9-10/32.jpg,9,10,112.0,112.0,74.5,47.05,107.21,166.79,270,ok,270
train/9-10/33.jpg,9,10,112.0,112.0,74.5,47.05,107.21,166.79,270,ok,270
train/9-10/34.jpg,9,10,112.0,112.0,74.5,47.05,107.21,166.79,270,ok,270
train/9-10/36.jpg,9,10,112.0,112.0,74.5,47.05,107.21,166.79,270,ok,270
train/9-10/37.jpg,9,10,112.0,112.0,176.95,74.5,57.21,107.21,0,ok,0
train/9-10/38.jpg,9,10,112.0,112.0,149.5,176.95,116.79,57.21,90,ok,90
train/9-10/40.jpg,9,10,112.0,112.0,74.5,47.05,107.21,166.79,270,ok,270
train/9-10/42.jpg,9,10,112.0,112.0,47.05,149.5,166.79,116.79,180,ok,180
train/9-10/44.jpg,9,10,112.0,112.0,176.95,74.5,57.21,107.21,0,ok,0
train/9-10/45.jpg,9,10,112.0,112.0,176.95,74.5,57.21,107.21,0,ok,0
train/9-10/46.jpg,9,10,112.0,112.0,176.95,74.5,57.21,107.21,0,ok,0
train/9-10/47.jpg,9,10,112.0,112.0,176.95,74.5,57.21,107.21,0,ok,0
train/9-10/49.jpg,9,10,112.0,112.0,74.5,47.05,107.21,166.79,270,ok,270
train/9-10/5.jpg,9,10,112.0,112.0,74.5,47.05,107.21,166.79,270,ok,270
train/9-10/52.jpg,9,10,112.0,112.0,74.5,47.05,107.21,166.79,270,ok,270
train/9-10/53.jpg,9,10,112.0,112.0,176.95,74.5,57.21,107.21,0,ok,0
train/9-10/57.jpg,9,10,112.0,112.0,149.5,176.95,116.79,57.21,90,ok,90
train/9-10/59.jpg,9,10,112.0,112.0,176.95,74.5,57.21,107.21,0,ok,0
train/9-10/60.jpg,9,10,112.0,112.0,149.5,176.95,116.79,57.21,90,ok,90
train/9-10/62.jpg,9,10,112.0,112.0,74.5,47.05,107.21,166.79,270,ok,270
train/9-10/63.jpg,9,10,112.0,112.0,176.95,74.5,57.21,107.21,0,ok,0
train/9-10/64.jpg,9,10,112.0,112.0,176.95,74.5,57.21,107.21,0,ok,0
train/9-10/66.jpg,9,10,112.0,112.0,176.95,74.5,57.21,107.21,0,ok,0
train/9-10/68.jpg,9,10,112.0,112.0,176.95,74.5,57.21,107.21,0,ok,0
train/9-10/69.jpg,9,10,112.0,112.0,149.5,176.95,116.79,57.21,90,ok,90
train/9-10/7.jpg,9,10,112.0,112.0,74.5,47.05,107.21,166.79,270,ok,270
train/9-10/71.jpg,9,10,112.0,112.0,176.95,74.5,57.21,107.21,0,ok,0
train/9-10/72.jpg,9,10,112.0,112.0,176.95,74.5,57.21,107.21,0,ok,0
train/9-10/73.jpg,9,10,112.0,112.0,176.95,74.5,57.21,107.21,0,ok,0
train/9-10/74.jpg,9,10,112.0,112.0,176.95,74.5,57.21,107.21,0,ok,0
train/9-10/75.jpg,9,10,112.0,112.0,176.95,74.5,57.21,107.21,0,ok,0
train/9-10/76.jpg,9,10,112.0,112.0,47.05,149.5,166.79,116.79,180,ok,180
train/9-10/77.jpg,9,10,112.0,112.0,74.5,47.05,107.21,166.79,270,ok,270
train/9-10/79.jpg,9,10,112.0,112.0,47.05,149.5,166.79,116.79,180,ok,180
train/9-10/82.jpg,9,10,112.0,112.0,176.95,74.5,57.21,107.21,0,ok,0
train/9-10/83.jpg,9,10,112.0,112.0,74.5,47.05,107.21,166.79,270,ok,270
train/9-10/84.jpg,9,10,112.0,112.0,176.95,74.5,57.21,107.21,0,ok,0
train/9-10/85.jpg,9,10,112.0,112.0,176.95,74.5,57.21,107.21,0,ok,0
train/9-10/86.jpg,9,10,112.0,112.0,176.95,74.5,57.21,107.21,0,ok,0
train/9-10/87.jpg,9,10,112.0,112.0,74.5,47.05,107.21,166.79,270,ok,270
train/9-10/88.jpg,9,10,112.0,112.0,176.95,74.5,57.21,107.21,0,ok,0
train/9-10/90.jpg,9,10,112.0,112.0,74.5,47.05,107.21,166.79,270,ok,270
train/9-10/91.jpg,9,10,112.0,112.0,47.05,149.5,166.79,116.79,180,ok,180
train/9-10/92.jpg,9,10,112.0,112.0,176.95,74.5,57.21,107.21,0,ok,0
train/9-10/93.jpg,9,10,112.0,112.0,176.95,74.5,57.21,107.21,0,ok,0
train/9-10/95.jpg,9,10,112.0,112.0,176.95,74.5,57.21,107.21,0,ok,0
train/9-10/96.jpg,9,10,112.0,112.0,176.95,74.5,57.21,107.21,0,ok,0
train/9-10/97.jpg,9,10,112.0,112.0,176.95,74.5,57.21,107.21,0,ok,0
train/9-10/98.jpg,9,10,112.0,112.0,176.95,74.5,57.21,107.21,0,ok,0
train/9-10/99.jpg,9,10,112.0,112.0,176.95,74.5,57.21,107.21,0,ok,0
train/9-15/0.jpg,9,15,112.0,112.0,37.0,112.0,166.53,119.18,180,ok,180
train/9-15/1.jpg,9,15,112.0,112.0,187.0,112.0,57.47,104.82,0,ok,0
train/9-15/10.jpg,9,15,112.0,112.0,187.0,112.0,57.47,104.82,0,ok,0
train/9-15/13.jpg,9,15,112.0,112.0,112.0,187.0,119.18,57.47,90,ok,90
train/9-15/15.jpg,9,15,112.0,112.0,37.0,112.0,166.53,119.18,180,ok,180
train/9-15/16.jpg,9,15,112.0,112.0,37.0,112.0,166.53,119.18,180,ok,180
train/9-15/17.jpg,9,15,112.0,112.0,37.0,112.0,166.53,119.18,180,ok,180
train/9-15/18.jpg,9,15,112.0,112.0,187.0,112.0,57.47,104.82,0,ok,0
train/9-15/2.jpg,9,15,112.0,112.0,112.0,187.0,119.18,57.47,90,ok,90
train/9-15/20.jpg,9,15,112.0,112.0,187.0,112.0,57.47,104.82,0,ok,0
train/9-15/24.jpg,9,15,112.0,112.0,112.0,187.0,119.18,57.47,90,ok,90
train/9-15/27.jpg,9,15,112.0,112.0,112.0,37.0,104.82,166.53,270,ok,270
train/9-15/3.jpg,9,15,112.0,112.0,37.0,112.0,166.53,119.18,180,ok,180
train/9-15/30.jpg,9,15,112.0,112.0,37.0,112.0,166.53,119.18,180,ok,180
train/9-15/31.jpg,9,15,112.0,112.0,37.0,112.0,166.53,119.18,180,ok,180
train/9-15/32.jpg,9,15,112.0,112.0,37.0,112.0,166.53,119.18,180,ok,180
train/9-15/34.jpg,9,15,112.0,112.0,187.0,112.0,57.47,104.82,0,ok,0
train/9-15/37.jpg,9,15,112.0,112.0,37.0,112.0,166.53,119.18,180,ok,180
train/9-15/4.jpg,9,15,112.0,112.0,112.0,187.0,119.18,57.47,90,ok,90
train/9-15/42.jpg,9,15,112.0,112.0,112.0,187.0,119.18,57.47,90,ok,90
train/9-15/43.jpg,9,15,112.0,112.0,37.0,112.0,166.53,119.18,180,ok,180
train/9-15/44.jpg,9,15,112.0,112.0,112.0,37.0,104.82,166.53,270,ok,270
train/9-15/45.jpg,9,15,112.0,112.0,112.0,187.0,119.18,57.47,90,ok,90
train/9-15/46.jpg,9,15,112.0,112.0,37.0,112.0,166.53,119.18,180,ok,180
train/9-15/47.jpg,9,15,112.0,112.0,37.0,112.0,166.53,119.18,180,ok,180
train/9-15/49.jpg,9,15,112.0,112.0,112.0,37.0,104.82,166.53,270,ok,270
train/9-15/5.jpg,9,15,112.0,112.0,187.0,112.0,57.47,104.82,0,ok,0
train/9-15/50.jpg,9,15,112.0,112.0,187.0,112.0,57.47,104.82,0,ok,0
train/9-15/51.jpg,9,15,112.0,112.0,187.0,112.0,57.47,104.82,0,ok,0
train/9-15/52.jpg,9,15,112.0,112.0,112.0,187.0,119.18,57.47,90,ok,90
train/9-15/53.jpg,9,15,112.0,112.0,112.0,187.0,119.18,57.47,90,ok,90
train/9-15/56.jpg,9,15,112.0,112.0,187.0,112.0,57.47,104.82,0,ok,0
train/9-15/57.jpg,9,15,112.0,112.0,112.0,37.0,104.82,166.53,270,ok,270
train/9-15/58.jpg,9,15,112.0,112.0,37.0,112.0,166.53,119.18,180,ok,180
train/9-15/59.jpg,9,15,112.0,112.0,187.0,112.0,57.47,104.82,0,ok,0
train/9-15/60.jpg,9,15,112.0,112.0,187.0,112.0,57.47,104.82,0,ok,0
train/9-15/61.jpg,9,15,112.0,112.0,112.0,187.0,119.18,57.47,90,ok,90
train/9-15/62.jpg,9,15,112.0,112.0,37.0,112.0,166.53,119.18,180,ok,180
train/9-15/63.jpg,9,15,112.0,112.0,37.0,112.0,166.53,119.18,180,ok,180
train/9-15/64.jpg,9,15,112.0,112.0,112.0,37.0,104.82,166.53,270,ok,270
train/9-15/66.jpg,9,15,112.0,112.0,37.0,112.0,166.53,119.18,180,ok,180
train/9-15/67.jpg,9,15,112.0,112.0,37.0,112.0,166.53,119.18,180,ok,180
train/9-15/73.jpg,9,15,112.0,112.0,37.0,112.0,166.53,119.18,180,ok,180
train/9-15/74.jpg,9,15,112.0,112.0,37.0,112.0,166.53,119.18,180,ok,180
train/9-15/76.jpg,9,15,112.0,112.0,187.0,112.0,57.47,104.82,0,ok,0
train/9-15/77.jpg,9,15,112.0,112.0,37.0,112.0,166.53,119.18,180,ok,180
train/9-15/79.jpg,9,15,112.0,112.0,37.0,112.0,166.53,119.18,180,ok,180
train/9-15/8.jpg,9,15,112.0,112.0,37.0,112.0,166.53,119.18,180,ok,180
train/9-15/80.jpg,9,15,112.0,112.0,187.0,112.0,57.47,104.82,0,ok,0
train/9-15/82.jpg,9,15,112.0,112.0,112.0,187.0,119.18,57.47,90,ok,90
train/9-15/83.jpg,9,15,112.0,112.0,187.0,112.0,57.47,104.82,0,ok,0
train/9-15/84.jpg,9,15,112.0,112.0,112.0,37.0,104.82,166.53,270,ok,270
train/9-15/85.jpg,9,15,112.0,112.0,112.0,187.0,119.18,57.47,90,ok,90
train/9-15/86.jpg,9,15,112.0,112.0,112.0,187.0,119.18,57.47,90,ok,90
train/9-15/87.jpg,9,15,112.0,112.0,37.0,112.0,166.53,119.18,180,ok,180
train/9-15/88.jpg,9,15,112.0,112.0,37.0,112.0,166.53,119.18,180,ok,180
train/9-15/89.jpg,9,15,112.0,112.0,37.0,112.0,166.53,119.18,180,ok,180
train/9-15/9.jpg,9,15,112.0,112.0,112.0,187.0,119.18,57.47,90,ok,90
train/9-15/90.jpg,9,15,112.0,112.0,187.0,112.0,57.47,104.82,0,ok,0
train/9-15/91.jpg,9,15,112.0,112.0,37.0,112.0,166.53,119.18,180,ok,180
train/9-15/95.jpg,9,15,112.0,112.0,187.0,112.0,57.47,104.82,0,ok,0
train/9-15/97.jpg,9,15,112.0,112.0,112.0,187.0,119.18,57.47,90,ok,90
train/9-15/98.jpg,9,15,112.0,112.0,37.0,112.0,166.53,119.18,180,ok,180
train/9-15/99.jpg,9,15,112.0,112.0,37.0,112.0,166.53,119.18,180,ok,180
train/9-20/0.jpg,9,20,112.0,112.0,149.5,47.05,102.45,166.16,270,ok,270
train/9-20/1.jpg,9,20,112.0,112.0,74.5,176.95,121.55,57.84,90,ok,90
train/9-20/10.jpg,9,20,112.0,112.0,176.95,149.5,57.84,102.45,0,ok,0
train/9-20/13.jpg,9,20,112.0,112.0,47.05,74.5,166.16,121.55,180,ok,180
train/9-20/14.jpg,9,20,112.0,112.0,176.95,149.5,57.84,102.45,0,ok,0
train/9-20/15.jpg,9,20,112.0,112.0,176.95,149.5,57.84,102.45,0,ok,0
train/9-20/17.jpg,9,20,112.0,112.0,74.5,176.95,121.55,57.84,90,ok,90
train/9-20/18.jpg,9,20,112.0,112.0,176.95,149.5,57.84,102.45,0,ok,0
train/9-20/19.jpg,9,20,112.0,112.0,74.5,176.95,121.55,57.84,90,ok,90
train/9-20/2.jpg,9,20,112.0,112.0,47.05,74.5,166.16,121.55,180,ok,180
train/9-20/20.jpg,9,20,112.0,112.0,74.5,176.95,121.55,57.84,90,ok,90
train/9-20/21.jpg,9,20,112.0,112.0,149.5,47.05,102.45,166.16,270,ok,270
train/9-20/22.jpg,9,20,112.0,112.0,149.5,47.05,102.45,166.16,270,ok,270
train/9-20/25.jpg,9,20,112.0,112.0,74.5,176.95,121.55,57.84,90,ok,90
train/9-20/27.jpg,9,20,112.0,112.0,176.95,149.5,57.84,102.45,0,ok,0
train/9-20/3.jpg,9,20,112.0,112.0,74.5,176.95,121.55,57.84,90,ok,90
train/9-20/30.jpg,9,20,112.0,112.0,176.95,149.5,57.84,102.45,0,ok,0
train/9-20/34.jpg,9,20,112.0,112.0,176.95,149.5,57.84,102.45,0,ok,0
train/9-20/37.jpg,9,20,112.0,112.0,74.5,176.95,121.55,57.84,90,ok,90
train/9-20/38.jpg,9,20,112.0,112.0,176.95,149.5,57.84,102.45,0,ok,0
train/9-20/4.jpg,9,20,112.0,112.0,149.5,47.05,102.45,166.16,270,ok,270
train/9-20/40.jpg,9,20,112.0,112.0,149.5,47.05,102.45,166.16,270,ok,270
train/9-20/42.jpg,9,20,112.0,112.0,149.5,47.05,102.45,166.16,270,ok,270
train/9-20/44.jpg,9,20,112.0,112.0,47.05,74.5,166.16,121.55,180,ok,180
train/9-20/45.jpg,9,20,112.0,112.0,176.95,149.5,57.84,102.45,0,ok,0
train/9-20/46.jpg,9,20,112.0,112.0,47.05,74.5,166.16,121.55,180,ok,180
train/9-20/47.jpg,9,20,112.0,112.0,47.05,74.5,166.16,121.55,180,ok,180
train/9-20/48.jpg,9,20,112.0,112.0,47.05,74.5,166.16,121.55,180,ok,180
train/9-20/49.jpg,9,20,112.0,112.0,176.95,149.5,57.84,102.45,0,ok,0
train/9-20/50.jpg,9,20,112.0,112.0,74.5,176.95,121.55,57.84,90,ok,90
train/9-20/51.jpg,9,20,112.0,112.0,176.95,149.5,57.84,102.45,0,ok,0
train/9-20/52.jpg,9,20,112.0,112.0,74.5,176.95,121.55,57.84,90,ok,90
train/9-20/57.jpg,9,20,112.0,112.0,176.95,149.5,57.84,102.45,0,ok,0
train/9-20/62.jpg,9,20,112.0,112.0,176.95,149.5,57.84,102.45,0,ok,0
train/9-20/63.jpg,9,20,112.0,112.0,176.95,149.5,57.84,102.45,0,ok,0
train/9-20/64.jpg,9,20,112.0,112.0,176.95,149.5,57.84,102.45,0,ok,0
train/9-20/66.jpg,9,20,112.0,112.0,176.95,149.5,57.84,102.45,0,ok,0
train/9-20/67.jpg,9,20,112.0,112.0,176.95,149.5,57.84,102.45,0,ok,0
train/9-20/69.jpg,9,20,112.0,112.0,176.95,149.5,57.84,102.45,0,ok,0
train/9-20/7.jpg,9,20,112.0,112.0,74.5,176.95,121.55,57.84,90,ok,90
train/9-20/71.jpg,9,20,112.0,112.0,149.5,47.05,102.45,166.16,270,ok,270
train/9-20/72.jpg,9,20,112.0,112.0,74.5,176.95,121.55,57.84,90,ok,90
train/9-20/73.jpg,9,20,112.0,112.0,176.95,149.5,57.84,102.45,0,ok,0
train/9-20/74.jpg,9,20,112.0,112.0,74.5,176.95,121.55,57.84,90,ok,90
train/9-20/75.jpg,9,20,112.0,112.0,74.5,176.95,121.55,57.84,90,ok,90
train/9-20/76.jpg,9,20,112.0,112.0,149.5,47.05,102.45,166.16,270,ok,270
train/9-20/77.jpg,9,20,112.0,112.0,176.95,149.5,57.84,102.45,0,ok,0
train/9-20/78.jpg,9,20,112.0,112.0,149.5,47.05,102.45,166.16,270,ok,270
train/9-20/79.jpg,9,20,112.0,112.0,176.95,149.5,57.84,102.45,0,ok,0
train/9-20/8.jpg,9,20,112.0,112.0,47.05,74.5,166.16,121.55,180,ok,180
train/9-20/81.jpg,9,20,112.0,112.0,149.5,47.05,102.45,166.16,270,ok,270
train/9-20/82.jpg,9,20,112.0,112.0,176.95,149.5,57.84,102.45,0,ok,0
train/9-20/83.jpg,9,20,112.0,112.0,74.5,176.95,121.55,57.84,90,ok,90
train/9-20/84.jpg,9,20,112.0,112.0,176.95,149.5,57.84,102.45,0,ok,0
train/9-20/85.jpg,9,20,112.0,112.0,149.5,47.05,102.45,166.16,270,ok,270
train/9-20/86.jpg,9,20,112.0,112.0,176.95,149.5,57.84,102.45,0,ok,0
train/9-20/9.jpg,9,20,112.0,112.0,176.95,149.5,57.84,102.45,0,ok,0
train/9-20/90.jpg,9,20,112.0,112.0,176.95,149.5,57.84,102.45,0,ok,0
train/9-20/91.jpg,9,20,112.0,112.0,149.5,47.05,102.45,166.16,270,ok,270
train/9-20/92.jpg,9,20,112.0,112.0,47.05,74.5,166.16,121.55,180,ok,180
train/9-20/93.jpg,9,20,112.0,112.0,149.5,47.05,102.45,166.16,270,ok,270
train/9-20/94.jpg,9,20,112.0,112.0,47.05,74.5,166.16,121.55,180,ok,180
train/9-20/95.jpg,9,20,112.0,112.0,149.5,47.05,102.45,166.16,270,ok,270
train/9-20/98.jpg,9,20,112.0,112.0,176.95,149.5,57.84,102.45,0,ok,0
train/9-20/99.jpg,9,20,112.0,112.0,47.05,74.5,166.16,121.55,180,ok,180
train/9-25/0.jpg,9,25,112.0,112.0,149.5,176.95,58.3,100.1,0,ok,0
train/9-25/1.jpg,9,25,112.0,112.0,47.05,149.5,123.9,58.3,90,ok,90
train/9-25/10.jpg,9,25,112.0,112.0,74.5,47.05,165.7,123.9,180,ok,180
train/9-25/12.jpg,9,25,112.0,112.0,74.5,47.05,165.7,123.9,180,ok,180
train/9-25/15.jpg,9,25,112.0,112.0,176.95,74.5,100.1,165.7,270,ok,270
train/9-25/17.jpg,9,25,112.0,112.0,149.5,176.95,58.3,100.1,0,ok,0
train/9-25/19.jpg,9,25,112.0,112.0,149.5,176.95,58.3,100.1,0,ok,0
train/9-25/2.jpg,9,25,112.0,112.0,149.5,176.95,58.3,100.1,0,ok,0
train/9-25/20.jpg,9,25,112.0,112.0,47.05,149.5,123.9,58.3,90,ok,90
train/9-25/24.jpg,9,25,112.0,112.0,149.5,176.95,58.3,100.1,0,ok,0
train/9-25/25.jpg,9,25,112.0,112.0,149.5,176.95,58.3,100.1,0,ok,0
train/9-25/26.jpg,9,25,112.0,112.0,176.95,74.5,100.1,165.7,270,ok,270
train/9-25/27.jpg,9,25,112.0,112.0,74.5,47.05,165.7,123.9,180,ok,180
train/9-25/29.jpg,9,25,112.0,112.0,176.95,74.5,100.1,165.7,270,ok,270
train/9-25/3.jpg,9,25,112.0,112.0,47.05,149.5,123.9,58.3,90,ok,90
train/9-25/31.jpg,9,25,112.0,112.0,74.5,47.05,165.7,123.9,180,ok,180
train/9-25/32.jpg,9,25,112.0,112.0,176.95,74.5,100.1,165.7,270,ok,270
train/9-25/33.jpg,9,25,112.0,112.0,149.5,176.95,58.3,100.1,0,ok,0
train/9-25/34.jpg,9,25,112.0,112.0,149.5,176.95,58.3,100.1,0,ok,0
train/9-25/35.jpg,9,25,112.0,112.0,149.5,176.95,58.3,100.1,0,ok,0
train/9-25/40.jpg,9,25,112.0,112.0,149.5,176.95,58.3,100.1,0,ok,0
train/9-25/42.jpg,9,25,112.0,112.0,149.5,176.95,58.3,100.1,0,ok,0
train/9-25/44.jpg,9,25,112.0,112.0,149.5,176.95,58.3,100.1,0,ok,0
train/9-25/45.jpg,9,25,112.0,112.0,74.5,47.05,165.7,123.9,180,ok,180
train/9-25/46.jpg,9,25,112.0,112.0,74.5,47.05,165.7,123.9,180,ok,180
train/9-25/48.jpg,9,25,112.0,112.0,176.95,74.5,100.1,165.7,270,ok,270
train/9-25/49.jpg,9,25,112.0,112.0,149.5,176.95,58.3,100.1,0,ok,0
train/9-25/51.jpg,9,25,112.0,112.0,149.5,176.95,58.3,100.1,0,ok,0
train/9-25/53.jpg,9,25,112.0,112.0,47.05,149.5,123.9,58.3,90,ok,90
train/9-25/58.jpg,9,25,112.0,112.0,176.95,74.5,100.1,165.7,270,ok,270
train/9-25/60.jpg,9,25,112.0,112.0,74.5,47.05,165.7,123.9,180,ok,180
train/9-25/61.jpg,9,25,112.0,112.0,149.5,176.95,58.3,100.1,0,ok,0
train/9-25/62.jpg,9,25,112.0,112.0,176.95,74.5,100.1,165.7,270,ok,270
train/9-25/63.jpg,9,25,112.0,112.0,149.5,176.95,58.3,100.1,0,ok,0
train/9-25/64.jpg,9,25,112.0,112.0,149.5,176.95,58.3,100.1,0,ok,0
train/9-25/66.jpg,9,25,112.0,112.0,149.5,176.95,58.3,100.1,0,ok,0
train/9-25/67.jpg,9,25,112.0,112.0,176.95,74.5,100.1,165.7,270,ok,270
train/9-25/69.jpg,9,25,112.0,112.0,176.95,74.5,100.1,165.7,270,ok,270
train/9-25/7.jpg,9,25,112.0,112.0,149.5,176.95,58.3,100.1,0,ok,0
train/9-25/72.jpg,9,25,112.0,112.0,149.5,176.95,58.3,100.1,0,ok,0
train/9-25/73.jpg,9,25,112.0,112.0,47.05,149.5,123.9,58.3,90,ok,90
train/9-25/74.jpg,9,25,112.0,112.0,149.5,176.95,58.3,100.1,0,ok,0
train/9-25/75.jpg,9,25,112.0,112.0,149.5,176.95,58.3,100.1,0,ok,0
train/9-25/76.jpg,9,25,112.0,112.0,149.5,176.95,58.3,100.1,0,ok,0
train/9-25/77.jpg,9,25,112.0,112.0,74.5,47.05,165.7,123.9,180,ok,180
train/9-25/78.jpg,9,25,112.0,112.0,74.5,47.05,165.7,123.9,180,ok,180
train/9-25/79.jpg,9,25,112.0,112.0,47.05,149.5,123.9,58.3,90,ok,90
train/9-25/8.jpg,9,25,112.0,112.0,149.5,176.95,58.3,100.1,0,ok,0
train/9-25/80.jpg,9,25,112.0,112.0,149.5,176.95,58.3,100.1,0,ok,0
train/9-25/82.jpg,9,25,112.0,112.0,149.5,176.95,58.3,100.1,0,ok,0
train/9-25/83.jpg,9,25,112.0,112.0,149.5,176.95,58.3,100.1,0,ok,0
train/9-25/84.jpg,9,25,112.0,112.0,149.5,176.95,58.3,100.1,0,ok,0
train/9-25/85.jpg,9,25,112.0,112.0,176.95,74.5,100.1,165.7,270,ok,270
train/9-25/86.jpg,9,25,112.0,112.0,176.95,74.5,100.1,165.7,270,ok,270
train/9-25/87.jpg,9,25,112.0,112.0,149.5,176.95,58.3,100.1,0,ok,0
train/9-25/88.jpg,9,25,112.0,112.0,47.05,149.5,123.9,58.3,90,ok,90
train/9-25/89.jpg,9,25,112.0,112.0,149.5,176.95,58.3,100.1,0,ok,0
train/9-25/9.jpg,9,25,112.0,112.0,47.05,149.5,123.9,58.3,90,ok,90
train/9-25/90.jpg,9,25,112.0,112.0,176.95,74.5,100.1,165.7,270,ok,270
train/9-25/91.jpg,9,25,112.0,112.0,149.5,176.95,58.3,100.1,0,ok,0
train/9-25/92.jpg,9,25,112.0,112.0,176.95,74.5,100.1,165.7,270,ok,270
train/9-25/93.jpg,9,25,112.0,112.0,176.95,74.5,100.1,165.7,270,ok,270
train/9-25/95.jpg,9,25,112.0,112.0,47.05,149.5,123.9,58.3,90,ok,90
train/9-25/96.jpg,9,25,112.0,112.0,149.5,176.95,58.3,100.1,0,ok,0
train/9-25/97.jpg,9,25,112.0,112.0,74.5,47.05,165.7,123.9,180,ok,180
train/9-25/99.jpg,9,25,112.0,112.0,74.5,47.05,165.7,123.9,180,ok,180
train/9-30/10.jpg,9,30,112.0,112.0,112.0,187.0,58.87,97.76,0,ok,0
train/9-30/12.jpg,9,30,112.0,112.0,112.0,187.0,58.87,97.76,0,ok,0
train/9-30/15.jpg,9,30,112.0,112.0,112.0,187.0,58.87,97.76,0,ok,0
train/9-30/17.jpg,9,30,112.0,112.0,37.0,112.0,126.24,58.87,90,ok,90
train/9-30/19.jpg,9,30,112.0,112.0,37.0,112.0,126.24,58.87,90,ok,90
train/9-30/2.jpg,9,30,112.0,112.0,187.0,112.0,97.76,165.13,270,ok,270
train/9-30/24.jpg,9,30,112.0,112.0,37.0,112.0,126.24,58.87,90,ok,90
train/9-30/25.jpg,9,30,112.0,112.0,112.0,187.0,58.87,97.76,0,ok,0
train/9-30/26.jpg,9,30,112.0,112.0,37.0,112.0,126.24,58.87,90,ok,90
train/9-30/28.jpg,9,30,112.0,112.0,112.0,37.0,165.13,126.24,180,ok,180
train/9-30/29.jpg,9,30,112.0,112.0,112.0,187.0,58.87,97.76,0,ok,0
train/9-30/30.jpg,9,30,112.0,112.0,112.0,187.0,58.87,97.76,0,ok,0
train/9-30/31.jpg,9,30,112.0,112.0,187.0,112.0,97.76,165.13,270,ok,270
train/9-30/32.jpg,9,30,112.0,112.0,37.0,112.0,126.24,58.87,90,ok,90
train/9-30/34.jpg,9,30,112.0,112.0,112.0,187.0,58.87,97.76,0,ok,0
train/9-30/35.jpg,9,30,112.0,112.0,112.0,37.0,165.13,126.24,180,ok,180
train/9-30/36.jpg,9,30,112.0,112.0,112.0,37.0,165.13,126.24,180,ok,180
train/9-30/38.jpg,9,30,112.0,112.0,37.0,112.0,126.24,58.87,90,ok,90
train/9-30/43.jpg,9,30,112.0,112.0,112.0,187.0,58.87,97.76,0,ok,0
train/9-30/44.jpg,9,30,112.0,112.0,112.0,37.0,165.13,126.24,180,ok,180
train/9-30/45.jpg,9,30,112.0,112.0,112.0,187.0,58.87,97.76,0,ok,0
train/9-30/47.jpg,9,30,112.0,112.0,112.0,187.0,58.87,97.76,0,ok,0
train/9-30/5.jpg,9,30,112.0,112.0,112.0,187.0,58.87,97.76,0,ok,0
train/9-30/50.jpg,9,30,112.0,112.0,112.0,187.0,58.87,97.76,0,ok,0
train/9-30/51.jpg,9,30,112.0,112.0,112.0,37.0,165.13,126.24,180,ok,180
train/9-30/52.jpg,9,30,112.0,112.0,187.0,112.0,97.76,165.13,270,ok,270
train/9-30/53.jpg,9,30,112.0,112.0,37.0,112.0,126.24,58.87,90,ok,90
train/9-30/56.jpg,9,30,112.0,112.0,112.0,187.0,58.87,97.76,0,ok,0
train/9-30/57.jpg,9,30,112.0,112.0,112.0,187.0,58.87,97.76,0,ok,0
train/9-30/58.jpg,9,30,112.0,112.0,187.0,112.0,97.76,165.13,270,ok,270
train/9-30/59.jpg,9,30,112.0,112.0,112.0,187.0,58.87,97.76,0,ok,0
train/9-30/60.jpg,9,30,112.0,112.0,112.0,187.0,58.87,97.76,0,ok,0
train/9-30/62.jpg,9,30,112.0,112.0,37.0,112.0,126.24,58.87,90,ok,90
train/9-30/63.jpg,9,30,112.0,112.0,112.0,187.0,58.87,97.76,0,ok,0
train/9-30/64.jpg,9,30,112.0,112.0,112.0,187.0,58.87,97.76,0,ok,0
train/9-30/65.jpg,9,30,112.0,112.0,112.0,187.0,58.87,97.76,0,ok,0
train/9-30/67.jpg,9,30,112.0,112.0,112.0,187.0,58.87,97.76,0,ok,0
train/9-30/7.jpg,9,30,112.0,112.0,187.0,112.0,97.76,165.13,270,ok,270
train/9-30/72.jpg,9,30,112.0,112.0,112.0,187.0,58.87,97.76,0,ok,0
train/9-30/73.jpg,9,30,112.0,112.0,112.0,187.0,58.87,97.76,0,ok,0
train/9-30/74.jpg,9,30,112.0,112.0,112.0,37.0,165.13,126.24,180,ok,180
train/9-30/76.jpg,9,30,112.0,112.0,112.0,187.0,58.87,97.76,0,ok,0
train/9-30/8.jpg,9,30,112.0,112.0,112.0,187.0,58.87,97.76,0,ok,0
train/9-30/80.jpg,9,30,112.0,112.0,187.0,112.0,97.76,165.13,270,ok,270
train/9-30/82.jpg,9,30,112.0,112.0,112.0,37.0,165.13,126.24,180,ok,180
train/9-30/83.jpg,9,30,112.0,112.0,187.0,112.0,97.76,165.13,270,ok,270
train/9-30/84.jpg,9,30,112.0,112.0,112.0,187.0,58.87,97.76,0,ok,0
train/9-30/85.jpg,9,30,112.0,112.0,37.0,112.0,126.24,58.87,90,ok,90
train/9-30/86.jpg,9,30,112.0,112.0,37.0,112.0,126.24,58.87,90,ok,90
train/9-30/87.jpg,9,30,112.0,112.0,112.0,187.0,58.87,97.76,0,ok,0
train/9-30/88.jpg,9,30,112.0,112.0,112.0,187.0,58.87,97.76,0,ok,0
train/9-30/9.jpg,9,30,112.0,112.0,112.0,187.0,58.87,97.76,0,ok,0
train/9-30/93.jpg,9,30,112.0,112.0,187.0,112.0,97.76,165.13,270,ok,270
train/9-30/94.jpg,9,30,112.0,112.0,37.0,112.0,126.24,58.87,90,ok,90
train/9-30/95.jpg,9,30,112.0,112.0,112.0,187.0,58.87,97.76,0,ok,0
train/9-30/96.jpg,9,30,112.0,112.0,112.0,187.0,58.87,97.76,0,ok,0
train/9-30/97.jpg,9,30,112.0,112.0,112.0,187.0,58.87,97.76,0,ok,0
train/9-30/99.jpg,9,30,112.0,112.0,112.0,37.0,165.13,126.24,180,ok,180
train/9-35/0.jpg,9,35,112.0,112.0,47.05,74.5,128.54,59.55,90,ok,90
train/9-35/1.jpg,9,35,112.0,112.0,74.5,176.95,59.55,95.46,0,ok,0
train/9-35/13.jpg,9,35,112.0,112.0,47.05,74.5,128.54,59.55,90,ok,90
train/9-35/15.jpg,9,35,112.0,112.0,74.5,176.95,59.55,95.46,0,ok,0
train/9-35/16.jpg,9,35,112.0,112.0,176.95,149.5,95.46,164.45,270,ok,270
train/9-35/17.jpg,9,35,112.0,112.0,176.95,149.5,95.46,164.45,270,ok,270
train/9-35/18.jpg,9,35,112.0,112.0,74.5,176.95,59.55,95.46,0,ok,0
train/9-35/19.jpg,9,35,112.0,112.0,149.5,47.05,164.45,128.54,180,ok,180
train/9-35/2.jpg,9,35,112.0,112.0,176.95,149.5,95.46,164.45,270,ok,270
train/9-35/20.jpg,9,35,112.0,112.0,74.5,176.95,59.55,95.46,0,ok,0
train/9-35/21.jpg,9,35,112.0,112.0,176.95,149.5,95.46,164.45,270,ok,270
train/9-35/24.jpg,9,35,112.0,112.0,74.5,176.95,59.55,95.46,0,ok,0
train/9-35/28.jpg,9,35,112.0,112.0,74.5,176.95,59.55,95.46,0,ok,0
train/9-35/29.jpg,9,35,112.0,112.0,47.05,74.5,128.54,59.55,90,ok,90
train/9-35/30.jpg,9,35,112.0,112.0,149.5,47.05,164.45,128.54,180,ok,180
train/9-35/31.jpg,9,35,112.0,112.0,176.95,149.5,95.46,164.45,270,ok,270
train/9-35/34.jpg,9,35,112.0,112.0,149.5,47.05,164.45,128.54,180,ok,180
train/9-35/37.jpg,9,35,112.0,112.0,176.95,149.5,95.46,164.45,270,ok,270
train/9-35/38.jpg,9,35,112.0,112.0,149.5,47.05,164.45,128.54,180,ok,180
train/9-35/4.jpg,9,35,112.0,112.0,74.5,176.95,59.55,95.46,0,ok,0
train/9-35/40.jpg,9,35,112.0,112.0,74.5,176.95,59.55,95.46,0,ok,0
train/9-35/42.jpg,9,35,112.0,112.0,74.5,176.95,59.55,95.46,0,ok,0
train/9-35/46.jpg,9,35,112.0,112.0,47.05,74.5,128.54,59.55,90,ok,90
train/9-35/47.jpg,9,35,112.0,112.0,149.5,47.05,164.45,128.54,180,ok,180
train/9-35/5.jpg,9,35,112.0,112.0,74.5,176.95,59.55,95.46,0,ok,0
train/9-35/50.jpg,9,35,112.0,112.0,149.5,47.05,164.45,128.54,180,ok,180
train/9-35/51.jpg,9,35,112.0,112.0,176.95,149.5,95.46,164.45,270,ok,270
train/9-35/52.jpg,9,35,112.0,112.0,74.5,176.95,59.55,95.46,0,ok,0
train/9-35/53.jpg,9,35,112.0,112.0,74.5,176.95,59.55,95.46,0,ok,0
train/9-35/56.jpg,9,35,112.0,112.0,74.5,176.95,59.55,95.46,0,ok,0
train/9-35/57.jpg,9,35,112.0,112.0,47.05,74.5,128.54,59.55,90,ok,90
train/9-35/58.jpg,9,35,112.0,112.0,149.5,47.05,164.45,128.54,180,ok,180
train/9-35/6.jpg,9,35,112.0,112.0,74.5,176.95,59.55,95.46,0,ok,0
train/9-35/60.jpg,9,35,112.0,112.0,74.5,176.95,59.55,95.46,0,ok,0
train/9-35/62.jpg,9,35,112.0,112.0,74.5,176.95,59.55,95.46,0,ok,0
train/9-35/63.jpg,9,35,112.0,112.0,74.5,176.95,59.55,95.46,0,ok,0
train/9-35/64.jpg,9,35,112.0,112.0,74.5,176.95,59.55,95.46,0,ok,0
train/9-35/66.jpg,9,35,112.0,112.0,47.05,74.5,128.54,59.55,90,ok,90
train/9-35/7.jpg,9,35,112.0,112.0,149.5,47.05,164.45,128.54,180,ok,180
train/9-35/72.jpg,9,35,112.0,112.0,74.5,176.95,59.55,95.46,0,ok,0
train/9-35/73.jpg,9,35,112.0,112.0,74.5,176.95,59.55,95.46,0,ok,0
train/9-35/75.jpg,9,35,112.0,112.0,74.5,176.95,59.55,95.46,0,ok,0
train/9-35/79.jpg,9,35,112.0,112.0,149.5,47.05,164.45,128.54,180,ok,180
train/9-35/8.jpg,9,35,112.0,112.0,74.5,176.95,59.55,95.46,0,ok,0
train/9-35/80.jpg,9,35,112.0,112.0,74.5,176.95,59.55,95.46,0,ok,0
train/9-35/82.jpg,9,35,112.0,112.0,74.5,176.95,59.55,95.46,0,ok,0
train/9-35/85.jpg,9,35,112.0,112.0,74.5,176.95,59.55,95.46,0,ok,0
train/9-35/86.jpg,9,35,112.0,112.0,74.5,176.95,59.55,95.46,0,ok,0
train/9-35/88.jpg,9,35,112.0,112.0,74.5,176.95,59.55,95.46,0,ok,0
train/9-35/89.jpg,9,35,112.0,112.0,74.5,176.95,59.55,95.46,0,ok,0
train/9-35/9.jpg,9,35,112.0,112.0,74.5,176.95,59.55,95.46,0,ok,0
train/9-35/90.jpg,9,35,112.0,112.0,176.95,149.5,95.46,164.45,270,ok,270
train/9-35/93.jpg,9,35,112.0,112.0,176.95,149.5,95.46,164.45,270,ok,270
train/9-35/95.jpg,9,35,112.0,112.0,74.5,176.95,59.55,95.46,0,ok,0
train/9-35/96.jpg,9,35,112.0,112.0,176.95,149.5,95.46,164.45,270,ok,270
train/9-35/97.jpg,9,35,112.0,112.0,74.5,176.95,59.55,95.46,0,ok,0
train/9-35/98.jpg,9,35,112.0,112.0,74.5,176.95,59.55,95.46,0,ok,0
train/9-35/99.jpg,9,35,112.0,112.0,74.5,176.95,59.55,95.46,0,ok,0
train/9-40/1.jpg,9,40,112.0,112.0,176.95,74.5,163.68,130.81,180,ok,180
train/9-40/10.jpg,9,40,112.0,112.0,149.5,176.95,93.19,163.68,270,ok,270
train/9-40/12.jpg,9,40,112.0,112.0,149.5,176.95,93.19,163.68,270,ok,270
train/9-40/17.jpg,9,40,112.0,112.0,47.05,149.5,60.32,93.19,0,ok,0
train/9-40/19.jpg,9,40,112.0,112.0,47.05,149.5,60.32,93.19,0,ok,0
train/9-40/2.jpg,9,40,112.0,112.0,47.05,149.5,60.32,93.19,0,ok,0
train/9-40/20.jpg,9,40,112.0,112.0,47.05,149.5,60.32,93.19,0,ok,0
train/9-40/24.jpg,9,40,112.0,112.0,149.5,176.95,93.19,163.68,270,ok,270
train/9-40/25.jpg,9,40,112.0,112.0,47.05,149.5,60.32,93.19,0,ok,0
train/9-40/26.jpg,9,40,112.0,112.0,149.5,176.95,93.19,163.68,270,ok,270
train/9-40/27.jpg,9,40,112.0,112.0,176.95,74.5,163.68,130.81,180,ok,180
train/9-40/3.jpg,9,40,112.0,112.0,47.05,149.5,60.32,93.19,0,ok,0
train/9-40/30.jpg,9,40,112.0,112.0,74.5,47.05,130.81,60.32,90,ok,90
train/9-40/32.jpg,9,40,112.0,112.0,176.95,74.5,163.68,130.81,180,ok,180
train/9-40/37.jpg,9,40,112.0,112.0,149.5,176.95,93.19,163.68,270,ok,270
train/9-40/38.jpg,9,40,112.0,112.0,74.5,47.05,130.81,60.32,90,ok,90
train/9-40/4.jpg,9,40,112.0,112.0,149.5,176.95,93.19,163.68,270,ok,270
train/9-40/42.jpg,9,40,112.0,112.0,149.5,176.95,93.19,163.68,270,ok,270
train/9-40/48.jpg,9,40,112.0,112.0,149.5,176.95,93.19,163.68,270,ok,270
train/9-40/49.jpg,9,40,112.0,112.0,47.05,149.5,60.32,93.19,0,ok,0
train/9-40/5.jpg,9,40,112.0,112.0,74.5,47.05,130.81,60.32,90,ok,90
train/9-40/50.jpg,9,40,112.0,112.0,176.95,74.5,163.68,130.81,180,ok,180
train/9-40/53.jpg,9,40,112.0,112.0,47.05,149.5,60.32,93.19,0,ok,0
train/9-40/64.jpg,9,40,112.0,112.0,47.05,149.5,60.32,93.19,0,ok,0
train/9-40/65.jpg,9,40,112.0,112.0,74.5,47.05,130.81,60.32,90,ok,90
train/9-40/66.jpg,9,40,112.0,112.0,74.5,47.05,130.81,60.32,90,ok,90
train/9-40/69.jpg,9,40,112.0,112.0,47.05,149.5,60.32,93.19,0,ok,0
train/9-40/71.jpg,9,40,112.0,112.0,74.5,47.05,130.81,60.32,90,ok,90
train/9-40/75.jpg,9,40,112.0,112.0,149.5,176.95,93.19,163.68,270,ok,270
train/9-40/76.jpg,9,40,112.0,112.0,176.95,74.5,163.68,130.81,180,ok,180
train/9-40/78.jpg,9,40,112.0,112.0,74.5,47.05,130.81,60.32,90,ok,90
train/9-40/80.jpg,9,40,112.0,112.0,47.05,149.5,60.32,93.19,0,ok,0
train/9-40/83.jpg,9,40,112.0,112.0,47.05,149.5,60.32,93.19,0,ok,0
train/9-40/86.jpg,9,40,112.0,112.0,47.05,149.5,60.32,93.19,0,ok,0
train/9-40/87.jpg,9,40,112.0,112.0,149.5,176.95,93.19,163.68,270,ok,270
train/9-40/88.jpg,9,40,112.0,112.0,149.5,176.95,93.19,163.68,270,ok,270
train/9-40/89.jpg,9,40,112.0,112.0,47.05,149.5,60.32,93.19,0,ok,0
train/9-40/9.jpg,9,40,112.0,112.0,74.5,47.05,130.81,60.32,90,ok,90
train/9-40/92.jpg,9,40,112.0,112.0,47.05,149.5,60.32,93.19,0,ok,0
train/9-40/96.jpg,9,40,112.0,112.0,74.5,47.05,130.81,60.32,90,ok,90
train/9-40/98.jpg,9,40,112.0,112.0,149.5,176.95,93.19,163.68,270,ok,270
train/9-45/0.jpg,9,45,112.0,112.0,112.0,37.0,133.05,61.19,90,ok,90
train/9-45/1.jpg,9,45,112.0,112.0,112.0,187.0,90.95,162.81,270,ok,270
train/9-45/18.jpg,9,45,112.0,112.0,37.0,112.0,61.19,90.95,0,ok,0
train/9-45/19.jpg,9,45,112.0,112.0,187.0,112.0,162.81,133.05,180,ok,180
train/9-45/21.jpg,9,45,112.0,112.0,37.0,112.0,61.19,90.95,0,ok,0
train/9-45/24.jpg,9,45,112.0,112.0,37.0,112.0,61.19,90.95,0,ok,0
train/9-45/25.jpg,9,45,112.0,112.0,37.0,112.0,61.19,90.95,0,ok,0
train/9-45/27.jpg,9,45,112.0,112.0,37.0,112.0,61.19,90.95,0,ok,0
train/9-45/30.jpg,9,45,112.0,112.0,187.0,112.0,162.81,133.05,180,ok,180
train/9-45/33.jpg,9,45,112.0,112.0,37.0,112.0,61.19,90.95,0,ok,0
train/9-45/41.jpg,9,45,112.0,112.0,112.0,187.0,90.95,162.81,270,ok,270
train/9-45/43.jpg,9,45,112.0,112.0,187.0,112.0,162.81,133.05,180,ok,180
train/9-45/45.jpg,9,45,112.0,112.0,112.0,37.0,133.05,61.19,90,ok,90
train/9-45/47.jpg,9,45,112.0,112.0,112.0,187.0,90.95,162.81,270,ok,270
train/9-45/48.jpg,9,45,112.0,112.0,112.0,37.0,133.05,61.19,90,ok,90
train/9-45/5.jpg,9,45,112.0,112.0,112.0,187.0,90.95,162.81,270,ok,270
train/9-45/59.jpg,9,45,112.0,112.0,112.0,37.0,133.05,61.19,90,ok,90
train/9-45/61.jpg,9,45,112.0,112.0,112.0,187.0,90.95,162.81,270,ok,270
train/9-45/62.jpg,9,45,112.0,112.0,112.0,187.0,90.95,162.81,270,ok,270
train/9-45/64.jpg,9,45,112.0,112.0,112.0,187.0,90.95,162.81,270,ok,270
train/9-45/67.jpg,9,45,112.0,112.0,37.0,112.0,61.19,90.95,0,ok,0
train/9-45/68.jpg,9,45,112.0,112.0,37.0,112.0,61.19,90.95,0,ok,0
train/9-45/78.jpg,9,45,112.0,112.0,37.0,112.0,61.19,90.95,0,ok,0
train/9-45/81.jpg,9,45,112.0,112.0,37.0,112.0,61.19,90.95,0,ok,0
train/9-45/83.jpg,9,45,112.0,112.0,37.0,112.0,61.19,90.95,0,ok,0
train/9-45/87.jpg,9,45,112.0,112.0,112.0,37.0,133.05,61.19,90,ok,90
train/9-45/89.jpg,9,45,112.0,112.0,112.0,187.0,90.95,162.81,270,ok,270
train/9-45/9.jpg,9,45,112.0,112.0,112.0,37.0,133.05,61.19,90,ok,90
train/9-45/91.jpg,9,45,112.0,112.0,37.0,112.0,61.19,90.95,0,ok,0
train/9-45/93.jpg,9,45,112.0,112.0,112.0,37.0,133.05,61.19,90,ok,90
train/9-45/96.jpg,9,45,112.0,112.0,37.0,112.0,61.19,90.95,0,ok,0
train/9-45/97.jpg,9,45,112.0,112.0,112.0,187.0,90.95,162.81,270,ok,270
train/9-45/99.jpg,9,45,112.0,112.0,37.0,112.0,61.19,90.95,0,ok,0
train/9-50/1.jpg,9,50,112.0,112.0,47.05,74.5,62.15,88.76,0,ok,0
train/9-50/10.jpg,9,50,112.0,112.0,149.5,47.05,135.24,62.15,90,ok,90
train/9-50/12.jpg,9,50,112.0,112.0,176.95,149.5,161.85,135.24,180,ok,180
train/9-50/13.jpg,9,50,112.0,112.0,47.05,74.5,62.15,88.76,0,ok,0
train/9-50/15.jpg,9,50,112.0,112.0,47.05,74.5,62.15,88.76,0,ok,0
train/9-50/17.jpg,9,50,112.0,112.0,176.95,149.5,161.85,135.24,180,ok,180
train/9-50/18.jpg,9,50,112.0,112.0,47.05,74.5,62.15,88.76,0,ok,0
train/9-50/19.jpg,9,50,112.0,112.0,149.5,47.05,135.24,62.15,90,ok,90
train/9-50/21.jpg,9,50,112.0,112.0,47.05,74.5,62.15,88.76,0,ok,0
train/9-50/24.jpg,9,50,112.0,112.0,47.05,74.5,62.15,88.76,0,ok,0
train/9-50/28.jpg,9,50,112.0,112.0,47.05,74.5,62.15,88.76,0,ok,0
train/9-50/31.jpg,9,50,112.0,112.0,176.95,149.5,161.85,135.24,180,ok,180
train/9-50/32.jpg,9,50,112.0,112.0,74.5,176.95,88.76,161.85,270,ok,270
train/9-50/33.jpg,9,50,112.0,112.0,74.5,176.95,88.76,161.85,270,ok,270
train/9-50/34.jpg,9,50,112.0,112.0,176.95,149.5,161.85,135.24,180,ok,180
train/9-50/35.jpg,9,50,112.0,112.0,176.95,149.5,161.85,135.24,180,ok,180
train/9-50/38.jpg,9,50,112.0,112.0,74.5,176.95,88.76,161.85,270,ok,270
train/9-50/4.jpg,9,50,112.0,112.0,176.95,149.5,161.85,135.24,180,ok,180
train/9-50/42.jpg,9,50,112.0,112.0,47.05,74.5,62.15,88.76,0,ok,0
train/9-50/46.jpg,9,50,112.0,112.0,176.95,149.5,161.85,135.24,180,ok,180
train/9-50/48.jpg,9,50,112.0,112.0,74.5,176.95,88.76,161.85,270,ok,270
train/9-50/49.jpg,9,50,112.0,112.0,47.05,74.5,62.15,88.76,0,ok,0
train/9-50/5.jpg,9,50,112.0,112.0,47.05,74.5,62.15,88.76,0,ok,0
train/9-50/51.jpg,9,50,112.0,112.0,149.5,47.05,135.24,62.15,90,ok,90
train/9-50/52.jpg,9,50,112.0,112.0,74.5,176.95,88.76,161.85,270,ok,270
train/9-50/53.jpg,9,50,112.0,112.0,47.05,74.5,62.15,88.76,0,ok,0
train/9-50/55.jpg,9,50,112.0,112.0,47.05,74.5,62.15,88.76,0,ok,0
train/9-50/57.jpg,9,50,112.0,112.0,149.5,47.05,135.24,62.15,90,ok,90
train/9-50/59.jpg,9,50,112.0,112.0,47.05,74.5,62.15,88.76,0,ok,0
train/9-50/61.jpg,9,50,112.0,112.0,47.05,74.5,62.15,88.76,0,ok,0
train/9-50/62.jpg,9,50,112.0,112.0,149.5,47.05,135.24,62.15,90,ok,90
train/9-50/64.jpg,9,50,112.0,112.0,47.05,74.5,62.15,88.76,0,ok,0
train/9-50/66.jpg,9,50,112.0,112.0,176.95,149.5,161.85,135.24,180,ok,180
train/9-50/67.jpg,9,50,112.0,112.0,47.05,74.5,62.15,88.76,0,ok,0
train/9-50/72.jpg,9,50,112.0,112.0,149.5,47.05,135.24,62.15,90,ok,90
train/9-50/75.jpg,9,50,112.0,112.0,149.5,47.05,135.24,62.15,90,ok,90
train/9-50/79.jpg,9,50,112.0,112.0,176.95,149.5,161.85,135.24,180,ok,180
train/9-50/8.jpg,9,50,112.0,112.0,176.95,149.5,161.85,135.24,180,ok,180
train/9-50/80.jpg,9,50,112.0,112.0,47.05,74.5,62.15,88.76,0,ok,0
train/9-50/82.jpg,9,50,112.0,112.0,176.95,149.5,161.85,135.24,180,ok,180
train/9-50/85.jpg,9,50,112.0,112.0,47.05,74.5,62.15,88.76,0,ok,0
train/9-50/86.jpg,9,50,112.0,112.0,176.95,149.5,161.85,135.24,180,ok,180
train/9-50/87.jpg,9,50,112.0,112.0,47.05,74.5,62.15,88.76,0,ok,0
train/9-50/88.jpg,9,50,112.0,112.0,47.05,74.5,62.15,88.76,0,ok,0
train/9-50/89.jpg,9,50,112.0,112.0,176.95,149.5,161.85,135.24,180,ok,180
train/9-50/91.jpg,9,50,112.0,112.0,47.05,74.5,62.15,88.76,0,ok,0
train/9-50/92.jpg,9,50,112.0,112.0,47.05,74.5,62.15,88.76,0,ok,0
train/9-50/95.jpg,9,50,112.0,112.0,74.5,176.95,88.76,161.85,270,ok,270
train/9-50/96.jpg,9,50,112.0,112.0,47.05,74.5,62.15,88.76,0,ok,0
train/9-50/98.jpg,9,50,112.0,112.0,47.05,74.5,62.15,88.76,0,ok,0
train/9-55/0.jpg,9,55,112.0,112.0,74.5,47.05,63.21,86.6,0,ok,0
train/9-55/1.jpg,9,55,112.0,112.0,149.5,176.95,160.79,137.4,180,ok,180
train/9-55/10.jpg,9,55,112.0,112.0,74.5,47.05,63.21,86.6,0,ok,0
train/9-55/12.jpg,9,55,112.0,112.0,176.95,74.5,137.4,63.21,90,ok,90
train/9-55/13.jpg,9,55,112.0,112.0,47.05,149.5,86.6,160.79,270,ok,270
train/9-55/17.jpg,9,55,112.0,112.0,47.05,149.5,86.6,160.79,270,ok,270
train/9-55/19.jpg,9,55,112.0,112.0,47.05,149.5,86.6,160.79,270,ok,270
train/9-55/20.jpg,9,55,112.0,112.0,74.5,47.05,63.21,86.6,0,ok,0
train/9-55/21.jpg,9,55,112.0,112.0,74.5,47.05,63.21,86.6,0,ok,0
train/9-55/23.jpg,9,55,112.0,112.0,176.95,74.5,137.4,63.21,90,ok,90
train/9-55/24.jpg,9,55,112.0,112.0,149.5,176.95,160.79,137.4,180,ok,180
train/9-55/26.jpg,9,55,112.0,112.0,74.5,47.05,63.21,86.6,0,ok,0
train/9-55/27.jpg,9,55,112.0,112.0,74.5,47.05,63.21,86.6,0,ok,0
train/9-55/28.jpg,9,55,112.0,112.0,74.5,47.05,63.21,86.6,0,ok,0
train/9-55/31.jpg,9,55,112.0,112.0,74.5,47.05,63.21,86.6,0,ok,0
train/9-55/32.jpg,9,55,112.0,112.0,149.5,176.95,160.79,137.4,180,ok,180
train/9-55/33.jpg,9,55,112.0,112.0,74.5,47.05,63.21,86.6,0,ok,0
train/9-55/35.jpg,9,55,112.0,112.0,47.05,149.5,86.6,160.79,270,ok,270
train/9-55/37.jpg,9,55,112.0,112.0,149.5,176.95,160.79,137.4,180,ok,180
train/9-55/4.jpg,9,55,112.0,112.0,74.5,47.05,63.21,86.6,0,ok,0
train/9-55/41.jpg,9,55,112.0,112.0,74.5,47.05,63.21,86.6,0,ok,0
train/9-55/42.jpg,9,55,112.0,112.0,74.5,47.05,63.21,86.6,0,ok,0
train/9-55/44.jpg,9,55,112.0,112.0,74.5,47.05,63.21,86.6,0,ok,0
train/9-55/46.jpg,9,55,112.0,112.0,149.5,176.95,160.79,137.4,180,ok,180
train/9-55/48.jpg,9,55,112.0,112.0,74.5,47.05,63.21,86.6,0,ok,0
train/9-55/49.jpg,9,55,112.0,112.0,74.5,47.05,63.21,86.6,0,ok,0
train/9-55/5.jpg,9,55,112.0,112.0,176.95,74.5,137.4,63.21,90,ok,90
train/9-55/50.jpg,9,55,112.0,112.0,74.5,47.05,63.21,86.6,0,ok,0
train/9-55/51.jpg,9,55,112.0,112.0,149.5,176.95,160.79,137.4,180,ok,180
train/9-55/52.jpg,9,55,112.0,112.0,74.5,47.05,63.21,86.6,0,ok,0
train/9-55/56.jpg,9,55,112.0,112.0,176.95,74.5,137.4,63.21,90,ok,90
train/9-55/57.jpg,9,55,112.0,112.0,47.05,149.5,86.6,160.79,270,ok,270
train/9-55/60.jpg,9,55,112.0,112.0,74.5,47.05,63.21,86.6,0,ok,0
train/9-55/61.jpg,9,55,112.0,112.0,176.95,74.5,137.4,63.21,90,ok,90
train/9-55/62.jpg,9,55,112.0,112.0,47.05,149.5,86.6,160.79,270,ok,270
train/9-55/63.jpg,9,55,112.0,112.0,47.05,149.5,86.6,160.79,270,ok,270
train/9-55/64.jpg,9,55,112.0,112.0,74.5,47.05,63.21,86.6,0,ok,0
train/9-55/67.jpg,9,55,112.0,112.0,74.5,47.05,63.21,86.6,0,ok,0
train/9-55/68.jpg,9,55,112.0,112.0,74.5,47.05,63.21,86.6,0,ok,0
train/9-55/69.jpg,9,55,112.0,112.0,74.5,47.05,63.21,86.6,0,ok,0
train/9-55/7.jpg,9,55,112.0,112.0,149.5,176.95,160.79,137.4,180,ok,180
train/9-55/71.jpg,9,55,112.0,112.0,74.5,47.05,63.21,86.6,0,ok,0
train/9-55/72.jpg,9,55,112.0,112.0,74.5,47.05,63.21,86.6,0,ok,0
train/9-55/73.jpg,9,55,112.0,112.0,149.5,176.95,160.79,137.4,180,ok,180
train/9-55/75.jpg,9,55,112.0,112.0,149.5,176.95,160.79,137.4,180,ok,180
train/9-55/76.jpg,9,55,112.0,112.0,47.05,149.5,86.6,160.79,270,ok,270
train/9-55/79.jpg,9,55,112.0,112.0,47.05,149.5,86.6,160.79,270,ok,270
train/9-55/8.jpg,9,55,112.0,112.0,74.5,47.05,63.21,86.6,0,ok,0
train/9-55/81.jpg,9,55,112.0,112.0,74.5,47.05,63.21,86.6,0,ok,0
train/9-55/82.jpg,9,55,112.0,112.0,74.5,47.05,63.21,86.6,0,ok,0
train/9-55/83.jpg,9,55,112.0,112.0,176.95,74.5,137.4,63.21,90,ok,90
train/9-55/84.jpg,9,55,112.0,112.0,74.5,47.05,63.21,86.6,0,ok,0
train/9-55/85.jpg,9,55,112.0,112.0,149.5,176.95,160.79,137.4,180,ok,180
train/9-55/87.jpg,9,55,112.0,112.0,74.5,47.05,63.21,86.6,0,ok,0
train/9-55/89.jpg,9,55,112.0,112.0,74.5,47.05,63.21,86.6,0,ok,0
train/9-55/9.jpg,9,55,112.0,112.0,74.5,47.05,63.21,86.6,0,ok,0
train/9-55/91.jpg,9,55,112.0,112.0,74.5,47.05,63.21,86.6,0,ok,0
train/9-55/92.jpg,9,55,112.0,112.0,149.5,176.95,160.79,137.4,180,ok,180
train/9-55/93.jpg,9,55,112.0,112.0,149.5,176.95,160.79,137.4,180,ok,180
train/9-55/94.jpg,9,55,112.0,112.0,74.5,47.05,63.21,86.6,0,ok,0
train/9-55/96.jpg,9,55,112.0,112.0,176.95,74.5,137.4,63.21,90,ok,90
train/9-55/97.jpg,9,55,112.0,112.0,149.5,176.95,160.79,137.4,180,ok,180
train/9-55/98.jpg,9,55,112.0,112.0,149.5,176.95,160.79,137.4,180,ok,180
test/1-00/10.jpg,1,0,112.0,112.0,112.0,37.0,139.5,64.37,0,ok,0
test/1-00/31.jpg,1,0,112.0,112.0,112.0,37.0,139.5,64.37,0,ok,0
test/1-00/38.jpg,1,0,112.0,112.0,112.0,37.0,139.5,64.37,0,ok,0
test/1-00/50.jpg,1,0,112.0,112.0,37.0,112.0,64.37,84.5,270,ok,270
test/1-00/53.jpg,1,0,112.0,112.0,187.0,112.0,159.63,139.5,90,ok,90
test/1-00/60.jpg,1,0,112.0,112.0,187.0,112.0,159.63,139.5,90,ok,90
test/1-00/75.jpg,1,0,112.0,112.0,187.0,112.0,159.63,139.5,90,ok,90
test/1-00/87.jpg,1,0,112.0,112.0,112.0,37.0,139.5,64.37,0,ok,0
test/1-05/1.jpg,1,5,112.0,112.0,47.05,74.5,65.61,82.45,270,ok,270
test/1-05/35.jpg,1,5,112.0,112.0,47.05,74.5,65.61,82.45,270,ok,270
test/1-05/45.jpg,1,5,112.0,112.0,149.5,47.05,141.55,65.61,0,ok,0
test/1-05/55.jpg,1,5,112.0,112.0,47.05,74.5,65.61,82.45,270,ok,270
test/1-05/70.jpg,1,5,112.0,112.0,149.5,47.05,141.55,65.61,0,ok,0
test/1-05/78.jpg,1,5,112.0,112.0,74.5,176.95,82.45,158.39,180,ok,180
test/1-10/13.jpg,1,10,112.0,112.0,176.95,74.5,143.55,66.95,0,ok,0
test/1-10/15.jpg,1,10,112.0,112.0,176.95,74.5,143.55,66.95,0,ok,0
test/1-10/24.jpg,1,10,112.0,112.0,176.95,74.5,143.55,66.95,0,ok,0
test/1-10/45.jpg,1,10,112.0,112.0,74.5,47.05,66.95,80.45,270,ok,270
test/1-10/5.jpg,1,10,112.0,112.0,176.95,74.5,143.55,66.95,0,ok,0
test/1-10/68.jpg,1,10,112.0,112.0,47.05,149.5,80.45,157.05,180,ok,180
test/1-10/7.jpg,1,10,112.0,112.0,149.5,176.95,157.05,143.55,90,ok,90
test/1-10/70.jpg,1,10,112.0,112.0,176.95,74.5,143.55,66.95,0,ok,0
test/1-10/72.jpg,1,10,112.0,112.0,47.05,149.5,80.45,157.05,180,ok,180
test/1-15/10.jpg,1,15,112.0,112.0,112.0,187.0,155.63,145.48,90,ok,90
test/1-15/38.jpg,1,15,112.0,112.0,112.0,187.0,155.63,145.48,90,ok,90
test/1-15/42.jpg,1,15,112.0,112.0,37.0,112.0,78.52,155.63,180,ok,180
test/1-15/72.jpg,1,15,112.0,112.0,187.0,112.0,145.48,68.37,0,ok,0
test/1-15/8.jpg,1,15,112.0,112.0,187.0,112.0,145.48,68.37,0,ok,0
test/1-15/84.jpg,1,15,112.0,112.0,187.0,112.0,145.48,68.37,0,ok,0
test/1-15/85.jpg,1,15,112.0,112.0,187.0,112.0,145.48,68.37,0,ok,0
test/1-15/90.jpg,1,15,112.0,112.0,112.0,187.0,155.63,145.48,90,ok,90
test/1-15/94.jpg,1,15,112.0,112.0,187.0,112.0,145.48,68.37,0,ok,0
test/1-20/32.jpg,1,20,112.0,112.0,47.05,74.5,76.65,154.13,180,ok,180
test/1-20/56.jpg,1,20,112.0,112.0,74.5,176.95,154.13,147.35,90,ok,90
test/1-20/72.jpg,1,20,112.0,112.0,149.5,47.05,69.87,76.65,270,ok,270
test/1-25/27.jpg,1,25,112.0,112.0,149.5,176.95,149.16,71.45,0,ok,0
test/1-25/31.jpg,1,25,112.0,112.0,149.5,176.95,149.16,71.45,0,ok,0
test/1-25/37.jpg,1,25,112.0,112.0,149.5,176.95,149.16,71.45,0,ok,0
test/1-25/45.jpg,1,25,112.0,112.0,149.5,176.95,149.16,71.45,0,ok,0
test/1-25/51.jpg,1,25,112.0,112.0,176.95,74.5,71.45,74.84,270,ok,270
test/1-25/57.jpg,1,25,112.0,112.0,149.5,176.95,149.16,71.45,0,ok,0
test/1-25/67.jpg,1,25,112.0,112.0,74.5,47.05,74.84,152.55,180,ok,180
test/1-25/69.jpg,1,25,112.0,112.0,47.05,149.5,152.55,149.16,90,ok,90
test/1-25/85.jpg,1,25,112.0,112.0,149.5,176.95,149.16,71.45,0,ok,0
test/1-30/10.jpg,1,30,112.0,112.0,112.0,37.0,73.11,150.89,180,ok,180
test/1-30/12.jpg,1,30,112.0,112.0,112.0,37.0,73.11,150.89,180,ok,180
test/1-30/15.jpg,1,30,112.0,112.0,37.0,112.0,150.89,150.89,90,ok,90
test/1-30/49.jpg,1,30,112.0,112.0,112.0,37.0,73.11,150.89,180,ok,180
test/1-30/5.jpg,1,30,112.0,112.0,112.0,187.0,150.89,73.11,0,ok,0
test/1-30/76.jpg,1,30,112.0,112.0,112.0,187.0,150.89,73.11,0,ok,0
test/1-30/85.jpg,1,30,112.0,112.0,112.0,187.0,150.89,73.11,0,ok,0
test/1-30/86.jpg,1,30,112.0,112.0,112.0,187.0,150.89,73.11,0,ok,0
test/1-30/88.jpg,1,30,112.0,112.0,37.0,112.0,150.89,150.89,90,ok,90
test/1-35/17.jpg,1,35,112.0,112.0,74.5,176.95,152.55,74.84,0,ok,0
test/1-35/19.jpg,1,35,112.0,112.0,47.05,74.5,149.16,152.55,90,ok,90
test/1-35/33.jpg,1,35,112.0,112.0,74.5,176.95,152.55,74.84,0,ok,0
test/1-35/44.jpg,1,35,112.0,112.0,74.5,176.95,152.55,74.84,0,ok,0
test/1-35/66.jpg,1,35,112.0,112.0,74.5,176.95,152.55,74.84,0,ok,0
test/1-35/70.jpg,1,35,112.0,112.0,47.05,74.5,149.16,152.55,90,ok,90
test/1-35/83.jpg,1,35,112.0,112.0,149.5,47.05,71.45,149.16,180,ok,180
test/1-35/89.jpg,1,35,112.0,112.0,74.5,176.95,152.55,74.84,0,ok,0
test/1-40/38.jpg,1,40,112.0,112.0,74.5,47.05,147.35,154.13,90,ok,90
test/1-40/44.jpg,1,40,112.0,112.0,47.05,149.5,154.13,76.65,0,ok,0
test/1-40/52.jpg,1,40,112.0,112.0,47.05,149.5,154.13,76.65,0,ok,0
test/1-40/61.jpg,1,40,112.0,112.0,74.5,47.05,147.35,154.13,90,ok,90
test/1-40/64.jpg,1,40,112.0,112.0,74.5,47.05,147.35,154.13,90,ok,90
test/1-40/78.jpg,1,40,112.0,112.0,176.95,74.5,69.87,147.35,180,ok,180
test/1-40/79.jpg,1,40,112.0,112.0,47.05,149.5,154.13,76.65,0,ok,0
test/1-40/85.jpg,1,40,112.0,112.0,176.95,74.5,69.87,147.35,180,ok,180
test/1-40/9.jpg,1,40,112.0,112.0,149.5,176.95,76.65,69.87,270,ok,270
test/1-45/16.jpg,1,45,112.0,112.0,37.0,112.0,155.63,78.52,0,ok,0
test/1-45/17.jpg,1,45,112.0,112.0,112.0,187.0,78.52,68.37,270,ok,270
test/1-45/19.jpg,1,45,112.0,112.0,112.0,187.0,78.52,68.37,270,ok,270
test/1-45/34.jpg,1,45,112.0,112.0,187.0,112.0,68.37,145.48,180,ok,180
test/1-45/37.jpg,1,45,112.0,112.0,37.0,112.0,155.63,78.52,0,ok,0
test/1-45/51.jpg,1,45,112.0,112.0,37.0,112.0,155.63,78.52,0,ok,0
test/1-45/60.jpg,1,45,112.0,112.0,112.0,187.0,78.52,68.37,270,ok,270
test/1-45/62.jpg,1,45,112.0,112.0,112.0,37.0,145.48,155.63,90,ok,90
test/1-45/68.jpg,1,45,112.0,112.0,187.0,112.0,68.37,145.48,180,ok,180
test/1-50/15.jpg,1,50,112.0,112.0,47.05,74.5,157.05,80.45,0,ok,0
test/1-50/29.jpg,1,50,112.0,112.0,47.05,74.5,157.05,80.45,0,ok,0
test/1-50/33.jpg,1,50,112.0,112.0,74.5,176.95,80.45,66.95,270,ok,270
test/1-50/38.jpg,1,50,112.0,112.0,176.95,149.5,66.95,143.55,180,ok,180
test/1-50/46.jpg,1,50,112.0,112.0,47.05,74.5,157.05,80.45,0,ok,0
test/1-50/81.jpg,1,50,112.0,112.0,149.5,47.05,143.55,157.05,90,ok,90
test/1-50/84.jpg,1,50,112.0,112.0,176.95,149.5,66.95,143.55,180,ok,180
test/1-50/92.jpg,1,50,112.0,112.0,47.05,74.5,157.05,80.45,0,ok,0
test/1-55/19.jpg,1,55,112.0,112.0,149.5,176.95,65.61,141.55,180,ok,180
test/1-55/33.jpg,1,55,112.0,112.0,149.5,176.95,65.61,141.55,180,ok,180
test/1-55/65.jpg,1,55,112.0,112.0,149.5,176.95,65.61,141.55,180,ok,180
test/1-55/7.jpg,1,55,112.0,112.0,149.5,176.95,65.61,141.55,180,ok,180
test/1-55/81.jpg,1,55,112.0,112.0,149.5,176.95,65.61,141.55,180,ok,180
test/1-55/87.jpg,1,55,112.0,112.0,74.5,47.05,158.39,82.45,0,ok,0
test/10-00/16.jpg,10,0,112.0,112.0,112.0,37.0,64.37,84.5,0,ok,0
test/10-00/21.jpg,10,0,112.0,112.0,112.0,37.0,64.37,84.5,0,ok,0
test/10-00/30.jpg,10,0,112.0,112.0,112.0,37.0,64.37,84.5,0,ok,0
test/10-00/35.jpg,10,0,112.0,112.0,37.0,112.0,84.5,159.63,270,ok,270
test/10-00/45.jpg,10,0,112.0,112.0,112.0,37.0,64.37,84.5,0,ok,0
test/10-00/60.jpg,10,0,112.0,112.0,187.0,112.0,139.5,64.37,90,ok,90
test/10-00/76.jpg,10,0,112.0,112.0,112.0,187.0,159.63,139.5,180,ok,180
test/10-00/77.jpg,10,0,112.0,112.0,112.0,187.0,159.63,139.5,180,ok,180
test/10-05/19.jpg,10,5,112.0,112.0,176.95,149.5,141.55,65.61,90,ok,90
test/10-05/20.jpg,10,5,112.0,112.0,47.05,74.5,82.45,158.39,270,ok,270
test/10-05/30.jpg,10,5,112.0,112.0,149.5,47.05,65.61,82.45,0,ok,0
test/10-05/47.jpg,10,5,112.0,112.0,74.5,176.95,158.39,141.55,180,ok,180
test/10-05/49.jpg,10,5,112.0,112.0,74.5,176.95,158.39,141.55,180,ok,180
test/10-05/50.jpg,10,5,112.0,112.0,149.5,47.05,65.61,82.45,0,ok,0
test/10-05/99.jpg,10,5,112.0,112.0,74.5,176.95,158.39,141.55,180,ok,180
test/10-10/12.jpg,10,10,112.0,112.0,74.5,47.05,80.45,157.05,270,ok,270
test/10-10/2.jpg,10,10,112.0,112.0,74.5,47.05,80.45,157.05,270,ok,270
test/10-10/20.jpg,10,10,112.0,112.0,176.95,74.5,66.95,80.45,0,ok,0
test/10-10/3.jpg,10,10,112.0,112.0,176.95,74.5,66.95,80.45,0,ok,0
test/10-10/50.jpg,10,10,112.0,112.0,176.95,74.5,66.95,80.45,0,ok,0
test/10-10/84.jpg,10,10,112.0,112.0,176.95,74.5,66.95,80.45,0,ok,0
test/10-10/9.jpg,10,10,112.0,112.0,74.5,47.05,80.45,157.05,270,ok,270
test/10-10/96.jpg,10,10,112.0,112.0,149.5,176.95,143.55,66.95,90,ok,90
test/10-15/13.jpg,10,15,112.0,112.0,112.0,37.0,78.52,155.63,270,ok,270
test/10-15/49.jpg,10,15,112.0,112.0,37.0,112.0,155.63,145.48,180,ok,180
test/10-15/51.jpg,10,15,112.0,112.0,37.0,112.0,155.63,145.48,180,ok,180
test/10-15/62.jpg,10,15,112.0,112.0,187.0,112.0,68.37,78.52,0,ok,0
test/10-15/70.jpg,10,15,112.0,112.0,187.0,112.0,68.37,78.52,0,ok,0
test/10-15/72.jpg,10,15,112.0,112.0,112.0,37.0,78.52,155.63,270,ok,270
test/10-15/80.jpg,10,15,112.0,112.0,187.0,112.0,68.37,78.52,0,ok,0
test/10-15/86.jpg,10,15,112.0,112.0,112.0,187.0,145.48,68.37,90,ok,90
test/10-20/26.jpg,10,20,112.0,112.0,176.95,149.5,69.87,76.65,0,ok,0
test/10-20/40.jpg,10,20,112.0,112.0,176.95,149.5,69.87,76.65,0,ok,0
test/10-20/44.jpg,10,20,112.0,112.0,47.05,74.5,154.13,147.35,180,ok,180
test/10-20/50.jpg,10,20,112.0,112.0,47.05,74.5,154.13,147.35,180,ok,180
test/10-20/61.jpg,10,20,112.0,112.0,176.95,149.5,69.87,76.65,0,ok,0
test/10-20/62.jpg,10,20,112.0,112.0,47.05,74.5,154.13,147.35,180,ok,180
test/10-20/68.jpg,10,20,112.0,112.0,47.05,74.5,154.13,147.35,180,ok,180
test/10-20/69.jpg,10,20,112.0,112.0,176.95,149.5,69.87,76.65,0,ok,0
test/10-20/87.jpg,10,20,112.0,112.0,74.5,176.95,147.35,69.87,90,ok,90
test/10-25/20.jpg,10,25,112.0,112.0,47.05,149.5,149.16,71.45,90,ok,90
test/10-25/24.jpg,10,25,112.0,112.0,149.5,176.95,71.45,74.84,0,ok,0
test/10-25/47.jpg,10,25,112.0,112.0,74.5,47.05,152.55,149.16,180,ok,180
test/10-25/68.jpg,10,25,112.0,112.0,149.5,176.95,71.45,74.84,0,ok,0
test/10-25/7.jpg,10,25,112.0,112.0,47.05,149.5,149.16,71.45,90,ok,90
test/10-25/81.jpg,10,25,112.0,112.0,74.5,47.05,152.55,149.16,180,ok,180
test/10-25/83.jpg,10,25,112.0,112.0,47.05,149.5,149.16,71.45,90,ok,90
test/10-25/86.jpg,10,25,112.0,112.0,47.05,149.5,149.16,71.45,90,ok,90
test/10-30/26.jpg,10,30,112.0,112.0,112.0,187.0,73.11,73.11,0,ok,0
test/10-30/32.jpg,10,30,112.0,112.0,112.0,187.0,73.11,73.11,0,ok,0
test/10-30/38.jpg,10,30,112.0,112.0,112.0,187.0,73.11,73.11,0,ok,0
test/10-30/51.jpg,10,30,112.0,112.0,112.0,37.0,150.89,150.89,180,ok,180
test/10-30/59.jpg,10,30,112.0,112.0,112.0,37.0,150.89,150.89,180,ok,180
test/10-30/72.jpg,10,30,112.0,112.0,112.0,187.0,73.11,73.11,0,ok,0
test/10-30/74.jpg,10,30,112.0,112.0,112.0,37.0,150.89,150.89,180,ok,180
test/10-30/8.jpg,10,30,112.0,112.0,112.0,187.0,73.11,73.11,0,ok,0
test/10-30/85.jpg,10,30,112.0,112.0,112.0,187.0,73.11,73.11,0,ok,0
test/10-35/2.jpg,10,35,112.0,112.0,74.5,176.95,74.84,71.45,0,ok,0
test/10-35/22.jpg,10,35,112.0,112.0,47.05,74.5,152.55,74.84,90,ok,90
test/10-35/28.jpg,10,35,112.0,112.0,176.95,149.5,71.45,149.16,270,ok,270
test/10-35/36.jpg,10,35,112.0,112.0,74.5,176.95,74.84,71.45,0,ok,0
test/10-35/46.jpg,10,35,112.0,112.0,74.5,176.95,74.84,71.45,0,ok,0
test/10-35/48.jpg,10,35,112.0,112.0,74.5,176.95,74.84,71.45,0,ok,0
test/10-35/73.jpg,10,35,112.0,112.0,74.5,176.95,74.84,71.45,0,ok,0
test/10-35/79.jpg,10,35,112.0,112.0,47.05,74.5,152.55,74.84,90,ok,90
test/10-35/88.jpg,10,35,112.0,112.0,74.5,176.95,74.84,71.45,0,ok,0
test/10-35/89.jpg,10,35,112.0,112.0,74.5,176.95,74.84,71.45,0,ok,0
test/10-40/7.jpg,10,40,112.0,112.0,47.05,149.5,76.65,69.87,0,ok,0
test/10-40/76.jpg,10,40,112.0,112.0,149.5,176.95,69.87,147.35,270,ok,270
test/10-40/78.jpg,10,40,112.0,112.0,74.5,47.05,154.13,76.65,90,ok,90
test/10-40/82.jpg,10,40,112.0,112.0,47.05,149.5,76.65,69.87,0,ok,0
test/10-40/87.jpg,10,40,112.0,112.0,47.05,149.5,76.65,69.87,0,ok,0
test/10-40/92.jpg,10,40,112.0,112.0,149.5,176.95,69.87,147.35,270,ok,270
test/10-45/20.jpg,10,45,112.0,112.0,37.0,112.0,78.52,68.37,0,ok,0
test/10-45/46.jpg,10,45,112.0,112.0,37.0,112.0,78.52,68.37,0,ok,0
test/10-45/5.jpg,10,45,112.0,112.0,37.0,112.0,78.52,68.37,0,ok,0
test/10-45/52.jpg,10,45,112.0,112.0,37.0,112.0,78.52,68.37,0,ok,0
test/10-45/58.jpg,10,45,112.0,112.0,112.0,187.0,68.37,145.48,270,ok,270
test/10-45/67.jpg,10,45,112.0,112.0,37.0,112.0,78.52,68.37,0,ok,0
test/10-45/75.jpg,10,45,112.0,112.0,112.0,37.0,155.63,78.52,90,ok,90
test/10-45/99.jpg,10,45,112.0,112.0,37.0,112.0,78.52,68.37,0,ok,0
test/10-50/21.jpg,10,50,112.0,112.0,176.95,149.5,143.55,157.05,180,ok,180
test/10-50/24.jpg,10,50,112.0,112.0,47.05,74.5,80.45,66.95,0,ok,0
test/10-50/30.jpg,10,50,112.0,112.0,47.05,74.5,80.45,66.95,0,ok,0
test/10-50/57.jpg,10,50,112.0,112.0,176.95,149.5,143.55,157.05,180,ok,180
test/10-50/61.jpg,10,50,112.0,112.0,149.5,47.05,157.05,80.45,90,ok,90
test/10-50/70.jpg,10,50,112.0,112.0,47.05,74.5,80.45,66.95,0,ok,0
test/10-50/74.jpg,10,50,112.0,112.0,47.05,74.5,80.45,66.95,0,ok,0
test/10-55/13.jpg,10,55,112.0,112.0,176.95,74.5,158.39,82.45,90,ok,90
test/10-55/18.jpg,10,55,112.0,112.0,74.5,47.05,82.45,65.61,0,ok,0
test/10-55/37.jpg,10,55,112.0,112.0,47.05,149.5,65.61,141.55,270,ok,270
test/10-55/47.jpg,10,55,112.0,112.0,74.5,47.05,82.45,65.61,0,ok,0
test/10-55/72.jpg,10,55,112.0,112.0,74.5,47.05,82.45,65.61,0,ok,0
test/10-55/76.jpg,10,55,112.0,112.0,74.5,47.05,82.45,65.61,0,ok,0
test/10-55/80.jpg,10,55,112.0,112.0,149.5,176.95,141.55,158.39,180,ok,180
test/10-55/99.jpg,10,55,112.0,112.0,149.5,176.95,141.55,158.39,180,ok,180
test/11-00/10.jpg,11,0,112.0,112.0,112.0,187.0,139.5,159.63,180,ok,180
test/11-00/18.jpg,11,0,112.0,112.0,112.0,37.0,84.5,64.37,0,ok,0
test/11-00/21.jpg,11,0,112.0,112.0,112.0,37.0,84.5,64.37,0,ok,0
test/11-00/30.jpg,11,0,112.0,112.0,112.0,37.0,84.5,64.37,0,ok,0
test/11-00/35.jpg,11,0,112.0,112.0,37.0,112.0,64.37,139.5,270,ok,270
test/11-00/48.jpg,11,0,112.0,112.0,112.0,37.0,84.5,64.37,0,ok,0
test/11-00/56.jpg,11,0,112.0,112.0,187.0,112.0,159.63,84.5,90,ok,90
test/11-00/85.jpg,11,0,112.0,112.0,187.0,112.0,159.63,84.5,90,ok,90
test/11-00/88.jpg,11,0,112.0,112.0,187.0,112.0,159.63,84.5,90,ok,90
test/11-00/91.jpg,11,0,112.0,112.0,112.0,187.0,139.5,159.63,180,ok,180
test/11-05/50.jpg,11,5,112.0,112.0,47.05,74.5,63.21,137.4,270,ok,270
test/11-05/52.jpg,11,5,112.0,112.0,149.5,47.05,86.6,63.21,0,ok,0
test/11-05/6.jpg,11,5,112.0,112.0,47.05,74.5,63.21,137.4,270,ok,270
test/11-05/61.jpg,11,5,112.0,112.0,47.05,74.5,63.21,137.4,270,ok,270
test/11-05/69.jpg,11,5,112.0,112.0,74.5,176.95,137.4,160.79,180,ok,180
test/11-05/7.jpg,11,5,112.0,112.0,74.5,176.95,137.4,160.79,180,ok,180
test/11-10/16.jpg,11,10,112.0,112.0,47.05,149.5,135.24,161.85,180,ok,180
test/11-10/31.jpg,11,10,112.0,112.0,47.05,149.5,135.24,161.85,180,ok,180
test/11-10/51.jpg,11,10,112.0,112.0,176.95,74.5,88.76,62.15,0,ok,0
test/11-15/17.jpg,11,15,112.0,112.0,187.0,112.0,90.95,61.19,0,ok,0
test/11-15/24.jpg,11,15,112.0,112.0,187.0,112.0,90.95,61.19,0,ok,0
test/11-15/33.jpg,11,15,112.0,112.0,112.0,187.0,162.81,90.95,90,ok,90
test/11-15/48.jpg,11,15,112.0,112.0,112.0,37.0,61.19,133.05,270,ok,270
test/11-15/61.jpg,11,15,112.0,112.0,112.0,37.0,61.19,133.05,270,ok,270
test/11-15/87.jpg,11,15,112.0,112.0,187.0,112.0,90.95,61.19,0,ok,0
test/11-15/9.jpg,11,15,112.0,112.0,112.0,187.0,162.81,90.95,90,ok,90
test/11-15/95.jpg,11,15,112.0,112.0,112.0,187.0,162.81,90.95,90,ok,90
test/11-20/10.jpg,11,20,112.0,112.0,47.05,74.5,130.81,163.68,180,ok,180
test/11-20/21.jpg,11,20,112.0,112.0,176.95,149.5,93.19,60.32,0,ok,0
test/11-20/48.jpg,11,20,112.0,112.0,149.5,47.05,60.32,130.81,270,ok,270
test/11-20/51.jpg,11,20,112.0,112.0,176.95,149.5,93.19,60.32,0,ok,0
test/11-20/92.jpg,11,20,112.0,112.0,176.95,149.5,93.19,60.32,0,ok,0
test/11-20/97.jpg,11,20,112.0,112.0,149.5,47.05,60.32,130.81,270,ok,270
test/11-25/26.jpg,11,25,112.0,112.0,74.5,47.05,128.54,164.45,180,ok,180
test/11-25/36.jpg,11,25,112.0,112.0,47.05,149.5,164.45,95.46,90,ok,90
test/11-25/40.jpg,11,25,112.0,112.0,149.5,176.95,95.46,59.55,0,ok,0
test/11-25/67.jpg,11,25,112.0,112.0,149.5,176.95,95.46,59.55,0,ok,0
test/11-25/69.jpg,11,25,112.0,112.0,149.5,176.95,95.46,59.55,0,ok,0
test/11-25/83.jpg,11,25,112.0,112.0,149.5,176.95,95.46,59.55,0,ok,0
test/11-25/88.jpg,11,25,112.0,112.0,149.5,176.95,95.46,59.55,0,ok,0
test/11-25/98.jpg,11,25,112.0,112.0,176.95,74.5,59.55,128.54,270,ok,270
test/11-30/26.jpg,11,30,112.0,112.0,187.0,112.0,58.87,126.24,270,ok,270
test/11-30/49.jpg,11,30,112.0,112.0,112.0,187.0,97.76,58.87,0,ok,0
test/11-30/50.jpg,11,30,112.0,112.0,37.0,112.0,165.13,97.76,90,ok,90
test/11-30/57.jpg,11,30,112.0,112.0,112.0,187.0,97.76,58.87,0,ok,0
test/11-30/69.jpg,11,30,112.0,112.0,112.0,187.0,97.76,58.87,0,ok,0
test/11-30/7.jpg,11,30,112.0,112.0,112.0,187.0,97.76,58.87,0,ok,0
test/11-30/81.jpg,11,30,112.0,112.0,187.0,112.0,58.87,126.24,270,ok,270
test/11-30/87.jpg,11,30,112.0,112.0,112.0,187.0,97.76,58.87,0,ok,0
test/11-30/97.jpg,11,30,112.0,112.0,112.0,187.0,97.76,58.87,0,ok,0
test/11-35/28.jpg,11,35,112.0,112.0,74.5,176.95,100.1,58.3,0,ok,0
test/11-35/33.jpg,11,35,112.0,112.0,176.95,149.5,58.3,123.9,270,ok,270
test/11-35/57.jpg,11,35,112.0,112.0,74.5,176.95,100.1,58.3,0,ok,0
test/11-35/69.jpg,11,35,112.0,112.0,74.5,176.95,100.1,58.3,0,ok,0
test/11-35/7.jpg,11,35,112.0,112.0,149.5,47.05,123.9,165.7,180,ok,180
test/11-35/71.jpg,11,35,112.0,112.0,149.5,47.05,123.9,165.7,180,ok,180
test/11-35/74.jpg,11,35,112.0,112.0,74.5,176.95,100.1,58.3,0,ok,0
test/11-35/8.jpg,11,35,112.0,112.0,74.5,176.95,100.1,58.3,0,ok,0
test/11-40/15.jpg,11,40,112.0,112.0,74.5,47.05,166.16,102.45,90,ok,90
test/11-40/28.jpg,11,40,112.0,112.0,74.5,47.05,166.16,102.45,90,ok,90
test/11-40/30.jpg,11,40,112.0,112.0,47.05,149.5,102.45,57.84,0,ok,0
test/11-40/42.jpg,11,40,112.0,112.0,74.5,47.05,166.16,102.45,90,ok,90
test/11-40/44.jpg,11,40,112.0,112.0,47.05,149.5,102.45,57.84,0,ok,0
test/11-40/52.jpg,11,40,112.0,112.0,149.5,176.95,57.84,121.55,270,ok,270
test/11-40/79.jpg,11,40,112.0,112.0,149.5,176.95,57.84,121.55,270,ok,270
test/11-40/80.jpg,11,40,112.0,112.0,74.5,47.05,166.16,102.45,90,ok,90
test/11-45/98.jpg,11,45,112.0,112.0,37.0,112.0,104.82,57.47,0,ok,0
test/11-50/13.jpg,11,50,112.0,112.0,47.05,74.5,107.21,57.21,0,ok,0
test/11-50/60.jpg,11,50,112.0,112.0,74.5,176.95,57.21,116.79,270,ok,270
test/11-50/7.jpg,11,50,112.0,112.0,47.05,74.5,107.21,57.21,0,ok,0
test/11-50/76.jpg,11,50,112.0,112.0,149.5,47.05,166.79,107.21,90,ok,90
test/11-50/87.jpg,11,50,112.0,112.0,74.5,176.95,57.21,116.79,270,ok,270
test/11-50/9.jpg,11,50,112.0,112.0,74.5,176.95,57.21,116.79,270,ok,270
test/11-55/19.jpg,11,55,112.0,112.0,74.5,47.05,109.6,57.05,0,ok,0
test/11-55/31.jpg,11,55,112.0,112.0,74.5,47.05,109.6,57.05,0,ok,0
test/11-55/33.jpg,11,55,112.0,112.0,149.5,176.95,114.4,166.95,180,ok,180
test/11-55/51.jpg,11,55,112.0,112.0,149.5,176.95,114.4,166.95,180,ok,180
test/11-55/58.jpg,11,55,112.0,112.0,47.05,149.5,57.05,114.4,270,ok,270
test/11-55/65.jpg,11,55,112.0,112.0,149.5,176.95,114.4,166.95,180,ok,180
test/11-55/70.jpg,11,55,112.0,112.0,47.05,149.5,57.05,114.4,270,ok,270
test/11-55/8.jpg,11,55,112.0,112.0,74.5,47.05,109.6,57.05,0,ok,0
test/11-55/91.jpg,11,55,112.0,112.0,74.5,47.05,109.6,57.05,0,ok,0
test/12-00/25.jpg,12,0,112.0,112.0,112.0,37.0,112.0,57.0,0,ok,0
test/12-00/31.jpg,12,0,112.0,112.0,37.0,112.0,57.0,112.0,270,ok,270
test/12-00/42.jpg,12,0,112.0,112.0,112.0,37.0,112.0,57.0,0,ok,0
test/12-00/45.jpg,12,0,112.0,112.0,112.0,37.0,112.0,57.0,0,ok,0
test/12-00/50.jpg,12,0,112.0,112.0,37.0,112.0,57.0,112.0,270,ok,270
test/12-00/63.jpg,12,0,112.0,112.0,37.0,112.0,57.0,112.0,270,ok,270
test/12-00/74.jpg,12,0,112.0,112.0,37.0,112.0,57.0,112.0,270,ok,270
test/12-00/82.jpg,12,0,112.0,112.0,37.0,112.0,57.0,112.0,270,ok,270
test/12-00/83.jpg,12,0,112.0,112.0,37.0,112.0,57.0,112.0,270,ok,270
test/12-00/92.jpg,12,0,112.0,112.0,187.0,112.0,167.0,112.0,90,ok,90
test/12-05/23.jpg,12,5,112.0,112.0,176.95,149.5,166.95,114.4,90,ok,90
test/12-05/32.jpg,12,5,112.0,112.0,47.05,74.5,57.05,109.6,270,ok,270
test/12-05/52.jpg,12,5,112.0,112.0,149.5,47.05,114.4,57.05,0,ok,0
test/12-05/85.jpg,12,5,112.0,112.0,149.5,47.05,114.4,57.05,0,ok,0
test/12-05/89.jpg,12,5,112.0,112.0,74.5,176.95,109.6,166.95,180,ok,180
test/12-05/9.jpg,12,5,112.0,112.0,149.5,47.05,114.4,57.05,0,ok,0
test/12-05/99.jpg,12,5,112.0,112.0,74.5,176.95,109.6,166.95,180,ok,180
test/12-10/16.jpg,12,10,112.0,112.0,74.5,47.05,57.21,107.21,270,ok,270
test/12-10/21.jpg,12,10,112.0,112.0,74.5,47.05,57.21,107.21,270,ok,270
test/12-10/30.jpg,12,10,112.0,112.0,176.95,74.5,116.79,57.21,0,ok,0
test/12-10/35.jpg,12,10,112.0,112.0,47.05,149.5,107.21,166.79,180,ok,180
test/12-10/36.jpg,12,10,112.0,112.0,149.5,176.95,166.79,116.79,90,ok,90
test/12-10/47.jpg,12,10,112.0,112.0,74.5,47.05,57.21,107.21,270,ok,270
test/12-10/64.jpg,12,10,112.0,112.0,176.95,74.5,116.79,57.21,0,ok,0
test/12-10/86.jpg,12,10,112.0,112.0,47.05,149.5,107.21,166.79,180,ok,180
test/12-10/88.jpg,12,10,112.0,112.0,149.5,176.95,166.79,116.79,90,ok,90
test/12-20/10.jpg,12,20,112.0,112.0,176.95,149.5,121.55,57.84,0,ok,0
test/12-20/21.jpg,12,20,112.0,112.0,149.5,47.05,57.84,102.45,270,ok,270
test/12-20/48.jpg,12,20,112.0,112.0,74.5,176.95,166.16,121.55,90,ok,90
test/12-20/67.jpg,12,20,112.0,112.0,74.5,176.95,166.16,121.55,90,ok,90
test/12-20/8.jpg,12,20,112.0,112.0,176.95,149.5,121.55,57.84,0,ok,0
test/12-20/85.jpg,12,20,112.0,112.0,74.5,176.95,166.16,121.55,90,ok,90
test/12-20/89.jpg,12,20,112.0,112.0,47.05,74.5,102.45,166.16,180,ok,180
test/12-20/97.jpg,12,20,112.0,112.0,74.5,176.95,166.16,121.55,90,ok,90
test/12-25/23.jpg,12,25,112.0,112.0,149.5,176.95,123.9,58.3,0,ok,0
test/12-25/4.jpg,12,25,112.0,112.0,176.95,74.5,58.3,100.1,270,ok,270
test/12-25/61.jpg,12,25,112.0,112.0,74.5,47.05,100.1,165.7,180,ok,180
test/12-25/73.jpg,12,25,112.0,112.0,74.5,47.05,100.1,165.7,180,ok,180
test/12-25/84.jpg,12,25,112.0,112.0,149.5,176.95,123.9,58.3,0,ok,0
test/12-25/85.jpg,12,25,112.0,112.0,176.95,74.5,58.3,100.1,270,ok,270
test/12-25/91.jpg,12,25,112.0,112.0,47.05,149.5,165.7,123.9,90,ok,90
test/12-30/16.jpg,12,30,112.0,112.0,112.0,187.0,126.24,58.87,0,ok,0
test/12-30/40.jpg,12,30,112.0,112.0,112.0,187.0,126.24,58.87,0,ok,0
test/12-30/45.jpg,12,30,112.0,112.0,112.0,37.0,97.76,165.13,180,ok,180
test/12-30/48.jpg,12,30,112.0,112.0,112.0,37.0,97.76,165.13,180,ok,180
test/12-30/52.jpg,12,30,112.0,112.0,112.0,187.0,126.24,58.87,0,ok,0
test/12-30/56.jpg,12,30,112.0,112.0,112.0,37.0,97.76,165.13,180,ok,180
test/12-30/75.jpg,12,30,112.0,112.0,112.0,187.0,126.24,58.87,0,ok,0
test/12-30/9.jpg,12,30,112.0,112.0,112.0,37.0,97.76,165.13,180,ok,180
test/12-30/96.jpg,12,30,112.0,112.0,112.0,187.0,126.24,58.87,0,ok,0
test/12-35/21.jpg,12,35,112.0,112.0,74.5,176.95,128.54,59.55,0,ok,0
test/12-35/41.jpg,12,35,112.0,112.0,176.95,149.5,59.55,95.46,270,ok,270
test/12-35/51.jpg,12,35,112.0,112.0,149.5,47.05,95.46,164.45,180,ok,180
test/12-35/53.jpg,12,35,112.0,112.0,74.5,176.95,128.54,59.55,0,ok,0
test/12-35/55.jpg,12,35,112.0,112.0,74.5,176.95,128.54,59.55,0,ok,0
test/12-35/62.jpg,12,35,112.0,112.0,149.5,47.05,95.46,164.45,180,ok,180
test/12-35/8.jpg,12,35,112.0,112.0,176.95,149.5,59.55,95.46,270,ok,270
test/12-35/81.jpg,12,35,112.0,112.0,176.95,149.5,59.55,95.46,270,ok,270
test/12-35/88.jpg,12,35,112.0,112.0,47.05,74.5,164.45,128.54,90,ok,90
test/12-40/18.jpg,12,40,112.0,112.0,176.95,74.5,93.19,163.68,180,ok,180
test/12-40/30.jpg,12,40,112.0,112.0,47.05,149.5,130.81,60.32,0,ok,0
test/12-40/56.jpg,12,40,112.0,112.0,47.05,149.5,130.81,60.32,0,ok,0
test/12-40/65.jpg,12,40,112.0,112.0,176.95,74.5,93.19,163.68,180,ok,180
test/12-40/75.jpg,12,40,112.0,112.0,149.5,176.95,60.32,93.19,270,ok,270
test/12-40/84.jpg,12,40,112.0,112.0,176.95,74.5,93.19,163.68,180,ok,180
test/12-40/95.jpg,12,40,112.0,112.0,47.05,149.5,130.81,60.32,0,ok,0
test/12-40/96.jpg,12,40,112.0,112.0,149.5,176.95,60.32,93.19,270,ok,270
test/12-45/29.jpg,12,45,112.0,112.0,37.0,112.0,133.05,61.19,0,ok,0
test/12-45/32.jpg,12,45,112.0,112.0,37.0,112.0,133.05,61.19,0,ok,0
test/12-45/69.jpg,12,45,112.0,112.0,37.0,112.0,133.05,61.19,0,ok,0
test/12-45/78.jpg,12,45,112.0,112.0,37.0,112.0,133.05,61.19,0,ok,0
test/12-45/91.jpg,12,45,112.0,112.0,37.0,112.0,133.05,61.19,0,ok,0
test/12-45/92.jpg,12,45,112.0,112.0,37.0,112.0,133.05,61.19,0,ok,0
test/12-45/98.jpg,12,45,112.0,112.0,112.0,187.0,61.19,90.95,270,ok,270
test/12-50/41.jpg,12,50,112.0,112.0,47.05,74.5,135.24,62.15,0,ok,0
test/12-50/78.jpg,12,50,112.0,112.0,149.5,47.05,161.85,135.24,90,ok,90
test/12-55/33.jpg,12,55,112.0,112.0,47.05,149.5,63.21,86.6,270,ok,270
test/12-55/48.jpg,12,55,112.0,112.0,74.5,47.05,137.4,63.21,0,ok,0
test/12-55/5.jpg,12,55,112.0,112.0,74.5,47.05,137.4,63.21,0,ok,0
test/12-55/50.jpg,12,55,112.0,112.0,74.5,47.05,137.4,63.21,0,ok,0
test/12-55/64.jpg,12,55,112.0,112.0,74.5,47.05,137.4,63.21,0,ok,0
test/12-55/66.jpg,12,55,112.0,112.0,176.95,74.5,160.79,137.4,90,ok,90
test/12-55/86.jpg,12,55,112.0,112.0,149.5,176.95,86.6,160.79,180,ok,180
test/12-55/9.jpg,12,55,112.0,112.0,47.05,149.5,63.21,86.6,270,ok,270
test/2-00/13.jpg,2,0,112.0,112.0,37.0,112.0,84.5,64.37,270,ok,270
test/2-00/20.jpg,2,0,112.0,112.0,37.0,112.0,84.5,64.37,270,ok,270
test/2-00/21.jpg,2,0,112.0,112.0,187.0,112.0,139.5,159.63,90,ok,90
test/2-00/30.jpg,2,0,112.0,112.0,112.0,37.0,159.63,84.5,0,ok,0
test/2-00/8.jpg,2,0,112.0,112.0,112.0,37.0,159.63,84.5,0,ok,0
test/2-00/97.jpg,2,0,112.0,112.0,112.0,37.0,159.63,84.5,0,ok,0
test/2-00/99.jpg,2,0,112.0,112.0,112.0,37.0,159.63,84.5,0,ok,0
test/2-05/46.jpg,2,5,112.0,112.0,149.5,47.05,160.79,86.6,0,ok,0
test/2-05/57.jpg,2,5,112.0,112.0,74.5,176.95,63.21,137.4,180,ok,180
test/2-05/70.jpg,2,5,112.0,112.0,47.05,74.5,86.6,63.21,270,ok,270
test/2-05/73.jpg,2,5,112.0,112.0,149.5,47.05,160.79,86.6,0,ok,0
test/2-05/86.jpg,2,5,112.0,112.0,149.5,47.05,160.79,86.6,0,ok,0
test/2-05/95.jpg,2,5,112.0,112.0,149.5,47.05,160.79,86.6,0,ok,0
test/2-05/99.jpg,2,5,112.0,112.0,47.05,74.5,86.6,63.21,270,ok,270
test/2-10/13.jpg,2,10,112.0,112.0,74.5,47.05,88.76,62.15,270,ok,270
test/2-10/33.jpg,2,10,112.0,112.0,176.95,74.5,161.85,88.76,0,ok,0
test/2-10/40.jpg,2,10,112.0,112.0,176.95,74.5,161.85,88.76,0,ok,0
test/2-10/49.jpg,2,10,112.0,112.0,176.95,74.5,161.85,88.76,0,ok,0
test/2-10/74.jpg,2,10,112.0,112.0,74.5,47.05,88.76,62.15,270,ok,270
test/2-10/96.jpg,2,10,112.0,112.0,176.95,74.5,161.85,88.76,0,ok,0
test/2-10/97.jpg,2,10,112.0,112.0,176.95,74.5,161.85,88.76,0,ok,0
test/2-15/1.jpg,2,15,112.0,112.0,187.0,112.0,162.81,90.95,0,ok,0
test/2-15/30.jpg,2,15,112.0,112.0,187.0,112.0,162.81,90.95,0,ok,0
test/2-15/36.jpg,2,15,112.0,112.0,187.0,112.0,162.81,90.95,0,ok,0
test/2-15/48.jpg,2,15,112.0,112.0,187.0,112.0,162.81,90.95,0,ok,0
test/2-15/79.jpg,2,15,112.0,112.0,37.0,112.0,61.19,133.05,180,ok,180
test/2-15/87.jpg,2,15,112.0,112.0,187.0,112.0,162.81,90.95,0,ok,0
test/2-15/91.jpg,2,15,112.0,112.0,187.0,112.0,162.81,90.95,0,ok,0
test/2-15/96.jpg,2,15,112.0,112.0,187.0,112.0,162.81,90.95,0,ok,0
test/2-15/97.jpg,2,15,112.0,112.0,187.0,112.0,162.81,90.95,0,ok,0
test/2-20/23.jpg,2,20,112.0,112.0,176.95,149.5,163.68,93.19,0,ok,0
test/2-20/4.jpg,2,20,112.0,112.0,74.5,176.95,130.81,163.68,90,ok,90
test/2-20/64.jpg,2,20,112.0,112.0,47.05,74.5,60.32,130.81,180,ok,180
test/2-20/72.jpg,2,20,112.0,112.0,149.5,47.05,93.19,60.32,270,ok,270
test/2-20/73.jpg,2,20,112.0,112.0,176.95,149.5,163.68,93.19,0,ok,0
test/2-20/82.jpg,2,20,112.0,112.0,176.95,149.5,163.68,93.19,0,ok,0
test/2-20/83.jpg,2,20,112.0,112.0,176.95,149.5,163.68,93.19,0,ok,0
test/2-20/87.jpg,2,20,112.0,112.0,176.95,149.5,163.68,93.19,0,ok,0
test/2-20/91.jpg,2,20,112.0,112.0,149.5,47.05,93.19,60.32,270,ok,270
test/2-25/31.jpg,2,25,112.0,112.0,149.5,176.95,164.45,95.46,0,ok,0
test/2-25/35.jpg,2,25,112.0,112.0,176.95,74.5,95.46,59.55,270,ok,270
test/2-25/50.jpg,2,25,112.0,112.0,74.5,47.05,59.55,128.54,180,ok,180
test/2-25/75.jpg,2,25,112.0,112.0,176.95,74.5,95.46,59.55,270,ok,270
test/2-25/96.jpg,2,25,112.0,112.0,176.95,74.5,95.46,59.55,270,ok,270
test/2-25/99.jpg,2,25,112.0,112.0,47.05,149.5,128.54,164.45,90,ok,90
test/2-30/26.jpg,2,30,112.0,112.0,112.0,187.0,165.13,97.76,0,ok,0
test/2-30/31.jpg,2,30,112.0,112.0,187.0,112.0,97.76,58.87,270,ok,270
test/2-30/53.jpg,2,30,112.0,112.0,112.0,187.0,165.13,97.76,0,ok,0
test/2-30/80.jpg,2,30,112.0,112.0,187.0,112.0,97.76,58.87,270,ok,270
test/2-30/85.jpg,2,30,112.0,112.0,112.0,187.0,165.13,97.76,0,ok,0
test/2-30/92.jpg,2,30,112.0,112.0,112.0,187.0,165.13,97.76,0,ok,0
test/2-30/98.jpg,2,30,112.0,112.0,112.0,187.0,165.13,97.76,0,ok,0
test/2-35/4.jpg,2,35,112.0,112.0,176.95,149.5,100.1,58.3,270,ok,270
test/2-35/46.jpg,2,35,112.0,112.0,47.05,74.5,123.9,165.7,90,ok,90
test/2-35/47.jpg,2,35,112.0,112.0,74.5,176.95,165.7,100.1,0,ok,0
test/2-35/52.jpg,2,35,112.0,112.0,176.95,149.5,100.1,58.3,270,ok,270
test/2-35/54.jpg,2,35,112.0,112.0,176.95,149.5,100.1,58.3,270,ok,270
test/2-35/58.jpg,2,35,112.0,112.0,74.5,176.95,165.7,100.1,0,ok,0
test/2-35/62.jpg,2,35,112.0,112.0,149.5,47.05,58.3,123.9,180,ok,180
test/2-35/78.jpg,2,35,112.0,112.0,149.5,47.05,58.3,123.9,180,ok,180
test/2-35/8.jpg,2,35,112.0,112.0,74.5,176.95,165.7,100.1,0,ok,0
test/2-40/21.jpg,2,40,112.0,112.0,47.05,149.5,166.16,102.45,0,ok,0
test/2-40/31.jpg,2,40,112.0,112.0,149.5,176.95,102.45,57.84,270,ok,270
test/2-40/36.jpg,2,40,112.0,112.0,149.5,176.95,102.45,57.84,270,ok,270
test/2-40/48.jpg,2,40,112.0,112.0,149.5,176.95,102.45,57.84,270,ok,270
test/2-40/5.jpg,2,40,112.0,112.0,74.5,47.05,121.55,166.16,90,ok,90
test/2-40/50.jpg,2,40,112.0,112.0,176.95,74.5,57.84,121.55,180,ok,180
test/2-40/72.jpg,2,40,112.0,112.0,47.05,149.5,166.16,102.45,0,ok,0
test/2-40/80.jpg,2,40,112.0,112.0,74.5,47.05,121.55,166.16,90,ok,90
test/2-40/93.jpg,2,40,112.0,112.0,47.05,149.5,166.16,102.45,0,ok,0
test/2-45/10.jpg,2,45,112.0,112.0,187.0,112.0,57.47,119.18,180,ok,180
test/2-45/2.jpg,2,45,112.0,112.0,112.0,37.0,119.18,166.53,90,ok,90
test/2-45/21.jpg,2,45,112.0,112.0,37.0,112.0,166.53,104.82,0,ok,0
test/2-45/3.jpg,2,45,112.0,112.0,187.0,112.0,57.47,119.18,180,ok,180
test/2-45/47.jpg,2,45,112.0,112.0,112.0,37.0,119.18,166.53,90,ok,90
test/2-45/56.jpg,2,45,112.0,112.0,187.0,112.0,57.47,119.18,180,ok,180
test/2-45/72.jpg,2,45,112.0,112.0,112.0,37.0,119.18,166.53,90,ok,90
test/2-45/78.jpg,2,45,112.0,112.0,112.0,187.0,104.82,57.47,270,ok,270
test/2-45/79.jpg,2,45,112.0,112.0,187.0,112.0,57.47,119.18,180,ok,180
test/2-50/1.jpg,2,50,112.0,112.0,176.95,149.5,57.21,116.79,180,ok,180
test/2-50/32.jpg,2,50,112.0,112.0,47.05,74.5,166.79,107.21,0,ok,0
test/2-50/53.jpg,2,50,112.0,112.0,47.05,74.5,166.79,107.21,0,ok,0
test/2-50/71.jpg,2,50,112.0,112.0,47.05,74.5,166.79,107.21,0,ok,0
test/2-50/79.jpg,2,50,112.0,112.0,47.05,74.5,166.79,107.21,0,ok,0
test/2-50/99.jpg,2,50,112.0,112.0,176.95,149.5,57.21,116.79,180,ok,180
test/2-55/25.jpg,2,55,112.0,112.0,149.5,176.95,57.05,114.4,180,ok,180
test/2-55/34.jpg,2,55,112.0,112.0,149.5,176.95,57.05,114.4,180,ok,180
test/2-55/50.jpg,2,55,112.0,112.0,74.5,47.05,166.95,109.6,0,ok,0
test/2-55/51.jpg,2,55,112.0,112.0,74.5,47.05,166.95,109.6,0,ok,0
test/2-55/52.jpg,2,55,112.0,112.0,47.05,149.5,109.6,57.05,270,ok,270
test/2-55/53.jpg,2,55,112.0,112.0,47.05,149.5,109.6,57.05,270,ok,270
test/2-55/61.jpg,2,55,112.0,112.0,176.95,74.5,114.4,166.95,90,ok,90
test/2-55/71.jpg,2,55,112.0,112.0,74.5,47.05,166.95,109.6,0,ok,0
test/2-55/78.jpg,2,55,112.0,112.0,149.5,176.95,57.05,114.4,180,ok,180
test/2-55/97.jpg,2,55,112.0,112.0,149.5,176.95,57.05,114.4,180,ok,180
test/3-00/16.jpg,3,0,112.0,112.0,37.0,112.0,112.0,57.0,270,ok,270
test/3-00/2.jpg,3,0,112.0,112.0,112.0,37.0,167.0,112.0,0,ok,0
test/3-00/23.jpg,3,0,112.0,112.0,37.0,112.0,112.0,57.0,270,ok,270
test/3-00/28.jpg,3,0,112.0,112.0,112.0,37.0,167.0,112.0,0,ok,0
test/3-00/46.jpg,3,0,112.0,112.0,112.0,37.0,167.0,112.0,0,ok,0
test/3-00/5.jpg,3,0,112.0,112.0,37.0,112.0,112.0,57.0,270,ok,270
test/3-00/67.jpg,3,0,112.0,112.0,112.0,37.0,167.0,112.0,0,ok,0
test/3-00/8.jpg,3,0,112.0,112.0,112.0,37.0,167.0,112.0,0,ok,0
test/3-05/20.jpg,3,5,112.0,112.0,149.5,47.05,166.95,114.4,0,ok,0
test/3-05/24.jpg,3,5,112.0,112.0,149.5,47.05,166.95,114.4,0,ok,0
test/3-05/30.jpg,3,5,112.0,112.0,176.95,149.5,109.6,166.95,90,ok,90
test/3-05/38.jpg,3,5,112.0,112.0,149.5,47.05,166.95,114.4,0,ok,0
test/3-05/99.jpg,3,5,112.0,112.0,149.5,47.05,166.95,114.4,0,ok,0
test/3-10/0.jpg,3,10,112.0,112.0,176.95,74.5,166.79,116.79,0,ok,0
test/3-10/13.jpg,3,10,112.0,112.0,176.95,74.5,166.79,116.79,0,ok,0
test/3-10/50.jpg,3,10,112.0,112.0,149.5,176.95,107.21,166.79,90,ok,90
test/3-10/52.jpg,3,10,112.0,112.0,47.05,149.5,57.21,107.21,180,ok,180
test/3-10/62.jpg,3,10,112.0,112.0,176.95,74.5,166.79,116.79,0,ok,0
test/3-10/83.jpg,3,10,112.0,112.0,176.95,74.5,166.79,116.79,0,ok,0
test/3-15/13.jpg,3,15,112.0,112.0,112.0,37.0,119.18,57.47,270,ok,270
test/3-15/21.jpg,3,15,112.0,112.0,187.0,112.0,166.53,119.18,0,ok,0
test/3-15/24.jpg,3,15,112.0,112.0,112.0,187.0,104.82,166.53,90,ok,90
test/3-15/37.jpg,3,15,112.0,112.0,187.0,112.0,166.53,119.18,0,ok,0
test/3-15/66.jpg,3,15,112.0,112.0,112.0,37.0,119.18,57.47,270,ok,270
test/3-15/78.jpg,3,15,112.0,112.0,112.0,37.0,119.18,57.47,270,ok,270
test/3-15/8.jpg,3,15,112.0,112.0,112.0,37.0,119.18,57.47,270,ok,270
test/3-15/99.jpg,3,15,112.0,112.0,187.0,112.0,166.53,119.18,0,ok,0
test/3-20/10.jpg,3,20,112.0,112.0,149.5,47.05,121.55,57.84,270,ok,270
test/3-20/15.jpg,3,20,112.0,112.0,176.95,149.5,166.16,121.55,0,ok,0
test/3-20/26.jpg,3,20,112.0,112.0,176.95,149.5,166.16,121.55,0,ok,0
test/3-20/33.jpg,3,20,112.0,112.0,149.5,47.05,121.55,57.84,270,ok,270
test/3-20/45.jpg,3,20,112.0,112.0,176.95,149.5,166.16,121.55,0,ok,0
test/3-20/57.jpg,3,20,112.0,112.0,149.5,47.05,121.55,57.84,270,ok,270
test/3-20/91.jpg,3,20,112.0,112.0,176.95,149.5,166.16,121.55,0,ok,0
test/3-25/31.jpg,3,25,112.0,112.0,149.5,176.95,165.7,123.9,0,ok,0
test/3-25/37.jpg,3,25,112.0,112.0,149.5,176.95,165.7,123.9,0,ok,0
test/3-25/40.jpg,3,25,112.0,112.0,149.5,176.95,165.7,123.9,0,ok,0
test/3-25/44.jpg,3,25,112.0,112.0,149.5,176.95,165.7,123.9,0,ok,0
test/3-25/7.jpg,3,25,112.0,112.0,149.5,176.95,165.7,123.9,0,ok,0
test/3-25/86.jpg,3,25,112.0,112.0,74.5,47.05,58.3,100.1,180,ok,180
test/3-30/49.jpg,3,30,112.0,112.0,112.0,187.0,165.13,126.24,0,ok,0
test/3-30/77.jpg,3,30,112.0,112.0,112.0,187.0,165.13,126.24,0,ok,0
test/3-30/83.jpg,3,30,112.0,112.0,112.0,187.0,165.13,126.24,0,ok,0
test/3-30/89.jpg,3,30,112.0,112.0,112.0,37.0,58.87,97.76,180,ok,180
test/3-30/95.jpg,3,30,112.0,112.0,37.0,112.0,97.76,165.13,90,ok,90
test/3-35/13.jpg,3,35,112.0,112.0,176.95,149.5,128.54,59.55,270,ok,270
test/3-35/28.jpg,3,35,112.0,112.0,176.95,149.5,128.54,59.55,270,ok,270
test/3-35/33.jpg,3,35,112.0,112.0,176.95,149.5,128.54,59.55,270,ok,270
test/3-35/73.jpg,3,35,112.0,112.0,149.5,47.05,59.55,95.46,180,ok,180
test/3-35/83.jpg,3,35,112.0,112.0,176.95,149.5,128.54,59.55,270,ok,270
test/3-35/97.jpg,3,35,112.0,112.0,74.5,176.95,164.45,128.54,0,ok,0
test/3-40/0.jpg,3,40,112.0,112.0,47.05,149.5,163.68,130.81,0,ok,0
test/3-40/22.jpg,3,40,112.0,112.0,149.5,176.95,130.81,60.32,270,ok,270
test/3-40/32.jpg,3,40,112.0,112.0,149.5,176.95,130.81,60.32,270,ok,270
test/3-40/42.jpg,3,40,112.0,112.0,176.95,74.5,60.32,93.19,180,ok,180
test/3-40/49.jpg,3,40,112.0,112.0,47.05,149.5,163.68,130.81,0,ok,0
test/3-40/60.jpg,3,40,112.0,112.0,47.05,149.5,163.68,130.81,0,ok,0
test/3-40/62.jpg,3,40,112.0,112.0,47.05,149.5,163.68,130.81,0,ok,0
test/3-40/86.jpg,3,40,112.0,112.0,47.05,149.5,163.68,130.81,0,ok,0
test/3-40/89.jpg,3,40,112.0,112.0,47.05,149.5,163.68,130.81,0,ok,0
test/3-45/26.jpg,3,45,112.0,112.0,112.0,187.0,133.05,61.19,270,ok,270
test/3-45/29.jpg,3,45,112.0,112.0,187.0,112.0,61.19,90.95,180,ok,180
test/3-45/8.jpg,3,45,112.0,112.0,112.0,187.0,133.05,61.19,270,ok,270
test/3-45/82.jpg,3,45,112.0,112.0,37.0,112.0,162.81,133.05,0,ok,0
test/3-45/95.jpg,3,45,112.0,112.0,112.0,187.0,133.05,61.19,270,ok,270
test/3-45/99.jpg,3,45,112.0,112.0,37.0,112.0,162.81,133.05,0,ok,0
test/3-50/10.jpg,3,50,112.0,112.0,176.95,149.5,62.15,88.76,180,ok,180
test/3-50/14.jpg,3,50,112.0,112.0,176.95,149.5,62.15,88.76,180,ok,180
test/3-50/21.jpg,3,50,112.0,112.0,176.95,149.5,62.15,88.76,180,ok,180
test/3-50/24.jpg,3,50,112.0,112.0,149.5,47.05,88.76,161.85,90,ok,90
test/3-50/30.jpg,3,50,112.0,112.0,74.5,176.95,135.24,62.15,270,ok,270
test/3-50/40.jpg,3,50,112.0,112.0,176.95,149.5,62.15,88.76,180,ok,180
test/3-50/6.jpg,3,50,112.0,112.0,47.05,74.5,161.85,135.24,0,ok,0
test/3-50/61.jpg,3,50,112.0,112.0,47.05,74.5,161.85,135.24,0,ok,0
test/3-50/77.jpg,3,50,112.0,112.0,149.5,47.05,88.76,161.85,90,ok,90
test/3-50/9.jpg,3,50,112.0,112.0,74.5,176.95,135.24,62.15,270,ok,270
test/3-55/17.jpg,3,55,112.0,112.0,47.05,149.5,137.4,63.21,270,ok,270
test/3-55/19.jpg,3,55,112.0,112.0,176.95,74.5,86.6,160.79,90,ok,90
test/3-55/29.jpg,3,55,112.0,112.0,74.5,47.05,160.79,137.4,0,ok,0
test/3-55/38.jpg,3,55,112.0,112.0,74.5,47.05,160.79,137.4,0,ok,0
test/3-55/50.jpg,3,55,112.0,112.0,149.5,176.95,63.21,86.6,180,ok,180
test/3-55/66.jpg,3,55,112.0,112.0,47.05,149.5,137.4,63.21,270,ok,270
test/3-55/74.jpg,3,55,112.0,112.0,74.5,47.05,160.79,137.4,0,ok,0
test/3-55/75.jpg,3,55,112.0,112.0,149.5,176.95,63.21,86.6,180,ok,180
test/3-55/93.jpg,3,55,112.0,112.0,74.5,47.05,160.79,137.4,0,ok,0
test/3-55/99.jpg,3,55,112.0,112.0,74.5,47.05,160.79,137.4,0,ok,0
test/4-00/1.jpg,4,0,112.0,112.0,112.0,37.0,159.63,139.5,0,ok,0
test/4-00/41.jpg,4,0,112.0,112.0,112.0,37.0,159.63,139.5,0,ok,0
test/4-00/52.jpg,4,0,112.0,112.0,112.0,187.0,64.37,84.5,180,ok,180
test/4-00/80.jpg,4,0,112.0,112.0,187.0,112.0,84.5,159.63,90,ok,90
test/4-00/83.jpg,4,0,112.0,112.0,112.0,37.0,159.63,139.5,0,ok,0
test/4-00/88.jpg,4,0,112.0,112.0,187.0,112.0,84.5,159.63,90,ok,90
test/4-05/13.jpg,4,5,112.0,112.0,74.5,176.95,65.61,82.45,180,ok,180
test/4-05/15.jpg,4,5,112.0,112.0,149.5,47.05,158.39,141.55,0,ok,0
test/4-05/20.jpg,4,5,112.0,112.0,149.5,47.05,158.39,141.55,0,ok,0
test/4-05/24.jpg,4,5,112.0,112.0,149.5,47.05,158.39,141.55,0,ok,0
test/4-05/27.jpg,4,5,112.0,112.0,149.5,47.05,158.39,141.55,0,ok,0
test/4-05/42.jpg,4,5,112.0,112.0,74.5,176.95,65.61,82.45,180,ok,180
test/4-05/67.jpg,4,5,112.0,112.0,149.5,47.05,158.39,141.55,0,ok,0
test/4-05/84.jpg,4,5,112.0,112.0,149.5,47.05,158.39,141.55,0,ok,0
test/4-10/16.jpg,4,10,112.0,112.0,176.95,74.5,157.05,143.55,0,ok,0
test/4-10/73.jpg,4,10,112.0,112.0,47.05,149.5,66.95,80.45,180,ok,180
test/4-10/80.jpg,4,10,112.0,112.0,176.95,74.5,157.05,143.55,0,ok,0
test/4-10/81.jpg,4,10,112.0,112.0,74.5,47.05,143.55,66.95,270,ok,270
test/4-10/86.jpg,4,10,112.0,112.0,74.5,47.05,143.55,66.95,270,ok,270
test/4-10/95.jpg,4,10,112.0,112.0,176.95,74.5,157.05,143.55,0,ok,0
test/4-15/0.jpg,4,15,112.0,112.0,187.0,112.0,155.63,145.48,0,ok,0
test/4-15/13.jpg,4,15,112.0,112.0,187.0,112.0,155.63,145.48,0,ok,0
test/4-15/36.jpg,4,15,112.0,112.0,112.0,37.0,145.48,68.37,270,ok,270
test/4-15/52.jpg,4,15,112.0,112.0,112.0,37.0,145.48,68.37,270,ok,270
test/4-15/60.jpg,4,15,112.0,112.0,187.0,112.0,155.63,145.48,0,ok,0
test/4-15/68.jpg,4,15,112.0,112.0,37.0,112.0,68.37,78.52,180,ok,180
test/4-15/93.jpg,4,15,112.0,112.0,187.0,112.0,155.63,145.48,0,ok,0
test/4-15/98.jpg,4,15,112.0,112.0,112.0,187.0,78.52,155.63,90,ok,90
test/4-20/12.jpg,4,20,112.0,112.0,47.05,74.5,69.87,76.65,180,ok,180
test/4-20/17.jpg,4,20,112.0,112.0,176.95,149.5,154.13,147.35,0,ok,0
test/4-20/38.jpg,4,20,112.0,112.0,176.95,149.5,154.13,147.35,0,ok,0
test/4-20/49.jpg,4,20,112.0,112.0,176.95,149.5,154.13,147.35,0,ok,0
test/4-20/5.jpg,4,20,112.0,112.0,74.5,176.95,76.65,154.13,90,ok,90
test/4-20/6.jpg,4,20,112.0,112.0,176.95,149.5,154.13,147.35,0,ok,0
test/4-20/64.jpg,4,20,112.0,112.0,176.95,149.5,154.13,147.35,0,ok,0
test/4-20/67.jpg,4,20,112.0,112.0,176.95,149.5,154.13,147.35,0,ok,0
test/4-20/69.jpg,4,20,112.0,112.0,176.95,149.5,154.13,147.35,0,ok,0
test/4-25/14.jpg,4,25,112.0,112.0,176.95,74.5,149.16,71.45,270,ok,270
test/4-25/17.jpg,4,25,112.0,112.0,149.5,176.95,152.55,149.16,0,ok,0
test/4-25/35.jpg,4,25,112.0,112.0,47.05,149.5,74.84,152.55,90,ok,90
test/4-25/45.jpg,4,25,112.0,112.0,74.5,47.05,71.45,74.84,180,ok,180
test/4-25/51.jpg,4,25,112.0,112.0,149.5,176.95,152.55,149.16,0,ok,0
test/4-25/72.jpg,4,25,112.0,112.0,149.5,176.95,152.55,149.16,0,ok,0
test/4-25/8.jpg,4,25,112.0,112.0,176.95,74.5,149.16,71.45,270,ok,270
test/4-25/97.jpg,4,25,112.0,112.0,176.95,74.5,149.16,71.45,270,ok,270
test/4-25/98.jpg,4,25,112.0,112.0,149.5,176.95,152.55,149.16,0,ok,0
test/4-30/32.jpg,4,30,112.0,112.0,37.0,112.0,73.11,150.89,90,ok,90
test/4-30/49.jpg,4,30,112.0,112.0,112.0,37.0,73.11,73.11,180,ok,180
test/4-30/76.jpg,4,30,112.0,112.0,112.0,187.0,150.89,150.89,0,ok,0
test/4-30/88.jpg,4,30,112.0,112.0,112.0,187.0,150.89,150.89,0,ok,0
test/4-30/89.jpg,4,30,112.0,112.0,37.0,112.0,73.11,150.89,90,ok,90
test/4-30/95.jpg,4,30,112.0,112.0,112.0,187.0,150.89,150.89,0,ok,0
test/4-35/18.jpg,4,35,112.0,112.0,74.5,176.95,149.16,152.55,0,ok,0
test/4-35/2.jpg,4,35,112.0,112.0,74.5,176.95,149.16,152.55,0,ok,0
test/4-35/27.jpg,4,35,112.0,112.0,74.5,176.95,149.16,152.55,0,ok,0
test/4-35/29.jpg,4,35,112.0,112.0,74.5,176.95,149.16,152.55,0,ok,0
test/4-35/40.jpg,4,35,112.0,112.0,74.5,176.95,149.16,152.55,0,ok,0
test/4-35/44.jpg,4,35,112.0,112.0,74.5,176.95,149.16,152.55,0,ok,0
test/4-35/60.jpg,4,35,112.0,112.0,74.5,176.95,149.16,152.55,0,ok,0
test/4-35/95.jpg,4,35,112.0,112.0,74.5,176.95,149.16,152.55,0,ok,0
test/4-40/20.jpg,4,40,112.0,112.0,47.05,149.5,147.35,154.13,0,ok,0
test/4-40/24.jpg,4,40,112.0,112.0,47.05,149.5,147.35,154.13,0,ok,0
test/4-40/34.jpg,4,40,112.0,112.0,47.05,149.5,147.35,154.13,0,ok,0
test/4-40/62.jpg,4,40,112.0,112.0,176.95,74.5,76.65,69.87,180,ok,180
test/4-40/64.jpg,4,40,112.0,112.0,47.05,149.5,147.35,154.13,0,ok,0
test/4-40/88.jpg,4,40,112.0,112.0,47.05,149.5,147.35,154.13,0,ok,0
test/4-45/28.jpg,4,45,112.0,112.0,37.0,112.0,145.48,155.63,0,ok,0
test/4-45/30.jpg,4,45,112.0,112.0,37.0,112.0,145.48,155.63,0,ok,0
test/4-45/32.jpg,4,45,112.0,112.0,112.0,37.0,68.37,145.48,90,ok,90
test/4-45/34.jpg,4,45,112.0,112.0,187.0,112.0,78.52,68.37,180,ok,180
test/4-45/40.jpg,4,45,112.0,112.0,37.0,112.0,145.48,155.63,0,ok,0
test/4-45/5.jpg,4,45,112.0,112.0,112.0,37.0,68.37,145.48,90,ok,90
test/4-45/72.jpg,4,45,112.0,112.0,112.0,187.0,155.63,78.52,270,ok,270
test/4-45/95.jpg,4,45,112.0,112.0,37.0,112.0,145.48,155.63,0,ok,0
test/4-45/99.jpg,4,45,112.0,112.0,112.0,187.0,155.63,78.52,270,ok,270
test/4-50/0.jpg,4,50,112.0,112.0,47.05,74.5,143.55,157.05,0,ok,0
test/4-50/45.jpg,4,50,112.0,112.0,47.05,74.5,143.55,157.05,0,ok,0
test/4-50/46.jpg,4,50,112.0,112.0,74.5,176.95,157.05,80.45,270,ok,270
test/4-50/48.jpg,4,50,112.0,112.0,47.05,74.5,143.55,157.05,0,ok,0
test/4-50/62.jpg,4,50,112.0,112.0,47.05,74.5,143.55,157.05,0,ok,0
test/4-50/69.jpg,4,50,112.0,112.0,47.05,74.5,143.55,157.05,0,ok,0
test/4-50/76.jpg,4,50,112.0,112.0,149.5,47.05,66.95,143.55,90,ok,90
test/4-50/86.jpg,4,50,112.0,112.0,176.95,149.5,80.45,66.95,180,ok,180
test/4-50/9.jpg,4,50,112.0,112.0,47.05,74.5,143.55,157.05,0,ok,0
test/4-55/44.jpg,4,55,112.0,112.0,149.5,176.95,82.45,65.61,180,ok,180
test/4-55/49.jpg,4,55,112.0,112.0,74.5,47.05,141.55,158.39,0,ok,0
test/4-55/63.jpg,4,55,112.0,112.0,47.05,149.5,158.39,82.45,270,ok,270
test/4-55/75.jpg,4,55,112.0,112.0,149.5,176.95,82.45,65.61,180,ok,180
test/4-55/85.jpg,4,55,112.0,112.0,74.5,47.05,141.55,158.39,0,ok,0
test/4-55/89.jpg,4,55,112.0,112.0,149.5,176.95,82.45,65.61,180,ok,180
test/4-55/90.jpg,4,55,112.0,112.0,74.5,47.05,141.55,158.39,0,ok,0
test/4-55/91.jpg,4,55,112.0,112.0,176.95,74.5,65.61,141.55,90,ok,90
test/5-00/15.jpg,5,0,112.0,112.0,112.0,37.0,139.5,159.63,0,ok,0
test/5-00/24.jpg,5,0,112.0,112.0,112.0,37.0,139.5,159.63,0,ok,0
test/5-00/45.jpg,5,0,112.0,112.0,112.0,37.0,139.5,159.63,0,ok,0
test/5-00/50.jpg,5,0,112.0,112.0,112.0,37.0,139.5,159.63,0,ok,0
test/5-00/62.jpg,5,0,112.0,112.0,187.0,112.0,64.37,139.5,90,ok,90
test/5-00/85.jpg,5,0,112.0,112.0,112.0,37.0,139.5,159.63,0,ok,0
test/5-00/98.jpg,5,0,112.0,112.0,112.0,37.0,139.5,159.63,0,ok,0
test/5-00/99.jpg,5,0,112.0,112.0,37.0,112.0,159.63,84.5,270,ok,270
test/5-05/2.jpg,5,5,112.0,112.0,47.05,74.5,160.79,86.6,270,ok,270
test/5-05/34.jpg,5,5,112.0,112.0,47.05,74.5,160.79,86.6,270,ok,270
test/5-05/60.jpg,5,5,112.0,112.0,176.95,149.5,63.21,137.4,90,ok,90
test/5-05/80.jpg,5,5,112.0,112.0,149.5,47.05,137.4,160.79,0,ok,0
test/5-05/89.jpg,5,5,112.0,112.0,47.05,74.5,160.79,86.6,270,ok,270
test/5-10/31.jpg,5,10,112.0,112.0,74.5,47.05,161.85,88.76,270,ok,270
test/5-10/38.jpg,5,10,112.0,112.0,47.05,149.5,88.76,62.15,180,ok,180
test/5-10/78.jpg,5,10,112.0,112.0,176.95,74.5,135.24,161.85,0,ok,0
test/5-15/5.jpg,5,15,112.0,112.0,37.0,112.0,90.95,61.19,180,ok,180
test/5-15/61.jpg,5,15,112.0,112.0,37.0,112.0,90.95,61.19,180,ok,180
test/5-15/84.jpg,5,15,112.0,112.0,37.0,112.0,90.95,61.19,180,ok,180
test/5-15/9.jpg,5,15,112.0,112.0,187.0,112.0,133.05,162.81,0,ok,0
test/5-15/90.jpg,5,15,112.0,112.0,187.0,112.0,133.05,162.81,0,ok,0
test/5-15/91.jpg,5,15,112.0,112.0,187.0,112.0,133.05,162.81,0,ok,0
test/5-15/98.jpg,5,15,112.0,112.0,187.0,112.0,133.05,162.81,0,ok,0
test/5-20/35.jpg,5,20,112.0,112.0,149.5,47.05,163.68,93.19,270,ok,270
test/5-20/38.jpg,5,20,112.0,112.0,74.5,176.95,60.32,130.81,90,ok,90
test/5-20/45.jpg,5,20,112.0,112.0,176.95,149.5,130.81,163.68,0,ok,0
test/5-20/5.jpg,5,20,112.0,112.0,176.95,149.5,130.81,163.68,0,ok,0
test/5-20/87.jpg,5,20,112.0,112.0,176.95,149.5,130.81,163.68,0,ok,0
test/5-20/95.jpg,5,20,112.0,112.0,176.95,149.5,130.81,163.68,0,ok,0
test/5-20/97.jpg,5,20,112.0,112.0,149.5,47.05,163.68,93.19,270,ok,270
test/5-25/21.jpg,5,25,112.0,112.0,47.05,149.5,59.55,128.54,90,ok,90
test/5-25/24.jpg,5,25,112.0,112.0,47.05,149.5,59.55,128.54,90,ok,90
test/5-25/74.jpg,5,25,112.0,112.0,74.5,47.05,95.46,59.55,180,ok,180
test/5-25/80.jpg,5,25,112.0,112.0,47.05,149.5,59.55,128.54,90,ok,90
test/5-25/96.jpg,5,25,112.0,112.0,176.95,74.5,164.45,95.46,270,ok,270
test/5-30/10.jpg,5,30,112.0,112.0,112.0,187.0,126.24,165.13,0,ok,0
test/5-30/14.jpg,5,30,112.0,112.0,112.0,37.0,97.76,58.87,180,ok,180
test/5-30/27.jpg,5,30,112.0,112.0,112.0,187.0,126.24,165.13,0,ok,0
test/5-30/54.jpg,5,30,112.0,112.0,112.0,187.0,126.24,165.13,0,ok,0
test/5-30/62.jpg,5,30,112.0,112.0,112.0,187.0,126.24,165.13,0,ok,0
test/5-30/64.jpg,5,30,112.0,112.0,112.0,187.0,126.24,165.13,0,ok,0
test/5-30/99.jpg,5,30,112.0,112.0,37.0,112.0,58.87,126.24,90,ok,90
test/5-35/1.jpg,5,35,112.0,112.0,47.05,74.5,58.3,123.9,90,ok,90
test/5-35/20.jpg,5,35,112.0,112.0,74.5,176.95,123.9,165.7,0,ok,0
test/5-35/4.jpg,5,35,112.0,112.0,74.5,176.95,123.9,165.7,0,ok,0
test/5-35/76.jpg,5,35,112.0,112.0,74.5,176.95,123.9,165.7,0,ok,0
test/5-35/98.jpg,5,35,112.0,112.0,74.5,176.95,123.9,165.7,0,ok,0
test/5-40/12.jpg,5,40,112.0,112.0,47.05,149.5,121.55,166.16,0,ok,0
test/5-40/35.jpg,5,40,112.0,112.0,149.5,176.95,166.16,102.45,270,ok,270
test/5-40/38.jpg,5,40,112.0,112.0,47.05,149.5,121.55,166.16,0,ok,0
test/5-40/47.jpg,5,40,112.0,112.0,47.05,149.5,121.55,166.16,0,ok,0
test/5-40/60.jpg,5,40,112.0,112.0,47.05,149.5,121.55,166.16,0,ok,0
test/5-40/62.jpg,5,40,112.0,112.0,47.05,149.5,121.55,166.16,0,ok,0
test/5-40/64.jpg,5,40,112.0,112.0,74.5,47.05,57.84,121.55,90,ok,90
test/5-40/90.jpg,5,40,112.0,112.0,47.05,149.5,121.55,166.16,0,ok,0
test/5-40/91.jpg,5,40,112.0,112.0,47.05,149.5,121.55,166.16,0,ok,0
test/5-50/18.jpg,5,50,112.0,112.0,47.05,74.5,116.79,166.79,0,ok,0
test/5-50/29.jpg,5,50,112.0,112.0,176.95,149.5,107.21,57.21,180,ok,180
test/5-50/5.jpg,5,50,112.0,112.0,47.05,74.5,116.79,166.79,0,ok,0
test/5-50/56.jpg,5,50,112.0,112.0,47.05,74.5,116.79,166.79,0,ok,0
test/5-50/59.jpg,5,50,112.0,112.0,47.05,74.5,116.79,166.79,0,ok,0
test/5-50/7.jpg,5,50,112.0,112.0,47.05,74.5,116.79,166.79,0,ok,0
test/5-50/76.jpg,5,50,112.0,112.0,47.05,74.5,116.79,166.79,0,ok,0
test/5-50/86.jpg,5,50,112.0,112.0,47.05,74.5,116.79,166.79,0,ok,0
test/5-50/9.jpg,5,50,112.0,112.0,47.05,74.5,116.79,166.79,0,ok,0
test/5-55/16.jpg,5,55,112.0,112.0,47.05,149.5,166.95,109.6,270,ok,270
test/5-55/18.jpg,5,55,112.0,112.0,47.05,149.5,166.95,109.6,270,ok,270
test/5-55/28.jpg,5,55,112.0,112.0,74.5,47.05,114.4,166.95,0,ok,0
test/5-55/35.jpg,5,55,112.0,112.0,74.5,47.05,114.4,166.95,0,ok,0
test/5-55/60.jpg,5,55,112.0,112.0,74.5,47.05,114.4,166.95,0,ok,0
test/5-55/9.jpg,5,55,112.0,112.0,176.95,74.5,57.05,114.4,90,ok,90
test/5-55/92.jpg,5,55,112.0,112.0,74.5,47.05,114.4,166.95,0,ok,0
test/6-00/19.jpg,6,0,112.0,112.0,37.0,112.0,167.0,112.0,270,ok,270
test/6-00/24.jpg,6,0,112.0,112.0,112.0,37.0,112.0,167.0,0,ok,0
test/6-00/56.jpg,6,0,112.0,112.0,112.0,37.0,112.0,167.0,0,ok,0
test/6-00/57.jpg,6,0,112.0,112.0,37.0,112.0,167.0,112.0,270,ok,270
test/6-00/6.jpg,6,0,112.0,112.0,187.0,112.0,57.0,112.0,90,ok,90
test/6-00/62.jpg,6,0,112.0,112.0,112.0,187.0,112.0,57.0,180,ok,180
test/6-00/75.jpg,6,0,112.0,112.0,112.0,37.0,112.0,167.0,0,ok,0
test/6-00/89.jpg,6,0,112.0,112.0,112.0,37.0,112.0,167.0,0,ok,0
test/6-05/18.jpg,6,5,112.0,112.0,149.5,47.05,109.6,166.95,0,ok,0
test/6-05/19.jpg,6,5,112.0,112.0,149.5,47.05,109.6,166.95,0,ok,0
test/6-05/36.jpg,6,5,112.0,112.0,74.5,176.95,114.4,57.05,180,ok,180
test/6-05/37.jpg,6,5,112.0,112.0,149.5,47.05,109.6,166.95,0,ok,0
test/6-05/42.jpg,6,5,112.0,112.0,74.5,176.95,114.4,57.05,180,ok,180
test/6-05/6.jpg,6,5,112.0,112.0,47.05,74.5,166.95,114.4,270,ok,270
test/6-05/84.jpg,6,5,112.0,112.0,74.5,176.95,114.4,57.05,180,ok,180
test/6-10/10.jpg,6,10,112.0,112.0,74.5,47.05,166.79,116.79,270,ok,270
test/6-10/19.jpg,6,10,112.0,112.0,74.5,47.05,166.79,116.79,270,ok,270
test/6-10/27.jpg,6,10,112.0,112.0,47.05,149.5,116.79,57.21,180,ok,180
test/6-10/48.jpg,6,10,112.0,112.0,176.95,74.5,107.21,166.79,0,ok,0
test/6-10/71.jpg,6,10,112.0,112.0,176.95,74.5,107.21,166.79,0,ok,0
test/6-10/75.jpg,6,10,112.0,112.0,47.05,149.5,116.79,57.21,180,ok,180
test/6-10/76.jpg,6,10,112.0,112.0,176.95,74.5,107.21,166.79,0,ok,0
test/6-10/92.jpg,6,10,112.0,112.0,74.5,47.05,166.79,116.79,270,ok,270
test/6-15/13.jpg,6,15,112.0,112.0,112.0,187.0,57.47,104.82,90,ok,90
test/6-15/20.jpg,6,15,112.0,112.0,187.0,112.0,104.82,166.53,0,ok,0
test/6-15/24.jpg,6,15,112.0,112.0,37.0,112.0,119.18,57.47,180,ok,180
test/6-15/44.jpg,6,15,112.0,112.0,187.0,112.0,104.82,166.53,0,ok,0
test/6-15/59.jpg,6,15,112.0,112.0,37.0,112.0,119.18,57.47,180,ok,180
test/6-15/88.jpg,6,15,112.0,112.0,187.0,112.0,104.82,166.53,0,ok,0
test/6-15/98.jpg,6,15,112.0,112.0,112.0,187.0,57.47,104.82,90,ok,90
test/6-20/13.jpg,6,20,112.0,112.0,74.5,176.95,57.84,102.45,90,ok,90
test/6-20/16.jpg,6,20,112.0,112.0,176.95,149.5,102.45,166.16,0,ok,0
test/6-20/18.jpg,6,20,112.0,112.0,74.5,176.95,57.84,102.45,90,ok,90
test/6-20/2.jpg,6,20,112.0,112.0,74.5,176.95,57.84,102.45,90,ok,90
test/6-20/38.jpg,6,20,112.0,112.0,176.95,149.5,102.45,166.16,0,ok,0
test/6-20/43.jpg,6,20,112.0,112.0,74.5,176.95,57.84,102.45,90,ok,90
test/6-20/47.jpg,6,20,112.0,112.0,176.95,149.5,102.45,166.16,0,ok,0
test/6-20/62.jpg,6,20,112.0,112.0,47.05,74.5,121.55,57.84,180,ok,180
test/6-25/32.jpg,6,25,112.0,112.0,74.5,47.05,123.9,58.3,180,ok,180
test/6-25/33.jpg,6,25,112.0,112.0,74.5,47.05,123.9,58.3,180,ok,180
test/6-25/47.jpg,6,25,112.0,112.0,149.5,176.95,100.1,165.7,0,ok,0
test/6-25/57.jpg,6,25,112.0,112.0,149.5,176.95,100.1,165.7,0,ok,0
test/6-25/64.jpg,6,25,112.0,112.0,176.95,74.5,165.7,123.9,270,ok,270
test/6-25/7.jpg,6,25,112.0,112.0,74.5,47.05,123.9,58.3,180,ok,180
test/6-25/71.jpg,6,25,112.0,112.0,74.5,47.05,123.9,58.3,180,ok,180
test/6-25/80.jpg,6,25,112.0,112.0,149.5,176.95,100.1,165.7,0,ok,0
test/6-25/88.jpg,6,25,112.0,112.0,176.95,74.5,165.7,123.9,270,ok,270
test/6-30/32.jpg,6,30,112.0,112.0,187.0,112.0,165.13,126.24,270,ok,270
test/6-30/33.jpg,6,30,112.0,112.0,112.0,187.0,97.76,165.13,0,ok,0
test/6-30/40.jpg,6,30,112.0,112.0,112.0,187.0,97.76,165.13,0,ok,0
test/6-30/46.jpg,6,30,112.0,112.0,112.0,187.0,97.76,165.13,0,ok,0
test/6-30/60.jpg,6,30,112.0,112.0,187.0,112.0,165.13,126.24,270,ok,270
test/6-30/76.jpg,6,30,112.0,112.0,112.0,37.0,126.24,58.87,180,ok,180
test/6-30/83.jpg,6,30,112.0,112.0,37.0,112.0,58.87,97.76,90,ok,90
test/6-30/88.jpg,6,30,112.0,112.0,112.0,187.0,97.76,165.13,0,ok,0
test/6-30/89.jpg,6,30,112.0,112.0,112.0,187.0,97.76,165.13,0,ok,0
test/6-35/2.jpg,6,35,112.0,112.0,149.5,47.05,128.54,59.55,180,ok,180
test/6-35/37.jpg,6,35,112.0,112.0,149.5,47.05,128.54,59.55,180,ok,180
test/6-35/45.jpg,6,35,112.0,112.0,74.5,176.95,95.46,164.45,0,ok,0
test/6-35/63.jpg,6,35,112.0,112.0,74.5,176.95,95.46,164.45,0,ok,0
test/6-35/77.jpg,6,35,112.0,112.0,74.5,176.95,95.46,164.45,0,ok,0
test/6-35/87.jpg,6,35,112.0,112.0,74.5,176.95,95.46,164.45,0,ok,0
test/6-35/92.jpg,6,35,112.0,112.0,47.05,74.5,59.55,95.46,90,ok,90
test/6-35/95.jpg,6,35,112.0,112.0,176.95,149.5,164.45,128.54,270,ok,270
test/6-40/42.jpg,6,40,112.0,112.0,176.95,74.5,130.81,60.32,180,ok,180
test/6-40/49.jpg,6,40,112.0,112.0,47.05,149.5,93.19,163.68,0,ok,0
test/6-40/53.jpg,6,40,112.0,112.0,47.05,149.5,93.19,163.68,0,ok,0
test/6-40/67.jpg,6,40,112.0,112.0,176.95,74.5,130.81,60.32,180,ok,180
test/6-40/74.jpg,6,40,112.0,112.0,176.95,74.5,130.81,60.32,180,ok,180
test/6-40/95.jpg,6,40,112.0,112.0,47.05,149.5,93.19,163.68,0,ok,0
test/6-45/30.jpg,6,45,112.0,112.0,37.0,112.0,90.95,162.81,0,ok,0
test/6-45/34.jpg,6,45,112.0,112.0,112.0,187.0,162.81,133.05,270,ok,270
test/6-45/38.jpg,6,45,112.0,112.0,187.0,112.0,133.05,61.19,180,ok,180
test/6-45/48.jpg,6,45,112.0,112.0,187.0,112.0,133.05,61.19,180,ok,180
test/6-45/5.jpg,6,45,112.0,112.0,37.0,112.0,90.95,162.81,0,ok,0
test/6-45/53.jpg,6,45,112.0,112.0,112.0,187.0,162.81,133.05,270,ok,270
test/6-45/76.jpg,6,45,112.0,112.0,112.0,187.0,162.81,133.05,270,ok,270
test/6-45/84.jpg,6,45,112.0,112.0,37.0,112.0,90.95,162.81,0,ok,0
test/6-45/87.jpg,6,45,112.0,112.0,112.0,37.0,61.19,90.95,90,ok,90
test/6-50/17.jpg,6,50,112.0,112.0,47.05,74.5,88.76,161.85,0,ok,0
test/6-50/33.jpg,6,50,112.0,112.0,47.05,74.5,88.76,161.85,0,ok,0
test/6-50/47.jpg,6,50,112.0,112.0,74.5,176.95,161.85,135.24,270,ok,270
test/6-50/48.jpg,6,50,112.0,112.0,47.05,74.5,88.76,161.85,0,ok,0
test/6-55/10.jpg,6,55,112.0,112.0,47.05,149.5,160.79,137.4,270,ok,270
test/6-55/49.jpg,6,55,112.0,112.0,176.95,74.5,63.21,86.6,90,ok,90
test/6-55/60.jpg,6,55,112.0,112.0,176.95,74.5,63.21,86.6,90,ok,90
test/6-55/69.jpg,6,55,112.0,112.0,74.5,47.05,86.6,160.79,0,ok,0
test/6-55/72.jpg,6,55,112.0,112.0,74.5,47.05,86.6,160.79,0,ok,0
test/6-55/82.jpg,6,55,112.0,112.0,74.5,47.05,86.6,160.79,0,ok,0
test/6-55/94.jpg,6,55,112.0,112.0,176.95,74.5,63.21,86.6,90,ok,90
test/7-00/0.jpg,7,0,112.0,112.0,112.0,187.0,139.5,64.37,180,ok,180
test/7-00/21.jpg,7,0,112.0,112.0,37.0,112.0,159.63,139.5,270,ok,270
test/7-00/26.jpg,7,0,112.0,112.0,112.0,187.0,139.5,64.37,180,ok,180
test/7-00/8.jpg,7,0,112.0,112.0,187.0,112.0,64.37,84.5,90,ok,90
test/7-00/80.jpg,7,0,112.0,112.0,187.0,112.0,64.37,84.5,90,ok,90
test/7-00/83.jpg,7,0,112.0,112.0,112.0,37.0,84.5,159.63,0,ok,0
test/7-00/98.jpg,7,0,112.0,112.0,187.0,112.0,64.37,84.5,90,ok,90
test/7-05/36.jpg,7,5,112.0,112.0,149.5,47.05,82.45,158.39,0,ok,0
test/7-05/37.jpg,7,5,112.0,112.0,47.05,74.5,158.39,141.55,270,ok,270
test/7-05/38.jpg,7,5,112.0,112.0,74.5,176.95,141.55,65.61,180,ok,180
test/7-05/41.jpg,7,5,112.0,112.0,149.5,47.05,82.45,158.39,0,ok,0
test/7-05/60.jpg,7,5,112.0,112.0,149.5,47.05,82.45,158.39,0,ok,0
test/7-05/61.jpg,7,5,112.0,112.0,74.5,176.95,141.55,65.61,180,ok,180
test/7-05/68.jpg,7,5,112.0,112.0,74.5,176.95,141.55,65.61,180,ok,180
test/7-05/74.jpg,7,5,112.0,112.0,47.05,74.5,158.39,141.55,270,ok,270
test/7-05/76.jpg,7,5,112.0,112.0,149.5,47.05,82.45,158.39,0,ok,0
test/7-10/24.jpg,7,10,112.0,112.0,74.5,47.05,157.05,143.55,270,ok,270
test/7-10/30.jpg,7,10,112.0,112.0,47.05,149.5,143.55,66.95,180,ok,180
test/7-10/32.jpg,7,10,112.0,112.0,47.05,149.5,143.55,66.95,180,ok,180
test/7-10/37.jpg,7,10,112.0,112.0,176.95,74.5,80.45,157.05,0,ok,0
test/7-10/52.jpg,7,10,112.0,112.0,149.5,176.95,66.95,80.45,90,ok,90
test/7-10/61.jpg,7,10,112.0,112.0,74.5,47.05,157.05,143.55,270,ok,270
test/7-10/74.jpg,7,10,112.0,112.0,176.95,74.5,80.45,157.05,0,ok,0
test/7-10/85.jpg,7,10,112.0,112.0,74.5,47.05,157.05,143.55,270,ok,270
test/7-10/86.jpg,7,10,112.0,112.0,176.95,74.5,80.45,157.05,0,ok,0
test/7-15/12.jpg,7,15,112.0,112.0,187.0,112.0,78.52,155.63,0,ok,0
test/7-15/20.jpg,7,15,112.0,112.0,187.0,112.0,78.52,155.63,0,ok,0
test/7-15/22.jpg,7,15,112.0,112.0,187.0,112.0,78.52,155.63,0,ok,0
test/7-15/25.jpg,7,15,112.0,112.0,112.0,187.0,68.37,78.52,90,ok,90
test/7-15/30.jpg,7,15,112.0,112.0,112.0,37.0,155.63,145.48,270,ok,270
test/7-15/38.jpg,7,15,112.0,112.0,112.0,37.0,155.63,145.48,270,ok,270
test/7-15/55.jpg,7,15,112.0,112.0,187.0,112.0,78.52,155.63,0,ok,0
test/7-15/88.jpg,7,15,112.0,112.0,187.0,112.0,78.52,155.63,0,ok,0
test/7-20/21.jpg,7,20,112.0,112.0,176.95,149.5,76.65,154.13,0,ok,0
test/7-20/25.jpg,7,20,112.0,112.0,176.95,149.5,76.65,154.13,0,ok,0
test/7-20/41.jpg,7,20,112.0,112.0,176.95,149.5,76.65,154.13,0,ok,0
test/7-20/70.jpg,7,20,112.0,112.0,176.95,149.5,76.65,154.13,0,ok,0
test/7-20/71.jpg,7,20,112.0,112.0,176.95,149.5,76.65,154.13,0,ok,0
test/7-20/74.jpg,7,20,112.0,112.0,149.5,47.05,154.13,147.35,270,ok,270
test/7-20/78.jpg,7,20,112.0,112.0,176.95,149.5,76.65,154.13,0,ok,0
test/7-20/81.jpg,7,20,112.0,112.0,176.95,149.5,76.65,154.13,0,ok,0
test/7-20/86.jpg,7,20,112.0,112.0,149.5,47.05,154.13,147.35,270,ok,270
test/7-25/13.jpg,7,25,112.0,112.0,149.5,176.95,74.84,152.55,0,ok,0
test/7-25/34.jpg,7,25,112.0,112.0,176.95,74.5,152.55,149.16,270,ok,270
test/7-25/44.jpg,7,25,112.0,112.0,149.5,176.95,74.84,152.55,0,ok,0
test/7-25/5.jpg,7,25,112.0,112.0,47.05,149.5,71.45,74.84,90,ok,90
test/7-25/66.jpg,7,25,112.0,112.0,74.5,47.05,149.16,71.45,180,ok,180
test/7-25/69.jpg,7,25,112.0,112.0,74.5,47.05,149.16,71.45,180,ok,180
test/7-25/86.jpg,7,25,112.0,112.0,47.05,149.5,71.45,74.84,90,ok,90
test/7-30/13.jpg,7,30,112.0,112.0,187.0,112.0,150.89,150.89,270,ok,270
test/7-30/23.jpg,7,30,112.0,112.0,112.0,187.0,73.11,150.89,0,ok,0
test/7-30/32.jpg,7,30,112.0,112.0,37.0,112.0,73.11,73.11,90,ok,90
test/7-30/5.jpg,7,30,112.0,112.0,112.0,37.0,150.89,73.11,180,ok,180
test/7-30/7.jpg,7,30,112.0,112.0,112.0,37.0,150.89,73.11,180,ok,180
test/7-30/88.jpg,7,30,112.0,112.0,37.0,112.0,73.11,73.11,90,ok,90
test/7-30/97.jpg,7,30,112.0,112.0,112.0,187.0,73.11,150.89,0,ok,0
test/7-30/99.jpg,7,30,112.0,112.0,112.0,187.0,73.11,150.89,0,ok,0
test/7-35/13.jpg,7,35,112.0,112.0,74.5,176.95,71.45,149.16,0,ok,0
test/7-35/28.jpg,7,35,112.0,112.0,176.95,149.5,149.16,152.55,270,ok,270
test/7-35/32.jpg,7,35,112.0,112.0,74.5,176.95,71.45,149.16,0,ok,0
test/7-35/45.jpg,7,35,112.0,112.0,176.95,149.5,149.16,152.55,270,ok,270
test/7-35/46.jpg,7,35,112.0,112.0,74.5,176.95,71.45,149.16,0,ok,0
test/7-35/51.jpg,7,35,112.0,112.0,149.5,47.05,152.55,74.84,180,ok,180
test/7-35/61.jpg,7,35,112.0,112.0,47.05,74.5,74.84,71.45,90,ok,90
test/7-35/94.jpg,7,35,112.0,112.0,47.05,74.5,74.84,71.45,90,ok,90
test/7-40/27.jpg,7,40,112.0,112.0,149.5,176.95,147.35,154.13,270,ok,270
test/7-40/30.jpg,7,40,112.0,112.0,47.05,149.5,69.87,147.35,0,ok,0
test/7-40/47.jpg,7,40,112.0,112.0,176.95,74.5,154.13,76.65,180,ok,180
test/7-40/62.jpg,7,40,112.0,112.0,47.05,149.5,69.87,147.35,0,ok,0
test/7-40/69.jpg,7,40,112.0,112.0,176.95,74.5,154.13,76.65,180,ok,180
test/7-40/78.jpg,7,40,112.0,112.0,47.05,149.5,69.87,147.35,0,ok,0
test/7-40/92.jpg,7,40,112.0,112.0,149.5,176.95,147.35,154.13,270,ok,270
test/7-40/94.jpg,7,40,112.0,112.0,47.05,149.5,69.87,147.35,0,ok,0
test/7-45/21.jpg,7,45,112.0,112.0,112.0,37.0,78.52,68.37,90,ok,90
test/7-45/28.jpg,7,45,112.0,112.0,37.0,112.0,68.37,145.48,0,ok,0
test/7-45/29.jpg,7,45,112.0,112.0,37.0,112.0,68.37,145.48,0,ok,0
test/7-45/35.jpg,7,45,112.0,112.0,37.0,112.0,68.37,145.48,0,ok,0
test/7-45/49.jpg,7,45,112.0,112.0,37.0,112.0,68.37,145.48,0,ok,0
test/7-45/57.jpg,7,45,112.0,112.0,112.0,187.0,145.48,155.63,270,ok,270
test/7-45/68.jpg,7,45,112.0,112.0,37.0,112.0,68.37,145.48,0,ok,0
test/7-45/92.jpg,7,45,112.0,112.0,37.0,112.0,68.37,145.48,0,ok,0
test/7-50/0.jpg,7,50,112.0,112.0,176.95,149.5,157.05,80.45,180,ok,180
test/7-50/22.jpg,7,50,112.0,112.0,74.5,176.95,143.55,157.05,270,ok,270
test/7-50/32.jpg,7,50,112.0,112.0,47.05,74.5,66.95,143.55,0,ok,0
test/7-50/34.jpg,7,50,112.0,112.0,74.5,176.95,143.55,157.05,270,ok,270
test/7-50/37.jpg,7,50,112.0,112.0,176.95,149.5,157.05,80.45,180,ok,180
test/7-50/49.jpg,7,50,112.0,112.0,47.05,74.5,66.95,143.55,0,ok,0
test/7-50/53.jpg,7,50,112.0,112.0,74.5,176.95,143.55,157.05,270,ok,270
test/7-50/9.jpg,7,50,112.0,112.0,74.5,176.95,143.55,157.05,270,ok,270
test/7-50/96.jpg,7,50,112.0,112.0,47.05,74.5,66.95,143.55,0,ok,0
test/7-55/10.jpg,7,55,112.0,112.0,74.5,47.05,65.61,141.55,0,ok,0
test/7-55/19.jpg,7,55,112.0,112.0,74.5,47.05,65.61,141.55,0,ok,0
test/7-55/30.jpg,7,55,112.0,112.0,149.5,176.95,158.39,82.45,180,ok,180
test/7-55/37.jpg,7,55,112.0,112.0,176.95,74.5,82.45,65.61,90,ok,90
test/7-55/67.jpg,7,55,112.0,112.0,74.5,47.05,65.61,141.55,0,ok,0
test/7-55/84.jpg,7,55,112.0,112.0,74.5,47.05,65.61,141.55,0,ok,0
test/7-55/86.jpg,7,55,112.0,112.0,74.5,47.05,65.61,141.55,0,ok,0
test/7-55/98.jpg,7,55,112.0,112.0,176.95,74.5,82.45,65.61,90,ok,90
test/8-00/22.jpg,8,0,112.0,112.0,187.0,112.0,84.5,64.37,90,ok,90
test/8-00/27.jpg,8,0,112.0,112.0,112.0,37.0,64.37,139.5,0,ok,0
test/8-00/40.jpg,8,0,112.0,112.0,112.0,37.0,64.37,139.5,0,ok,0
test/8-00/47.jpg,8,0,112.0,112.0,112.0,37.0,64.37,139.5,0,ok,0
test/8-00/61.jpg,8,0,112.0,112.0,112.0,37.0,64.37,139.5,0,ok,0
test/8-00/69.jpg,8,0,112.0,112.0,37.0,112.0,139.5,159.63,270,ok,270
test/8-00/71.jpg,8,0,112.0,112.0,37.0,112.0,139.5,159.63,270,ok,270
test/8-00/96.jpg,8,0,112.0,112.0,112.0,37.0,64.37,139.5,0,ok,0
test/8-00/98.jpg,8,0,112.0,112.0,112.0,37.0,64.37,139.5,0,ok,0
test/8-05/10.jpg,8,5,112.0,112.0,149.5,47.05,63.21,137.4,0,ok,0
test/8-05/13.jpg,8,5,112.0,112.0,74.5,176.95,160.79,86.6,180,ok,180
test/8-05/20.jpg,8,5,112.0,112.0,149.5,47.05,63.21,137.4,0,ok,0
test/8-05/31.jpg,8,5,112.0,112.0,74.5,176.95,160.79,86.6,180,ok,180
test/8-05/58.jpg,8,5,112.0,112.0,47.05,74.5,137.4,160.79,270,ok,270
test/8-05/64.jpg,8,5,112.0,112.0,176.95,149.5,86.6,63.21,90,ok,90
test/8-05/66.jpg,8,5,112.0,112.0,47.05,74.5,137.4,160.79,270,ok,270
test/8-05/72.jpg,8,5,112.0,112.0,47.05,74.5,137.4,160.79,270,ok,270
test/8-05/80.jpg,8,5,112.0,112.0,74.5,176.95,160.79,86.6,180,ok,180
test/8-10/20.jpg,8,10,112.0,112.0,47.05,149.5,161.85,88.76,180,ok,180
test/8-10/34.jpg,8,10,112.0,112.0,74.5,47.05,135.24,161.85,270,ok,270
test/8-10/4.jpg,8,10,112.0,112.0,149.5,176.95,88.76,62.15,90,ok,90
test/8-10/64.jpg,8,10,112.0,112.0,47.05,149.5,161.85,88.76,180,ok,180
test/8-10/72.jpg,8,10,112.0,112.0,47.05,149.5,161.85,88.76,180,ok,180
test/8-10/8.jpg,8,10,112.0,112.0,47.05,149.5,161.85,88.76,180,ok,180
test/8-10/84.jpg,8,10,112.0,112.0,176.95,74.5,62.15,135.24,0,ok,0
test/8-10/9.jpg,8,10,112.0,112.0,47.05,149.5,161.85,88.76,180,ok,180
test/8-10/97.jpg,8,10,112.0,112.0,47.05,149.5,161.85,88.76,180,ok,180
test/8-15/2.jpg,8,15,112.0,112.0,187.0,112.0,61.19,133.05,0,ok,0
test/8-15/51.jpg,8,15,112.0,112.0,187.0,112.0,61.19,133.05,0,ok,0
test/8-15/7.jpg,8,15,112.0,112.0,37.0,112.0,162.81,90.95,180,ok,180
test/8-15/73.jpg,8,15,112.0,112.0,112.0,187.0,90.95,61.19,90,ok,90
test/8-15/80.jpg,8,15,112.0,112.0,37.0,112.0,162.81,90.95,180,ok,180
test/8-15/87.jpg,8,15,112.0,112.0,112.0,187.0,90.95,61.19,90,ok,90
test/8-15/92.jpg,8,15,112.0,112.0,187.0,112.0,61.19,133.05,0,ok,0
test/8-15/97.jpg,8,15,112.0,112.0,112.0,187.0,90.95,61.19,90,ok,90
test/8-20/10.jpg,8,20,112.0,112.0,74.5,176.95,93.19,60.32,90,ok,90
test/8-20/18.jpg,8,20,112.0,112.0,74.5,176.95,93.19,60.32,90,ok,90
test/8-20/22.jpg,8,20,112.0,112.0,176.95,149.5,60.32,130.81,0,ok,0
test/8-20/25.jpg,8,20,112.0,112.0,74.5,176.95,93.19,60.32,90,ok,90
test/8-20/38.jpg,8,20,112.0,112.0,176.95,149.5,60.32,130.81,0,ok,0
test/8-20/49.jpg,8,20,112.0,112.0,149.5,47.05,130.81,163.68,270,ok,270
test/8-20/50.jpg,8,20,112.0,112.0,176.95,149.5,60.32,130.81,0,ok,0
test/8-20/72.jpg,8,20,112.0,112.0,176.95,149.5,60.32,130.81,0,ok,0
test/8-20/82.jpg,8,20,112.0,112.0,74.5,176.95,93.19,60.32,90,ok,90
test/8-25/20.jpg,8,25,112.0,112.0,149.5,176.95,59.55,128.54,0,ok,0
test/8-25/3.jpg,8,25,112.0,112.0,149.5,176.95,59.55,128.54,0,ok,0
test/8-25/32.jpg,8,25,112.0,112.0,149.5,176.95,59.55,128.54,0,ok,0
test/8-25/75.jpg,8,25,112.0,112.0,74.5,47.05,164.45,95.46,180,ok,180
test/8-25/78.jpg,8,25,112.0,112.0,149.5,176.95,59.55,128.54,0,ok,0
test/8-25/8.jpg,8,25,112.0,112.0,176.95,74.5,128.54,164.45,270,ok,270
test/8-25/83.jpg,8,25,112.0,112.0,74.5,47.05,164.45,95.46,180,ok,180
test/8-25/84.jpg,8,25,112.0,112.0,149.5,176.95,59.55,128.54,0,ok,0
test/8-25/9.jpg,8,25,112.0,112.0,149.5,176.95,59.55,128.54,0,ok,0
test/8-25/99.jpg,8,25,112.0,112.0,149.5,176.95,59.55,128.54,0,ok,0
test/8-30/13.jpg,8,30,112.0,112.0,112.0,187.0,58.87,126.24,0,ok,0
test/8-30/4.jpg,8,30,112.0,112.0,187.0,112.0,126.24,165.13,270,ok,270
test/8-30/42.jpg,8,30,112.0,112.0,112.0,187.0,58.87,126.24,0,ok,0
test/8-30/72.jpg,8,30,112.0,112.0,187.0,112.0,126.24,165.13,270,ok,270
test/8-35/53.jpg,8,35,112.0,112.0,74.5,176.95,58.3,123.9,0,ok,0
test/8-35/62.jpg,8,35,112.0,112.0,176.95,149.5,123.9,165.7,270,ok,270
test/8-35/73.jpg,8,35,112.0,112.0,74.5,176.95,58.3,123.9,0,ok,0
test/8-35/8.jpg,8,35,112.0,112.0,74.5,176.95,58.3,123.9,0,ok,0
test/8-35/88.jpg,8,35,112.0,112.0,74.5,176.95,58.3,123.9,0,ok,0
test/8-40/13.jpg,8,40,112.0,112.0,176.95,74.5,166.16,102.45,180,ok,180
test/8-40/15.jpg,8,40,112.0,112.0,176.95,74.5,166.16,102.45,180,ok,180
test/8-40/16.jpg,8,40,112.0,112.0,176.95,74.5,166.16,102.45,180,ok,180
test/8-40/20.jpg,8,40,112.0,112.0,47.05,149.5,57.84,121.55,0,ok,0
test/8-40/31.jpg,8,40,112.0,112.0,74.5,47.05,102.45,57.84,90,ok,90
test/8-40/33.jpg,8,40,112.0,112.0,47.05,149.5,57.84,121.55,0,ok,0
test/8-40/56.jpg,8,40,112.0,112.0,176.95,74.5,166.16,102.45,180,ok,180
test/8-40/71.jpg,8,40,112.0,112.0,47.05,149.5,57.84,121.55,0,ok,0
test/8-40/74.jpg,8,40,112.0,112.0,47.05,149.5,57.84,121.55,0,ok,0
test/8-45/1.jpg,8,45,112.0,112.0,112.0,37.0,104.82,57.47,90,ok,90
test/8-45/17.jpg,8,45,112.0,112.0,37.0,112.0,57.47,119.18,0,ok,0
test/8-45/34.jpg,8,45,112.0,112.0,37.0,112.0,57.47,119.18,0,ok,0
test/8-45/44.jpg,8,45,112.0,112.0,37.0,112.0,57.47,119.18,0,ok,0
test/8-45/47.jpg,8,45,112.0,112.0,112.0,37.0,104.82,57.47,90,ok,90
test/8-45/52.jpg,8,45,112.0,112.0,37.0,112.0,57.47,119.18,0,ok,0
test/8-45/63.jpg,8,45,112.0,112.0,112.0,187.0,119.18,166.53,270,ok,270
test/8-45/92.jpg,8,45,112.0,112.0,187.0,112.0,166.53,104.82,180,ok,180
test/8-50/1.jpg,8,50,112.0,112.0,176.95,149.5,166.79,107.21,180,ok,180
test/8-50/15.jpg,8,50,112.0,112.0,176.95,149.5,166.79,107.21,180,ok,180
test/8-50/2.jpg,8,50,112.0,112.0,149.5,47.05,107.21,57.21,90,ok,90
test/8-50/41.jpg,8,50,112.0,112.0,74.5,176.95,116.79,166.79,270,ok,270
test/8-50/61.jpg,8,50,112.0,112.0,74.5,176.95,116.79,166.79,270,ok,270
test/8-50/62.jpg,8,50,112.0,112.0,176.95,149.5,166.79,107.21,180,ok,180
test/8-50/84.jpg,8,50,112.0,112.0,47.05,74.5,57.21,116.79,0,ok,0
test/8-50/87.jpg,8,50,112.0,112.0,47.05,74.5,57.21,116.79,0,ok,0
test/8-50/90.jpg,8,50,112.0,112.0,47.05,74.5,57.21,116.79,0,ok,0
test/8-55/2.jpg,8,55,112.0,112.0,74.5,47.05,57.05,114.4,0,ok,0
test/8-55/26.jpg,8,55,112.0,112.0,176.95,74.5,109.6,57.05,90,ok,90
test/8-55/27.jpg,8,55,112.0,112.0,74.5,47.05,57.05,114.4,0,ok,0
test/8-55/73.jpg,8,55,112.0,112.0,74.5,47.05,57.05,114.4,0,ok,0
test/8-55/95.jpg,8,55,112.0,112.0,74.5,47.05,57.05,114.4,0,ok,0
test/9-00/31.jpg,9,0,112.0,112.0,112.0,37.0,57.0,112.0,0,ok,0
test/9-00/42.jpg,9,0,112.0,112.0,187.0,112.0,112.0,57.0,90,ok,90
test/9-00/7.jpg,9,0,112.0,112.0,112.0,37.0,57.0,112.0,0,ok,0
test/9-00/89.jpg,9,0,112.0,112.0,112.0,37.0,57.0,112.0,0,ok,0
test/9-00/92.jpg,9,0,112.0,112.0,112.0,37.0,57.0,112.0,0,ok,0
test/9-00/99.jpg,9,0,112.0,112.0,187.0,112.0,112.0,57.0,90,ok,90
test/9-05/24.jpg,9,5,112.0,112.0,47.05,74.5,109.6,166.95,270,ok,270
test/9-05/45.jpg,9,5,112.0,112.0,47.05,74.5,109.6,166.95,270,ok,270
test/9-05/46.jpg,9,5,112.0,112.0,74.5,176.95,166.95,114.4,180,ok,180
test/9-05/58.jpg,9,5,112.0,112.0,149.5,47.05,57.05,109.6,0,ok,0
test/9-05/72.jpg,9,5,112.0,112.0,176.95,149.5,114.4,57.05,90,ok,90
test/9-05/8.jpg,9,5,112.0,112.0,149.5,47.05,57.05,109.6,0,ok,0
test/9-05/9.jpg,9,5,112.0,112.0,149.5,47.05,57.05,109.6,0,ok,0
test/9-05/93.jpg,9,5,112.0,112.0,149.5,47.05,57.05,109.6,0,ok,0
test/9-10/19.jpg,9,10,112.0,112.0,176.95,74.5,57.21,107.21,0,ok,0
test/9-10/22.jpg,9,10,112.0,112.0,176.95,74.5,57.21,107.21,0,ok,0
test/9-10/4.jpg,9,10,112.0,112.0,149.5,176.95,116.79,57.21,90,ok,90
test/9-10/51.jpg,9,10,112.0,112.0,74.5,47.05,107.21,166.79,270,ok,270
test/9-10/67.jpg,9,10,112.0,112.0,47.05,149.5,166.79,116.79,180,ok,180
test/9-10/78.jpg,9,10,112.0,112.0,74.5,47.05,107.21,166.79,270,ok,270
test/9-10/8.jpg,9,10,112.0,112.0,176.95,74.5,57.21,107.21,0,ok,0
test/9-10/80.jpg,9,10,112.0,112.0,149.5,176.95,116.79,57.21,90,ok,90
test/9-10/89.jpg,9,10,112.0,112.0,176.95,74.5,57.21,107.21,0,ok,0
test/9-15/28.jpg,9,15,112.0,112.0,187.0,112.0,57.47,104.82,0,ok,0
test/9-15/40.jpg,9,15,112.0,112.0,112.0,37.0,104.82,166.53,270,ok,270
test/9-15/72.jpg,9,15,112.0,112.0,187.0,112.0,57.47,104.82,0,ok,0
test/9-15/78.jpg,9,15,112.0,112.0,112.0,187.0,119.18,57.47,90,ok,90
test/9-15/93.jpg,9,15,112.0,112.0,112.0,187.0,119.18,57.47,90,ok,90
test/9-20/12.jpg,9,20,112.0,112.0,149.5,47.05,102.45,166.16,270,ok,270
test/9-20/32.jpg,9,20,112.0,112.0,47.05,74.5,166.16,121.55,180,ok,180
test/9-20/5.jpg,9,20,112.0,112.0,149.5,47.05,102.45,166.16,270,ok,270
test/9-20/60.jpg,9,20,112.0,112.0,47.05,74.5,166.16,121.55,180,ok,180
test/9-20/61.jpg,9,20,112.0,112.0,74.5,176.95,121.55,57.84,90,ok,90
test/9-20/88.jpg,9,20,112.0,112.0,149.5,47.05,102.45,166.16,270,ok,270
test/9-20/89.jpg,9,20,112.0,112.0,74.5,176.95,121.55,57.84,90,ok,90
test/9-20/96.jpg,9,20,112.0,112.0,176.95,149.5,57.84,102.45,0,ok,0
test/9-25/16.jpg,9,25,112.0,112.0,149.5,176.95,58.3,100.1,0,ok,0
test/9-25/21.jpg,9,25,112.0,112.0,149.5,176.95,58.3,100.1,0,ok,0
test/9-25/28.jpg,9,25,112.0,112.0,176.95,74.5,100.1,165.7,270,ok,270
test/9-25/4.jpg,9,25,112.0,112.0,176.95,74.5,100.1,165.7,270,ok,270
test/9-25/47.jpg,9,25,112.0,112.0,176.95,74.5,100.1,165.7,270,ok,270
test/9-25/56.jpg,9,25,112.0,112.0,74.5,47.05,165.7,123.9,180,ok,180
test/9-25/98.jpg,9,25,112.0,112.0,149.5,176.95,58.3,100.1,0,ok,0
test/9-30/0.jpg,9,30,112.0,112.0,112.0,187.0,58.87,97.76,0,ok,0
test/9-30/18.jpg,9,30,112.0,112.0,112.0,187.0,58.87,97.76,0,ok,0
test/9-30/33.jpg,9,30,112.0,112.0,112.0,37.0,165.13,126.24,180,ok,180
test/9-30/37.jpg,9,30,112.0,112.0,112.0,187.0,58.87,97.76,0,ok,0
test/9-30/55.jpg,9,30,112.0,112.0,187.0,112.0,97.76,165.13,270,ok,270
test/9-30/75.jpg,9,30,112.0,112.0,187.0,112.0,97.76,165.13,270,ok,270
test/9-30/78.jpg,9,30,112.0,112.0,37.0,112.0,126.24,58.87,90,ok,90
test/9-35/14.jpg,9,35,112.0,112.0,149.5,47.05,164.45,128.54,180,ok,180
test/9-35/44.jpg,9,35,112.0,112.0,149.5,47.05,164.45,128.54,180,ok,180
test/9-35/45.jpg,9,35,112.0,112.0,176.95,149.5,95.46,164.45,270,ok,270
test/9-35/49.jpg,9,35,112.0,112.0,74.5,176.95,59.55,95.46,0,ok,0
test/9-35/55.jpg,9,35,112.0,112.0,74.5,176.95,59.55,95.46,0,ok,0
test/9-35/61.jpg,9,35,112.0,112.0,176.95,149.5,95.46,164.45,270,ok,270
test/9-35/69.jpg,9,35,112.0,112.0,74.5,176.95,59.55,95.46,0,ok,0
test/9-35/78.jpg,9,35,112.0,112.0,47.05,74.5,128.54,59.55,90,ok,90
test/9-40/31.jpg,9,40,112.0,112.0,149.5,176.95,93.19,163.68,270,ok,270
test/9-40/43.jpg,9,40,112.0,112.0,47.05,149.5,60.32,93.19,0,ok,0
test/9-40/45.jpg,9,40,112.0,112.0,47.05,149.5,60.32,93.19,0,ok,0
test/9-40/67.jpg,9,40,112.0,112.0,149.5,176.95,93.19,163.68,270,ok,270
test/9-40/72.jpg,9,40,112.0,112.0,47.05,149.5,60.32,93.19,0,ok,0
test/9-45/11.jpg,9,45,112.0,112.0,187.0,112.0,162.81,133.05,180,ok,180
test/9-45/38.jpg,9,45,112.0,112.0,37.0,112.0,61.19,90.95,0,ok,0
test/9-45/50.jpg,9,45,112.0,112.0,37.0,112.0,61.19,90.95,0,ok,0
test/9-45/70.jpg,9,45,112.0,112.0,112.0,37.0,133.05,61.19,90,ok,90
test/9-45/74.jpg,9,45,112.0,112.0,187.0,112.0,162.81,133.05,180,ok,180
test/9-45/76.jpg,9,45,112.0,112.0,112.0,37.0,133.05,61.19,90,ok,90
test/9-45/85.jpg,9,45,112.0,112.0,112.0,187.0,90.95,162.81,270,ok,270
test/9-50/16.jpg,9,50,112.0,112.0,47.05,74.5,62.15,88.76,0,ok,0
test/9-50/2.jpg,9,50,112.0,112.0,74.5,176.95,88.76,161.85,270,ok,270
test/9-50/40.jpg,9,50,112.0,112.0,47.05,74.5,62.15,88.76,0,ok,0
test/9-50/60.jpg,9,50,112.0,112.0,47.05,74.5,62.15,88.76,0,ok,0
test/9-50/73.jpg,9,50,112.0,112.0,47.05,74.5,62.15,88.76,0,ok,0
test/9-50/84.jpg,9,50,112.0,112.0,47.05,74.5,62.15,88.76,0,ok,0
test/9-50/9.jpg,9,50,112.0,112.0,74.5,176.95,88.76,161.85,270,ok,270
test/9-55/15.jpg,9,55,112.0,112.0,149.5,176.95,160.79,137.4,180,ok,180
test/9-55/30.jpg,9,55,112.0,112.0,47.05,149.5,86.6,160.79,270,ok,270
test/9-55/34.jpg,9,55,112.0,112.0,74.5,47.05,63.21,86.6,0,ok,0
test/9-55/38.jpg,9,55,112.0,112.0,74.5,47.05,63.21,86.6,0,ok,0
test/9-55/53.jpg,9,55,112.0,112.0,74.5,47.05,63.21,86.6,0,ok,0
test/9-55/66.jpg,9,55,112.0,112.0,74.5,47.05,63.21,86.6,0,ok,0
test/9-55/70.jpg,9,55,112.0,112.0,47.05,149.5,86.6,160.79,270,ok,270
test/9-55/80.jpg,9,55,112.0,112.0,176.95,74.5,137.4,63.21,90,ok,90
test/9-55/86.jpg,9,55,112.0,112.0,47.05,149.5,86.6,160.79,270,ok,270
test/9-55/99.jpg,9,55,112.0,112.0,176.95,74.5,137.4,63.21,90,ok,90
valid/1-00/24.jpg,1,0,112.0,112.0,112.0,37.0,139.5,64.37,0,ok,0
valid/1-00/51.jpg,1,0,112.0,112.0,112.0,187.0,84.5,159.63,180,ok,180
valid/1-00/69.jpg,1,0,112.0,112.0,187.0,112.0,159.63,139.5,90,ok,90
valid/1-00/7.jpg,1,0,112.0,112.0,112.0,37.0,139.5,64.37,0,ok,0
valid/1-00/8.jpg,1,0,112.0,112.0,187.0,112.0,159.63,139.5,90,ok,90
valid/1-00/84.jpg,1,0,112.0,112.0,187.0,112.0,159.63,139.5,90,ok,90
valid/1-00/92.jpg,1,0,112.0,112.0,112.0,37.0,139.5,64.37,0,ok,0
valid/1-00/96.jpg,1,0,112.0,112.0,187.0,112.0,159.63,139.5,90,ok,90
valid/1-05/31.jpg,1,5,112.0,112.0,149.5,47.05,141.55,65.61,0,ok,0
valid/1-05/49.jpg,1,5,112.0,112.0,176.95,149.5,158.39,141.55,90,ok,90
valid/1-05/5.jpg,1,5,112.0,112.0,176.95,149.5,158.39,141.55,90,ok,90
valid/1-05/62.jpg,1,5,112.0,112.0,176.95,149.5,158.39,141.55,90,ok,90
valid/1-10/16.jpg,1,10,112.0,112.0,47.05,149.5,80.45,157.05,180,ok,180
valid/1-10/17.jpg,1,10,112.0,112.0,47.05,149.5,80.45,157.05,180,ok,180
valid/1-10/18.jpg,1,10,112.0,112.0,176.95,74.5,143.55,66.95,0,ok,0
valid/1-10/31.jpg,1,10,112.0,112.0,176.95,74.5,143.55,66.95,0,ok,0
valid/1-10/61.jpg,1,10,112.0,112.0,74.5,47.05,66.95,80.45,270,ok,270
valid/1-10/69.jpg,1,10,112.0,112.0,149.5,176.95,157.05,143.55,90,ok,90
valid/1-10/83.jpg,1,10,112.0,112.0,176.95,74.5,143.55,66.95,0,ok,0
valid/1-10/86.jpg,1,10,112.0,112.0,176.95,74.5,143.55,66.95,0,ok,0
valid/1-10/98.jpg,1,10,112.0,112.0,176.95,74.5,143.55,66.95,0,ok,0
valid/1-15/0.jpg,1,15,112.0,112.0,112.0,187.0,155.63,145.48,90,ok,90
valid/1-15/14.jpg,1,15,112.0,112.0,187.0,112.0,145.48,68.37,0,ok,0
valid/1-15/21.jpg,1,15,112.0,112.0,37.0,112.0,78.52,155.63,180,ok,180
valid/1-15/26.jpg,1,15,112.0,112.0,37.0,112.0,78.52,155.63,180,ok,180
valid/1-15/56.jpg,1,15,112.0,112.0,187.0,112.0,145.48,68.37,0,ok,0
valid/1-15/61.jpg,1,15,112.0,112.0,187.0,112.0,145.48,68.37,0,ok,0
valid/1-15/73.jpg,1,15,112.0,112.0,112.0,37.0,68.37,78.52,270,ok,270
valid/1-15/79.jpg,1,15,112.0,112.0,112.0,187.0,155.63,145.48,90,ok,90
valid/1-15/93.jpg,1,15,112.0,112.0,112.0,37.0,68.37,78.52,270,ok,270
valid/1-20/10.jpg,1,20,112.0,112.0,74.5,176.95,154.13,147.35,90,ok,90
valid/1-20/64.jpg,1,20,112.0,112.0,149.5,47.05,69.87,76.65,270,ok,270
valid/1-20/73.jpg,1,20,112.0,112.0,47.05,74.5,76.65,154.13,180,ok,180
valid/1-20/80.jpg,1,20,112.0,112.0,149.5,47.05,69.87,76.65,270,ok,270
valid/1-20/95.jpg,1,20,112.0,112.0,176.95,149.5,147.35,69.87,0,ok,0
valid/1-25/16.jpg,1,25,112.0,112.0,149.5,176.95,149.16,71.45,0,ok,0
valid/1-25/26.jpg,1,25,112.0,112.0,74.5,47.05,74.84,152.55,180,ok,180
valid/1-25/29.jpg,1,25,112.0,112.0,47.05,149.5,152.55,149.16,90,ok,90
valid/1-25/34.jpg,1,25,112.0,112.0,176.95,74.5,71.45,74.84,270,ok,270
valid/1-25/38.jpg,1,25,112.0,112.0,149.5,176.95,149.16,71.45,0,ok,0
valid/1-25/87.jpg,1,25,112.0,112.0,176.95,74.5,71.45,74.84,270,ok,270
valid/1-25/90.jpg,1,25,112.0,112.0,74.5,47.05,74.84,152.55,180,ok,180
valid/1-25/91.jpg,1,25,112.0,112.0,47.05,149.5,152.55,149.16,90,ok,90
valid/1-25/92.jpg,1,25,112.0,112.0,149.5,176.95,149.16,71.45,0,ok,0
valid/1-25/99.jpg,1,25,112.0,112.0,47.05,149.5,152.55,149.16,90,ok,90
valid/1-30/2.jpg,1,30,112.0,112.0,112.0,187.0,150.89,73.11,0,ok,0
valid/1-30/28.jpg,1,30,112.0,112.0,112.0,187.0,150.89,73.11,0,ok,0
valid/1-30/29.jpg,1,30,112.0,112.0,37.0,112.0,150.89,150.89,90,ok,90
valid/1-30/30.jpg,1,30,112.0,112.0,37.0,112.0,150.89,150.89,90,ok,90
valid/1-30/52.jpg,1,30,112.0,112.0,187.0,112.0,73.11,73.11,270,ok,270
valid/1-30/64.jpg,1,30,112.0,112.0,112.0,187.0,150.89,73.11,0,ok,0
valid/1-30/80.jpg,1,30,112.0,112.0,112.0,187.0,150.89,73.11,0,ok,0
valid/1-30/94.jpg,1,30,112.0,112.0,112.0,37.0,73.11,150.89,180,ok,180
valid/1-35/13.jpg,1,35,112.0,112.0,47.05,74.5,149.16,152.55,90,ok,90
valid/1-35/23.jpg,1,35,112.0,112.0,74.5,176.95,152.55,74.84,0,ok,0
valid/1-35/24.jpg,1,35,112.0,112.0,149.5,47.05,71.45,149.16,180,ok,180
valid/1-35/28.jpg,1,35,112.0,112.0,47.05,74.5,149.16,152.55,90,ok,90
valid/1-35/40.jpg,1,35,112.0,112.0,74.5,176.95,152.55,74.84,0,ok,0
valid/1-35/46.jpg,1,35,112.0,112.0,74.5,176.95,152.55,74.84,0,ok,0
valid/1-35/47.jpg,1,35,112.0,112.0,176.95,149.5,74.84,71.45,270,ok,270
valid/1-35/69.jpg,1,35,112.0,112.0,74.5,176.95,152.55,74.84,0,ok,0
valid/1-35/88.jpg,1,35,112.0,112.0,74.5,176.95,152.55,74.84,0,ok,0
valid/1-35/9.jpg,1,35,112.0,112.0,74.5,176.95,152.55,74.84,0,ok,0
valid/1-40/19.jpg,1,40,112.0,112.0,47.05,149.5,154.13,76.65,0,ok,0
valid/1-40/27.jpg,1,40,112.0,112.0,176.95,74.5,69.87,147.35,180,ok,180
valid/1-40/40.jpg,1,40,112.0,112.0,176.95,74.5,69.87,147.35,180,ok,180
valid/1-40/45.jpg,1,40,112.0,112.0,74.5,47.05,147.35,154.13,90,ok,90
valid/1-40/47.jpg,1,40,112.0,112.0,47.05,149.5,154.13,76.65,0,ok,0
valid/1-40/50.jpg,1,40,112.0,112.0,47.05,149.5,154.13,76.65,0,ok,0
valid/1-40/53.jpg,1,40,112.0,112.0,74.5,47.05,147.35,154.13,90,ok,90
valid/1-40/97.jpg,1,40,112.0,112.0,149.5,176.95,76.65,69.87,270,ok,270
valid/1-40/98.jpg,1,40,112.0,112.0,47.05,149.5,154.13,76.65,0,ok,0
valid/1-45/22.jpg,1,45,112.0,112.0,187.0,112.0,68.37,145.48,180,ok,180
valid/1-45/23.jpg,1,45,112.0,112.0,187.0,112.0,68.37,145.48,180,ok,180
valid/1-45/26.jpg,1,45,112.0,112.0,37.0,112.0,155.63,78.52,0,ok,0
valid/1-45/35.jpg,1,45,112.0,112.0,112.0,187.0,78.52,68.37,270,ok,270
valid/1-45/4.jpg,1,45,112.0,112.0,187.0,112.0,68.37,145.48,180,ok,180
valid/1-45/50.jpg,1,45,112.0,112.0,37.0,112.0,155.63,78.52,0,ok,0
valid/1-45/81.jpg,1,45,112.0,112.0,37.0,112.0,155.63,78.52,0,ok,0
valid/1-45/89.jpg,1,45,112.0,112.0,187.0,112.0,68.37,145.48,180,ok,180
valid/1-50/36.jpg,1,50,112.0,112.0,47.05,74.5,157.05,80.45,0,ok,0
valid/1-50/41.jpg,1,50,112.0,112.0,47.05,74.5,157.05,80.45,0,ok,0
valid/1-50/47.jpg,1,50,112.0,112.0,176.95,149.5,66.95,143.55,180,ok,180
valid/1-50/49.jpg,1,50,112.0,112.0,47.05,74.5,157.05,80.45,0,ok,0
valid/1-50/62.jpg,1,50,112.0,112.0,47.05,74.5,157.05,80.45,0,ok,0
valid/1-50/64.jpg,1,50,112.0,112.0,47.05,74.5,157.05,80.45,0,ok,0
valid/1-50/80.jpg,1,50,112.0,112.0,149.5,47.05,143.55,157.05,90,ok,90
valid/1-50/91.jpg,1,50,112.0,112.0,74.5,176.95,80.45,66.95,270,ok,270
valid/1-50/98.jpg,1,50,112.0,112.0,47.05,74.5,157.05,80.45,0,ok,0
valid/1-55/0.jpg,1,55,112.0,112.0,176.95,74.5,141.55,158.39,90,ok,90
valid/1-55/10.jpg,1,55,112.0,112.0,176.95,74.5,141.55,158.39,90,ok,90
valid/1-55/63.jpg,1,55,112.0,112.0,74.5,47.05,158.39,82.45,0,ok,0
valid/1-55/74.jpg,1,55,112.0,112.0,74.5,47.05,158.39,82.45,0,ok,0
valid/1-55/83.jpg,1,55,112.0,112.0,47.05,149.5,82.45,65.61,270,ok,270
valid/1-55/86.jpg,1,55,112.0,112.0,176.95,74.5,141.55,158.39,90,ok,90
valid/1-55/92.jpg,1,55,112.0,112.0,47.05,149.5,82.45,65.61,270,ok,270
valid/1-55/95.jpg,1,55,112.0,112.0,74.5,47.05,158.39,82.45,0,ok,0
valid/10-00/17.jpg,10,0,112.0,112.0,112.0,37.0,64.37,84.5,0,ok,0
valid/10-00/4.jpg,10,0,112.0,112.0,112.0,37.0,64.37,84.5,0,ok,0
valid/10-00/40.jpg,10,0,112.0,112.0,112.0,37.0,64.37,84.5,0,ok,0
valid/10-00/56.jpg,10,0,112.0,112.0,112.0,187.0,159.63,139.5,180,ok,180
valid/10-00/61.jpg,10,0,112.0,112.0,37.0,112.0,84.5,159.63,270,ok,270
valid/10-00/69.jpg,10,0,112.0,112.0,187.0,112.0,139.5,64.37,90,ok,90
valid/10-00/99.jpg,10,0,112.0,112.0,112.0,187.0,159.63,139.5,180,ok,180
valid/10-05/1.jpg,10,5,112.0,112.0,149.5,47.05,65.61,82.45,0,ok,0
valid/10-05/10.jpg,10,5,112.0,112.0,74.5,176.95,158.39,141.55,180,ok,180
valid/10-05/13.jpg,10,5,112.0,112.0,149.5,47.05,65.61,82.45,0,ok,0
valid/10-05/26.jpg,10,5,112.0,112.0,149.5,47.05,65.61,82.45,0,ok,0
valid/10-05/38.jpg,10,5,112.0,112.0,176.95,149.5,141.55,65.61,90,ok,90
valid/10-05/71.jpg,10,5,112.0,112.0,176.95,149.5,141.55,65.61,90,ok,90
valid/10-05/85.jpg,10,5,112.0,112.0,149.5,47.05,65.61,82.45,0,ok,0
valid/10-10/15.jpg,10,10,112.0,112.0,176.95,74.5,66.95,80.45,0,ok,0
valid/10-10/24.jpg,10,10,112.0,112.0,149.5,176.95,143.55,66.95,90,ok,90
valid/10-10/26.jpg,10,10,112.0,112.0,176.95,74.5,66.95,80.45,0,ok,0
valid/10-10/27.jpg,10,10,112.0,112.0,176.95,74.5,66.95,80.45,0,ok,0
valid/10-10/52.jpg,10,10,112.0,112.0,74.5,47.05,80.45,157.05,270,ok,270
valid/10-10/53.jpg,10,10,112.0,112.0,74.5,47.05,80.45,157.05,270,ok,270
valid/10-10/60.jpg,10,10,112.0,112.0,176.95,74.5,66.95,80.45,0,ok,0
valid/10-10/73.jpg,10,10,112.0,112.0,74.5,47.05,80.45,157.05,270,ok,270
valid/10-10/78.jpg,10,10,112.0,112.0,74.5,47.05,80.45,157.05,270,ok,270
valid/10-15/14.jpg,10,15,112.0,112.0,112.0,37.0,78.52,155.63,270,ok,270
valid/10-15/20.jpg,10,15,112.0,112.0,112.0,187.0,145.48,68.37,90,ok,90
valid/10-15/44.jpg,10,15,112.0,112.0,37.0,112.0,155.63,145.48,180,ok,180
valid/10-15/45.jpg,10,15,112.0,112.0,37.0,112.0,155.63,145.48,180,ok,180
valid/10-15/60.jpg,10,15,112.0,112.0,187.0,112.0,68.37,78.52,0,ok,0
valid/10-15/74.jpg,10,15,112.0,112.0,187.0,112.0,68.37,78.52,0,ok,0
valid/10-15/79.jpg,10,15,112.0,112.0,112.0,187.0,145.48,68.37,90,ok,90
valid/10-15/93.jpg,10,15,112.0,112.0,37.0,112.0,155.63,145.48,180,ok,180
valid/10-15/96.jpg,10,15,112.0,112.0,112.0,187.0,145.48,68.37,90,ok,90
valid/10-20/0.jpg,10,20,112.0,112.0,176.95,149.5,69.87,76.65,0,ok,0
valid/10-20/23.jpg,10,20,112.0,112.0,149.5,47.05,76.65,154.13,270,ok,270
valid/10-20/3.jpg,10,20,112.0,112.0,74.5,176.95,147.35,69.87,90,ok,90
valid/10-20/32.jpg,10,20,112.0,112.0,47.05,74.5,154.13,147.35,180,ok,180
valid/10-20/37.jpg,10,20,112.0,112.0,176.95,149.5,69.87,76.65,0,ok,0
valid/10-20/58.jpg,10,20,112.0,112.0,176.95,149.5,69.87,76.65,0,ok,0
valid/10-20/64.jpg,10,20,112.0,112.0,176.95,149.5,69.87,76.65,0,ok,0
valid/10-20/72.jpg,10,20,112.0,112.0,176.95,149.5,69.87,76.65,0,ok,0
valid/10-25/18.jpg,10,25,112.0,112.0,176.95,74.5,74.84,152.55,270,ok,270
valid/10-25/27.jpg,10,25,112.0,112.0,176.95,74.5,74.84,152.55,270,ok,270
valid/10-25/58.jpg,10,25,112.0,112.0,176.95,74.5,74.84,152.55,270,ok,270
valid/10-25/62.jpg,10,25,112.0,112.0,149.5,176.95,71.45,74.84,0,ok,0
valid/10-25/75.jpg,10,25,112.0,112.0,47.05,149.5,149.16,71.45,90,ok,90
valid/10-25/88.jpg,10,25,112.0,112.0,149.5,176.95,71.45,74.84,0,ok,0
valid/10-25/98.jpg,10,25,112.0,112.0,176.95,74.5,74.84,152.55,270,ok,270
valid/10-30/14.jpg,10,30,112.0,112.0,112.0,37.0,150.89,150.89,180,ok,180
valid/10-30/23.jpg,10,30,112.0,112.0,112.0,37.0,150.89,150.89,180,ok,180
valid/10-30/4.jpg,10,30,112.0,112.0,112.0,187.0,73.11,73.11,0,ok,0
valid/10-30/84.jpg,10,30,112.0,112.0,187.0,112.0,73.11,150.89,270,ok,270
valid/10-30/88.jpg,10,30,112.0,112.0,37.0,112.0,150.89,73.11,90,ok,90
valid/10-30/9.jpg,10,30,112.0,112.0,112.0,187.0,73.11,73.11,0,ok,0
valid/10-35/21.jpg,10,35,112.0,112.0,74.5,176.95,74.84,71.45,0,ok,0
valid/10-35/24.jpg,10,35,112.0,112.0,74.5,176.95,74.84,71.45,0,ok,0
valid/10-35/33.jpg,10,35,112.0,112.0,176.95,149.5,71.45,149.16,270,ok,270
valid/10-35/34.jpg,10,35,112.0,112.0,149.5,47.05,149.16,152.55,180,ok,180
valid/10-35/47.jpg,10,35,112.0,112.0,74.5,176.95,74.84,71.45,0,ok,0
valid/10-35/69.jpg,10,35,112.0,112.0,74.5,176.95,74.84,71.45,0,ok,0
valid/10-35/75.jpg,10,35,112.0,112.0,74.5,176.95,74.84,71.45,0,ok,0
valid/10-35/93.jpg,10,35,112.0,112.0,176.95,149.5,71.45,149.16,270,ok,270
valid/10-40/15.jpg,10,40,112.0,112.0,47.05,149.5,76.65,69.87,0,ok,0
valid/10-40/20.jpg,10,40,112.0,112.0,47.05,149.5,76.65,69.87,0,ok,0
valid/10-40/51.jpg,10,40,112.0,112.0,47.05,149.5,76.65,69.87,0,ok,0
valid/10-40/62.jpg,10,40,112.0,112.0,47.05,149.5,76.65,69.87,0,ok,0
valid/10-40/68.jpg,10,40,112.0,112.0,47.05,149.5,76.65,69.87,0,ok,0
valid/10-40/89.jpg,10,40,112.0,112.0,47.05,149.5,76.65,69.87,0,ok,0
valid/10-45/16.jpg,10,45,112.0,112.0,37.0,112.0,78.52,68.37,0,ok,0
valid/10-45/47.jpg,10,45,112.0,112.0,187.0,112.0,145.48,155.63,180,ok,180
valid/10-45/48.jpg,10,45,112.0,112.0,37.0,112.0,78.52,68.37,0,ok,0
valid/10-45/56.jpg,10,45,112.0,112.0,112.0,37.0,155.63,78.52,90,ok,90
valid/10-45/61.jpg,10,45,112.0,112.0,37.0,112.0,78.52,68.37,0,ok,0
valid/10-45/66.jpg,10,45,112.0,112.0,112.0,37.0,155.63,78.52,90,ok,90
valid/10-45/81.jpg,10,45,112.0,112.0,112.0,187.0,68.37,145.48,270,ok,270
valid/10-50/16.jpg,10,50,112.0,112.0,47.05,74.5,80.45,66.95,0,ok,0
valid/10-50/23.jpg,10,50,112.0,112.0,47.05,74.5,80.45,66.95,0,ok,0
valid/10-50/56.jpg,10,50,112.0,112.0,176.95,149.5,143.55,157.05,180,ok,180
valid/10-50/68.jpg,10,50,112.0,112.0,47.05,74.5,80.45,66.95,0,ok,0
valid/10-50/75.jpg,10,50,112.0,112.0,74.5,176.95,66.95,143.55,270,ok,270
valid/10-50/87.jpg,10,50,112.0,112.0,47.05,74.5,80.45,66.95,0,ok,0
valid/10-50/91.jpg,10,50,112.0,112.0,47.05,74.5,80.45,66.95,0,ok,0
valid/10-55/1.jpg,10,55,112.0,112.0,74.5,47.05,82.45,65.61,0,ok,0
valid/10-55/2.jpg,10,55,112.0,112.0,74.5,47.05,82.45,65.61,0,ok,0
valid/10-55/32.jpg,10,55,112.0,112.0,74.5,47.05,82.45,65.61,0,ok,0
valid/10-55/68.jpg,10,55,112.0,112.0,176.95,74.5,158.39,82.45,90,ok,90
valid/10-55/75.jpg,10,55,112.0,112.0,74.5,47.05,82.45,65.61,0,ok,0
valid/10-55/81.jpg,10,55,112.0,112.0,176.95,74.5,158.39,82.45,90,ok,90
valid/10-55/84.jpg,10,55,112.0,112.0,47.05,149.5,65.61,141.55,270,ok,270
valid/11-00/13.jpg,11,0,112.0,112.0,37.0,112.0,64.37,139.5,270,ok,270
valid/11-00/2.jpg,11,0,112.0,112.0,187.0,112.0,159.63,84.5,90,ok,90
valid/11-00/32.jpg,11,0,112.0,112.0,112.0,37.0,84.5,64.37,0,ok,0
valid/11-00/4.jpg,11,0,112.0,112.0,112.0,187.0,139.5,159.63,180,ok,180
valid/11-00/51.jpg,11,0,112.0,112.0,112.0,187.0,139.5,159.63,180,ok,180
valid/11-00/60.jpg,11,0,112.0,112.0,112.0,37.0,84.5,64.37,0,ok,0
valid/11-00/75.jpg,11,0,112.0,112.0,187.0,112.0,159.63,84.5,90,ok,90
valid/11-00/96.jpg,11,0,112.0,112.0,112.0,187.0,139.5,159.63,180,ok,180
valid/11-05/29.jpg,11,5,112.0,112.0,149.5,47.05,86.6,63.21,0,ok,0
valid/11-05/40.jpg,11,5,112.0,112.0,176.95,149.5,160.79,86.6,90,ok,90
valid/11-05/41.jpg,11,5,112.0,112.0,149.5,47.05,86.6,63.21,0,ok,0
valid/11-05/48.jpg,11,5,112.0,112.0,149.5,47.05,86.6,63.21,0,ok,0
valid/11-05/75.jpg,11,5,112.0,112.0,149.5,47.05,86.6,63.21,0,ok,0
valid/11-05/86.jpg,11,5,112.0,112.0,149.5,47.05,86.6,63.21,0,ok,0
valid/11-05/87.jpg,11,5,112.0,112.0,149.5,47.05,86.6,63.21,0,ok,0
valid/11-05/99.jpg,11,5,112.0,112.0,149.5,47.05,86.6,63.21,0,ok,0
valid/11-10/61.jpg,11,10,112.0,112.0,149.5,176.95,161.85,88.76,90,ok,90
valid/11-10/82.jpg,11,10,112.0,112.0,176.95,74.5,88.76,62.15,0,ok,0
valid/11-10/87.jpg,11,10,112.0,112.0,47.05,149.5,135.24,161.85,180,ok,180
valid/11-15/10.jpg,11,15,112.0,112.0,187.0,112.0,90.95,61.19,0,ok,0
valid/11-15/2.jpg,11,15,112.0,112.0,187.0,112.0,90.95,61.19,0,ok,0
valid/11-15/31.jpg,11,15,112.0,112.0,112.0,187.0,162.81,90.95,90,ok,90
valid/11-15/51.jpg,11,15,112.0,112.0,187.0,112.0,90.95,61.19,0,ok,0
valid/11-15/52.jpg,11,15,112.0,112.0,37.0,112.0,133.05,162.81,180,ok,180
valid/11-15/89.jpg,11,15,112.0,112.0,37.0,112.0,133.05,162.81,180,ok,180
valid/11-15/93.jpg,11,15,112.0,112.0,187.0,112.0,90.95,61.19,0,ok,0
valid/11-15/97.jpg,11,15,112.0,112.0,112.0,37.0,61.19,133.05,270,ok,270
valid/11-20/38.jpg,11,20,112.0,112.0,176.95,149.5,93.19,60.32,0,ok,0
valid/11-20/4.jpg,11,20,112.0,112.0,47.05,74.5,130.81,163.68,180,ok,180
valid/11-20/58.jpg,11,20,112.0,112.0,149.5,47.05,60.32,130.81,270,ok,270
valid/11-20/64.jpg,11,20,112.0,112.0,74.5,176.95,163.68,93.19,90,ok,90
valid/11-20/69.jpg,11,20,112.0,112.0,149.5,47.05,60.32,130.81,270,ok,270
valid/11-20/94.jpg,11,20,112.0,112.0,47.05,74.5,130.81,163.68,180,ok,180
valid/11-25/0.jpg,11,25,112.0,112.0,47.05,149.5,164.45,95.46,90,ok,90
valid/11-25/15.jpg,11,25,112.0,112.0,149.5,176.95,95.46,59.55,0,ok,0
valid/11-25/53.jpg,11,25,112.0,112.0,176.95,74.5,59.55,128.54,270,ok,270
valid/11-25/56.jpg,11,25,112.0,112.0,149.5,176.95,95.46,59.55,0,ok,0
valid/11-25/61.jpg,11,25,112.0,112.0,176.95,74.5,59.55,128.54,270,ok,270
valid/11-25/72.jpg,11,25,112.0,112.0,149.5,176.95,95.46,59.55,0,ok,0
valid/11-25/76.jpg,11,25,112.0,112.0,176.95,74.5,59.55,128.54,270,ok,270
valid/11-30/40.jpg,11,30,112.0,112.0,112.0,187.0,97.76,58.87,0,ok,0
valid/11-30/45.jpg,11,30,112.0,112.0,112.0,187.0,97.76,58.87,0,ok,0
valid/11-30/64.jpg,11,30,112.0,112.0,112.0,187.0,97.76,58.87,0,ok,0
valid/11-30/67.jpg,11,30,112.0,112.0,112.0,187.0,97.76,58.87,0,ok,0
valid/11-30/76.jpg,11,30,112.0,112.0,112.0,187.0,97.76,58.87,0,ok,0
valid/11-30/78.jpg,11,30,112.0,112.0,37.0,112.0,165.13,97.76,90,ok,90
valid/11-30/84.jpg,11,30,112.0,112.0,187.0,112.0,58.87,126.24,270,ok,270
valid/11-30/95.jpg,11,30,112.0,112.0,112.0,187.0,97.76,58.87,0,ok,0
valid/11-35/27.jpg,11,35,112.0,112.0,149.5,47.05,123.9,165.7,180,ok,180
valid/11-35/34.jpg,11,35,112.0,112.0,74.5,176.95,100.1,58.3,0,ok,0
valid/11-35/36.jpg,11,35,112.0,112.0,74.5,176.95,100.1,58.3,0,ok,0
valid/11-35/49.jpg,11,35,112.0,112.0,74.5,176.95,100.1,58.3,0,ok,0
valid/11-35/56.jpg,11,35,112.0,112.0,47.05,74.5,165.7,100.1,90,ok,90
valid/11-35/85.jpg,11,35,112.0,112.0,74.5,176.95,100.1,58.3,0,ok,0
valid/11-35/9.jpg,11,35,112.0,112.0,47.05,74.5,165.7,100.1,90,ok,90
valid/11-35/97.jpg,11,35,112.0,112.0,74.5,176.95,100.1,58.3,0,ok,0
valid/11-40/17.jpg,11,40,112.0,112.0,47.05,149.5,102.45,57.84,0,ok,0
valid/11-40/20.jpg,11,40,112.0,112.0,74.5,47.05,166.16,102.45,90,ok,90
valid/11-40/27.jpg,11,40,112.0,112.0,74.5,47.05,166.16,102.45,90,ok,90
valid/11-40/33.jpg,11,40,112.0,112.0,47.05,149.5,102.45,57.84,0,ok,0
valid/11-40/53.jpg,11,40,112.0,112.0,47.05,149.5,102.45,57.84,0,ok,0
valid/11-40/6.jpg,11,40,112.0,112.0,149.5,176.95,57.84,121.55,270,ok,270
valid/11-40/67.jpg,11,40,112.0,112.0,47.05,149.5,102.45,57.84,0,ok,0
valid/11-40/73.jpg,11,40,112.0,112.0,74.5,47.05,166.16,102.45,90,ok,90
valid/11-40/9.jpg,11,40,112.0,112.0,47.05,149.5,102.45,57.84,0,ok,0
valid/11-45/77.jpg,11,45,112.0,112.0,112.0,187.0,57.47,119.18,270,ok,270
valid/11-45/99.jpg,11,45,112.0,112.0,37.0,112.0,104.82,57.47,0,ok,0
valid/11-50/37.jpg,11,50,112.0,112.0,74.5,176.95,57.21,116.79,270,ok,270
valid/11-50/40.jpg,11,50,112.0,112.0,47.05,74.5,107.21,57.21,0,ok,0
valid/11-50/45.jpg,11,50,112.0,112.0,47.05,74.5,107.21,57.21,0,ok,0
valid/11-50/62.jpg,11,50,112.0,112.0,176.95,149.5,116.79,166.79,180,ok,180
valid/11-50/66.jpg,11,50,112.0,112.0,149.5,47.05,166.79,107.21,90,ok,90
valid/11-50/75.jpg,11,50,112.0,112.0,74.5,176.95,57.21,116.79,270,ok,270
valid/11-50/80.jpg,11,50,112.0,112.0,74.5,176.95,57.21,116.79,270,ok,270
valid/11-50/98.jpg,11,50,112.0,112.0,74.5,176.95,57.21,116.79,270,ok,270
valid/11-55/28.jpg,11,55,112.0,112.0,176.95,74.5,166.95,109.6,90,ok,90
valid/11-55/30.jpg,11,55,112.0,112.0,74.5,47.05,109.6,57.05,0,ok,0
valid/11-55/44.jpg,11,55,112.0,112.0,74.5,47.05,109.6,57.05,0,ok,0
valid/11-55/45.jpg,11,55,112.0,112.0,149.5,176.95,114.4,166.95,180,ok,180
valid/11-55/48.jpg,11,55,112.0,112.0,74.5,47.05,109.6,57.05,0,ok,0
valid/11-55/63.jpg,11,55,112.0,112.0,176.95,74.5,166.95,109.6,90,ok,90
valid/11-55/68.jpg,11,55,112.0,112.0,47.05,149.5,57.05,114.4,270,ok,270
valid/11-55/82.jpg,11,55,112.0,112.0,74.5,47.05,109.6,57.05,0,ok,0
valid/11-55/87.jpg,11,55,112.0,112.0,47.05,149.5,57.05,114.4,270,ok,270
valid/12-00/58.jpg,12,0,112.0,112.0,112.0,37.0,112.0,57.0,0,ok,0
valid/12-00/62.jpg,12,0,112.0,112.0,112.0,37.0,112.0,57.0,0,ok,0
valid/12-00/64.jpg,12,0,112.0,112.0,112.0,37.0,112.0,57.0,0,ok,0
valid/12-00/96.jpg,12,0,112.0,112.0,112.0,37.0,112.0,57.0,0,ok,0
valid/12-00/99.jpg,12,0,112.0,112.0,112.0,37.0,112.0,57.0,0,ok,0
valid/12-05/14.jpg,12,5,112.0,112.0,149.5,47.05,114.4,57.05,0,ok,0
valid/12-05/16.jpg,12,5,112.0,112.0,74.5,176.95,109.6,166.95,180,ok,180
valid/12-05/24.jpg,12,5,112.0,112.0,149.5,47.05,114.4,57.05,0,ok,0
valid/12-05/44.jpg,12,5,112.0,112.0,176.95,149.5,166.95,114.4,90,ok,90
valid/12-05/6.jpg,12,5,112.0,112.0,149.5,47.05,114.4,57.05,0,ok,0
valid/12-10/19.jpg,12,10,112.0,112.0,176.95,74.5,116.79,57.21,0,ok,0
valid/12-10/25.jpg,12,10,112.0,112.0,176.95,74.5,116.79,57.21,0,ok,0
valid/12-10/3.jpg,12,10,112.0,112.0,47.05,149.5,107.21,166.79,180,ok,180
valid/12-10/45.jpg,12,10,112.0,112.0,176.95,74.5,116.79,57.21,0,ok,0
valid/12-10/81.jpg,12,10,112.0,112.0,176.95,74.5,116.79,57.21,0,ok,0
valid/12-10/90.jpg,12,10,112.0,112.0,74.5,47.05,57.21,107.21,270,ok,270
valid/12-20/13.jpg,12,20,112.0,112.0,47.05,74.5,102.45,166.16,180,ok,180
valid/12-20/31.jpg,12,20,112.0,112.0,149.5,47.05,57.84,102.45,270,ok,270
valid/12-20/37.jpg,12,20,112.0,112.0,47.05,74.5,102.45,166.16,180,ok,180
valid/12-20/56.jpg,12,20,112.0,112.0,176.95,149.5,121.55,57.84,0,ok,0
valid/12-20/63.jpg,12,20,112.0,112.0,176.95,149.5,121.55,57.84,0,ok,0
valid/12-20/64.jpg,12,20,112.0,112.0,176.95,149.5,121.55,57.84,0,ok,0
valid/12-20/69.jpg,12,20,112.0,112.0,74.5,176.95,166.16,121.55,90,ok,90
valid/12-20/83.jpg,12,20,112.0,112.0,176.95,149.5,121.55,57.84,0,ok,0
valid/12-20/9.jpg,12,20,112.0,112.0,176.95,149.5,121.55,57.84,0,ok,0
valid/12-25/17.jpg,12,25,112.0,112.0,149.5,176.95,123.9,58.3,0,ok,0
valid/12-25/26.jpg,12,25,112.0,112.0,149.5,176.95,123.9,58.3,0,ok,0
valid/12-25/27.jpg,12,25,112.0,112.0,149.5,176.95,123.9,58.3,0,ok,0
valid/12-25/3.jpg,12,25,112.0,112.0,149.5,176.95,123.9,58.3,0,ok,0
valid/12-25/30.jpg,12,25,112.0,112.0,149.5,176.95,123.9,58.3,0,ok,0
valid/12-25/48.jpg,12,25,112.0,112.0,47.05,149.5,165.7,123.9,90,ok,90
valid/12-25/49.jpg,12,25,112.0,112.0,176.95,74.5,58.3,100.1,270,ok,270
valid/12-25/5.jpg,12,25,112.0,112.0,74.5,47.05,100.1,165.7,180,ok,180
valid/12-25/62.jpg,12,25,112.0,112.0,74.5,47.05,100.1,165.7,180,ok,180
valid/12-25/64.jpg,12,25,112.0,112.0,149.5,176.95,123.9,58.3,0,ok,0
valid/12-30/10.jpg,12,30,112.0,112.0,112.0,37.0,97.76,165.13,180,ok,180
valid/12-30/12.jpg,12,30,112.0,112.0,112.0,37.0,97.76,165.13,180,ok,180
valid/12-30/60.jpg,12,30,112.0,112.0,112.0,37.0,97.76,165.13,180,ok,180
valid/12-30/63.jpg,12,30,112.0,112.0,187.0,112.0,58.87,97.76,270,ok,270
valid/12-30/87.jpg,12,30,112.0,112.0,112.0,187.0,126.24,58.87,0,ok,0
valid/12-30/88.jpg,12,30,112.0,112.0,37.0,112.0,165.13,126.24,90,ok,90
valid/12-35/15.jpg,12,35,112.0,112.0,74.5,176.95,128.54,59.55,0,ok,0
valid/12-35/18.jpg,12,35,112.0,112.0,176.95,149.5,59.55,95.46,270,ok,270
valid/12-35/24.jpg,12,35,112.0,112.0,176.95,149.5,59.55,95.46,270,ok,270
valid/12-35/28.jpg,12,35,112.0,112.0,149.5,47.05,95.46,164.45,180,ok,180
valid/12-35/40.jpg,12,35,112.0,112.0,47.05,74.5,164.45,128.54,90,ok,90
valid/12-35/56.jpg,12,35,112.0,112.0,74.5,176.95,128.54,59.55,0,ok,0
valid/12-35/69.jpg,12,35,112.0,112.0,74.5,176.95,128.54,59.55,0,ok,0
valid/12-35/89.jpg,12,35,112.0,112.0,74.5,176.95,128.54,59.55,0,ok,0
valid/12-35/9.jpg,12,35,112.0,112.0,47.05,74.5,164.45,128.54,90,ok,90
valid/12-35/96.jpg,12,35,112.0,112.0,149.5,47.05,95.46,164.45,180,ok,180
valid/12-40/10.jpg,12,40,112.0,112.0,176.95,74.5,93.19,163.68,180,ok,180
valid/12-40/17.jpg,12,40,112.0,112.0,74.5,47.05,163.68,130.81,90,ok,90
valid/12-40/44.jpg,12,40,112.0,112.0,176.95,74.5,93.19,163.68,180,ok,180
valid/12-40/6.jpg,12,40,112.0,112.0,176.95,74.5,93.19,163.68,180,ok,180
valid/12-40/73.jpg,12,40,112.0,112.0,47.05,149.5,130.81,60.32,0,ok,0
valid/12-40/86.jpg,12,40,112.0,112.0,74.5,47.05,163.68,130.81,90,ok,90
valid/12-40/90.jpg,12,40,112.0,112.0,47.05,149.5,130.81,60.32,0,ok,0
valid/12-40/93.jpg,12,40,112.0,112.0,47.05,149.5,130.81,60.32,0,ok,0
valid/12-45/10.jpg,12,45,112.0,112.0,112.0,187.0,61.19,90.95,270,ok,270
valid/12-45/15.jpg,12,45,112.0,112.0,37.0,112.0,133.05,61.19,0,ok,0
valid/12-45/24.jpg,12,45,112.0,112.0,187.0,112.0,90.95,162.81,180,ok,180
valid/12-45/47.jpg,12,45,112.0,112.0,37.0,112.0,133.05,61.19,0,ok,0
valid/12-45/48.jpg,12,45,112.0,112.0,37.0,112.0,133.05,61.19,0,ok,0
valid/12-45/7.jpg,12,45,112.0,112.0,37.0,112.0,133.05,61.19,0,ok,0
valid/12-45/76.jpg,12,45,112.0,112.0,37.0,112.0,133.05,61.19,0,ok,0
valid/12-50/56.jpg,12,50,112.0,112.0,74.5,176.95,62.15,88.76,270,ok,270
valid/12-50/83.jpg,12,50,112.0,112.0,47.05,74.5,135.24,62.15,0,ok,0
valid/12-55/21.jpg,12,55,112.0,112.0,74.5,47.05,137.4,63.21,0,ok,0
valid/12-55/22.jpg,12,55,112.0,112.0,74.5,47.05,137.4,63.21,0,ok,0
valid/12-55/37.jpg,12,55,112.0,112.0,47.05,149.5,63.21,86.6,270,ok,270
valid/12-55/4.jpg,12,55,112.0,112.0,47.05,149.5,63.21,86.6,270,ok,270
valid/12-55/57.jpg,12,55,112.0,112.0,74.5,47.05,137.4,63.21,0,ok,0
valid/12-55/60.jpg,12,55,112.0,112.0,47.05,149.5,63.21,86.6,270,ok,270
valid/12-55/81.jpg,12,55,112.0,112.0,74.5,47.05,137.4,63.21,0,ok,0
valid/12-55/84.jpg,12,55,112.0,112.0,74.5,47.05,137.4,63.21,0,ok,0
valid/2-00/18.jpg,2,0,112.0,112.0,112.0,37.0,159.63,84.5,0,ok,0
valid/2-00/31.jpg,2,0,112.0,112.0,37.0,112.0,84.5,64.37,270,ok,270
valid/2-00/4.jpg,2,0,112.0,112.0,112.0,37.0,159.63,84.5,0,ok,0
valid/2-00/42.jpg,2,0,112.0,112.0,112.0,37.0,159.63,84.5,0,ok,0
valid/2-00/50.jpg,2,0,112.0,112.0,112.0,37.0,159.63,84.5,0,ok,0
valid/2-00/67.jpg,2,0,112.0,112.0,112.0,187.0,64.37,139.5,180,ok,180
valid/2-00/73.jpg,2,0,112.0,112.0,112.0,37.0,159.63,84.5,0,ok,0
valid/2-00/87.jpg,2,0,112.0,112.0,187.0,112.0,139.5,159.63,90,ok,90
valid/2-00/98.jpg,2,0,112.0,112.0,112.0,187.0,64.37,139.5,180,ok,180
valid/2-05/24.jpg,2,5,112.0,112.0,149.5,47.05,160.79,86.6,0,ok,0
valid/2-05/31.jpg,2,5,112.0,112.0,176.95,149.5,137.4,160.79,90,ok,90
valid/2-05/63.jpg,2,5,112.0,112.0,47.05,74.5,86.6,63.21,270,ok,270
valid/2-05/66.jpg,2,5,112.0,112.0,74.5,176.95,63.21,137.4,180,ok,180
valid/2-05/74.jpg,2,5,112.0,112.0,149.5,47.05,160.79,86.6,0,ok,0
valid/2-05/75.jpg,2,5,112.0,112.0,74.5,176.95,63.21,137.4,180,ok,180
valid/2-05/90.jpg,2,5,112.0,112.0,47.05,74.5,86.6,63.21,270,ok,270
valid/2-10/21.jpg,2,10,112.0,112.0,176.95,74.5,161.85,88.76,0,ok,0
valid/2-10/69.jpg,2,10,112.0,112.0,149.5,176.95,135.24,161.85,90,ok,90
valid/2-10/72.jpg,2,10,112.0,112.0,176.95,74.5,161.85,88.76,0,ok,0
valid/2-10/75.jpg,2,10,112.0,112.0,176.95,74.5,161.85,88.76,0,ok,0
valid/2-10/85.jpg,2,10,112.0,112.0,74.5,47.05,88.76,62.15,270,ok,270
valid/2-10/91.jpg,2,10,112.0,112.0,47.05,149.5,62.15,135.24,180,ok,180
valid/2-15/12.jpg,2,15,112.0,112.0,187.0,112.0,162.81,90.95,0,ok,0
valid/2-15/37.jpg,2,15,112.0,112.0,187.0,112.0,162.81,90.95,0,ok,0
valid/2-15/4.jpg,2,15,112.0,112.0,37.0,112.0,61.19,133.05,180,ok,180
valid/2-15/67.jpg,2,15,112.0,112.0,187.0,112.0,162.81,90.95,0,ok,0
valid/2-15/75.jpg,2,15,112.0,112.0,187.0,112.0,162.81,90.95,0,ok,0
valid/2-15/76.jpg,2,15,112.0,112.0,112.0,187.0,133.05,162.81,90,ok,90
valid/2-15/8.jpg,2,15,112.0,112.0,187.0,112.0,162.81,90.95,0,ok,0
valid/2-15/85.jpg,2,15,112.0,112.0,187.0,112.0,162.81,90.95,0,ok,0
valid/2-20/12.jpg,2,20,112.0,112.0,47.05,74.5,60.32,130.81,180,ok,180
valid/2-20/15.jpg,2,20,112.0,112.0,176.95,149.5,163.68,93.19,0,ok,0
valid/2-20/26.jpg,2,20,112.0,112.0,47.05,74.5,60.32,130.81,180,ok,180
valid/2-20/71.jpg,2,20,112.0,112.0,47.05,74.5,60.32,130.81,180,ok,180
valid/2-20/88.jpg,2,20,112.0,112.0,176.95,149.5,163.68,93.19,0,ok,0
valid/2-20/98.jpg,2,20,112.0,112.0,47.05,74.5,60.32,130.81,180,ok,180
valid/2-25/0.jpg,2,25,112.0,112.0,176.95,74.5,95.46,59.55,270,ok,270
valid/2-25/2.jpg,2,25,112.0,112.0,149.5,176.95,164.45,95.46,0,ok,0
valid/2-25/20.jpg,2,25,112.0,112.0,74.5,47.05,59.55,128.54,180,ok,180
valid/2-25/26.jpg,2,25,112.0,112.0,74.5,47.05,59.55,128.54,180,ok,180
valid/2-25/46.jpg,2,25,112.0,112.0,149.5,176.95,164.45,95.46,0,ok,0
valid/2-25/64.jpg,2,25,112.0,112.0,176.95,74.5,95.46,59.55,270,ok,270
valid/2-25/66.jpg,2,25,112.0,112.0,74.5,47.05,59.55,128.54,180,ok,180
valid/2-25/82.jpg,2,25,112.0,112.0,176.95,74.5,95.46,59.55,270,ok,270
valid/2-25/84.jpg,2,25,112.0,112.0,47.05,149.5,128.54,164.45,90,ok,90
valid/2-30/1.jpg,2,30,112.0,112.0,37.0,112.0,126.24,165.13,90,ok,90
valid/2-30/10.jpg,2,30,112.0,112.0,112.0,187.0,165.13,97.76,0,ok,0
valid/2-30/13.jpg,2,30,112.0,112.0,112.0,37.0,58.87,126.24,180,ok,180
valid/2-30/64.jpg,2,30,112.0,112.0,112.0,187.0,165.13,97.76,0,ok,0
valid/2-30/88.jpg,2,30,112.0,112.0,112.0,187.0,165.13,97.76,0,ok,0
valid/2-30/89.jpg,2,30,112.0,112.0,112.0,187.0,165.13,97.76,0,ok,0
valid/2-30/94.jpg,2,30,112.0,112.0,112.0,187.0,165.13,97.76,0,ok,0
valid/2-35/22.jpg,2,35,112.0,112.0,47.05,74.5,123.9,165.7,90,ok,90
valid/2-35/44.jpg,2,35,112.0,112.0,74.5,176.95,165.7,100.1,0,ok,0
valid/2-35/50.jpg,2,35,112.0,112.0,74.5,176.95,165.7,100.1,0,ok,0
valid/2-35/64.jpg,2,35,112.0,112.0,74.5,176.95,165.7,100.1,0,ok,0
valid/2-35/69.jpg,2,35,112.0,112.0,176.95,149.5,100.1,58.3,270,ok,270
valid/2-35/80.jpg,2,35,112.0,112.0,74.5,176.95,165.7,100.1,0,ok,0
valid/2-35/86.jpg,2,35,112.0,112.0,74.5,176.95,165.7,100.1,0,ok,0
valid/2-35/95.jpg,2,35,112.0,112.0,74.5,176.95,165.7,100.1,0,ok,0
valid/2-40/18.jpg,2,40,112.0,112.0,47.05,149.5,166.16,102.45,0,ok,0
valid/2-40/26.jpg,2,40,112.0,112.0,176.95,74.5,57.84,121.55,180,ok,180
valid/2-40/32.jpg,2,40,112.0,112.0,47.05,149.5,166.16,102.45,0,ok,0
valid/2-40/58.jpg,2,40,112.0,112.0,47.05,149.5,166.16,102.45,0,ok,0
valid/2-40/76.jpg,2,40,112.0,112.0,47.05,149.5,166.16,102.45,0,ok,0
valid/2-40/78.jpg,2,40,112.0,112.0,47.05,149.5,166.16,102.45,0,ok,0
valid/2-40/85.jpg,2,40,112.0,112.0,47.05,149.5,166.16,102.45,0,ok,0
valid/2-40/91.jpg,2,40,112.0,112.0,47.05,149.5,166.16,102.45,0,ok,0
valid/2-45/16.jpg,2,45,112.0,112.0,187.0,112.0,57.47,119.18,180,ok,180
valid/2-45/18.jpg,2,45,112.0,112.0,37.0,112.0,166.53,104.82,0,ok,0
valid/2-45/29.jpg,2,45,112.0,112.0,37.0,112.0,166.53,104.82,0,ok,0
valid/2-45/49.jpg,2,45,112.0,112.0,187.0,112.0,57.47,119.18,180,ok,180
valid/2-45/62.jpg,2,45,112.0,112.0,187.0,112.0,57.47,119.18,180,ok,180
valid/2-45/69.jpg,2,45,112.0,112.0,112.0,187.0,104.82,57.47,270,ok,270
valid/2-45/87.jpg,2,45,112.0,112.0,187.0,112.0,57.47,119.18,180,ok,180
valid/2-50/16.jpg,2,50,112.0,112.0,74.5,176.95,107.21,57.21,270,ok,270
valid/2-50/47.jpg,2,50,112.0,112.0,74.5,176.95,107.21,57.21,270,ok,270
valid/2-50/5.jpg,2,50,112.0,112.0,149.5,47.05,116.79,166.79,90,ok,90
valid/2-50/74.jpg,2,50,112.0,112.0,74.5,176.95,107.21,57.21,270,ok,270
valid/2-50/78.jpg,2,50,112.0,112.0,74.5,176.95,107.21,57.21,270,ok,270
valid/2-50/83.jpg,2,50,112.0,112.0,74.5,176.95,107.21,57.21,270,ok,270
valid/2-50/96.jpg,2,50,112.0,112.0,176.95,149.5,57.21,116.79,180,ok,180
valid/2-50/98.jpg,2,50,112.0,112.0,47.05,74.5,166.79,107.21,0,ok,0
valid/2-55/14.jpg,2,55,112.0,112.0,149.5,176.95,57.05,114.4,180,ok,180
valid/2-55/18.jpg,2,55,112.0,112.0,74.5,47.05,166.95,109.6,0,ok,0
valid/2-55/19.jpg,2,55,112.0,112.0,176.95,74.5,114.4,166.95,90,ok,90
valid/2-55/28.jpg,2,55,112.0,112.0,74.5,47.05,166.95,109.6,0,ok,0
valid/2-55/37.jpg,2,55,112.0,112.0,47.05,149.5,109.6,57.05,270,ok,270
valid/2-55/64.jpg,2,55,112.0,112.0,74.5,47.05,166.95,109.6,0,ok,0
valid/2-55/74.jpg,2,55,112.0,112.0,74.5,47.05,166.95,109.6,0,ok,0
valid/2-55/94.jpg,2,55,112.0,112.0,149.5,176.95,57.05,114.4,180,ok,180
valid/2-55/96.jpg,2,55,112.0,112.0,149.5,176.95,57.05,114.4,180,ok,180
valid/3-00/10.jpg,3,0,112.0,112.0,112.0,37.0,167.0,112.0,0,ok,0
valid/3-00/12.jpg,3,0,112.0,112.0,112.0,37.0,167.0,112.0,0,ok,0
valid/3-00/14.jpg,3,0,112.0,112.0,187.0,112.0,112.0,167.0,90,ok,90
valid/3-00/26.jpg,3,0,112.0,112.0,187.0,112.0,112.0,167.0,90,ok,90
valid/3-00/44.jpg,3,0,112.0,112.0,112.0,37.0,167.0,112.0,0,ok,0
valid/3-00/77.jpg,3,0,112.0,112.0,187.0,112.0,112.0,167.0,90,ok,90
valid/3-05/37.jpg,3,5,112.0,112.0,74.5,176.95,57.05,109.6,180,ok,180
valid/3-05/47.jpg,3,5,112.0,112.0,74.5,176.95,57.05,109.6,180,ok,180
valid/3-05/50.jpg,3,5,112.0,112.0,74.5,176.95,57.05,109.6,180,ok,180
valid/3-05/51.jpg,3,5,112.0,112.0,176.95,149.5,109.6,166.95,90,ok,90
valid/3-05/60.jpg,3,5,112.0,112.0,74.5,176.95,57.05,109.6,180,ok,180
valid/3-05/86.jpg,3,5,112.0,112.0,149.5,47.05,166.95,114.4,0,ok,0
valid/3-10/26.jpg,3,10,112.0,112.0,176.95,74.5,166.79,116.79,0,ok,0
valid/3-10/28.jpg,3,10,112.0,112.0,176.95,74.5,166.79,116.79,0,ok,0
valid/3-10/30.jpg,3,10,112.0,112.0,176.95,74.5,166.79,116.79,0,ok,0
valid/3-10/53.jpg,3,10,112.0,112.0,176.95,74.5,166.79,116.79,0,ok,0
valid/3-10/64.jpg,3,10,112.0,112.0,176.95,74.5,166.79,116.79,0,ok,0
valid/3-10/71.jpg,3,10,112.0,112.0,47.05,149.5,57.21,107.21,180,ok,180
valid/3-10/72.jpg,3,10,112.0,112.0,74.5,47.05,116.79,57.21,270,ok,270
valid/3-10/87.jpg,3,10,112.0,112.0,47.05,149.5,57.21,107.21,180,ok,180
valid/3-15/1.jpg,3,15,112.0,112.0,187.0,112.0,166.53,119.18,0,ok,0
valid/3-15/5.jpg,3,15,112.0,112.0,187.0,112.0,166.53,119.18,0,ok,0
valid/3-15/51.jpg,3,15,112.0,112.0,187.0,112.0,166.53,119.18,0,ok,0
valid/3-15/53.jpg,3,15,112.0,112.0,112.0,187.0,104.82,166.53,90,ok,90
valid/3-15/60.jpg,3,15,112.0,112.0,37.0,112.0,57.47,104.82,180,ok,180
valid/3-15/71.jpg,3,15,112.0,112.0,37.0,112.0,57.47,104.82,180,ok,180
valid/3-15/79.jpg,3,15,112.0,112.0,112.0,37.0,119.18,57.47,270,ok,270
valid/3-15/85.jpg,3,15,112.0,112.0,187.0,112.0,166.53,119.18,0,ok,0
valid/3-20/16.jpg,3,20,112.0,112.0,47.05,74.5,57.84,102.45,180,ok,180
valid/3-20/28.jpg,3,20,112.0,112.0,149.5,47.05,121.55,57.84,270,ok,270
valid/3-20/32.jpg,3,20,112.0,112.0,74.5,176.95,102.45,166.16,90,ok,90
valid/3-20/61.jpg,3,20,112.0,112.0,176.95,149.5,166.16,121.55,0,ok,0
valid/3-20/73.jpg,3,20,112.0,112.0,149.5,47.05,121.55,57.84,270,ok,270
valid/3-20/94.jpg,3,20,112.0,112.0,74.5,176.95,102.45,166.16,90,ok,90
valid/3-20/99.jpg,3,20,112.0,112.0,176.95,149.5,166.16,121.55,0,ok,0
valid/3-25/16.jpg,3,25,112.0,112.0,149.5,176.95,165.7,123.9,0,ok,0
valid/3-25/32.jpg,3,25,112.0,112.0,149.5,176.95,165.7,123.9,0,ok,0
valid/3-25/69.jpg,3,25,112.0,112.0,176.95,74.5,123.9,58.3,270,ok,270
valid/3-25/78.jpg,3,25,112.0,112.0,149.5,176.95,165.7,123.9,0,ok,0
valid/3-25/89.jpg,3,25,112.0,112.0,149.5,176.95,165.7,123.9,0,ok,0
valid/3-25/96.jpg,3,25,112.0,112.0,47.05,149.5,100.1,165.7,90,ok,90
valid/3-30/16.jpg,3,30,112.0,112.0,37.0,112.0,97.76,165.13,90,ok,90
valid/3-30/50.jpg,3,30,112.0,112.0,112.0,187.0,165.13,126.24,0,ok,0
valid/3-30/78.jpg,3,30,112.0,112.0,112.0,187.0,165.13,126.24,0,ok,0
valid/3-30/9.jpg,3,30,112.0,112.0,112.0,37.0,58.87,97.76,180,ok,180
valid/3-30/98.jpg,3,30,112.0,112.0,37.0,112.0,97.76,165.13,90,ok,90
valid/3-35/1.jpg,3,35,112.0,112.0,74.5,176.95,164.45,128.54,0,ok,0
valid/3-35/4.jpg,3,35,112.0,112.0,47.05,74.5,95.46,164.45,90,ok,90
valid/3-35/6.jpg,3,35,112.0,112.0,74.5,176.95,164.45,128.54,0,ok,0
valid/3-35/76.jpg,3,35,112.0,112.0,176.95,149.5,128.54,59.55,270,ok,270
valid/3-35/80.jpg,3,35,112.0,112.0,74.5,176.95,164.45,128.54,0,ok,0
valid/3-35/86.jpg,3,35,112.0,112.0,149.5,47.05,59.55,95.46,180,ok,180
valid/3-35/88.jpg,3,35,112.0,112.0,149.5,47.05,59.55,95.46,180,ok,180
valid/3-40/12.jpg,3,40,112.0,112.0,47.05,149.5,163.68,130.81,0,ok,0
valid/3-40/16.jpg,3,40,112.0,112.0,47.05,149.5,163.68,130.81,0,ok,0
valid/3-40/38.jpg,3,40,112.0,112.0,149.5,176.95,130.81,60.32,270,ok,270
valid/3-40/50.jpg,3,40,112.0,112.0,47.05,149.5,163.68,130.81,0,ok,0
valid/3-40/64.jpg,3,40,112.0,112.0,149.5,176.95,130.81,60.32,270,ok,270
valid/3-40/67.jpg,3,40,112.0,112.0,74.5,47.05,93.19,163.68,90,ok,90
valid/3-40/95.jpg,3,40,112.0,112.0,74.5,47.05,93.19,163.68,90,ok,90
valid/3-45/0.jpg,3,45,112.0,112.0,187.0,112.0,61.19,90.95,180,ok,180
valid/3-45/1.jpg,3,45,112.0,112.0,112.0,187.0,133.05,61.19,270,ok,270
valid/3-45/5.jpg,3,45,112.0,112.0,37.0,112.0,162.81,133.05,0,ok,0
valid/3-45/7.jpg,3,45,112.0,112.0,37.0,112.0,162.81,133.05,0,ok,0
valid/3-45/75.jpg,3,45,112.0,112.0,187.0,112.0,61.19,90.95,180,ok,180
valid/3-45/92.jpg,3,45,112.0,112.0,37.0,112.0,162.81,133.05,0,ok,0
valid/3-50/12.jpg,3,50,112.0,112.0,74.5,176.95,135.24,62.15,270,ok,270
valid/3-50/37.jpg,3,50,112.0,112.0,176.95,149.5,62.15,88.76,180,ok,180
valid/3-50/41.jpg,3,50,112.0,112.0,47.05,74.5,161.85,135.24,0,ok,0
valid/3-50/60.jpg,3,50,112.0,112.0,47.05,74.5,161.85,135.24,0,ok,0
valid/3-50/64.jpg,3,50,112.0,112.0,176.95,149.5,62.15,88.76,180,ok,180
valid/3-50/66.jpg,3,50,112.0,112.0,47.05,74.5,161.85,135.24,0,ok,0
valid/3-50/69.jpg,3,50,112.0,112.0,176.95,149.5,62.15,88.76,180,ok,180
valid/3-50/8.jpg,3,50,112.0,112.0,47.05,74.5,161.85,135.24,0,ok,0
valid/3-50/87.jpg,3,50,112.0,112.0,176.95,149.5,62.15,88.76,180,ok,180
valid/3-55/2.jpg,3,55,112.0,112.0,74.5,47.05,160.79,137.4,0,ok,0
valid/3-55/47.jpg,3,55,112.0,112.0,176.95,74.5,86.6,160.79,90,ok,90
valid/3-55/5.jpg,3,55,112.0,112.0,149.5,176.95,63.21,86.6,180,ok,180
valid/3-55/53.jpg,3,55,112.0,112.0,176.95,74.5,86.6,160.79,90,ok,90
valid/3-55/78.jpg,3,55,112.0,112.0,149.5,176.95,63.21,86.6,180,ok,180
valid/3-55/80.jpg,3,55,112.0,112.0,176.95,74.5,86.6,160.79,90,ok,90
valid/3-55/84.jpg,3,55,112.0,112.0,74.5,47.05,160.79,137.4,0,ok,0
valid/4-00/14.jpg,4,0,112.0,112.0,187.0,112.0,84.5,159.63,90,ok,90
valid/4-00/19.jpg,4,0,112.0,112.0,112.0,37.0,159.63,139.5,0,ok,0
valid/4-00/40.jpg,4,0,112.0,112.0,187.0,112.0,84.5,159.63,90,ok,90
valid/4-00/49.jpg,4,0,112.0,112.0,112.0,37.0,159.63,139.5,0,ok,0
valid/4-00/5.jpg,4,0,112.0,112.0,112.0,187.0,64.37,84.5,180,ok,180
valid/4-00/57.jpg,4,0,112.0,112.0,37.0,112.0,139.5,64.37,270,ok,270
valid/4-00/75.jpg,4,0,112.0,112.0,112.0,187.0,64.37,84.5,180,ok,180
valid/4-00/81.jpg,4,0,112.0,112.0,112.0,37.0,159.63,139.5,0,ok,0
valid/4-05/0.jpg,4,5,112.0,112.0,74.5,176.95,65.61,82.45,180,ok,180
valid/4-05/4.jpg,4,5,112.0,112.0,176.95,149.5,82.45,158.39,90,ok,90
valid/4-05/66.jpg,4,5,112.0,112.0,74.5,176.95,65.61,82.45,180,ok,180
valid/4-05/88.jpg,4,5,112.0,112.0,47.05,74.5,141.55,65.61,270,ok,270
valid/4-05/89.jpg,4,5,112.0,112.0,149.5,47.05,158.39,141.55,0,ok,0
valid/4-05/99.jpg,4,5,112.0,112.0,74.5,176.95,65.61,82.45,180,ok,180
valid/4-10/10.jpg,4,10,112.0,112.0,176.95,74.5,157.05,143.55,0,ok,0
valid/4-10/20.jpg,4,10,112.0,112.0,176.95,74.5,157.05,143.55,0,ok,0
valid/4-10/5.jpg,4,10,112.0,112.0,47.05,149.5,66.95,80.45,180,ok,180
valid/4-10/56.jpg,4,10,112.0,112.0,176.95,74.5,157.05,143.55,0,ok,0
valid/4-10/7.jpg,4,10,112.0,112.0,176.95,74.5,157.05,143.55,0,ok,0
valid/4-10/79.jpg,4,10,112.0,112.0,74.5,47.05,143.55,66.95,270,ok,270
valid/4-10/84.jpg,4,10,112.0,112.0,47.05,149.5,66.95,80.45,180,ok,180
valid/4-10/88.jpg,4,10,112.0,112.0,176.95,74.5,157.05,143.55,0,ok,0
valid/4-15/42.jpg,4,15,112.0,112.0,112.0,37.0,145.48,68.37,270,ok,270
valid/4-15/45.jpg,4,15,112.0,112.0,187.0,112.0,155.63,145.48,0,ok,0
valid/4-15/46.jpg,4,15,112.0,112.0,187.0,112.0,155.63,145.48,0,ok,0
valid/4-15/71.jpg,4,15,112.0,112.0,37.0,112.0,68.37,78.52,180,ok,180
valid/4-15/8.jpg,4,15,112.0,112.0,187.0,112.0,155.63,145.48,0,ok,0
valid/4-15/9.jpg,4,15,112.0,112.0,187.0,112.0,155.63,145.48,0,ok,0
valid/4-15/97.jpg,4,15,112.0,112.0,112.0,37.0,145.48,68.37,270,ok,270
valid/4-20/27.jpg,4,20,112.0,112.0,176.95,149.5,154.13,147.35,0,ok,0
valid/4-20/32.jpg,4,20,112.0,112.0,176.95,149.5,154.13,147.35,0,ok,0
valid/4-20/45.jpg,4,20,112.0,112.0,176.95,149.5,154.13,147.35,0,ok,0
valid/4-20/48.jpg,4,20,112.0,112.0,176.95,149.5,154.13,147.35,0,ok,0
valid/4-20/63.jpg,4,20,112.0,112.0,149.5,47.05,147.35,69.87,270,ok,270
valid/4-20/73.jpg,4,20,112.0,112.0,47.05,74.5,69.87,76.65,180,ok,180
valid/4-20/98.jpg,4,20,112.0,112.0,176.95,149.5,154.13,147.35,0,ok,0
valid/4-25/1.jpg,4,25,112.0,112.0,149.5,176.95,152.55,149.16,0,ok,0
valid/4-25/27.jpg,4,25,112.0,112.0,74.5,47.05,71.45,74.84,180,ok,180
valid/4-25/28.jpg,4,25,112.0,112.0,149.5,176.95,152.55,149.16,0,ok,0
valid/4-25/32.jpg,4,25,112.0,112.0,74.5,47.05,71.45,74.84,180,ok,180
valid/4-25/34.jpg,4,25,112.0,112.0,47.05,149.5,74.84,152.55,90,ok,90
valid/4-25/47.jpg,4,25,112.0,112.0,149.5,176.95,152.55,149.16,0,ok,0
valid/4-25/58.jpg,4,25,112.0,112.0,149.5,176.95,152.55,149.16,0,ok,0
valid/4-25/69.jpg,4,25,112.0,112.0,149.5,176.95,152.55,149.16,0,ok,0
valid/4-30/1.jpg,4,30,112.0,112.0,112.0,187.0,150.89,150.89,0,ok,0
valid/4-30/20.jpg,4,30,112.0,112.0,112.0,37.0,73.11,73.11,180,ok,180
valid/4-30/25.jpg,4,30,112.0,112.0,112.0,187.0,150.89,150.89,0,ok,0
valid/4-30/34.jpg,4,30,112.0,112.0,112.0,187.0,150.89,150.89,0,ok,0
valid/4-30/36.jpg,4,30,112.0,112.0,112.0,37.0,73.11,73.11,180,ok,180
valid/4-30/42.jpg,4,30,112.0,112.0,112.0,187.0,150.89,150.89,0,ok,0
valid/4-30/63.jpg,4,30,112.0,112.0,187.0,112.0,150.89,73.11,270,ok,270
valid/4-30/74.jpg,4,30,112.0,112.0,112.0,37.0,73.11,73.11,180,ok,180
valid/4-35/0.jpg,4,35,112.0,112.0,74.5,176.95,149.16,152.55,0,ok,0
valid/4-35/15.jpg,4,35,112.0,112.0,74.5,176.95,149.16,152.55,0,ok,0
valid/4-35/17.jpg,4,35,112.0,112.0,74.5,176.95,149.16,152.55,0,ok,0
valid/4-35/24.jpg,4,35,112.0,112.0,74.5,176.95,149.16,152.55,0,ok,0
valid/4-35/28.jpg,4,35,112.0,112.0,74.5,176.95,149.16,152.55,0,ok,0
valid/4-35/3.jpg,4,35,112.0,112.0,47.05,74.5,71.45,149.16,90,ok,90
valid/4-35/34.jpg,4,35,112.0,112.0,47.05,74.5,71.45,149.16,90,ok,90
valid/4-35/91.jpg,4,35,112.0,112.0,176.95,149.5,152.55,74.84,270,ok,270
valid/4-40/16.jpg,4,40,112.0,112.0,149.5,176.95,154.13,76.65,270,ok,270
valid/4-40/36.jpg,4,40,112.0,112.0,47.05,149.5,147.35,154.13,0,ok,0
valid/4-40/4.jpg,4,40,112.0,112.0,74.5,47.05,69.87,147.35,90,ok,90
valid/4-40/47.jpg,4,40,112.0,112.0,74.5,47.05,69.87,147.35,90,ok,90
valid/4-40/55.jpg,4,40,112.0,112.0,47.05,149.5,147.35,154.13,0,ok,0
valid/4-40/72.jpg,4,40,112.0,112.0,47.05,149.5,147.35,154.13,0,ok,0
valid/4-45/10.jpg,4,45,112.0,112.0,37.0,112.0,145.48,155.63,0,ok,0
valid/4-45/18.jpg,4,45,112.0,112.0,187.0,112.0,78.52,68.37,180,ok,180
valid/4-45/24.jpg,4,45,112.0,112.0,37.0,112.0,145.48,155.63,0,ok,0
valid/4-45/31.jpg,4,45,112.0,112.0,112.0,37.0,68.37,145.48,90,ok,90
valid/4-45/36.jpg,4,45,112.0,112.0,112.0,187.0,155.63,78.52,270,ok,270
valid/4-45/44.jpg,4,45,112.0,112.0,37.0,112.0,145.48,155.63,0,ok,0
valid/4-50/2.jpg,4,50,112.0,112.0,149.5,47.05,66.95,143.55,90,ok,90
valid/4-50/71.jpg,4,50,112.0,112.0,47.05,74.5,143.55,157.05,0,ok,0
valid/4-50/8.jpg,4,50,112.0,112.0,47.05,74.5,143.55,157.05,0,ok,0
valid/4-50/84.jpg,4,50,112.0,112.0,47.05,74.5,143.55,157.05,0,ok,0
valid/4-50/85.jpg,4,50,112.0,112.0,47.05,74.5,143.55,157.05,0,ok,0
valid/4-50/92.jpg,4,50,112.0,112.0,47.05,74.5,143.55,157.05,0,ok,0
valid/4-50/96.jpg,4,50,112.0,112.0,149.5,47.05,66.95,143.55,90,ok,90
valid/4-55/13.jpg,4,55,112.0,112.0,47.05,149.5,158.39,82.45,270,ok,270
valid/4-55/24.jpg,4,55,112.0,112.0,74.5,47.05,141.55,158.39,0,ok,0
valid/4-55/28.jpg,4,55,112.0,112.0,74.5,47.05,141.55,158.39,0,ok,0
valid/4-55/50.jpg,4,55,112.0,112.0,47.05,149.5,158.39,82.45,270,ok,270
valid/4-55/56.jpg,4,55,112.0,112.0,74.5,47.05,141.55,158.39,0,ok,0
valid/4-55/69.jpg,4,55,112.0,112.0,74.5,47.05,141.55,158.39,0,ok,0
valid/4-55/7.jpg,4,55,112.0,112.0,149.5,176.95,82.45,65.61,180,ok,180
valid/4-55/72.jpg,4,55,112.0,112.0,47.05,149.5,158.39,82.45,270,ok,270
valid/4-55/8.jpg,4,55,112.0,112.0,176.95,74.5,65.61,141.55,90,ok,90
valid/4-55/97.jpg,4,55,112.0,112.0,47.05,149.5,158.39,82.45,270,ok,270
valid/5-00/10.jpg,5,0,112.0,112.0,112.0,37.0,139.5,159.63,0,ok,0
valid/5-00/12.jpg,5,0,112.0,112.0,112.0,37.0,139.5,159.63,0,ok,0
valid/5-00/36.jpg,5,0,112.0,112.0,112.0,37.0,139.5,159.63,0,ok,0
valid/5-00/38.jpg,5,0,112.0,112.0,187.0,112.0,64.37,139.5,90,ok,90
valid/5-00/74.jpg,5,0,112.0,112.0,187.0,112.0,64.37,139.5,90,ok,90
valid/5-00/8.jpg,5,0,112.0,112.0,112.0,37.0,139.5,159.63,0,ok,0
valid/5-00/84.jpg,5,0,112.0,112.0,37.0,112.0,159.63,84.5,270,ok,270
valid/5-00/92.jpg,5,0,112.0,112.0,112.0,37.0,139.5,159.63,0,ok,0
valid/5-05/18.jpg,5,5,112.0,112.0,149.5,47.05,137.4,160.79,0,ok,0
valid/5-05/24.jpg,5,5,112.0,112.0,176.95,149.5,63.21,137.4,90,ok,90
valid/5-05/31.jpg,5,5,112.0,112.0,74.5,176.95,86.6,63.21,180,ok,180
valid/5-05/51.jpg,5,5,112.0,112.0,74.5,176.95,86.6,63.21,180,ok,180
valid/5-05/64.jpg,5,5,112.0,112.0,74.5,176.95,86.6,63.21,180,ok,180
valid/5-05/7.jpg,5,5,112.0,112.0,74.5,176.95,86.6,63.21,180,ok,180
valid/5-05/76.jpg,5,5,112.0,112.0,47.05,74.5,160.79,86.6,270,ok,270
valid/5-10/28.jpg,5,10,112.0,112.0,47.05,149.5,88.76,62.15,180,ok,180
valid/5-10/29.jpg,5,10,112.0,112.0,176.95,74.5,135.24,161.85,0,ok,0
valid/5-10/45.jpg,5,10,112.0,112.0,149.5,176.95,62.15,135.24,90,ok,90
valid/5-10/51.jpg,5,10,112.0,112.0,176.95,74.5,135.24,161.85,0,ok,0
valid/5-15/50.jpg,5,15,112.0,112.0,112.0,187.0,61.19,133.05,90,ok,90
valid/5-15/53.jpg,5,15,112.0,112.0,187.0,112.0,133.05,162.81,0,ok,0
valid/5-15/63.jpg,5,15,112.0,112.0,112.0,187.0,61.19,133.05,90,ok,90
valid/5-15/7.jpg,5,15,112.0,112.0,187.0,112.0,133.05,162.81,0,ok,0
valid/5-15/75.jpg,5,15,112.0,112.0,112.0,187.0,61.19,133.05,90,ok,90
valid/5-15/88.jpg,5,15,112.0,112.0,187.0,112.0,133.05,162.81,0,ok,0
valid/5-15/95.jpg,5,15,112.0,112.0,187.0,112.0,133.05,162.81,0,ok,0
valid/5-20/12.jpg,5,20,112.0,112.0,149.5,47.05,163.68,93.19,270,ok,270
valid/5-20/2.jpg,5,20,112.0,112.0,74.5,176.95,60.32,130.81,90,ok,90
valid/5-20/44.jpg,5,20,112.0,112.0,74.5,176.95,60.32,130.81,90,ok,90
valid/5-20/48.jpg,5,20,112.0,112.0,176.95,149.5,130.81,163.68,0,ok,0
valid/5-20/64.jpg,5,20,112.0,112.0,176.95,149.5,130.81,163.68,0,ok,0
valid/5-20/86.jpg,5,20,112.0,112.0,74.5,176.95,60.32,130.81,90,ok,90
valid/5-20/89.jpg,5,20,112.0,112.0,176.95,149.5,130.81,163.68,0,ok,0
valid/5-20/9.jpg,5,20,112.0,112.0,176.95,149.5,130.81,163.68,0,ok,0
valid/5-25/17.jpg,5,25,112.0,112.0,47.05,149.5,59.55,128.54,90,ok,90
valid/5-25/26.jpg,5,25,112.0,112.0,149.5,176.95,128.54,164.45,0,ok,0
valid/5-25/48.jpg,5,25,112.0,112.0,149.5,176.95,128.54,164.45,0,ok,0
valid/5-25/53.jpg,5,25,112.0,112.0,149.5,176.95,128.54,164.45,0,ok,0
valid/5-25/67.jpg,5,25,112.0,112.0,74.5,47.05,95.46,59.55,180,ok,180
valid/5-25/8.jpg,5,25,112.0,112.0,149.5,176.95,128.54,164.45,0,ok,0
valid/5-30/17.jpg,5,30,112.0,112.0,112.0,187.0,126.24,165.13,0,ok,0
valid/5-30/24.jpg,5,30,112.0,112.0,112.0,187.0,126.24,165.13,0,ok,0
valid/5-30/30.jpg,5,30,112.0,112.0,112.0,37.0,97.76,58.87,180,ok,180
valid/5-30/31.jpg,5,30,112.0,112.0,112.0,187.0,126.24,165.13,0,ok,0
valid/5-30/48.jpg,5,30,112.0,112.0,187.0,112.0,165.13,97.76,270,ok,270
valid/5-35/10.jpg,5,35,112.0,112.0,74.5,176.95,123.9,165.7,0,ok,0
valid/5-35/32.jpg,5,35,112.0,112.0,74.5,176.95,123.9,165.7,0,ok,0
valid/5-35/44.jpg,5,35,112.0,112.0,74.5,176.95,123.9,165.7,0,ok,0
valid/5-35/49.jpg,5,35,112.0,112.0,176.95,149.5,165.7,100.1,270,ok,270
valid/5-35/66.jpg,5,35,112.0,112.0,47.05,74.5,58.3,123.9,90,ok,90
valid/5-35/67.jpg,5,35,112.0,112.0,74.5,176.95,123.9,165.7,0,ok,0
valid/5-35/94.jpg,5,35,112.0,112.0,47.05,74.5,58.3,123.9,90,ok,90
valid/5-35/99.jpg,5,35,112.0,112.0,149.5,47.05,100.1,58.3,180,ok,180
valid/5-40/10.jpg,5,40,112.0,112.0,47.05,149.5,121.55,166.16,0,ok,0
valid/5-40/28.jpg,5,40,112.0,112.0,74.5,47.05,57.84,121.55,90,ok,90
valid/5-40/52.jpg,5,40,112.0,112.0,47.05,149.5,121.55,166.16,0,ok,0
valid/5-40/8.jpg,5,40,112.0,112.0,47.05,149.5,121.55,166.16,0,ok,0
valid/5-40/83.jpg,5,40,112.0,112.0,74.5,47.05,57.84,121.55,90,ok,90
valid/5-40/84.jpg,5,40,112.0,112.0,47.05,149.5,121.55,166.16,0,ok,0
valid/5-40/99.jpg,5,40,112.0,112.0,176.95,74.5,102.45,57.84,180,ok,180
valid/5-45/29.jpg,5,45,112.0,112.0,112.0,187.0,166.53,104.82,270,ok,270
valid/5-45/57.jpg,5,45,112.0,112.0,37.0,112.0,119.18,166.53,0,ok,0
valid/5-45/63.jpg,5,45,112.0,112.0,187.0,112.0,104.82,57.47,180,ok,180
valid/5-50/2.jpg,5,50,112.0,112.0,47.05,74.5,116.79,166.79,0,ok,0
valid/5-50/21.jpg,5,50,112.0,112.0,47.05,74.5,116.79,166.79,0,ok,0
valid/5-50/33.jpg,5,50,112.0,112.0,47.05,74.5,116.79,166.79,0,ok,0
valid/5-50/69.jpg,5,50,112.0,112.0,47.05,74.5,116.79,166.79,0,ok,0
valid/5-50/70.jpg,5,50,112.0,112.0,47.05,74.5,116.79,166.79,0,ok,0
valid/5-50/78.jpg,5,50,112.0,112.0,47.05,74.5,116.79,166.79,0,ok,0
valid/5-50/82.jpg,5,50,112.0,112.0,47.05,74.5,116.79,166.79,0,ok,0
valid/5-50/87.jpg,5,50,112.0,112.0,47.05,74.5,116.79,166.79,0,ok,0
valid/5-50/91.jpg,5,50,112.0,112.0,47.05,74.5,116.79,166.79,0,ok,0
valid/5-55/22.jpg,5,55,112.0,112.0,149.5,176.95,109.6,57.05,180,ok,180
valid/5-55/27.jpg,5,55,112.0,112.0,149.5,176.95,109.6,57.05,180,ok,180
valid/5-55/31.jpg,5,55,112.0,112.0,149.5,176.95,109.6,57.05,180,ok,180
valid/5-55/32.jpg,5,55,112.0,112.0,176.95,74.5,57.05,114.4,90,ok,90
valid/5-55/33.jpg,5,55,112.0,112.0,176.95,74.5,57.05,114.4,90,ok,90
valid/5-55/38.jpg,5,55,112.0,112.0,74.5,47.05,114.4,166.95,0,ok,0
valid/5-55/40.jpg,5,55,112.0,112.0,176.95,74.5,57.05,114.4,90,ok,90
valid/5-55/88.jpg,5,55,112.0,112.0,176.95,74.5,57.05,114.4,90,ok,90
valid/6-00/42.jpg,6,0,112.0,112.0,37.0,112.0,167.0,112.0,270,ok,270
valid/6-00/61.jpg,6,0,112.0,112.0,37.0,112.0,167.0,112.0,270,ok,270
valid/6-00/74.jpg,6,0,112.0,112.0,112.0,37.0,112.0,167.0,0,ok,0
valid/6-00/83.jpg,6,0,112.0,112.0,187.0,112.0,57.0,112.0,90,ok,90
valid/6-00/87.jpg,6,0,112.0,112.0,112.0,37.0,112.0,167.0,0,ok,0
valid/6-05/15.jpg,6,5,112.0,112.0,74.5,176.95,114.4,57.05,180,ok,180
valid/6-05/20.jpg,6,5,112.0,112.0,149.5,47.05,109.6,166.95,0,ok,0
valid/6-05/46.jpg,6,5,112.0,112.0,176.95,149.5,57.05,109.6,90,ok,90
valid/6-05/50.jpg,6,5,112.0,112.0,74.5,176.95,114.4,57.05,180,ok,180
valid/6-05/75.jpg,6,5,112.0,112.0,74.5,176.95,114.4,57.05,180,ok,180
valid/6-05/86.jpg,6,5,112.0,112.0,74.5,176.95,114.4,57.05,180,ok,180
valid/6-05/90.jpg,6,5,112.0,112.0,74.5,176.95,114.4,57.05,180,ok,180
valid/6-05/93.jpg,6,5,112.0,112.0,47.05,74.5,166.95,114.4,270,ok,270
valid/6-05/98.jpg,6,5,112.0,112.0,47.05,74.5,166.95,114.4,270,ok,270
valid/6-10/15.jpg,6,10,112.0,112.0,176.95,74.5,107.21,166.79,0,ok,0
valid/6-10/18.jpg,6,10,112.0,112.0,47.05,149.5,116.79,57.21,180,ok,180
valid/6-10/20.jpg,6,10,112.0,112.0,74.5,47.05,166.79,116.79,270,ok,270
valid/6-10/63.jpg,6,10,112.0,112.0,176.95,74.5,107.21,166.79,0,ok,0
valid/6-10/72.jpg,6,10,112.0,112.0,176.95,74.5,107.21,166.79,0,ok,0
valid/6-10/73.jpg,6,10,112.0,112.0,176.95,74.5,107.21,166.79,0,ok,0
valid/6-15/18.jpg,6,15,112.0,112.0,112.0,37.0,166.53,119.18,270,ok,270
valid/6-15/25.jpg,6,15,112.0,112.0,187.0,112.0,104.82,166.53,0,ok,0
valid/6-15/36.jpg,6,15,112.0,112.0,112.0,187.0,57.47,104.82,90,ok,90
valid/6-15/37.jpg,6,15,112.0,112.0,187.0,112.0,104.82,166.53,0,ok,0
valid/6-15/40.jpg,6,15,112.0,112.0,112.0,37.0,166.53,119.18,270,ok,270
valid/6-15/95.jpg,6,15,112.0,112.0,37.0,112.0,119.18,57.47,180,ok,180
valid/6-20/19.jpg,6,20,112.0,112.0,176.95,149.5,102.45,166.16,0,ok,0
valid/6-20/49.jpg,6,20,112.0,112.0,176.95,149.5,102.45,166.16,0,ok,0
valid/6-20/55.jpg,6,20,112.0,112.0,47.05,74.5,121.55,57.84,180,ok,180
valid/6-20/61.jpg,6,20,112.0,112.0,47.05,74.5,121.55,57.84,180,ok,180
valid/6-20/72.jpg,6,20,112.0,112.0,176.95,149.5,102.45,166.16,0,ok,0
valid/6-20/9.jpg,6,20,112.0,112.0,74.5,176.95,57.84,102.45,90,ok,90
valid/6-20/95.jpg,6,20,112.0,112.0,176.95,149.5,102.45,166.16,0,ok,0
valid/6-25/31.jpg,6,25,112.0,112.0,47.05,149.5,58.3,100.1,90,ok,90
valid/6-25/45.jpg,6,25,112.0,112.0,149.5,176.95,100.1,165.7,0,ok,0
valid/6-25/46.jpg,6,25,112.0,112.0,47.05,149.5,58.3,100.1,90,ok,90
valid/6-25/61.jpg,6,25,112.0,112.0,47.05,149.5,58.3,100.1,90,ok,90
valid/6-25/84.jpg,6,25,112.0,112.0,149.5,176.95,100.1,165.7,0,ok,0
valid/6-30/30.jpg,6,30,112.0,112.0,112.0,37.0,126.24,58.87,180,ok,180
valid/6-30/55.jpg,6,30,112.0,112.0,112.0,187.0,97.76,165.13,0,ok,0
valid/6-30/67.jpg,6,30,112.0,112.0,37.0,112.0,58.87,97.76,90,ok,90
valid/6-30/68.jpg,6,30,112.0,112.0,112.0,187.0,97.76,165.13,0,ok,0
valid/6-30/69.jpg,6,30,112.0,112.0,37.0,112.0,58.87,97.76,90,ok,90
valid/6-30/79.jpg,6,30,112.0,112.0,187.0,112.0,165.13,126.24,270,ok,270
valid/6-30/87.jpg,6,30,112.0,112.0,187.0,112.0,165.13,126.24,270,ok,270
valid/6-30/94.jpg,6,30,112.0,112.0,187.0,112.0,165.13,126.24,270,ok,270
valid/6-35/19.jpg,6,35,112.0,112.0,47.05,74.5,59.55,95.46,90,ok,90
valid/6-35/42.jpg,6,35,112.0,112.0,74.5,176.95,95.46,164.45,0,ok,0
valid/6-35/55.jpg,6,35,112.0,112.0,74.5,176.95,95.46,164.45,0,ok,0
valid/6-35/62.jpg,6,35,112.0,112.0,74.5,176.95,95.46,164.45,0,ok,0
valid/6-35/65.jpg,6,35,112.0,112.0,74.5,176.95,95.46,164.45,0,ok,0
valid/6-35/69.jpg,6,35,112.0,112.0,47.05,74.5,59.55,95.46,90,ok,90
valid/6-35/81.jpg,6,35,112.0,112.0,176.95,149.5,164.45,128.54,270,ok,270
valid/6-35/89.jpg,6,35,112.0,112.0,74.5,176.95,95.46,164.45,0,ok,0
valid/6-40/14.jpg,6,40,112.0,112.0,149.5,176.95,163.68,130.81,270,ok,270
valid/6-40/28.jpg,6,40,112.0,112.0,47.05,149.5,93.19,163.68,0,ok,0
valid/6-40/29.jpg,6,40,112.0,112.0,47.05,149.5,93.19,163.68,0,ok,0
valid/6-40/30.jpg,6,40,112.0,112.0,74.5,47.05,60.32,93.19,90,ok,90
valid/6-40/33.jpg,6,40,112.0,112.0,47.05,149.5,93.19,163.68,0,ok,0
valid/6-40/55.jpg,6,40,112.0,112.0,149.5,176.95,163.68,130.81,270,ok,270
valid/6-40/61.jpg,6,40,112.0,112.0,47.05,149.5,93.19,163.68,0,ok,0
valid/6-45/16.jpg,6,45,112.0,112.0,112.0,187.0,162.81,133.05,270,ok,270
valid/6-45/20.jpg,6,45,112.0,112.0,37.0,112.0,90.95,162.81,0,ok,0
valid/6-45/41.jpg,6,45,112.0,112.0,37.0,112.0,90.95,162.81,0,ok,0
valid/6-45/44.jpg,6,45,112.0,112.0,37.0,112.0,90.95,162.81,0,ok,0
valid/6-45/56.jpg,6,45,112.0,112.0,112.0,37.0,61.19,90.95,90,ok,90
valid/6-45/6.jpg,6,45,112.0,112.0,37.0,112.0,90.95,162.81,0,ok,0
valid/6-50/15.jpg,6,50,112.0,112.0,149.5,47.05,62.15,88.76,90,ok,90
valid/6-50/4.jpg,6,50,112.0,112.0,47.05,74.5,88.76,161.85,0,ok,0
valid/6-50/82.jpg,6,50,112.0,112.0,149.5,47.05,62.15,88.76,90,ok,90
valid/6-55/12.jpg,6,55,112.0,112.0,176.95,74.5,63.21,86.6,90,ok,90
valid/6-55/17.jpg,6,55,112.0,112.0,74.5,47.05,86.6,160.79,0,ok,0
valid/6-55/27.jpg,6,55,112.0,112.0,176.95,74.5,63.21,86.6,90,ok,90
valid/6-55/33.jpg,6,55,112.0,112.0,74.5,47.05,86.6,160.79,0,ok,0
valid/6-55/44.jpg,6,55,112.0,112.0,47.05,149.5,160.79,137.4,270,ok,270
valid/6-55/47.jpg,6,55,112.0,112.0,74.5,47.05,86.6,160.79,0,ok,0
valid/6-55/57.jpg,6,55,112.0,112.0,74.5,47.05,86.6,160.79,0,ok,0
valid/6-55/64.jpg,6,55,112.0,112.0,47.05,149.5,160.79,137.4,270,ok,270
valid/6-55/84.jpg,6,55,112.0,112.0,74.5,47.05,86.6,160.79,0,ok,0
valid/7-00/1.jpg,7,0,112.0,112.0,112.0,37.0,84.5,159.63,0,ok,0
valid/7-00/24.jpg,7,0,112.0,112.0,112.0,37.0,84.5,159.63,0,ok,0
valid/7-00/37.jpg,7,0,112.0,112.0,37.0,112.0,159.63,139.5,270,ok,270
valid/7-00/47.jpg,7,0,112.0,112.0,112.0,187.0,139.5,64.37,180,ok,180
valid/7-00/53.jpg,7,0,112.0,112.0,187.0,112.0,64.37,84.5,90,ok,90
valid/7-00/61.jpg,7,0,112.0,112.0,112.0,37.0,84.5,159.63,0,ok,0
valid/7-00/64.jpg,7,0,112.0,112.0,112.0,37.0,84.5,159.63,0,ok,0
valid/7-00/76.jpg,7,0,112.0,112.0,187.0,112.0,64.37,84.5,90,ok,90
valid/7-00/86.jpg,7,0,112.0,112.0,187.0,112.0,64.37,84.5,90,ok,90
valid/7-00/90.jpg,7,0,112.0,112.0,112.0,37.0,84.5,159.63,0,ok,0
valid/7-05/15.jpg,7,5,112.0,112.0,149.5,47.05,82.45,158.39,0,ok,0
valid/7-05/16.jpg,7,5,112.0,112.0,149.5,47.05,82.45,158.39,0,ok,0
valid/7-05/45.jpg,7,5,112.0,112.0,47.05,74.5,158.39,141.55,270,ok,270
valid/7-05/46.jpg,7,5,112.0,112.0,149.5,47.05,82.45,158.39,0,ok,0
valid/7-05/50.jpg,7,5,112.0,112.0,74.5,176.95,141.55,65.61,180,ok,180
valid/7-05/64.jpg,7,5,112.0,112.0,176.95,149.5,65.61,82.45,90,ok,90
valid/7-05/7.jpg,7,5,112.0,112.0,149.5,47.05,82.45,158.39,0,ok,0
valid/7-05/89.jpg,7,5,112.0,112.0,47.05,74.5,158.39,141.55,270,ok,270
valid/7-05/9.jpg,7,5,112.0,112.0,149.5,47.05,82.45,158.39,0,ok,0
valid/7-10/12.jpg,7,10,112.0,112.0,74.5,47.05,157.05,143.55,270,ok,270
valid/7-10/33.jpg,7,10,112.0,112.0,176.95,74.5,80.45,157.05,0,ok,0
valid/7-10/4.jpg,7,10,112.0,112.0,176.95,74.5,80.45,157.05,0,ok,0
valid/7-10/5.jpg,7,10,112.0,112.0,176.95,74.5,80.45,157.05,0,ok,0
valid/7-10/51.jpg,7,10,112.0,112.0,176.95,74.5,80.45,157.05,0,ok,0
valid/7-10/59.jpg,7,10,112.0,112.0,74.5,47.05,157.05,143.55,270,ok,270
valid/7-10/63.jpg,7,10,112.0,112.0,74.5,47.05,157.05,143.55,270,ok,270
valid/7-10/72.jpg,7,10,112.0,112.0,176.95,74.5,80.45,157.05,0,ok,0
valid/7-10/81.jpg,7,10,112.0,112.0,149.5,176.95,66.95,80.45,90,ok,90
valid/7-10/99.jpg,7,10,112.0,112.0,176.95,74.5,80.45,157.05,0,ok,0
valid/7-15/0.jpg,7,15,112.0,112.0,187.0,112.0,78.52,155.63,0,ok,0
valid/7-15/1.jpg,7,15,112.0,112.0,187.0,112.0,78.52,155.63,0,ok,0
valid/7-15/18.jpg,7,15,112.0,112.0,112.0,187.0,68.37,78.52,90,ok,90
valid/7-15/31.jpg,7,15,112.0,112.0,187.0,112.0,78.52,155.63,0,ok,0
valid/7-15/47.jpg,7,15,112.0,112.0,187.0,112.0,78.52,155.63,0,ok,0
valid/7-15/8.jpg,7,15,112.0,112.0,187.0,112.0,78.52,155.63,0,ok,0
valid/7-15/80.jpg,7,15,112.0,112.0,112.0,187.0,68.37,78.52,90,ok,90
valid/7-15/84.jpg,7,15,112.0,112.0,187.0,112.0,78.52,155.63,0,ok,0
valid/7-15/86.jpg,7,15,112.0,112.0,112.0,37.0,155.63,145.48,270,ok,270
valid/7-15/9.jpg,7,15,112.0,112.0,37.0,112.0,145.48,68.37,180,ok,180
valid/7-20/27.jpg,7,20,112.0,112.0,176.95,149.5,76.65,154.13,0,ok,0
valid/7-20/33.jpg,7,20,112.0,112.0,47.05,74.5,147.35,69.87,180,ok,180
valid/7-20/45.jpg,7,20,112.0,112.0,176.95,149.5,76.65,154.13,0,ok,0
valid/7-20/48.jpg,7,20,112.0,112.0,47.05,74.5,147.35,69.87,180,ok,180
valid/7-20/60.jpg,7,20,112.0,112.0,149.5,47.05,154.13,147.35,270,ok,270
valid/7-20/66.jpg,7,20,112.0,112.0,176.95,149.5,76.65,154.13,0,ok,0
valid/7-25/12.jpg,7,25,112.0,112.0,149.5,176.95,74.84,152.55,0,ok,0
valid/7-25/20.jpg,7,25,112.0,112.0,74.5,47.05,149.16,71.45,180,ok,180
valid/7-25/22.jpg,7,25,112.0,112.0,47.05,149.5,71.45,74.84,90,ok,90
valid/7-25/37.jpg,7,25,112.0,112.0,149.5,176.95,74.84,152.55,0,ok,0
valid/7-25/50.jpg,7,25,112.0,112.0,176.95,74.5,152.55,149.16,270,ok,270
valid/7-25/63.jpg,7,25,112.0,112.0,74.5,47.05,149.16,71.45,180,ok,180
valid/7-25/88.jpg,7,25,112.0,112.0,149.5,176.95,74.84,152.55,0,ok,0
valid/7-25/93.jpg,7,25,112.0,112.0,74.5,47.05,149.16,71.45,180,ok,180
valid/7-30/21.jpg,7,30,112.0,112.0,112.0,187.0,73.11,150.89,0,ok,0
valid/7-30/40.jpg,7,30,112.0,112.0,112.0,37.0,150.89,73.11,180,ok,180
valid/7-30/48.jpg,7,30,112.0,112.0,112.0,187.0,73.11,150.89,0,ok,0
valid/7-30/50.jpg,7,30,112.0,112.0,37.0,112.0,73.11,73.11,90,ok,90
valid/7-30/53.jpg,7,30,112.0,112.0,112.0,187.0,73.11,150.89,0,ok,0
valid/7-30/56.jpg,7,30,112.0,112.0,112.0,187.0,73.11,150.89,0,ok,0
valid/7-30/66.jpg,7,30,112.0,112.0,112.0,187.0,73.11,150.89,0,ok,0
valid/7-30/78.jpg,7,30,112.0,112.0,112.0,187.0,73.11,150.89,0,ok,0
valid/7-30/8.jpg,7,30,112.0,112.0,112.0,187.0,73.11,150.89,0,ok,0
valid/7-35/10.jpg,7,35,112.0,112.0,176.95,149.5,149.16,152.55,270,ok,270
valid/7-35/19.jpg,7,35,112.0,112.0,149.5,47.05,152.55,74.84,180,ok,180
valid/7-35/20.jpg,7,35,112.0,112.0,47.05,74.5,74.84,71.45,90,ok,90
valid/7-35/64.jpg,7,35,112.0,112.0,74.5,176.95,71.45,149.16,0,ok,0
valid/7-35/7.jpg,7,35,112.0,112.0,74.5,176.95,71.45,149.16,0,ok,0
valid/7-35/83.jpg,7,35,112.0,112.0,149.5,47.05,152.55,74.84,180,ok,180
valid/7-35/84.jpg,7,35,112.0,112.0,74.5,176.95,71.45,149.16,0,ok,0
valid/7-35/89.jpg,7,35,112.0,112.0,74.5,176.95,71.45,149.16,0,ok,0
valid/7-35/97.jpg,7,35,112.0,112.0,149.5,47.05,152.55,74.84,180,ok,180
valid/7-40/13.jpg,7,40,112.0,112.0,47.05,149.5,69.87,147.35,0,ok,0
valid/7-40/2.jpg,7,40,112.0,112.0,47.05,149.5,69.87,147.35,0,ok,0
valid/7-40/34.jpg,7,40,112.0,112.0,176.95,74.5,154.13,76.65,180,ok,180
valid/7-40/7.jpg,7,40,112.0,112.0,176.95,74.5,154.13,76.65,180,ok,180
valid/7-40/84.jpg,7,40,112.0,112.0,47.05,149.5,69.87,147.35,0,ok,0
valid/7-40/85.jpg,7,40,112.0,112.0,149.5,176.95,147.35,154.13,270,ok,270
valid/7-40/88.jpg,7,40,112.0,112.0,149.5,176.95,147.35,154.13,270,ok,270
valid/7-40/96.jpg,7,40,112.0,112.0,74.5,47.05,76.65,69.87,90,ok,90
valid/7-40/97.jpg,7,40,112.0,112.0,176.95,74.5,154.13,76.65,180,ok,180
valid/7-45/10.jpg,7,45,112.0,112.0,37.0,112.0,68.37,145.48,0,ok,0
valid/7-45/31.jpg,7,45,112.0,112.0,112.0,37.0,78.52,68.37,90,ok,90
valid/7-45/4.jpg,7,45,112.0,112.0,37.0,112.0,68.37,145.48,0,ok,0
valid/7-45/44.jpg,7,45,112.0,112.0,112.0,187.0,145.48,155.63,270,ok,270
valid/7-45/70.jpg,7,45,112.0,112.0,37.0,112.0,68.37,145.48,0,ok,0
valid/7-45/79.jpg,7,45,112.0,112.0,187.0,112.0,155.63,78.52,180,ok,180
valid/7-45/98.jpg,7,45,112.0,112.0,187.0,112.0,155.63,78.52,180,ok,180
valid/7-50/2.jpg,7,50,112.0,112.0,74.5,176.95,143.55,157.05,270,ok,270
valid/7-50/61.jpg,7,50,112.0,112.0,47.05,74.5,66.95,143.55,0,ok,0
valid/7-50/63.jpg,7,50,112.0,112.0,149.5,47.05,80.45,66.95,90,ok,90
valid/7-50/64.jpg,7,50,112.0,112.0,47.05,74.5,66.95,143.55,0,ok,0
valid/7-50/74.jpg,7,50,112.0,112.0,47.05,74.5,66.95,143.55,0,ok,0
valid/7-50/8.jpg,7,50,112.0,112.0,74.5,176.95,143.55,157.05,270,ok,270
valid/7-50/81.jpg,7,50,112.0,112.0,149.5,47.05,80.45,66.95,90,ok,90
valid/7-55/16.jpg,7,55,112.0,112.0,47.05,149.5,141.55,158.39,270,ok,270
valid/7-55/32.jpg,7,55,112.0,112.0,47.05,149.5,141.55,158.39,270,ok,270
valid/7-55/44.jpg,7,55,112.0,112.0,74.5,47.05,65.61,141.55,0,ok,0
valid/7-55/62.jpg,7,55,112.0,112.0,176.95,74.5,82.45,65.61,90,ok,90
valid/7-55/68.jpg,7,55,112.0,112.0,149.5,176.95,158.39,82.45,180,ok,180
valid/7-55/72.jpg,7,55,112.0,112.0,176.95,74.5,82.45,65.61,90,ok,90
valid/7-55/96.jpg,7,55,112.0,112.0,149.5,176.95,158.39,82.45,180,ok,180
valid/8-00/10.jpg,8,0,112.0,112.0,112.0,37.0,64.37,139.5,0,ok,0
valid/8-00/66.jpg,8,0,112.0,112.0,112.0,37.0,64.37,139.5,0,ok,0
valid/8-00/73.jpg,8,0,112.0,112.0,112.0,37.0,64.37,139.5,0,ok,0
valid/8-00/84.jpg,8,0,112.0,112.0,112.0,37.0,64.37,139.5,0,ok,0
valid/8-00/92.jpg,8,0,112.0,112.0,112.0,37.0,64.37,139.5,0,ok,0
valid/8-00/93.jpg,8,0,112.0,112.0,112.0,37.0,64.37,139.5,0,ok,0
valid/8-05/16.jpg,8,5,112.0,112.0,74.5,176.95,160.79,86.6,180,ok,180
valid/8-05/18.jpg,8,5,112.0,112.0,149.5,47.05,63.21,137.4,0,ok,0
valid/8-05/26.jpg,8,5,112.0,112.0,47.05,74.5,137.4,160.79,270,ok,270
valid/8-05/34.jpg,8,5,112.0,112.0,47.05,74.5,137.4,160.79,270,ok,270
valid/8-05/50.jpg,8,5,112.0,112.0,47.05,74.5,137.4,160.79,270,ok,270
valid/8-05/60.jpg,8,5,112.0,112.0,47.05,74.5,137.4,160.79,270,ok,270
valid/8-05/63.jpg,8,5,112.0,112.0,74.5,176.95,160.79,86.6,180,ok,180
valid/8-05/69.jpg,8,5,112.0,112.0,47.05,74.5,137.4,160.79,270,ok,270
valid/8-05/84.jpg,8,5,112.0,112.0,74.5,176.95,160.79,86.6,180,ok,180
valid/8-05/91.jpg,8,5,112.0,112.0,149.5,47.05,63.21,137.4,0,ok,0
valid/8-10/12.jpg,8,10,112.0,112.0,47.05,149.5,161.85,88.76,180,ok,180
valid/8-10/31.jpg,8,10,112.0,112.0,176.95,74.5,62.15,135.24,0,ok,0
valid/8-10/44.jpg,8,10,112.0,112.0,74.5,47.05,135.24,161.85,270,ok,270
valid/8-10/69.jpg,8,10,112.0,112.0,74.5,47.05,135.24,161.85,270,ok,270
valid/8-10/89.jpg,8,10,112.0,112.0,47.05,149.5,161.85,88.76,180,ok,180
valid/8-10/90.jpg,8,10,112.0,112.0,47.05,149.5,161.85,88.76,180,ok,180
valid/8-15/16.jpg,8,15,112.0,112.0,112.0,37.0,133.05,162.81,270,ok,270
valid/8-15/21.jpg,8,15,112.0,112.0,112.0,187.0,90.95,61.19,90,ok,90
valid/8-15/28.jpg,8,15,112.0,112.0,187.0,112.0,61.19,133.05,0,ok,0
valid/8-15/44.jpg,8,15,112.0,112.0,112.0,37.0,133.05,162.81,270,ok,270
valid/8-15/47.jpg,8,15,112.0,112.0,187.0,112.0,61.19,133.05,0,ok,0
valid/8-15/50.jpg,8,15,112.0,112.0,187.0,112.0,61.19,133.05,0,ok,0
valid/8-15/62.jpg,8,15,112.0,112.0,187.0,112.0,61.19,133.05,0,ok,0
valid/8-20/20.jpg,8,20,112.0,112.0,149.5,47.05,130.81,163.68,270,ok,270
valid/8-20/32.jpg,8,20,112.0,112.0,74.5,176.95,93.19,60.32,90,ok,90
valid/8-20/44.jpg,8,20,112.0,112.0,74.5,176.95,93.19,60.32,90,ok,90
valid/8-20/48.jpg,8,20,112.0,112.0,176.95,149.5,60.32,130.81,0,ok,0
valid/8-20/57.jpg,8,20,112.0,112.0,74.5,176.95,93.19,60.32,90,ok,90
valid/8-20/62.jpg,8,20,112.0,112.0,176.95,149.5,60.32,130.81,0,ok,0
valid/8-20/63.jpg,8,20,112.0,112.0,176.95,149.5,60.32,130.81,0,ok,0
valid/8-20/8.jpg,8,20,112.0,112.0,149.5,47.05,130.81,163.68,270,ok,270
valid/8-25/0.jpg,8,25,112.0,112.0,176.95,74.5,128.54,164.45,270,ok,270
valid/8-25/25.jpg,8,25,112.0,112.0,149.5,176.95,59.55,128.54,0,ok,0
valid/8-25/28.jpg,8,25,112.0,112.0,47.05,149.5,95.46,59.55,90,ok,90
valid/8-25/46.jpg,8,25,112.0,112.0,176.95,74.5,128.54,164.45,270,ok,270
valid/8-25/48.jpg,8,25,112.0,112.0,176.95,74.5,128.54,164.45,270,ok,270
valid/8-25/51.jpg,8,25,112.0,112.0,47.05,149.5,95.46,59.55,90,ok,90
valid/8-25/60.jpg,8,25,112.0,112.0,149.5,176.95,59.55,128.54,0,ok,0
valid/8-25/67.jpg,8,25,112.0,112.0,176.95,74.5,128.54,164.45,270,ok,270
valid/8-25/92.jpg,8,25,112.0,112.0,149.5,176.95,59.55,128.54,0,ok,0
valid/8-30/16.jpg,8,30,112.0,112.0,112.0,187.0,58.87,126.24,0,ok,0
valid/8-30/34.jpg,8,30,112.0,112.0,37.0,112.0,97.76,58.87,90,ok,90
valid/8-30/45.jpg,8,30,112.0,112.0,187.0,112.0,126.24,165.13,270,ok,270
valid/8-30/6.jpg,8,30,112.0,112.0,112.0,187.0,58.87,126.24,0,ok,0
valid/8-30/76.jpg,8,30,112.0,112.0,112.0,187.0,58.87,126.24,0,ok,0
valid/8-30/8.jpg,8,30,112.0,112.0,112.0,37.0,165.13,97.76,180,ok,180
valid/8-30/84.jpg,8,30,112.0,112.0,112.0,187.0,58.87,126.24,0,ok,0
valid/8-30/95.jpg,8,30,112.0,112.0,187.0,112.0,126.24,165.13,270,ok,270
valid/8-35/15.jpg,8,35,112.0,112.0,149.5,47.05,165.7,100.1,180,ok,180
valid/8-35/21.jpg,8,35,112.0,112.0,47.05,74.5,100.1,58.3,90,ok,90
valid/8-35/25.jpg,8,35,112.0,112.0,149.5,47.05,165.7,100.1,180,ok,180
valid/8-35/34.jpg,8,35,112.0,112.0,176.95,149.5,123.9,165.7,270,ok,270
valid/8-35/72.jpg,8,35,112.0,112.0,74.5,176.95,58.3,123.9,0,ok,0
valid/8-35/9.jpg,8,35,112.0,112.0,74.5,176.95,58.3,123.9,0,ok,0
valid/8-35/99.jpg,8,35,112.0,112.0,149.5,47.05,165.7,100.1,180,ok,180
valid/8-40/49.jpg,8,40,112.0,112.0,47.05,149.5,57.84,121.55,0,ok,0
valid/8-40/64.jpg,8,40,112.0,112.0,149.5,176.95,121.55,166.16,270,ok,270
valid/8-40/72.jpg,8,40,112.0,112.0,47.05,149.5,57.84,121.55,0,ok,0
valid/8-40/8.jpg,8,40,112.0,112.0,47.05,149.5,57.84,121.55,0,ok,0
valid/8-40/80.jpg,8,40,112.0,112.0,74.5,47.05,102.45,57.84,90,ok,90
valid/8-40/89.jpg,8,40,112.0,112.0,74.5,47.05,102.45,57.84,90,ok,90
valid/8-40/96.jpg,8,40,112.0,112.0,74.5,47.05,102.45,57.84,90,ok,90
valid/8-45/18.jpg,8,45,112.0,112.0,112.0,187.0,119.18,166.53,270,ok,270
valid/8-45/26.jpg,8,45,112.0,112.0,37.0,112.0,57.47,119.18,0,ok,0
valid/8-45/36.jpg,8,45,112.0,112.0,37.0,112.0,57.47,119.18,0,ok,0
valid/8-45/72.jpg,8,45,112.0,112.0,112.0,37.0,104.82,57.47,90,ok,90
valid/8-50/12.jpg,8,50,112.0,112.0,47.05,74.5,57.21,116.79,0,ok,0
valid/8-50/28.jpg,8,50,112.0,112.0,149.5,47.05,107.21,57.21,90,ok,90
valid/8-50/36.jpg,8,50,112.0,112.0,149.5,47.05,107.21,57.21,90,ok,90
valid/8-50/37.jpg,8,50,112.0,112.0,74.5,176.95,116.79,166.79,270,ok,270
valid/8-50/49.jpg,8,50,112.0,112.0,74.5,176.95,116.79,166.79,270,ok,270
valid/8-50/89.jpg,8,50,112.0,112.0,74.5,176.95,116.79,166.79,270,ok,270
valid/8-50/94.jpg,8,50,112.0,112.0,176.95,149.5,166.79,107.21,180,ok,180
valid/8-50/96.jpg,8,50,112.0,112.0,47.05,74.5,57.21,116.79,0,ok,0
valid/8-50/99.jpg,8,50,112.0,112.0,47.05,74.5,57.21,116.79,0,ok,0
valid/8-55/0.jpg,8,55,112.0,112.0,149.5,176.95,166.95,109.6,180,ok,180
valid/8-55/20.jpg,8,55,112.0,112.0,47.05,149.5,114.4,166.95,270,ok,270
valid/8-55/38.jpg,8,55,112.0,112.0,74.5,47.05,57.05,114.4,0,ok,0
valid/8-55/52.jpg,8,55,112.0,112.0,74.5,47.05,57.05,114.4,0,ok,0
valid/8-55/57.jpg,8,55,112.0,112.0,47.05,149.5,114.4,166.95,270,ok,270
valid/8-55/68.jpg,8,55,112.0,112.0,47.05,149.5,114.4,166.95,270,ok,270
valid/8-55/69.jpg,8,55,112.0,112.0,149.5,176.95,166.95,109.6,180,ok,180
valid/8-55/7.jpg,8,55,112.0,112.0,176.95,74.5,109.6,57.05,90,ok,90
valid/8-55/80.jpg,8,55,112.0,112.0,74.5,47.05,57.05,114.4,0,ok,0
valid/9-00/10.jpg,9,0,112.0,112.0,112.0,37.0,57.0,112.0,0,ok,0
valid/9-00/27.jpg,9,0,112.0,112.0,112.0,37.0,57.0,112.0,0,ok,0
valid/9-00/33.jpg,9,0,112.0,112.0,112.0,37.0,57.0,112.0,0,ok,0
valid/9-00/84.jpg,9,0,112.0,112.0,112.0,37.0,57.0,112.0,0,ok,0
valid/9-00/98.jpg,9,0,112.0,112.0,112.0,37.0,57.0,112.0,0,ok,0
valid/9-05/20.jpg,9,5,112.0,112.0,47.05,74.5,109.6,166.95,270,ok,270
valid/9-05/32.jpg,9,5,112.0,112.0,47.05,74.5,109.6,166.95,270,ok,270
valid/9-05/35.jpg,9,5,112.0,112.0,47.05,74.5,109.6,166.95,270,ok,270
valid/9-05/38.jpg,9,5,112.0,112.0,74.5,176.95,166.95,114.4,180,ok,180
valid/9-05/56.jpg,9,5,112.0,112.0,149.5,47.05,57.05,109.6,0,ok,0
valid/9-05/59.jpg,9,5,112.0,112.0,47.05,74.5,109.6,166.95,270,ok,270
valid/9-05/61.jpg,9,5,112.0,112.0,74.5,176.95,166.95,114.4,180,ok,180
valid/9-05/67.jpg,9,5,112.0,112.0,176.95,149.5,114.4,57.05,90,ok,90
valid/9-10/0.jpg,9,10,112.0,112.0,74.5,47.05,107.21,166.79,270,ok,270
valid/9-10/27.jpg,9,10,112.0,112.0,149.5,176.95,116.79,57.21,90,ok,90
valid/9-10/48.jpg,9,10,112.0,112.0,176.95,74.5,57.21,107.21,0,ok,0
valid/9-10/50.jpg,9,10,112.0,112.0,176.95,74.5,57.21,107.21,0,ok,0
valid/9-10/56.jpg,9,10,112.0,112.0,176.95,74.5,57.21,107.21,0,ok,0
valid/9-10/58.jpg,9,10,112.0,112.0,176.95,74.5,57.21,107.21,0,ok,0
valid/9-10/61.jpg,9,10,112.0,112.0,176.95,74.5,57.21,107.21,0,ok,0
valid/9-10/81.jpg,9,10,112.0,112.0,176.95,74.5,57.21,107.21,0,ok,0
valid/9-10/9.jpg,9,10,112.0,112.0,74.5,47.05,107.21,166.79,270,ok,270
valid/9-15/12.jpg,9,15,112.0,112.0,112.0,187.0,119.18,57.47,90,ok,90
valid/9-15/69.jpg,9,15,112.0,112.0,187.0,112.0,57.47,104.82,0,ok,0
valid/9-15/7.jpg,9,15,112.0,112.0,37.0,112.0,166.53,119.18,180,ok,180
valid/9-15/75.jpg,9,15,112.0,112.0,187.0,112.0,57.47,104.82,0,ok,0
valid/9-20/16.jpg,9,20,112.0,112.0,149.5,47.05,102.45,166.16,270,ok,270
valid/9-20/24.jpg,9,20,112.0,112.0,74.5,176.95,121.55,57.84,90,ok,90
valid/9-20/26.jpg,9,20,112.0,112.0,176.95,149.5,57.84,102.45,0,ok,0
valid/9-20/29.jpg,9,20,112.0,112.0,74.5,176.95,121.55,57.84,90,ok,90
valid/9-20/31.jpg,9,20,112.0,112.0,176.95,149.5,57.84,102.45,0,ok,0
valid/9-20/56.jpg,9,20,112.0,112.0,149.5,47.05,102.45,166.16,270,ok,270
valid/9-20/80.jpg,9,20,112.0,112.0,149.5,47.05,102.45,166.16,270,ok,270
valid/9-20/87.jpg,9,20,112.0,112.0,176.95,149.5,57.84,102.45,0,ok,0
valid/9-20/97.jpg,9,20,112.0,112.0,47.05,74.5,166.16,121.55,180,ok,180
valid/9-25/13.jpg,9,25,112.0,112.0,176.95,74.5,100.1,165.7,270,ok,270
valid/9-25/14.jpg,9,25,112.0,112.0,176.95,74.5,100.1,165.7,270,ok,270
valid/9-25/18.jpg,9,25,112.0,112.0,149.5,176.95,58.3,100.1,0,ok,0
valid/9-25/30.jpg,9,25,112.0,112.0,149.5,176.95,58.3,100.1,0,ok,0
valid/9-25/37.jpg,9,25,112.0,112.0,176.95,74.5,100.1,165.7,270,ok,270
valid/9-25/38.jpg,9,25,112.0,112.0,149.5,176.95,58.3,100.1,0,ok,0
valid/9-25/5.jpg,9,25,112.0,112.0,176.95,74.5,100.1,165.7,270,ok,270
valid/9-25/50.jpg,9,25,112.0,112.0,74.5,47.05,165.7,123.9,180,ok,180
valid/9-25/52.jpg,9,25,112.0,112.0,74.5,47.05,165.7,123.9,180,ok,180
valid/9-30/16.jpg,9,30,112.0,112.0,37.0,112.0,126.24,58.87,90,ok,90
valid/9-30/20.jpg,9,30,112.0,112.0,37.0,112.0,126.24,58.87,90,ok,90
valid/9-30/3.jpg,9,30,112.0,112.0,187.0,112.0,97.76,165.13,270,ok,270
valid/9-30/46.jpg,9,30,112.0,112.0,187.0,112.0,97.76,165.13,270,ok,270
valid/9-30/61.jpg,9,30,112.0,112.0,112.0,37.0,165.13,126.24,180,ok,180
valid/9-30/66.jpg,9,30,112.0,112.0,112.0,37.0,165.13,126.24,180,ok,180
valid/9-30/69.jpg,9,30,112.0,112.0,37.0,112.0,126.24,58.87,90,ok,90
valid/9-30/98.jpg,9,30,112.0,112.0,112.0,187.0,58.87,97.76,0,ok,0
valid/9-35/10.jpg,9,35,112.0,112.0,149.5,47.05,164.45,128.54,180,ok,180
valid/9-35/12.jpg,9,35,112.0,112.0,149.5,47.05,164.45,128.54,180,ok,180
valid/9-35/33.jpg,9,35,112.0,112.0,47.05,74.5,128.54,59.55,90,ok,90
valid/9-35/70.jpg,9,35,112.0,112.0,176.95,149.5,95.46,164.45,270,ok,270
valid/9-35/81.jpg,9,35,112.0,112.0,47.05,74.5,128.54,59.55,90,ok,90
valid/9-35/84.jpg,9,35,112.0,112.0,149.5,47.05,164.45,128.54,180,ok,180
valid/9-35/87.jpg,9,35,112.0,112.0,74.5,176.95,59.55,95.46,0,ok,0
valid/9-35/92.jpg,9,35,112.0,112.0,74.5,176.95,59.55,95.46,0,ok,0
valid/9-40/13.jpg,9,40,112.0,112.0,149.5,176.95,93.19,163.68,270,ok,270
valid/9-40/16.jpg,9,40,112.0,112.0,47.05,149.5,60.32,93.19,0,ok,0
valid/9-40/60.jpg,9,40,112.0,112.0,74.5,47.05,130.81,60.32,90,ok,90
valid/9-40/82.jpg,9,40,112.0,112.0,47.05,149.5,60.32,93.19,0,ok,0
valid/9-40/91.jpg,9,40,112.0,112.0,176.95,74.5,163.68,130.81,180,ok,180
valid/9-45/26.jpg,9,45,112.0,112.0,37.0,112.0,61.19,90.95,0,ok,0
valid/9-45/80.jpg,9,45,112.0,112.0,37.0,112.0,61.19,90.95,0,ok,0
valid/9-45/88.jpg,9,45,112.0,112.0,187.0,112.0,162.81,133.05,180,ok,180
valid/9-50/25.jpg,9,50,112.0,112.0,149.5,47.05,135.24,62.15,90,ok,90
valid/9-50/99.jpg,9,50,112.0,112.0,47.05,74.5,62.15,88.76,0,ok,0
valid/9-55/16.jpg,9,55,112.0,112.0,149.5,176.95,160.79,137.4,180,ok,180
valid/9-55/18.jpg,9,55,112.0,112.0,176.95,74.5,137.4,63.21,90,ok,90
valid/9-55/2.jpg,9,55,112.0,112.0,47.05,149.5,86.6,160.79,270,ok,270
valid/9-55/40.jpg,9,55,112.0,112.0,74.5,47.05,63.21,86.6,0,ok,0
valid/9-55/45.jpg,9,55,112.0,112.0,149.5,176.95,160.79,137.4,180,ok,180
valid/9-55/65.jpg,9,55,112.0,112.0,74.5,47.05,63.21,86.6,0,ok,0
valid/9-55/88.jpg,9,55,112.0,112.0,74.5,47.05,63.21,86.6,0,ok,0
valid/9-55/90.jpg,9,55,112.0,112.0,47.05,149.5,86.6,160.79,270,ok,270
valid/9-55/95.jpg,9,55,112.0,112.0,149.5,176.95,160.79,137.4,180,ok,180
