file,time_h,time_m,cx,cy,minute_x,minute_y,hour_x,hour_y,rotation_deg,status
train/1-00/0.jpg,1,0,112,112,157,146,-1,-1,90,warn:rot_err=37.1;no_hour
train/1-00/1.jpg,1,0,112,112,64,117,64,76,270,ok
train/1-00/11.jpg,1,0,112,112,-1,-1,-1,-1,-1,fail:no_candidates
train/1-00/12.jpg,1,0,112,112,53,116,63,76,270,ok
train/1-00/13.jpg,1,0,112,112,51,116,63,76,270,ok
train/1-00/14.jpg,1,0,112,112,161,105,-1,-1,90,ok;no_hour
train/1-00/15.jpg,1,0,112,112,106,43,146,65,0,ok
train/1-00/16.jpg,1,0,112,112,106,32,146,64,0,ok
train/1-00/17.jpg,1,0,112,112,106,31,146,65,0,ok
train/1-00/18.jpg,1,0,112,112,106,58,163,38,0,ok
train/1-00/19.jpg,1,0,112,112,106,6,145,67,0,ok
train/1-00/2.jpg,1,0,112,112,106,25,146,65,0,ok
train/1-00/20.jpg,1,0,112,112,116,195,77,159,180,ok
train/1-00/21.jpg,1,0,112,112,38,117,62,76,270,ok
train/1-00/22.jpg,1,0,112,112,75,112,-1,-1,270,ok;no_hour
train/1-00/23.jpg,1,0,112,112,106,48,165,31,0,ok
train/1-00/25.jpg,1,0,112,112,-1,-1,-1,-1,-1,fail:no_candidates
train/1-00/26.jpg,1,0,112,112,106,13,145,66,0,ok
train/1-00/27.jpg,1,0,112,112,65,117,67,77,270,ok
train/1-00/28.jpg,1,0,112,112,106,32,146,64,0,ok
train/1-00/29.jpg,1,0,112,112,105,9,146,65,0,ok
train/1-00/3.jpg,1,0,112,112,105,51,152,57,0,ok
train/1-00/30.jpg,1,0,112,112,106,22,146,64,0,ok
train/1-00/32.jpg,1,0,112,112,106,44,146,65,0,ok
train/1-00/33.jpg,1,0,112,112,105,36,146,64,0,ok
train/1-00/34.jpg,1,0,112,112,25,116,66,77,270,ok
train/1-00/35.jpg,1,0,112,112,62,121,-1,-1,270,ok;no_hour
train/1-00/36.jpg,1,0,112,112,7,116,65,77,270,ok
train/1-00/37.jpg,1,0,112,112,106,46,146,65,0,ok
train/1-00/39.jpg,1,0,112,112,-1,-1,-1,-1,-1,fail:no_candidates
train/1-00/4.jpg,1,0,112,112,106,30,146,64,0,ok
train/1-00/40.jpg,1,0,112,112,106,53,136,82,0,ok
train/1-00/42.jpg,1,0,112,112,206,106,168,150,90,ok
train/1-00/43.jpg,1,0,112,112,106,51,-1,-1,0,ok;no_hour
train/1-00/44.jpg,1,0,112,112,28,117,63,76,270,ok
train/1-00/45.jpg,1,0,112,112,26,116,65,77,270,ok
train/1-00/46.jpg,1,0,112,112,39,116,66,77,270,ok
train/1-00/47.jpg,1,0,112,112,27,117,63,76,270,ok
train/1-00/48.jpg,1,0,112,112,105,49,145,69,0,ok
train/1-00/49.jpg,1,0,112,112,56,116,63,76,270,ok
train/1-00/5.jpg,1,0,112,112,105,34,139,77,0,ok
train/1-00/52.jpg,1,0,112,112,106,44,146,65,0,ok
train/1-00/54.jpg,1,0,112,112,78,76,-1,-1,0,warn:rot_err=43.4;no_hour
train/1-00/55.jpg,1,0,112,112,-1,-1,-1,-1,-1,fail:no_candidates
train/1-00/56.jpg,1,0,112,112,116,191,76,160,180,ok
train/1-00/57.jpg,1,0,112,112,155,106,155,145,90,ok
train/1-00/58.jpg,1,0,112,112,-1,-1,-1,-1,-1,fail:no_candidates
train/1-00/6.jpg,1,0,112,112,49,115,62,77,270,ok
train/1-00/61.jpg,1,0,112,112,105,31,146,63,0,ok
train/1-00/62.jpg,1,0,112,112,106,31,146,64,0,ok
train/1-00/63.jpg,1,0,112,112,106,31,146,65,0,ok
train/1-00/64.jpg,1,0,112,112,106,23,146,64,0,ok
train/1-00/65.jpg,1,0,112,112,113,47,-1,-1,0,ok;no_hour
train/1-00/66.jpg,1,0,112,112,47,116,65,77,270,ok
train/1-00/67.jpg,1,0,112,112,201,106,158,146,90,ok
train/1-00/68.jpg,1,0,112,112,51,116,41,64,270,ok
train/1-00/71.jpg,1,0,112,112,-1,-1,-1,-1,-1,fail:no_candidates
train/1-00/72.jpg,1,0,112,112,106,22,146,64,0,ok
train/1-00/73.jpg,1,0,112,112,57,116,63,76,270,ok
train/1-00/74.jpg,1,0,112,112,105,48,146,66,0,ok
train/1-00/76.jpg,1,0,112,112,193,106,156,145,90,ok
train/1-00/77.jpg,1,0,112,112,77,158,-1,-1,180,warn:rot_err=37.3;no_hour
train/1-00/78.jpg,1,0,112,112,106,22,145,66,0,ok
train/1-00/79.jpg,1,0,112,112,116,158,78,156,180,ok
train/1-00/80.jpg,1,0,112,112,117,188,76,159,180,ok
train/1-00/82.jpg,1,0,112,112,106,21,146,63,0,ok
train/1-00/83.jpg,1,0,112,112,11,117,63,76,270,ok
train/1-00/85.jpg,1,0,112,112,116,167,76,160,180,ok
train/1-00/86.jpg,1,0,112,112,33,116,63,76,270,ok
train/1-00/88.jpg,1,0,112,112,106,43,145,67,0,ok
train/1-00/89.jpg,1,0,112,112,106,47,145,67,0,ok
train/1-00/9.jpg,1,0,112,112,46,116,63,76,270,ok
train/1-00/90.jpg,1,0,112,112,-1,-1,-1,-1,-1,fail:no_candidates
train/1-00/91.jpg,1,0,112,112,105,52,146,64,0,ok
train/1-00/93.jpg,1,0,112,112,190,106,159,146,90,ok
train/1-00/94.jpg,1,0,112,112,106,15,145,67,0,ok
train/1-00/95.jpg,1,0,112,112,27,116,65,77,270,ok
train/1-00/97.jpg,1,0,112,112,106,18,146,65,0,ok
train/1-00/98.jpg,1,0,112,112,179,106,155,145,90,ok
train/1-00/99.jpg,1,0,112,112,44,117,63,76,270,ok
train/1-05/10.jpg,1,5,112,112,155,23,147,68,0,ok
train/1-05/11.jpg,1,5,112,112,-1,-1,-1,-1,-1,fail:no_candidates
train/1-05/12.jpg,1,5,112,112,144,44,148,66,0,ok
train/1-05/13.jpg,1,5,112,112,54,67,-1,-1,270,ok;no_hour
train/1-05/14.jpg,1,5,112,112,148,68,-1,-1,0,ok;no_hour
train/1-05/16.jpg,1,5,112,112,156,23,148,66,0,ok
train/1-05/17.jpg,1,5,112,112,152,31,147,69,0,ok
train/1-05/18.jpg,1,5,112,112,151,61,130,69,0,ok
train/1-05/19.jpg,1,5,112,112,153,29,147,69,0,ok
train/1-05/2.jpg,1,5,112,112,193,152,157,148,90,ok
train/1-05/20.jpg,1,5,112,112,152,30,148,66,0,ok
train/1-05/21.jpg,1,5,112,112,148,66,-1,-1,0,ok;no_hour
train/1-05/23.jpg,1,5,112,112,165,30,147,68,0,ok
train/1-05/24.jpg,1,5,112,112,23,67,66,75,270,ok
train/1-05/25.jpg,1,5,112,112,155,25,147,68,0,ok
train/1-05/26.jpg,1,5,112,112,153,29,137,85,0,ok
train/1-05/27.jpg,1,5,112,112,28,70,65,74,270,ok
train/1-05/28.jpg,1,5,112,112,64,74,-1,-1,270,ok;no_hour
train/1-05/29.jpg,1,5,112,112,66,74,-1,-1,270,ok;no_hour
train/1-05/3.jpg,1,5,112,112,-1,-1,-1,-1,-1,fail:no_candidates
train/1-05/30.jpg,1,5,112,112,32,72,66,75,270,ok
train/1-05/32.jpg,1,5,112,112,74,189,75,156,180,ok
train/1-05/33.jpg,1,5,112,112,148,66,-1,-1,0,ok;no_hour
train/1-05/34.jpg,1,5,112,112,193,152,156,148,90,ok
train/1-05/37.jpg,1,5,112,112,148,66,-1,-1,0,ok;no_hour
train/1-05/38.jpg,1,5,112,112,31,71,67,75,270,ok
train/1-05/39.jpg,1,5,112,112,-1,-1,-1,-1,-1,fail:no_candidates
train/1-05/4.jpg,1,5,112,112,67,200,74,159,180,ok
train/1-05/41.jpg,1,5,112,112,68,207,-1,-1,180,ok;no_hour
train/1-05/42.jpg,1,5,112,112,195,153,154,147,90,ok
train/1-05/43.jpg,1,5,112,112,64,205,-1,-1,180,ok;no_hour
train/1-05/44.jpg,1,5,112,112,21,67,64,74,270,ok
train/1-05/46.jpg,1,5,112,112,65,74,-1,-1,270,ok;no_hour
train/1-05/47.jpg,1,5,112,112,148,66,-1,-1,0,ok;no_hour
train/1-05/48.jpg,1,5,112,112,150,32,159,53,0,ok
train/1-05/50.jpg,1,5,112,112,151,31,154,59,0,ok
train/1-05/51.jpg,1,5,112,112,153,30,148,66,0,ok
train/1-05/52.jpg,1,5,112,112,71,193,74,158,180,ok
train/1-05/54.jpg,1,5,112,112,69,191,-1,-1,180,ok;no_hour
train/1-05/56.jpg,1,5,112,112,67,200,75,156,180,ok
train/1-05/57.jpg,1,5,112,112,87,165,74,158,180,ok
train/1-05/58.jpg,1,5,112,112,66,75,-1,-1,270,ok;no_hour
train/1-05/59.jpg,1,5,112,112,22,61,-1,-1,270,ok;no_hour
train/1-05/6.jpg,1,5,112,112,30,70,85,86,270,ok
train/1-05/60.jpg,1,5,112,112,158,19,148,66,0,ok
train/1-05/61.jpg,1,5,112,112,71,193,74,157,180,ok
train/1-05/64.jpg,1,5,112,112,148,66,-1,-1,0,ok;no_hour
train/1-05/65.jpg,1,5,112,112,176,113,177,106,90,warn:rot_err=29.1
train/1-05/66.jpg,1,5,112,112,157,22,148,66,0,ok
train/1-05/67.jpg,1,5,112,112,148,66,-1,-1,0,ok;no_hour
train/1-05/69.jpg,1,5,112,112,67,75,-1,-1,270,ok;no_hour
train/1-05/71.jpg,1,5,112,112,31,72,66,74,270,ok
train/1-05/72.jpg,1,5,112,112,72,191,75,156,180,ok
train/1-05/73.jpg,1,5,112,112,152,30,148,66,0,ok
train/1-05/74.jpg,1,5,112,112,151,31,155,55,0,ok
train/1-05/75.jpg,1,5,112,112,148,66,-1,-1,0,ok;no_hour
train/1-05/76.jpg,1,5,112,112,153,30,147,67,0,ok
train/1-05/77.jpg,1,5,112,112,147,68,-1,-1,0,ok;no_hour
train/1-05/79.jpg,1,5,112,112,129,71,139,81,0,ok
train/1-05/8.jpg,1,5,112,112,148,66,-1,-1,0,ok;no_hour
train/1-05/80.jpg,1,5,112,112,157,20,148,67,0,ok
train/1-05/81.jpg,1,5,112,112,-1,-1,-1,-1,-1,fail:no_candidates
train/1-05/82.jpg,1,5,112,112,66,201,75,156,180,ok
train/1-05/83.jpg,1,5,112,112,153,30,147,68,0,ok
train/1-05/85.jpg,1,5,112,112,71,193,74,158,180,ok
train/1-05/86.jpg,1,5,112,112,69,196,75,157,180,ok
train/1-05/87.jpg,1,5,112,112,156,23,147,69,0,ok
train/1-05/88.jpg,1,5,112,112,147,69,-1,-1,0,ok;no_hour
train/1-05/89.jpg,1,5,112,112,69,167,-1,-1,180,ok;no_hour
train/1-05/9.jpg,1,5,112,112,183,146,157,148,90,ok
train/1-05/90.jpg,1,5,112,112,-1,-1,-1,-1,-1,fail:no_candidates
train/1-05/91.jpg,1,5,112,112,151,31,143,77,0,ok
train/1-05/92.jpg,1,5,112,112,148,66,-1,-1,0,ok;no_hour
train/1-05/93.jpg,1,5,112,112,153,30,147,69,0,ok
train/1-05/94.jpg,1,5,112,112,152,32,147,67,0,ok
train/1-05/95.jpg,1,5,112,112,159,18,147,69,0,ok
train/1-05/96.jpg,1,5,112,112,128,72,139,81,0,ok
train/1-05/97.jpg,1,5,112,112,148,67,-1,-1,0,ok;no_hour
train/1-05/98.jpg,1,5,112,112,159,19,147,68,0,ok
train/1-05/99.jpg,1,5,112,112,150,32,148,67,0,ok
train/1-10/0.jpg,1,10,112,112,189,74,139,61,0,ok
train/1-10/1.jpg,1,10,112,112,45,143,-1,-1,180,ok;no_hour
train/1-10/10.jpg,1,10,112,112,153,194,162,140,90,ok
train/1-10/11.jpg,1,10,112,112,-1,-1,-1,-1,-1,fail:no_candidates
train/1-10/12.jpg,1,10,112,112,197,70,137,64,0,ok
train/1-10/14.jpg,1,10,112,112,67,130,-1,-1,180,ok;no_hour
train/1-10/19.jpg,1,10,112,112,192,72,140,61,0,ok
train/1-10/2.jpg,1,10,112,112,157,200,162,140,90,ok
train/1-10/20.jpg,1,10,112,112,188,74,137,64,0,ok
train/1-10/21.jpg,1,10,112,112,79,42,62,85,270,ok
train/1-10/22.jpg,1,10,112,112,155,40,-1,-1,0,warn:rot_err=29.2;no_hour
train/1-10/23.jpg,1,10,112,112,189,61,146,52,0,ok
train/1-10/25.jpg,1,10,112,112,174,82,141,61,0,ok
train/1-10/26.jpg,1,10,112,112,78,43,61,83,270,ok
train/1-10/27.jpg,1,10,112,112,30,149,98,143,180,ok
train/1-10/28.jpg,1,10,112,112,179,79,139,61,0,ok
train/1-10/29.jpg,1,10,112,112,205,64,140,61,0,ok
train/1-10/3.jpg,1,10,112,112,54,137,-1,-1,180,ok;no_hour
train/1-10/30.jpg,1,10,112,112,151,191,162,140,90,ok
train/1-10/32.jpg,1,10,112,112,140,173,160,138,90,ok
train/1-10/33.jpg,1,10,112,112,71,29,61,84,270,ok
train/1-10/34.jpg,1,10,112,112,202,65,134,68,0,ok
train/1-10/35.jpg,1,10,112,112,80,163,89,177,180,warn:rot_err=27.9
train/1-10/36.jpg,1,10,112,112,193,69,140,62,0,ok
train/1-10/37.jpg,1,10,112,112,171,84,137,64,0,ok
train/1-10/38.jpg,1,10,112,112,192,71,140,61,0,ok
train/1-10/39.jpg,1,10,112,112,-1,-1,-1,-1,-1,fail:no_candidates
train/1-10/4.jpg,1,10,112,112,71,29,62,84,270,ok
train/1-10/40.jpg,1,10,112,112,166,87,140,60,0,ok
train/1-10/41.jpg,1,10,112,112,73,32,-1,-1,270,ok;no_hour
train/1-10/42.jpg,1,10,112,112,169,85,150,46,0,ok
train/1-10/46.jpg,1,10,112,112,193,71,139,61,0,ok
train/1-10/47.jpg,1,10,112,112,198,68,140,61,0,ok
train/1-10/48.jpg,1,10,112,112,85,52,67,89,270,ok
train/1-10/49.jpg,1,10,112,112,201,66,141,59,0,ok
train/1-10/50.jpg,1,10,112,112,61,134,-1,-1,180,ok;no_hour
train/1-10/51.jpg,1,10,112,112,191,72,138,63,0,ok
train/1-10/52.jpg,1,10,112,112,159,204,161,139,90,ok
train/1-10/53.jpg,1,10,112,112,84,51,66,88,270,ok
train/1-10/54.jpg,1,10,112,112,78,76,-1,-1,270,ok;no_hour
train/1-10/55.jpg,1,10,112,112,170,81,140,64,0,ok
train/1-10/56.jpg,1,10,112,112,70,26,61,83,270,ok
train/1-10/57.jpg,1,10,112,112,206,63,149,46,0,ok
train/1-10/58.jpg,1,10,112,112,160,206,161,139,90,ok
train/1-10/59.jpg,1,10,112,112,102,82,-1,-1,270,ok;no_hour
train/1-10/6.jpg,1,10,112,112,-1,-1,-1,-1,-1,fail:no_candidates
train/1-10/60.jpg,1,10,112,112,181,78,127,78,0,ok
train/1-10/62.jpg,1,10,112,112,179,79,140,61,0,ok
train/1-10/63.jpg,1,10,112,112,32,150,-1,-1,180,ok;no_hour
train/1-10/64.jpg,1,10,112,112,140,61,-1,-1,0,warn:rot_err=31.2;no_hour
train/1-10/65.jpg,1,10,112,112,174,82,134,68,0,ok
train/1-10/66.jpg,1,10,112,112,174,82,138,63,0,ok
train/1-10/67.jpg,1,10,112,112,152,193,162,139,90,ok
train/1-10/71.jpg,1,10,112,112,31,151,84,162,180,ok
train/1-10/73.jpg,1,10,112,112,192,71,146,52,0,ok
train/1-10/74.jpg,1,10,112,112,170,85,140,61,0,ok
train/1-10/75.jpg,1,10,112,112,179,79,139,62,0,ok
train/1-10/76.jpg,1,10,112,112,71,31,61,83,270,ok
train/1-10/77.jpg,1,10,112,112,113,56,-1,-1,270,warn:rot_err=31.0;no_hour
train/1-10/78.jpg,1,10,112,112,192,71,140,61,0,ok
train/1-10/79.jpg,1,10,112,112,134,162,163,139,90,ok
train/1-10/8.jpg,1,10,112,112,197,69,139,61,0,ok
train/1-10/80.jpg,1,10,112,112,182,79,138,62,0,ok
train/1-10/81.jpg,1,10,112,112,151,189,160,139,90,ok
train/1-10/82.jpg,1,10,112,112,71,28,61,83,270,ok
train/1-10/84.jpg,1,10,112,112,173,83,139,61,0,ok
train/1-10/85.jpg,1,10,112,112,193,71,148,46,0,ok
train/1-10/87.jpg,1,10,112,112,181,78,140,61,0,ok
train/1-10/88.jpg,1,10,112,112,177,81,-1,-1,0,ok;no_hour
train/1-10/89.jpg,1,10,112,112,173,83,141,61,0,ok
train/1-10/9.jpg,1,10,112,112,48,141,-1,-1,180,ok;no_hour
train/1-10/90.jpg,1,10,112,112,-1,-1,-1,-1,-1,fail:no_candidates
train/1-10/91.jpg,1,10,112,112,136,166,162,139,90,ok
train/1-10/92.jpg,1,10,112,112,136,65,-1,-1,0,warn:rot_err=32.9;no_hour
train/1-10/93.jpg,1,10,112,112,153,194,162,140,90,ok
train/1-10/94.jpg,1,10,112,112,154,193,162,142,90,ok
train/1-10/95.jpg,1,10,112,112,32,150,83,162,180,ok
train/1-10/96.jpg,1,10,112,112,82,47,61,84,270,ok
train/1-10/97.jpg,1,10,112,112,179,79,139,61,0,ok
train/1-10/99.jpg,1,10,112,112,176,81,138,62,0,ok
train/1-15/1.jpg,1,15,112,112,104,171,162,143,90,ok
train/1-15/12.jpg,1,15,112,112,117,43,64,83,270,ok
train/1-15/13.jpg,1,15,112,112,143,117,142,62,0,ok
train/1-15/15.jpg,1,15,112,112,19,105,81,161,180,ok
train/1-15/16.jpg,1,15,112,112,117,30,65,84,270,ok
train/1-15/17.jpg,1,15,112,112,27,105,81,161,180,ok
train/1-15/18.jpg,1,15,112,112,54,105,75,171,180,ok
train/1-15/19.jpg,1,15,112,112,217,117,142,62,0,ok
train/1-15/2.jpg,1,15,112,112,105,196,162,144,90,ok
train/1-15/20.jpg,1,15,112,112,198,117,140,64,0,ok
train/1-15/22.jpg,1,15,112,112,141,62,-1,-1,270,warn:rot_err=30.1;no_hour
train/1-15/23.jpg,1,15,112,112,174,117,146,57,0,ok
train/1-15/24.jpg,1,15,112,112,117,30,64,83,270,ok
train/1-15/25.jpg,1,15,112,112,205,116,142,63,0,ok
train/1-15/27.jpg,1,15,112,112,157,118,134,71,0,ok
train/1-15/28.jpg,1,15,112,112,29,105,82,161,180,ok
train/1-15/29.jpg,1,15,112,112,104,207,161,141,90,ok
train/1-15/3.jpg,1,15,112,112,180,118,-1,-1,0,ok;no_hour
train/1-15/30.jpg,1,15,112,112,203,117,142,62,0,ok
train/1-15/31.jpg,1,15,112,112,105,183,161,142,90,ok
train/1-15/32.jpg,1,15,112,112,27,105,81,161,180,ok
train/1-15/33.jpg,1,15,112,112,118,31,61,80,270,ok
train/1-15/34.jpg,1,15,112,112,105,214,161,142,90,ok
train/1-15/35.jpg,1,15,112,112,98,46,67,84,270,ok
train/1-15/36.jpg,1,15,112,112,202,117,142,63,0,ok
train/1-15/37.jpg,1,15,112,112,186,117,141,63,0,ok
train/1-15/39.jpg,1,15,112,112,-1,-1,-1,-1,-1,fail:no_candidates
train/1-15/4.jpg,1,15,112,112,11,105,85,157,180,ok
train/1-15/40.jpg,1,15,112,112,162,117,141,62,0,ok
train/1-15/41.jpg,1,15,112,112,-1,-1,-1,-1,-1,fail:no_candidates
train/1-15/43.jpg,1,15,112,112,140,117,141,63,0,ok
train/1-15/44.jpg,1,15,112,112,216,118,141,62,0,ok
train/1-15/45.jpg,1,15,112,112,199,117,142,62,0,ok
train/1-15/46.jpg,1,15,112,112,186,117,140,64,0,ok
train/1-15/47.jpg,1,15,112,112,10,104,80,162,180,ok
train/1-15/48.jpg,1,15,112,112,30,104,74,173,180,ok
train/1-15/49.jpg,1,15,112,112,41,105,80,162,180,ok
train/1-15/5.jpg,1,15,112,112,118,36,61,80,270,ok
train/1-15/50.jpg,1,15,112,112,174,118,154,44,0,ok
train/1-15/51.jpg,1,15,112,112,117,20,61,79,270,ok
train/1-15/52.jpg,1,15,112,112,41,105,82,160,180,ok
train/1-15/53.jpg,1,15,112,112,45,104,81,161,180,ok
train/1-15/54.jpg,1,15,112,112,135,70,78,76,270,warn:rot_err=28.7
train/1-15/57.jpg,1,15,112,112,58,105,-1,-1,180,ok;no_hour
train/1-15/58.jpg,1,15,112,112,-1,-1,-1,-1,-1,fail:no_candidates
train/1-15/59.jpg,1,15,112,112,105,143,140,125,90,ok
train/1-15/6.jpg,1,15,112,112,-1,-1,-1,-1,-1,fail:no_candidates
train/1-15/60.jpg,1,15,112,112,215,117,142,62,0,ok
train/1-15/62.jpg,1,15,112,112,192,117,142,62,0,ok
train/1-15/63.jpg,1,15,112,112,201,118,141,62,0,ok
train/1-15/64.jpg,1,15,112,112,217,117,142,62,0,ok
train/1-15/65.jpg,1,15,112,112,109,178,-1,-1,90,ok;no_hour
train/1-15/66.jpg,1,15,112,112,117,35,67,86,270,ok
train/1-15/67.jpg,1,15,112,112,142,62,-1,-1,270,warn:rot_err=31.0;no_hour
train/1-15/68.jpg,1,15,112,112,210,117,146,58,0,ok
train/1-15/69.jpg,1,15,112,112,185,117,142,62,0,ok
train/1-15/7.jpg,1,15,112,112,105,201,161,141,90,ok
train/1-15/70.jpg,1,15,112,112,198,117,-1,-1,0,ok;no_hour
train/1-15/71.jpg,1,15,112,112,145,117,141,62,0,ok
train/1-15/74.jpg,1,15,112,112,104,178,186,158,90,ok
train/1-15/75.jpg,1,15,112,112,212,117,141,63,0,ok
train/1-15/76.jpg,1,15,112,112,22,105,82,160,180,ok
train/1-15/77.jpg,1,15,112,112,148,116,-1,-1,0,ok;no_hour
train/1-15/78.jpg,1,15,112,112,202,117,141,63,0,ok
train/1-15/80.jpg,1,15,112,112,118,37,62,82,270,ok
train/1-15/81.jpg,1,15,112,112,142,62,-1,-1,270,warn:rot_err=31.0;no_hour
train/1-15/82.jpg,1,15,112,112,25,105,83,159,180,ok
train/1-15/83.jpg,1,15,112,112,185,118,143,61,0,ok
train/1-15/86.jpg,1,15,112,112,194,117,142,62,0,ok
train/1-15/87.jpg,1,15,112,112,105,195,161,142,90,ok
train/1-15/88.jpg,1,15,112,112,33,105,81,161,180,ok
train/1-15/89.jpg,1,15,112,112,185,117,153,47,0,ok
train/1-15/9.jpg,1,15,112,112,37,105,82,161,180,ok
train/1-15/91.jpg,1,15,112,112,176,118,142,62,0,ok
train/1-15/92.jpg,1,15,112,112,209,117,142,62,0,ok
train/1-15/95.jpg,1,15,112,112,217,117,140,64,0,ok
train/1-15/96.jpg,1,15,112,112,104,190,161,142,90,ok
train/1-15/97.jpg,1,15,112,112,105,213,162,143,90,ok
train/1-15/98.jpg,1,15,112,112,187,117,140,64,0,ok
train/1-15/99.jpg,1,15,112,112,181,118,136,68,0,ok
train/1-20/0.jpg,1,20,112,112,163,33,71,70,270,ok
train/1-20/1.jpg,1,20,112,112,155,48,63,79,270,ok
train/1-20/12.jpg,1,20,112,112,64,206,159,143,90,ok
train/1-20/13.jpg,1,20,112,112,184,160,152,74,0,ok
train/1-20/14.jpg,1,20,112,112,158,145,153,71,0,ok
train/1-20/15.jpg,1,20,112,112,157,141,-1,-1,0,ok;no_hour
train/1-20/17.jpg,1,20,112,112,159,143,-1,-1,0,ok;no_hour
train/1-20/18.jpg,1,20,112,112,158,142,-1,-1,0,ok;no_hour
train/1-20/19.jpg,1,20,112,112,190,163,152,72,0,ok
train/1-20/2.jpg,1,20,112,112,27,56,78,160,180,ok
train/1-20/20.jpg,1,20,112,112,161,38,64,80,270,ok
train/1-20/21.jpg,1,20,112,112,81,159,-1,-1,90,ok;no_hour
train/1-20/22.jpg,1,20,112,112,85,158,184,157,90,ok
train/1-20/23.jpg,1,20,112,112,144,64,-1,-1,270,ok;no_hour
train/1-20/24.jpg,1,20,112,112,145,63,-1,-1,270,ok;no_hour
train/1-20/25.jpg,1,20,112,112,180,156,152,70,0,ok
train/1-20/26.jpg,1,20,112,112,64,80,-1,-1,180,ok;no_hour
train/1-20/27.jpg,1,20,112,112,136,71,-1,-1,270,ok;no_hour
train/1-20/28.jpg,1,20,112,112,142,64,-1,-1,270,ok;no_hour
train/1-20/29.jpg,1,20,112,112,163,34,63,79,270,ok
train/1-20/3.jpg,1,20,112,112,61,186,-1,-1,90,ok;no_hour
train/1-20/30.jpg,1,20,112,112,30,70,79,159,180,ok
train/1-20/31.jpg,1,20,112,112,44,66,80,159,180,ok
train/1-20/33.jpg,1,20,112,112,188,161,153,72,0,ok
train/1-20/34.jpg,1,20,112,112,203,158,152,73,0,ok
train/1-20/36.jpg,1,20,112,112,-1,-1,-1,-1,-1,fail:no_candidates
train/1-20/37.jpg,1,20,112,112,174,154,152,73,0,ok
train/1-20/38.jpg,1,20,112,112,161,35,71,70,270,ok
train/1-20/39.jpg,1,20,112,112,-1,-1,-1,-1,-1,fail:no_candidates
train/1-20/4.jpg,1,20,112,112,189,161,152,73,0,ok
train/1-20/40.jpg,1,20,112,112,148,57,-1,-1,270,ok;no_hour
train/1-20/41.jpg,1,20,112,112,149,59,-1,-1,270,ok;no_hour
train/1-20/42.jpg,1,20,112,112,33,73,79,159,180,ok
train/1-20/43.jpg,1,20,112,112,186,160,143,64,0,ok
train/1-20/45.jpg,1,20,112,112,39,63,80,159,180,ok
train/1-20/46.jpg,1,20,112,112,142,64,-1,-1,270,ok;no_hour
train/1-20/47.jpg,1,20,112,112,56,199,160,144,90,ok
train/1-20/48.jpg,1,20,112,112,151,52,-1,-1,270,ok;no_hour
train/1-20/49.jpg,1,20,112,112,142,64,-1,-1,270,ok;no_hour
train/1-20/5.jpg,1,20,112,112,142,64,-1,-1,270,ok;no_hour
train/1-20/50.jpg,1,20,112,112,148,60,50,68,270,ok
train/1-20/51.jpg,1,20,112,112,61,189,152,153,90,ok
train/1-20/52.jpg,1,20,112,112,81,159,-1,-1,90,ok;no_hour
train/1-20/53.jpg,1,20,112,112,144,63,-1,-1,270,ok;no_hour
train/1-20/54.jpg,1,20,112,112,78,76,-1,-1,180,ok;no_hour
train/1-20/57.jpg,1,20,112,112,147,63,74,71,270,ok
train/1-20/58.jpg,1,20,112,112,188,161,152,72,0,ok
train/1-20/6.jpg,1,20,112,112,35,62,81,158,180,ok
train/1-20/60.jpg,1,20,112,112,57,197,159,143,90,ok
train/1-20/61.jpg,1,20,112,112,54,201,151,153,90,ok
train/1-20/62.jpg,1,20,112,112,44,66,78,160,180,ok
train/1-20/63.jpg,1,20,112,112,187,161,153,71,0,ok
train/1-20/65.jpg,1,20,112,112,108,150,-1,-1,90,ok;no_hour
train/1-20/66.jpg,1,20,112,112,158,142,-1,-1,0,ok;no_hour
train/1-20/68.jpg,1,20,112,112,29,59,-1,-1,180,ok;no_hour
train/1-20/69.jpg,1,20,112,112,155,47,63,78,270,ok
train/1-20/7.jpg,1,20,112,112,37,62,81,159,180,ok
train/1-20/70.jpg,1,20,112,112,75,186,-1,-1,90,ok;no_hour
train/1-20/71.jpg,1,20,112,112,-1,-1,-1,-1,-1,fail:no_candidates
train/1-20/74.jpg,1,20,112,112,65,82,-1,-1,180,ok;no_hour
train/1-20/75.jpg,1,20,112,112,193,164,152,73,0,ok
train/1-20/76.jpg,1,20,112,112,72,191,150,152,90,ok
train/1-20/77.jpg,1,20,112,112,64,80,-1,-1,180,ok;no_hour
train/1-20/78.jpg,1,20,112,112,62,188,151,152,90,ok
train/1-20/8.jpg,1,20,112,112,142,64,-1,-1,270,ok;no_hour
train/1-20/82.jpg,1,20,112,112,31,60,79,159,180,ok
train/1-20/83.jpg,1,20,112,112,143,64,-1,-1,270,ok;no_hour
train/1-20/84.jpg,1,20,112,112,142,64,-1,-1,270,ok;no_hour
train/1-20/85.jpg,1,20,112,112,148,57,-1,-1,270,ok;no_hour
train/1-20/86.jpg,1,20,112,112,191,163,152,73,0,ok
train/1-20/87.jpg,1,20,112,112,69,195,152,153,90,ok
train/1-20/88.jpg,1,20,112,112,143,64,-1,-1,270,ok;no_hour
train/1-20/89.jpg,1,20,112,112,187,161,153,70,0,ok
train/1-20/9.jpg,1,20,112,112,81,159,-1,-1,90,ok;no_hour
train/1-20/91.jpg,1,20,112,112,142,64,-1,-1,270,ok;no_hour
train/1-20/92.jpg,1,20,112,112,55,201,152,153,90,ok
train/1-20/93.jpg,1,20,112,112,190,162,152,73,0,ok
train/1-20/94.jpg,1,20,112,112,185,159,151,72,0,ok
train/1-20/96.jpg,1,20,112,112,159,142,-1,-1,0,ok;no_hour
train/1-20/99.jpg,1,20,112,112,142,64,-1,-1,270,ok;no_hour
train/1-25/0.jpg,1,25,112,112,193,71,70,67,270,ok
train/1-25/1.jpg,1,25,112,112,143,178,155,72,0,ok
train/1-25/10.jpg,1,25,112,112,73,33,76,159,180,ok
train/1-25/11.jpg,1,25,112,112,-1,-1,-1,-1,-1,fail:no_candidates
train/1-25/12.jpg,1,25,112,112,191,72,64,76,270,ok
train/1-25/13.jpg,1,25,112,112,71,30,68,151,180,ok
train/1-25/14.jpg,1,25,112,112,136,166,155,74,0,ok
train/1-25/15.jpg,1,25,112,112,152,194,155,72,0,ok
train/1-25/17.jpg,1,25,112,112,150,190,154,74,0,ok
train/1-25/18.jpg,1,25,112,112,153,194,159,69,0,ok
train/1-25/19.jpg,1,25,112,112,161,188,154,73,0,ok
train/1-25/2.jpg,1,25,112,112,167,198,153,76,0,ok
train/1-25/20.jpg,1,25,112,112,74,143,-1,-1,90,ok;no_hour
train/1-25/21.jpg,1,25,112,112,154,197,155,73,0,ok
train/1-25/22.jpg,1,25,112,112,31,155,156,142,90,ok
train/1-25/23.jpg,1,25,112,112,28,166,151,155,90,ok
train/1-25/24.jpg,1,25,112,112,185,76,72,68,270,ok
train/1-25/25.jpg,1,25,112,112,-1,-1,-1,-1,-1,fail:no_candidates
train/1-25/28.jpg,1,25,112,112,50,153,150,155,90,ok
train/1-25/3.jpg,1,25,112,112,141,176,156,71,0,ok
train/1-25/30.jpg,1,25,112,112,161,188,154,73,0,ok
train/1-25/32.jpg,1,25,112,112,179,79,70,67,270,ok
train/1-25/33.jpg,1,25,112,112,153,195,155,73,0,ok
train/1-25/35.jpg,1,25,112,112,153,190,-1,-1,0,ok;no_hour
train/1-25/36.jpg,1,25,112,112,-1,-1,-1,-1,-1,fail:no_candidates
train/1-25/39.jpg,1,25,112,112,-1,-1,-1,-1,-1,fail:no_candidates
train/1-25/4.jpg,1,25,112,112,73,33,76,159,180,ok
train/1-25/40.jpg,1,25,112,112,170,201,155,72,0,ok
train/1-25/41.jpg,1,25,112,112,152,193,-1,-1,0,ok;no_hour
train/1-25/42.jpg,1,25,112,112,206,63,71,68,270,ok
train/1-25/43.jpg,1,25,112,112,-1,-1,-1,-1,-1,fail:no_candidates
train/1-25/44.jpg,1,25,112,112,32,164,159,147,90,ok
train/1-25/46.jpg,1,25,112,112,71,30,68,151,180,ok
train/1-25/47.jpg,1,25,112,112,56,26,67,152,180,ok
train/1-25/48.jpg,1,25,112,112,85,51,57,163,180,ok
train/1-25/49.jpg,1,25,112,112,71,30,77,159,180,ok
train/1-25/5.jpg,1,25,112,112,160,206,155,73,0,ok
train/1-25/50.jpg,1,25,112,112,166,87,75,69,270,ok
train/1-25/52.jpg,1,25,112,112,170,201,155,72,0,ok
train/1-25/53.jpg,1,25,112,112,153,172,155,73,0,ok
train/1-25/54.jpg,1,25,112,112,93,68,-1,-1,180,ok;no_hour
train/1-25/55.jpg,1,25,112,112,-1,-1,-1,-1,-1,fail:no_candidates
train/1-25/56.jpg,1,25,112,112,166,196,154,74,0,ok
train/1-25/58.jpg,1,25,112,112,64,20,79,157,180,ok
train/1-25/59.jpg,1,25,112,112,122,142,-1,-1,0,ok;no_hour
train/1-25/6.jpg,1,25,112,112,-1,-1,-1,-1,-1,fail:no_candidates
train/1-25/60.jpg,1,25,112,112,68,26,76,159,180,ok
train/1-25/61.jpg,1,25,112,112,161,188,155,73,0,ok
train/1-25/62.jpg,1,25,112,112,70,26,69,149,180,ok
train/1-25/63.jpg,1,25,112,112,161,188,155,73,0,ok
train/1-25/64.jpg,1,25,112,112,162,190,155,72,0,ok
train/1-25/66.jpg,1,25,112,112,147,184,154,74,0,ok
train/1-25/68.jpg,1,25,112,112,155,198,-1,-1,0,ok;no_hour
train/1-25/7.jpg,1,25,112,112,193,71,75,69,270,ok
train/1-25/70.jpg,1,25,112,112,79,44,69,149,180,ok
train/1-25/71.jpg,1,25,112,112,69,26,67,152,180,ok
train/1-25/72.jpg,1,25,112,112,168,201,155,72,0,ok
train/1-25/73.jpg,1,25,112,112,161,188,154,74,0,ok
train/1-25/74.jpg,1,25,112,112,187,61,74,68,270,ok
train/1-25/75.jpg,1,25,112,112,152,194,154,74,0,ok
train/1-25/76.jpg,1,25,112,112,160,185,154,74,0,ok
train/1-25/77.jpg,1,25,112,112,69,32,-1,-1,180,ok;no_hour
train/1-25/78.jpg,1,25,112,112,30,153,150,154,90,ok
train/1-25/79.jpg,1,25,112,112,136,165,161,66,0,ok
train/1-25/8.jpg,1,25,112,112,152,193,155,73,0,ok
train/1-25/80.jpg,1,25,112,112,79,43,67,152,180,ok
train/1-25/81.jpg,1,25,112,112,-1,-1,-1,-1,-1,fail:no_candidates
train/1-25/82.jpg,1,25,112,112,155,198,154,74,0,ok
train/1-25/83.jpg,1,25,112,112,71,29,76,159,180,ok
train/1-25/84.jpg,1,25,112,112,194,70,71,67,270,ok
train/1-25/86.jpg,1,25,112,112,155,198,155,72,0,ok
train/1-25/88.jpg,1,25,112,112,147,185,154,74,0,ok
train/1-25/89.jpg,1,25,112,112,161,187,154,73,0,ok
train/1-25/9.jpg,1,25,112,112,65,17,78,158,180,ok
train/1-25/93.jpg,1,25,112,112,39,160,151,155,90,ok
train/1-25/94.jpg,1,25,112,112,-1,-1,-1,-1,-1,fail:no_candidates
train/1-25/95.jpg,1,25,112,112,151,191,155,71,0,ok
train/1-25/96.jpg,1,25,112,112,152,193,155,73,0,ok
train/1-25/97.jpg,1,25,112,112,71,30,67,152,180,ok
train/1-25/98.jpg,1,25,112,112,67,22,68,151,180,ok
train/1-30/0.jpg,1,30,112,112,136,117,65,73,270,ok
train/1-30/1.jpg,1,30,112,112,104,186,157,75,0,ok
train/1-30/11.jpg,1,30,112,112,-1,-1,-1,-1,-1,fail:no_candidates
train/1-30/13.jpg,1,30,112,112,116,87,74,157,180,ok
train/1-30/14.jpg,1,30,112,112,117,67,52,162,180,ok
train/1-30/16.jpg,1,30,112,112,116,190,157,74,0,ok
train/1-30/17.jpg,1,30,112,112,106,156,157,74,0,ok
train/1-30/18.jpg,1,30,112,112,116,86,71,161,180,ok
train/1-30/19.jpg,1,30,112,112,116,78,73,157,180,ok
train/1-30/20.jpg,1,30,112,112,116,202,157,74,0,ok
train/1-30/21.jpg,1,30,112,112,117,194,157,75,0,ok
train/1-30/22.jpg,1,30,112,112,73,110,189,147,90,ok
train/1-30/23.jpg,1,30,112,112,103,210,157,74,0,ok
train/1-30/24.jpg,1,30,112,112,105,196,157,74,0,ok
train/1-30/25.jpg,1,30,112,112,-1,-1,-1,-1,-1,fail:no_candidates
train/1-30/26.jpg,1,30,112,112,198,106,74,66,270,ok
train/1-30/27.jpg,1,30,112,112,104,68,75,157,180,ok
train/1-30/3.jpg,1,30,112,112,180,104,73,64,270,ok
train/1-30/31.jpg,1,30,112,112,116,87,74,157,180,ok
train/1-30/32.jpg,1,30,112,112,117,180,157,74,0,ok
train/1-30/33.jpg,1,30,112,112,117,190,157,75,0,ok
train/1-30/34.jpg,1,30,112,112,116,197,157,74,0,ok
train/1-30/35.jpg,1,30,112,112,187,137,-1,-1,270,ok;no_hour
train/1-30/36.jpg,1,30,112,112,116,202,156,75,0,ok
train/1-30/37.jpg,1,30,112,112,67,106,157,149,90,ok
train/1-30/38.jpg,1,30,112,112,116,202,157,73,0,ok
train/1-30/4.jpg,1,30,112,112,117,14,73,157,180,ok
train/1-30/40.jpg,1,30,112,112,44,116,156,147,90,ok
train/1-30/41.jpg,1,30,112,112,104,190,-1,-1,0,ok;no_hour
train/1-30/42.jpg,1,30,112,112,107,6,73,157,180,ok
train/1-30/44.jpg,1,30,112,112,104,216,150,65,0,ok
train/1-30/45.jpg,1,30,112,112,23,116,156,148,90,ok
train/1-30/46.jpg,1,30,112,112,190,117,67,76,270,ok
train/1-30/47.jpg,1,30,112,112,104,211,157,75,0,ok
train/1-30/48.jpg,1,30,112,112,118,151,167,64,0,ok
train/1-30/50.jpg,1,30,112,112,137,117,65,73,270,ok
train/1-30/51.jpg,1,30,112,112,22,105,157,149,90,ok
train/1-30/53.jpg,1,30,112,112,157,117,66,75,270,ok
train/1-30/55.jpg,1,30,112,112,114,202,154,75,0,ok
train/1-30/56.jpg,1,30,112,112,216,107,74,66,270,ok
train/1-30/57.jpg,1,30,112,112,117,52,61,153,180,ok
train/1-30/58.jpg,1,30,112,112,106,157,156,76,0,ok
train/1-30/59.jpg,1,30,112,112,106,144,-1,-1,0,ok;no_hour
train/1-30/6.jpg,1,30,112,112,-1,-1,-1,-1,-1,fail:no_candidates
train/1-30/60.jpg,1,30,112,112,106,36,74,157,180,ok
train/1-30/61.jpg,1,30,112,112,105,159,157,75,0,ok
train/1-30/62.jpg,1,30,112,112,105,193,157,74,0,ok
train/1-30/63.jpg,1,30,112,112,118,18,74,157,180,ok
train/1-30/65.jpg,1,30,112,112,135,141,-1,-1,0,warn:rot_err=38.4;no_hour
train/1-30/66.jpg,1,30,112,112,67,106,156,147,90,ok
train/1-30/67.jpg,1,30,112,112,115,217,151,65,0,ok
train/1-30/68.jpg,1,30,112,112,187,117,66,74,270,ok
train/1-30/69.jpg,1,30,112,112,43,117,157,149,90,ok
train/1-30/7.jpg,1,30,112,112,65,117,147,156,90,ok
train/1-30/70.jpg,1,30,112,112,157,73,-1,-1,270,warn:rot_err=40.9;no_hour
train/1-30/71.jpg,1,30,112,112,104,79,74,157,180,ok
train/1-30/72.jpg,1,30,112,112,154,116,66,74,270,ok
train/1-30/73.jpg,1,30,112,112,105,172,156,76,0,ok
train/1-30/74.jpg,1,30,112,112,117,200,157,75,0,ok
train/1-30/75.jpg,1,30,112,112,105,201,156,76,0,ok
train/1-30/77.jpg,1,30,112,112,53,111,-1,-1,90,ok;no_hour
train/1-30/78.jpg,1,30,112,112,117,21,74,156,180,ok
train/1-30/79.jpg,1,30,112,112,117,159,155,59,0,ok
train/1-30/8.jpg,1,30,112,112,116,217,156,76,0,ok
train/1-30/81.jpg,1,30,112,112,-1,-1,-1,-1,-1,fail:no_candidates
train/1-30/82.jpg,1,30,112,112,116,211,157,74,0,ok
train/1-30/83.jpg,1,30,112,112,200,105,67,76,270,ok
train/1-30/84.jpg,1,30,112,112,117,81,75,157,180,ok
train/1-30/87.jpg,1,30,112,112,194,117,74,66,270,ok
train/1-30/89.jpg,1,30,112,112,147,156,-1,-1,0,warn:rot_err=38.5;no_hour
train/1-30/9.jpg,1,30,112,112,105,187,156,76,0,ok
train/1-30/90.jpg,1,30,112,112,115,202,150,67,0,ok
train/1-30/91.jpg,1,30,112,112,105,52,77,156,180,ok
train/1-30/92.jpg,1,30,112,112,67,106,157,149,90,ok
train/1-30/93.jpg,1,30,112,112,117,158,157,73,0,ok
train/1-30/95.jpg,1,30,112,112,116,69,74,157,180,ok
train/1-30/96.jpg,1,30,112,112,117,188,157,75,0,ok
train/1-30/97.jpg,1,30,112,112,105,199,157,75,0,ok
train/1-30/98.jpg,1,30,112,112,42,105,156,148,90,ok
train/1-30/99.jpg,1,30,112,112,118,156,150,65,0,ok
train/1-35/0.jpg,1,35,112,112,70,194,150,68,0,ok
train/1-35/1.jpg,1,35,112,112,174,155,77,64,270,ok
train/1-35/10.jpg,1,35,112,112,67,199,158,78,0,ok
train/1-35/11.jpg,1,35,112,112,-1,-1,-1,-1,-1,fail:no_candidates
train/1-35/12.jpg,1,35,112,112,190,163,69,74,270,ok
train/1-35/14.jpg,1,35,112,112,71,195,159,77,0,ok
train/1-35/15.jpg,1,35,112,112,69,195,159,76,0,ok
train/1-35/16.jpg,1,35,112,112,66,200,158,78,0,ok
train/1-35/18.jpg,1,35,112,112,77,183,163,73,0,ok
train/1-35/2.jpg,1,35,112,112,76,184,158,78,0,ok
train/1-35/20.jpg,1,35,112,112,59,193,158,78,0,ok
train/1-35/21.jpg,1,35,112,112,54,201,159,77,0,ok
train/1-35/22.jpg,1,35,112,112,70,191,-1,-1,0,ok;no_hour
train/1-35/25.jpg,1,35,112,112,-1,-1,-1,-1,-1,fail:no_candidates
train/1-35/26.jpg,1,35,112,112,72,191,149,69,0,ok
train/1-35/27.jpg,1,35,112,112,71,81,155,149,90,ok
train/1-35/29.jpg,1,35,112,112,18,64,155,150,90,ok
train/1-35/3.jpg,1,35,112,112,190,148,94,82,270,ok
train/1-35/30.jpg,1,35,112,112,30,70,154,150,90,ok
train/1-35/31.jpg,1,35,112,112,190,150,69,74,270,ok
train/1-35/32.jpg,1,35,112,112,164,148,76,64,270,ok
train/1-35/34.jpg,1,35,112,112,75,186,157,79,0,ok
train/1-35/35.jpg,1,35,112,112,31,60,-1,-1,90,ok;no_hour
train/1-35/36.jpg,1,35,112,112,188,160,69,72,270,ok
train/1-35/37.jpg,1,35,112,112,160,39,74,154,180,ok
train/1-35/38.jpg,1,35,112,112,72,191,158,78,0,ok
train/1-35/39.jpg,1,35,112,112,-1,-1,-1,-1,-1,fail:no_candidates
train/1-35/4.jpg,1,35,112,112,61,189,159,76,0,ok
train/1-35/41.jpg,1,35,112,112,37,62,-1,-1,90,ok;no_hour
train/1-35/42.jpg,1,35,112,112,37,62,154,149,90,ok
train/1-35/43.jpg,1,35,112,112,71,192,-1,-1,0,ok;no_hour
train/1-35/45.jpg,1,35,112,112,71,192,158,78,0,ok
train/1-35/48.jpg,1,35,112,112,86,169,162,55,0,ok
train/1-35/49.jpg,1,35,112,112,153,52,72,156,180,ok
train/1-35/5.jpg,1,35,112,112,155,47,75,154,180,ok
train/1-35/50.jpg,1,35,112,112,35,61,155,150,90,ok
train/1-35/51.jpg,1,35,112,112,71,192,158,78,0,ok
train/1-35/52.jpg,1,35,112,112,42,79,145,158,90,ok
train/1-35/53.jpg,1,35,112,112,54,200,158,79,0,ok
train/1-35/54.jpg,1,35,112,112,68,91,-1,-1,90,ok;no_hour
train/1-35/55.jpg,1,35,112,112,-1,-1,-1,-1,-1,fail:no_candidates
train/1-35/56.jpg,1,35,112,112,189,162,69,74,270,ok
train/1-35/57.jpg,1,35,112,112,76,163,140,96,0,ok
train/1-35/58.jpg,1,35,112,112,-1,-1,-1,-1,-1,fail:no_candidates
train/1-35/59.jpg,1,35,112,112,137,132,97,85,270,ok
train/1-35/60.jpg,1,35,112,112,66,200,159,76,0,ok
train/1-35/61.jpg,1,35,112,112,189,162,79,65,270,ok
train/1-35/62.jpg,1,35,112,112,187,161,80,66,270,ok
train/1-35/63.jpg,1,35,112,112,190,162,77,64,270,ok
train/1-35/64.jpg,1,35,112,112,55,200,158,78,0,ok
train/1-35/65.jpg,1,35,112,112,109,178,-1,-1,0,warn:rot_err=27.4;no_hour
train/1-35/67.jpg,1,35,112,112,161,36,78,152,180,ok
train/1-35/68.jpg,1,35,112,112,164,32,74,154,180,ok
train/1-35/7.jpg,1,35,112,112,39,63,145,158,90,ok
train/1-35/71.jpg,1,35,112,112,71,193,159,77,0,ok
train/1-35/72.jpg,1,35,112,112,159,18,74,154,180,ok
train/1-35/73.jpg,1,35,112,112,71,193,148,69,0,ok
train/1-35/74.jpg,1,35,112,112,72,169,159,77,0,ok
train/1-35/75.jpg,1,35,112,112,37,62,154,149,90,ok
train/1-35/76.jpg,1,35,112,112,70,193,158,77,0,ok
train/1-35/78.jpg,1,35,112,112,160,37,74,154,180,ok
train/1-35/79.jpg,1,35,112,112,20,66,161,157,90,ok
train/1-35/8.jpg,1,35,112,112,66,180,150,68,0,ok
train/1-35/80.jpg,1,35,112,112,81,176,150,68,0,ok
train/1-35/81.jpg,1,35,112,112,160,39,77,152,180,ok
train/1-35/82.jpg,1,35,112,112,67,200,159,76,0,ok
train/1-35/84.jpg,1,35,112,112,70,193,159,77,0,ok
train/1-35/85.jpg,1,35,112,112,30,71,154,149,90,ok
train/1-35/86.jpg,1,35,112,112,161,38,72,155,180,ok
train/1-35/87.jpg,1,35,112,112,67,199,158,78,0,ok
train/1-35/90.jpg,1,35,112,112,63,187,157,77,0,ok
train/1-35/91.jpg,1,35,112,112,61,189,159,77,0,ok
train/1-35/92.jpg,1,35,112,112,25,69,153,147,90,ok
train/1-35/93.jpg,1,35,112,112,60,191,158,78,0,ok
train/1-35/94.jpg,1,35,112,112,160,37,76,152,180,ok
train/1-35/95.jpg,1,35,112,112,29,57,155,151,90,ok
train/1-35/96.jpg,1,35,112,112,151,31,78,152,180,ok
train/1-35/97.jpg,1,35,112,112,153,30,75,154,180,ok
train/1-35/98.jpg,1,35,112,112,74,188,151,68,0,ok
train/1-35/99.jpg,1,35,112,112,84,171,159,77,0,ok
train/1-40/0.jpg,1,40,112,112,26,166,159,81,0,ok
train/1-40/1.jpg,1,40,112,112,148,91,58,150,180,ok
train/1-40/10.jpg,1,40,112,112,157,82,66,144,180,ok
train/1-40/11.jpg,1,40,112,112,25,168,-1,-1,0,ok;no_hour
train/1-40/12.jpg,1,40,112,112,27,154,152,70,0,ok
train/1-40/13.jpg,1,40,112,112,64,142,167,73,0,ok
train/1-40/14.jpg,1,40,112,112,162,90,93,137,180,ok
train/1-40/15.jpg,1,40,112,112,162,187,69,69,270,ok
train/1-40/16.jpg,1,40,112,112,43,157,159,80,0,ok
train/1-40/17.jpg,1,40,112,112,157,180,78,63,270,ok
train/1-40/18.jpg,1,40,112,112,76,58,154,171,90,ok
train/1-40/2.jpg,1,40,112,112,191,60,71,153,180,ok
train/1-40/20.jpg,1,40,112,112,38,160,158,81,0,ok
train/1-40/21.jpg,1,40,112,112,47,155,160,79,0,ok
train/1-40/22.jpg,1,40,112,112,159,79,74,177,180,ok
train/1-40/23.jpg,1,40,112,112,29,167,152,70,0,ok
train/1-40/24.jpg,1,40,112,112,44,157,152,70,0,ok
train/1-40/26.jpg,1,40,112,112,64,143,179,67,0,ok
train/1-40/28.jpg,1,40,112,112,142,159,67,47,270,ok
train/1-40/29.jpg,1,40,112,112,-1,-1,-1,-1,-1,fail:no_candidates
train/1-40/3.jpg,1,40,112,112,155,85,-1,-1,180,ok;no_hour
train/1-40/30.jpg,1,40,112,112,36,161,157,82,0,ok
train/1-40/31.jpg,1,40,112,112,50,153,159,80,0,ok
train/1-40/32.jpg,1,40,112,112,160,78,80,137,180,ok
train/1-40/33.jpg,1,40,112,112,30,165,160,79,0,ok
train/1-40/34.jpg,1,40,112,112,32,164,159,80,0,ok
train/1-40/35.jpg,1,40,112,112,52,150,-1,-1,0,ok;no_hour
train/1-40/37.jpg,1,40,112,112,195,70,73,152,180,ok
train/1-40/39.jpg,1,40,112,112,-1,-1,-1,-1,-1,fail:no_candidates
train/1-40/4.jpg,1,40,112,112,199,56,71,153,180,ok
train/1-40/41.jpg,1,40,112,112,161,80,26,155,180,ok
train/1-40/42.jpg,1,40,112,112,139,155,72,54,270,ok
train/1-40/43.jpg,1,40,112,112,160,75,-1,-1,180,ok;no_hour
train/1-40/46.jpg,1,40,112,112,64,142,184,63,0,ok
train/1-40/48.jpg,1,40,112,112,129,143,76,63,270,ok
train/1-40/49.jpg,1,40,112,112,82,65,152,169,90,ok
train/1-40/5.jpg,1,40,112,112,62,37,153,152,90,ok
train/1-40/51.jpg,1,40,112,112,154,85,39,160,180,ok
train/1-40/54.jpg,1,40,112,112,79,73,-1,-1,90,ok;no_hour
train/1-40/55.jpg,1,40,112,112,-1,-1,-1,-1,-1,fail:no_candidates
train/1-40/56.jpg,1,40,112,112,25,168,158,81,0,ok
train/1-40/57.jpg,1,40,112,112,162,78,89,132,180,ok
train/1-40/58.jpg,1,40,112,112,-1,-1,-1,-1,-1,fail:no_candidates
train/1-40/59.jpg,1,40,112,112,133,136,87,92,270,ok
train/1-40/6.jpg,1,40,112,112,-1,-1,-1,-1,-1,fail:no_candidates
train/1-40/60.jpg,1,40,112,112,56,25,153,152,90,ok
train/1-40/62.jpg,1,40,112,112,44,157,159,80,0,ok
train/1-40/63.jpg,1,40,112,112,142,159,61,35,270,ok
train/1-40/65.jpg,1,40,112,112,106,46,-1,-1,90,ok;no_hour
train/1-40/66.jpg,1,40,112,112,37,161,159,80,0,ok
train/1-40/67.jpg,1,40,112,112,199,55,73,152,180,ok
train/1-40/68.jpg,1,40,112,112,26,153,-1,-1,0,ok;no_hour
train/1-40/69.jpg,1,40,112,112,157,82,60,149,180,ok
train/1-40/7.jpg,1,40,112,112,189,61,73,152,180,ok
train/1-40/70.jpg,1,40,112,112,37,161,150,71,0,ok
train/1-40/71.jpg,1,40,112,112,-1,-1,-1,-1,-1,fail:no_candidates
train/1-40/72.jpg,1,40,112,112,24,168,159,80,0,ok
train/1-40/73.jpg,1,40,112,112,158,82,61,147,180,ok
train/1-40/74.jpg,1,40,112,112,81,64,151,167,90,ok
train/1-40/75.jpg,1,40,112,112,34,162,158,81,0,ok
train/1-40/76.jpg,1,40,112,112,190,73,72,152,180,ok
train/1-40/77.jpg,1,40,112,112,46,154,-1,-1,0,ok;no_hour
train/1-40/8.jpg,1,40,112,112,64,142,195,57,0,ok
train/1-40/80.jpg,1,40,112,112,35,163,160,79,0,ok
train/1-40/81.jpg,1,40,112,112,-1,-1,-1,-1,-1,fail:no_candidates
train/1-40/82.jpg,1,40,112,112,194,58,71,153,180,ok
train/1-40/83.jpg,1,40,112,112,64,143,171,70,0,ok
train/1-40/84.jpg,1,40,112,112,159,81,48,155,180,ok
train/1-40/86.jpg,1,40,112,112,42,158,152,70,0,ok
train/1-40/87.jpg,1,40,112,112,66,44,145,160,90,ok
train/1-40/88.jpg,1,40,112,112,47,155,156,83,0,ok
train/1-40/89.jpg,1,40,112,112,63,145,169,72,0,ok
train/1-40/90.jpg,1,40,112,112,38,160,159,79,0,ok
train/1-40/91.jpg,1,40,112,112,49,154,160,79,0,ok
train/1-40/92.jpg,1,40,112,112,206,64,72,152,180,ok
train/1-40/93.jpg,1,40,112,112,39,160,152,70,0,ok
train/1-40/94.jpg,1,40,112,112,37,159,158,80,0,ok
train/1-40/95.jpg,1,40,112,112,161,187,69,69,270,ok
train/1-40/96.jpg,1,40,112,112,81,64,161,185,90,ok
train/1-40/99.jpg,1,40,112,112,160,79,61,147,180,ok
train/1-45/0.jpg,1,45,112,112,116,215,80,61,270,ok
train/1-45/1.jpg,1,45,112,112,105,32,143,162,90,ok
train/1-45/10.jpg,1,45,112,112,18,116,161,81,0,ok
train/1-45/11.jpg,1,45,112,112,105,157,-1,-1,270,ok;no_hour
train/1-45/12.jpg,1,45,112,112,105,203,81,62,270,ok
train/1-45/13.jpg,1,45,112,112,81,117,161,82,0,ok
train/1-45/14.jpg,1,45,112,112,167,77,-1,-1,180,warn:rot_err=32.5;no_hour
train/1-45/15.jpg,1,45,112,112,117,157,83,64,270,ok
train/1-45/18.jpg,1,45,112,112,59,117,169,77,0,ok
train/1-45/2.jpg,1,45,112,112,9,105,161,81,0,ok
train/1-45/20.jpg,1,45,112,112,27,116,161,81,0,ok
train/1-45/21.jpg,1,45,112,112,104,193,80,61,270,ok
train/1-45/24.jpg,1,45,112,112,66,117,162,79,0,ok
train/1-45/25.jpg,1,45,112,112,32,106,160,80,0,ok
train/1-45/27.jpg,1,45,112,112,155,117,71,152,180,ok
train/1-45/28.jpg,1,45,112,112,116,180,80,61,270,ok
train/1-45/29.jpg,1,45,112,112,118,155,80,61,270,ok
train/1-45/3.jpg,1,45,112,112,67,118,163,80,0,ok
train/1-45/30.jpg,1,45,112,112,22,105,161,81,0,ok
train/1-45/31.jpg,1,45,112,112,117,38,142,161,90,ok
train/1-45/32.jpg,1,45,112,112,65,105,161,81,0,ok
train/1-45/33.jpg,1,45,112,112,69,118,161,82,0,ok
train/1-45/38.jpg,1,45,112,112,200,106,70,151,180,ok
train/1-45/39.jpg,1,45,112,112,-1,-1,-1,-1,-1,fail:no_candidates
train/1-45/40.jpg,1,45,112,112,142,96,-1,-1,180,warn:rot_err=28.1;no_hour
train/1-45/41.jpg,1,45,112,112,22,105,-1,-1,0,ok;no_hour
train/1-45/43.jpg,1,45,112,112,29,116,-1,-1,0,ok;no_hour
train/1-45/44.jpg,1,45,112,112,104,215,70,68,270,ok
train/1-45/45.jpg,1,45,112,112,26,116,161,81,0,ok
train/1-45/46.jpg,1,45,112,112,106,37,152,154,90,ok
train/1-45/47.jpg,1,45,112,112,11,116,161,82,0,ok
train/1-45/48.jpg,1,45,112,112,118,156,73,49,270,ok
train/1-45/49.jpg,1,45,112,112,154,116,70,152,180,ok
train/1-45/5.jpg,1,45,112,112,117,188,80,61,270,ok
train/1-45/52.jpg,1,45,112,112,161,82,-1,-1,180,warn:rot_err=31.5;no_hour
train/1-45/53.jpg,1,45,112,112,117,73,141,161,90,ok
train/1-45/54.jpg,1,45,112,112,138,104,71,134,180,ok
train/1-45/55.jpg,1,45,112,112,-1,-1,-1,-1,-1,fail:no_candidates
train/1-45/56.jpg,1,45,112,112,17,116,162,79,0,ok
train/1-45/57.jpg,1,45,112,112,117,50,142,163,90,ok
train/1-45/58.jpg,1,45,112,112,105,79,142,161,90,ok
train/1-45/59.jpg,1,45,112,112,81,117,-1,-1,0,ok;no_hour
train/1-45/61.jpg,1,45,112,112,116,70,143,162,90,ok
train/1-45/63.jpg,1,45,112,112,116,184,80,61,270,ok
train/1-45/64.jpg,1,45,112,112,205,117,71,151,180,ok
train/1-45/65.jpg,1,45,112,112,109,178,-1,-1,270,ok;no_hour
train/1-45/66.jpg,1,45,112,112,33,116,161,81,0,ok
train/1-45/67.jpg,1,45,112,112,44,105,162,79,0,ok
train/1-45/69.jpg,1,45,112,112,83,117,162,79,0,ok
train/1-45/7.jpg,1,45,112,112,155,105,72,151,180,ok
train/1-45/70.jpg,1,45,112,112,39,116,-1,-1,0,ok;no_hour
train/1-45/71.jpg,1,45,112,112,62,141,-1,-1,0,warn:rot_err=30.1;no_hour
train/1-45/72.jpg,1,45,112,112,203,117,69,152,180,ok
train/1-45/73.jpg,1,45,112,112,116,171,81,62,270,ok
train/1-45/74.jpg,1,45,112,112,118,21,141,161,90,ok
train/1-45/75.jpg,1,45,112,112,37,105,158,84,0,ok
train/1-45/76.jpg,1,45,112,112,28,105,161,81,0,ok
train/1-45/77.jpg,1,45,112,112,47,115,-1,-1,0,ok;no_hour
train/1-45/78.jpg,1,45,112,112,155,116,71,151,180,ok
train/1-45/79.jpg,1,45,112,112,68,106,159,83,0,ok
train/1-45/8.jpg,1,45,112,112,65,117,161,82,0,ok
train/1-45/80.jpg,1,45,112,112,212,106,70,152,180,ok
train/1-45/82.jpg,1,45,112,112,117,25,152,155,90,ok
train/1-45/83.jpg,1,45,112,112,117,80,152,154,90,ok
train/1-45/84.jpg,1,45,112,112,117,187,70,68,270,ok
train/1-45/85.jpg,1,45,112,112,66,117,160,83,0,ok
train/1-45/86.jpg,1,45,112,112,28,116,162,79,0,ok
train/1-45/87.jpg,1,45,112,112,155,105,73,150,180,ok
train/1-45/88.jpg,1,45,112,112,142,116,70,151,180,ok
train/1-45/9.jpg,1,45,112,112,188,106,71,151,180,ok
train/1-45/90.jpg,1,45,112,112,23,105,161,81,0,ok
train/1-45/91.jpg,1,45,112,112,68,118,161,82,0,ok
train/1-45/92.jpg,1,45,112,112,22,105,161,80,0,ok
train/1-45/93.jpg,1,45,112,112,67,106,161,80,0,ok
train/1-45/94.jpg,1,45,112,112,-1,-1,-1,-1,-1,fail:no_candidates
train/1-45/95.jpg,1,45,112,112,154,116,62,142,180,ok
train/1-45/96.jpg,1,45,112,112,104,71,141,161,90,ok
train/1-45/97.jpg,1,45,112,112,7,104,161,82,0,ok
train/1-45/98.jpg,1,45,112,112,202,106,71,151,180,ok
train/1-45/99.jpg,1,45,112,112,105,158,70,68,270,ok
train/1-50/0.jpg,1,50,112,112,60,190,84,61,270,ok
train/1-50/1.jpg,1,50,112,112,80,180,84,61,270,ok
train/1-50/10.jpg,1,50,112,112,26,56,160,85,0,ok
train/1-50/11.jpg,1,50,112,112,52,85,-1,-1,0,ok;no_hour
train/1-50/12.jpg,1,50,112,112,144,66,141,162,90,ok
train/1-50/13.jpg,1,50,112,112,193,152,61,140,180,ok
train/1-50/14.jpg,1,50,112,112,126,74,135,157,90,ok
train/1-50/16.jpg,1,50,112,112,32,59,162,83,0,ok
train/1-50/17.jpg,1,50,112,112,45,67,160,85,0,ok
train/1-50/18.jpg,1,50,112,112,207,159,48,149,180,ok
train/1-50/19.jpg,1,50,112,112,18,64,162,82,0,ok
train/1-50/2.jpg,1,50,112,112,160,38,140,162,90,ok
train/1-50/20.jpg,1,50,112,112,35,61,162,83,0,ok
train/1-50/21.jpg,1,50,112,112,31,73,162,84,0,ok
train/1-50/22.jpg,1,50,112,112,36,64,-1,-1,0,ok;no_hour
train/1-50/23.jpg,1,50,112,112,33,61,157,72,0,ok
train/1-50/24.jpg,1,50,112,112,55,198,73,68,270,ok
train/1-50/25.jpg,1,50,112,112,38,63,161,83,0,ok
train/1-50/26.jpg,1,50,112,112,56,197,83,61,270,ok
train/1-50/27.jpg,1,50,112,112,77,185,72,68,270,ok
train/1-50/28.jpg,1,50,112,112,71,193,84,61,270,ok
train/1-50/3.jpg,1,50,112,112,194,152,59,141,180,ok
train/1-50/30.jpg,1,50,112,112,31,71,162,82,0,ok
train/1-50/31.jpg,1,50,112,112,41,78,159,86,0,ok
train/1-50/32.jpg,1,50,112,112,147,61,140,162,90,ok
train/1-50/34.jpg,1,50,112,112,202,158,62,139,180,ok
train/1-50/35.jpg,1,50,112,112,197,144,-1,-1,180,ok;no_hour
train/1-50/37.jpg,1,50,112,112,79,180,72,66,270,ok
train/1-50/4.jpg,1,50,112,112,26,56,161,84,0,ok
train/1-50/40.jpg,1,50,112,112,71,193,83,60,270,ok
train/1-50/42.jpg,1,50,112,112,54,201,85,63,270,ok
train/1-50/43.jpg,1,50,112,112,151,53,-1,-1,90,ok;no_hour
train/1-50/44.jpg,1,50,112,112,23,54,162,84,0,ok
train/1-50/45.jpg,1,50,112,112,73,190,82,61,270,ok
train/1-50/48.jpg,1,50,112,112,152,53,169,201,90,ok
train/1-50/5.jpg,1,50,112,112,42,78,162,84,0,ok
train/1-50/50.jpg,1,50,112,112,35,61,185,68,0,ok
train/1-50/51.jpg,1,50,112,112,192,152,61,140,180,ok
train/1-50/52.jpg,1,50,112,112,161,36,140,162,90,ok
train/1-50/53.jpg,1,50,112,112,77,185,56,24,270,ok
train/1-50/54.jpg,1,50,112,112,157,36,-1,-1,90,ok;no_hour
train/1-50/55.jpg,1,50,112,112,-1,-1,-1,-1,-1,fail:no_candidates
train/1-50/56.jpg,1,50,112,112,178,143,68,150,180,ok
train/1-50/57.jpg,1,50,112,112,55,86,163,83,0,ok
train/1-50/58.jpg,1,50,112,112,-1,-1,-1,-1,-1,fail:no_candidates
train/1-50/59.jpg,1,50,112,112,81,101,-1,-1,0,ok;no_hour
train/1-50/6.jpg,1,50,112,112,72,191,82,61,270,ok
train/1-50/60.jpg,1,50,112,112,56,197,86,64,270,ok
train/1-50/61.jpg,1,50,112,112,160,39,141,163,90,ok
train/1-50/63.jpg,1,50,112,112,71,193,84,61,270,ok
train/1-50/65.jpg,1,50,112,112,58,74,162,84,0,ok
train/1-50/66.jpg,1,50,112,112,43,79,162,83,0,ok
train/1-50/67.jpg,1,50,112,112,193,152,70,149,180,ok
train/1-50/68.jpg,1,50,112,112,30,59,177,74,0,ok
train/1-50/69.jpg,1,50,112,112,146,63,140,162,90,ok
train/1-50/7.jpg,1,50,112,112,31,72,162,84,0,ok
train/1-50/71.jpg,1,50,112,112,29,57,162,83,0,ok
train/1-50/72.jpg,1,50,112,112,33,73,162,83,0,ok
train/1-50/73.jpg,1,50,112,112,37,62,165,82,0,ok
train/1-50/74.jpg,1,50,112,112,166,28,141,163,90,ok
train/1-50/75.jpg,1,50,112,112,36,62,159,86,0,ok
train/1-50/76.jpg,1,50,112,112,31,71,162,82,0,ok
train/1-50/77.jpg,1,50,112,112,56,112,-1,-1,0,warn:rot_err=30.0;no_hour
train/1-50/78.jpg,1,50,112,112,30,70,162,82,0,ok
train/1-50/79.jpg,1,50,112,112,58,88,161,85,0,ok
train/1-50/8.jpg,1,50,112,112,162,35,139,162,90,ok
train/1-50/82.jpg,1,50,112,112,25,69,160,85,0,ok
train/1-50/83.jpg,1,50,112,112,155,24,140,162,90,ok
train/1-50/85.jpg,1,50,112,112,63,77,162,84,0,ok
train/1-50/86.jpg,1,50,112,112,27,69,161,84,0,ok
train/1-50/87.jpg,1,50,112,112,198,167,61,140,180,ok
train/1-50/88.jpg,1,50,112,112,179,144,67,150,180,ok
train/1-50/89.jpg,1,50,112,112,54,201,83,61,270,ok
train/1-50/9.jpg,1,50,112,112,43,65,162,84,0,ok
train/1-50/90.jpg,1,50,112,112,46,80,160,84,0,ok
train/1-50/93.jpg,1,50,112,112,32,72,160,85,0,ok
train/1-50/95.jpg,1,50,112,112,157,44,140,162,90,ok
train/1-50/96.jpg,1,50,112,112,31,72,162,84,0,ok
train/1-50/97.jpg,1,50,112,112,200,170,69,150,180,ok
train/1-50/99.jpg,1,50,112,112,151,55,139,162,90,ok
train/1-55/1.jpg,1,55,112,112,190,59,138,164,90,ok
train/1-55/11.jpg,1,55,112,112,64,41,-1,-1,0,ok;no_hour
train/1-55/12.jpg,1,55,112,112,187,62,138,164,90,ok
train/1-55/14.jpg,1,55,112,112,159,90,-1,-1,90,ok;no_hour
train/1-55/15.jpg,1,55,112,112,185,76,148,157,90,ok
train/1-55/16.jpg,1,55,112,112,67,45,156,75,0,ok
train/1-55/17.jpg,1,55,112,112,60,137,-1,-1,270,ok;no_hour
train/1-55/18.jpg,1,55,112,112,59,137,-1,-1,270,ok;no_hour
train/1-55/2.jpg,1,55,112,112,197,56,138,164,90,ok
train/1-55/20.jpg,1,55,112,112,25,168,87,61,270,ok
train/1-55/21.jpg,1,55,112,112,164,86,-1,-1,90,ok;no_hour
train/1-55/22.jpg,1,55,112,112,69,29,164,114,0,ok
train/1-55/23.jpg,1,55,112,112,28,167,82,54,270,ok
train/1-55/24.jpg,1,55,112,112,68,25,163,86,0,ok
train/1-55/25.jpg,1,55,112,112,-1,-1,-1,-1,-1,fail:no_candidates
train/1-55/26.jpg,1,55,112,112,188,61,138,164,90,ok
train/1-55/27.jpg,1,55,112,112,155,92,-1,-1,90,ok;no_hour
train/1-55/28.jpg,1,55,112,112,33,163,86,59,270,ok
train/1-55/29.jpg,1,55,112,112,201,54,132,156,90,ok
train/1-55/3.jpg,1,55,112,112,165,85,-1,-1,90,ok;no_hour
train/1-55/30.jpg,1,55,112,112,61,34,164,85,0,ok
train/1-55/31.jpg,1,55,112,112,164,85,-1,-1,90,ok;no_hour
train/1-55/32.jpg,1,55,112,112,86,60,-1,-1,0,ok;no_hour
train/1-55/34.jpg,1,55,112,112,56,26,157,75,0,ok
train/1-55/35.jpg,1,55,112,112,160,102,-1,-1,90,ok;no_hour
train/1-55/36.jpg,1,55,112,112,197,56,136,162,90,ok
train/1-55/37.jpg,1,55,112,112,163,86,-1,-1,90,ok;no_hour
train/1-55/38.jpg,1,55,112,112,35,161,83,58,270,ok
train/1-55/39.jpg,1,55,112,112,-1,-1,-1,-1,-1,fail:no_candidates
train/1-55/4.jpg,1,55,112,112,164,85,-1,-1,90,ok;no_hour
train/1-55/40.jpg,1,55,112,112,56,150,-1,-1,270,ok;no_hour
train/1-55/41.jpg,1,55,112,112,165,84,-1,-1,90,ok;no_hour
train/1-55/42.jpg,1,55,112,112,164,85,-1,-1,90,ok;no_hour
train/1-55/43.jpg,1,55,112,112,-1,-1,-1,-1,-1,fail:no_candidates
train/1-55/44.jpg,1,55,112,112,40,159,86,59,270,ok
train/1-55/45.jpg,1,55,112,112,66,23,163,86,0,ok
train/1-55/46.jpg,1,55,112,112,151,192,59,137,180,ok
train/1-55/47.jpg,1,55,112,112,59,138,-1,-1,270,ok;no_hour
train/1-55/48.jpg,1,55,112,112,164,86,-1,-1,90,ok;no_hour
train/1-55/49.jpg,1,55,112,112,57,28,158,74,0,ok
train/1-55/5.jpg,1,55,112,112,144,180,67,148,180,ok
train/1-55/50.jpg,1,55,112,112,137,163,-1,-1,180,ok;no_hour
train/1-55/51.jpg,1,55,112,112,62,36,163,86,0,ok
train/1-55/52.jpg,1,55,112,112,201,66,137,164,90,ok
train/1-55/53.jpg,1,55,112,112,169,198,67,148,180,ok
train/1-55/55.jpg,1,55,112,112,161,192,66,145,180,ok
train/1-55/56.jpg,1,55,112,112,163,86,-1,-1,90,ok;no_hour
train/1-55/58.jpg,1,55,112,112,54,23,164,85,0,ok
train/1-55/59.jpg,1,55,112,112,160,206,83,182,180,ok
train/1-55/6.jpg,1,55,112,112,63,36,163,85,0,ok
train/1-55/60.jpg,1,55,112,112,162,87,-1,-1,90,ok;no_hour
train/1-55/61.jpg,1,55,112,112,70,27,164,86,0,ok
train/1-55/62.jpg,1,55,112,112,43,157,86,60,270,ok
train/1-55/64.jpg,1,55,112,112,55,24,163,86,0,ok
train/1-55/66.jpg,1,55,112,112,164,85,-1,-1,90,ok;no_hour
train/1-55/67.jpg,1,55,112,112,64,18,161,88,0,ok
train/1-55/68.jpg,1,55,112,112,25,155,85,59,270,ok
train/1-55/70.jpg,1,55,112,112,158,203,-1,-1,180,ok;no_hour
train/1-55/71.jpg,1,55,112,112,-1,-1,-1,-1,-1,fail:no_candidates
train/1-55/72.jpg,1,55,112,112,205,64,138,164,90,ok
train/1-55/73.jpg,1,55,112,112,187,70,-1,-1,90,ok;no_hour
train/1-55/75.jpg,1,55,112,112,62,37,154,76,0,ok
train/1-55/76.jpg,1,55,112,112,164,85,-1,-1,90,ok;no_hour
train/1-55/78.jpg,1,55,112,112,161,188,67,147,180,ok
train/1-55/79.jpg,1,55,112,112,163,87,-1,-1,90,ok;no_hour
train/1-55/8.jpg,1,55,112,112,54,23,164,85,0,ok
train/1-55/80.jpg,1,55,112,112,164,85,-1,-1,90,ok;no_hour
train/1-55/82.jpg,1,55,112,112,192,71,136,162,90,ok
train/1-55/84.jpg,1,55,112,112,164,86,-1,-1,90,ok;no_hour
train/1-55/85.jpg,1,55,112,112,188,68,-1,-1,90,ok;no_hour
train/1-55/89.jpg,1,55,112,112,138,164,-1,-1,180,ok;no_hour
train/1-55/9.jpg,1,55,112,112,62,37,164,86,0,ok
train/1-55/90.jpg,1,55,112,112,85,60,-1,-1,0,ok;no_hour
train/1-55/91.jpg,1,55,112,112,138,165,-1,-1,180,ok;no_hour
train/1-55/93.jpg,1,55,112,112,164,85,-1,-1,90,ok;no_hour
train/1-55/94.jpg,1,55,112,112,-1,-1,-1,-1,-1,fail:no_candidates
train/1-55/96.jpg,1,55,112,112,155,174,59,137,180,ok
train/1-55/97.jpg,1,55,112,112,67,22,164,86,0,ok
train/1-55/98.jpg,1,55,112,112,137,163,-1,-1,180,ok;no_hour
train/1-55/99.jpg,1,55,112,112,165,84,-1,-1,90,ok;no_hour
train/10-00/0.jpg,10,0,112,112,195,117,136,58,90,ok
train/10-00/1.jpg,10,0,112,112,104,160,158,146,180,ok
train/10-00/10.jpg,10,0,112,112,105,194,163,134,180,ok
train/10-00/11.jpg,10,0,112,112,57,87,-1,-1,270,ok;no_hour
train/10-00/12.jpg,10,0,112,112,117,54,56,86,0,ok
train/10-00/13.jpg,10,0,112,112,172,117,144,44,90,ok
train/10-00/14.jpg,10,0,112,112,69,95,-1,-1,270,ok;no_hour
train/10-00/15.jpg,10,0,112,112,177,117,135,58,90,ok
train/10-00/18.jpg,10,0,112,112,164,117,135,56,90,ok
train/10-00/19.jpg,10,0,112,112,117,31,58,87,0,ok
train/10-00/2.jpg,10,0,112,112,117,10,58,87,0,ok
train/10-00/20.jpg,10,0,112,112,194,117,136,58,90,ok
train/10-00/22.jpg,10,0,112,112,142,57,-1,-1,0,warn:rot_err=28.6;no_hour
train/10-00/23.jpg,10,0,112,112,50,116,63,201,270,ok
train/10-00/24.jpg,10,0,112,112,105,190,163,134,180,ok
train/10-00/25.jpg,10,0,112,112,-1,-1,-1,-1,-1,fail:no_candidates
train/10-00/26.jpg,10,0,112,112,32,105,88,164,270,ok
train/10-00/27.jpg,10,0,112,112,118,66,57,88,0,ok
train/10-00/28.jpg,10,0,112,112,117,34,62,91,0,ok
train/10-00/29.jpg,10,0,112,112,16,104,88,165,270,ok
train/10-00/3.jpg,10,0,112,112,135,57,-1,-1,0,ok;no_hour
train/10-00/31.jpg,10,0,112,112,45,105,92,159,270,ok
train/10-00/32.jpg,10,0,112,112,117,46,62,91,0,ok
train/10-00/33.jpg,10,0,112,112,37,104,88,165,270,ok
train/10-00/34.jpg,10,0,112,112,194,117,136,58,90,ok
train/10-00/37.jpg,10,0,112,112,117,49,58,87,0,ok
train/10-00/38.jpg,10,0,112,112,202,117,136,58,90,ok
train/10-00/39.jpg,10,0,112,112,-1,-1,-1,-1,-1,fail:no_candidates
train/10-00/41.jpg,10,0,112,112,104,200,179,142,180,ok
train/10-00/42.jpg,10,0,112,112,116,206,180,158,180,ok
train/10-00/43.jpg,10,0,112,112,-1,-1,-1,-1,-1,fail:no_candidates
train/10-00/44.jpg,10,0,112,112,118,20,-1,-1,0,ok;no_hour
train/10-00/46.jpg,10,0,112,112,105,186,156,145,180,ok
train/10-00/47.jpg,10,0,112,112,104,205,165,135,180,ok
train/10-00/48.jpg,10,0,112,112,118,48,42,80,0,ok
train/10-00/49.jpg,10,0,112,112,117,56,57,87,0,ok
train/10-00/5.jpg,10,0,112,112,104,189,164,134,180,ok
train/10-00/50.jpg,10,0,112,112,118,55,41,79,0,ok
train/10-00/51.jpg,10,0,112,112,117,20,58,87,0,ok
train/10-00/52.jpg,10,0,112,112,117,45,57,86,0,ok
train/10-00/53.jpg,10,0,112,112,163,117,159,41,90,ok
train/10-00/54.jpg,10,0,112,112,-1,-1,-1,-1,-1,fail:no_candidates
train/10-00/57.jpg,10,0,112,112,60,105,83,174,270,ok
train/10-00/58.jpg,10,0,112,112,117,22,58,87,0,ok
train/10-00/59.jpg,10,0,112,112,117,82,80,102,0,ok
train/10-00/6.jpg,10,0,112,112,117,49,60,88,0,ok
train/10-00/62.jpg,10,0,112,112,31,105,88,164,270,ok
train/10-00/63.jpg,10,0,112,112,117,33,58,88,0,ok
train/10-00/64.jpg,10,0,112,112,197,117,135,59,90,ok
train/10-00/65.jpg,10,0,112,112,146,114,136,82,90,ok
train/10-00/66.jpg,10,0,112,112,117,49,71,95,0,ok
train/10-00/67.jpg,10,0,112,112,203,117,136,58,90,ok
train/10-00/68.jpg,10,0,112,112,116,172,181,144,180,ok
train/10-00/7.jpg,10,0,112,112,58,87,-1,-1,270,ok;no_hour
train/10-00/70.jpg,10,0,112,112,87,165,-1,-1,180,warn:rot_err=25.3;no_hour
train/10-00/71.jpg,10,0,112,112,-1,-1,-1,-1,-1,fail:no_candidates
train/10-00/72.jpg,10,0,112,112,117,31,58,87,0,ok
train/10-00/73.jpg,10,0,112,112,117,57,58,88,0,ok
train/10-00/74.jpg,10,0,112,112,173,118,134,59,90,ok
train/10-00/75.jpg,10,0,112,112,41,105,90,162,270,ok
train/10-00/78.jpg,10,0,112,112,117,21,58,87,0,ok
train/10-00/79.jpg,10,0,112,112,49,83,-1,-1,270,ok;no_hour
train/10-00/8.jpg,10,0,112,112,105,216,165,135,180,ok
train/10-00/80.jpg,10,0,112,112,118,35,77,100,0,ok
train/10-00/82.jpg,10,0,112,112,117,31,58,87,0,ok
train/10-00/83.jpg,10,0,112,112,44,104,89,164,270,ok
train/10-00/84.jpg,10,0,112,112,117,49,47,82,0,ok
train/10-00/85.jpg,10,0,112,112,53,105,80,180,270,ok
train/10-00/86.jpg,10,0,112,112,117,34,59,88,0,ok
train/10-00/87.jpg,10,0,112,112,117,35,58,87,0,ok
train/10-00/88.jpg,10,0,112,112,117,47,58,87,0,ok
train/10-00/89.jpg,10,0,112,112,117,53,58,88,0,ok
train/10-00/90.jpg,10,0,112,112,-1,-1,-1,-1,-1,fail:no_candidates
train/10-00/91.jpg,10,0,112,112,52,104,79,180,270,ok
train/10-00/92.jpg,10,0,112,112,117,17,58,87,0,ok
train/10-00/93.jpg,10,0,112,112,117,35,58,87,0,ok
train/10-00/94.jpg,10,0,112,112,-1,-1,-1,-1,-1,fail:no_candidates
train/10-00/95.jpg,10,0,112,112,196,117,135,59,90,ok
train/10-00/96.jpg,10,0,112,112,45,104,82,176,270,ok
train/10-00/98.jpg,10,0,112,112,117,48,58,87,0,ok
train/10-05/0.jpg,10,5,112,112,163,34,62,88,0,ok
train/10-05/11.jpg,10,5,112,112,59,85,-1,-1,270,ok;no_hour
train/10-05/12.jpg,10,5,112,112,168,24,58,86,0,ok
train/10-05/14.jpg,10,5,112,112,127,74,-1,-1,0,ok;no_hour
train/10-05/15.jpg,10,5,112,112,86,164,-1,-1,180,ok;no_hour
train/10-05/16.jpg,10,5,112,112,86,163,-1,-1,180,ok;no_hour
train/10-05/17.jpg,10,5,112,112,55,198,155,147,180,ok
train/10-05/18.jpg,10,5,112,112,85,166,-1,-1,180,ok;no_hour
train/10-05/2.jpg,10,5,112,112,61,189,164,138,180,ok
train/10-05/21.jpg,10,5,112,112,155,47,59,86,0,ok
train/10-05/22.jpg,10,5,112,112,164,24,-1,-1,0,ok;no_hour
train/10-05/23.jpg,10,5,112,112,22,65,-1,-1,270,ok;no_hour
train/10-05/24.jpg,10,5,112,112,161,35,61,87,0,ok
train/10-05/25.jpg,10,5,112,112,-1,-1,-1,-1,-1,fail:no_candidates
train/10-05/27.jpg,10,5,112,112,34,60,74,157,270,ok
train/10-05/28.jpg,10,5,112,112,186,161,147,69,90,ok
train/10-05/29.jpg,10,5,112,112,61,205,-1,-1,180,ok;no_hour
train/10-05/31.jpg,10,5,112,112,148,59,62,88,0,ok
train/10-05/32.jpg,10,5,112,112,48,78,-1,-1,270,ok;no_hour
train/10-05/33.jpg,10,5,112,112,161,35,59,86,0,ok
train/10-05/34.jpg,10,5,112,112,161,36,61,87,0,ok
train/10-05/35.jpg,10,5,112,112,84,154,-1,-1,180,ok;no_hour
train/10-05/37.jpg,10,5,112,112,69,198,162,136,180,ok
train/10-05/39.jpg,10,5,112,112,-1,-1,-1,-1,-1,fail:no_candidates
train/10-05/4.jpg,10,5,112,112,24,68,87,162,270,ok
train/10-05/40.jpg,10,5,112,112,186,161,143,50,90,ok
train/10-05/41.jpg,10,5,112,112,161,37,54,83,0,ok
train/10-05/42.jpg,10,5,112,112,53,82,-1,-1,270,ok;no_hour
train/10-05/43.jpg,10,5,112,112,-1,-1,-1,-1,-1,fail:no_candidates
train/10-05/44.jpg,10,5,112,112,20,66,86,164,270,ok
train/10-05/45.jpg,10,5,112,112,157,43,61,87,0,ok
train/10-05/46.jpg,10,5,112,112,161,35,59,86,0,ok
train/10-05/48.jpg,10,5,112,112,161,36,55,67,0,ok
train/10-05/5.jpg,10,5,112,112,59,86,-1,-1,270,ok;no_hour
train/10-05/51.jpg,10,5,112,112,61,189,163,137,180,ok
train/10-05/52.jpg,10,5,112,112,61,189,157,148,180,ok
train/10-05/53.jpg,10,5,112,112,24,54,84,166,270,ok
train/10-05/54.jpg,10,5,112,112,-1,-1,-1,-1,-1,fail:no_candidates
train/10-05/55.jpg,10,5,112,112,-1,-1,-1,-1,-1,fail:no_candidates
train/10-05/56.jpg,10,5,112,112,162,34,61,87,0,ok
train/10-05/57.jpg,10,5,112,112,54,201,172,142,180,ok
train/10-05/58.jpg,10,5,112,112,168,22,59,86,0,ok
train/10-05/59.jpg,10,5,112,112,132,88,82,101,0,ok
train/10-05/60.jpg,10,5,112,112,204,158,147,69,90,ok
train/10-05/61.jpg,10,5,112,112,59,192,157,148,180,ok
train/10-05/62.jpg,10,5,112,112,61,189,163,137,180,ok
train/10-05/63.jpg,10,5,112,112,161,37,59,86,0,ok
train/10-05/64.jpg,10,5,112,112,161,36,62,88,0,ok
train/10-05/65.jpg,10,5,112,112,67,202,162,136,180,ok
train/10-05/66.jpg,10,5,112,112,85,164,-1,-1,180,ok;no_hour
train/10-05/67.jpg,10,5,112,112,184,160,147,70,90,ok
train/10-05/69.jpg,10,5,112,112,82,172,-1,-1,180,ok;no_hour
train/10-05/7.jpg,10,5,112,112,60,86,-1,-1,270,ok;no_hour
train/10-05/70.jpg,10,5,112,112,85,164,-1,-1,180,ok;no_hour
train/10-05/72.jpg,10,5,112,112,200,168,131,68,90,ok
train/10-05/73.jpg,10,5,112,112,70,193,170,141,180,ok
train/10-05/74.jpg,10,5,112,112,71,193,156,148,180,ok
train/10-05/75.jpg,10,5,112,112,48,79,-1,-1,270,ok;no_hour
train/10-05/76.jpg,10,5,112,112,34,62,85,164,270,ok
train/10-05/77.jpg,10,5,112,112,54,109,-1,-1,270,warn:rot_err=27.0;no_hour
train/10-05/78.jpg,10,5,112,112,160,36,65,75,0,ok
train/10-05/79.jpg,10,5,112,112,81,173,-1,-1,180,ok;no_hour
train/10-05/8.jpg,10,5,112,112,187,162,148,67,90,ok
train/10-05/80.jpg,10,5,112,112,86,164,-1,-1,180,ok;no_hour
train/10-05/82.jpg,10,5,112,112,186,162,135,62,90,ok
train/10-05/83.jpg,10,5,112,112,166,29,59,86,0,ok
train/10-05/84.jpg,10,5,112,112,167,138,-1,-1,90,ok;no_hour
train/10-05/86.jpg,10,5,112,112,85,164,-1,-1,180,ok;no_hour
train/10-05/87.jpg,10,5,112,112,153,50,61,87,0,ok
train/10-05/88.jpg,10,5,112,112,152,52,62,88,0,ok
train/10-05/89.jpg,10,5,112,112,69,196,160,150,180,ok
train/10-05/9.jpg,10,5,112,112,151,54,59,86,0,ok
train/10-05/90.jpg,10,5,112,112,152,51,66,75,0,ok
train/10-05/92.jpg,10,5,112,112,59,191,155,147,180,ok
train/10-05/93.jpg,10,5,112,112,162,33,61,87,0,ok
train/10-05/94.jpg,10,5,112,112,160,38,59,85,0,ok
train/10-05/95.jpg,10,5,112,112,160,40,71,94,0,ok
train/10-05/96.jpg,10,5,112,112,56,84,-1,-1,270,ok;no_hour
train/10-05/97.jpg,10,5,112,112,162,34,59,86,0,ok
train/10-05/98.jpg,10,5,112,112,152,53,61,87,0,ok
train/10-10/0.jpg,10,10,112,112,201,66,62,85,0,ok
train/10-10/1.jpg,10,10,112,112,178,80,61,84,0,ok
train/10-10/10.jpg,10,10,112,112,29,166,162,140,180,ok
train/10-10/13.jpg,10,10,112,112,188,61,56,81,0,ok
train/10-10/14.jpg,10,10,112,112,131,160,128,76,90,ok
train/10-10/16.jpg,10,10,112,112,78,41,-1,-1,270,ok;no_hour
train/10-10/17.jpg,10,10,112,112,185,76,66,72,0,ok
train/10-10/18.jpg,10,10,112,112,164,88,48,75,0,ok
train/10-10/19.jpg,10,10,112,112,192,71,61,83,0,ok
train/10-10/21.jpg,10,10,112,112,65,42,84,162,270,ok
train/10-10/22.jpg,10,10,112,112,70,74,76,165,270,ok
train/10-10/23.jpg,10,10,112,112,189,61,-1,-1,0,ok;no_hour
train/10-10/25.jpg,10,10,112,112,174,81,52,76,0,ok
train/10-10/28.jpg,10,10,112,112,30,165,162,139,180,ok
train/10-10/29.jpg,10,10,112,112,-1,-1,-1,-1,-1,fail:no_candidates
train/10-10/30.jpg,10,10,112,112,70,30,83,162,270,ok
train/10-10/31.jpg,10,10,112,112,63,39,-1,-1,270,ok;no_hour
train/10-10/32.jpg,10,10,112,112,171,84,47,74,0,ok
train/10-10/33.jpg,10,10,112,112,158,181,150,69,90,ok
train/10-10/34.jpg,10,10,112,112,66,21,-1,-1,270,ok;no_hour
train/10-10/35.jpg,10,10,112,112,77,77,84,156,270,ok
train/10-10/36.jpg,10,10,112,112,26,166,161,139,180,ok
train/10-10/37.jpg,10,10,112,112,57,28,90,154,270,ok
train/10-10/38.jpg,10,10,112,112,191,72,61,83,0,ok
train/10-10/4.jpg,10,10,112,112,194,70,61,82,0,ok
train/10-10/40.jpg,10,10,112,112,188,61,58,82,0,ok
train/10-10/41.jpg,10,10,112,112,193,71,48,75,0,ok
train/10-10/42.jpg,10,10,112,112,167,86,54,64,0,ok
train/10-10/43.jpg,10,10,112,112,61,83,-1,-1,270,warn:rot_err=30.4;no_hour
train/10-10/44.jpg,10,10,112,112,66,22,84,162,270,ok
train/10-10/45.jpg,10,10,112,112,194,58,61,83,0,ok
train/10-10/46.jpg,10,10,112,112,193,70,61,84,0,ok
train/10-10/47.jpg,10,10,112,112,188,74,61,84,0,ok
train/10-10/48.jpg,10,10,112,112,35,162,167,159,180,ok
train/10-10/49.jpg,10,10,112,112,66,22,84,162,270,ok
train/10-10/5.jpg,10,10,112,112,18,158,162,139,180,ok
train/10-10/51.jpg,10,10,112,112,191,72,65,87,0,ok
train/10-10/54.jpg,10,10,112,112,68,90,-1,-1,270,warn:rot_err=33.4;no_hour
train/10-10/55.jpg,10,10,112,112,204,62,65,84,0,ok
train/10-10/56.jpg,10,10,112,112,26,168,162,140,180,ok
train/10-10/57.jpg,10,10,112,112,160,206,143,55,90,ok
train/10-10/58.jpg,10,10,112,112,206,63,61,84,0,ok
train/10-10/59.jpg,10,10,112,112,140,102,81,99,0,ok
train/10-10/6.jpg,10,10,112,112,-1,-1,-1,-1,-1,fail:no_candidates
train/10-10/61.jpg,10,10,112,112,198,55,62,85,0,ok
train/10-10/62.jpg,10,10,112,112,183,77,63,85,0,ok
train/10-10/63.jpg,10,10,112,112,36,161,163,141,180,ok
train/10-10/64.jpg,10,10,112,112,193,70,66,72,0,ok
train/10-10/65.jpg,10,10,112,112,106,46,-1,-1,270,ok;no_hour
train/10-10/66.jpg,10,10,112,112,31,165,162,140,180,ok
train/10-10/67.jpg,10,10,112,112,30,152,162,139,180,ok
train/10-10/68.jpg,10,10,112,112,199,67,45,73,0,ok
train/10-10/69.jpg,10,10,112,112,176,81,49,76,0,ok
train/10-10/7.jpg,10,10,112,112,188,61,54,80,0,ok
train/10-10/70.jpg,10,10,112,112,184,76,62,84,0,ok
train/10-10/72.jpg,10,10,112,112,204,64,61,83,0,ok
train/10-10/74.jpg,10,10,112,112,183,63,61,84,0,ok
train/10-10/75.jpg,10,10,112,112,189,61,47,74,0,ok
train/10-10/76.jpg,10,10,112,112,152,192,149,69,90,ok
train/10-10/77.jpg,10,10,112,112,168,111,-1,-1,0,warn:rot_err=29.0;no_hour
train/10-10/79.jpg,10,10,112,112,162,89,21,58,0,ok
train/10-10/8.jpg,10,10,112,112,197,69,61,84,0,ok
train/10-10/80.jpg,10,10,112,112,155,176,150,69,90,ok
train/10-10/81.jpg,10,10,112,112,-1,-1,-1,-1,-1,fail:no_candidates
train/10-10/82.jpg,10,10,112,112,71,28,-1,-1,270,ok;no_hour
train/10-10/83.jpg,10,10,112,112,176,81,61,84,0,ok
train/10-10/85.jpg,10,10,112,112,31,151,169,144,180,ok
train/10-10/86.jpg,10,10,112,112,187,75,63,85,0,ok
train/10-10/87.jpg,10,10,112,112,78,41,-1,-1,270,ok;no_hour
train/10-10/88.jpg,10,10,112,112,176,81,61,82,0,ok
train/10-10/89.jpg,10,10,112,112,174,83,40,67,0,ok
train/10-10/90.jpg,10,10,112,112,-1,-1,-1,-1,-1,fail:no_candidates
train/10-10/91.jpg,10,10,112,112,176,68,60,66,0,ok
train/10-10/92.jpg,10,10,112,112,197,68,66,72,0,ok
train/10-10/93.jpg,10,10,112,112,29,152,162,140,180,ok
train/10-10/94.jpg,10,10,112,112,-1,-1,-1,-1,-1,fail:no_candidates
train/10-10/95.jpg,10,10,112,112,201,54,68,73,0,ok
train/10-10/97.jpg,10,10,112,112,55,25,82,163,270,ok
train/10-10/98.jpg,10,10,112,112,45,156,162,140,180,ok
train/10-10/99.jpg,10,10,112,112,151,169,150,69,90,ok
train/10-15/0.jpg,10,15,112,112,117,30,88,152,270,ok
train/10-15/1.jpg,10,15,112,112,169,118,68,70,0,ok
train/10-15/10.jpg,10,15,112,112,208,117,63,82,0,ok
train/10-15/11.jpg,10,15,112,112,105,77,84,159,270,ok
train/10-15/12.jpg,10,15,112,112,180,117,55,77,0,ok
train/10-15/15.jpg,10,15,112,112,116,203,152,70,90,ok
train/10-15/16.jpg,10,15,112,112,193,117,69,71,0,ok
train/10-15/17.jpg,10,15,112,112,194,117,69,71,0,ok
train/10-15/18.jpg,10,15,112,112,56,116,155,137,180,ok
train/10-15/19.jpg,10,15,112,112,217,117,62,81,0,ok
train/10-15/2.jpg,10,15,112,112,117,29,81,161,270,ok
train/10-15/21.jpg,10,15,112,112,213,118,68,70,0,ok
train/10-15/22.jpg,10,15,112,112,189,146,68,85,0,ok
train/10-15/23.jpg,10,15,112,112,48,116,-1,-1,180,ok;no_hour
train/10-15/24.jpg,10,15,112,112,116,190,151,71,90,ok
train/10-15/25.jpg,10,15,112,112,205,116,52,73,0,ok
train/10-15/26.jpg,10,15,112,112,193,117,62,81,0,ok
train/10-15/27.jpg,10,15,112,112,64,117,154,152,180,ok
train/10-15/28.jpg,10,15,112,112,192,117,69,71,0,ok
train/10-15/29.jpg,10,15,112,112,205,118,61,80,0,ok
train/10-15/3.jpg,10,15,112,112,118,43,73,172,270,ok
train/10-15/30.jpg,10,15,112,112,117,20,81,161,270,ok
train/10-15/31.jpg,10,15,112,112,181,117,62,81,0,ok
train/10-15/32.jpg,10,15,112,112,182,117,47,69,0,ok
train/10-15/33.jpg,10,15,112,112,117,193,152,70,90,ok
train/10-15/34.jpg,10,15,112,112,214,106,64,83,0,ok
train/10-15/35.jpg,10,15,112,112,139,29,76,205,270,ok
train/10-15/37.jpg,10,15,112,112,211,106,63,82,0,ok
train/10-15/38.jpg,10,15,112,112,117,21,81,161,270,ok
train/10-15/39.jpg,10,15,112,112,-1,-1,-1,-1,-1,fail:no_candidates
train/10-15/4.jpg,10,15,112,112,211,117,63,82,0,ok
train/10-15/40.jpg,10,15,112,112,172,106,51,73,0,ok
train/10-15/41.jpg,10,15,112,112,-1,-1,-1,-1,-1,fail:no_candidates
train/10-15/42.jpg,10,15,112,112,106,20,51,199,270,ok
train/10-15/43.jpg,10,15,112,112,163,143,-1,-1,0,warn:rot_err=31.3;no_hour
train/10-15/46.jpg,10,15,112,112,117,37,81,161,270,ok
train/10-15/47.jpg,10,15,112,112,117,213,151,72,90,ok
train/10-15/48.jpg,10,15,112,112,118,46,71,176,270,ok
train/10-15/5.jpg,10,15,112,112,187,118,62,81,0,ok
train/10-15/50.jpg,10,15,112,112,118,49,75,168,270,ok
train/10-15/52.jpg,10,15,112,112,117,43,82,161,270,ok
train/10-15/53.jpg,10,15,112,112,117,179,170,26,90,ok
train/10-15/54.jpg,10,15,112,112,-1,-1,-1,-1,-1,fail:no_candidates
train/10-15/55.jpg,10,15,112,112,-1,-1,-1,-1,-1,fail:no_candidates
train/10-15/56.jpg,10,15,112,112,7,116,161,142,180,ok
train/10-15/57.jpg,10,15,112,112,106,68,71,153,270,ok
train/10-15/59.jpg,10,15,112,112,141,117,-1,-1,0,ok;no_hour
train/10-15/6.jpg,10,15,112,112,-1,-1,-1,-1,-1,fail:no_candidates
train/10-15/61.jpg,10,15,112,112,208,117,68,70,0,ok
train/10-15/63.jpg,10,15,112,112,201,118,62,81,0,ok
train/10-15/64.jpg,10,15,112,112,217,117,62,81,0,ok
train/10-15/65.jpg,10,15,112,112,109,178,-1,-1,90,ok;no_hour
train/10-15/66.jpg,10,15,112,112,188,117,64,83,0,ok
train/10-15/67.jpg,10,15,112,112,202,106,67,70,0,ok
train/10-15/69.jpg,10,15,112,112,185,117,49,71,0,ok
train/10-15/7.jpg,10,15,112,112,201,106,54,75,0,ok
train/10-15/71.jpg,10,15,112,112,-1,-1,-1,-1,-1,fail:no_candidates
train/10-15/73.jpg,10,15,112,112,117,51,83,159,270,ok
train/10-15/75.jpg,10,15,112,112,212,117,47,70,0,ok
train/10-15/76.jpg,10,15,112,112,203,117,65,84,0,ok
train/10-15/77.jpg,10,15,112,112,162,105,67,70,0,ok
train/10-15/78.jpg,10,15,112,112,20,116,161,142,180,ok
train/10-15/8.jpg,10,15,112,112,8,116,152,151,180,ok
train/10-15/81.jpg,10,15,112,112,106,164,150,70,90,ok
train/10-15/82.jpg,10,15,112,112,117,27,81,161,270,ok
train/10-15/83.jpg,10,15,112,112,37,117,161,141,180,ok
train/10-15/84.jpg,10,15,112,112,34,117,177,154,180,ok
train/10-15/85.jpg,10,15,112,112,175,117,47,70,0,ok
train/10-15/87.jpg,10,15,112,112,116,190,152,69,90,ok
train/10-15/88.jpg,10,15,112,112,206,106,62,81,0,ok
train/10-15/89.jpg,10,15,112,112,117,38,65,181,270,ok
train/10-15/9.jpg,10,15,112,112,38,116,161,142,180,ok
train/10-15/90.jpg,10,15,112,112,-1,-1,-1,-1,-1,fail:no_candidates
train/10-15/91.jpg,10,15,112,112,47,117,159,156,180,ok
train/10-15/92.jpg,10,15,112,112,209,117,62,81,0,ok
train/10-15/94.jpg,10,15,112,112,28,116,161,142,180,ok
train/10-15/95.jpg,10,15,112,112,217,117,69,71,0,ok
train/10-15/97.jpg,10,15,112,112,213,117,61,80,0,ok
train/10-15/98.jpg,10,15,112,112,205,106,62,81,0,ok
train/10-15/99.jpg,10,15,112,112,117,182,152,70,90,ok
train/10-20/1.jpg,10,20,112,112,64,81,175,155,180,ok
train/10-20/10.jpg,10,20,112,112,37,62,153,153,180,ok
train/10-20/11.jpg,10,20,112,112,63,80,-1,-1,180,ok;no_hour
train/10-20/12.jpg,10,20,112,112,206,160,52,70,0,ok
train/10-20/13.jpg,10,20,112,112,31,72,175,156,180,ok
train/10-20/15.jpg,10,20,112,112,65,82,186,162,180,ok
train/10-20/16.jpg,10,20,112,112,75,186,152,73,90,ok
train/10-20/17.jpg,10,20,112,112,182,158,71,70,0,ok
train/10-20/18.jpg,10,20,112,112,67,84,160,146,180,ok
train/10-20/19.jpg,10,20,112,112,191,163,70,70,0,ok
train/10-20/2.jpg,10,20,112,112,196,167,69,69,0,ok
train/10-20/20.jpg,10,20,112,112,30,71,150,152,180,ok
train/10-20/21.jpg,10,20,112,112,65,82,181,158,180,ok
train/10-20/22.jpg,10,20,112,112,68,184,137,66,90,ok
train/10-20/24.jpg,10,20,112,112,195,153,63,78,0,ok
train/10-20/25.jpg,10,20,112,112,-1,-1,-1,-1,-1,fail:no_candidates
train/10-20/27.jpg,10,20,112,112,87,151,142,70,90,ok
train/10-20/28.jpg,10,20,112,112,188,161,64,81,0,ok
train/10-20/29.jpg,10,20,112,112,-1,-1,-1,-1,-1,fail:no_candidates
train/10-20/30.jpg,10,20,112,112,31,71,150,152,180,ok
train/10-20/31.jpg,10,20,112,112,157,44,78,160,270,ok
train/10-20/33.jpg,10,20,112,112,188,161,70,69,0,ok
train/10-20/34.jpg,10,20,112,112,203,158,69,69,0,ok
train/10-20/38.jpg,10,20,112,112,185,160,71,70,0,ok
train/10-20/39.jpg,10,20,112,112,54,198,-1,-1,90,ok;no_hour
train/10-20/4.jpg,10,20,112,112,196,154,69,69,0,ok
train/10-20/41.jpg,10,20,112,112,163,148,-1,-1,0,ok;no_hour
train/10-20/42.jpg,10,20,112,112,192,152,49,67,0,ok
train/10-20/43.jpg,10,20,112,112,-1,-1,-1,-1,-1,fail:no_candidates
train/10-20/45.jpg,10,20,112,112,159,40,79,159,270,ok
train/10-20/46.jpg,10,20,112,112,142,64,71,193,270,ok
train/10-20/47.jpg,10,20,112,112,168,25,79,160,270,ok
train/10-20/48.jpg,10,20,112,112,43,64,145,138,180,ok
train/10-20/49.jpg,10,20,112,112,27,56,150,152,180,ok
train/10-20/5.jpg,10,20,112,112,65,82,174,154,180,ok
train/10-20/51.jpg,10,20,112,112,71,192,151,75,90,ok
train/10-20/52.jpg,10,20,112,112,159,142,54,72,0,ok
train/10-20/53.jpg,10,20,112,112,169,152,43,64,0,ok
train/10-20/54.jpg,10,20,112,112,-1,-1,-1,-1,-1,fail:no_candidates
train/10-20/55.jpg,10,20,112,112,-1,-1,-1,-1,-1,fail:no_candidates
train/10-20/56.jpg,10,20,112,112,68,198,151,75,90,ok
train/10-20/57.jpg,10,20,112,112,67,84,160,146,180,ok
train/10-20/59.jpg,10,20,112,112,136,132,92,86,0,ok
train/10-20/6.jpg,10,20,112,112,-1,-1,-1,-1,-1,fail:no_candidates
train/10-20/60.jpg,10,20,112,112,166,28,79,159,270,ok
train/10-20/63.jpg,10,20,112,112,142,64,61,189,270,ok
train/10-20/65.jpg,10,20,112,112,64,80,177,142,180,ok
train/10-20/66.jpg,10,20,112,112,64,80,181,159,180,ok
train/10-20/67.jpg,10,20,112,112,30,71,159,143,180,ok
train/10-20/7.jpg,10,20,112,112,190,150,54,73,0,ok
train/10-20/70.jpg,10,20,112,112,75,187,145,63,90,ok
train/10-20/71.jpg,10,20,112,112,65,82,186,161,180,ok
train/10-20/73.jpg,10,20,112,112,63,81,160,146,180,ok
train/10-20/74.jpg,10,20,112,112,194,153,63,79,0,ok
train/10-20/75.jpg,10,20,112,112,31,59,149,152,180,ok
train/10-20/76.jpg,10,20,112,112,186,160,71,70,0,ok
train/10-20/77.jpg,10,20,112,112,65,186,-1,-1,90,ok;no_hour
train/10-20/78.jpg,10,20,112,112,186,160,70,70,0,ok
train/10-20/79.jpg,10,20,112,112,135,73,88,164,270,ok
train/10-20/8.jpg,10,20,112,112,160,39,80,159,270,ok
train/10-20/80.jpg,10,20,112,112,64,81,166,149,180,ok
train/10-20/81.jpg,10,20,112,112,161,37,79,159,270,ok
train/10-20/82.jpg,10,20,112,112,37,62,160,145,180,ok
train/10-20/83.jpg,10,20,112,112,64,81,173,154,180,ok
train/10-20/84.jpg,10,20,112,112,193,152,46,67,0,ok
train/10-20/85.jpg,10,20,112,112,141,66,61,189,270,ok
train/10-20/86.jpg,10,20,112,112,193,152,69,69,0,ok
train/10-20/88.jpg,10,20,112,112,157,44,79,159,270,ok
train/10-20/89.jpg,10,20,112,112,76,185,152,72,90,ok
train/10-20/9.jpg,10,20,112,112,142,64,71,171,270,ok
train/10-20/90.jpg,10,20,112,112,30,59,152,152,180,ok
train/10-20/91.jpg,10,20,112,112,59,75,180,160,180,ok
train/10-20/92.jpg,10,20,112,112,34,61,151,152,180,ok
train/10-20/93.jpg,10,20,112,112,158,41,70,152,270,ok
train/10-20/94.jpg,10,20,112,112,71,191,152,71,90,ok
train/10-20/95.jpg,10,20,112,112,161,37,78,160,270,ok
train/10-20/96.jpg,10,20,112,112,152,52,70,173,270,ok
train/10-20/97.jpg,10,20,112,112,66,83,196,168,180,ok
train/10-20/98.jpg,10,20,112,112,181,158,63,78,0,ok
train/10-20/99.jpg,10,20,112,112,64,81,166,149,180,ok
train/10-25/0.jpg,10,25,112,112,61,35,159,146,180,ok
train/10-25/1.jpg,10,25,112,112,69,49,158,144,180,ok
train/10-25/10.jpg,10,25,112,112,190,73,68,151,270,ok
train/10-25/11.jpg,10,25,112,112,158,144,-1,-1,0,warn:rot_err=25.2;no_hour
train/10-25/12.jpg,10,25,112,112,150,190,72,68,0,ok
train/10-25/13.jpg,10,25,112,112,152,193,75,69,0,ok
train/10-25/14.jpg,10,25,112,112,67,145,-1,-1,90,ok;no_hour
train/10-25/15.jpg,10,25,112,112,153,194,73,68,0,ok
train/10-25/16.jpg,10,25,112,112,58,30,159,147,180,ok
train/10-25/17.jpg,10,25,112,112,159,206,64,76,0,ok
train/10-25/19.jpg,10,25,112,112,160,185,72,68,0,ok
train/10-25/2.jpg,10,25,112,112,56,26,151,155,180,ok
train/10-25/21.jpg,10,25,112,112,65,20,148,154,180,ok
train/10-25/22.jpg,10,25,112,112,160,185,64,76,0,ok
train/10-25/23.jpg,10,25,112,112,196,58,-1,-1,270,ok;no_hour
train/10-25/25.jpg,10,25,112,112,-1,-1,-1,-1,-1,fail:no_candidates
train/10-25/26.jpg,10,25,112,112,59,30,158,145,180,ok
train/10-25/28.jpg,10,25,112,112,50,153,154,75,90,ok
train/10-25/29.jpg,10,25,112,112,-1,-1,-1,-1,-1,fail:no_candidates
train/10-25/30.jpg,10,25,112,112,189,61,78,158,270,ok
train/10-25/31.jpg,10,25,112,112,150,190,74,69,0,ok
train/10-25/32.jpg,10,25,112,112,179,79,45,194,270,ok
train/10-25/33.jpg,10,25,112,112,153,195,73,68,0,ok
train/10-25/34.jpg,10,25,112,112,167,198,72,68,0,ok
train/10-25/35.jpg,10,25,112,112,69,31,-1,-1,180,ok;no_hour
train/10-25/36.jpg,10,25,112,112,-1,-1,-1,-1,-1,fail:no_candidates
train/10-25/37.jpg,10,25,112,112,157,201,72,68,0,ok
train/10-25/38.jpg,10,25,112,112,161,188,74,69,0,ok
train/10-25/39.jpg,10,25,112,112,-1,-1,-1,-1,-1,fail:no_candidates
train/10-25/4.jpg,10,25,112,112,152,192,64,76,0,ok
train/10-25/40.jpg,10,25,112,112,206,63,78,158,270,ok
train/10-25/41.jpg,10,25,112,112,152,193,63,76,0,ok
train/10-25/42.jpg,10,25,112,112,155,198,51,66,0,ok
train/10-25/43.jpg,10,25,112,112,-1,-1,-1,-1,-1,fail:no_candidates
train/10-25/44.jpg,10,25,112,112,32,164,154,75,90,ok
train/10-25/45.jpg,10,25,112,112,28,166,155,72,90,ok
train/10-25/46.jpg,10,25,112,112,153,173,65,79,0,ok
train/10-25/48.jpg,10,25,112,112,146,159,61,56,0,ok
train/10-25/49.jpg,10,25,112,112,193,71,77,159,270,ok
train/10-25/5.jpg,10,25,112,112,206,63,68,150,270,ok
train/10-25/50.jpg,10,25,112,112,77,63,172,157,180,ok
train/10-25/51.jpg,10,25,112,112,193,70,69,149,270,ok
train/10-25/52.jpg,10,25,112,112,159,183,75,69,0,ok
train/10-25/53.jpg,10,25,112,112,152,171,75,69,0,ok
train/10-25/54.jpg,10,25,112,112,-1,-1,-1,-1,-1,fail:no_candidates
train/10-25/55.jpg,10,25,112,112,151,188,67,77,0,ok
train/10-25/56.jpg,10,25,112,112,162,189,65,77,0,ok
train/10-25/57.jpg,10,25,112,112,199,54,60,159,270,ok
train/10-25/59.jpg,10,25,112,112,142,101,96,139,270,ok
train/10-25/60.jpg,10,25,112,112,71,52,149,154,180,ok
train/10-25/61.jpg,10,25,112,112,161,188,65,79,0,ok
train/10-25/63.jpg,10,25,112,112,193,71,79,158,270,ok
train/10-25/64.jpg,10,25,112,112,162,190,72,68,0,ok
train/10-25/67.jpg,10,25,112,112,161,187,64,77,0,ok
train/10-25/69.jpg,10,25,112,112,145,181,29,46,0,ok
train/10-25/70.jpg,10,25,112,112,147,64,-1,-1,270,ok;no_hour
train/10-25/71.jpg,10,25,112,112,-1,-1,-1,-1,-1,fail:no_candidates
train/10-25/72.jpg,10,25,112,112,22,168,153,76,90,ok
train/10-25/73.jpg,10,25,112,112,193,71,78,158,270,ok
train/10-25/74.jpg,10,25,112,112,66,145,144,65,90,ok
train/10-25/76.jpg,10,25,112,112,62,34,150,154,180,ok
train/10-25/78.jpg,10,25,112,112,161,186,72,68,0,ok
train/10-25/79.jpg,10,25,112,112,57,136,162,65,90,ok
train/10-25/8.jpg,10,25,112,112,152,193,75,69,0,ok
train/10-25/80.jpg,10,25,112,112,49,154,155,73,90,ok
train/10-25/82.jpg,10,25,112,112,155,198,72,68,0,ok
train/10-25/84.jpg,10,25,112,112,71,29,174,160,180,ok
train/10-25/85.jpg,10,25,112,112,193,71,71,145,270,ok
train/10-25/87.jpg,10,25,112,112,164,190,64,76,0,ok
train/10-25/89.jpg,10,25,112,112,161,188,72,68,0,ok
train/10-25/9.jpg,10,25,112,112,37,161,152,78,90,ok
train/10-25/90.jpg,10,25,112,112,-1,-1,-1,-1,-1,fail:no_candidates
train/10-25/91.jpg,10,25,112,112,139,172,66,61,0,ok
train/10-25/92.jpg,10,25,112,112,165,194,64,76,0,ok
train/10-25/93.jpg,10,25,112,112,61,34,149,154,180,ok
train/10-25/94.jpg,10,25,112,112,160,185,72,68,0,ok
train/10-25/95.jpg,10,25,112,112,160,185,74,69,0,ok
train/10-25/96.jpg,10,25,112,112,193,71,63,175,270,ok
train/10-25/97.jpg,10,25,112,112,165,194,64,77,0,ok
train/10-25/99.jpg,10,25,112,112,172,83,77,159,270,ok
train/10-30/0.jpg,10,30,112,112,201,106,78,156,270,ok
train/10-30/1.jpg,10,30,112,112,104,186,66,76,0,ok
train/10-30/10.jpg,10,30,112,112,207,118,66,148,270,ok
train/10-30/12.jpg,10,30,112,112,117,50,147,156,180,ok
train/10-30/13.jpg,10,30,112,112,117,158,55,67,0,ok
train/10-30/15.jpg,10,30,112,112,117,48,157,148,180,ok
train/10-30/16.jpg,10,30,112,112,105,196,77,67,0,ok
train/10-30/17.jpg,10,30,112,112,209,117,76,156,270,ok
train/10-30/18.jpg,10,30,112,112,166,117,74,159,270,ok
train/10-30/19.jpg,10,30,112,112,116,217,77,67,0,ok
train/10-30/2.jpg,10,30,112,112,65,117,156,76,90,ok
train/10-30/20.jpg,10,30,112,112,116,202,77,67,0,ok
train/10-30/21.jpg,10,30,112,112,104,205,66,76,0,ok
train/10-30/22.jpg,10,30,112,112,75,112,146,61,90,ok
train/10-30/24.jpg,10,30,112,112,65,117,157,74,90,ok
train/10-30/25.jpg,10,30,112,112,-1,-1,-1,-1,-1,fail:no_candidates
train/10-30/27.jpg,10,30,112,112,118,157,65,75,0,ok
train/10-30/28.jpg,10,30,112,112,145,156,-1,-1,0,warn:rot_err=36.9;no_hour
train/10-30/3.jpg,10,30,112,112,148,65,-1,-1,180,warn:rot_err=37.5;no_hour
train/10-30/30.jpg,10,30,112,112,105,68,156,148,180,ok
train/10-30/31.jpg,10,30,112,112,178,117,77,156,270,ok
train/10-30/33.jpg,10,30,112,112,117,159,76,66,0,ok
train/10-30/34.jpg,10,30,112,112,116,198,77,67,0,ok
train/10-30/35.jpg,10,30,112,112,115,199,-1,-1,0,ok;no_hour
train/10-30/36.jpg,10,30,112,112,7,114,148,67,90,ok
train/10-30/37.jpg,10,30,112,112,106,44,147,156,180,ok
train/10-30/39.jpg,10,30,112,112,119,83,-1,-1,180,ok;no_hour
train/10-30/40.jpg,10,30,112,112,105,72,156,146,180,ok
train/10-30/41.jpg,10,30,112,112,195,118,77,157,270,ok
train/10-30/42.jpg,10,30,112,112,65,117,156,77,90,ok
train/10-30/43.jpg,10,30,112,112,39,116,145,68,90,ok
train/10-30/44.jpg,10,30,112,112,22,117,156,78,90,ok
train/10-30/45.jpg,10,30,112,112,105,201,77,67,0,ok
train/10-30/46.jpg,10,30,112,112,106,146,67,77,0,ok
train/10-30/47.jpg,10,30,112,112,117,200,76,66,0,ok
train/10-30/48.jpg,10,30,112,112,105,155,56,65,0,ok
train/10-30/49.jpg,10,30,112,112,105,184,77,67,0,ok
train/10-30/5.jpg,10,30,112,112,117,187,76,66,0,ok
train/10-30/50.jpg,10,30,112,112,118,156,69,59,0,ok
train/10-30/52.jpg,10,30,112,112,116,183,66,76,0,ok
train/10-30/53.jpg,10,30,112,112,118,155,66,75,0,ok
train/10-30/54.jpg,10,30,112,112,-1,-1,-1,-1,-1,fail:no_candidates
train/10-30/55.jpg,10,30,112,112,-1,-1,-1,-1,-1,fail:no_candidates
train/10-30/56.jpg,10,30,112,112,65,117,146,67,90,ok
train/10-30/57.jpg,10,30,112,112,105,67,156,145,180,ok
train/10-30/58.jpg,10,30,112,112,-1,-1,-1,-1,-1,fail:no_candidates
train/10-30/6.jpg,10,30,112,112,77,106,156,76,90,ok
train/10-30/60.jpg,10,30,112,112,117,149,67,77,0,ok
train/10-30/61.jpg,10,30,112,112,188,117,77,156,270,ok
train/10-30/62.jpg,10,30,112,112,105,67,149,157,180,ok
train/10-30/63.jpg,10,30,112,112,117,206,66,76,0,ok
train/10-30/64.jpg,10,30,112,112,20,116,155,78,90,ok
train/10-30/65.jpg,10,30,112,112,-1,-1,-1,-1,-1,fail:no_candidates
train/10-30/66.jpg,10,30,112,112,105,182,75,66,0,ok
train/10-30/67.jpg,10,30,112,112,105,201,67,77,0,ok
train/10-30/68.jpg,10,30,112,112,14,105,146,67,90,ok
train/10-30/69.jpg,10,30,112,112,182,105,78,156,270,ok
train/10-30/7.jpg,10,30,112,112,105,81,156,146,180,ok
train/10-30/71.jpg,10,30,112,112,182,119,77,156,270,ok
train/10-30/73.jpg,10,30,112,112,116,177,68,59,0,ok
train/10-30/75.jpg,10,30,112,112,22,105,155,79,90,ok
train/10-30/76.jpg,10,30,112,112,105,204,77,67,0,ok
train/10-30/78.jpg,10,30,112,112,117,157,67,77,0,ok
train/10-30/79.jpg,10,30,112,112,157,105,68,166,270,ok
train/10-30/80.jpg,10,30,112,112,179,105,76,157,270,ok
train/10-30/82.jpg,10,30,112,112,117,24,156,147,180,ok
train/10-30/83.jpg,10,30,112,112,118,147,66,76,0,ok
train/10-30/86.jpg,10,30,112,112,31,116,156,76,90,ok
train/10-30/87.jpg,10,30,112,112,156,105,67,146,270,ok
train/10-30/89.jpg,10,30,112,112,116,183,77,67,0,ok
train/10-30/90.jpg,10,30,112,112,203,117,76,156,270,ok
train/10-30/91.jpg,10,30,112,112,145,156,-1,-1,0,warn:rot_err=36.9;no_hour
train/10-30/92.jpg,10,30,112,112,116,183,77,67,0,ok
train/10-30/93.jpg,10,30,112,112,116,186,66,75,0,ok
train/10-30/94.jpg,10,30,112,112,-1,-1,-1,-1,-1,fail:no_candidates
train/10-30/95.jpg,10,30,112,112,22,105,156,77,90,ok
train/10-30/96.jpg,10,30,112,112,104,70,146,156,180,ok
train/10-30/97.jpg,10,30,112,112,116,203,76,66,0,ok
train/10-30/98.jpg,10,30,112,112,105,181,75,66,0,ok
train/10-30/99.jpg,10,30,112,112,24,104,163,51,90,ok
train/10-35/0.jpg,10,35,112,112,21,65,159,77,90,ok
train/10-35/1.jpg,10,35,112,112,49,69,159,77,90,ok
train/10-35/10.jpg,10,35,112,112,67,199,69,74,0,ok
train/10-35/11.jpg,10,35,112,112,-1,-1,-1,-1,-1,fail:no_candidates
train/10-35/12.jpg,10,35,112,112,139,51,155,151,180,ok
train/10-35/13.jpg,10,35,112,112,72,192,62,66,0,ok
train/10-35/14.jpg,10,35,112,112,71,195,-1,-1,0,ok;no_hour
train/10-35/15.jpg,10,35,112,112,69,195,67,71,0,ok
train/10-35/16.jpg,10,35,112,112,24,67,159,76,90,ok
train/10-35/17.jpg,10,35,112,112,160,18,155,151,180,ok
train/10-35/18.jpg,10,35,112,112,71,194,76,62,0,ok
train/10-35/19.jpg,10,35,112,112,30,70,152,68,90,ok
train/10-35/20.jpg,10,35,112,112,72,191,76,64,0,ok
train/10-35/23.jpg,10,35,112,112,42,78,159,75,90,ok
train/10-35/25.jpg,10,35,112,112,-1,-1,-1,-1,-1,fail:no_candidates
train/10-35/26.jpg,10,35,112,112,157,23,146,158,180,ok
train/10-35/27.jpg,10,35,112,112,71,81,151,67,90,ok
train/10-35/29.jpg,10,35,112,112,163,34,146,159,180,ok
train/10-35/3.jpg,10,35,112,112,67,71,-1,-1,90,ok;no_hour
train/10-35/30.jpg,10,35,112,112,34,61,158,77,90,ok
train/10-35/31.jpg,10,35,112,112,190,150,72,155,270,ok
train/10-35/32.jpg,10,35,112,112,28,71,159,77,90,ok
train/10-35/37.jpg,10,35,112,112,160,39,147,159,180,ok
train/10-35/38.jpg,10,35,112,112,72,191,76,64,0,ok
train/10-35/39.jpg,10,35,112,112,-1,-1,-1,-1,-1,fail:no_candidates
train/10-35/4.jpg,10,35,112,112,73,190,76,64,0,ok
train/10-35/40.jpg,10,35,112,112,42,79,158,78,90,ok
train/10-35/41.jpg,10,35,112,112,35,61,-1,-1,90,ok;no_hour
train/10-35/42.jpg,10,35,112,112,160,39,154,150,180,ok
train/10-35/43.jpg,10,35,112,112,191,151,73,154,270,ok
train/10-35/44.jpg,10,35,112,112,79,179,68,73,0,ok
train/10-35/45.jpg,10,35,112,112,70,193,68,72,0,ok
train/10-35/49.jpg,10,35,112,112,81,176,68,73,0,ok
train/10-35/5.jpg,10,35,112,112,155,47,155,150,180,ok
train/10-35/50.jpg,10,35,112,112,161,36,166,161,180,ok
train/10-35/51.jpg,10,35,112,112,185,160,74,154,270,ok
train/10-35/52.jpg,10,35,112,112,53,199,68,73,0,ok
train/10-35/53.jpg,10,35,112,112,54,201,75,80,0,ok
train/10-35/54.jpg,10,35,112,112,67,93,-1,-1,90,ok;no_hour
train/10-35/55.jpg,10,35,112,112,70,191,70,71,0,ok
train/10-35/56.jpg,10,35,112,112,72,191,68,72,0,ok
train/10-35/57.jpg,10,35,112,112,86,168,45,30,0,ok
train/10-35/58.jpg,10,35,112,112,57,197,68,72,0,ok
train/10-35/59.jpg,10,35,112,112,96,85,-1,-1,90,warn:rot_err=29.3;no_hour
train/10-35/6.jpg,10,35,112,112,188,160,71,154,270,ok
train/10-35/60.jpg,10,35,112,112,66,200,76,64,0,ok
train/10-35/61.jpg,10,35,112,112,69,196,67,71,0,ok
train/10-35/62.jpg,10,35,112,112,69,195,69,74,0,ok
train/10-35/63.jpg,10,35,112,112,71,193,67,70,0,ok
train/10-35/64.jpg,10,35,112,112,71,192,76,64,0,ok
train/10-35/65.jpg,10,35,112,112,141,136,-1,-1,270,ok;no_hour
train/10-35/66.jpg,10,35,112,112,74,188,76,64,0,ok
train/10-35/67.jpg,10,35,112,112,61,189,68,72,0,ok
train/10-35/68.jpg,10,35,112,112,59,192,70,58,0,ok
train/10-35/7.jpg,10,35,112,112,153,30,155,150,180,ok
train/10-35/70.jpg,10,35,112,112,69,175,68,72,0,ok
train/10-35/71.jpg,10,35,112,112,-1,-1,-1,-1,-1,fail:no_candidates
train/10-35/72.jpg,10,35,112,112,61,189,76,64,0,ok
train/10-35/74.jpg,10,35,112,112,82,175,68,73,0,ok
train/10-35/76.jpg,10,35,112,112,71,192,76,64,0,ok
train/10-35/77.jpg,10,35,112,112,68,72,-1,-1,90,ok;no_hour
train/10-35/78.jpg,10,35,112,112,71,193,68,72,0,ok
train/10-35/8.jpg,10,35,112,112,196,166,73,155,270,ok
train/10-35/80.jpg,10,35,112,112,32,73,159,77,90,ok
train/10-35/81.jpg,10,35,112,112,71,190,76,66,0,ok
train/10-35/82.jpg,10,35,112,112,23,67,158,77,90,ok
train/10-35/83.jpg,10,35,112,112,193,152,73,155,270,ok
train/10-35/84.jpg,10,35,112,112,152,30,155,150,180,ok
train/10-35/85.jpg,10,35,112,112,161,36,153,168,180,ok
train/10-35/86.jpg,10,35,112,112,68,197,68,72,0,ok
train/10-35/87.jpg,10,35,112,112,25,68,159,76,90,ok
train/10-35/9.jpg,10,35,112,112,187,162,75,154,270,ok
train/10-35/91.jpg,10,35,112,112,91,159,59,61,0,ok
train/10-35/92.jpg,10,35,112,112,198,155,74,154,270,ok
train/10-35/94.jpg,10,35,112,112,-1,-1,-1,-1,-1,fail:no_candidates
train/10-35/95.jpg,10,35,112,112,19,64,159,76,90,ok
train/10-35/96.jpg,10,35,112,112,79,179,67,71,0,ok
train/10-35/97.jpg,10,35,112,112,193,152,72,155,270,ok
train/10-35/98.jpg,10,35,112,112,150,33,146,158,180,ok
train/10-35/99.jpg,10,35,112,112,84,171,55,57,0,ok
train/10-40/0.jpg,10,40,112,112,81,64,-1,-1,90,ok;no_hour
train/10-40/1.jpg,10,40,112,112,81,64,-1,-1,90,ok;no_hour
train/10-40/10.jpg,10,40,112,112,40,159,69,69,0,ok
train/10-40/11.jpg,10,40,112,112,68,69,-1,-1,90,ok;no_hour
train/10-40/12.jpg,10,40,112,112,80,64,-1,-1,90,ok;no_hour
train/10-40/13.jpg,10,40,112,112,56,150,79,63,0,ok
train/10-40/14.jpg,10,40,112,112,65,147,-1,-1,0,ok;no_hour
train/10-40/16.jpg,10,40,112,112,43,157,69,69,0,ok
train/10-40/17.jpg,10,40,112,112,64,143,-1,-1,0,ok;no_hour
train/10-40/18.jpg,10,40,112,112,78,60,-1,-1,90,ok;no_hour
train/10-40/19.jpg,10,40,112,112,163,191,72,152,270,ok
train/10-40/2.jpg,10,40,112,112,32,164,78,63,0,ok
train/10-40/21.jpg,10,40,112,112,159,81,-1,-1,180,ok;no_hour
train/10-40/22.jpg,10,40,112,112,82,68,158,42,90,ok
train/10-40/23.jpg,10,40,112,112,158,180,-1,-1,270,ok;no_hour
train/10-40/24.jpg,10,40,112,112,44,157,69,69,0,ok
train/10-40/25.jpg,10,40,112,112,-1,-1,-1,-1,-1,fail:no_candidates
train/10-40/26.jpg,10,40,112,112,156,179,72,152,270,ok
train/10-40/28.jpg,10,40,112,112,81,64,-1,-1,90,ok;no_hour
train/10-40/29.jpg,10,40,112,112,205,64,153,151,180,ok
train/10-40/3.jpg,10,40,112,112,30,151,71,74,0,ok
train/10-40/30.jpg,10,40,112,112,161,188,73,152,270,ok
train/10-40/31.jpg,10,40,112,112,66,141,-1,-1,0,ok;no_hour
train/10-40/32.jpg,10,40,112,112,63,144,-1,-1,0,ok;no_hour
train/10-40/33.jpg,10,40,112,112,30,164,70,72,0,ok
train/10-40/34.jpg,10,40,112,112,143,159,-1,-1,270,ok;no_hour
train/10-40/35.jpg,10,40,112,112,69,84,-1,-1,90,warn:rot_err=26.9;no_hour
train/10-40/36.jpg,10,40,112,112,-1,-1,-1,-1,-1,fail:no_candidates
train/10-40/37.jpg,10,40,112,112,28,153,69,69,0,ok
train/10-40/38.jpg,10,40,112,112,160,186,72,152,270,ok
train/10-40/39.jpg,10,40,112,112,-1,-1,-1,-1,-1,fail:no_candidates
train/10-40/4.jpg,10,40,112,112,165,195,71,153,270,ok
train/10-40/40.jpg,10,40,112,112,66,144,59,40,0,ok
train/10-40/41.jpg,10,40,112,112,-1,-1,-1,-1,-1,fail:no_candidates
train/10-40/42.jpg,10,40,112,112,59,148,78,63,0,ok
train/10-40/44.jpg,10,40,112,112,23,169,70,72,0,ok
train/10-40/45.jpg,10,40,112,112,61,37,159,80,90,ok
train/10-40/46.jpg,10,40,112,112,39,160,70,72,0,ok
train/10-40/47.jpg,10,40,112,112,199,55,153,152,180,ok
train/10-40/48.jpg,10,40,112,112,77,58,-1,-1,90,ok;no_hour
train/10-40/5.jpg,10,40,112,112,63,39,153,69,90,ok
train/10-40/50.jpg,10,40,112,112,173,69,-1,-1,180,ok;no_hour
train/10-40/52.jpg,10,40,112,112,70,25,159,80,90,ok
train/10-40/53.jpg,10,40,112,112,155,84,-1,-1,180,ok;no_hour
train/10-40/54.jpg,10,40,112,112,-1,-1,-1,-1,-1,fail:no_candidates
train/10-40/55.jpg,10,40,112,112,192,68,144,156,180,ok
train/10-40/56.jpg,10,40,112,112,168,199,73,152,270,ok
train/10-40/57.jpg,10,40,112,112,164,77,-1,-1,180,ok;no_hour
train/10-40/58.jpg,10,40,112,112,-1,-1,-1,-1,-1,fail:no_candidates
train/10-40/59.jpg,10,40,112,112,97,84,-1,-1,90,ok;no_hour
train/10-40/6.jpg,10,40,112,112,63,37,158,80,90,ok
train/10-40/60.jpg,10,40,112,112,27,167,70,71,0,ok
train/10-40/61.jpg,10,40,112,112,60,34,154,69,90,ok
train/10-40/63.jpg,10,40,112,112,81,64,-1,-1,90,ok;no_hour
train/10-40/64.jpg,10,40,112,112,23,169,69,69,0,ok
train/10-40/66.jpg,10,40,112,112,154,85,-1,-1,180,ok;no_hour
train/10-40/67.jpg,10,40,112,112,168,201,71,153,270,ok
train/10-40/69.jpg,10,40,112,112,160,79,-1,-1,180,ok;no_hour
train/10-40/71.jpg,10,40,112,112,-1,-1,-1,-1,-1,fail:no_candidates
train/10-40/72.jpg,10,40,112,112,25,168,69,69,0,ok
train/10-40/73.jpg,10,40,112,112,193,71,155,174,180,ok
train/10-40/74.jpg,10,40,112,112,63,144,-1,-1,0,ok;no_hour
train/10-40/75.jpg,10,40,112,112,34,162,78,63,0,ok
train/10-40/77.jpg,10,40,112,112,38,158,-1,-1,0,ok;no_hour
train/10-40/79.jpg,10,40,112,112,55,151,-1,-1,0,ok;no_hour
train/10-40/8.jpg,10,40,112,112,192,59,144,160,180,ok
train/10-40/80.jpg,10,40,112,112,142,159,-1,-1,270,ok;no_hour
train/10-40/81.jpg,10,40,112,112,-1,-1,-1,-1,-1,fail:no_candidates
train/10-40/85.jpg,10,40,112,112,153,173,-1,-1,270,ok;no_hour
train/10-40/86.jpg,10,40,112,112,43,157,70,71,0,ok
train/10-40/88.jpg,10,40,112,112,47,155,70,70,0,ok
train/10-40/9.jpg,10,40,112,112,67,46,154,69,90,ok
train/10-40/90.jpg,10,40,112,112,39,160,70,70,0,ok
train/10-40/91.jpg,10,40,112,112,161,185,55,151,270,ok
train/10-40/93.jpg,10,40,112,112,36,161,69,69,0,ok
train/10-40/94.jpg,10,40,112,112,-1,-1,-1,-1,-1,fail:no_candidates
train/10-40/95.jpg,10,40,112,112,61,36,160,78,90,ok
train/10-40/96.jpg,10,40,112,112,64,142,-1,-1,0,ok;no_hour
train/10-40/98.jpg,10,40,112,112,46,156,70,70,0,ok
train/10-40/99.jpg,10,40,112,112,46,159,-1,-1,0,ok;no_hour
train/10-45/0.jpg,10,45,112,112,8,116,80,61,0,ok
train/10-45/1.jpg,10,45,112,112,104,70,162,80,90,ok
train/10-45/10.jpg,10,45,112,112,116,205,62,142,270,ok
train/10-45/11.jpg,10,45,112,112,11,117,-1,-1,0,ok;no_hour
train/10-45/12.jpg,10,45,112,112,105,68,172,73,90,ok
train/10-45/13.jpg,10,45,112,112,74,117,82,62,0,ok
train/10-45/14.jpg,10,45,112,112,90,35,-1,-1,90,ok;no_hour
train/10-45/15.jpg,10,45,112,112,66,117,84,65,0,ok
train/10-45/17.jpg,10,45,112,112,32,116,82,63,0,ok
train/10-45/18.jpg,10,45,112,112,117,164,-1,-1,270,ok;no_hour
train/10-45/19.jpg,10,45,112,112,67,117,82,63,0,ok
train/10-45/2.jpg,10,45,112,112,117,157,63,141,270,ok
train/10-45/21.jpg,10,45,112,112,32,117,81,62,0,ok
train/10-45/22.jpg,10,45,112,112,166,115,-1,-1,180,ok;no_hour
train/10-45/24.jpg,10,45,112,112,31,116,82,63,0,ok
train/10-45/25.jpg,10,45,112,112,-1,-1,-1,-1,-1,fail:no_candidates
train/10-45/26.jpg,10,45,112,112,106,28,161,81,90,ok
train/10-45/27.jpg,10,45,112,112,118,160,-1,-1,270,ok;no_hour
train/10-45/28.jpg,10,45,112,112,116,179,62,141,270,ok
train/10-45/29.jpg,10,45,112,112,217,107,143,161,180,ok
train/10-45/3.jpg,10,45,112,112,104,81,-1,-1,90,ok;no_hour
train/10-45/30.jpg,10,45,112,112,105,79,161,81,90,ok
train/10-45/31.jpg,10,45,112,112,84,65,-1,-1,90,warn:rot_err=30.8;no_hour
train/10-45/32.jpg,10,45,112,112,87,117,82,62,0,ok
train/10-45/33.jpg,10,45,112,112,105,23,161,82,90,ok
train/10-45/35.jpg,10,45,112,112,140,25,138,70,90,ok
train/10-45/36.jpg,10,45,112,112,66,116,71,67,0,ok
train/10-45/37.jpg,10,45,112,112,105,83,171,73,90,ok
train/10-45/38.jpg,10,45,112,112,116,202,62,142,270,ok
train/10-45/39.jpg,10,45,112,112,-1,-1,-1,-1,-1,fail:no_candidates
train/10-45/4.jpg,10,45,112,112,19,116,81,62,0,ok
train/10-45/40.jpg,10,45,112,112,171,106,142,162,180,ok
train/10-45/41.jpg,10,45,112,112,-1,-1,-1,-1,-1,fail:no_candidates
train/10-45/42.jpg,10,45,112,112,79,58,-1,-1,90,warn:rot_err=31.4;no_hour
train/10-45/43.jpg,10,45,112,112,-1,-1,-1,-1,-1,fail:no_candidates
train/10-45/44.jpg,10,45,112,112,48,117,82,62,0,ok
train/10-45/45.jpg,10,45,112,112,208,106,142,161,180,ok
train/10-45/49.jpg,10,45,112,112,66,117,81,61,0,ok
train/10-45/50.jpg,10,45,112,112,118,138,42,157,270,ok
train/10-45/51.jpg,10,45,112,112,76,117,83,64,0,ok
train/10-45/53.jpg,10,45,112,112,117,176,62,141,270,ok
train/10-45/54.jpg,10,45,112,112,-1,-1,-1,-1,-1,fail:no_candidates
train/10-45/55.jpg,10,45,112,112,-1,-1,-1,-1,-1,fail:no_candidates
train/10-45/57.jpg,10,45,112,112,78,58,-1,-1,90,warn:rot_err=32.2;no_hour
train/10-45/59.jpg,10,45,112,112,182,128,-1,-1,180,ok;no_hour
train/10-45/6.jpg,10,45,112,112,-1,-1,-1,-1,-1,fail:no_candidates
train/10-45/60.jpg,10,45,112,112,66,117,84,65,0,ok
train/10-45/62.jpg,10,45,112,112,30,116,81,62,0,ok
train/10-45/64.jpg,10,45,112,112,155,105,143,161,180,ok
train/10-45/65.jpg,10,45,112,112,109,178,-1,-1,270,ok;no_hour
train/10-45/68.jpg,10,45,112,112,50,116,71,69,0,ok
train/10-45/69.jpg,10,45,112,112,89,117,82,62,0,ok
train/10-45/70.jpg,10,45,112,112,44,116,-1,-1,0,ok;no_hour
train/10-45/72.jpg,10,45,112,112,116,204,62,142,270,ok
train/10-45/73.jpg,10,45,112,112,76,117,66,41,0,ok
train/10-45/74.jpg,10,45,112,112,118,162,61,143,270,ok
train/10-45/76.jpg,10,45,112,112,117,156,62,142,270,ok
train/10-45/77.jpg,10,45,112,112,36,115,-1,-1,0,ok;no_hour
train/10-45/78.jpg,10,45,112,112,67,117,81,62,0,ok
train/10-45/79.jpg,10,45,112,112,74,53,-1,-1,90,warn:rot_err=32.8;no_hour
train/10-45/8.jpg,10,45,112,112,105,67,160,83,90,ok
train/10-45/80.jpg,10,45,112,112,118,140,62,141,270,ok
train/10-45/82.jpg,10,45,112,112,18,116,81,62,0,ok
train/10-45/83.jpg,10,45,112,112,66,118,83,62,0,ok
train/10-45/84.jpg,10,45,112,112,117,187,62,141,270,ok
train/10-45/85.jpg,10,45,112,112,106,50,170,74,90,ok
train/10-45/86.jpg,10,45,112,112,105,78,161,81,90,ok
train/10-45/87.jpg,10,45,112,112,31,116,82,63,0,ok
train/10-45/88.jpg,10,45,112,112,117,157,63,141,270,ok
train/10-45/89.jpg,10,45,112,112,80,117,82,63,0,ok
train/10-45/9.jpg,10,45,112,112,188,106,142,161,180,ok
train/10-45/90.jpg,10,45,112,112,-1,-1,-1,-1,-1,fail:no_candidates
train/10-45/91.jpg,10,45,112,112,68,118,71,50,0,ok
train/10-45/92.jpg,10,45,112,112,66,117,81,62,0,ok
train/10-45/93.jpg,10,45,112,112,35,116,82,63,0,ok
train/10-45/94.jpg,10,45,112,112,-1,-1,-1,-1,-1,fail:no_candidates
train/10-45/95.jpg,10,45,112,112,202,106,143,161,180,ok
train/10-45/96.jpg,10,45,112,112,69,118,80,61,0,ok
train/10-45/97.jpg,10,45,112,112,162,80,-1,-1,180,warn:rot_err=32.6;no_hour
train/10-45/98.jpg,10,45,112,112,117,157,62,142,270,ok
train/10-50/0.jpg,10,50,112,112,203,158,140,162,180,ok
train/10-50/1.jpg,10,50,112,112,45,80,84,61,0,ok
train/10-50/10.jpg,10,50,112,112,154,25,-1,-1,90,ok;no_hour
train/10-50/11.jpg,10,50,112,112,155,22,-1,-1,90,ok;no_hour
train/10-50/12.jpg,10,50,112,112,136,58,199,56,90,ok
train/10-50/13.jpg,10,50,112,112,152,30,162,84,90,ok
train/10-50/14.jpg,10,50,112,112,151,127,-1,-1,180,ok;no_hour
train/10-50/15.jpg,10,50,112,112,179,143,139,161,180,ok
train/10-50/17.jpg,10,50,112,112,77,183,61,140,270,ok
train/10-50/18.jpg,10,50,112,112,159,17,157,87,90,ok
train/10-50/19.jpg,10,50,112,112,29,70,83,61,0,ok
train/10-50/2.jpg,10,50,112,112,31,72,85,63,0,ok
train/10-50/20.jpg,10,50,112,112,34,74,83,61,0,ok
train/10-50/22.jpg,10,50,112,112,163,25,148,112,90,ok
train/10-50/25.jpg,10,50,112,112,82,173,63,139,270,ok
train/10-50/26.jpg,10,50,112,112,41,77,83,61,0,ok
train/10-50/28.jpg,10,50,112,112,181,145,139,162,180,ok
train/10-50/29.jpg,10,50,112,112,205,159,140,162,180,ok
train/10-50/31.jpg,10,50,112,112,42,78,95,78,0,ok
train/10-50/32.jpg,10,50,112,112,50,84,70,42,0,ok
train/10-50/33.jpg,10,50,112,112,71,194,60,141,270,ok
train/10-50/34.jpg,10,50,112,112,21,66,90,69,0,ok
train/10-50/35.jpg,10,50,112,112,84,156,83,196,270,ok
train/10-50/36.jpg,10,50,112,112,18,63,84,62,0,ok
train/10-50/37.jpg,10,50,112,112,144,42,168,80,90,ok
train/10-50/38.jpg,10,50,112,112,71,192,61,140,270,ok
train/10-50/39.jpg,10,50,112,112,-1,-1,-1,-1,-1,fail:no_candidates
train/10-50/4.jpg,10,50,112,112,69,197,61,140,270,ok
train/10-50/40.jpg,10,50,112,112,30,71,83,59,0,ok
train/10-50/41.jpg,10,50,112,112,61,189,56,143,270,ok
train/10-50/42.jpg,10,50,112,112,83,102,95,78,0,ok
train/10-50/44.jpg,10,50,112,112,22,67,83,61,0,ok
train/10-50/45.jpg,10,50,112,112,149,34,-1,-1,90,ok;no_hour
train/10-50/46.jpg,10,50,112,112,30,71,84,61,0,ok
train/10-50/47.jpg,10,50,112,112,22,67,84,61,0,ok
train/10-50/48.jpg,10,50,112,112,17,66,81,56,0,ok
train/10-50/49.jpg,10,50,112,112,22,67,84,61,0,ok
train/10-50/5.jpg,10,50,112,112,42,78,84,61,0,ok
train/10-50/50.jpg,10,50,112,112,31,72,69,39,0,ok
train/10-50/51.jpg,10,50,112,112,33,73,85,63,0,ok
train/10-50/52.jpg,10,50,112,112,29,72,85,63,0,ok
train/10-50/53.jpg,10,50,112,112,19,66,84,61,0,ok
train/10-50/54.jpg,10,50,112,112,-1,-1,-1,-1,-1,fail:no_candidates
train/10-50/58.jpg,10,50,112,112,-1,-1,-1,-1,-1,fail:no_candidates
train/10-50/59.jpg,10,50,112,112,80,101,-1,-1,0,ok;no_hour
train/10-50/6.jpg,10,50,112,112,151,32,162,82,90,ok
train/10-50/60.jpg,10,50,112,112,38,76,85,63,0,ok
train/10-50/62.jpg,10,50,112,112,28,71,85,63,0,ok
train/10-50/63.jpg,10,50,112,112,30,71,84,61,0,ok
train/10-50/64.jpg,10,50,112,112,150,33,-1,-1,90,ok;no_hour
train/10-50/65.jpg,10,50,112,112,141,136,-1,-1,180,ok;no_hour
train/10-50/66.jpg,10,50,112,112,180,144,140,162,180,ok
train/10-50/67.jpg,10,50,112,112,151,31,162,84,90,ok
train/10-50/69.jpg,10,50,112,112,83,175,61,139,270,ok
train/10-50/7.jpg,10,50,112,112,192,151,146,172,180,ok
train/10-50/71.jpg,10,50,112,112,-1,-1,-1,-1,-1,fail:no_candidates
train/10-50/72.jpg,10,50,112,112,32,72,84,62,0,ok
train/10-50/73.jpg,10,50,112,112,134,61,187,65,90,ok
train/10-50/76.jpg,10,50,112,112,30,70,82,61,0,ok
train/10-50/78.jpg,10,50,112,112,152,30,162,83,90,ok
train/10-50/79.jpg,10,50,112,112,58,88,84,62,0,ok
train/10-50/8.jpg,10,50,112,112,37,76,85,62,0,ok
train/10-50/80.jpg,10,50,112,112,42,79,85,62,0,ok
train/10-50/81.jpg,10,50,112,112,-1,-1,-1,-1,-1,fail:no_candidates
train/10-50/82.jpg,10,50,112,112,26,69,85,63,0,ok
train/10-50/83.jpg,10,50,112,112,198,155,139,163,180,ok
train/10-50/84.jpg,10,50,112,112,31,72,84,61,0,ok
train/10-50/85.jpg,10,50,112,112,57,87,66,35,0,ok
train/10-50/86.jpg,10,50,112,112,153,27,160,85,90,ok
train/10-50/88.jpg,10,50,112,112,144,43,-1,-1,90,ok;no_hour
train/10-50/89.jpg,10,50,112,112,88,163,56,143,270,ok
train/10-50/9.jpg,10,50,112,112,47,81,84,61,0,ok
train/10-50/90.jpg,10,50,112,112,46,80,85,64,0,ok
train/10-50/92.jpg,10,50,112,112,32,72,89,68,0,ok
train/10-50/94.jpg,10,50,112,112,191,152,138,159,180,ok
train/10-50/95.jpg,10,50,112,112,201,156,139,161,180,ok
train/10-50/96.jpg,10,50,112,112,192,151,139,162,180,ok
train/10-50/97.jpg,10,50,112,112,22,67,84,61,0,ok
train/10-50/98.jpg,10,50,112,112,144,41,-1,-1,90,ok;no_hour
train/10-50/99.jpg,10,50,112,112,50,83,84,61,0,ok
train/10-55/0.jpg,10,55,112,112,154,196,148,156,180,ok
train/10-55/10.jpg,10,55,112,112,178,80,179,79,90,ok
train/10-55/11.jpg,10,55,112,112,-1,-1,-1,-1,-1,fail:no_candidates
train/10-55/12.jpg,10,55,112,112,89,60,77,71,0,ok
train/10-55/14.jpg,10,55,112,112,62,32,-1,-1,0,ok;no_hour
train/10-55/15.jpg,10,55,112,112,76,38,75,68,0,ok
train/10-55/16.jpg,10,55,112,112,37,148,69,147,270,ok
train/10-55/17.jpg,10,55,112,112,183,77,156,75,90,ok
train/10-55/19.jpg,10,55,112,112,28,154,65,148,270,ok
train/10-55/20.jpg,10,55,112,112,151,191,147,154,180,ok
train/10-55/21.jpg,10,55,112,112,49,141,67,148,270,ok
train/10-55/22.jpg,10,55,112,112,68,184,-1,-1,270,warn:rot_err=28.6;no_hour
train/10-55/23.jpg,10,55,112,112,-1,-1,-1,-1,-1,fail:no_candidates
train/10-55/24.jpg,10,55,112,112,68,25,74,64,0,ok
train/10-55/25.jpg,10,55,112,112,-1,-1,-1,-1,-1,fail:no_candidates
train/10-55/26.jpg,10,55,112,112,90,89,-1,-1,0,ok;no_hour
train/10-55/27.jpg,10,55,112,112,81,44,73,66,0,ok
train/10-55/28.jpg,10,55,112,112,143,178,148,156,180,ok
train/10-55/29.jpg,10,55,112,112,160,206,-1,-1,180,ok;no_hour
train/10-55/3.jpg,10,55,112,112,166,69,-1,-1,90,ok;no_hour
train/10-55/30.jpg,10,55,112,112,72,32,86,85,0,ok
train/10-55/31.jpg,10,55,112,112,179,79,156,75,90,ok
train/10-55/33.jpg,10,55,112,112,71,29,75,68,0,ok
train/10-55/34.jpg,10,55,112,112,75,35,75,68,0,ok
train/10-55/35.jpg,10,55,112,112,62,121,84,156,270,ok
train/10-55/36.jpg,10,55,112,112,153,193,146,153,180,ok
train/10-55/38.jpg,10,55,112,112,190,73,156,75,90,ok
train/10-55/39.jpg,10,55,112,112,-1,-1,-1,-1,-1,fail:no_candidates
train/10-55/4.jpg,10,55,112,112,71,31,75,67,0,ok
train/10-55/40.jpg,10,55,112,112,87,57,75,68,0,ok
train/10-55/41.jpg,10,55,112,112,152,193,163,180,180,ok
train/10-55/42.jpg,10,55,112,112,138,169,-1,-1,180,ok;no_hour
train/10-55/43.jpg,10,55,112,112,182,78,-1,-1,90,ok;no_hour
train/10-55/44.jpg,10,55,112,112,35,149,68,148,270,ok
train/10-55/45.jpg,10,55,112,112,80,46,75,67,0,ok
train/10-55/46.jpg,10,55,112,112,75,68,-1,-1,0,ok;no_hour
train/10-55/48.jpg,10,55,112,112,43,144,53,157,270,ok
train/10-55/49.jpg,10,55,112,112,68,22,75,68,0,ok
train/10-55/50.jpg,10,55,112,112,89,61,69,58,0,ok
train/10-55/51.jpg,10,55,112,112,80,46,84,82,0,ok
train/10-55/52.jpg,10,55,112,112,83,51,74,65,0,ok
train/10-55/53.jpg,10,55,112,112,130,156,148,157,180,ok
train/10-55/55.jpg,10,55,112,112,193,68,157,77,90,ok
train/10-55/56.jpg,10,55,112,112,75,35,76,69,0,ok
train/10-55/58.jpg,10,55,112,112,52,140,68,147,270,ok
train/10-55/59.jpg,10,55,112,112,89,135,-1,-1,270,ok;no_hour
train/10-55/6.jpg,10,55,112,112,152,191,147,156,180,ok
train/10-55/60.jpg,10,55,112,112,82,49,76,69,0,ok
train/10-55/61.jpg,10,55,112,112,69,27,74,66,0,ok
train/10-55/62.jpg,10,55,112,112,178,80,156,75,90,ok
train/10-55/63.jpg,10,55,112,112,152,193,-1,-1,180,ok;no_hour
train/10-55/64.jpg,10,55,112,112,72,31,75,67,0,ok
train/10-55/65.jpg,10,55,112,112,80,45,75,67,0,ok
train/10-55/66.jpg,10,55,112,112,81,46,75,67,0,ok
train/10-55/67.jpg,10,55,112,112,65,18,74,65,0,ok
train/10-55/69.jpg,10,55,112,112,85,54,75,68,0,ok
train/10-55/7.jpg,10,55,112,112,83,50,75,68,0,ok
train/10-55/71.jpg,10,55,112,112,-1,-1,-1,-1,-1,fail:no_candidates
train/10-55/73.jpg,10,55,112,112,152,193,155,165,180,ok
train/10-55/74.jpg,10,55,112,112,169,85,165,70,90,ok
train/10-55/77.jpg,10,55,112,112,112,169,-1,-1,180,warn:rot_err=30.0;no_hour
train/10-55/78.jpg,10,55,112,112,150,190,147,155,180,ok
train/10-55/79.jpg,10,55,112,112,135,165,-1,-1,180,ok;no_hour
train/10-55/8.jpg,10,55,112,112,44,144,67,148,270,ok
train/10-55/82.jpg,10,55,112,112,77,125,77,142,270,ok
train/10-55/83.jpg,10,55,112,112,84,48,74,65,0,ok
train/10-55/85.jpg,10,55,112,112,71,30,69,58,0,ok
train/10-55/86.jpg,10,55,112,112,77,40,76,69,0,ok
train/10-55/88.jpg,10,55,112,112,82,49,76,69,0,ok
train/10-55/89.jpg,10,55,112,112,84,51,68,57,0,ok
train/10-55/9.jpg,10,55,112,112,74,65,-1,-1,0,ok;no_hour
train/10-55/90.jpg,10,55,112,112,69,31,76,66,0,ok
train/10-55/91.jpg,10,55,112,112,89,60,75,68,0,ok
train/10-55/92.jpg,10,55,112,112,69,28,76,69,0,ok
train/10-55/93.jpg,10,55,112,112,70,26,75,67,0,ok
train/10-55/94.jpg,10,55,112,112,-1,-1,-1,-1,-1,fail:no_candidates
train/10-55/95.jpg,10,55,112,112,39,147,69,147,270,ok
train/10-55/96.jpg,10,55,112,112,51,140,68,148,270,ok
train/10-55/97.jpg,10,55,112,112,155,93,158,74,90,ok
train/10-55/98.jpg,10,55,112,112,174,82,157,75,90,ok
train/11-00/0.jpg,11,0,112,112,145,158,-1,-1,180,warn:rot_err=35.7;no_hour
train/11-00/1.jpg,11,0,112,112,104,160,145,159,180,ok
train/11-00/12.jpg,11,0,112,112,52,105,54,151,270,ok
train/11-00/14.jpg,11,0,112,112,40,62,-1,-1,270,warn:rot_err=34.8;no_hour
train/11-00/15.jpg,11,0,112,112,117,46,77,63,0,ok
train/11-00/16.jpg,11,0,112,112,117,35,77,63,0,ok
train/11-00/17.jpg,11,0,112,112,105,191,144,155,180,ok
train/11-00/19.jpg,11,0,112,112,6,105,67,144,270,ok
train/11-00/20.jpg,11,0,112,112,105,196,144,155,180,ok
train/11-00/22.jpg,11,0,112,112,72,110,73,177,270,ok
train/11-00/23.jpg,11,0,112,112,117,51,106,54,0,ok
train/11-00/24.jpg,11,0,112,112,117,35,77,63,0,ok
train/11-00/25.jpg,11,0,112,112,-1,-1,-1,-1,-1,fail:no_candidates
train/11-00/26.jpg,11,0,112,112,117,34,78,64,0,ok
train/11-00/27.jpg,11,0,112,112,118,66,82,73,0,ok
train/11-00/28.jpg,11,0,112,112,117,34,77,63,0,ok
train/11-00/29.jpg,11,0,112,112,118,18,85,77,0,ok
train/11-00/3.jpg,11,0,112,112,69,50,-1,-1,0,warn:rot_err=34.7;no_hour
train/11-00/31.jpg,11,0,112,112,105,178,145,158,180,ok
train/11-00/33.jpg,11,0,112,112,184,118,160,77,90,ok
train/11-00/34.jpg,11,0,112,112,117,29,78,66,0,ok
train/11-00/36.jpg,11,0,112,112,-1,-1,-1,-1,-1,fail:no_candidates
train/11-00/37.jpg,11,0,112,112,47,105,57,149,270,ok
train/11-00/38.jpg,11,0,112,112,105,200,145,160,180,ok
train/11-00/39.jpg,11,0,112,112,-1,-1,-1,-1,-1,fail:no_candidates
train/11-00/40.jpg,11,0,112,112,167,117,167,73,90,ok
train/11-00/41.jpg,11,0,112,112,118,47,66,26,0,ok
train/11-00/42.jpg,11,0,112,112,117,41,78,65,0,ok
train/11-00/44.jpg,11,0,112,112,196,118,159,77,90,ok
train/11-00/45.jpg,11,0,112,112,117,27,78,65,0,ok
train/11-00/46.jpg,11,0,112,112,37,105,65,145,270,ok
train/11-00/47.jpg,11,0,112,112,104,205,145,157,180,ok
train/11-00/49.jpg,11,0,112,112,117,56,77,63,0,ok
train/11-00/5.jpg,11,0,112,112,118,36,77,62,0,ok
train/11-00/50.jpg,11,0,112,112,167,118,160,77,90,ok
train/11-00/52.jpg,11,0,112,112,43,105,64,145,270,ok
train/11-00/53.jpg,11,0,112,112,118,84,77,63,0,ok
train/11-00/54.jpg,11,0,112,112,-1,-1,-1,-1,-1,fail:no_candidates
train/11-00/55.jpg,11,0,112,112,-1,-1,-1,-1,-1,fail:no_candidates
train/11-00/57.jpg,11,0,112,112,105,163,148,163,180,ok
train/11-00/58.jpg,11,0,112,112,-1,-1,-1,-1,-1,fail:no_candidates
train/11-00/59.jpg,11,0,112,112,117,82,-1,-1,0,ok;no_hour
train/11-00/6.jpg,11,0,112,112,117,49,78,64,0,ok
train/11-00/61.jpg,11,0,112,112,118,34,77,62,0,ok
train/11-00/62.jpg,11,0,112,112,117,33,77,63,0,ok
train/11-00/63.jpg,11,0,112,112,117,33,-1,-1,0,ok;no_hour
train/11-00/64.jpg,11,0,112,112,24,105,64,145,270,ok
train/11-00/65.jpg,11,0,112,112,109,178,116,175,180,ok
train/11-00/66.jpg,11,0,112,112,117,49,78,64,0,ok
train/11-00/67.jpg,11,0,112,112,105,201,144,155,180,ok
train/11-00/68.jpg,11,0,112,112,117,28,106,49,0,ok
train/11-00/69.jpg,11,0,112,112,117,45,77,64,0,ok
train/11-00/7.jpg,11,0,112,112,159,77,-1,-1,90,warn:rot_err=36.7;no_hour
train/11-00/70.jpg,11,0,112,112,116,6,-1,-1,0,ok;no_hour
train/11-00/71.jpg,11,0,112,112,-1,-1,-1,-1,-1,fail:no_candidates
train/11-00/72.jpg,11,0,112,112,117,31,77,63,0,ok
train/11-00/73.jpg,11,0,112,112,55,105,63,146,270,ok
train/11-00/74.jpg,11,0,112,112,173,118,157,78,90,ok
train/11-00/76.jpg,11,0,112,112,105,192,-1,-1,180,ok;no_hour
train/11-00/77.jpg,11,0,112,112,78,63,-1,-1,0,warn:rot_err=34.8;no_hour
train/11-00/78.jpg,11,0,112,112,23,105,66,144,270,ok
train/11-00/79.jpg,11,0,112,112,53,105,55,151,270,ok
train/11-00/8.jpg,11,0,112,112,216,117,158,78,90,ok
train/11-00/80.jpg,11,0,112,112,118,35,79,69,0,ok
train/11-00/81.jpg,11,0,112,112,-1,-1,-1,-1,-1,fail:no_candidates
train/11-00/82.jpg,11,0,112,112,192,117,160,77,90,ok
train/11-00/83.jpg,11,0,112,112,118,46,77,64,0,ok
train/11-00/84.jpg,11,0,112,112,118,47,77,63,0,ok
train/11-00/86.jpg,11,0,112,112,189,117,160,77,90,ok
train/11-00/87.jpg,11,0,112,112,105,190,145,158,180,ok
train/11-00/89.jpg,11,0,112,112,105,181,145,159,180,ok
train/11-00/9.jpg,11,0,112,112,176,117,160,77,90,ok
train/11-00/90.jpg,11,0,112,112,-1,-1,-1,-1,-1,fail:no_candidates
train/11-00/92.jpg,11,0,112,112,117,17,78,65,0,ok
train/11-00/93.jpg,11,0,112,112,117,35,78,64,0,ok
train/11-00/94.jpg,11,0,112,112,117,49,78,64,0,ok
train/11-00/95.jpg,11,0,112,112,196,117,160,77,90,ok
train/11-00/97.jpg,11,0,112,112,196,117,160,77,90,ok
train/11-00/98.jpg,11,0,112,112,117,48,78,65,0,ok
train/11-00/99.jpg,11,0,112,112,118,44,64,40,0,ok
train/11-05/0.jpg,11,5,112,112,162,34,79,62,0,ok
train/11-05/1.jpg,11,5,112,112,173,154,167,90,90,ok
train/11-05/10.jpg,11,5,112,112,161,37,79,62,0,ok
train/11-05/11.jpg,11,5,112,112,-1,-1,-1,-1,-1,fail:no_candidates
train/11-05/12.jpg,11,5,112,112,168,26,82,69,0,ok
train/11-05/13.jpg,11,5,112,112,149,58,76,56,0,ok
train/11-05/14.jpg,11,5,112,112,154,51,90,55,0,ok
train/11-05/15.jpg,11,5,112,112,152,52,79,62,0,ok
train/11-05/16.jpg,11,5,112,112,161,35,79,62,0,ok
train/11-05/17.jpg,11,5,112,112,168,25,79,62,0,ok
train/11-05/18.jpg,11,5,112,112,37,60,61,145,270,ok
train/11-05/19.jpg,11,5,112,112,160,38,90,57,0,ok
train/11-05/2.jpg,11,5,112,112,34,61,67,142,270,ok
train/11-05/20.jpg,11,5,112,112,165,30,79,62,0,ok
train/11-05/21.jpg,11,5,112,112,155,47,79,61,0,ok
train/11-05/22.jpg,11,5,112,112,78,168,-1,-1,180,ok;no_hour
train/11-05/23.jpg,11,5,112,112,31,58,-1,-1,270,ok;no_hour
train/11-05/24.jpg,11,5,112,112,161,35,79,62,0,ok
train/11-05/25.jpg,11,5,112,112,148,57,91,59,0,ok
train/11-05/26.jpg,11,5,112,112,62,187,142,159,180,ok
train/11-05/27.jpg,11,5,112,112,163,34,-1,-1,0,ok;no_hour
train/11-05/28.jpg,11,5,112,112,184,160,158,80,90,ok
train/11-05/3.jpg,11,5,112,112,148,168,-1,-1,90,warn:rot_err=27.3;no_hour
train/11-05/30.jpg,11,5,112,112,61,189,143,161,180,ok
train/11-05/32.jpg,11,5,112,112,170,23,79,62,0,ok
train/11-05/33.jpg,11,5,112,112,161,37,79,61,0,ok
train/11-05/34.jpg,11,5,112,112,61,190,143,159,180,ok
train/11-05/35.jpg,11,5,112,112,81,203,-1,-1,180,ok;no_hour
train/11-05/36.jpg,11,5,112,112,-1,-1,-1,-1,-1,fail:no_candidates
train/11-05/37.jpg,11,5,112,112,72,168,149,169,180,ok
train/11-05/38.jpg,11,5,112,112,161,35,90,57,0,ok
train/11-05/39.jpg,11,5,112,112,63,152,-1,-1,180,ok;no_hour
train/11-05/4.jpg,11,5,112,112,36,61,67,142,270,ok
train/11-05/42.jpg,11,5,112,112,24,54,63,143,270,ok
train/11-05/43.jpg,11,5,112,112,159,79,-1,-1,0,ok;no_hour
train/11-05/44.jpg,11,5,112,112,159,40,79,61,0,ok
train/11-05/45.jpg,11,5,112,112,57,196,142,156,180,ok
train/11-05/46.jpg,11,5,112,112,161,36,80,65,0,ok
train/11-05/47.jpg,11,5,112,112,34,60,67,142,270,ok
train/11-05/49.jpg,11,5,112,112,160,39,80,65,0,ok
train/11-05/5.jpg,11,5,112,112,161,35,79,62,0,ok
train/11-05/51.jpg,11,5,112,112,56,199,142,156,180,ok
train/11-05/53.jpg,11,5,112,112,54,199,143,159,180,ok
train/11-05/56.jpg,11,5,112,112,162,34,80,65,0,ok
train/11-05/58.jpg,11,5,112,112,-1,-1,-1,-1,-1,fail:no_candidates
train/11-05/59.jpg,11,5,112,112,91,135,-1,-1,180,ok;no_hour
train/11-05/60.jpg,11,5,112,112,155,47,79,62,0,ok
train/11-05/62.jpg,11,5,112,112,37,62,67,142,270,ok
train/11-05/63.jpg,11,5,112,112,160,39,79,62,0,ok
train/11-05/64.jpg,11,5,112,112,61,189,143,159,180,ok
train/11-05/65.jpg,11,5,112,112,83,87,-1,-1,270,ok;no_hour
train/11-05/66.jpg,11,5,112,112,152,52,80,63,0,ok
train/11-05/67.jpg,11,5,112,112,161,35,79,62,0,ok
train/11-05/68.jpg,11,5,112,112,165,31,77,58,0,ok
train/11-05/70.jpg,11,5,112,112,161,36,-1,-1,0,ok;no_hour
train/11-05/71.jpg,11,5,112,112,162,35,79,63,0,ok
train/11-05/72.jpg,11,5,112,112,168,24,79,62,0,ok
train/11-05/73.jpg,11,5,112,112,161,35,76,56,0,ok
train/11-05/74.jpg,11,5,112,112,59,73,65,143,270,ok
train/11-05/76.jpg,11,5,112,112,186,160,149,85,90,ok
train/11-05/77.jpg,11,5,112,112,167,23,90,57,0,ok
train/11-05/79.jpg,11,5,112,112,145,65,79,63,0,ok
train/11-05/8.jpg,11,5,112,112,34,60,65,143,270,ok
train/11-05/80.jpg,11,5,112,112,156,47,79,63,0,ok
train/11-05/81.jpg,11,5,112,112,-1,-1,-1,-1,-1,fail:no_candidates
train/11-05/82.jpg,11,5,112,112,62,187,142,156,180,ok
train/11-05/83.jpg,11,5,112,112,166,29,-1,-1,0,ok;no_hour
train/11-05/84.jpg,11,5,112,112,168,23,79,62,0,ok
train/11-05/85.jpg,11,5,112,112,39,63,60,145,270,ok
train/11-05/88.jpg,11,5,112,112,152,52,80,64,0,ok
train/11-05/89.jpg,11,5,112,112,69,196,143,183,180,ok
train/11-05/9.jpg,11,5,112,112,169,152,158,80,90,ok
train/11-05/90.jpg,11,5,112,112,160,37,90,57,0,ok
train/11-05/91.jpg,11,5,112,112,163,149,170,89,90,ok
train/11-05/93.jpg,11,5,112,112,64,183,142,156,180,ok
train/11-05/94.jpg,11,5,112,112,160,37,80,62,0,ok
train/11-05/95.jpg,11,5,112,112,153,50,79,62,0,ok
train/11-05/96.jpg,11,5,112,112,73,167,143,158,180,ok
train/11-05/97.jpg,11,5,112,112,163,34,79,63,0,ok
train/11-05/98.jpg,11,5,112,112,151,54,80,65,0,ok
train/11-10/0.jpg,11,10,112,112,74,34,-1,-1,270,ok;no_hour
train/11-10/1.jpg,11,10,112,112,81,62,-1,-1,270,ok;no_hour
train/11-10/10.jpg,11,10,112,112,165,194,165,94,90,ok
train/11-10/11.jpg,11,10,112,112,-1,-1,-1,-1,-1,fail:no_candidates
train/11-10/12.jpg,11,10,112,112,165,79,-1,-1,0,ok;no_hour
train/11-10/13.jpg,11,10,112,112,161,187,167,93,90,ok
train/11-10/14.jpg,11,10,112,112,91,62,-1,-1,270,ok;no_hour
train/11-10/17.jpg,11,10,112,112,81,62,-1,-1,270,ok;no_hour
train/11-10/18.jpg,11,10,112,112,173,75,-1,-1,0,ok;no_hour
train/11-10/2.jpg,11,10,112,112,67,24,-1,-1,270,ok;no_hour
train/11-10/20.jpg,11,10,112,112,189,61,89,80,0,ok
train/11-10/21.jpg,11,10,112,112,81,62,-1,-1,270,ok;no_hour
train/11-10/22.jpg,11,10,112,112,204,64,-1,-1,0,ok;no_hour
train/11-10/23.jpg,11,10,112,112,62,37,-1,-1,270,ok;no_hour
train/11-10/24.jpg,11,10,112,112,41,159,131,167,180,ok
train/11-10/25.jpg,11,10,112,112,-1,-1,-1,-1,-1,fail:no_candidates
train/11-10/26.jpg,11,10,112,112,141,161,-1,-1,90,ok;no_hour
train/11-10/27.jpg,11,10,112,112,164,189,167,93,90,ok
train/11-10/28.jpg,11,10,112,112,194,70,89,80,0,ok
train/11-10/29.jpg,11,10,112,112,-1,-1,-1,-1,-1,fail:no_candidates
train/11-10/3.jpg,11,10,112,112,71,37,-1,-1,270,ok;no_hour
train/11-10/30.jpg,11,10,112,112,82,63,-1,-1,270,ok;no_hour
train/11-10/32.jpg,11,10,112,112,141,159,-1,-1,90,ok;no_hour
train/11-10/33.jpg,11,10,112,112,42,158,129,166,180,ok
train/11-10/34.jpg,11,10,112,112,161,81,-1,-1,0,ok;no_hour
train/11-10/35.jpg,11,10,112,112,177,98,138,34,0,ok
train/11-10/36.jpg,11,10,112,112,-1,-1,-1,-1,-1,fail:no_candidates
train/11-10/37.jpg,11,10,112,112,161,81,-1,-1,0,ok;no_hour
train/11-10/39.jpg,11,10,112,112,-1,-1,-1,-1,-1,fail:no_candidates
train/11-10/41.jpg,11,10,112,112,193,70,52,34,0,ok
train/11-10/42.jpg,11,10,112,112,78,54,-1,-1,270,ok;no_hour
train/11-10/43.jpg,11,10,112,112,-1,-1,-1,-1,-1,fail:no_candidates
train/11-10/44.jpg,11,10,112,112,26,168,129,166,180,ok
train/11-10/45.jpg,11,10,112,112,161,81,-1,-1,0,ok;no_hour
train/11-10/47.jpg,11,10,112,112,199,55,93,56,0,ok
train/11-10/48.jpg,11,10,112,112,141,159,-1,-1,90,ok;no_hour
train/11-10/49.jpg,11,10,112,112,22,158,130,167,180,ok
train/11-10/5.jpg,11,10,112,112,64,141,-1,-1,180,ok;no_hour
train/11-10/50.jpg,11,10,112,112,81,62,-1,-1,270,ok;no_hour
train/11-10/52.jpg,11,10,112,112,81,62,-1,-1,270,ok;no_hour
train/11-10/53.jpg,11,10,112,112,64,141,-1,-1,180,ok;no_hour
train/11-10/54.jpg,11,10,112,112,37,157,-1,-1,180,ok;no_hour
train/11-10/55.jpg,11,10,112,112,-1,-1,-1,-1,-1,fail:no_candidates
train/11-10/56.jpg,11,10,112,112,161,81,-1,-1,0,ok;no_hour
train/11-10/57.jpg,11,10,112,112,144,166,-1,-1,90,ok;no_hour
train/11-10/58.jpg,11,10,112,112,82,62,-1,-1,270,ok;no_hour
train/11-10/59.jpg,11,10,112,112,136,93,-1,-1,0,ok;no_hour
train/11-10/6.jpg,11,10,112,112,82,62,-1,-1,270,ok;no_hour
train/11-10/60.jpg,11,10,112,112,24,169,126,159,180,ok
train/11-10/62.jpg,11,10,112,112,65,141,-1,-1,180,ok;no_hour
train/11-10/63.jpg,11,10,112,112,64,141,-1,-1,180,ok;no_hour
train/11-10/64.jpg,11,10,112,112,74,34,-1,-1,270,ok;no_hour
train/11-10/65.jpg,11,10,112,112,162,81,-1,-1,0,ok;no_hour
train/11-10/66.jpg,11,10,112,112,158,82,-1,-1,0,ok;no_hour
train/11-10/67.jpg,11,10,112,112,160,81,-1,-1,0,ok;no_hour
train/11-10/68.jpg,11,10,112,112,68,24,-1,-1,270,ok;no_hour
train/11-10/69.jpg,11,10,112,112,23,170,130,167,180,ok
train/11-10/7.jpg,11,10,112,112,52,146,-1,-1,180,ok;no_hour
train/11-10/71.jpg,11,10,112,112,161,81,-1,-1,0,ok;no_hour
train/11-10/72.jpg,11,10,112,112,64,19,-1,-1,270,ok;no_hour
train/11-10/73.jpg,11,10,112,112,160,81,-1,-1,0,ok;no_hour
train/11-10/75.jpg,11,10,112,112,81,63,-1,-1,270,ok;no_hour
train/11-10/77.jpg,11,10,112,112,81,61,-1,-1,270,ok;no_hour
train/11-10/8.jpg,11,10,112,112,28,166,130,167,180,ok
train/11-10/80.jpg,11,10,112,112,81,63,-1,-1,270,ok;no_hour
train/11-10/81.jpg,11,10,112,112,-1,-1,-1,-1,-1,fail:no_candidates
train/11-10/83.jpg,11,10,112,112,61,142,-1,-1,180,ok;no_hour
train/11-10/84.jpg,11,10,112,112,64,141,-1,-1,180,ok;no_hour
train/11-10/85.jpg,11,10,112,112,77,55,-1,-1,270,ok;no_hour
train/11-10/86.jpg,11,10,112,112,179,79,89,80,0,ok
train/11-10/88.jpg,11,10,112,112,141,160,-1,-1,90,ok;no_hour
train/11-10/89.jpg,11,10,112,112,166,79,-1,-1,0,ok;no_hour
train/11-10/9.jpg,11,10,112,112,81,62,-1,-1,270,ok;no_hour
train/11-10/90.jpg,11,10,112,112,64,141,-1,-1,180,ok;no_hour
train/11-10/91.jpg,11,10,112,112,77,54,-1,-1,270,ok;no_hour
train/11-10/93.jpg,11,10,112,112,29,152,130,166,180,ok
train/11-10/94.jpg,11,10,112,112,-1,-1,-1,-1,-1,fail:no_candidates
train/11-10/97.jpg,11,10,112,112,25,168,130,167,180,ok
train/11-10/98.jpg,11,10,112,112,81,62,-1,-1,270,ok;no_hour
train/11-10/99.jpg,11,10,112,112,53,152,131,167,180,ok
train/11-15/0.jpg,11,15,112,112,116,189,167,95,90,ok
train/11-15/1.jpg,11,15,112,112,169,118,95,55,0,ok
train/11-15/11.jpg,11,15,112,112,217,105,-1,-1,0,ok;no_hour
train/11-15/12.jpg,11,15,112,112,180,117,95,56,0,ok
train/11-15/13.jpg,11,15,112,112,43,116,127,167,180,ok
train/11-15/14.jpg,11,15,112,112,54,104,-1,-1,180,ok;no_hour
train/11-15/15.jpg,11,15,112,112,202,106,96,57,0,ok
train/11-15/16.jpg,11,15,112,112,193,117,96,57,0,ok
train/11-15/18.jpg,11,15,112,112,56,116,129,171,180,ok
train/11-15/19.jpg,11,15,112,112,28,116,129,168,180,ok
train/11-15/20.jpg,11,15,112,112,198,117,95,56,0,ok
train/11-15/21.jpg,11,15,112,112,9,117,-1,-1,180,ok;no_hour
train/11-15/22.jpg,11,15,112,112,94,57,71,176,270,ok
train/11-15/23.jpg,11,15,112,112,174,117,-1,-1,0,ok;no_hour
train/11-15/25.jpg,11,15,112,112,-1,-1,-1,-1,-1,fail:no_candidates
train/11-15/26.jpg,11,15,112,112,33,116,139,161,180,ok
train/11-15/27.jpg,11,15,112,112,157,118,86,71,0,ok
train/11-15/28.jpg,11,15,112,112,192,117,95,55,0,ok
train/11-15/29.jpg,11,15,112,112,15,104,128,168,180,ok
train/11-15/3.jpg,11,15,112,112,180,118,73,37,0,ok
train/11-15/30.jpg,11,15,112,112,117,20,61,139,270,ok
train/11-15/32.jpg,11,15,112,112,182,117,95,55,0,ok
train/11-15/34.jpg,11,15,112,112,117,28,60,139,270,ok
train/11-15/35.jpg,11,15,112,112,25,82,-1,-1,180,ok;no_hour
train/11-15/36.jpg,11,15,112,112,115,202,163,84,90,ok
train/11-15/37.jpg,11,15,112,112,211,106,95,56,0,ok
train/11-15/38.jpg,11,15,112,112,21,116,139,161,180,ok
train/11-15/39.jpg,11,15,112,112,-1,-1,-1,-1,-1,fail:no_candidates
train/11-15/4.jpg,11,15,112,112,116,199,167,95,90,ok
train/11-15/40.jpg,11,15,112,112,53,116,126,164,180,ok
train/11-15/42.jpg,11,15,112,112,203,106,95,56,0,ok
train/11-15/43.jpg,11,15,112,112,140,117,80,57,0,ok
train/11-15/44.jpg,11,15,112,112,117,214,163,83,90,ok
train/11-15/45.jpg,11,15,112,112,199,117,95,56,0,ok
train/11-15/46.jpg,11,15,112,112,186,117,95,56,0,ok
train/11-15/47.jpg,11,15,112,112,117,213,164,83,90,ok
train/11-15/49.jpg,11,15,112,112,116,168,168,95,90,ok
train/11-15/5.jpg,11,15,112,112,187,118,95,55,0,ok
train/11-15/50.jpg,11,15,112,112,174,118,94,55,0,ok
train/11-15/53.jpg,11,15,112,112,176,118,95,55,0,ok
train/11-15/54.jpg,11,15,112,112,-1,-1,-1,-1,-1,fail:no_candidates
train/11-15/55.jpg,11,15,112,112,-1,-1,-1,-1,-1,fail:no_candidates
train/11-15/56.jpg,11,15,112,112,217,117,96,57,0,ok
train/11-15/57.jpg,11,15,112,112,118,66,56,141,270,ok
train/11-15/58.jpg,11,15,112,112,-1,-1,-1,-1,-1,fail:no_candidates
train/11-15/59.jpg,11,15,112,112,143,118,-1,-1,0,ok;no_hour
train/11-15/6.jpg,11,15,112,112,-1,-1,-1,-1,-1,fail:no_candidates
train/11-15/60.jpg,11,15,112,112,215,117,95,56,0,ok
train/11-15/62.jpg,11,15,112,112,116,192,166,96,90,ok
train/11-15/63.jpg,11,15,112,112,201,118,95,55,0,ok
train/11-15/64.jpg,11,15,112,112,17,116,127,166,180,ok
train/11-15/65.jpg,11,15,112,112,109,178,-1,-1,90,ok;no_hour
train/11-15/66.jpg,11,15,112,112,18,116,128,167,180,ok
train/11-15/67.jpg,11,15,112,112,202,106,96,57,0,ok
train/11-15/69.jpg,11,15,112,112,185,117,95,55,0,ok
train/11-15/7.jpg,11,15,112,112,201,106,95,56,0,ok
train/11-15/71.jpg,11,15,112,112,184,118,-1,-1,0,ok;no_hour
train/11-15/72.jpg,11,15,112,112,203,117,96,57,0,ok
train/11-15/73.jpg,11,15,112,112,172,117,96,57,0,ok
train/11-15/74.jpg,11,15,112,112,117,201,162,83,90,ok
train/11-15/75.jpg,11,15,112,112,212,117,95,56,0,ok
train/11-15/76.jpg,11,15,112,112,203,117,84,62,0,ok
train/11-15/77.jpg,11,15,112,112,106,198,-1,-1,90,ok;no_hour
train/11-15/78.jpg,11,15,112,112,202,117,83,61,0,ok
train/11-15/79.jpg,11,15,112,112,168,118,95,55,0,ok
train/11-15/8.jpg,11,15,112,112,8,116,127,167,180,ok
train/11-15/80.jpg,11,15,112,112,117,187,161,83,90,ok
train/11-15/82.jpg,11,15,112,112,196,117,96,57,0,ok
train/11-15/83.jpg,11,15,112,112,185,118,97,56,0,ok
train/11-15/84.jpg,11,15,112,112,34,117,128,168,180,ok
train/11-15/85.jpg,11,15,112,112,49,116,127,167,180,ok
train/11-15/86.jpg,11,15,112,112,194,117,95,56,0,ok
train/11-15/88.jpg,11,15,112,112,206,106,-1,-1,0,ok;no_hour
train/11-15/90.jpg,11,15,112,112,189,116,85,61,0,ok
train/11-15/91.jpg,11,15,112,112,47,117,140,163,180,ok
train/11-15/92.jpg,11,15,112,112,20,116,127,166,180,ok
train/11-15/94.jpg,11,15,112,112,-1,-1,-1,-1,-1,fail:no_candidates
train/11-15/96.jpg,11,15,112,112,188,118,95,55,0,ok
train/11-15/98.jpg,11,15,112,112,205,106,95,55,0,ok
train/11-15/99.jpg,11,15,112,112,181,118,95,55,0,ok
train/11-20/0.jpg,11,20,112,112,180,157,-1,-1,0,ok;no_hour
train/11-20/1.jpg,11,20,112,112,48,68,127,133,180,ok
train/11-20/11.jpg,11,20,112,112,154,24,-1,-1,270,ok;no_hour
train/11-20/12.jpg,11,20,112,112,64,206,183,78,90,ok
train/11-20/13.jpg,11,20,112,112,184,160,79,43,0,ok
train/11-20/14.jpg,11,20,112,112,166,135,-1,-1,0,ok;no_hour
train/11-20/15.jpg,11,20,112,112,191,151,-1,-1,0,ok;no_hour
train/11-20/16.jpg,11,20,112,112,70,196,168,97,90,ok
train/11-20/17.jpg,11,20,112,112,182,158,-1,-1,0,ok;no_hour
train/11-20/18.jpg,11,20,112,112,150,32,51,126,270,ok
train/11-20/19.jpg,11,20,112,112,32,60,137,162,180,ok
train/11-20/2.jpg,11,20,112,112,195,165,85,59,0,ok
train/11-20/22.jpg,11,20,112,112,183,159,-1,-1,0,ok;no_hour
train/11-20/24.jpg,11,20,112,112,166,28,62,122,270,ok
train/11-20/25.jpg,11,20,112,112,-1,-1,-1,-1,-1,fail:no_candidates
train/11-20/26.jpg,11,20,112,112,195,166,96,54,0,ok
train/11-20/27.jpg,11,20,112,112,65,207,168,99,90,ok
train/11-20/29.jpg,11,20,112,112,200,168,-1,-1,0,ok;no_hour
train/11-20/3.jpg,11,20,112,112,36,61,138,164,180,ok
train/11-20/30.jpg,11,20,112,112,185,160,97,55,0,ok
train/11-20/31.jpg,11,20,112,112,43,65,125,167,180,ok
train/11-20/32.jpg,11,20,112,112,34,60,126,169,180,ok
train/11-20/33.jpg,11,20,112,112,37,62,-1,-1,180,ok;no_hour
train/11-20/34.jpg,11,20,112,112,203,158,85,60,0,ok
train/11-20/35.jpg,11,20,112,112,66,185,-1,-1,90,ok;no_hour
train/11-20/36.jpg,11,20,112,112,63,204,168,96,90,ok
train/11-20/37.jpg,11,20,112,112,155,48,56,125,270,ok
train/11-20/40.jpg,11,20,112,112,160,146,84,59,0,ok
train/11-20/41.jpg,11,20,112,112,185,161,-1,-1,0,ok;no_hour
train/11-20/42.jpg,11,20,112,112,33,73,126,168,180,ok
train/11-20/43.jpg,11,20,112,112,167,24,-1,-1,270,ok;no_hour
train/11-20/44.jpg,11,20,112,112,62,137,-1,-1,90,warn:rot_err=33.4;no_hour
train/11-20/45.jpg,11,20,112,112,183,159,-1,-1,0,ok;no_hour
train/11-20/46.jpg,11,20,112,112,71,193,169,97,90,ok
train/11-20/47.jpg,11,20,112,112,168,25,62,137,270,ok
train/11-20/49.jpg,11,20,112,112,196,167,97,54,0,ok
train/11-20/5.jpg,11,20,112,112,175,155,97,54,0,ok
train/11-20/50.jpg,11,20,112,112,162,147,85,64,0,ok
train/11-20/52.jpg,11,20,112,112,169,151,-1,-1,0,ok;no_hour
train/11-20/54.jpg,11,20,112,112,154,33,-1,-1,270,ok;no_hour
train/11-20/55.jpg,11,20,112,112,-1,-1,-1,-1,-1,fail:no_candidates
train/11-20/56.jpg,11,20,112,112,198,155,85,59,0,ok
train/11-20/57.jpg,11,20,112,112,160,146,-1,-1,0,ok;no_hour
train/11-20/59.jpg,11,20,112,112,201,169,123,30,0,ok
train/11-20/6.jpg,11,20,112,112,186,160,-1,-1,0,ok;no_hour
train/11-20/60.jpg,11,20,112,112,197,166,-1,-1,0,ok;no_hour
train/11-20/61.jpg,11,20,112,112,55,201,168,98,90,ok
train/11-20/62.jpg,11,20,112,112,157,44,56,125,270,ok
train/11-20/65.jpg,11,20,112,112,80,108,-1,-1,180,ok;no_hour
train/11-20/66.jpg,11,20,112,112,158,42,55,125,270,ok
train/11-20/67.jpg,11,20,112,112,188,161,-1,-1,0,ok;no_hour
train/11-20/68.jpg,11,20,112,112,30,59,-1,-1,180,ok;no_hour
train/11-20/7.jpg,11,20,112,112,173,153,-1,-1,0,ok;no_hour
train/11-20/70.jpg,11,20,112,112,182,158,-1,-1,0,ok;no_hour
train/11-20/71.jpg,11,20,112,112,61,189,162,85,90,ok
train/11-20/72.jpg,11,20,112,112,188,161,85,59,0,ok
train/11-20/73.jpg,11,20,112,112,193,152,85,59,0,ok
train/11-20/74.jpg,11,20,112,112,192,151,85,62,0,ok
train/11-20/75.jpg,11,20,112,112,69,196,168,97,90,ok
train/11-20/76.jpg,11,20,112,112,160,37,62,136,270,ok
train/11-20/77.jpg,11,20,112,112,126,167,-1,-1,90,warn:rot_err=44.3;no_hour
train/11-20/78.jpg,11,20,112,112,35,62,126,168,180,ok
train/11-20/79.jpg,11,20,112,112,164,135,86,62,0,ok
train/11-20/8.jpg,11,20,112,112,34,61,126,169,180,ok
train/11-20/80.jpg,11,20,112,112,169,23,60,137,270,ok
train/11-20/81.jpg,11,20,112,112,81,174,166,97,90,ok
train/11-20/82.jpg,11,20,112,112,192,163,-1,-1,0,ok;no_hour
train/11-20/83.jpg,11,20,112,112,173,154,99,55,0,ok
train/11-20/84.jpg,11,20,112,112,30,71,-1,-1,180,ok;no_hour
train/11-20/85.jpg,11,20,112,112,61,189,169,97,90,ok
train/11-20/86.jpg,11,20,112,112,164,32,62,122,270,ok
train/11-20/87.jpg,11,20,112,112,178,156,-1,-1,0,ok;no_hour
train/11-20/89.jpg,11,20,112,112,185,160,97,55,0,ok
train/11-20/9.jpg,11,20,112,112,152,52,57,124,270,ok
train/11-20/90.jpg,11,20,112,112,-1,-1,-1,-1,-1,fail:no_candidates
train/11-20/91.jpg,11,20,112,112,164,148,83,57,0,ok
train/11-20/95.jpg,11,20,112,112,161,37,60,123,270,ok
train/11-20/96.jpg,11,20,112,112,173,153,-1,-1,0,ok;no_hour
train/11-20/98.jpg,11,20,112,112,77,183,169,97,90,ok
train/11-20/99.jpg,11,20,112,112,53,71,137,159,180,ok
train/11-25/1.jpg,11,25,112,112,155,174,88,61,0,ok
train/11-25/10.jpg,11,25,112,112,191,72,57,121,270,ok
train/11-25/11.jpg,11,25,112,112,-1,-1,-1,-1,-1,fail:no_candidates
train/11-25/12.jpg,11,25,112,112,84,127,191,72,90,ok
train/11-25/13.jpg,11,25,112,112,71,30,136,166,180,ok
train/11-25/14.jpg,11,25,112,112,165,87,-1,-1,270,ok;no_hour
train/11-25/16.jpg,11,25,112,112,147,185,100,54,0,ok
train/11-25/17.jpg,11,25,112,112,150,190,100,54,0,ok
train/11-25/18.jpg,11,25,112,112,151,192,103,61,0,ok
train/11-25/2.jpg,11,25,112,112,151,191,100,54,0,ok
train/11-25/20.jpg,11,25,112,112,157,202,100,54,0,ok
train/11-25/21.jpg,11,25,112,112,170,201,101,54,0,ok
train/11-25/22.jpg,11,25,112,112,73,177,159,133,90,warn:rot_err=29.0
train/11-25/23.jpg,11,25,112,112,166,196,101,55,0,ok
train/11-25/24.jpg,11,25,112,112,164,190,100,54,0,ok
train/11-25/27.jpg,11,25,112,112,37,162,153,106,90,ok
train/11-25/28.jpg,11,25,112,112,152,193,100,53,0,ok
train/11-25/29.jpg,11,25,112,112,55,24,134,160,180,ok
train/11-25/30.jpg,11,25,112,112,161,187,-1,-1,0,ok;no_hour
train/11-25/31.jpg,11,25,112,112,150,190,88,58,0,ok
train/11-25/32.jpg,11,25,112,112,148,164,84,45,0,ok
train/11-25/33.jpg,11,25,112,112,153,195,100,53,0,ok
train/11-25/34.jpg,11,25,112,112,167,198,88,58,0,ok
train/11-25/35.jpg,11,25,112,112,48,124,-1,-1,90,ok;no_hour
train/11-25/37.jpg,11,25,112,112,55,151,168,101,90,ok
train/11-25/38.jpg,11,25,112,112,38,160,168,101,90,ok
train/11-25/4.jpg,11,25,112,112,165,194,88,58,0,ok
train/11-25/41.jpg,11,25,112,112,193,71,-1,-1,270,ok;no_hour
train/11-25/42.jpg,11,25,112,112,166,196,101,55,0,ok
train/11-25/43.jpg,11,25,112,112,-1,-1,-1,-1,-1,fail:no_candidates
train/11-25/44.jpg,11,25,112,112,157,180,100,53,0,ok
train/11-25/45.jpg,11,25,112,112,156,200,88,58,0,ok
train/11-25/46.jpg,11,25,112,112,161,188,100,53,0,ok
train/11-25/47.jpg,11,25,112,112,166,197,101,54,0,ok
train/11-25/48.jpg,11,25,112,112,83,49,135,165,180,ok
train/11-25/49.jpg,11,25,112,112,38,160,169,101,90,ok
train/11-25/5.jpg,11,25,112,112,64,18,134,161,180,ok
train/11-25/50.jpg,11,25,112,112,145,159,95,30,0,ok
train/11-25/51.jpg,11,25,112,112,73,33,133,157,180,ok
train/11-25/52.jpg,11,25,112,112,152,193,101,55,0,ok
train/11-25/54.jpg,11,25,112,112,-1,-1,-1,-1,-1,fail:no_candidates
train/11-25/55.jpg,11,25,112,112,-1,-1,-1,-1,-1,fail:no_candidates
train/11-25/57.jpg,11,25,112,112,143,181,99,47,0,ok
train/11-25/58.jpg,11,25,112,112,199,68,60,134,270,ok
train/11-25/59.jpg,11,25,112,112,122,142,-1,-1,0,ok;no_hour
train/11-25/6.jpg,11,25,112,112,-1,-1,-1,-1,-1,fail:no_candidates
train/11-25/60.jpg,11,25,112,112,154,197,100,54,0,ok
train/11-25/62.jpg,11,25,112,112,155,176,88,58,0,ok
train/11-25/63.jpg,11,25,112,112,161,188,100,53,0,ok
train/11-25/64.jpg,11,25,112,112,205,64,59,134,270,ok
train/11-25/65.jpg,11,25,112,112,116,175,-1,-1,0,warn:rot_err=26.4;no_hour
train/11-25/66.jpg,11,25,112,112,159,206,100,53,0,ok
train/11-25/68.jpg,11,25,112,112,68,25,-1,-1,180,ok;no_hour
train/11-25/7.jpg,11,25,112,112,37,161,169,100,90,ok
train/11-25/71.jpg,11,25,112,112,154,197,100,53,0,ok
train/11-25/73.jpg,11,25,112,112,71,30,122,173,180,ok
train/11-25/74.jpg,11,25,112,112,163,88,53,138,270,ok
train/11-25/75.jpg,11,25,112,112,152,194,100,54,0,ok
train/11-25/77.jpg,11,25,112,112,122,167,-1,-1,0,ok;no_hour
train/11-25/78.jpg,11,25,112,112,71,31,123,169,180,ok
train/11-25/79.jpg,11,25,112,112,87,58,136,166,180,ok
train/11-25/8.jpg,11,25,112,112,38,161,170,100,90,ok
train/11-25/80.jpg,11,25,112,112,49,155,170,100,90,ok
train/11-25/81.jpg,11,25,112,112,36,159,163,89,90,ok
train/11-25/82.jpg,11,25,112,112,31,164,166,102,90,ok
train/11-25/84.jpg,11,25,112,112,29,152,169,101,90,ok
train/11-25/85.jpg,11,25,112,112,193,71,58,134,270,ok
train/11-25/86.jpg,11,25,112,112,198,68,59,134,270,ok
train/11-25/87.jpg,11,25,112,112,164,193,88,58,0,ok
train/11-25/89.jpg,11,25,112,112,39,160,170,99,90,ok
train/11-25/9.jpg,11,25,112,112,37,161,169,101,90,ok
train/11-25/90.jpg,11,25,112,112,160,186,-1,-1,0,ok;no_hour
train/11-25/91.jpg,11,25,112,112,89,63,139,171,180,ok
train/11-25/92.jpg,11,25,112,112,30,165,168,101,90,ok
train/11-25/93.jpg,11,25,112,112,161,187,100,54,0,ok
train/11-25/94.jpg,11,25,112,112,36,160,168,101,90,ok
train/11-25/95.jpg,11,25,112,112,193,71,60,134,270,ok
train/11-25/96.jpg,11,25,112,112,152,193,101,54,0,ok
train/11-25/97.jpg,11,25,112,112,165,194,88,59,0,ok
train/11-25/99.jpg,11,25,112,112,198,54,63,134,270,ok
train/11-30/0.jpg,11,30,112,112,105,202,90,57,0,ok
train/11-30/1.jpg,11,30,112,112,106,62,118,156,180,ok
train/11-30/10.jpg,11,30,112,112,105,208,90,57,0,ok
train/11-30/11.jpg,11,30,112,112,-1,-1,-1,-1,-1,fail:no_candidates
train/11-30/12.jpg,11,30,112,112,74,117,170,102,90,ok
train/11-30/13.jpg,11,30,112,112,117,158,103,54,0,ok
train/11-30/14.jpg,11,30,112,112,118,175,-1,-1,0,ok;no_hour
train/11-30/15.jpg,11,30,112,112,117,187,90,56,0,ok
train/11-30/16.jpg,11,30,112,112,116,190,90,57,0,ok
train/11-30/17.jpg,11,30,112,112,116,196,90,57,0,ok
train/11-30/18.jpg,11,30,112,112,117,169,88,53,0,ok
train/11-30/19.jpg,11,30,112,112,115,217,102,53,0,ok
train/11-30/2.jpg,11,30,112,112,116,179,90,57,0,ok
train/11-30/20.jpg,11,30,112,112,117,158,90,57,0,ok
train/11-30/21.jpg,11,30,112,112,207,118,59,132,270,ok
train/11-30/22.jpg,11,30,112,112,147,112,-1,-1,270,ok;no_hour
train/11-30/23.jpg,11,30,112,112,106,44,-1,-1,180,ok;no_hour
train/11-30/24.jpg,11,30,112,112,194,117,58,132,270,ok
train/11-30/25.jpg,11,30,112,112,-1,-1,-1,-1,-1,fail:no_candidates
train/11-30/27.jpg,11,30,112,112,116,159,104,88,0,ok
train/11-30/28.jpg,11,30,112,112,103,54,117,142,180,ok
train/11-30/29.jpg,11,30,112,112,217,107,58,132,270,ok
train/11-30/3.jpg,11,30,112,112,104,180,90,58,0,ok
train/11-30/30.jpg,11,30,112,112,117,157,102,53,0,ok
train/11-30/31.jpg,11,30,112,112,106,156,90,57,0,ok
train/11-30/32.jpg,11,30,112,112,105,33,132,166,180,ok
train/11-30/33.jpg,11,30,112,112,192,105,58,132,270,ok
train/11-30/34.jpg,11,30,112,112,106,24,132,166,180,ok
train/11-30/35.jpg,11,30,112,112,62,121,-1,-1,90,ok;no_hour
train/11-30/36.jpg,11,30,112,112,116,148,91,57,0,ok
train/11-30/37.jpg,11,30,112,112,116,177,90,57,0,ok
train/11-30/38.jpg,11,30,112,112,116,202,102,53,0,ok
train/11-30/39.jpg,11,30,112,112,6,116,-1,-1,90,ok;no_hour
train/11-30/4.jpg,11,30,112,112,116,202,90,57,0,ok
train/11-30/41.jpg,11,30,112,112,-1,-1,-1,-1,-1,fail:no_candidates
train/11-30/42.jpg,11,30,112,112,118,42,132,166,180,ok
train/11-30/43.jpg,11,30,112,112,46,116,167,103,90,ok
train/11-30/44.jpg,11,30,112,112,117,201,103,54,0,ok
train/11-30/46.jpg,11,30,112,112,116,189,90,57,0,ok
train/11-30/47.jpg,11,30,112,112,211,119,57,132,270,ok
train/11-30/48.jpg,11,30,112,112,122,180,-1,-1,0,ok;no_hour
train/11-30/51.jpg,11,30,112,112,215,107,59,132,270,ok
train/11-30/52.jpg,11,30,112,112,116,180,90,57,0,ok
train/11-30/53.jpg,11,30,112,112,117,183,103,54,0,ok
train/11-30/54.jpg,11,30,112,112,105,157,118,92,0,ok
train/11-30/56.jpg,11,30,112,112,116,216,90,57,0,ok
train/11-30/58.jpg,11,30,112,112,9,116,170,102,90,ok
train/11-30/59.jpg,11,30,112,112,106,144,-1,-1,0,ok;no_hour
train/11-30/6.jpg,11,30,112,112,-1,-1,-1,-1,-1,fail:no_candidates
train/11-30/60.jpg,11,30,112,112,169,103,-1,-1,270,ok;no_hour
train/11-30/61.jpg,11,30,112,112,105,66,132,165,180,ok
train/11-30/62.jpg,11,30,112,112,105,193,90,57,0,ok
train/11-30/63.jpg,11,30,112,112,117,206,103,54,0,ok
train/11-30/65.jpg,11,30,112,112,105,192,101,52,0,ok
train/11-30/66.jpg,11,30,112,112,105,182,90,57,0,ok
train/11-30/68.jpg,11,30,112,112,105,209,-1,-1,0,ok;no_hour
train/11-30/70.jpg,11,30,112,112,-1,-1,-1,-1,-1,fail:no_candidates
train/11-30/71.jpg,11,30,112,112,-1,-1,-1,-1,-1,fail:no_candidates
train/11-30/72.jpg,11,30,112,112,117,158,90,57,0,ok
train/11-30/73.jpg,11,30,112,112,154,116,57,132,270,ok
train/11-30/74.jpg,11,30,112,112,53,120,154,104,90,ok
train/11-30/75.jpg,11,30,112,112,116,184,90,57,0,ok
train/11-30/79.jpg,11,30,112,112,123,180,105,77,0,ok
train/11-30/8.jpg,11,30,112,112,7,116,170,102,90,ok
train/11-30/80.jpg,11,30,112,112,103,54,118,146,180,ok
train/11-30/82.jpg,11,30,112,112,117,158,90,57,0,ok
train/11-30/83.jpg,11,30,112,112,200,105,-1,-1,270,ok;no_hour
train/11-30/85.jpg,11,30,112,112,44,121,148,105,90,ok
train/11-30/86.jpg,11,30,112,112,194,106,58,132,270,ok
train/11-30/88.jpg,11,30,112,112,116,177,90,57,0,ok
train/11-30/89.jpg,11,30,112,112,116,183,103,55,0,ok
train/11-30/9.jpg,11,30,112,112,105,187,90,57,0,ok
train/11-30/90.jpg,11,30,112,112,201,107,57,131,270,ok
train/11-30/91.jpg,11,30,112,112,145,117,29,126,270,ok
train/11-30/92.jpg,11,30,112,112,106,156,90,57,0,ok
train/11-30/93.jpg,11,30,112,112,186,117,57,132,270,ok
train/11-30/94.jpg,11,30,112,112,120,168,105,68,0,ok
train/11-30/96.jpg,11,30,112,112,118,155,103,54,0,ok
train/11-30/98.jpg,11,30,112,112,117,158,90,59,0,ok
train/11-30/99.jpg,11,30,112,112,119,32,125,138,180,ok
train/11-35/0.jpg,11,35,112,112,161,37,130,164,180,ok
train/11-35/1.jpg,11,35,112,112,174,155,56,131,270,ok
train/11-35/10.jpg,11,35,112,112,187,161,57,130,270,ok
train/11-35/12.jpg,11,35,112,112,65,205,105,54,0,ok
train/11-35/13.jpg,11,35,112,112,71,192,92,57,0,ok
train/11-35/15.jpg,11,35,112,112,161,36,130,164,180,ok
train/11-35/16.jpg,11,35,112,112,66,200,105,54,0,ok
train/11-35/17.jpg,11,35,112,112,65,202,105,54,0,ok
train/11-35/18.jpg,11,35,112,112,194,152,53,132,270,ok
train/11-35/19.jpg,11,35,112,112,72,191,105,55,0,ok
train/11-35/2.jpg,11,35,112,112,182,158,56,130,270,ok
train/11-35/20.jpg,11,35,112,112,70,193,104,53,0,ok
train/11-35/21.jpg,11,35,112,112,54,200,105,54,0,ok
train/11-35/22.jpg,11,35,112,112,34,67,-1,-1,90,ok;no_hour
train/11-35/23.jpg,11,35,112,112,78,181,-1,-1,0,ok;no_hour
train/11-35/24.jpg,11,35,112,112,200,157,58,130,270,ok
train/11-35/25.jpg,11,35,112,112,-1,-1,-1,-1,-1,fail:no_candidates
train/11-35/26.jpg,11,35,112,112,23,66,168,105,90,ok
train/11-35/29.jpg,11,35,112,112,81,176,104,52,0,ok
train/11-35/3.jpg,11,35,112,112,91,57,-1,-1,90,warn:rot_err=39.1;no_hour
train/11-35/30.jpg,11,35,112,112,71,192,104,53,0,ok
train/11-35/31.jpg,11,35,112,112,73,167,105,54,0,ok
train/11-35/32.jpg,11,35,112,112,80,178,104,53,0,ok
train/11-35/37.jpg,11,35,112,112,66,200,105,54,0,ok
train/11-35/38.jpg,11,35,112,112,160,37,119,170,180,ok
train/11-35/39.jpg,11,35,112,112,200,171,-1,-1,270,ok;no_hour
train/11-35/4.jpg,11,35,112,112,160,39,130,165,180,ok
train/11-35/40.jpg,11,35,112,112,79,180,105,54,0,ok
train/11-35/41.jpg,11,35,112,112,61,189,-1,-1,0,ok;no_hour
train/11-35/42.jpg,11,35,112,112,160,39,130,163,180,ok
train/11-35/43.jpg,11,35,112,112,-1,-1,-1,-1,-1,fail:no_candidates
train/11-35/45.jpg,11,35,112,112,70,193,104,53,0,ok
train/11-35/46.jpg,11,35,112,112,187,161,59,130,270,ok
train/11-35/47.jpg,11,35,112,112,71,193,-1,-1,0,ok;no_hour
train/11-35/48.jpg,11,35,112,112,86,171,102,36,0,ok
train/11-35/5.jpg,11,35,112,112,78,181,105,54,0,ok
train/11-35/50.jpg,11,35,112,112,161,37,118,173,180,ok
train/11-35/51.jpg,11,35,112,112,155,27,130,162,180,ok
train/11-35/52.jpg,11,35,112,112,24,54,169,105,90,ok
train/11-35/53.jpg,11,35,112,112,54,200,105,54,0,ok
train/11-35/54.jpg,11,35,112,112,78,77,-1,-1,90,ok;no_hour
train/11-35/55.jpg,11,35,112,112,-1,-1,-1,-1,-1,fail:no_candidates
train/11-35/58.jpg,11,35,112,112,21,65,168,105,90,ok
train/11-35/59.jpg,11,35,112,112,133,86,111,144,180,ok
train/11-35/6.jpg,11,35,112,112,72,191,105,55,0,ok
train/11-35/60.jpg,11,35,112,112,157,23,130,165,180,ok
train/11-35/61.jpg,11,35,112,112,61,189,92,58,0,ok
train/11-35/62.jpg,11,35,112,112,68,196,105,54,0,ok
train/11-35/63.jpg,11,35,112,112,71,193,104,53,0,ok
train/11-35/64.jpg,11,35,112,112,71,192,105,54,0,ok
train/11-35/65.jpg,11,35,112,112,87,140,-1,-1,0,ok;no_hour
train/11-35/66.jpg,11,35,112,112,73,190,105,54,0,ok
train/11-35/67.jpg,11,35,112,112,206,160,58,130,270,ok
train/11-35/68.jpg,11,35,112,112,32,59,-1,-1,90,ok;no_hour
train/11-35/70.jpg,11,35,112,112,69,175,-1,-1,0,ok;no_hour
train/11-35/72.jpg,11,35,112,112,62,187,105,54,0,ok
train/11-35/73.jpg,11,35,112,112,160,38,130,165,180,ok
train/11-35/75.jpg,11,35,112,112,39,63,166,92,90,ok
train/11-35/76.jpg,11,35,112,112,188,161,53,119,270,ok
train/11-35/77.jpg,11,35,112,112,54,109,-1,-1,90,warn:rot_err=27.0;no_hour
train/11-35/78.jpg,11,35,112,112,35,62,170,104,90,ok
train/11-35/79.jpg,11,35,112,112,147,63,120,180,180,ok
train/11-35/80.jpg,11,35,112,112,18,65,167,106,90,ok
train/11-35/81.jpg,11,35,112,112,-1,-1,-1,-1,-1,fail:no_candidates
train/11-35/82.jpg,11,35,112,112,67,200,105,54,0,ok
train/11-35/83.jpg,11,35,112,112,171,105,-1,-1,270,warn:rot_err=36.8;no_hour
train/11-35/84.jpg,11,35,112,112,193,152,58,130,270,ok
train/11-35/86.jpg,11,35,112,112,188,161,58,130,270,ok
train/11-35/87.jpg,11,35,112,112,200,157,57,130,270,ok
train/11-35/88.jpg,11,35,112,112,191,150,57,130,270,ok
train/11-35/89.jpg,11,35,112,112,191,151,48,120,270,ok
train/11-35/90.jpg,11,35,112,112,71,192,105,55,0,ok
train/11-35/91.jpg,11,35,112,112,60,189,104,51,0,ok
train/11-35/92.jpg,11,35,112,112,25,69,169,105,90,ok
train/11-35/93.jpg,11,35,112,112,71,192,105,54,0,ok
train/11-35/94.jpg,11,35,112,112,32,71,160,107,90,ok
train/11-35/95.jpg,11,35,112,112,206,160,56,130,270,ok
train/11-35/96.jpg,11,35,112,112,31,72,169,105,90,ok
train/11-35/98.jpg,11,35,112,112,73,190,105,54,0,ok
train/11-35/99.jpg,11,35,112,112,83,173,105,54,0,ok
train/11-40/0.jpg,11,40,112,112,66,20,170,108,90,ok
train/11-40/1.jpg,11,40,112,112,48,155,105,35,0,ok
train/11-40/10.jpg,11,40,112,112,40,159,108,53,0,ok
train/11-40/11.jpg,11,40,112,112,24,168,-1,-1,0,ok;no_hour
train/11-40/12.jpg,11,40,112,112,153,197,54,127,270,ok
train/11-40/13.jpg,11,40,112,112,169,85,127,164,180,ok
train/11-40/16.jpg,11,40,112,112,65,43,170,108,90,ok
train/11-40/18.jpg,11,40,112,112,65,132,108,49,0,ok
train/11-40/19.jpg,11,40,112,112,33,163,108,54,0,ok
train/11-40/2.jpg,11,40,112,112,164,191,56,127,270,ok
train/11-40/21.jpg,11,40,112,112,65,18,168,95,90,ok
train/11-40/22.jpg,11,40,112,112,148,97,114,167,180,ok
train/11-40/23.jpg,11,40,112,112,65,43,171,107,90,ok
train/11-40/24.jpg,11,40,112,112,45,156,108,53,0,ok
train/11-40/25.jpg,11,40,112,112,-1,-1,-1,-1,-1,fail:no_candidates
train/11-40/26.jpg,11,40,112,112,44,157,96,56,0,ok
train/11-40/29.jpg,11,40,112,112,38,161,108,52,0,ok
train/11-40/3.jpg,11,40,112,112,72,58,-1,-1,90,ok;no_hour
train/11-40/31.jpg,11,40,112,112,47,155,107,52,0,ok
train/11-40/32.jpg,11,40,112,112,50,154,108,53,0,ok
train/11-40/34.jpg,11,40,112,112,43,157,107,52,0,ok
train/11-40/35.jpg,11,40,112,112,153,138,43,84,270,warn:rot_err=27.6
train/11-40/36.jpg,11,40,112,112,24,167,106,52,0,ok
train/11-40/37.jpg,11,40,112,112,50,153,108,53,0,ok
train/11-40/38.jpg,11,40,112,112,38,160,107,52,0,ok
train/11-40/39.jpg,11,40,112,112,-1,-1,-1,-1,-1,fail:no_candidates
train/11-40/4.jpg,11,40,112,112,29,165,108,53,0,ok
train/11-40/40.jpg,11,40,112,112,76,61,170,109,90,ok
train/11-40/43.jpg,11,40,112,112,-1,-1,-1,-1,-1,fail:no_candidates
train/11-40/45.jpg,11,40,112,112,196,69,114,168,180,ok
train/11-40/46.jpg,11,40,112,112,36,161,107,52,0,ok
train/11-40/47.jpg,11,40,112,112,199,55,127,162,180,ok
train/11-40/48.jpg,11,40,112,112,167,87,130,177,180,ok
train/11-40/49.jpg,11,40,112,112,72,54,171,108,90,ok
train/11-40/5.jpg,11,40,112,112,35,161,108,53,0,ok
train/11-40/50.jpg,11,40,112,112,61,36,177,108,90,ok
train/11-40/51.jpg,11,40,112,112,50,153,108,53,0,ok
train/11-40/54.jpg,11,40,112,112,-1,-1,-1,-1,-1,fail:no_candidates
train/11-40/55.jpg,11,40,112,112,190,70,124,168,180,ok
train/11-40/56.jpg,11,40,112,112,25,168,107,52,0,ok
train/11-40/57.jpg,11,40,112,112,60,148,93,45,0,ok
train/11-40/58.jpg,11,40,112,112,164,194,55,127,270,ok
train/11-40/59.jpg,11,40,112,112,136,90,109,142,180,ok
train/11-40/60.jpg,11,40,112,112,167,198,57,127,270,ok
train/11-40/61.jpg,11,40,112,112,60,34,170,108,90,ok
train/11-40/62.jpg,11,40,112,112,43,158,108,53,0,ok
train/11-40/63.jpg,11,40,112,112,193,71,114,168,180,ok
train/11-40/64.jpg,11,40,112,112,163,192,54,127,270,ok
train/11-40/65.jpg,11,40,112,112,174,82,128,167,180,ok
train/11-40/66.jpg,11,40,112,112,26,154,108,53,0,ok
train/11-40/68.jpg,11,40,112,112,154,198,-1,-1,270,ok;no_hour
train/11-40/69.jpg,11,40,112,112,153,172,57,127,270,ok
train/11-40/7.jpg,11,40,112,112,62,38,-1,-1,90,ok;no_hour
train/11-40/70.jpg,11,40,112,112,37,162,-1,-1,0,ok;no_hour
train/11-40/72.jpg,11,40,112,112,25,168,108,53,0,ok
train/11-40/74.jpg,11,40,112,112,56,151,108,45,0,ok
train/11-40/75.jpg,11,40,112,112,34,162,108,53,0,ok
train/11-40/76.jpg,11,40,112,112,62,36,169,108,90,ok
train/11-40/77.jpg,11,40,112,112,96,55,-1,-1,90,ok;no_hour
train/11-40/78.jpg,11,40,112,112,36,161,108,54,0,ok
train/11-40/8.jpg,11,40,112,112,197,57,114,168,180,ok
train/11-40/81.jpg,11,40,112,112,83,52,170,107,90,ok
train/11-40/82.jpg,11,40,112,112,30,165,107,52,0,ok
train/11-40/83.jpg,11,40,112,112,83,50,170,109,90,ok
train/11-40/84.jpg,11,40,112,112,156,176,53,115,270,ok
train/11-40/85.jpg,11,40,112,112,163,88,114,169,180,ok
train/11-40/86.jpg,11,40,112,112,42,158,108,53,0,ok
train/11-40/87.jpg,11,40,112,112,65,44,171,107,90,ok
train/11-40/88.jpg,11,40,112,112,196,70,114,168,180,ok
train/11-40/89.jpg,11,40,112,112,168,73,127,168,180,ok
train/11-40/90.jpg,11,40,112,112,37,160,107,53,0,ok
train/11-40/91.jpg,11,40,112,112,49,154,106,41,0,ok
train/11-40/92.jpg,11,40,112,112,170,201,57,127,270,ok
train/11-40/93.jpg,11,40,112,112,35,161,108,53,0,ok
train/11-40/94.jpg,11,40,112,112,-1,-1,-1,-1,-1,fail:no_candidates
train/11-40/95.jpg,11,40,112,112,36,161,108,53,0,ok
train/11-40/96.jpg,11,40,112,112,155,175,-1,-1,270,ok;no_hour
train/11-40/97.jpg,11,40,112,112,33,150,109,56,0,ok
train/11-40/98.jpg,11,40,112,112,47,155,108,53,0,ok
train/11-40/99.jpg,11,40,112,112,55,151,108,53,0,ok
train/11-45/0.jpg,11,45,112,112,58,111,-1,-1,0,ok;no_hour
train/11-45/1.jpg,11,45,112,112,112,57,-1,-1,90,ok;no_hour
train/11-45/10.jpg,11,45,112,112,18,116,110,53,0,ok
train/11-45/11.jpg,11,45,112,112,11,117,-1,-1,0,ok;no_hour
train/11-45/12.jpg,11,45,112,112,105,203,56,125,270,ok
train/11-45/14.jpg,11,45,112,112,57,104,90,35,0,ok
train/11-45/15.jpg,11,45,112,112,109,52,-1,-1,90,ok;no_hour
train/11-45/16.jpg,11,45,112,112,53,113,-1,-1,0,ok;no_hour
train/11-45/18.jpg,11,45,112,112,111,59,-1,-1,90,ok;no_hour
train/11-45/19.jpg,11,45,112,112,169,110,-1,-1,180,ok;no_hour
train/11-45/2.jpg,11,45,112,112,117,18,167,97,90,ok
train/11-45/20.jpg,11,45,112,112,53,113,-1,-1,0,ok;no_hour
train/11-45/21.jpg,11,45,112,112,110,53,-1,-1,90,ok;no_hour
train/11-45/22.jpg,11,45,112,112,110,54,154,114,90,ok
train/11-45/23.jpg,11,45,112,112,-1,-1,-1,-1,-1,fail:no_candidates
train/11-45/24.jpg,11,45,112,112,31,116,109,52,0,ok
train/11-45/25.jpg,11,45,112,112,-1,-1,-1,-1,-1,fail:no_candidates
train/11-45/26.jpg,11,45,112,112,30,116,109,52,0,ok
train/11-45/27.jpg,11,45,112,112,64,110,-1,-1,0,ok;no_hour
train/11-45/28.jpg,11,45,112,112,109,52,-1,-1,90,ok;no_hour
train/11-45/29.jpg,11,45,112,112,-1,-1,-1,-1,-1,fail:no_candidates
train/11-45/3.jpg,11,45,112,112,118,156,-1,-1,270,ok;no_hour
train/11-45/30.jpg,11,45,112,112,105,84,-1,-1,90,ok;no_hour
train/11-45/31.jpg,11,45,112,112,170,110,-1,-1,180,ok;no_hour
train/11-45/32.jpg,11,45,112,112,111,158,-1,-1,270,ok;no_hour
train/11-45/33.jpg,11,45,112,112,55,112,-1,-1,0,ok;no_hour
train/11-45/34.jpg,11,45,112,112,113,170,-1,-1,270,ok;no_hour
train/11-45/36.jpg,11,45,112,112,-1,-1,-1,-1,-1,fail:no_candidates
train/11-45/37.jpg,11,45,112,112,110,53,-1,-1,90,ok;no_hour
train/11-45/4.jpg,11,45,112,112,19,116,109,52,0,ok
train/11-45/40.jpg,11,45,112,112,110,55,-1,-1,90,ok;no_hour
train/11-45/41.jpg,11,45,112,112,22,105,-1,-1,0,ok;no_hour
train/11-45/42.jpg,11,45,112,112,114,179,-1,-1,270,ok;no_hour
train/11-45/44.jpg,11,45,112,112,167,111,-1,-1,180,ok;no_hour
train/11-45/45.jpg,11,45,112,112,110,53,-1,-1,90,ok;no_hour
train/11-45/46.jpg,11,45,112,112,109,52,-1,-1,90,ok;no_hour
train/11-45/47.jpg,11,45,112,112,167,111,-1,-1,180,ok;no_hour
train/11-45/48.jpg,11,45,112,112,67,118,95,45,0,ok
train/11-45/5.jpg,11,45,112,112,111,55,-1,-1,90,ok;no_hour
train/11-45/50.jpg,11,45,112,112,111,54,-1,-1,90,ok;no_hour
train/11-45/51.jpg,11,45,112,112,109,52,-1,-1,90,ok;no_hour
train/11-45/53.jpg,11,45,112,112,170,110,-1,-1,180,ok;no_hour
train/11-45/54.jpg,11,45,112,112,202,115,-1,-1,180,ok;no_hour
train/11-45/55.jpg,11,45,112,112,23,108,101,56,0,ok
train/11-45/56.jpg,11,45,112,112,113,170,-1,-1,270,ok;no_hour
train/11-45/58.jpg,11,45,112,112,112,166,-1,-1,270,ok;no_hour
train/11-45/59.jpg,11,45,112,112,105,79,-1,-1,90,ok;no_hour
train/11-45/6.jpg,11,45,112,112,-1,-1,-1,-1,-1,fail:no_candidates
train/11-45/60.jpg,11,45,112,112,12,116,110,53,0,ok
train/11-45/62.jpg,11,45,112,112,170,110,-1,-1,180,ok;no_hour
train/11-45/63.jpg,11,45,112,112,109,52,-1,-1,90,ok;no_hour
train/11-45/64.jpg,11,45,112,112,113,170,-1,-1,270,ok;no_hour
train/11-45/66.jpg,11,45,112,112,109,52,-1,-1,90,ok;no_hour
train/11-45/67.jpg,11,45,112,112,171,109,-1,-1,180,ok;no_hour
train/11-45/69.jpg,11,45,112,112,109,52,-1,-1,90,ok;no_hour
train/11-45/7.jpg,11,45,112,112,170,110,-1,-1,180,ok;no_hour
train/11-45/70.jpg,11,45,112,112,49,116,-1,-1,0,ok;no_hour
train/11-45/71.jpg,11,45,112,112,-1,-1,-1,-1,-1,fail:no_candidates
train/11-45/72.jpg,11,45,112,112,109,52,-1,-1,90,ok;no_hour
train/11-45/74.jpg,11,45,112,112,177,109,-1,-1,180,ok;no_hour
train/11-45/75.jpg,11,45,112,112,53,113,-1,-1,0,ok;no_hour
train/11-45/78.jpg,11,45,112,112,117,46,-1,-1,90,ok;no_hour
train/11-45/79.jpg,11,45,112,112,166,111,-1,-1,180,ok;no_hour
train/11-45/80.jpg,11,45,112,112,164,112,-1,-1,180,ok;no_hour
train/11-45/81.jpg,11,45,112,112,-1,-1,-1,-1,-1,fail:no_candidates
train/11-45/82.jpg,11,45,112,112,113,170,-1,-1,270,ok;no_hour
train/11-45/83.jpg,11,45,112,112,104,86,-1,-1,90,ok;no_hour
train/11-45/84.jpg,11,45,112,112,111,56,-1,-1,90,ok;no_hour
train/11-45/85.jpg,11,45,112,112,111,55,-1,-1,90,ok;no_hour
train/11-45/86.jpg,11,45,112,112,28,116,109,52,0,ok
train/11-45/87.jpg,11,45,112,112,113,170,-1,-1,270,ok;no_hour
train/11-45/88.jpg,11,45,112,112,112,175,-1,-1,270,ok;no_hour
train/11-45/89.jpg,11,45,112,112,109,52,-1,-1,90,ok;no_hour
train/11-45/9.jpg,11,45,112,112,170,110,-1,-1,180,ok;no_hour
train/11-45/90.jpg,11,45,112,112,110,56,-1,-1,90,ok;no_hour
train/11-45/92.jpg,11,45,112,112,109,52,-1,-1,90,ok;no_hour
train/11-45/93.jpg,11,45,112,112,53,113,-1,-1,0,ok;no_hour
train/11-45/94.jpg,11,45,112,112,52,114,-1,-1,0,ok;no_hour
train/11-45/95.jpg,11,45,112,112,110,53,-1,-1,90,ok;no_hour
train/11-45/97.jpg,11,45,112,112,109,52,-1,-1,90,ok;no_hour
train/11-50/0.jpg,11,50,112,112,113,53,-1,-1,90,warn:rot_err=29.0;no_hour
train/11-50/1.jpg,11,50,112,112,181,143,109,185,180,ok
train/11-50/10.jpg,11,50,112,112,154,25,-1,-1,90,ok;no_hour
train/11-50/11.jpg,11,50,112,112,22,67,-1,-1,0,ok;no_hour
train/11-50/12.jpg,11,50,112,112,165,136,111,193,180,ok
train/11-50/14.jpg,11,50,112,112,72,96,-1,-1,0,ok;no_hour
train/11-50/15.jpg,11,50,112,112,44,80,113,54,0,ok
train/11-50/16.jpg,11,50,112,112,39,77,113,54,0,ok
train/11-50/17.jpg,11,50,112,112,146,39,169,113,90,ok
train/11-50/18.jpg,11,50,112,112,24,68,114,59,0,ok
train/11-50/19.jpg,11,50,112,112,146,41,168,113,90,ok
train/11-50/2.jpg,11,50,112,112,31,72,113,54,0,ok
train/11-50/20.jpg,11,50,112,112,34,74,113,54,0,ok
train/11-50/21.jpg,11,50,112,112,18,65,113,53,0,ok
train/11-50/22.jpg,11,50,112,112,45,73,159,36,0,ok
train/11-50/23.jpg,11,50,112,112,36,62,112,47,0,ok
train/11-50/24.jpg,11,50,112,112,39,77,113,54,0,ok
train/11-50/26.jpg,11,50,112,112,39,77,112,52,0,ok
train/11-50/27.jpg,11,50,112,112,185,146,107,157,180,ok
train/11-50/28.jpg,11,50,112,112,30,71,114,59,0,ok
train/11-50/29.jpg,11,50,112,112,28,71,113,52,0,ok
train/11-50/3.jpg,11,50,112,112,151,30,-1,-1,90,ok;no_hour
train/11-50/30.jpg,11,50,112,112,151,32,168,113,90,ok
train/11-50/31.jpg,11,50,112,112,40,78,113,54,0,ok
train/11-50/32.jpg,11,50,112,112,55,86,113,54,0,ok
train/11-50/33.jpg,11,50,112,112,194,152,108,164,180,ok
train/11-50/34.jpg,11,50,112,112,157,21,169,113,90,ok
train/11-50/35.jpg,11,50,112,112,84,156,63,121,270,ok
train/11-50/36.jpg,11,50,112,112,19,64,112,54,0,ok
train/11-50/38.jpg,11,50,112,112,31,71,112,52,0,ok
train/11-50/39.jpg,11,50,112,112,-1,-1,-1,-1,-1,fail:no_candidates
train/11-50/4.jpg,11,50,112,112,26,69,113,54,0,ok
train/11-50/41.jpg,11,50,112,112,161,37,169,100,90,ok
train/11-50/42.jpg,11,50,112,112,87,165,51,110,270,ok
train/11-50/46.jpg,11,50,112,112,54,110,-1,-1,0,warn:rot_err=28.0;no_hour
train/11-50/47.jpg,11,50,112,112,22,67,113,53,0,ok
train/11-50/48.jpg,11,50,112,112,56,87,113,47,0,ok
train/11-50/49.jpg,11,50,112,112,201,156,110,172,180,ok
train/11-50/5.jpg,11,50,112,112,42,78,114,56,0,ok
train/11-50/50.jpg,11,50,112,112,73,191,53,109,270,ok
train/11-50/51.jpg,11,50,112,112,33,73,113,54,0,ok
train/11-50/52.jpg,11,50,112,112,43,79,113,54,0,ok
train/11-50/53.jpg,11,50,112,112,157,19,206,109,90,ok
train/11-50/55.jpg,11,50,112,112,-1,-1,-1,-1,-1,fail:no_candidates
train/11-50/56.jpg,11,50,112,112,22,67,114,60,0,ok
train/11-50/57.jpg,11,50,112,112,200,168,-1,-1,180,ok;no_hour
train/11-50/59.jpg,11,50,112,112,122,81,-1,-1,90,ok;no_hour
train/11-50/6.jpg,11,50,112,112,31,71,112,54,0,ok
train/11-50/61.jpg,11,50,112,112,21,67,113,53,0,ok
train/11-50/63.jpg,11,50,112,112,31,72,113,54,0,ok
train/11-50/64.jpg,11,50,112,112,191,150,110,169,180,ok
train/11-50/65.jpg,11,50,112,112,109,178,-1,-1,270,warn:rot_err=27.4;no_hour
train/11-50/67.jpg,11,50,112,112,30,71,113,54,0,ok
train/11-50/68.jpg,11,50,112,112,30,59,-1,-1,0,ok;no_hour
train/11-50/69.jpg,11,50,112,112,173,154,122,167,180,ok
train/11-50/70.jpg,11,50,112,112,194,165,-1,-1,180,ok;no_hour
train/11-50/71.jpg,11,50,112,112,46,81,-1,-1,0,ok;no_hour
train/11-50/72.jpg,11,50,112,112,33,73,113,54,0,ok
train/11-50/73.jpg,11,50,112,112,59,88,113,57,0,ok
train/11-50/74.jpg,11,50,112,112,22,67,113,47,0,ok
train/11-50/78.jpg,11,50,112,112,30,71,112,52,0,ok
train/11-50/79.jpg,11,50,112,112,58,88,-1,-1,0,ok;no_hour
train/11-50/8.jpg,11,50,112,112,88,165,54,110,270,ok
train/11-50/81.jpg,11,50,112,112,53,84,113,53,0,ok
train/11-50/82.jpg,11,50,112,112,68,197,54,110,270,ok
train/11-50/83.jpg,11,50,112,112,68,199,54,109,270,ok
train/11-50/84.jpg,11,50,112,112,31,72,113,53,0,ok
train/11-50/85.jpg,11,50,112,112,57,87,114,60,0,ok
train/11-50/86.jpg,11,50,112,112,153,27,169,113,90,ok
train/11-50/88.jpg,11,50,112,112,42,79,113,59,0,ok
train/11-50/89.jpg,11,50,112,112,60,88,111,44,0,ok
train/11-50/90.jpg,11,50,112,112,46,80,112,52,0,ok
train/11-50/91.jpg,11,50,112,112,72,192,44,110,270,ok
train/11-50/92.jpg,11,50,112,112,72,191,56,109,270,ok
train/11-50/93.jpg,11,50,112,112,33,73,113,54,0,ok
train/11-50/94.jpg,11,50,112,112,32,71,112,52,0,ok
train/11-50/95.jpg,11,50,112,112,149,34,169,113,90,ok
train/11-50/96.jpg,11,50,112,112,43,79,113,53,0,ok
train/11-50/97.jpg,11,50,112,112,156,22,170,113,90,ok
train/11-50/99.jpg,11,50,112,112,77,185,55,109,270,ok
train/11-55/0.jpg,11,55,112,112,55,25,-1,-1,0,ok;no_hour
train/11-55/1.jpg,11,55,112,112,69,49,115,37,0,ok
train/11-55/10.jpg,11,55,112,112,161,186,107,167,180,ok
train/11-55/11.jpg,11,55,112,112,64,41,-1,-1,0,ok;no_hour
train/11-55/12.jpg,11,55,112,112,114,45,-1,-1,0,warn:rot_err=31.7;no_hour
train/11-55/13.jpg,11,55,112,112,36,161,28,109,270,ok
train/11-55/14.jpg,11,55,112,112,40,63,-1,-1,0,warn:rot_err=25.8;no_hour
train/11-55/15.jpg,11,55,112,112,53,152,54,108,270,ok
train/11-55/16.jpg,11,55,112,112,66,44,115,54,0,ok
train/11-55/17.jpg,11,55,112,112,156,178,107,167,180,ok
train/11-55/18.jpg,11,55,112,112,81,69,116,63,0,ok
train/11-55/2.jpg,11,55,112,112,55,26,115,54,0,ok
train/11-55/20.jpg,11,55,112,112,198,55,171,114,90,ok
train/11-55/21.jpg,11,55,112,112,49,154,58,106,270,ok
train/11-55/22.jpg,11,55,112,112,73,177,73,110,270,warn:rot_err=29.0
train/11-55/23.jpg,11,55,112,112,161,185,108,175,180,ok
train/11-55/24.jpg,11,55,112,112,66,45,115,54,0,ok
train/11-55/26.jpg,11,55,112,112,189,61,168,115,90,ok
train/11-55/27.jpg,11,55,112,112,141,150,104,137,180,ok
train/11-55/3.jpg,11,55,112,112,37,161,-1,-1,270,ok;no_hour
train/11-55/32.jpg,11,55,112,112,52,153,-1,-1,270,ok;no_hour
train/11-55/34.jpg,11,55,112,112,26,167,54,108,270,ok
train/11-55/35.jpg,11,55,112,112,177,98,-1,-1,90,ok;no_hour
train/11-55/36.jpg,11,55,112,112,-1,-1,-1,-1,-1,fail:no_candidates
train/11-55/37.jpg,11,55,112,112,107,167,-1,-1,180,warn:rot_err=35.2;no_hour
train/11-55/38.jpg,11,55,112,112,42,158,57,107,270,ok
train/11-55/39.jpg,11,55,112,112,-1,-1,-1,-1,-1,fail:no_candidates
train/11-55/4.jpg,11,55,112,112,61,34,115,54,0,ok
train/11-55/40.jpg,11,55,112,112,72,55,115,53,0,ok
train/11-55/41.jpg,11,55,112,112,193,70,-1,-1,90,ok;no_hour
train/11-55/42.jpg,11,55,112,112,115,51,-1,-1,0,warn:rot_err=32.8;no_hour
train/11-55/43.jpg,11,55,112,112,64,41,78,42,0,ok
train/11-55/46.jpg,11,55,112,112,62,36,115,54,0,ok
train/11-55/47.jpg,11,55,112,112,39,160,55,107,270,ok
train/11-55/49.jpg,11,55,112,112,28,166,52,108,270,ok
train/11-55/5.jpg,11,55,112,112,176,68,170,115,90,ok
train/11-55/50.jpg,11,55,112,112,161,75,-1,-1,90,ok;no_hour
train/11-55/52.jpg,11,55,112,112,186,61,169,115,90,ok
train/11-55/53.jpg,11,55,112,112,155,174,-1,-1,180,ok;no_hour
train/11-55/54.jpg,11,55,112,112,36,158,-1,-1,270,ok;no_hour
train/11-55/55.jpg,11,55,112,112,-1,-1,-1,-1,-1,fail:no_candidates
train/11-55/56.jpg,11,55,112,112,185,63,149,116,90,ok
train/11-55/57.jpg,11,55,112,112,75,61,-1,-1,0,ok;no_hour
train/11-55/59.jpg,11,55,112,112,91,87,117,80,0,ok
train/11-55/6.jpg,11,55,112,112,-1,-1,-1,-1,-1,fail:no_candidates
train/11-55/60.jpg,11,55,112,112,176,68,171,114,90,ok
train/11-55/61.jpg,11,55,112,112,176,67,170,115,90,ok
train/11-55/62.jpg,11,55,112,112,180,65,171,114,90,ok
train/11-55/64.jpg,11,55,112,112,190,60,169,115,90,ok
train/11-55/66.jpg,11,55,112,112,71,52,-1,-1,0,ok;no_hour
train/11-55/67.jpg,11,55,112,112,107,167,-1,-1,180,warn:rot_err=35.2;no_hour
train/11-55/69.jpg,11,55,112,112,54,151,-1,-1,270,ok;no_hour
train/11-55/7.jpg,11,55,112,112,73,56,113,41,0,ok
train/11-55/71.jpg,11,55,112,112,173,70,157,117,90,ok
train/11-55/72.jpg,11,55,112,112,62,37,115,54,0,ok
train/11-55/73.jpg,11,55,112,112,148,162,107,168,180,ok
train/11-55/74.jpg,11,55,112,112,167,195,106,165,180,ok
train/11-55/75.jpg,11,55,112,112,186,62,169,115,90,ok
train/11-55/76.jpg,11,55,112,112,57,107,-1,-1,270,warn:rot_err=35.2;no_hour
train/11-55/77.jpg,11,55,112,112,168,112,-1,-1,90,warn:rot_err=30.0;no_hour
train/11-55/78.jpg,11,55,112,112,61,34,116,75,0,ok
train/11-55/79.jpg,11,55,112,112,145,159,107,170,180,ok
train/11-55/80.jpg,11,55,112,112,175,67,167,116,90,ok
train/11-55/81.jpg,11,55,112,112,116,66,-1,-1,0,warn:rot_err=35.0;no_hour
train/11-55/83.jpg,11,55,112,112,200,53,149,117,90,ok
train/11-55/84.jpg,11,55,112,112,49,154,59,106,270,ok
train/11-55/85.jpg,11,55,112,112,75,60,117,83,0,ok
train/11-55/86.jpg,11,55,112,112,65,42,115,54,0,ok
train/11-55/88.jpg,11,55,112,112,70,51,115,49,0,ok
train/11-55/89.jpg,11,55,112,112,169,201,107,172,180,ok
train/11-55/9.jpg,11,55,112,112,61,35,115,54,0,ok
train/11-55/90.jpg,11,55,112,112,-1,-1,-1,-1,-1,fail:no_candidates
train/11-55/92.jpg,11,55,112,112,62,36,115,54,0,ok
train/11-55/93.jpg,11,55,112,112,36,161,56,107,270,ok
train/11-55/94.jpg,11,55,112,112,-1,-1,-1,-1,-1,fail:no_candidates
train/11-55/95.jpg,11,55,112,112,54,23,116,74,0,ok
train/11-55/96.jpg,11,55,112,112,69,49,116,57,0,ok
train/11-55/97.jpg,11,55,112,112,62,38,115,53,0,ok
train/11-55/98.jpg,11,55,112,112,71,52,-1,-1,0,ok;no_hour
train/11-55/99.jpg,11,55,112,112,152,168,106,165,180,ok
train/12-00/0.jpg,12,0,112,112,-1,-1,-1,-1,-1,fail:no_candidates
train/12-00/1.jpg,12,0,112,112,119,65,104,61,0,ok
train/12-00/10.jpg,12,0,112,112,105,194,117,169,180,ok
train/12-00/12.jpg,12,0,112,112,188,105,171,118,90,ok
train/12-00/13.jpg,12,0,112,112,118,49,105,47,0,ok
train/12-00/14.jpg,12,0,112,112,102,174,132,190,180,ok
train/12-00/15.jpg,12,0,112,112,43,117,35,104,270,ok
train/12-00/16.jpg,12,0,112,112,117,169,104,167,180,ok
train/12-00/17.jpg,12,0,112,112,118,54,105,56,0,ok
train/12-00/18.jpg,12,0,112,112,118,151,103,166,180,ok
train/12-00/19.jpg,12,0,112,112,217,106,168,118,90,ok
train/12-00/2.jpg,12,0,112,112,118,54,105,56,0,ok
train/12-00/20.jpg,12,0,112,112,118,54,105,56,0,ok
train/12-00/21.jpg,12,0,112,112,119,56,104,58,0,ok
train/12-00/22.jpg,12,0,112,112,107,57,-1,-1,0,ok;no_hour
train/12-00/23.jpg,12,0,112,112,174,118,177,105,90,ok
train/12-00/24.jpg,12,0,112,112,54,117,56,104,270,ok
train/12-00/26.jpg,12,0,112,112,55,117,57,104,270,ok
train/12-00/27.jpg,12,0,112,112,119,65,104,63,0,ok
train/12-00/28.jpg,12,0,112,112,57,118,59,103,270,ok
train/12-00/29.jpg,12,0,112,112,118,55,105,56,0,ok
train/12-00/30.jpg,12,0,112,112,118,55,105,56,0,ok
train/12-00/32.jpg,12,0,112,112,118,44,105,55,0,ok
train/12-00/33.jpg,12,0,112,112,118,167,103,165,180,ok
train/12-00/34.jpg,12,0,112,112,54,117,56,104,270,ok
train/12-00/35.jpg,12,0,112,112,43,126,-1,-1,270,ok;no_hour
train/12-00/37.jpg,12,0,112,112,118,47,105,56,0,ok
train/12-00/38.jpg,12,0,112,112,54,117,56,104,270,ok
train/12-00/39.jpg,12,0,112,112,-1,-1,-1,-1,-1,fail:no_candidates
train/12-00/4.jpg,12,0,112,112,54,117,56,104,270,ok
train/12-00/40.jpg,12,0,112,112,118,56,105,50,0,ok
train/12-00/41.jpg,12,0,112,112,57,103,-1,-1,270,ok;no_hour
train/12-00/43.jpg,12,0,112,112,-1,-1,-1,-1,-1,fail:no_candidates
train/12-00/44.jpg,12,0,112,112,119,56,104,58,0,ok
train/12-00/46.jpg,12,0,112,112,117,170,104,168,180,ok
train/12-00/47.jpg,12,0,112,112,167,119,165,104,90,ok
train/12-00/48.jpg,12,0,112,112,119,41,104,49,0,ok
train/12-00/49.jpg,12,0,112,112,117,197,104,182,180,ok
train/12-00/5.jpg,12,0,112,112,119,56,104,81,0,ok
train/12-00/51.jpg,12,0,112,112,118,54,105,56,0,ok
train/12-00/52.jpg,12,0,112,112,118,54,105,56,0,ok
train/12-00/53.jpg,12,0,112,112,119,56,104,59,0,ok
train/12-00/55.jpg,12,0,112,112,-1,-1,-1,-1,-1,fail:no_candidates
train/12-00/56.jpg,12,0,112,112,169,118,167,105,90,ok
train/12-00/57.jpg,12,0,112,112,50,104,-1,-1,270,ok;no_hour
train/12-00/59.jpg,12,0,112,112,118,83,105,80,0,ok
train/12-00/6.jpg,12,0,112,112,-1,-1,-1,-1,-1,fail:no_candidates
train/12-00/60.jpg,12,0,112,112,118,54,105,56,0,ok
train/12-00/61.jpg,12,0,112,112,119,56,104,58,0,ok
train/12-00/65.jpg,12,0,112,112,108,142,-1,-1,180,ok;no_hour
train/12-00/66.jpg,12,0,112,112,117,178,104,176,180,ok
train/12-00/67.jpg,12,0,112,112,204,117,168,105,90,ok
train/12-00/68.jpg,12,0,112,112,117,174,104,177,180,ok
train/12-00/69.jpg,12,0,112,112,118,43,105,55,0,ok
train/12-00/7.jpg,12,0,112,112,118,147,-1,-1,180,ok;no_hour
train/12-00/70.jpg,12,0,112,112,217,116,-1,-1,90,ok;no_hour
train/12-00/71.jpg,12,0,112,112,119,56,104,59,0,ok
train/12-00/72.jpg,12,0,112,112,118,54,105,56,0,ok
train/12-00/73.jpg,12,0,112,112,118,47,105,55,0,ok
train/12-00/75.jpg,12,0,112,112,104,167,117,147,180,ok
train/12-00/76.jpg,12,0,112,112,105,57,118,70,0,ok
train/12-00/78.jpg,12,0,112,112,105,57,118,80,0,ok
train/12-00/79.jpg,12,0,112,112,118,53,105,52,0,ok
train/12-00/8.jpg,12,0,112,112,216,118,147,104,90,ok
train/12-00/80.jpg,12,0,112,112,201,105,167,119,90,ok
train/12-00/81.jpg,12,0,112,112,171,106,-1,-1,90,ok;no_hour
train/12-00/84.jpg,12,0,112,112,56,118,58,103,270,ok
train/12-00/85.jpg,12,0,112,112,117,167,104,170,180,ok
train/12-00/86.jpg,12,0,112,112,169,118,150,105,90,ok
train/12-00/87.jpg,12,0,112,112,118,54,105,56,0,ok
train/12-00/88.jpg,12,0,112,112,117,180,104,177,180,ok
train/12-00/89.jpg,12,0,112,112,118,42,105,47,0,ok
train/12-00/9.jpg,12,0,112,112,45,117,44,104,270,ok
train/12-00/90.jpg,12,0,112,112,116,168,105,166,180,ok
train/12-00/91.jpg,12,0,112,112,119,53,104,52,0,ok
train/12-00/93.jpg,12,0,112,112,54,117,56,104,270,ok
train/12-00/94.jpg,12,0,112,112,187,118,165,105,90,ok
train/12-00/95.jpg,12,0,112,112,105,56,118,80,0,ok
train/12-00/97.jpg,12,0,112,112,206,118,198,105,90,ok
train/12-00/98.jpg,12,0,112,112,117,179,104,177,180,ok
train/12-05/0.jpg,12,5,112,112,67,178,116,166,180,ok
train/12-05/1.jpg,12,5,112,112,154,50,106,62,0,ok
train/12-05/10.jpg,12,5,112,112,161,35,107,56,0,ok
train/12-05/11.jpg,12,5,112,112,-1,-1,-1,-1,-1,fail:no_candidates
train/12-05/13.jpg,12,5,112,112,58,74,-1,-1,270,ok;no_hour
train/12-05/15.jpg,12,5,112,112,153,51,106,73,0,ok
train/12-05/17.jpg,12,5,112,112,168,25,107,56,0,ok
train/12-05/18.jpg,12,5,112,112,150,58,106,70,0,ok
train/12-05/19.jpg,12,5,112,112,161,35,-1,-1,0,ok;no_hour
train/12-05/2.jpg,12,5,112,112,161,35,-1,-1,0,ok;no_hour
train/12-05/20.jpg,12,5,112,112,194,165,-1,-1,90,ok;no_hour
train/12-05/21.jpg,12,5,112,112,152,52,-1,-1,0,ok;no_hour
train/12-05/26.jpg,12,5,112,112,160,37,-1,-1,0,ok;no_hour
train/12-05/27.jpg,12,5,112,112,163,34,-1,-1,0,ok;no_hour
train/12-05/28.jpg,12,5,112,112,61,189,115,169,180,ok
train/12-05/29.jpg,12,5,112,112,168,25,149,59,0,ok
train/12-05/3.jpg,12,5,112,112,108,33,-1,-1,0,warn:rot_err=32.9;no_hour
train/12-05/30.jpg,12,5,112,112,61,189,-1,-1,180,ok;no_hour
train/12-05/31.jpg,12,5,112,112,151,54,107,56,0,ok
train/12-05/33.jpg,12,5,112,112,182,159,-1,-1,90,ok;no_hour
train/12-05/34.jpg,12,5,112,112,61,190,115,169,180,ok
train/12-05/35.jpg,12,5,112,112,138,69,140,25,0,ok
train/12-05/36.jpg,12,5,112,112,160,36,108,56,0,ok
train/12-05/37.jpg,12,5,112,112,56,73,87,116,270,ok
train/12-05/38.jpg,12,5,112,112,185,160,191,151,90,ok
train/12-05/39.jpg,12,5,112,112,-1,-1,-1,-1,-1,fail:no_candidates
train/12-05/4.jpg,12,5,112,112,161,35,107,56,0,ok
train/12-05/40.jpg,12,5,112,112,37,62,53,115,270,ok
train/12-05/42.jpg,12,5,112,112,61,190,115,178,180,ok
train/12-05/43.jpg,12,5,112,112,-1,-1,-1,-1,-1,fail:no_candidates
train/12-05/45.jpg,12,5,112,112,165,30,107,56,0,ok
train/12-05/46.jpg,12,5,112,112,160,39,107,56,0,ok
train/12-05/47.jpg,12,5,112,112,163,34,-1,-1,0,ok;no_hour
train/12-05/48.jpg,12,5,112,112,161,37,106,58,0,ok
train/12-05/49.jpg,12,5,112,112,62,187,115,171,180,ok
train/12-05/5.jpg,12,5,112,112,152,52,106,58,0,ok
train/12-05/51.jpg,12,5,112,112,167,24,107,56,0,ok
train/12-05/53.jpg,12,5,112,112,168,23,107,55,0,ok
train/12-05/54.jpg,12,5,112,112,-1,-1,-1,-1,-1,fail:no_candidates
train/12-05/55.jpg,12,5,112,112,-1,-1,-1,-1,-1,fail:no_candidates
train/12-05/56.jpg,12,5,112,112,107,56,-1,-1,0,warn:rot_err=35.1;no_hour
train/12-05/57.jpg,12,5,112,112,54,201,-1,-1,180,ok;no_hour
train/12-05/58.jpg,12,5,112,112,169,23,107,56,0,ok
train/12-05/59.jpg,12,5,112,112,91,135,116,141,180,ok
train/12-05/60.jpg,12,5,112,112,155,47,106,71,0,ok
train/12-05/61.jpg,12,5,112,112,164,32,106,59,0,ok
train/12-05/63.jpg,12,5,112,112,186,161,-1,-1,90,ok;no_hour
train/12-05/64.jpg,12,5,112,112,61,189,115,169,180,ok
train/12-05/65.jpg,12,5,112,112,169,152,146,105,90,ok
train/12-05/66.jpg,12,5,112,112,152,52,107,55,0,ok
train/12-05/67.jpg,12,5,112,112,161,36,107,56,0,ok
train/12-05/68.jpg,12,5,112,112,166,31,107,47,0,ok
train/12-05/69.jpg,12,5,112,112,70,171,116,146,180,ok
train/12-05/7.jpg,12,5,112,112,161,36,107,56,0,ok
train/12-05/70.jpg,12,5,112,112,187,161,-1,-1,90,ok;no_hour
train/12-05/72.jpg,12,5,112,112,168,23,107,56,0,ok
train/12-05/73.jpg,12,5,112,112,34,61,-1,-1,270,ok;no_hour
train/12-05/74.jpg,12,5,112,112,163,148,165,106,90,ok
train/12-05/75.jpg,12,5,112,112,107,56,-1,-1,0,warn:rot_err=35.1;no_hour
train/12-05/77.jpg,12,5,112,112,53,110,-1,-1,270,warn:rot_err=28.1;no_hour
train/12-05/78.jpg,12,5,112,112,160,37,-1,-1,0,ok;no_hour
train/12-05/79.jpg,12,5,112,112,78,158,77,158,180,ok
train/12-05/8.jpg,12,5,112,112,61,188,115,169,180,ok
train/12-05/80.jpg,12,5,112,112,47,67,56,116,270,ok
train/12-05/81.jpg,12,5,112,112,159,36,108,57,0,ok
train/12-05/82.jpg,12,5,112,112,161,35,107,56,0,ok
train/12-05/83.jpg,12,5,112,112,72,169,116,169,180,ok
train/12-05/84.jpg,12,5,112,112,149,58,105,85,0,ok
train/12-05/86.jpg,12,5,112,112,61,189,-1,-1,180,ok;no_hour
train/12-05/87.jpg,12,5,112,112,161,36,107,56,0,ok
train/12-05/88.jpg,12,5,112,112,71,171,115,171,180,ok
train/12-05/90.jpg,12,5,112,112,-1,-1,-1,-1,-1,fail:no_candidates
train/12-05/91.jpg,12,5,112,112,75,163,-1,-1,180,ok;no_hour
train/12-05/92.jpg,12,5,112,112,164,32,107,56,0,ok
train/12-05/93.jpg,12,5,112,112,189,162,167,107,90,ok
train/12-05/94.jpg,12,5,112,112,-1,-1,-1,-1,-1,fail:no_candidates
train/12-05/95.jpg,12,5,112,112,160,40,106,75,0,ok
train/12-05/96.jpg,12,5,112,112,106,59,-1,-1,0,warn:rot_err=36.5;no_hour
train/12-05/97.jpg,12,5,112,112,163,34,-1,-1,0,ok;no_hour
train/12-05/98.jpg,12,5,112,112,54,72,-1,-1,270,ok;no_hour
train/12-10/0.jpg,12,10,112,112,189,74,110,53,0,ok
train/12-10/1.jpg,12,10,112,112,80,43,44,115,270,ok
train/12-10/10.jpg,12,10,112,112,184,76,110,54,0,ok
train/12-10/12.jpg,12,10,112,112,22,156,113,168,180,ok
train/12-10/13.jpg,12,10,112,112,161,187,167,109,90,ok
train/12-10/14.jpg,12,10,112,112,91,63,-1,-1,270,ok;no_hour
train/12-10/15.jpg,12,10,112,112,176,81,109,56,0,ok
train/12-10/17.jpg,12,10,112,112,76,37,54,113,270,ok
train/12-10/18.jpg,12,10,112,112,165,88,109,59,0,ok
train/12-10/2.jpg,12,10,112,112,157,200,167,109,90,ok
train/12-10/20.jpg,12,10,112,112,148,187,167,109,90,ok
train/12-10/22.jpg,12,10,112,112,139,68,-1,-1,0,warn:rot_err=28.5;no_hour
train/12-10/23.jpg,12,10,112,112,186,62,123,47,0,ok
train/12-10/24.jpg,12,10,112,112,181,78,110,54,0,ok
train/12-10/26.jpg,12,10,112,112,181,78,109,57,0,ok
train/12-10/27.jpg,12,10,112,112,194,73,106,79,0,ok
train/12-10/28.jpg,12,10,112,112,194,70,109,56,0,ok
train/12-10/29.jpg,12,10,112,112,160,206,166,108,90,ok
train/12-10/31.jpg,12,10,112,112,176,81,-1,-1,0,ok;no_hour
train/12-10/32.jpg,12,10,112,112,171,84,109,56,0,ok
train/12-10/33.jpg,12,10,112,112,181,78,108,59,0,ok
train/12-10/34.jpg,12,10,112,112,66,21,54,113,270,ok
train/12-10/37.jpg,12,10,112,112,173,83,109,56,0,ok
train/12-10/38.jpg,12,10,112,112,192,71,108,74,0,ok
train/12-10/39.jpg,12,10,112,112,-1,-1,-1,-1,-1,fail:no_candidates
train/12-10/4.jpg,12,10,112,112,194,70,110,54,0,ok
train/12-10/41.jpg,12,10,112,112,193,71,-1,-1,0,ok;no_hour
train/12-10/42.jpg,12,10,112,112,86,55,62,114,270,ok
train/12-10/43.jpg,12,10,112,112,-1,-1,-1,-1,-1,fail:no_candidates
train/12-10/44.jpg,12,10,112,112,186,75,108,59,0,ok
train/12-10/48.jpg,12,10,112,112,87,57,47,114,270,ok
train/12-10/49.jpg,12,10,112,112,72,31,51,113,270,ok
train/12-10/5.jpg,12,10,112,112,181,78,106,80,0,ok
train/12-10/50.jpg,12,10,112,112,135,165,177,109,90,ok
train/12-10/51.jpg,12,10,112,112,191,72,109,58,0,ok
train/12-10/52.jpg,12,10,112,112,72,31,54,113,270,ok
train/12-10/53.jpg,12,10,112,112,84,51,-1,-1,270,ok;no_hour
train/12-10/54.jpg,12,10,112,112,-1,-1,-1,-1,-1,fail:no_candidates
train/12-10/55.jpg,12,10,112,112,-1,-1,-1,-1,-1,fail:no_candidates
train/12-10/56.jpg,12,10,112,112,70,26,54,113,270,ok
train/12-10/57.jpg,12,10,112,112,68,24,51,114,270,ok
train/12-10/58.jpg,12,10,112,112,26,155,113,168,180,ok
train/12-10/59.jpg,12,10,112,112,82,121,115,141,180,ok
train/12-10/6.jpg,12,10,112,112,-1,-1,-1,-1,-1,fail:no_candidates
train/12-10/60.jpg,12,10,112,112,183,77,110,54,0,ok
train/12-10/61.jpg,12,10,112,112,198,68,108,59,0,ok
train/12-10/62.jpg,12,10,112,112,70,28,52,112,270,ok
train/12-10/63.jpg,12,10,112,112,193,71,109,56,0,ok
train/12-10/65.jpg,12,10,112,112,176,81,110,54,0,ok
train/12-10/66.jpg,12,10,112,112,176,81,110,53,0,ok
train/12-10/67.jpg,12,10,112,112,193,71,110,54,0,ok
train/12-10/68.jpg,12,10,112,112,155,199,174,109,90,ok
train/12-10/69.jpg,12,10,112,112,174,82,110,54,0,ok
train/12-10/7.jpg,12,10,112,112,169,85,110,42,0,ok
train/12-10/70.jpg,12,10,112,112,160,185,-1,-1,90,ok;no_hour
train/12-10/71.jpg,12,10,112,112,-1,-1,-1,-1,-1,fail:no_candidates
train/12-10/72.jpg,12,10,112,112,205,63,110,54,0,ok
train/12-10/73.jpg,12,10,112,112,192,71,109,61,0,ok
train/12-10/74.jpg,12,10,112,112,55,137,-1,-1,180,ok;no_hour
train/12-10/75.jpg,12,10,112,112,110,54,-1,-1,270,warn:rot_err=28.0;no_hour
train/12-10/76.jpg,12,10,112,112,191,72,110,54,0,ok
train/12-10/77.jpg,12,10,112,112,35,162,-1,-1,180,ok;no_hour
train/12-10/78.jpg,12,10,112,112,31,152,113,168,180,ok
train/12-10/79.jpg,12,10,112,112,162,89,110,52,0,ok
train/12-10/8.jpg,12,10,112,112,26,153,112,171,180,ok
train/12-10/80.jpg,12,10,112,112,181,79,108,58,0,ok
train/12-10/82.jpg,12,10,112,112,194,70,110,54,0,ok
train/12-10/83.jpg,12,10,112,112,176,81,109,54,0,ok
train/12-10/84.jpg,12,10,112,112,174,83,108,59,0,ok
train/12-10/85.jpg,12,10,112,112,193,71,109,60,0,ok
train/12-10/87.jpg,12,10,112,112,181,78,110,54,0,ok
train/12-10/89.jpg,12,10,112,112,83,51,44,112,270,ok
train/12-10/91.jpg,12,10,112,112,164,88,109,46,0,ok
train/12-10/92.jpg,12,10,112,112,26,155,113,169,180,ok
train/12-10/93.jpg,12,10,112,112,194,70,108,73,0,ok
train/12-10/94.jpg,12,10,112,112,192,70,111,54,0,ok
train/12-10/96.jpg,12,10,112,112,49,140,114,166,180,ok
train/12-10/97.jpg,12,10,112,112,198,68,108,73,0,ok
train/12-10/98.jpg,12,10,112,112,48,141,112,172,180,ok
train/12-10/99.jpg,12,10,112,112,81,47,56,114,270,ok
train/12-15/0.jpg,12,15,112,112,110,170,-1,-1,90,ok;no_hour
train/12-15/10.jpg,12,15,112,112,113,53,-1,-1,270,ok;no_hour
train/12-15/12.jpg,12,15,112,112,189,116,-1,-1,0,ok;no_hour
train/12-15/13.jpg,12,15,112,112,117,26,-1,-1,270,ok;no_hour
train/12-15/14.jpg,12,15,112,112,113,159,-1,-1,90,ok;no_hour
train/12-15/15.jpg,12,15,112,112,113,53,-1,-1,270,ok;no_hour
train/12-15/16.jpg,12,15,112,112,170,113,-1,-1,0,ok;no_hour
train/12-15/17.jpg,12,15,112,112,113,53,-1,-1,270,ok;no_hour
train/12-15/18.jpg,12,15,112,112,111,164,-1,-1,90,ok;no_hour
train/12-15/19.jpg,12,15,112,112,112,56,-1,-1,270,ok;no_hour
train/12-15/2.jpg,12,15,112,112,52,109,-1,-1,180,ok;no_hour
train/12-15/21.jpg,12,15,112,112,111,57,-1,-1,270,ok;no_hour
train/12-15/23.jpg,12,15,112,112,117,49,13,99,270,ok
train/12-15/24.jpg,12,15,112,112,52,109,-1,-1,180,ok;no_hour
train/12-15/25.jpg,12,15,112,112,113,56,-1,-1,270,ok;no_hour
train/12-15/26.jpg,12,15,112,112,112,56,-1,-1,270,ok;no_hour
train/12-15/27.jpg,12,15,112,112,118,66,57,96,270,ok
train/12-15/28.jpg,12,15,112,112,113,53,-1,-1,270,ok;no_hour
train/12-15/29.jpg,12,15,112,112,52,110,-1,-1,180,ok;no_hour
train/12-15/30.jpg,12,15,112,112,20,116,109,171,180,ok
train/12-15/31.jpg,12,15,112,112,112,55,-1,-1,270,ok;no_hour
train/12-15/32.jpg,12,15,112,112,110,170,-1,-1,90,ok;no_hour
train/12-15/35.jpg,12,15,112,112,63,121,82,198,180,ok
train/12-15/36.jpg,12,15,112,112,-1,-1,-1,-1,-1,fail:no_candidates
train/12-15/37.jpg,12,15,112,112,112,55,-1,-1,270,ok;no_hour
train/12-15/38.jpg,12,15,112,112,113,54,-1,-1,270,ok;no_hour
train/12-15/39.jpg,12,15,112,112,-1,-1,-1,-1,-1,fail:no_candidates
train/12-15/4.jpg,12,15,112,112,112,55,-1,-1,270,ok;no_hour
train/12-15/40.jpg,12,15,112,112,112,55,-1,-1,270,ok;no_hour
train/12-15/41.jpg,12,15,112,112,116,18,-1,-1,270,ok;no_hour
train/12-15/42.jpg,12,15,112,112,172,113,-1,-1,0,ok;no_hour
train/12-15/43.jpg,12,15,112,112,-1,-1,-1,-1,-1,fail:no_candidates
train/12-15/44.jpg,12,15,112,112,111,58,-1,-1,270,ok;no_hour
train/12-15/46.jpg,12,15,112,112,53,110,-1,-1,180,ok;no_hour
train/12-15/47.jpg,12,15,112,112,213,118,126,58,0,ok
train/12-15/49.jpg,12,15,112,112,112,54,-1,-1,270,ok;no_hour
train/12-15/5.jpg,12,15,112,112,111,57,-1,-1,270,ok;no_hour
train/12-15/50.jpg,12,15,112,112,54,111,-1,-1,180,ok;no_hour
train/12-15/53.jpg,12,15,112,112,44,109,-1,-1,180,ok;no_hour
train/12-15/55.jpg,12,15,112,112,217,114,122,55,0,ok
train/12-15/56.jpg,12,15,112,112,112,55,-1,-1,270,ok;no_hour
train/12-15/57.jpg,12,15,112,112,172,112,-1,-1,0,ok;no_hour
train/12-15/59.jpg,12,15,112,112,114,144,-1,-1,90,ok;no_hour
train/12-15/6.jpg,12,15,112,112,113,54,-1,-1,270,ok;no_hour
train/12-15/60.jpg,12,15,112,112,113,53,-1,-1,270,ok;no_hour
train/12-15/61.jpg,12,15,112,112,112,55,-1,-1,270,ok;no_hour
train/12-15/62.jpg,12,15,112,112,110,170,-1,-1,90,ok;no_hour
train/12-15/65.jpg,12,15,112,112,142,114,-1,-1,0,ok;no_hour
train/12-15/66.jpg,12,15,112,112,112,54,-1,-1,270,ok;no_hour
train/12-15/68.jpg,12,15,112,112,105,210,-1,-1,90,ok;no_hour
train/12-15/69.jpg,12,15,112,112,112,55,-1,-1,270,ok;no_hour
train/12-15/7.jpg,12,15,112,112,181,115,-1,-1,0,ok;no_hour
train/12-15/70.jpg,12,15,112,112,198,117,-1,-1,0,ok;no_hour
train/12-15/71.jpg,12,15,112,112,111,57,-1,-1,270,ok;no_hour
train/12-15/72.jpg,12,15,112,112,170,113,-1,-1,0,ok;no_hour
train/12-15/73.jpg,12,15,112,112,110,166,-1,-1,90,ok;no_hour
train/12-15/74.jpg,12,15,112,112,110,176,-1,-1,90,ok;no_hour
train/12-15/76.jpg,12,15,112,112,113,54,-1,-1,270,ok;no_hour
train/12-15/77.jpg,12,15,112,112,148,116,-1,-1,0,ok;no_hour
train/12-15/78.jpg,12,15,112,112,167,112,-1,-1,0,ok;no_hour
train/12-15/79.jpg,12,15,112,112,168,112,-1,-1,0,ok;no_hour
train/12-15/80.jpg,12,15,112,112,166,111,-1,-1,0,ok;no_hour
train/12-15/81.jpg,12,15,112,112,-1,-1,-1,-1,-1,fail:no_candidates
train/12-15/82.jpg,12,15,112,112,170,113,-1,-1,0,ok;no_hour
train/12-15/83.jpg,12,15,112,112,112,54,-1,-1,270,ok;no_hour
train/12-15/84.jpg,12,15,112,112,165,111,-1,-1,0,ok;no_hour
train/12-15/85.jpg,12,15,112,112,112,54,-1,-1,270,ok;no_hour
train/12-15/86.jpg,12,15,112,112,112,55,-1,-1,270,ok;no_hour
train/12-15/87.jpg,12,15,112,112,112,55,-1,-1,270,ok;no_hour
train/12-15/88.jpg,12,15,112,112,109,175,-1,-1,90,ok;no_hour
train/12-15/89.jpg,12,15,112,112,113,51,-1,-1,270,ok;no_hour
train/12-15/9.jpg,12,15,112,112,110,170,-1,-1,90,ok;no_hour
train/12-15/90.jpg,12,15,112,112,61,111,-1,-1,180,ok;no_hour
train/12-15/92.jpg,12,15,112,112,117,14,52,109,270,ok
train/12-15/93.jpg,12,15,112,112,109,171,-1,-1,90,ok;no_hour
train/12-15/94.jpg,12,15,112,112,113,54,-1,-1,270,ok;no_hour
train/12-15/95.jpg,12,15,112,112,110,170,-1,-1,90,ok;no_hour
train/12-15/96.jpg,12,15,112,112,111,167,-1,-1,90,ok;no_hour
train/12-15/97.jpg,12,15,112,112,170,113,-1,-1,0,ok;no_hour
train/12-15/98.jpg,12,15,112,112,112,54,-1,-1,270,ok;no_hour
train/12-20/0.jpg,12,20,112,112,190,163,115,53,0,ok
train/12-20/1.jpg,12,20,112,112,94,153,212,120,90,ok
train/12-20/11.jpg,12,20,112,112,198,155,-1,-1,0,ok;no_hour
train/12-20/12.jpg,12,20,112,112,69,196,190,117,90,ok
train/12-20/14.jpg,12,20,112,112,89,163,163,111,90,ok
train/12-20/15.jpg,12,20,112,112,36,61,108,170,180,ok
train/12-20/16.jpg,12,20,112,112,44,66,108,170,180,ok
train/12-20/17.jpg,12,20,112,112,183,159,114,55,0,ok
train/12-20/18.jpg,12,20,112,112,151,31,62,110,270,ok
train/12-20/19.jpg,12,20,112,112,191,163,-1,-1,0,ok;no_hour
train/12-20/2.jpg,12,20,112,112,183,159,114,55,0,ok
train/12-20/20.jpg,12,20,112,112,182,158,114,55,0,ok
train/12-20/22.jpg,12,20,112,112,73,177,181,156,90,ok
train/12-20/23.jpg,12,20,112,112,164,148,-1,-1,0,ok;no_hour
train/12-20/24.jpg,12,20,112,112,185,147,114,55,0,ok
train/12-20/25.jpg,12,20,112,112,-1,-1,-1,-1,-1,fail:no_candidates
train/12-20/27.jpg,12,20,112,112,207,158,128,55,0,ok
train/12-20/28.jpg,12,20,112,112,61,190,167,127,90,ok
train/12-20/29.jpg,12,20,112,112,55,200,168,127,90,ok
train/12-20/3.jpg,12,20,112,112,188,162,114,49,0,ok
train/12-20/30.jpg,12,20,112,112,158,43,54,108,270,ok
train/12-20/32.jpg,12,20,112,112,189,162,114,55,0,ok
train/12-20/33.jpg,12,20,112,112,187,161,127,60,0,ok
train/12-20/34.jpg,12,20,112,112,203,158,114,55,0,ok
train/12-20/35.jpg,12,20,112,112,184,156,157,40,0,ok
train/12-20/36.jpg,12,20,112,112,204,160,-1,-1,0,ok;no_hour
train/12-20/38.jpg,12,20,112,112,185,160,-1,-1,0,ok;no_hour
train/12-20/4.jpg,12,20,112,112,161,36,53,108,270,ok
train/12-20/40.jpg,12,20,112,112,63,77,109,169,180,ok
train/12-20/42.jpg,12,20,112,112,152,31,40,106,270,ok
train/12-20/43.jpg,12,20,112,112,198,167,-1,-1,0,ok;no_hour
train/12-20/44.jpg,12,20,112,112,22,66,108,170,180,ok
train/12-20/45.jpg,12,20,112,112,28,69,108,170,180,ok
train/12-20/46.jpg,12,20,112,112,187,161,114,55,0,ok
train/12-20/47.jpg,12,20,112,112,23,67,109,167,180,ok
train/12-20/49.jpg,12,20,112,112,167,27,52,108,270,ok
train/12-20/5.jpg,12,20,112,112,48,68,109,168,180,ok
train/12-20/50.jpg,12,20,112,112,159,145,128,51,0,ok
train/12-20/51.jpg,12,20,112,112,161,36,57,109,270,ok
train/12-20/52.jpg,12,20,112,112,169,151,114,55,0,ok
train/12-20/53.jpg,12,20,112,112,151,54,52,107,270,ok
train/12-20/54.jpg,12,20,112,112,78,76,-1,-1,180,ok;no_hour
train/12-20/55.jpg,12,20,112,112,69,191,170,124,90,ok
train/12-20/57.jpg,12,20,112,112,160,146,115,51,0,ok
train/12-20/58.jpg,12,20,112,112,160,39,52,107,270,ok
train/12-20/59.jpg,12,20,112,112,144,110,-1,-1,0,warn:rot_err=33.6;no_hour
train/12-20/6.jpg,12,20,112,112,31,71,108,169,180,ok
train/12-20/60.jpg,12,20,112,112,197,166,114,55,0,ok
train/12-20/61.jpg,12,20,112,112,55,201,168,127,90,ok
train/12-20/62.jpg,12,20,112,112,178,156,114,55,0,ok
train/12-20/65.jpg,12,20,112,112,45,109,-1,-1,180,warn:rot_err=27.4;no_hour
train/12-20/66.jpg,12,20,112,112,184,146,115,53,0,ok
train/12-20/68.jpg,12,20,112,112,193,164,-1,-1,0,ok;no_hour
train/12-20/7.jpg,12,20,112,112,191,151,116,41,0,ok
train/12-20/70.jpg,12,20,112,112,182,158,-1,-1,0,ok;no_hour
train/12-20/71.jpg,12,20,112,112,188,161,-1,-1,0,ok;no_hour
train/12-20/72.jpg,12,20,112,112,161,36,57,109,270,ok
train/12-20/73.jpg,12,20,112,112,30,71,109,168,180,ok
train/12-20/74.jpg,12,20,112,112,192,151,128,55,0,ok
train/12-20/75.jpg,12,20,112,112,59,194,164,113,90,ok
train/12-20/76.jpg,12,20,112,112,160,37,54,108,270,ok
train/12-20/77.jpg,12,20,112,112,42,67,-1,-1,180,ok;no_hour
train/12-20/78.jpg,12,20,112,112,186,160,-1,-1,0,ok;no_hour
train/12-20/79.jpg,12,20,112,112,135,58,55,108,270,ok
train/12-20/80.jpg,12,20,112,112,81,176,163,127,90,ok
train/12-20/81.jpg,12,20,112,112,82,172,169,115,90,ok
train/12-20/82.jpg,12,20,112,112,187,161,114,55,0,ok
train/12-20/84.jpg,12,20,112,112,30,71,108,170,180,ok
train/12-20/86.jpg,12,20,112,112,164,32,57,109,270,ok
train/12-20/87.jpg,12,20,112,112,28,56,109,166,180,ok
train/12-20/88.jpg,12,20,112,112,41,64,108,174,180,ok
train/12-20/90.jpg,12,20,112,112,195,164,126,60,0,ok
train/12-20/91.jpg,12,20,112,112,164,148,129,47,0,ok
train/12-20/92.jpg,12,20,112,112,190,150,115,53,0,ok
train/12-20/93.jpg,12,20,112,112,191,151,114,55,0,ok
train/12-20/94.jpg,12,20,112,112,-1,-1,-1,-1,-1,fail:no_candidates
train/12-20/95.jpg,12,20,112,112,186,161,114,55,0,ok
train/12-20/96.jpg,12,20,112,112,44,79,109,167,180,ok
train/12-20/98.jpg,12,20,112,112,42,65,108,170,180,ok
train/12-20/99.jpg,12,20,112,112,169,151,128,56,0,ok
train/12-25/0.jpg,12,25,112,112,164,194,117,56,0,ok
train/12-25/1.jpg,12,25,112,112,154,174,123,23,0,ok
train/12-25/10.jpg,12,25,112,112,191,72,57,92,270,ok
train/12-25/11.jpg,12,25,112,112,-1,-1,-1,-1,-1,fail:no_candidates
train/12-25/12.jpg,12,25,112,112,151,191,118,52,0,ok
train/12-25/13.jpg,12,25,112,112,192,72,40,101,270,ok
train/12-25/14.jpg,12,25,112,112,53,138,163,115,90,ok
train/12-25/15.jpg,12,25,112,112,194,71,57,92,270,ok
train/12-25/16.jpg,12,25,112,112,154,175,117,56,0,ok
train/12-25/18.jpg,12,25,112,112,41,159,160,129,90,ok
train/12-25/19.jpg,12,25,112,112,160,185,130,56,0,ok
train/12-25/2.jpg,12,25,112,112,56,26,105,169,180,ok
train/12-25/20.jpg,12,25,112,112,166,197,118,54,0,ok
train/12-25/21.jpg,12,25,112,112,170,201,130,59,0,ok
train/12-25/22.jpg,12,25,112,112,72,177,-1,-1,90,warn:rot_err=28.4;no_hour
train/12-25/24.jpg,12,25,112,112,154,175,118,54,0,ok
train/12-25/25.jpg,12,25,112,112,-1,-1,-1,-1,-1,fail:no_candidates
train/12-25/28.jpg,12,25,112,112,152,193,118,54,0,ok
train/12-25/29.jpg,12,25,112,112,-1,-1,-1,-1,-1,fail:no_candidates
train/12-25/31.jpg,12,25,112,112,150,190,117,56,0,ok
train/12-25/32.jpg,12,25,112,112,144,181,118,54,0,ok
train/12-25/33.jpg,12,25,112,112,153,195,118,54,0,ok
train/12-25/34.jpg,12,25,112,112,39,160,170,119,90,ok
train/12-25/35.jpg,12,25,112,112,158,186,-1,-1,0,ok;no_hour
train/12-25/36.jpg,12,25,112,112,-1,-1,-1,-1,-1,fail:no_candidates
train/12-25/37.jpg,12,25,112,112,201,67,57,92,270,ok
train/12-25/38.jpg,12,25,112,112,35,161,165,130,90,ok
train/12-25/39.jpg,12,25,112,112,-1,-1,-1,-1,-1,fail:no_candidates
train/12-25/40.jpg,12,25,112,112,23,169,168,130,90,ok
train/12-25/41.jpg,12,25,112,112,152,193,-1,-1,0,ok;no_hour
train/12-25/42.jpg,12,25,112,112,62,37,105,168,180,ok
train/12-25/43.jpg,12,25,112,112,-1,-1,-1,-1,-1,fail:no_candidates
train/12-25/44.jpg,12,25,112,112,167,198,118,54,0,ok
train/12-25/45.jpg,12,25,112,112,155,199,117,56,0,ok
train/12-25/46.jpg,12,25,112,112,193,71,57,92,270,ok
train/12-25/47.jpg,12,25,112,112,56,27,105,169,180,ok
train/12-25/50.jpg,12,25,112,112,170,85,27,99,270,ok
train/12-25/51.jpg,12,25,112,112,60,31,105,169,180,ok
train/12-25/52.jpg,12,25,112,112,71,30,105,169,180,ok
train/12-25/53.jpg,12,25,112,112,60,34,105,169,180,ok
train/12-25/54.jpg,12,25,112,112,76,145,-1,-1,90,ok;no_hour
train/12-25/56.jpg,12,25,112,112,57,28,105,169,180,ok
train/12-25/57.jpg,12,25,112,112,62,37,104,173,180,ok
train/12-25/58.jpg,12,25,112,112,65,20,92,165,180,ok
train/12-25/59.jpg,12,25,112,112,143,101,81,111,270,ok
train/12-25/6.jpg,12,25,112,112,-1,-1,-1,-1,-1,fail:no_candidates
train/12-25/60.jpg,12,25,112,112,69,25,105,169,180,ok
train/12-25/63.jpg,12,25,112,112,37,161,168,130,90,ok
train/12-25/65.jpg,12,25,112,112,109,178,131,57,0,warn:rot_err=32.6
train/12-25/66.jpg,12,25,112,112,147,184,118,54,0,ok
train/12-25/67.jpg,12,25,112,112,39,160,169,118,90,ok
train/12-25/69.jpg,12,25,112,112,145,182,118,54,0,ok
train/12-25/7.jpg,12,25,112,112,161,187,118,54,0,ok
train/12-25/70.jpg,12,25,112,112,145,181,-1,-1,0,ok;no_hour
train/12-25/71.jpg,12,25,112,112,-1,-1,-1,-1,-1,fail:no_candidates
train/12-25/72.jpg,12,25,112,112,168,201,117,56,0,ok
train/12-25/74.jpg,12,25,112,112,187,61,47,104,270,ok
train/12-25/75.jpg,12,25,112,112,153,194,118,54,0,ok
train/12-25/76.jpg,12,25,112,112,160,186,130,59,0,ok
train/12-25/77.jpg,12,25,112,112,34,158,-1,-1,90,ok;no_hour
train/12-25/78.jpg,12,25,112,112,188,61,53,104,270,ok
train/12-25/79.jpg,12,25,112,112,56,136,170,118,90,ok
train/12-25/8.jpg,12,25,112,112,160,185,118,54,0,ok
train/12-25/80.jpg,12,25,112,112,180,79,54,105,270,ok
train/12-25/81.jpg,12,25,112,112,-1,-1,-1,-1,-1,fail:no_candidates
train/12-25/82.jpg,12,25,112,112,68,25,105,169,180,ok
train/12-25/83.jpg,12,25,112,112,185,62,58,92,270,ok
train/12-25/86.jpg,12,25,112,112,69,25,105,169,180,ok
train/12-25/87.jpg,12,25,112,112,164,193,117,56,0,ok
train/12-25/88.jpg,12,25,112,112,17,158,168,118,90,ok
train/12-25/9.jpg,12,25,112,112,192,72,57,92,270,ok
train/12-25/90.jpg,12,25,112,112,-1,-1,-1,-1,-1,fail:no_candidates
train/12-25/92.jpg,12,25,112,112,150,190,118,54,0,ok
train/12-25/93.jpg,12,25,112,112,161,189,117,56,0,ok
train/12-25/94.jpg,12,25,112,112,-1,-1,-1,-1,-1,fail:no_candidates
train/12-25/95.jpg,12,25,112,112,71,28,105,169,180,ok
train/12-25/96.jpg,12,25,112,112,151,192,130,59,0,ok
train/12-25/97.jpg,12,25,112,112,197,57,54,105,270,ok
train/12-25/98.jpg,12,25,112,112,42,159,169,118,90,ok
train/12-25/99.jpg,12,25,112,112,25,168,166,131,90,ok
train/12-30/0.jpg,12,30,112,112,117,159,132,59,0,ok
train/12-30/1.jpg,12,30,112,112,156,117,70,93,270,ok
train/12-30/11.jpg,12,30,112,112,-1,-1,-1,-1,-1,fail:no_candidates
train/12-30/13.jpg,12,30,112,112,174,117,54,103,270,ok
train/12-30/14.jpg,12,30,112,112,117,67,106,161,180,ok
train/12-30/15.jpg,12,30,112,112,117,187,132,58,0,ok
train/12-30/17.jpg,12,30,112,112,116,196,132,59,0,ok
train/12-30/18.jpg,12,30,112,112,54,117,170,135,90,ok
train/12-30/19.jpg,12,30,112,112,105,200,132,56,0,ok
train/12-30/2.jpg,12,30,112,112,195,117,53,102,270,ok
train/12-30/20.jpg,12,30,112,112,107,8,103,169,180,ok
train/12-30/21.jpg,12,30,112,112,117,194,132,59,0,ok
train/12-30/22.jpg,12,30,112,112,76,177,-1,-1,0,warn:rot_err=29.0;no_hour
train/12-30/23.jpg,12,30,112,112,116,183,132,59,0,ok
train/12-30/24.jpg,12,30,112,112,117,29,104,166,180,ok
train/12-30/25.jpg,12,30,112,112,-1,-1,-1,-1,-1,fail:no_candidates
train/12-30/26.jpg,12,30,112,112,117,157,132,59,0,ok
train/12-30/27.jpg,12,30,112,112,116,65,-1,-1,180,ok;no_hour
train/12-30/28.jpg,12,30,112,112,118,24,103,169,180,ok
train/12-30/29.jpg,12,30,112,112,-1,-1,-1,-1,-1,fail:no_candidates
train/12-30/3.jpg,12,30,112,112,104,180,125,33,0,ok
train/12-30/30.jpg,12,30,112,112,116,203,132,57,0,ok
train/12-30/31.jpg,12,30,112,112,105,180,132,56,0,ok
train/12-30/32.jpg,12,30,112,112,117,180,132,57,0,ok
train/12-30/33.jpg,12,30,112,112,119,56,118,155,180,ok
train/12-30/34.jpg,12,30,112,112,105,197,132,59,0,ok
train/12-30/36.jpg,12,30,112,112,-1,-1,-1,-1,-1,fail:no_candidates
train/12-30/37.jpg,12,30,112,112,117,158,129,70,0,ok
train/12-30/38.jpg,12,30,112,112,116,89,91,164,180,ok
train/12-30/39.jpg,12,30,112,112,-1,-1,-1,-1,-1,fail:no_candidates
train/12-30/4.jpg,12,30,112,112,116,202,132,59,0,ok
train/12-30/42.jpg,12,30,112,112,103,168,105,83,0,ok
train/12-30/44.jpg,12,30,112,112,167,119,64,105,270,ok
train/12-30/46.jpg,12,30,112,112,106,32,103,169,180,ok
train/12-30/47.jpg,12,30,112,112,104,211,118,58,0,ok
train/12-30/49.jpg,12,30,112,112,117,158,132,60,0,ok
train/12-30/5.jpg,12,30,112,112,67,118,163,132,90,ok
train/12-30/50.jpg,12,30,112,112,118,156,132,58,0,ok
train/12-30/51.jpg,12,30,112,112,154,116,52,101,270,ok
train/12-30/53.jpg,12,30,112,112,117,66,103,169,180,ok
train/12-30/54.jpg,12,30,112,112,75,145,-1,-1,90,warn:rot_err=41.7;no_hour
train/12-30/55.jpg,12,30,112,112,-1,-1,-1,-1,-1,fail:no_candidates
train/12-30/58.jpg,12,30,112,112,116,72,-1,-1,180,ok;no_hour
train/12-30/59.jpg,12,30,112,112,113,79,117,142,180,ok
train/12-30/6.jpg,12,30,112,112,52,101,-1,-1,90,ok;no_hour
train/12-30/61.jpg,12,30,112,112,105,179,119,56,0,ok
train/12-30/62.jpg,12,30,112,112,119,56,106,145,180,ok
train/12-30/64.jpg,12,30,112,112,105,200,132,58,0,ok
train/12-30/65.jpg,12,30,112,112,105,146,133,57,0,ok
train/12-30/66.jpg,12,30,112,112,105,182,119,56,0,ok
train/12-30/67.jpg,12,30,112,112,117,20,103,169,180,ok
train/12-30/68.jpg,12,30,112,112,50,116,-1,-1,90,ok;no_hour
train/12-30/69.jpg,12,30,112,112,117,64,102,170,180,ok
train/12-30/7.jpg,12,30,112,112,177,118,53,102,270,ok
train/12-30/71.jpg,12,30,112,112,103,169,-1,-1,0,ok;no_hour
train/12-30/72.jpg,12,30,112,112,117,20,-1,-1,180,ok;no_hour
train/12-30/73.jpg,12,30,112,112,105,172,132,56,0,ok
train/12-30/74.jpg,12,30,112,112,114,74,103,183,180,ok
train/12-30/76.jpg,12,30,112,112,105,68,91,166,180,ok
train/12-30/77.jpg,12,30,112,112,115,158,-1,-1,0,ok;no_hour
train/12-30/78.jpg,12,30,112,112,116,203,132,59,0,ok
train/12-30/79.jpg,12,30,112,112,106,50,100,179,180,ok
train/12-30/8.jpg,12,30,112,112,64,117,163,132,90,ok
train/12-30/80.jpg,12,30,112,112,169,120,75,105,270,ok
train/12-30/81.jpg,12,30,112,112,157,106,54,102,270,ok
train/12-30/82.jpg,12,30,112,112,118,59,106,156,180,ok
train/12-30/83.jpg,12,30,112,112,117,190,118,57,0,ok
train/12-30/84.jpg,12,30,112,112,117,190,120,54,0,ok
train/12-30/85.jpg,12,30,112,112,169,117,48,101,270,ok
train/12-30/86.jpg,12,30,112,112,117,158,132,60,0,ok
train/12-30/89.jpg,12,30,112,112,105,184,132,58,0,ok
train/12-30/90.jpg,12,30,112,112,-1,-1,-1,-1,-1,fail:no_candidates
train/12-30/91.jpg,12,30,112,112,105,52,100,180,180,ok
train/12-30/92.jpg,12,30,112,112,22,105,167,132,90,ok
train/12-30/93.jpg,12,30,112,112,188,118,55,103,270,ok
train/12-30/94.jpg,12,30,112,112,176,117,56,91,270,ok
train/12-30/95.jpg,12,30,112,112,199,117,53,102,270,ok
train/12-30/97.jpg,12,30,112,112,116,203,119,56,0,ok
train/12-30/98.jpg,12,30,112,112,105,181,119,56,0,ok
train/12-30/99.jpg,12,30,112,112,117,180,133,57,0,ok
train/12-35/0.jpg,12,35,112,112,61,189,134,60,0,ok
train/12-35/1.jpg,12,35,112,112,174,154,66,104,270,ok
train/12-35/10.jpg,12,35,112,112,186,161,54,100,270,ok
train/12-35/11.jpg,12,35,112,112,33,60,-1,-1,90,ok;no_hour
train/12-35/12.jpg,12,35,112,112,61,190,134,61,0,ok
train/12-35/13.jpg,12,35,112,112,71,192,134,61,0,ok
train/12-35/14.jpg,12,35,112,112,71,195,123,47,0,ok
train/12-35/16.jpg,12,35,112,112,187,161,54,100,270,ok
train/12-35/17.jpg,12,35,112,112,63,206,134,59,0,ok
train/12-35/19.jpg,12,35,112,112,191,151,54,100,270,ok
train/12-35/2.jpg,12,35,112,112,74,188,134,59,0,ok
train/12-35/20.jpg,12,35,112,112,31,58,169,123,90,ok
train/12-35/22.jpg,12,35,112,112,75,190,113,70,0,ok
train/12-35/23.jpg,12,35,112,112,78,181,-1,-1,0,ok;no_hour
train/12-35/25.jpg,12,35,112,112,-1,-1,-1,-1,-1,fail:no_candidates
train/12-35/26.jpg,12,35,112,112,23,66,167,122,90,ok
train/12-35/27.jpg,12,35,112,112,89,165,135,58,0,ok
train/12-35/29.jpg,12,35,112,112,56,198,123,53,0,ok
train/12-35/3.jpg,12,35,112,112,75,161,-1,-1,0,ok;no_hour
train/12-35/30.jpg,12,35,112,112,188,161,54,100,270,ok
train/12-35/31.jpg,12,35,112,112,31,72,158,133,90,ok
train/12-35/32.jpg,12,35,112,112,70,195,134,59,0,ok
train/12-35/33.jpg,12,35,112,112,79,179,121,57,0,ok
train/12-35/34.jpg,12,35,112,112,159,40,100,169,180,ok
train/12-35/35.jpg,12,35,112,112,185,136,63,121,270,ok
train/12-35/36.jpg,12,35,112,112,63,204,133,60,0,ok
train/12-35/37.jpg,12,35,112,112,156,22,100,169,180,ok
train/12-35/38.jpg,12,35,112,112,188,161,56,101,270,ok
train/12-35/39.jpg,12,35,112,112,71,192,-1,-1,0,ok;no_hour
train/12-35/4.jpg,12,35,112,112,160,39,99,170,180,ok
train/12-35/42.jpg,12,35,112,112,34,61,162,134,90,ok
train/12-35/43.jpg,12,35,112,112,70,192,123,54,0,ok
train/12-35/44.jpg,12,35,112,112,70,193,134,61,0,ok
train/12-35/45.jpg,12,35,112,112,70,193,133,64,0,ok
train/12-35/46.jpg,12,35,112,112,188,161,54,100,270,ok
train/12-35/47.jpg,12,35,112,112,189,162,-1,-1,270,ok;no_hour
train/12-35/48.jpg,12,35,112,112,53,86,163,134,90,ok
train/12-35/49.jpg,12,35,112,112,81,176,134,61,0,ok
train/12-35/5.jpg,12,35,112,112,176,155,57,102,270,ok
train/12-35/50.jpg,12,35,112,112,35,61,163,134,90,ok
train/12-35/52.jpg,12,35,112,112,45,80,164,134,90,ok
train/12-35/54.jpg,12,35,112,112,93,157,-1,-1,0,ok;no_hour
train/12-35/57.jpg,12,35,112,112,55,86,169,123,90,ok
train/12-35/58.jpg,12,35,112,112,66,202,134,58,0,ok
train/12-35/59.jpg,12,35,112,112,133,86,-1,-1,180,ok;no_hour
train/12-35/6.jpg,12,35,112,112,-1,-1,-1,-1,-1,fail:no_candidates
train/12-35/60.jpg,12,35,112,112,156,24,99,170,180,ok
train/12-35/61.jpg,12,35,112,112,69,196,134,61,0,ok
train/12-35/63.jpg,12,35,112,112,188,161,-1,-1,270,ok;no_hour
train/12-35/64.jpg,12,35,112,112,71,192,134,61,0,ok
train/12-35/65.jpg,12,35,112,112,135,140,-1,-1,270,ok;no_hour
train/12-35/66.jpg,12,35,112,112,73,190,134,60,0,ok
train/12-35/67.jpg,12,35,112,112,63,205,134,60,0,ok
train/12-35/68.jpg,12,35,112,112,59,192,122,55,0,ok
train/12-35/7.jpg,12,35,112,112,151,31,99,170,180,ok
train/12-35/70.jpg,12,35,112,112,68,175,134,61,0,ok
train/12-35/71.jpg,12,35,112,112,-1,-1,-1,-1,-1,fail:no_candidates
train/12-35/72.jpg,12,35,112,112,19,65,164,134,90,ok
train/12-35/73.jpg,12,35,112,112,168,151,54,100,270,ok
train/12-35/74.jpg,12,35,112,112,151,54,101,169,180,ok
train/12-35/75.jpg,12,35,112,112,161,36,100,169,180,ok
train/12-35/76.jpg,12,35,112,112,30,70,167,122,90,ok
train/12-35/77.jpg,12,35,112,112,32,68,-1,-1,90,ok;no_hour
train/12-35/78.jpg,12,35,112,112,71,193,134,58,0,ok
train/12-35/79.jpg,12,35,112,112,20,66,163,134,90,ok
train/12-35/82.jpg,12,35,112,112,200,156,58,88,270,ok
train/12-35/83.jpg,12,35,112,112,163,134,-1,-1,270,ok;no_hour
train/12-35/84.jpg,12,35,112,112,30,71,165,134,90,ok
train/12-35/85.jpg,12,35,112,112,161,36,100,169,180,ok
train/12-35/86.jpg,12,35,112,112,150,33,100,169,180,ok
train/12-35/87.jpg,12,35,112,112,67,199,134,60,0,ok
train/12-35/90.jpg,12,35,112,112,72,191,134,57,0,ok
train/12-35/91.jpg,12,35,112,112,91,159,125,41,0,ok
train/12-35/92.jpg,12,35,112,112,160,38,100,169,180,ok
train/12-35/93.jpg,12,35,112,112,71,192,134,59,0,ok
train/12-35/94.jpg,12,35,112,112,71,191,133,57,0,ok
train/12-35/95.jpg,12,35,112,112,64,205,134,60,0,ok
train/12-35/97.jpg,12,35,112,112,162,34,88,165,180,ok
train/12-35/98.jpg,12,35,112,112,151,53,88,164,180,ok
train/12-35/99.jpg,12,35,112,112,168,151,76,107,270,ok
train/12-40/0.jpg,12,40,112,112,197,57,98,167,180,ok
train/12-40/1.jpg,12,40,112,112,70,51,162,137,90,ok
train/12-40/12.jpg,12,40,112,112,196,70,97,168,180,ok
train/12-40/13.jpg,12,40,112,112,56,150,137,60,0,ok
train/12-40/14.jpg,12,40,112,112,91,63,167,124,90,ok
train/12-40/15.jpg,12,40,112,112,192,71,98,167,180,ok
train/12-40/16.jpg,12,40,112,112,66,43,162,137,90,ok
train/12-40/19.jpg,12,40,112,112,34,163,137,62,0,ok
train/12-40/2.jpg,12,40,112,112,32,164,137,61,0,ok
train/12-40/20.jpg,12,40,112,112,37,161,126,55,0,ok
train/12-40/21.jpg,12,40,112,112,47,155,125,55,0,ok
train/12-40/22.jpg,12,40,112,112,85,158,127,56,0,warn:rot_err=29.6
train/12-40/23.jpg,12,40,112,112,29,167,-1,-1,0,ok;no_hour
train/12-40/24.jpg,12,40,112,112,44,157,137,62,0,ok
train/12-40/25.jpg,12,40,112,112,195,68,97,167,180,ok
train/12-40/26.jpg,12,40,112,112,44,156,137,59,0,ok
train/12-40/27.jpg,12,40,112,112,66,145,134,72,0,ok
train/12-40/28.jpg,12,40,112,112,193,71,97,169,180,ok
train/12-40/29.jpg,12,40,112,112,55,24,168,125,90,ok
train/12-40/3.jpg,12,40,112,112,30,151,-1,-1,0,ok;no_hour
train/12-40/31.jpg,12,40,112,112,50,153,137,61,0,ok
train/12-40/32.jpg,12,40,112,112,83,50,160,137,90,ok
train/12-40/33.jpg,12,40,112,112,165,193,55,98,270,ok
train/12-40/34.jpg,12,40,112,112,32,164,137,63,0,ok
train/12-40/35.jpg,12,40,112,112,36,158,-1,-1,0,ok;no_hour
train/12-40/37.jpg,12,40,112,112,50,153,137,62,0,ok
train/12-40/38.jpg,12,40,112,112,34,161,137,59,0,ok
train/12-40/39.jpg,12,40,112,112,200,53,-1,-1,180,ok;no_hour
train/12-40/4.jpg,12,40,112,112,194,58,97,168,180,ok
train/12-40/40.jpg,12,40,112,112,87,58,164,138,90,ok
train/12-40/41.jpg,12,40,112,112,-1,-1,-1,-1,-1,fail:no_candidates
train/12-40/42.jpg,12,40,112,112,170,84,98,167,180,ok
train/12-40/45.jpg,12,40,112,112,29,166,137,62,0,ok
train/12-40/46.jpg,12,40,112,112,35,161,137,60,0,ok
train/12-40/47.jpg,12,40,112,112,168,198,55,98,270,ok
train/12-40/48.jpg,12,40,112,112,87,55,162,137,90,ok
train/12-40/49.jpg,12,40,112,112,152,169,53,96,270,ok
train/12-40/5.jpg,12,40,112,112,36,161,125,55,0,ok
train/12-40/50.jpg,12,40,112,112,76,61,162,137,90,ok
train/12-40/51.jpg,12,40,112,112,191,72,97,168,180,ok
train/12-40/52.jpg,12,40,112,112,172,69,98,167,180,ok
train/12-40/53.jpg,12,40,112,112,176,81,104,150,180,ok
train/12-40/54.jpg,12,40,112,112,-1,-1,-1,-1,-1,fail:no_candidates
train/12-40/55.jpg,12,40,112,112,-1,-1,-1,-1,-1,fail:no_candidates
train/12-40/57.jpg,12,40,112,112,89,62,167,125,90,ok
train/12-40/58.jpg,12,40,112,112,-1,-1,-1,-1,-1,fail:no_candidates
train/12-40/59.jpg,12,40,112,112,87,133,-1,-1,0,ok;no_hour
train/12-40/60.jpg,12,40,112,112,167,198,56,98,270,ok
train/12-40/61.jpg,12,40,112,112,44,157,125,55,0,ok
train/12-40/62.jpg,12,40,112,112,45,156,137,63,0,ok
train/12-40/63.jpg,12,40,112,112,37,161,137,62,0,ok
train/12-40/64.jpg,12,40,112,112,23,169,137,61,0,ok
train/12-40/66.jpg,12,40,112,112,154,196,54,97,270,ok
train/12-40/67.jpg,12,40,112,112,168,200,56,98,270,ok
train/12-40/68.jpg,12,40,112,112,25,154,-1,-1,0,ok;no_hour
train/12-40/69.jpg,12,40,112,112,173,83,98,167,180,ok
train/12-40/7.jpg,12,40,112,112,61,34,162,137,90,ok
train/12-40/70.jpg,12,40,112,112,163,137,-1,-1,270,warn:rot_err=33.9;no_hour
train/12-40/71.jpg,12,40,112,112,61,34,162,137,90,ok
train/12-40/72.jpg,12,40,112,112,25,168,137,61,0,ok
train/12-40/74.jpg,12,40,112,112,84,50,162,137,90,ok
train/12-40/76.jpg,12,40,112,112,36,160,137,59,0,ok
train/12-40/77.jpg,12,40,112,112,37,158,-1,-1,0,ok;no_hour
train/12-40/78.jpg,12,40,112,112,35,161,137,59,0,ok
train/12-40/79.jpg,12,40,112,112,88,58,167,125,90,ok
train/12-40/8.jpg,12,40,112,112,27,166,126,54,0,ok
train/12-40/80.jpg,12,40,112,112,67,20,169,126,90,ok
train/12-40/81.jpg,12,40,112,112,150,169,-1,-1,270,ok;no_hour
train/12-40/82.jpg,12,40,112,112,70,27,167,125,90,ok
train/12-40/83.jpg,12,40,112,112,52,153,137,62,0,ok
train/12-40/85.jpg,12,40,112,112,36,161,137,61,0,ok
train/12-40/87.jpg,12,40,112,112,44,157,137,61,0,ok
train/12-40/88.jpg,12,40,112,112,47,155,137,62,0,ok
train/12-40/9.jpg,12,40,112,112,47,155,137,61,0,ok
train/12-40/91.jpg,12,40,112,112,49,154,124,57,0,ok
train/12-40/92.jpg,12,40,112,112,206,64,97,168,180,ok
train/12-40/94.jpg,12,40,112,112,192,70,97,167,180,ok
train/12-40/97.jpg,12,40,112,112,67,21,162,137,90,ok
train/12-40/98.jpg,12,40,112,112,27,153,126,54,0,ok
train/12-40/99.jpg,12,40,112,112,56,150,137,61,0,ok
train/12-45/0.jpg,12,45,112,112,117,158,61,83,270,ok
train/12-45/1.jpg,12,45,112,112,117,67,167,127,90,ok
train/12-45/11.jpg,12,45,112,112,118,19,-1,-1,90,ok;no_hour
train/12-45/12.jpg,12,45,112,112,117,157,60,83,270,ok
train/12-45/13.jpg,12,45,112,112,105,67,160,139,90,ok
train/12-45/14.jpg,12,45,112,112,-1,-1,-1,-1,-1,fail:no_candidates
train/12-45/16.jpg,12,45,112,112,30,116,139,63,0,ok
train/12-45/17.jpg,12,45,112,112,22,105,139,61,0,ok
train/12-45/18.jpg,12,45,112,112,153,116,93,172,180,ok
train/12-45/19.jpg,12,45,112,112,67,117,139,61,0,ok
train/12-45/2.jpg,12,45,112,112,116,194,60,83,270,ok
train/12-45/20.jpg,12,45,112,112,27,116,127,57,0,ok
train/12-45/21.jpg,12,45,112,112,30,104,139,62,0,ok
train/12-45/22.jpg,12,45,112,112,68,85,-1,-1,0,warn:rot_err=31.5;no_hour
train/12-45/23.jpg,12,45,112,112,11,118,139,60,0,ok
train/12-45/25.jpg,12,45,112,112,-1,-1,-1,-1,-1,fail:no_candidates
train/12-45/26.jpg,12,45,112,112,30,116,139,60,0,ok
train/12-45/27.jpg,12,45,112,112,117,68,166,126,90,ok
train/12-45/28.jpg,12,45,112,112,35,116,139,61,0,ok
train/12-45/3.jpg,12,45,112,112,67,118,-1,-1,0,ok;no_hour
train/12-45/30.jpg,12,45,112,112,105,69,-1,-1,90,ok;no_hour
train/12-45/31.jpg,12,45,112,112,127,57,-1,-1,90,ok;no_hour
train/12-45/33.jpg,12,45,112,112,32,104,139,62,0,ok
train/12-45/34.jpg,12,45,112,112,105,201,60,83,270,ok
train/12-45/35.jpg,12,45,112,112,67,84,-1,-1,0,warn:rot_err=31.9;no_hour
train/12-45/36.jpg,12,45,112,112,-1,-1,-1,-1,-1,fail:no_candidates
train/12-45/37.jpg,12,45,112,112,36,116,139,64,0,ok
train/12-45/38.jpg,12,45,112,112,21,116,139,60,0,ok
train/12-45/39.jpg,12,45,112,112,-1,-1,-1,-1,-1,fail:no_candidates
train/12-45/4.jpg,12,45,112,112,205,106,95,167,180,ok
train/12-45/40.jpg,12,45,112,112,54,116,144,50,0,ok
train/12-45/42.jpg,12,45,112,112,41,116,139,63,0,ok
train/12-45/43.jpg,12,45,112,112,-1,-1,-1,-1,-1,fail:no_candidates
train/12-45/44.jpg,12,45,112,112,8,104,139,61,0,ok
train/12-45/45.jpg,12,45,112,112,16,105,139,60,0,ok
train/12-45/46.jpg,12,45,112,112,117,36,160,139,90,ok
train/12-45/49.jpg,12,45,112,112,117,55,162,139,90,ok
train/12-45/5.jpg,12,45,112,112,190,105,95,168,180,ok
train/12-45/50.jpg,12,45,112,112,65,105,139,62,0,ok
train/12-45/51.jpg,12,45,112,112,20,116,139,60,0,ok
train/12-45/52.jpg,12,45,112,112,22,105,139,61,0,ok
train/12-45/54.jpg,12,45,112,112,-1,-1,-1,-1,-1,fail:no_candidates
train/12-45/55.jpg,12,45,112,112,-1,-1,-1,-1,-1,fail:no_candidates
train/12-45/56.jpg,12,45,112,112,23,105,139,64,0,ok
train/12-45/57.jpg,12,45,112,112,79,106,141,58,0,ok
train/12-45/58.jpg,12,45,112,112,17,105,139,61,0,ok
train/12-45/59.jpg,12,45,112,112,79,106,-1,-1,0,ok;no_hour
train/12-45/60.jpg,12,45,112,112,106,11,160,139,90,ok
train/12-45/61.jpg,12,45,112,112,106,13,161,139,90,ok
train/12-45/62.jpg,12,45,112,112,117,157,60,83,270,ok
train/12-45/64.jpg,12,45,112,112,207,107,95,167,180,ok
train/12-45/65.jpg,12,45,112,112,109,178,-1,-1,270,ok;no_hour
train/12-45/66.jpg,12,45,112,112,204,106,95,168,180,ok
train/12-45/67.jpg,12,45,112,112,96,166,-1,-1,270,ok;no_hour
train/12-45/70.jpg,12,45,112,112,198,117,-1,-1,180,ok;no_hour
train/12-45/71.jpg,12,45,112,112,-1,-1,-1,-1,-1,fail:no_candidates
train/12-45/72.jpg,12,45,112,112,66,117,139,61,0,ok
train/12-45/73.jpg,12,45,112,112,67,106,145,47,0,ok
train/12-45/74.jpg,12,45,112,112,66,105,139,63,0,ok
train/12-45/75.jpg,12,45,112,112,80,106,139,60,0,ok
train/12-45/77.jpg,12,45,112,112,22,115,-1,-1,0,ok;no_hour
train/12-45/79.jpg,12,45,112,112,156,105,96,167,180,ok
train/12-45/8.jpg,12,45,112,112,12,116,139,61,0,ok
train/12-45/80.jpg,12,45,112,112,128,55,-1,-1,90,ok;no_hour
train/12-45/81.jpg,12,45,112,112,22,106,138,60,0,ok
train/12-45/82.jpg,12,45,112,112,23,105,139,62,0,ok
train/12-45/83.jpg,12,45,112,112,118,157,62,83,270,ok
train/12-45/84.jpg,12,45,112,112,48,117,139,62,0,ok
train/12-45/85.jpg,12,45,112,112,116,171,61,83,270,ok
train/12-45/86.jpg,12,45,112,112,28,116,139,63,0,ok
train/12-45/87.jpg,12,45,112,112,46,105,139,62,0,ok
train/12-45/88.jpg,12,45,112,112,33,116,-1,-1,0,ok;no_hour
train/12-45/89.jpg,12,45,112,112,127,57,-1,-1,90,ok;no_hour
train/12-45/9.jpg,12,45,112,112,116,179,55,95,270,ok
train/12-45/93.jpg,12,45,112,112,106,156,61,83,270,ok
train/12-45/94.jpg,12,45,112,112,-1,-1,-1,-1,-1,fail:no_candidates
train/12-45/95.jpg,12,45,112,112,21,105,139,61,0,ok
train/12-45/96.jpg,12,45,112,112,188,119,95,168,180,ok
train/12-45/97.jpg,12,45,112,112,128,55,-1,-1,90,ok;no_hour
train/12-45/99.jpg,12,45,112,112,65,105,139,62,0,ok
train/12-50/0.jpg,12,50,112,112,203,158,81,160,180,ok
train/12-50/10.jpg,12,50,112,112,141,64,-1,-1,90,ok;no_hour
train/12-50/11.jpg,12,50,112,112,22,67,-1,-1,0,ok;no_hour
train/12-50/12.jpg,12,50,112,112,141,64,-1,-1,90,ok;no_hour
train/12-50/14.jpg,12,50,112,112,151,127,94,166,180,ok
train/12-50/15.jpg,12,50,112,112,141,64,-1,-1,90,ok;no_hour
train/12-50/16.jpg,12,50,112,112,81,161,-1,-1,270,ok;no_hour
train/12-50/18.jpg,12,50,112,112,150,47,-1,-1,90,ok;no_hour
train/12-50/2.jpg,12,50,112,112,141,63,-1,-1,90,ok;no_hour
train/12-50/21.jpg,12,50,112,112,141,64,-1,-1,90,ok;no_hour
train/12-50/22.jpg,12,50,112,112,36,62,-1,-1,0,ok;no_hour
train/12-50/23.jpg,12,50,112,112,23,66,-1,-1,0,ok;no_hour
train/12-50/24.jpg,12,50,112,112,61,81,-1,-1,0,ok;no_hour
train/12-50/25.jpg,12,50,112,112,140,63,-1,-1,90,ok;no_hour
train/12-50/26.jpg,12,50,112,112,82,160,-1,-1,270,ok;no_hour
train/12-50/27.jpg,12,50,112,112,163,35,166,129,90,ok
train/12-50/28.jpg,12,50,112,112,81,161,-1,-1,270,ok;no_hour
train/12-50/29.jpg,12,50,112,112,159,141,-1,-1,180,ok;no_hour
train/12-50/3.jpg,12,50,112,112,193,152,-1,-1,180,ok;no_hour
train/12-50/30.jpg,12,50,112,112,82,160,-1,-1,270,ok;no_hour
train/12-50/31.jpg,12,50,112,112,141,64,-1,-1,90,ok;no_hour
train/12-50/32.jpg,12,50,112,112,61,81,-1,-1,0,ok;no_hour
train/12-50/33.jpg,12,50,112,112,61,81,-1,-1,0,ok;no_hour
train/12-50/34.jpg,12,50,112,112,202,158,95,163,180,ok
train/12-50/35.jpg,12,50,112,112,81,205,-1,-1,270,ok;no_hour
train/12-50/36.jpg,12,50,112,112,-1,-1,-1,-1,-1,fail:no_candidates
train/12-50/37.jpg,12,50,112,112,141,63,-1,-1,90,ok;no_hour
train/12-50/38.jpg,12,50,112,112,153,30,167,131,90,ok
train/12-50/39.jpg,12,50,112,112,-1,-1,-1,-1,-1,fail:no_candidates
train/12-50/4.jpg,12,50,112,112,141,64,-1,-1,90,ok;no_hour
train/12-50/40.jpg,12,50,112,112,141,64,-1,-1,90,ok;no_hour
train/12-50/42.jpg,12,50,112,112,62,81,-1,-1,0,ok;no_hour
train/12-50/44.jpg,12,50,112,112,141,64,-1,-1,90,ok;no_hour
train/12-50/47.jpg,12,50,112,112,141,64,-1,-1,90,ok;no_hour
train/12-50/48.jpg,12,50,112,112,141,65,-1,-1,90,ok;no_hour
train/12-50/49.jpg,12,50,112,112,81,161,-1,-1,270,ok;no_hour
train/12-50/5.jpg,12,50,112,112,141,64,-1,-1,90,ok;no_hour
train/12-50/50.jpg,12,50,112,112,141,64,-1,-1,90,ok;no_hour
train/12-50/51.jpg,12,50,112,112,141,65,-1,-1,90,ok;no_hour
train/12-50/53.jpg,12,50,112,112,141,64,-1,-1,90,ok;no_hour
train/12-50/54.jpg,12,50,112,112,77,76,-1,-1,0,ok;no_hour
train/12-50/55.jpg,12,50,112,112,-1,-1,-1,-1,-1,fail:no_candidates
train/12-50/57.jpg,12,50,112,112,141,63,-1,-1,90,ok;no_hour
train/12-50/58.jpg,12,50,112,112,141,62,-1,-1,90,ok;no_hour
train/12-50/59.jpg,12,50,112,112,91,136,-1,-1,270,ok;no_hour
train/12-50/60.jpg,12,50,112,112,26,56,-1,-1,0,ok;no_hour
train/12-50/61.jpg,12,50,112,112,141,63,-1,-1,90,ok;no_hour
train/12-50/62.jpg,12,50,112,112,141,65,-1,-1,90,ok;no_hour
train/12-50/63.jpg,12,50,112,112,193,152,93,167,180,ok
train/12-50/64.jpg,12,50,112,112,161,141,-1,-1,180,ok;no_hour
train/12-50/65.jpg,12,50,112,112,114,78,-1,-1,90,warn:rot_err=26.6;no_hour
train/12-50/66.jpg,12,50,112,112,81,161,-1,-1,270,ok;no_hour
train/12-50/67.jpg,12,50,112,112,30,71,-1,-1,0,ok;no_hour
train/12-50/68.jpg,12,50,112,112,59,193,-1,-1,270,ok;no_hour
train/12-50/69.jpg,12,50,112,112,81,160,-1,-1,270,ok;no_hour
train/12-50/7.jpg,12,50,112,112,141,64,-1,-1,90,ok;no_hour
train/12-50/70.jpg,12,50,112,112,159,141,-1,-1,180,ok;no_hour
train/12-50/71.jpg,12,50,112,112,-1,-1,-1,-1,-1,fail:no_candidates
train/12-50/73.jpg,12,50,112,112,36,62,-1,-1,0,ok;no_hour
train/12-50/74.jpg,12,50,112,112,141,64,-1,-1,90,ok;no_hour
train/12-50/75.jpg,12,50,112,112,141,65,-1,-1,90,ok;no_hour
train/12-50/8.jpg,12,50,112,112,81,161,-1,-1,270,ok;no_hour
train/12-50/80.jpg,12,50,112,112,141,63,-1,-1,90,ok;no_hour
train/12-50/81.jpg,12,50,112,112,-1,-1,-1,-1,-1,fail:no_candidates
train/12-50/82.jpg,12,50,112,112,197,155,94,165,180,ok
train/12-50/85.jpg,12,50,112,112,163,143,-1,-1,180,ok;no_hour
train/12-50/86.jpg,12,50,112,112,159,141,-1,-1,180,ok;no_hour
train/12-50/87.jpg,12,50,112,112,25,55,-1,-1,0,ok;no_hour
train/12-50/89.jpg,12,50,112,112,201,169,92,167,180,ok
train/12-50/9.jpg,12,50,112,112,81,160,-1,-1,270,ok;no_hour
train/12-50/90.jpg,12,50,112,112,63,82,-1,-1,0,ok;no_hour
train/12-50/91.jpg,12,50,112,112,61,81,-1,-1,0,ok;no_hour
train/12-50/92.jpg,12,50,112,112,187,161,95,163,180,ok
train/12-50/93.jpg,12,50,112,112,61,81,-1,-1,0,ok;no_hour
train/12-50/94.jpg,12,50,112,112,82,161,-1,-1,270,ok;no_hour
train/12-50/95.jpg,12,50,112,112,61,81,-1,-1,0,ok;no_hour
train/12-50/96.jpg,12,50,112,112,159,141,-1,-1,180,ok;no_hour
train/12-50/97.jpg,12,50,112,112,81,161,-1,-1,270,ok;no_hour
train/12-50/98.jpg,12,50,112,112,159,141,-1,-1,180,ok;no_hour
train/12-50/99.jpg,12,50,112,112,159,141,-1,-1,180,ok;no_hour
train/12-55/0.jpg,12,55,112,112,55,25,143,64,0,ok
train/12-55/1.jpg,12,55,112,112,69,49,143,65,0,ok
train/12-55/10.jpg,12,55,112,112,61,35,143,64,0,ok
train/12-55/11.jpg,12,55,112,112,160,182,-1,-1,180,ok;no_hour
train/12-55/12.jpg,12,55,112,112,62,37,143,64,0,ok
train/12-55/13.jpg,12,55,112,112,61,35,142,67,0,ok
train/12-55/14.jpg,12,55,112,112,41,61,132,57,0,ok
train/12-55/15.jpg,12,55,112,112,71,53,142,67,0,ok
train/12-55/16.jpg,12,55,112,112,69,48,143,64,0,ok
train/12-55/17.jpg,12,55,112,112,67,45,142,67,0,ok
train/12-55/18.jpg,12,55,112,112,61,35,143,65,0,ok
train/12-55/19.jpg,12,55,112,112,163,192,80,160,180,ok
train/12-55/2.jpg,12,55,112,112,55,26,142,67,0,ok
train/12-55/20.jpg,12,55,112,112,198,56,159,143,90,ok
train/12-55/23.jpg,12,55,112,112,56,28,132,58,0,ok
train/12-55/24.jpg,12,55,112,112,67,45,142,67,0,ok
train/12-55/25.jpg,12,55,112,112,-1,-1,-1,-1,-1,fail:no_candidates
train/12-55/26.jpg,12,55,112,112,198,68,158,142,90,ok
train/12-55/27.jpg,12,55,112,112,82,73,147,57,0,ok
train/12-55/28.jpg,12,55,112,112,176,68,160,143,90,ok
train/12-55/29.jpg,12,55,112,112,-1,-1,-1,-1,-1,fail:no_candidates
train/12-55/30.jpg,12,55,112,112,160,185,80,160,180,ok
train/12-55/31.jpg,12,55,112,112,68,49,143,64,0,ok
train/12-55/32.jpg,12,55,112,112,70,52,142,67,0,ok
train/12-55/34.jpg,12,55,112,112,56,26,142,67,0,ok
train/12-55/35.jpg,12,55,112,112,120,150,94,163,180,ok
train/12-55/36.jpg,12,55,112,112,-1,-1,-1,-1,-1,fail:no_candidates
train/12-55/38.jpg,12,55,112,112,188,62,161,143,90,ok
train/12-55/39.jpg,12,55,112,112,-1,-1,-1,-1,-1,fail:no_candidates
train/12-55/40.jpg,12,55,112,112,72,55,149,54,0,ok
train/12-55/41.jpg,12,55,112,112,72,31,-1,-1,0,ok;no_hour
train/12-55/42.jpg,12,55,112,112,143,62,-1,-1,90,warn:rot_err=28.2;no_hour
train/12-55/43.jpg,12,55,112,112,-1,-1,-1,-1,-1,fail:no_candidates
train/12-55/44.jpg,12,55,112,112,157,180,79,160,180,ok
train/12-55/45.jpg,12,55,112,112,200,67,160,143,90,ok
train/12-55/46.jpg,12,55,112,112,161,188,80,158,180,ok
train/12-55/47.jpg,12,55,112,112,63,39,143,64,0,ok
train/12-55/49.jpg,12,55,112,112,56,28,144,62,0,ok
train/12-55/51.jpg,12,55,112,112,62,36,142,67,0,ok
train/12-55/52.jpg,12,55,112,112,163,187,79,161,180,ok
train/12-55/53.jpg,12,55,112,112,160,184,79,160,180,ok
train/12-55/54.jpg,12,55,112,112,-1,-1,-1,-1,-1,fail:no_candidates
train/12-55/55.jpg,12,55,112,112,28,164,62,81,270,ok
train/12-55/56.jpg,12,55,112,112,62,38,143,64,0,ok
train/12-55/58.jpg,12,55,112,112,22,168,64,80,270,ok
train/12-55/6.jpg,12,55,112,112,189,62,160,142,90,ok
train/12-55/61.jpg,12,55,112,112,67,47,143,64,0,ok
train/12-55/62.jpg,12,55,112,112,66,43,142,67,0,ok
train/12-55/63.jpg,12,55,112,112,79,160,-1,-1,270,warn:rot_err=25.5;no_hour
train/12-55/65.jpg,12,55,112,112,72,54,143,64,0,ok
train/12-55/67.jpg,12,55,112,112,63,39,142,67,0,ok
train/12-55/68.jpg,12,55,112,112,198,68,165,145,90,ok
train/12-55/69.jpg,12,55,112,112,171,70,159,143,90,ok
train/12-55/7.jpg,12,55,112,112,56,150,62,79,270,ok
train/12-55/70.jpg,12,55,112,112,67,45,142,67,0,ok
train/12-55/72.jpg,12,55,112,112,39,160,62,79,270,ok
train/12-55/73.jpg,12,55,112,112,76,61,146,59,0,ok
train/12-55/74.jpg,12,55,112,112,167,195,79,160,180,ok
train/12-55/75.jpg,12,55,112,112,62,37,143,64,0,ok
train/12-55/76.jpg,12,55,112,112,62,35,142,65,0,ok
train/12-55/78.jpg,12,55,112,112,61,34,142,64,0,ok
train/12-55/79.jpg,12,55,112,112,159,78,194,160,90,ok
train/12-55/8.jpg,12,55,112,112,79,160,-1,-1,270,warn:rot_err=25.5;no_hour
train/12-55/80.jpg,12,55,112,112,155,175,79,161,180,ok
train/12-55/82.jpg,12,55,112,112,62,37,143,64,0,ok
train/12-55/83.jpg,12,55,112,112,170,201,80,158,180,ok
train/12-55/85.jpg,12,55,112,112,159,182,74,170,180,ok
train/12-55/87.jpg,12,55,112,112,36,161,76,86,270,ok
train/12-55/88.jpg,12,55,112,112,70,51,-1,-1,0,ok;no_hour
train/12-55/89.jpg,12,55,112,112,74,58,143,63,0,ok
train/12-55/90.jpg,12,55,112,112,-1,-1,-1,-1,-1,fail:no_candidates
train/12-55/91.jpg,12,55,112,112,62,37,143,65,0,ok
train/12-55/92.jpg,12,55,112,112,62,37,143,63,0,ok
train/12-55/93.jpg,12,55,112,112,61,34,142,67,0,ok
train/12-55/94.jpg,12,55,112,112,62,35,142,65,0,ok
train/12-55/95.jpg,12,55,112,112,54,24,142,67,0,ok
train/12-55/96.jpg,12,55,112,112,154,80,160,143,90,ok
train/12-55/97.jpg,12,55,112,112,62,38,143,64,0,ok
train/12-55/98.jpg,12,55,112,112,70,52,142,67,0,ok
train/12-55/99.jpg,12,55,112,112,72,55,143,65,0,ok
train/2-00/0.jpg,2,0,112,112,192,106,135,165,90,ok
train/2-00/1.jpg,2,0,112,112,117,159,58,134,180,ok
train/2-00/10.jpg,2,0,112,112,106,22,165,88,0,ok
train/2-00/11.jpg,2,0,112,112,-1,-1,-1,-1,-1,fail:no_candidates
train/2-00/12.jpg,2,0,112,112,116,170,58,135,180,ok
train/2-00/15.jpg,2,0,112,112,116,178,60,133,180,ok
train/2-00/16.jpg,2,0,112,112,34,116,88,58,270,ok
train/2-00/17.jpg,2,0,112,112,33,116,88,58,270,ok
train/2-00/19.jpg,2,0,112,112,116,217,59,134,180,ok
train/2-00/2.jpg,2,0,112,112,106,25,164,89,0,ok
train/2-00/22.jpg,2,0,112,112,106,22,-1,-1,0,ok;no_hour
train/2-00/23.jpg,2,0,112,112,117,51,171,85,0,ok
train/2-00/24.jpg,2,0,112,112,35,116,89,59,270,ok
train/2-00/25.jpg,2,0,112,112,106,43,162,90,0,ok
train/2-00/26.jpg,2,0,112,112,106,13,-1,-1,0,ok;no_hour
train/2-00/27.jpg,2,0,112,112,105,63,193,73,0,ok
train/2-00/28.jpg,2,0,112,112,106,32,165,89,0,ok
train/2-00/29.jpg,2,0,112,112,-1,-1,-1,-1,-1,fail:no_candidates
train/2-00/3.jpg,2,0,112,112,41,145,-1,-1,270,ok;no_hour
train/2-00/32.jpg,2,0,112,112,106,44,165,88,0,ok
train/2-00/33.jpg,2,0,112,112,187,105,134,165,90,ok
train/2-00/34.jpg,2,0,112,112,106,23,164,89,0,ok
train/2-00/35.jpg,2,0,112,112,126,180,-1,-1,180,ok;no_hour
train/2-00/36.jpg,2,0,112,112,-1,-1,-1,-1,-1,fail:no_candidates
train/2-00/37.jpg,2,0,112,112,177,106,134,164,90,ok
train/2-00/38.jpg,2,0,112,112,106,23,160,92,0,ok
train/2-00/39.jpg,2,0,112,112,-1,-1,-1,-1,-1,fail:no_candidates
train/2-00/40.jpg,2,0,112,112,106,53,192,74,0,ok
train/2-00/41.jpg,2,0,112,112,176,118,-1,-1,90,ok;no_hour
train/2-00/43.jpg,2,0,112,112,-1,-1,-1,-1,-1,fail:no_candidates
train/2-00/44.jpg,2,0,112,112,197,105,134,165,90,ok
train/2-00/45.jpg,2,0,112,112,106,24,164,89,0,ok
train/2-00/46.jpg,2,0,112,112,116,184,58,134,180,ok
train/2-00/47.jpg,2,0,112,112,198,105,134,165,90,ok
train/2-00/48.jpg,2,0,112,112,105,49,164,90,0,ok
train/2-00/49.jpg,2,0,112,112,106,36,166,88,0,ok
train/2-00/5.jpg,2,0,112,112,105,34,164,90,0,ok
train/2-00/51.jpg,2,0,112,112,106,22,165,88,0,ok
train/2-00/52.jpg,2,0,112,112,106,44,163,90,0,ok
train/2-00/54.jpg,2,0,112,112,-1,-1,-1,-1,-1,fail:no_candidates
train/2-00/55.jpg,2,0,112,112,-1,-1,-1,-1,-1,fail:no_candidates
train/2-00/56.jpg,2,0,112,112,106,30,163,90,0,ok
train/2-00/57.jpg,2,0,112,112,155,106,134,165,90,ok
train/2-00/58.jpg,2,0,112,112,-1,-1,-1,-1,-1,fail:no_candidates
train/2-00/59.jpg,2,0,112,112,116,141,-1,-1,180,ok;no_hour
train/2-00/6.jpg,2,0,112,112,-1,-1,-1,-1,-1,fail:no_candidates
train/2-00/60.jpg,2,0,112,112,37,116,88,58,270,ok
train/2-00/61.jpg,2,0,112,112,189,106,134,165,90,ok
train/2-00/62.jpg,2,0,112,112,33,116,89,59,270,ok
train/2-00/63.jpg,2,0,112,112,116,190,58,135,180,ok
train/2-00/64.jpg,2,0,112,112,106,23,163,90,0,ok
train/2-00/65.jpg,2,0,112,112,109,178,-1,-1,180,ok;no_hour
train/2-00/66.jpg,2,0,112,112,116,176,60,133,180,ok
train/2-00/68.jpg,2,0,112,112,51,116,57,30,270,ok
train/2-00/69.jpg,2,0,112,112,180,106,-1,-1,90,ok;no_hour
train/2-00/7.jpg,2,0,112,112,176,106,135,165,90,ok
train/2-00/70.jpg,2,0,112,112,116,6,157,78,0,ok
train/2-00/71.jpg,2,0,112,112,-1,-1,-1,-1,-1,fail:no_candidates
train/2-00/72.jpg,2,0,112,112,106,22,164,89,0,ok
train/2-00/74.jpg,2,0,112,112,105,48,164,90,0,ok
train/2-00/75.jpg,2,0,112,112,116,203,60,133,180,ok
train/2-00/76.jpg,2,0,112,112,193,106,134,164,90,ok
train/2-00/78.jpg,2,0,112,112,106,22,-1,-1,0,ok;no_hour
train/2-00/79.jpg,2,0,112,112,106,52,173,84,0,ok
train/2-00/80.jpg,2,0,112,112,117,188,58,134,180,ok
train/2-00/81.jpg,2,0,112,112,116,203,59,134,180,ok
train/2-00/82.jpg,2,0,112,112,32,116,88,58,270,ok
train/2-00/83.jpg,2,0,112,112,105,11,165,89,0,ok
train/2-00/84.jpg,2,0,112,112,179,105,134,165,90,ok
train/2-00/85.jpg,2,0,112,112,106,54,163,90,0,ok
train/2-00/86.jpg,2,0,112,112,33,116,88,58,270,ok
train/2-00/88.jpg,2,0,112,112,45,116,91,61,270,ok
train/2-00/89.jpg,2,0,112,112,106,47,164,89,0,ok
train/2-00/9.jpg,2,0,112,112,180,106,134,164,90,ok
train/2-00/90.jpg,2,0,112,112,39,116,89,59,270,ok
train/2-00/91.jpg,2,0,112,112,171,105,136,168,90,ok
train/2-00/92.jpg,2,0,112,112,106,22,-1,-1,0,ok;no_hour
train/2-00/93.jpg,2,0,112,112,190,106,133,163,90,ok
train/2-00/95.jpg,2,0,112,112,106,25,164,89,0,ok
train/2-00/96.jpg,2,0,112,112,105,44,165,89,0,ok
train/2-05/0.jpg,2,5,112,112,157,20,166,90,0,ok
train/2-05/1.jpg,2,5,112,112,128,160,-1,-1,90,warn:rot_err=41.6;no_hour
train/2-05/10.jpg,2,5,112,112,90,57,-1,-1,270,warn:rot_err=38.2;no_hour
train/2-05/11.jpg,2,5,112,112,-1,-1,-1,-1,-1,fail:no_candidates
train/2-05/12.jpg,2,5,112,112,144,44,166,90,0,ok
train/2-05/13.jpg,2,5,112,112,71,193,57,133,180,ok
train/2-05/14.jpg,2,5,112,112,136,174,-1,-1,90,warn:rot_err=38.8;no_hour
train/2-05/15.jpg,2,5,112,112,151,32,166,90,0,ok
train/2-05/16.jpg,2,5,112,112,156,23,164,92,0,ok
train/2-05/17.jpg,2,5,112,112,73,190,57,133,180,ok
train/2-05/18.jpg,2,5,112,112,153,29,190,78,0,ok
train/2-05/19.jpg,2,5,112,112,27,68,91,58,270,ok
train/2-05/2.jpg,2,5,112,112,153,30,166,90,0,ok
train/2-05/20.jpg,2,5,112,112,151,32,166,90,0,ok
train/2-05/21.jpg,2,5,112,112,196,153,131,164,90,ok
train/2-05/22.jpg,2,5,112,112,76,165,-1,-1,180,ok;no_hour
train/2-05/23.jpg,2,5,112,112,165,31,149,34,0,ok
train/2-05/26.jpg,2,5,112,112,153,29,166,90,0,ok
train/2-05/27.jpg,2,5,112,112,153,28,-1,-1,0,ok;no_hour
train/2-05/28.jpg,2,5,112,112,70,194,58,132,180,ok
train/2-05/29.jpg,2,5,112,112,158,18,166,90,0,ok
train/2-05/3.jpg,2,5,112,112,132,166,-1,-1,90,warn:rot_err=39.7;no_hour
train/2-05/30.jpg,2,5,112,112,191,151,133,166,90,ok
train/2-05/32.jpg,2,5,112,112,17,65,90,57,270,ok
train/2-05/33.jpg,2,5,112,112,152,28,166,90,0,ok
train/2-05/34.jpg,2,5,112,112,132,165,-1,-1,90,warn:rot_err=39.3;no_hour
train/2-05/35.jpg,2,5,112,112,206,142,-1,-1,90,ok;no_hour
train/2-05/36.jpg,2,5,112,112,-1,-1,-1,-1,-1,fail:no_candidates
train/2-05/37.jpg,2,5,112,112,154,25,165,91,0,ok
train/2-05/38.jpg,2,5,112,112,192,152,-1,-1,90,ok;no_hour
train/2-05/4.jpg,2,5,112,112,200,156,132,165,90,ok
train/2-05/40.jpg,2,5,112,112,151,31,150,99,0,ok
train/2-05/42.jpg,2,5,112,112,153,27,166,90,0,ok
train/2-05/43.jpg,2,5,112,112,-1,-1,-1,-1,-1,fail:no_candidates
train/2-05/44.jpg,2,5,112,112,165,91,-1,-1,0,warn:rot_err=38.4;no_hour
train/2-05/45.jpg,2,5,112,112,151,32,164,92,0,ok
train/2-05/47.jpg,2,5,112,112,19,65,101,77,270,ok
train/2-05/48.jpg,2,5,112,112,206,160,126,155,90,ok
train/2-05/49.jpg,2,5,112,112,152,30,167,90,0,ok
train/2-05/5.jpg,2,5,112,112,143,46,165,91,0,ok
train/2-05/50.jpg,2,5,112,112,139,53,173,87,0,ok
train/2-05/51.jpg,2,5,112,112,71,192,77,122,180,ok
train/2-05/52.jpg,2,5,112,112,90,57,-1,-1,270,warn:rot_err=38.2;no_hour
train/2-05/53.jpg,2,5,112,112,159,18,164,92,0,ok
train/2-05/54.jpg,2,5,112,112,154,32,-1,-1,0,ok;no_hour
train/2-05/55.jpg,2,5,112,112,141,53,164,89,0,ok
train/2-05/56.jpg,2,5,112,112,33,73,90,57,270,ok
train/2-05/59.jpg,2,5,112,112,101,141,-1,-1,180,ok;no_hour
train/2-05/6.jpg,2,5,112,112,153,30,165,90,0,ok
train/2-05/60.jpg,2,5,112,112,64,204,57,133,180,ok
train/2-05/61.jpg,2,5,112,112,165,91,-1,-1,0,warn:rot_err=38.4;no_hour
train/2-05/62.jpg,2,5,112,112,25,69,90,57,270,ok
train/2-05/64.jpg,2,5,112,112,151,32,165,91,0,ok
train/2-05/65.jpg,2,5,112,112,177,106,-1,-1,90,warn:rot_err=35.3;no_hour
train/2-05/67.jpg,2,5,112,112,152,30,165,91,0,ok
train/2-05/68.jpg,2,5,112,112,166,31,154,25,0,ok
train/2-05/69.jpg,2,5,112,112,158,17,166,89,0,ok
train/2-05/7.jpg,2,5,112,112,143,46,175,86,0,ok
train/2-05/71.jpg,2,5,112,112,152,31,159,95,0,ok
train/2-05/72.jpg,2,5,112,112,191,151,132,165,90,ok
train/2-05/76.jpg,2,5,112,112,153,30,166,90,0,ok
train/2-05/77.jpg,2,5,112,112,71,111,-1,-1,270,warn:rot_err=28.6;no_hour
train/2-05/78.jpg,2,5,112,112,153,30,166,90,0,ok
train/2-05/79.jpg,2,5,112,112,135,60,164,92,0,ok
train/2-05/8.jpg,2,5,112,112,166,90,-1,-1,0,warn:rot_err=37.8;no_hour
train/2-05/80.jpg,2,5,112,112,149,33,166,91,0,ok
train/2-05/82.jpg,2,5,112,112,155,23,165,91,0,ok
train/2-05/84.jpg,2,5,112,112,71,193,57,133,180,ok
train/2-05/85.jpg,2,5,112,112,71,193,46,139,180,ok
train/2-05/87.jpg,2,5,112,112,68,200,57,133,180,ok
train/2-05/88.jpg,2,5,112,112,166,90,-1,-1,0,warn:rot_err=37.8;no_hour
train/2-05/89.jpg,2,5,112,112,191,151,133,166,90,ok
train/2-05/9.jpg,2,5,112,112,147,38,165,91,0,ok
train/2-05/91.jpg,2,5,112,112,31,72,81,40,270,ok
train/2-05/92.jpg,2,5,112,112,190,150,133,166,90,ok
train/2-05/93.jpg,2,5,112,112,150,33,166,90,0,ok
train/2-05/94.jpg,2,5,112,112,-1,-1,-1,-1,-1,fail:no_candidates
train/2-05/96.jpg,2,5,112,112,139,53,165,91,0,ok
train/2-05/97.jpg,2,5,112,112,64,204,56,134,180,ok
train/2-05/98.jpg,2,5,112,112,157,20,166,90,0,ok
train/2-10/0.jpg,2,10,112,112,26,167,56,130,180,ok
train/2-10/1.jpg,2,10,112,112,173,69,151,101,0,ok
train/2-10/10.jpg,2,10,112,112,166,93,-1,-1,0,ok;no_hour
train/2-10/11.jpg,2,10,112,112,-1,-1,-1,-1,-1,fail:no_candidates
train/2-10/12.jpg,2,10,112,112,170,72,166,93,0,ok
train/2-10/15.jpg,2,10,112,112,58,30,94,58,270,ok
train/2-10/16.jpg,2,10,112,112,166,93,-1,-1,0,ok;no_hour
train/2-10/17.jpg,2,10,112,112,161,187,-1,-1,90,ok;no_hour
train/2-10/18.jpg,2,10,112,112,36,161,49,133,180,ok
train/2-10/19.jpg,2,10,112,112,34,163,57,130,180,ok
train/2-10/2.jpg,2,10,112,112,196,57,167,93,0,ok
train/2-10/20.jpg,2,10,112,112,187,62,166,93,0,ok
train/2-10/22.jpg,2,10,112,112,180,159,-1,-1,90,warn:rot_err=25.3;no_hour
train/2-10/23.jpg,2,10,112,112,189,61,201,72,0,ok
train/2-10/24.jpg,2,10,112,112,42,158,59,128,180,ok
train/2-10/25.jpg,2,10,112,112,-1,-1,-1,-1,-1,fail:no_candidates
train/2-10/27.jpg,2,10,112,112,129,166,-1,-1,90,ok;no_hour
train/2-10/28.jpg,2,10,112,112,30,165,56,130,180,ok
train/2-10/29.jpg,2,10,112,112,56,24,94,58,270,ok
train/2-10/3.jpg,2,10,112,112,93,56,-1,-1,270,ok;no_hour
train/2-10/30.jpg,2,10,112,112,161,188,130,166,90,ok
train/2-10/31.jpg,2,10,112,112,158,181,-1,-1,90,ok;no_hour
train/2-10/32.jpg,2,10,112,112,167,92,-1,-1,0,ok;no_hour
train/2-10/34.jpg,2,10,112,112,186,62,167,93,0,ok
train/2-10/35.jpg,2,10,112,112,73,175,-1,-1,180,warn:rot_err=28.2;no_hour
train/2-10/36.jpg,2,10,112,112,166,93,-1,-1,0,ok;no_hour
train/2-10/37.jpg,2,10,112,112,165,94,-1,-1,0,ok;no_hour
train/2-10/38.jpg,2,10,112,112,66,44,95,60,270,ok
train/2-10/39.jpg,2,10,112,112,-1,-1,-1,-1,-1,fail:no_candidates
train/2-10/4.jpg,2,10,112,112,195,57,165,94,0,ok
train/2-10/41.jpg,2,10,112,112,-1,-1,-1,-1,-1,fail:no_candidates
train/2-10/42.jpg,2,10,112,112,171,71,165,94,0,ok
train/2-10/43.jpg,2,10,112,112,-1,-1,-1,-1,-1,fail:no_candidates
train/2-10/44.jpg,2,10,112,112,193,59,167,93,0,ok
train/2-10/45.jpg,2,10,112,112,94,58,-1,-1,270,ok;no_hour
train/2-10/46.jpg,2,10,112,112,36,161,-1,-1,180,ok;no_hour
train/2-10/47.jpg,2,10,112,112,168,199,130,167,90,ok
train/2-10/48.jpg,2,10,112,112,165,95,-1,-1,0,ok;no_hour
train/2-10/5.jpg,2,10,112,112,68,47,94,57,270,ok
train/2-10/50.jpg,2,10,112,112,174,69,166,94,0,ok
train/2-10/51.jpg,2,10,112,112,186,62,165,94,0,ok
train/2-10/52.jpg,2,10,112,112,198,56,167,93,0,ok
train/2-10/53.jpg,2,10,112,112,169,72,167,93,0,ok
train/2-10/54.jpg,2,10,112,112,151,177,-1,-1,90,ok;no_hour
train/2-10/55.jpg,2,10,112,112,-1,-1,-1,-1,-1,fail:no_candidates
train/2-10/56.jpg,2,10,112,112,25,167,58,129,180,ok
train/2-10/57.jpg,2,10,112,112,160,77,152,101,0,ok
train/2-10/58.jpg,2,10,112,112,-1,-1,-1,-1,-1,fail:no_candidates
train/2-10/59.jpg,2,10,112,112,195,57,195,56,0,ok
train/2-10/6.jpg,2,10,112,112,-1,-1,-1,-1,-1,fail:no_candidates
train/2-10/60.jpg,2,10,112,112,101,73,-1,-1,270,ok;no_hour
train/2-10/61.jpg,2,10,112,112,24,169,59,128,180,ok
train/2-10/62.jpg,2,10,112,112,158,181,-1,-1,90,ok;no_hour
train/2-10/63.jpg,2,10,112,112,188,61,166,94,0,ok
train/2-10/64.jpg,2,10,112,112,186,62,166,93,0,ok
train/2-10/65.jpg,2,10,112,112,109,178,-1,-1,90,warn:rot_err=32.6;no_hour
train/2-10/66.jpg,2,10,112,112,178,67,-1,-1,0,ok;no_hour
train/2-10/67.jpg,2,10,112,112,93,56,-1,-1,270,ok;no_hour
train/2-10/68.jpg,2,10,112,112,191,57,-1,-1,0,ok;no_hour
train/2-10/7.jpg,2,10,112,112,130,167,-1,-1,90,ok;no_hour
train/2-10/70.jpg,2,10,112,112,56,27,-1,-1,270,ok;no_hour
train/2-10/71.jpg,2,10,112,112,-1,-1,-1,-1,-1,fail:no_candidates
train/2-10/73.jpg,2,10,112,112,165,74,166,94,0,ok
train/2-10/76.jpg,2,10,112,112,143,157,130,166,90,ok
train/2-10/77.jpg,2,10,112,112,60,34,-1,-1,270,ok;no_hour
train/2-10/78.jpg,2,10,112,112,161,188,130,166,90,ok
train/2-10/79.jpg,2,10,112,112,65,145,59,128,180,ok
train/2-10/8.jpg,2,10,112,112,167,197,-1,-1,90,ok;no_hour
train/2-10/80.jpg,2,10,112,112,165,95,-1,-1,0,ok;no_hour
train/2-10/82.jpg,2,10,112,112,194,58,165,94,0,ok
train/2-10/83.jpg,2,10,112,112,176,68,167,93,0,ok
train/2-10/84.jpg,2,10,112,112,154,174,130,167,90,ok
train/2-10/86.jpg,2,10,112,112,183,64,165,94,0,ok
train/2-10/88.jpg,2,10,112,112,198,55,165,94,0,ok
train/2-10/89.jpg,2,10,112,112,23,170,58,129,180,ok
train/2-10/9.jpg,2,10,112,112,177,67,167,93,0,ok
train/2-10/90.jpg,2,10,112,112,-1,-1,-1,-1,-1,fail:no_candidates
train/2-10/92.jpg,2,10,112,112,189,61,166,93,0,ok
train/2-10/94.jpg,2,10,112,112,-1,-1,-1,-1,-1,fail:no_candidates
train/2-10/98.jpg,2,10,112,112,94,58,-1,-1,270,ok;no_hour
train/2-15/0.jpg,2,15,112,112,193,117,162,83,0,ok
train/2-15/10.jpg,2,15,112,112,117,15,-1,-1,270,ok;no_hour
train/2-15/11.jpg,2,15,112,112,-1,-1,-1,-1,-1,fail:no_candidates
train/2-15/13.jpg,2,15,112,112,22,105,63,139,180,ok
train/2-15/14.jpg,2,15,112,112,136,119,-1,-1,0,ok;no_hour
train/2-15/15.jpg,2,15,112,112,183,117,162,83,0,ok
train/2-15/16.jpg,2,15,112,112,117,30,-1,-1,270,ok;no_hour
train/2-15/17.jpg,2,15,112,112,194,117,161,83,0,ok
train/2-15/18.jpg,2,15,112,112,54,105,61,140,180,ok
train/2-15/19.jpg,2,15,112,112,20,105,62,139,180,ok
train/2-15/2.jpg,2,15,112,112,194,117,161,83,0,ok
train/2-15/20.jpg,2,15,112,112,198,117,163,83,0,ok
train/2-15/21.jpg,2,15,112,112,9,104,64,139,180,ok
train/2-15/22.jpg,2,15,112,112,110,151,177,150,90,ok
train/2-15/23.jpg,2,15,112,112,174,117,-1,-1,0,ok;no_hour
train/2-15/24.jpg,2,15,112,112,117,30,-1,-1,270,ok;no_hour
train/2-15/25.jpg,2,15,112,112,206,117,164,84,0,ok
train/2-15/26.jpg,2,15,112,112,105,195,139,161,90,ok
train/2-15/27.jpg,2,15,112,112,64,104,72,137,180,ok
train/2-15/28.jpg,2,15,112,112,175,117,158,84,0,ok
train/2-15/29.jpg,2,15,112,112,104,207,-1,-1,90,ok;no_hour
train/2-15/3.jpg,2,15,112,112,104,202,-1,-1,90,ok;no_hour
train/2-15/31.jpg,2,15,112,112,181,117,163,83,0,ok
train/2-15/32.jpg,2,15,112,112,117,41,-1,-1,270,ok;no_hour
train/2-15/33.jpg,2,15,112,112,104,203,-1,-1,90,ok;no_hour
train/2-15/34.jpg,2,15,112,112,117,28,-1,-1,270,ok;no_hour
train/2-15/35.jpg,2,15,112,112,84,191,-1,-1,90,ok;no_hour
train/2-15/38.jpg,2,15,112,112,202,117,161,84,0,ok
train/2-15/39.jpg,2,15,112,112,-1,-1,-1,-1,-1,fail:no_candidates
train/2-15/40.jpg,2,15,112,112,117,61,-1,-1,270,ok;no_hour
train/2-15/41.jpg,2,15,112,112,203,117,-1,-1,0,ok;no_hour
train/2-15/42.jpg,2,15,112,112,180,117,163,83,0,ok
train/2-15/43.jpg,2,15,112,112,-1,-1,-1,-1,-1,fail:no_candidates
train/2-15/45.jpg,2,15,112,112,199,117,162,83,0,ok
train/2-15/46.jpg,2,15,112,112,186,117,163,83,0,ok
train/2-15/47.jpg,2,15,112,112,213,118,163,83,0,ok
train/2-15/49.jpg,2,15,112,112,41,105,63,139,180,ok
train/2-15/5.jpg,2,15,112,112,187,118,161,83,0,ok
train/2-15/50.jpg,2,15,112,112,118,49,77,50,270,ok
train/2-15/51.jpg,2,15,112,112,22,105,64,139,180,ok
train/2-15/52.jpg,2,15,112,112,41,105,64,139,180,ok
train/2-15/53.jpg,2,15,112,112,118,47,80,55,270,ok
train/2-15/54.jpg,2,15,112,112,199,109,-1,-1,0,ok;no_hour
train/2-15/55.jpg,2,15,112,112,217,114,162,86,0,ok
train/2-15/56.jpg,2,15,112,112,217,117,163,83,0,ok
train/2-15/58.jpg,2,15,112,112,-1,-1,-1,-1,-1,fail:no_candidates
train/2-15/59.jpg,2,15,112,112,141,117,137,93,0,ok
train/2-15/6.jpg,2,15,112,112,-1,-1,-1,-1,-1,fail:no_candidates
train/2-15/60.jpg,2,15,112,112,8,105,62,139,180,ok
train/2-15/61.jpg,2,15,112,112,208,118,161,83,0,ok
train/2-15/62.jpg,2,15,112,112,117,31,-1,-1,270,ok;no_hour
train/2-15/63.jpg,2,15,112,112,24,104,63,139,180,ok
train/2-15/64.jpg,2,15,112,112,117,6,-1,-1,270,ok;no_hour
train/2-15/65.jpg,2,15,112,112,45,109,-1,-1,180,ok;no_hour
train/2-15/66.jpg,2,15,112,112,188,117,162,83,0,ok
train/2-15/68.jpg,2,15,112,112,13,105,-1,-1,180,ok;no_hour
train/2-15/69.jpg,2,15,112,112,185,117,162,83,0,ok
train/2-15/7.jpg,2,15,112,112,117,34,-1,-1,270,ok;no_hour
train/2-15/70.jpg,2,15,112,112,198,117,198,105,0,ok
train/2-15/71.jpg,2,15,112,112,184,118,160,83,0,ok
train/2-15/72.jpg,2,15,112,112,203,117,163,83,0,ok
train/2-15/73.jpg,2,15,112,112,172,117,165,81,0,ok
train/2-15/74.jpg,2,15,112,112,176,118,184,72,0,ok
train/2-15/78.jpg,2,15,112,112,202,117,161,84,0,ok
train/2-15/80.jpg,2,15,112,112,186,118,155,85,0,ok
train/2-15/81.jpg,2,15,112,112,164,117,161,84,0,ok
train/2-15/82.jpg,2,15,112,112,25,105,63,139,180,ok
train/2-15/83.jpg,2,15,112,112,185,118,163,83,0,ok
train/2-15/84.jpg,2,15,112,112,186,118,162,83,0,ok
train/2-15/86.jpg,2,15,112,112,194,117,161,83,0,ok
train/2-15/88.jpg,2,15,112,112,188,117,162,83,0,ok
train/2-15/89.jpg,2,15,112,112,185,117,162,83,0,ok
train/2-15/9.jpg,2,15,112,112,184,117,161,83,0,ok
train/2-15/90.jpg,2,15,112,112,106,200,137,160,90,ok
train/2-15/92.jpg,2,15,112,112,16,105,63,139,180,ok
train/2-15/93.jpg,2,15,112,112,105,213,-1,-1,90,ok;no_hour
train/2-15/94.jpg,2,15,112,112,185,117,162,84,0,ok
train/2-15/95.jpg,2,15,112,112,117,6,-1,-1,270,ok;no_hour
train/2-15/98.jpg,2,15,112,112,187,117,162,83,0,ok
train/2-15/99.jpg,2,15,112,112,181,118,-1,-1,0,ok;no_hour
train/2-20/0.jpg,2,20,112,112,180,157,162,85,0,ok
train/2-20/1.jpg,2,20,112,112,175,156,162,85,0,ok
train/2-20/10.jpg,2,20,112,112,188,161,164,85,0,ok
train/2-20/11.jpg,2,20,112,112,198,155,-1,-1,0,ok;no_hour
train/2-20/13.jpg,2,20,112,112,56,73,61,137,180,ok
train/2-20/14.jpg,2,20,112,112,82,87,-1,-1,180,ok;no_hour
train/2-20/16.jpg,2,20,112,112,167,27,85,59,270,ok
train/2-20/17.jpg,2,20,112,112,182,158,164,85,0,ok
train/2-20/18.jpg,2,20,112,112,159,145,164,84,0,ok
train/2-20/19.jpg,2,20,112,112,32,60,60,137,180,ok
train/2-20/2.jpg,2,20,112,112,166,28,85,60,270,ok
train/2-20/20.jpg,2,20,112,112,182,158,163,85,0,ok
train/2-20/21.jpg,2,20,112,112,180,157,163,85,0,ok
train/2-20/22.jpg,2,20,112,112,176,149,-1,-1,0,ok;no_hour
train/2-20/24.jpg,2,20,112,112,66,179,137,163,90,ok
train/2-20/25.jpg,2,20,112,112,71,173,-1,-1,90,ok;no_hour
train/2-20/27.jpg,2,20,112,112,156,145,152,88,0,ok
train/2-20/28.jpg,2,20,112,112,188,161,162,85,0,ok
train/2-20/29.jpg,2,20,112,112,34,60,64,137,180,ok
train/2-20/3.jpg,2,20,112,112,186,162,-1,-1,0,ok;no_hour
train/2-20/30.jpg,2,20,112,112,61,137,-1,-1,90,warn:rot_err=33.9;no_hour
train/2-20/31.jpg,2,20,112,112,179,157,164,85,0,ok
train/2-20/32.jpg,2,20,112,112,66,179,137,162,90,ok
train/2-20/33.jpg,2,20,112,112,188,161,163,85,0,ok
train/2-20/34.jpg,2,20,112,112,182,158,164,85,0,ok
train/2-20/35.jpg,2,20,112,112,67,84,45,89,180,ok
train/2-20/36.jpg,2,20,112,112,-1,-1,-1,-1,-1,fail:no_candidates
train/2-20/37.jpg,2,20,112,112,175,155,163,85,0,ok
train/2-20/38.jpg,2,20,112,112,85,60,-1,-1,180,warn:rot_err=32.6;no_hour
train/2-20/40.jpg,2,20,112,112,63,77,59,138,180,ok
train/2-20/41.jpg,2,20,112,112,86,167,-1,-1,90,ok;no_hour
train/2-20/42.jpg,2,20,112,112,166,149,163,85,0,ok
train/2-20/43.jpg,2,20,112,112,24,56,-1,-1,180,ok;no_hour
train/2-20/44.jpg,2,20,112,112,189,162,165,85,0,ok
train/2-20/45.jpg,2,20,112,112,183,159,164,85,0,ok
train/2-20/46.jpg,2,20,112,112,188,161,164,85,0,ok
train/2-20/47.jpg,2,20,112,112,198,167,164,85,0,ok
train/2-20/48.jpg,2,20,112,112,145,138,171,81,0,ok
train/2-20/49.jpg,2,20,112,112,167,27,85,59,270,ok
train/2-20/5.jpg,2,20,112,112,155,48,85,59,270,ok
train/2-20/50.jpg,2,20,112,112,60,75,58,140,180,ok
train/2-20/51.jpg,2,20,112,112,27,58,60,137,180,ok
train/2-20/52.jpg,2,20,112,112,169,151,164,85,0,ok
train/2-20/53.jpg,2,20,112,112,152,54,-1,-1,270,ok;no_hour
train/2-20/54.jpg,2,20,112,112,153,141,-1,-1,0,ok;no_hour
train/2-20/56.jpg,2,20,112,112,185,160,163,85,0,ok
train/2-20/57.jpg,2,20,112,112,160,146,165,83,0,ok
train/2-20/58.jpg,2,20,112,112,-1,-1,-1,-1,-1,fail:no_candidates
train/2-20/59.jpg,2,20,112,112,136,133,138,94,0,ok
train/2-20/6.jpg,2,20,112,112,-1,-1,-1,-1,-1,fail:no_candidates
train/2-20/60.jpg,2,20,112,112,197,166,164,85,0,ok
train/2-20/61.jpg,2,20,112,112,66,201,-1,-1,90,ok;no_hour
train/2-20/62.jpg,2,20,112,112,156,88,-1,-1,270,warn:rot_err=31.4;no_hour
train/2-20/63.jpg,2,20,112,112,161,37,-1,-1,270,ok;no_hour
train/2-20/66.jpg,2,20,112,112,67,178,137,163,90,ok
train/2-20/67.jpg,2,20,112,112,198,166,163,85,0,ok
train/2-20/68.jpg,2,20,112,112,193,164,-1,-1,0,ok;no_hour
train/2-20/69.jpg,2,20,112,112,176,155,164,85,0,ok
train/2-20/7.jpg,2,20,112,112,160,39,85,59,270,ok
train/2-20/70.jpg,2,20,112,112,75,187,-1,-1,90,ok;no_hour
train/2-20/74.jpg,2,20,112,112,168,152,162,85,0,ok
train/2-20/75.jpg,2,20,112,112,192,164,164,85,0,ok
train/2-20/76.jpg,2,20,112,112,63,185,137,163,90,ok
train/2-20/77.jpg,2,20,112,112,60,137,-1,-1,90,warn:rot_err=34.3;no_hour
train/2-20/78.jpg,2,20,112,112,85,60,-1,-1,180,warn:rot_err=32.6;no_hour
train/2-20/8.jpg,2,20,112,112,188,161,162,85,0,ok
train/2-20/80.jpg,2,20,112,112,54,200,137,159,90,ok
train/2-20/81.jpg,2,20,112,112,48,70,64,135,180,ok
train/2-20/84.jpg,2,20,112,112,153,50,-1,-1,270,ok;no_hour
train/2-20/85.jpg,2,20,112,112,184,160,164,85,0,ok
train/2-20/86.jpg,2,20,112,112,164,32,85,59,270,ok
train/2-20/89.jpg,2,20,112,112,62,186,137,162,90,ok
train/2-20/9.jpg,2,20,112,112,171,152,164,85,0,ok
train/2-20/90.jpg,2,20,112,112,62,186,136,161,90,ok
train/2-20/92.jpg,2,20,112,112,199,167,164,85,0,ok
train/2-20/93.jpg,2,20,112,112,190,162,164,85,0,ok
train/2-20/95.jpg,2,20,112,112,161,37,85,60,270,ok
train/2-20/96.jpg,2,20,112,112,70,173,-1,-1,90,ok;no_hour
train/2-20/97.jpg,2,20,112,112,167,26,-1,-1,270,ok;no_hour
train/2-20/99.jpg,2,20,112,112,71,170,-1,-1,90,ok;no_hour
train/2-25/1.jpg,2,25,112,112,143,179,178,98,0,ok
train/2-25/10.jpg,2,25,112,112,164,193,168,101,0,ok
train/2-25/11.jpg,2,25,112,112,-1,-1,-1,-1,-1,fail:no_candidates
train/2-25/12.jpg,2,25,112,112,151,191,169,100,0,ok
train/2-25/13.jpg,2,25,112,112,39,160,-1,-1,90,ok;no_hour
train/2-25/14.jpg,2,25,112,112,138,170,-1,-1,0,ok;no_hour
train/2-25/15.jpg,2,25,112,112,152,194,168,101,0,ok
train/2-25/16.jpg,2,25,112,112,164,194,169,100,0,ok
train/2-25/17.jpg,2,25,112,112,23,169,-1,-1,90,ok;no_hour
train/2-25/19.jpg,2,25,112,112,195,70,-1,-1,270,ok;no_hour
train/2-25/21.jpg,2,25,112,112,160,206,164,88,0,ok
train/2-25/22.jpg,2,25,112,112,36,160,177,157,90,ok
train/2-25/23.jpg,2,25,112,112,166,196,-1,-1,0,ok;no_hour
train/2-25/24.jpg,2,25,112,112,76,39,-1,-1,180,ok;no_hour
train/2-25/25.jpg,2,25,112,112,-1,-1,-1,-1,-1,fail:no_candidates
train/2-25/27.jpg,2,25,112,112,186,76,91,70,270,ok
train/2-25/28.jpg,2,25,112,112,193,71,88,59,270,ok
train/2-25/29.jpg,2,25,112,112,25,168,134,161,90,ok
train/2-25/3.jpg,2,25,112,112,73,29,-1,-1,180,ok;no_hour
train/2-25/30.jpg,2,25,112,112,161,188,147,94,0,ok
train/2-25/32.jpg,2,25,112,112,144,180,168,101,0,ok
train/2-25/33.jpg,2,25,112,112,153,195,170,100,0,ok
train/2-25/34.jpg,2,25,112,112,166,198,169,100,0,ok
train/2-25/36.jpg,2,25,112,112,-1,-1,-1,-1,-1,fail:no_candidates
train/2-25/37.jpg,2,25,112,112,201,67,88,58,270,ok
train/2-25/38.jpg,2,25,112,112,139,169,-1,-1,0,ok;no_hour
train/2-25/39.jpg,2,25,112,112,136,124,-1,-1,0,warn:rot_err=33.4;no_hour
train/2-25/4.jpg,2,25,112,112,165,195,168,101,0,ok
train/2-25/40.jpg,2,25,112,112,160,206,168,101,0,ok
train/2-25/41.jpg,2,25,112,112,72,31,-1,-1,180,ok;no_hour
train/2-25/42.jpg,2,25,112,112,169,201,168,101,0,ok
train/2-25/43.jpg,2,25,112,112,157,202,-1,-1,0,ok;no_hour
train/2-25/44.jpg,2,25,112,112,71,30,62,134,180,ok
train/2-25/45.jpg,2,25,112,112,200,67,100,54,270,ok
train/2-25/47.jpg,2,25,112,112,134,162,-1,-1,0,ok;no_hour
train/2-25/48.jpg,2,25,112,112,154,90,-1,-1,270,ok;no_hour
train/2-25/49.jpg,2,25,112,112,193,71,100,53,270,ok
train/2-25/5.jpg,2,25,112,112,23,169,134,160,90,ok
train/2-25/51.jpg,2,25,112,112,161,187,168,101,0,ok
train/2-25/52.jpg,2,25,112,112,152,193,170,100,0,ok
train/2-25/53.jpg,2,25,112,112,163,88,-1,-1,270,ok;no_hour
train/2-25/54.jpg,2,25,112,112,78,76,-1,-1,180,ok;no_hour
train/2-25/55.jpg,2,25,112,112,-1,-1,-1,-1,-1,fail:no_candidates
train/2-25/56.jpg,2,25,112,112,27,166,-1,-1,90,ok;no_hour
train/2-25/57.jpg,2,25,112,112,139,96,-1,-1,270,ok;no_hour
train/2-25/58.jpg,2,25,112,112,202,66,88,59,270,ok
train/2-25/59.jpg,2,25,112,112,122,142,-1,-1,0,ok;no_hour
train/2-25/6.jpg,2,25,112,112,-1,-1,-1,-1,-1,fail:no_candidates
train/2-25/60.jpg,2,25,112,112,25,154,-1,-1,90,ok;no_hour
train/2-25/61.jpg,2,25,112,112,18,160,134,163,90,ok
train/2-25/62.jpg,2,25,112,112,147,185,168,101,0,ok
train/2-25/63.jpg,2,25,112,112,161,188,165,88,0,ok
train/2-25/67.jpg,2,25,112,112,71,30,60,134,180,ok
train/2-25/68.jpg,2,25,112,112,155,198,-1,-1,0,ok;no_hour
train/2-25/69.jpg,2,25,112,112,145,181,164,88,0,ok
train/2-25/7.jpg,2,25,112,112,71,30,59,134,180,ok
train/2-25/70.jpg,2,25,112,112,145,181,-1,-1,0,ok;no_hour
train/2-25/72.jpg,2,25,112,112,150,190,168,101,0,ok
train/2-25/73.jpg,2,25,112,112,161,188,170,100,0,ok
train/2-25/74.jpg,2,25,112,112,161,185,163,88,0,ok
train/2-25/76.jpg,2,25,112,112,160,185,-1,-1,0,ok;no_hour
train/2-25/77.jpg,2,25,112,112,68,32,-1,-1,180,ok;no_hour
train/2-25/78.jpg,2,25,112,112,34,161,134,164,90,ok
train/2-25/8.jpg,2,25,112,112,38,160,-1,-1,90,ok;no_hour
train/2-25/80.jpg,2,25,112,112,79,43,63,134,180,ok
train/2-25/81.jpg,2,25,112,112,-1,-1,-1,-1,-1,fail:no_candidates
train/2-25/83.jpg,2,25,112,112,71,29,60,134,180,ok
train/2-25/85.jpg,2,25,112,112,152,193,170,100,0,ok
train/2-25/87.jpg,2,25,112,112,76,38,-1,-1,180,ok;no_hour
train/2-25/88.jpg,2,25,112,112,147,185,168,101,0,ok
train/2-25/89.jpg,2,25,112,112,150,190,168,101,0,ok
train/2-25/9.jpg,2,25,112,112,144,179,170,100,0,ok
train/2-25/90.jpg,2,25,112,112,36,159,132,163,90,ok
train/2-25/91.jpg,2,25,112,112,169,86,-1,-1,270,ok;no_hour
train/2-25/92.jpg,2,25,112,112,151,191,169,100,0,ok
train/2-25/93.jpg,2,25,112,112,195,69,100,54,270,ok
train/2-25/94.jpg,2,25,112,112,71,31,62,133,180,ok
train/2-25/95.jpg,2,25,112,112,151,191,168,101,0,ok
train/2-25/97.jpg,2,25,112,112,165,195,163,88,0,ok
train/2-25/98.jpg,2,25,112,112,54,151,-1,-1,90,ok;no_hour
train/2-30/0.jpg,2,30,112,112,103,54,-1,-1,180,ok;no_hour
train/2-30/11.jpg,2,30,112,112,-1,-1,-1,-1,-1,fail:no_candidates
train/2-30/12.jpg,2,30,112,112,116,88,-1,-1,180,ok;no_hour
train/2-30/14.jpg,2,30,112,112,48,118,119,168,90,ok
train/2-30/15.jpg,2,30,112,112,116,69,-1,-1,180,ok;no_hour
train/2-30/16.jpg,2,30,112,112,116,190,170,102,0,ok
train/2-30/18.jpg,2,30,112,112,117,169,173,88,0,ok
train/2-30/19.jpg,2,30,112,112,106,20,59,132,180,ok
train/2-30/2.jpg,2,30,112,112,117,158,170,102,0,ok
train/2-30/20.jpg,2,30,112,112,106,156,170,102,0,ok
train/2-30/21.jpg,2,30,112,112,117,194,-1,-1,0,ok;no_hour
train/2-30/22.jpg,2,30,112,112,169,102,-1,-1,270,ok;no_hour
train/2-30/23.jpg,2,30,112,112,212,119,-1,-1,270,ok;no_hour
train/2-30/24.jpg,2,30,112,112,117,29,-1,-1,180,ok;no_hour
train/2-30/25.jpg,2,30,112,112,-1,-1,-1,-1,-1,fail:no_candidates
train/2-30/27.jpg,2,30,112,112,157,107,-1,-1,270,ok;no_hour
train/2-30/28.jpg,2,30,112,112,106,137,166,90,0,ok
train/2-30/29.jpg,2,30,112,112,104,56,-1,-1,180,ok;no_hour
train/2-30/3.jpg,2,30,112,112,173,105,-1,-1,270,ok;no_hour
train/2-30/30.jpg,2,30,112,112,22,105,132,164,90,ok
train/2-30/32.jpg,2,30,112,112,117,180,168,103,0,ok
train/2-30/33.jpg,2,30,112,112,117,76,58,132,180,ok
train/2-30/34.jpg,2,30,112,112,195,117,-1,-1,270,ok;no_hour
train/2-30/35.jpg,2,30,112,112,116,156,184,136,0,ok
train/2-30/36.jpg,2,30,112,112,139,116,90,58,270,ok
train/2-30/38.jpg,2,30,112,112,23,105,132,165,90,ok
train/2-30/39.jpg,2,30,112,112,124,87,-1,-1,180,warn:rot_err=25.6;no_hour
train/2-30/4.jpg,2,30,112,112,67,106,121,170,90,ok
train/2-30/40.jpg,2,30,112,112,171,101,-1,-1,270,ok;no_hour
train/2-30/41.jpg,2,30,112,112,-1,-1,-1,-1,-1,fail:no_candidates
train/2-30/42.jpg,2,30,112,112,178,117,103,54,270,ok
train/2-30/43.jpg,2,30,112,112,100,83,-1,-1,180,ok;no_hour
train/2-30/44.jpg,2,30,112,112,204,118,103,54,270,ok
train/2-30/45.jpg,2,30,112,112,23,116,132,167,90,ok
train/2-30/46.jpg,2,30,112,112,117,33,-1,-1,180,ok;no_hour
train/2-30/47.jpg,2,30,112,112,23,117,132,164,90,ok
train/2-30/48.jpg,2,30,112,112,104,173,190,98,0,ok
train/2-30/49.jpg,2,30,112,112,117,158,171,102,0,ok
train/2-30/5.jpg,2,30,112,112,118,36,58,132,180,ok
train/2-30/50.jpg,2,30,112,112,117,170,186,84,0,ok
train/2-30/51.jpg,2,30,112,112,117,158,170,102,0,ok
train/2-30/52.jpg,2,30,112,112,116,183,169,103,0,ok
train/2-30/54.jpg,2,30,112,112,20,113,-1,-1,90,ok;no_hour
train/2-30/56.jpg,2,30,112,112,116,69,-1,-1,180,ok;no_hour
train/2-30/57.jpg,2,30,112,112,105,173,170,104,0,ok
train/2-30/58.jpg,2,30,112,112,-1,-1,-1,-1,-1,fail:no_candidates
train/2-30/59.jpg,2,30,112,112,79,105,-1,-1,90,ok;no_hour
train/2-30/6.jpg,2,30,112,112,-1,-1,-1,-1,-1,fail:no_candidates
train/2-30/60.jpg,2,30,112,112,43,116,132,166,90,ok
train/2-30/61.jpg,2,30,112,112,105,31,59,132,180,ok
train/2-30/63.jpg,2,30,112,112,106,17,57,132,180,ok
train/2-30/65.jpg,2,30,112,112,104,194,-1,-1,0,ok;no_hour
train/2-30/66.jpg,2,30,112,112,180,117,-1,-1,270,ok;no_hour
train/2-30/67.jpg,2,30,112,112,215,106,103,54,270,ok
train/2-30/68.jpg,2,30,112,112,116,173,-1,-1,0,ok;no_hour
train/2-30/69.jpg,2,30,112,112,137,116,91,56,270,ok
train/2-30/7.jpg,2,30,112,112,103,54,-1,-1,180,ok;no_hour
train/2-30/70.jpg,2,30,112,112,166,90,-1,-1,270,ok;no_hour
train/2-30/72.jpg,2,30,112,112,116,190,169,103,0,ok
train/2-30/73.jpg,2,30,112,112,105,77,-1,-1,180,ok;no_hour
train/2-30/74.jpg,2,30,112,112,117,200,171,102,0,ok
train/2-30/75.jpg,2,30,112,112,203,117,-1,-1,270,ok;no_hour
train/2-30/76.jpg,2,30,112,112,117,157,170,102,0,ok
train/2-30/77.jpg,2,30,112,112,172,102,-1,-1,270,ok;no_hour
train/2-30/78.jpg,2,30,112,112,116,203,170,102,0,ok
train/2-30/79.jpg,2,30,112,112,116,167,165,104,0,ok
train/2-30/8.jpg,2,30,112,112,105,201,165,90,0,ok
train/2-30/82.jpg,2,30,112,112,117,158,170,102,0,ok
train/2-30/83.jpg,2,30,112,112,65,105,132,166,90,ok
train/2-30/84.jpg,2,30,112,112,118,155,166,90,0,ok
train/2-30/86.jpg,2,30,112,112,106,29,-1,-1,180,ok;no_hour
train/2-30/87.jpg,2,30,112,112,154,116,-1,-1,270,ok;no_hour
train/2-30/9.jpg,2,30,112,112,117,158,170,102,0,ok
train/2-30/90.jpg,2,30,112,112,-1,-1,-1,-1,-1,fail:no_candidates
train/2-30/91.jpg,2,30,112,112,117,67,57,132,180,ok
train/2-30/93.jpg,2,30,112,112,169,103,-1,-1,270,ok;no_hour
train/2-30/95.jpg,2,30,112,112,105,201,170,102,0,ok
train/2-30/96.jpg,2,30,112,112,104,199,167,90,0,ok
train/2-30/97.jpg,2,30,112,112,117,159,166,90,0,ok
train/2-30/99.jpg,2,30,112,112,118,44,57,133,180,ok
train/2-35/0.jpg,2,35,112,112,70,194,166,92,0,ok
train/2-35/1.jpg,2,35,112,112,69,174,183,102,0,ok
train/2-35/10.jpg,2,35,112,112,67,199,166,92,0,ok
train/2-35/11.jpg,2,35,112,112,-1,-1,-1,-1,-1,fail:no_candidates
train/2-35/12.jpg,2,35,112,112,169,23,57,130,180,ok
train/2-35/13.jpg,2,35,112,112,161,37,59,130,180,ok
train/2-35/14.jpg,2,35,112,112,195,152,106,54,270,ok
train/2-35/15.jpg,2,35,112,112,161,36,56,130,180,ok
train/2-35/16.jpg,2,35,112,112,66,200,166,92,0,ok
train/2-35/17.jpg,2,35,112,112,37,62,130,165,90,ok
train/2-35/18.jpg,2,35,112,112,72,194,177,104,0,ok
train/2-35/19.jpg,2,35,112,112,161,34,55,118,180,ok
train/2-35/2.jpg,2,35,112,112,182,158,93,60,270,ok
train/2-35/20.jpg,2,35,112,112,193,164,92,57,270,ok
train/2-35/21.jpg,2,35,112,112,61,188,167,106,0,ok
train/2-35/23.jpg,2,35,112,112,78,181,-1,-1,0,ok;no_hour
train/2-35/24.jpg,2,35,112,112,66,200,165,92,0,ok
train/2-35/25.jpg,2,35,112,112,-1,-1,-1,-1,-1,fail:no_candidates
train/2-35/26.jpg,2,35,112,112,156,45,53,119,180,ok
train/2-35/27.jpg,2,35,112,112,89,164,157,109,0,ok
train/2-35/28.jpg,2,35,112,112,37,62,118,169,90,ok
train/2-35/29.jpg,2,35,112,112,60,189,169,105,0,ok
train/2-35/3.jpg,2,35,112,112,172,104,-1,-1,270,warn:rot_err=37.6;no_hour
train/2-35/30.jpg,2,35,112,112,34,62,118,168,90,ok
train/2-35/31.jpg,2,35,112,112,31,72,-1,-1,90,ok;no_hour
train/2-35/32.jpg,2,35,112,112,80,178,171,103,0,ok
train/2-35/33.jpg,2,35,112,112,61,188,169,105,0,ok
train/2-35/34.jpg,2,35,112,112,34,74,130,164,90,ok
train/2-35/36.jpg,2,35,112,112,160,37,55,118,180,ok
train/2-35/37.jpg,2,35,112,112,200,156,92,57,270,ok
train/2-35/38.jpg,2,35,112,112,71,192,166,92,0,ok
train/2-35/39.jpg,2,35,112,112,-1,-1,-1,-1,-1,fail:no_candidates
train/2-35/40.jpg,2,35,112,112,178,143,92,57,270,ok
train/2-35/41.jpg,2,35,112,112,61,188,-1,-1,0,ok;no_hour
train/2-35/42.jpg,2,35,112,112,32,72,130,164,90,ok
train/2-35/43.jpg,2,35,112,112,196,166,-1,-1,270,ok;no_hour
train/2-35/45.jpg,2,35,112,112,70,193,166,92,0,ok
train/2-35/48.jpg,2,35,112,112,138,80,53,118,180,ok
train/2-35/49.jpg,2,35,112,112,81,176,165,92,0,ok
train/2-35/5.jpg,2,35,112,112,156,47,60,130,180,ok
train/2-35/51.jpg,2,35,112,112,37,62,130,165,90,ok
train/2-35/53.jpg,2,35,112,112,54,200,169,105,0,ok
train/2-35/55.jpg,2,35,112,112,68,191,168,102,0,ok
train/2-35/56.jpg,2,35,112,112,61,189,166,92,0,ok
train/2-35/57.jpg,2,35,112,112,86,167,169,106,0,ok
train/2-35/59.jpg,2,35,112,112,86,90,111,144,90,ok
train/2-35/6.jpg,2,35,112,112,70,192,166,93,0,ok
train/2-35/60.jpg,2,35,112,112,157,23,59,130,180,ok
train/2-35/61.jpg,2,35,112,112,161,37,59,130,180,ok
train/2-35/63.jpg,2,35,112,112,186,161,105,54,270,ok
train/2-35/65.jpg,2,35,112,112,142,87,-1,-1,180,ok;no_hour
train/2-35/66.jpg,2,35,112,112,30,72,130,163,90,ok
train/2-35/67.jpg,2,35,112,112,64,205,166,92,0,ok
train/2-35/7.jpg,2,35,112,112,71,193,166,92,0,ok
train/2-35/70.jpg,2,35,112,112,92,57,-1,-1,90,warn:rot_err=40.0;no_hour
train/2-35/71.jpg,2,35,112,112,153,51,57,116,180,ok
train/2-35/72.jpg,2,35,112,112,62,186,166,92,0,ok
train/2-35/73.jpg,2,35,112,112,160,38,56,130,180,ok
train/2-35/74.jpg,2,35,112,112,72,169,170,105,0,ok
train/2-35/75.jpg,2,35,112,112,161,36,59,130,180,ok
train/2-35/76.jpg,2,35,112,112,71,192,170,104,0,ok
train/2-35/77.jpg,2,35,112,112,34,64,-1,-1,90,ok;no_hour
train/2-35/79.jpg,2,35,112,112,146,63,60,130,180,ok
train/2-35/82.jpg,2,35,112,112,157,23,57,130,180,ok
train/2-35/83.jpg,2,35,112,112,61,189,169,105,0,ok
train/2-35/84.jpg,2,35,112,112,193,152,105,54,270,ok
train/2-35/85.jpg,2,35,112,112,193,153,105,54,270,ok
train/2-35/87.jpg,2,35,112,112,67,199,166,92,0,ok
train/2-35/88.jpg,2,35,112,112,71,171,166,92,0,ok
train/2-35/89.jpg,2,35,112,112,61,189,166,92,0,ok
train/2-35/9.jpg,2,35,112,112,162,36,58,130,180,ok
train/2-35/90.jpg,2,35,112,112,175,153,104,54,270,ok
train/2-35/91.jpg,2,35,112,112,60,189,169,105,0,ok
train/2-35/92.jpg,2,35,112,112,39,63,-1,-1,90,ok;no_hour
train/2-35/93.jpg,2,35,112,112,71,192,166,92,0,ok
train/2-35/94.jpg,2,35,112,112,70,192,168,104,0,ok
train/2-35/96.jpg,2,35,112,112,79,179,169,105,0,ok
train/2-35/97.jpg,2,35,112,112,32,73,130,163,90,ok
train/2-35/98.jpg,2,35,112,112,148,58,56,130,180,ok
train/2-35/99.jpg,2,35,112,112,150,55,57,131,180,ok
train/2-40/0.jpg,2,40,112,112,39,160,170,108,0,ok
train/2-40/1.jpg,2,40,112,112,181,79,56,128,180,ok
train/2-40/10.jpg,2,40,112,112,40,159,170,108,0,ok
train/2-40/11.jpg,2,40,112,112,73,32,-1,-1,90,ok;no_hour
train/2-40/12.jpg,2,40,112,112,154,196,107,52,270,ok
train/2-40/13.jpg,2,40,112,112,56,150,170,108,0,ok
train/2-40/14.jpg,2,40,112,112,72,142,169,109,0,ok
train/2-40/15.jpg,2,40,112,112,61,36,114,168,90,ok
train/2-40/16.jpg,2,40,112,112,43,157,171,107,0,ok
train/2-40/17.jpg,2,40,112,112,73,33,115,170,90,ok
train/2-40/19.jpg,2,40,112,112,163,191,108,54,270,ok
train/2-40/2.jpg,2,40,112,112,32,164,171,107,0,ok
train/2-40/20.jpg,2,40,112,112,27,167,170,108,0,ok
train/2-40/22.jpg,2,40,112,112,63,132,166,95,0,ok
train/2-40/23.jpg,2,40,112,112,180,65,56,127,180,ok
train/2-40/24.jpg,2,40,112,112,77,39,114,168,90,ok
train/2-40/27.jpg,2,40,112,112,92,66,128,168,90,ok
train/2-40/28.jpg,2,40,112,112,47,156,170,108,0,ok
train/2-40/29.jpg,2,40,112,112,159,205,109,55,270,ok
train/2-40/3.jpg,2,40,112,112,29,152,168,109,0,ok
train/2-40/30.jpg,2,40,112,112,37,161,171,107,0,ok
train/2-40/33.jpg,2,40,112,112,30,165,165,95,0,ok
train/2-40/34.jpg,2,40,112,112,59,32,113,164,90,ok
train/2-40/37.jpg,2,40,112,112,166,196,108,53,270,ok
train/2-40/38.jpg,2,40,112,112,190,73,55,127,180,ok
train/2-40/39.jpg,2,40,112,112,136,124,-1,-1,270,warn:rot_err=33.4;no_hour
train/2-40/4.jpg,2,40,112,112,165,195,108,53,270,ok
train/2-40/40.jpg,2,40,112,112,166,87,56,127,180,ok
train/2-40/41.jpg,2,40,112,112,206,95,-1,-1,180,ok;no_hour
train/2-40/42.jpg,2,40,112,112,151,169,108,53,270,ok
train/2-40/43.jpg,2,40,112,112,56,125,-1,-1,0,ok;no_hour
train/2-40/44.jpg,2,40,112,112,22,168,168,95,0,ok
train/2-40/45.jpg,2,40,112,112,38,160,170,108,0,ok
train/2-40/46.jpg,2,40,112,112,71,30,127,169,90,ok
train/2-40/47.jpg,2,40,112,112,25,168,165,95,0,ok
train/2-40/49.jpg,2,40,112,112,80,44,127,168,90,ok
train/2-40/51.jpg,2,40,112,112,161,188,108,53,270,ok
train/2-40/52.jpg,2,40,112,112,70,25,127,169,90,ok
train/2-40/53.jpg,2,40,112,112,142,176,108,53,270,ok
train/2-40/54.jpg,2,40,112,112,154,191,-1,-1,270,ok;no_hour
train/2-40/55.jpg,2,40,112,112,-1,-1,-1,-1,-1,fail:no_candidates
train/2-40/56.jpg,2,40,112,112,199,55,54,127,180,ok
train/2-40/57.jpg,2,40,112,112,54,138,147,112,0,ok
train/2-40/59.jpg,2,40,112,112,81,122,-1,-1,0,ok;no_hour
train/2-40/6.jpg,2,40,112,112,-1,-1,-1,-1,-1,fail:no_candidates
train/2-40/60.jpg,2,40,112,112,155,199,108,53,270,ok
train/2-40/61.jpg,2,40,112,112,163,189,95,58,270,ok
train/2-40/62.jpg,2,40,112,112,185,76,56,127,180,ok
train/2-40/63.jpg,2,40,112,112,72,31,127,165,90,ok
train/2-40/64.jpg,2,40,112,112,22,168,170,108,0,ok
train/2-40/66.jpg,2,40,112,112,37,161,171,107,0,ok
train/2-40/67.jpg,2,40,112,112,25,168,170,108,0,ok
train/2-40/68.jpg,2,40,112,112,154,198,-1,-1,270,ok;no_hour
train/2-40/69.jpg,2,40,112,112,61,147,169,108,0,ok
train/2-40/7.jpg,2,40,112,112,35,161,170,108,0,ok
train/2-40/70.jpg,2,40,112,112,37,161,-1,-1,0,ok;no_hour
train/2-40/71.jpg,2,40,112,112,-1,-1,-1,-1,-1,fail:no_candidates
train/2-40/73.jpg,2,40,112,112,60,148,170,108,0,ok
train/2-40/74.jpg,2,40,112,112,51,139,171,108,0,ok
train/2-40/75.jpg,2,40,112,112,34,162,170,108,0,ok
train/2-40/77.jpg,2,40,112,112,128,168,-1,-1,270,ok;no_hour
train/2-40/79.jpg,2,40,112,112,135,165,109,56,270,ok
train/2-40/8.jpg,2,40,112,112,29,166,171,107,0,ok
train/2-40/81.jpg,2,40,112,112,-1,-1,-1,-1,-1,fail:no_candidates
train/2-40/82.jpg,2,40,112,112,194,58,54,127,180,ok
train/2-40/83.jpg,2,40,112,112,48,140,171,108,0,ok
train/2-40/84.jpg,2,40,112,112,81,47,127,164,90,ok
train/2-40/86.jpg,2,40,112,112,42,158,170,108,0,ok
train/2-40/87.jpg,2,40,112,112,158,179,108,53,270,ok
train/2-40/88.jpg,2,40,112,112,153,196,108,54,270,ok
train/2-40/89.jpg,2,40,112,112,54,151,169,108,0,ok
train/2-40/9.jpg,2,40,112,112,52,152,171,107,0,ok
train/2-40/90.jpg,2,40,112,112,-1,-1,-1,-1,-1,fail:no_candidates
train/2-40/92.jpg,2,40,112,112,17,158,171,107,0,ok
train/2-40/94.jpg,2,40,112,112,63,35,126,168,90,ok
train/2-40/95.jpg,2,40,112,112,36,161,170,108,0,ok
train/2-40/96.jpg,2,40,112,112,93,69,127,162,90,ok
train/2-40/97.jpg,2,40,112,112,35,162,170,108,0,ok
train/2-40/98.jpg,2,40,112,112,153,197,107,52,270,ok
train/2-40/99.jpg,2,40,112,112,172,83,57,128,180,ok
train/2-45/0.jpg,2,45,112,112,170,110,65,117,180,ok
train/2-45/1.jpg,2,45,112,112,112,59,118,152,90,ok
train/2-45/11.jpg,2,45,112,112,10,117,-1,-1,0,ok;no_hour
train/2-45/12.jpg,2,45,112,112,170,110,66,117,180,ok
train/2-45/13.jpg,2,45,112,112,55,125,130,105,0,ok
train/2-45/14.jpg,2,45,112,112,48,113,-1,-1,0,ok;no_hour
train/2-45/15.jpg,2,45,112,112,155,105,55,125,180,ok
train/2-45/17.jpg,2,45,112,112,32,116,171,109,0,ok
train/2-45/19.jpg,2,45,112,112,165,111,67,117,180,ok
train/2-45/20.jpg,2,45,112,112,110,53,117,157,90,ok
train/2-45/22.jpg,2,45,112,112,114,77,-1,-1,90,ok;no_hour
train/2-45/23.jpg,2,45,112,112,47,105,-1,-1,0,ok;no_hour
train/2-45/24.jpg,2,45,112,112,170,110,66,117,180,ok
train/2-45/25.jpg,2,45,112,112,-1,-1,-1,-1,-1,fail:no_candidates
train/2-45/26.jpg,2,45,112,112,30,105,166,97,0,ok
train/2-45/27.jpg,2,45,112,112,79,105,-1,-1,0,ok;no_hour
train/2-45/28.jpg,2,45,112,112,39,116,171,109,0,ok
train/2-45/30.jpg,2,45,112,112,109,52,117,156,90,ok
train/2-45/31.jpg,2,45,112,112,113,170,105,68,270,ok
train/2-45/32.jpg,2,45,112,112,171,109,24,103,180,ok
train/2-45/33.jpg,2,45,112,112,58,111,152,104,0,ok
train/2-45/34.jpg,2,45,112,112,106,11,125,165,90,ok
train/2-45/35.jpg,2,45,112,112,58,105,132,98,0,ok
train/2-45/36.jpg,2,45,112,112,-1,-1,-1,-1,-1,fail:no_candidates
train/2-45/37.jpg,2,45,112,112,171,109,71,117,180,ok
train/2-45/38.jpg,2,45,112,112,23,105,-1,-1,0,ok;no_hour
train/2-45/39.jpg,2,45,112,112,124,87,-1,-1,90,warn:rot_err=25.6;no_hour
train/2-45/4.jpg,2,45,112,112,109,52,117,157,90,ok
train/2-45/40.jpg,2,45,112,112,169,110,-1,-1,180,ok;no_hour
train/2-45/41.jpg,2,45,112,112,208,114,7,126,180,ok
train/2-45/42.jpg,2,45,112,112,170,110,41,116,180,ok
train/2-45/43.jpg,2,45,112,112,123,164,-1,-1,270,ok;no_hour
train/2-45/44.jpg,2,45,112,112,167,111,10,116,180,ok
train/2-45/45.jpg,2,45,112,112,170,110,66,117,180,ok
train/2-45/46.jpg,2,45,112,112,171,109,34,105,180,ok
train/2-45/48.jpg,2,45,112,112,56,111,154,104,0,ok
train/2-45/5.jpg,2,45,112,112,147,117,-1,-1,180,ok;no_hour
train/2-45/50.jpg,2,45,112,112,168,111,68,118,180,ok
train/2-45/51.jpg,2,45,112,112,20,116,170,110,0,ok
train/2-45/52.jpg,2,45,112,112,171,109,22,105,180,ok
train/2-45/53.jpg,2,45,112,112,110,53,-1,-1,90,ok;no_hour
train/2-45/54.jpg,2,45,112,112,76,145,-1,-1,0,warn:rot_err=42.5;no_hour
train/2-45/55.jpg,2,45,112,112,21,113,169,106,0,ok
train/2-45/57.jpg,2,45,112,112,146,114,-1,-1,180,ok;no_hour
train/2-45/58.jpg,2,45,112,112,17,115,168,98,0,ok
train/2-45/59.jpg,2,45,112,112,116,81,-1,-1,90,ok;no_hour
train/2-45/6.jpg,2,45,112,112,-1,-1,-1,-1,-1,fail:no_candidates
train/2-45/60.jpg,2,45,112,112,174,117,59,125,180,ok
train/2-45/61.jpg,2,45,112,112,12,116,167,97,0,ok
train/2-45/64.jpg,2,45,112,112,205,117,54,125,180,ok
train/2-45/66.jpg,2,45,112,112,107,14,125,167,90,ok
train/2-45/67.jpg,2,45,112,112,78,108,-1,-1,0,ok;no_hour
train/2-45/7.jpg,2,45,112,112,170,110,-1,-1,180,ok;no_hour
train/2-45/71.jpg,2,45,112,112,40,116,165,97,0,ok
train/2-45/73.jpg,2,45,112,112,37,115,155,105,0,ok
train/2-45/74.jpg,2,45,112,112,103,217,96,57,270,ok
train/2-45/75.jpg,2,45,112,112,106,37,125,167,90,ok
train/2-45/76.jpg,2,45,112,112,54,113,202,106,0,ok
train/2-45/77.jpg,2,45,112,112,142,117,59,126,180,ok
train/2-45/8.jpg,2,45,112,112,110,53,117,158,90,ok
train/2-45/80.jpg,2,45,112,112,68,118,164,97,0,ok
train/2-45/81.jpg,2,45,112,112,107,43,124,168,90,ok
train/2-45/82.jpg,2,45,112,112,170,110,78,117,180,ok
train/2-45/83.jpg,2,45,112,112,112,169,104,77,270,ok
train/2-45/84.jpg,2,45,112,112,58,111,152,104,0,ok
train/2-45/85.jpg,2,45,112,112,170,110,82,106,180,ok
train/2-45/86.jpg,2,45,112,112,155,105,54,125,180,ok
train/2-45/88.jpg,2,45,112,112,9,104,-1,-1,0,ok;no_hour
train/2-45/89.jpg,2,45,112,112,179,106,58,125,180,ok
train/2-45/9.jpg,2,45,112,112,116,186,109,52,270,ok
train/2-45/90.jpg,2,45,112,112,-1,-1,-1,-1,-1,fail:no_candidates
train/2-45/91.jpg,2,45,112,112,65,105,166,97,0,ok
train/2-45/92.jpg,2,45,112,112,66,117,167,97,0,ok
train/2-45/93.jpg,2,45,112,112,170,110,33,105,180,ok
train/2-45/94.jpg,2,45,112,112,-1,-1,-1,-1,-1,fail:no_candidates
train/2-45/95.jpg,2,45,112,112,117,23,125,165,90,ok
train/2-45/96.jpg,2,45,112,112,58,111,138,104,0,ok
train/2-45/97.jpg,2,45,112,112,125,169,-1,-1,270,ok;no_hour
train/2-45/98.jpg,2,45,112,112,155,105,58,125,180,ok
train/2-45/99.jpg,2,45,112,112,170,110,93,118,180,ok
train/2-50/0.jpg,2,50,112,112,30,71,167,100,0,ok
train/2-50/10.jpg,2,50,112,112,197,154,-1,-1,180,ok;no_hour
train/2-50/12.jpg,2,50,112,112,170,138,-1,-1,180,ok;no_hour
train/2-50/13.jpg,2,50,112,112,30,71,167,100,0,ok
train/2-50/14.jpg,2,50,112,112,152,127,38,111,180,ok
train/2-50/17.jpg,2,50,112,112,45,67,167,100,0,ok
train/2-50/18.jpg,2,50,112,112,91,159,113,51,270,ok
train/2-50/19.jpg,2,50,112,112,18,64,168,113,0,ok
train/2-50/2.jpg,2,50,112,112,160,38,122,169,90,ok
train/2-50/20.jpg,2,50,112,112,37,62,167,100,0,ok
train/2-50/21.jpg,2,50,112,112,18,65,167,114,0,ok
train/2-50/22.jpg,2,50,112,112,33,73,-1,-1,0,ok;no_hour
train/2-50/23.jpg,2,50,112,112,160,39,-1,-1,90,ok;no_hour
train/2-50/24.jpg,2,50,112,112,25,55,167,100,0,ok
train/2-50/25.jpg,2,50,112,112,-1,-1,-1,-1,-1,fail:no_candidates
train/2-50/26.jpg,2,50,112,112,41,77,169,101,0,ok
train/2-50/27.jpg,2,50,112,112,35,60,-1,-1,0,ok;no_hour
train/2-50/28.jpg,2,50,112,112,193,152,54,122,180,ok
train/2-50/29.jpg,2,50,112,112,169,23,110,176,90,ok
train/2-50/3.jpg,2,50,112,112,30,72,167,114,0,ok
train/2-50/30.jpg,2,50,112,112,34,74,169,101,0,ok
train/2-50/31.jpg,2,50,112,112,78,182,113,54,270,ok
train/2-50/33.jpg,2,50,112,112,70,194,113,53,270,ok
train/2-50/34.jpg,2,50,112,112,22,67,167,100,0,ok
train/2-50/35.jpg,2,50,112,112,154,138,-1,-1,180,ok;no_hour
train/2-50/36.jpg,2,50,112,112,-1,-1,-1,-1,-1,fail:no_candidates
train/2-50/37.jpg,2,50,112,112,29,57,167,100,0,ok
train/2-50/38.jpg,2,50,112,112,188,161,54,110,180,ok
train/2-50/39.jpg,2,50,112,112,-1,-1,-1,-1,-1,fail:no_candidates
train/2-50/4.jpg,2,50,112,112,26,56,-1,-1,0,ok;no_hour
train/2-50/40.jpg,2,50,112,112,160,38,122,169,90,ok
train/2-50/41.jpg,2,50,112,112,161,37,127,201,90,ok
train/2-50/42.jpg,2,50,112,112,37,76,163,114,0,ok
train/2-50/43.jpg,2,50,112,112,42,79,-1,-1,0,ok;no_hour
train/2-50/44.jpg,2,50,112,112,169,24,123,166,90,ok
train/2-50/45.jpg,2,50,112,112,33,73,167,100,0,ok
train/2-50/46.jpg,2,50,112,112,193,152,-1,-1,180,ok;no_hour
train/2-50/48.jpg,2,50,112,112,147,61,125,191,90,ok
train/2-50/49.jpg,2,50,112,112,160,39,122,169,90,ok
train/2-50/50.jpg,2,50,112,112,32,73,167,114,0,ok
train/2-50/51.jpg,2,50,112,112,73,190,113,54,270,ok
train/2-50/52.jpg,2,50,112,112,36,62,-1,-1,0,ok;no_hour
train/2-50/54.jpg,2,50,112,112,158,37,-1,-1,90,ok;no_hour
train/2-50/55.jpg,2,50,112,112,-1,-1,-1,-1,-1,fail:no_candidates
train/2-50/56.jpg,2,50,112,112,22,67,167,100,0,ok
train/2-50/57.jpg,2,50,112,112,169,137,52,109,180,ok
train/2-50/59.jpg,2,50,112,112,141,122,-1,-1,180,ok;no_hour
train/2-50/6.jpg,2,50,112,112,-1,-1,-1,-1,-1,fail:no_candidates
train/2-50/60.jpg,2,50,112,112,26,56,167,100,0,ok
train/2-50/61.jpg,2,50,112,112,161,37,122,169,90,ok
train/2-50/62.jpg,2,50,112,112,70,195,113,54,270,ok
train/2-50/63.jpg,2,50,112,112,192,151,73,107,180,ok
train/2-50/64.jpg,2,50,112,112,31,72,167,100,0,ok
train/2-50/65.jpg,2,50,112,112,165,149,-1,-1,180,ok;no_hour
train/2-50/66.jpg,2,50,112,112,43,79,167,100,0,ok
train/2-50/67.jpg,2,50,112,112,54,201,100,56,270,ok
train/2-50/68.jpg,2,50,112,112,165,30,-1,-1,90,ok;no_hour
train/2-50/69.jpg,2,50,112,112,49,83,169,101,0,ok
train/2-50/7.jpg,2,50,112,112,31,72,169,113,0,ok
train/2-50/70.jpg,2,50,112,112,58,194,-1,-1,270,ok;no_hour
train/2-50/72.jpg,2,50,112,112,24,56,150,102,0,ok
train/2-50/73.jpg,2,50,112,112,160,39,122,169,90,ok
train/2-50/75.jpg,2,50,112,112,160,38,122,169,90,ok
train/2-50/76.jpg,2,50,112,112,72,191,113,55,270,ok
train/2-50/77.jpg,2,50,112,112,189,162,61,123,180,ok
train/2-50/8.jpg,2,50,112,112,33,60,171,112,0,ok
train/2-50/80.jpg,2,50,112,112,24,54,167,114,0,ok
train/2-50/81.jpg,2,50,112,112,34,60,168,101,0,ok
train/2-50/82.jpg,2,50,112,112,26,56,167,100,0,ok
train/2-50/84.jpg,2,50,112,112,35,61,166,114,0,ok
train/2-50/85.jpg,2,50,112,112,161,36,122,169,90,ok
train/2-50/86.jpg,2,50,112,112,27,70,167,100,0,ok
train/2-50/88.jpg,2,50,112,112,57,87,167,100,0,ok
train/2-50/89.jpg,2,50,112,112,54,201,113,54,270,ok
train/2-50/9.jpg,2,50,112,112,180,159,-1,-1,180,ok;no_hour
train/2-50/91.jpg,2,50,112,112,31,72,167,114,0,ok
train/2-50/92.jpg,2,50,112,112,30,70,167,100,0,ok
train/2-50/93.jpg,2,50,112,112,32,59,167,100,0,ok
train/2-50/95.jpg,2,50,112,112,22,67,167,100,0,ok
train/2-50/97.jpg,2,50,112,112,66,201,113,53,270,ok
train/2-55/0.jpg,2,55,112,112,24,168,115,53,270,ok
train/2-55/1.jpg,2,55,112,112,44,142,101,52,270,ok
train/2-55/10.jpg,2,55,112,112,36,161,115,54,270,ok
train/2-55/11.jpg,2,55,112,112,-1,-1,-1,-1,-1,fail:no_candidates
train/2-55/12.jpg,2,55,112,112,161,187,-1,-1,180,ok;no_hour
train/2-55/13.jpg,2,55,112,112,159,182,54,120,180,ok
train/2-55/15.jpg,2,55,112,112,195,70,120,169,90,ok
train/2-55/16.jpg,2,55,112,112,188,74,120,169,90,ok
train/2-55/17.jpg,2,55,112,112,183,77,120,169,90,ok
train/2-55/2.jpg,2,55,112,112,56,26,150,116,0,ok
train/2-55/20.jpg,2,55,112,112,192,71,120,169,90,ok
train/2-55/21.jpg,2,55,112,112,69,49,165,101,0,ok
train/2-55/22.jpg,2,55,112,112,65,39,-1,-1,0,ok;no_hour
train/2-55/23.jpg,2,55,112,112,63,39,-1,-1,0,ok;no_hour
train/2-55/24.jpg,2,55,112,112,198,68,120,169,90,ok
train/2-55/26.jpg,2,55,112,112,61,34,171,114,0,ok
train/2-55/27.jpg,2,55,112,112,74,31,169,102,0,ok
train/2-55/29.jpg,2,55,112,112,168,201,58,106,180,ok
train/2-55/3.jpg,2,55,112,112,36,161,-1,-1,270,ok;no_hour
train/2-55/30.jpg,2,55,112,112,61,34,171,114,0,ok
train/2-55/31.jpg,2,55,112,112,78,42,169,115,0,ok
train/2-55/32.jpg,2,55,112,112,71,53,149,116,0,ok
train/2-55/33.jpg,2,55,112,112,71,29,164,101,0,ok
train/2-55/35.jpg,2,55,112,112,124,175,45,85,180,ok
train/2-55/36.jpg,2,55,112,112,55,23,170,114,0,ok
train/2-55/38.jpg,2,55,112,112,31,152,116,65,270,ok
train/2-55/39.jpg,2,55,112,112,-1,-1,-1,-1,-1,fail:no_candidates
train/2-55/4.jpg,2,55,112,112,161,187,56,107,180,ok
train/2-55/40.jpg,2,55,112,112,70,52,167,102,0,ok
train/2-55/41.jpg,2,55,112,112,30,152,-1,-1,270,ok;no_hour
train/2-55/42.jpg,2,55,112,112,83,50,171,114,0,ok
train/2-55/43.jpg,2,55,112,112,158,182,76,105,180,ok
train/2-55/44.jpg,2,55,112,112,54,23,170,115,0,ok
train/2-55/45.jpg,2,55,112,112,23,169,115,54,270,ok
train/2-55/46.jpg,2,55,112,112,152,193,54,120,180,ok
train/2-55/47.jpg,2,55,112,112,161,184,57,121,180,ok
train/2-55/48.jpg,2,55,112,112,148,162,56,121,180,ok
train/2-55/49.jpg,2,55,112,112,56,28,172,114,0,ok
train/2-55/5.jpg,2,55,112,112,47,155,116,56,270,ok
train/2-55/54.jpg,2,55,112,112,-1,-1,-1,-1,-1,fail:no_candidates
train/2-55/55.jpg,2,55,112,112,161,192,57,110,180,ok
train/2-55/56.jpg,2,55,112,112,62,38,171,114,0,ok
train/2-55/57.jpg,2,55,112,112,65,17,153,103,0,ok
train/2-55/58.jpg,2,55,112,112,63,18,158,103,0,ok
train/2-55/59.jpg,2,55,112,112,91,87,-1,-1,0,ok;no_hour
train/2-55/6.jpg,2,55,112,112,-1,-1,-1,-1,-1,fail:no_candidates
train/2-55/60.jpg,2,55,112,112,68,47,171,114,0,ok
train/2-55/62.jpg,2,55,112,112,43,158,115,54,270,ok
train/2-55/63.jpg,2,55,112,112,61,35,170,115,0,ok
train/2-55/66.jpg,2,55,112,112,81,47,169,115,0,ok
train/2-55/67.jpg,2,55,112,112,36,161,115,54,270,ok
train/2-55/68.jpg,2,55,112,112,155,198,14,119,180,ok
train/2-55/69.jpg,2,55,112,112,153,171,55,120,180,ok
train/2-55/7.jpg,2,55,112,112,56,150,115,54,270,ok
train/2-55/70.jpg,2,55,112,112,65,20,167,102,0,ok
train/2-55/72.jpg,2,55,112,112,205,64,120,169,90,ok
train/2-55/73.jpg,2,55,112,112,71,30,177,115,0,ok
train/2-55/75.jpg,2,55,112,112,189,61,120,169,90,ok
train/2-55/76.jpg,2,55,112,112,71,31,164,102,0,ok
train/2-55/77.jpg,2,55,112,112,80,46,177,100,0,ok
train/2-55/79.jpg,2,55,112,112,145,159,57,120,180,ok
train/2-55/8.jpg,2,55,112,112,54,23,166,102,0,ok
train/2-55/80.jpg,2,55,112,112,155,175,56,121,180,ok
train/2-55/81.jpg,2,55,112,112,-1,-1,-1,-1,-1,fail:no_candidates
train/2-55/82.jpg,2,55,112,112,190,73,120,169,90,ok
train/2-55/83.jpg,2,55,112,112,57,28,168,116,0,ok
train/2-55/84.jpg,2,55,112,112,176,81,121,166,90,ok
train/2-55/85.jpg,2,55,112,112,151,192,55,120,180,ok
train/2-55/86.jpg,2,55,112,112,196,70,120,169,90,ok
train/2-55/87.jpg,2,55,112,112,37,161,115,54,270,ok
train/2-55/88.jpg,2,55,112,112,152,172,54,120,180,ok
train/2-55/89.jpg,2,55,112,112,148,165,54,120,180,ok
train/2-55/9.jpg,2,55,112,112,160,183,54,108,180,ok
train/2-55/90.jpg,2,55,112,112,-1,-1,-1,-1,-1,fail:no_candidates
train/2-55/91.jpg,2,55,112,112,133,162,76,120,180,ok
train/2-55/92.jpg,2,55,112,112,194,70,120,169,90,ok
train/2-55/93.jpg,2,55,112,112,69,26,150,116,0,ok
train/2-55/95.jpg,2,55,112,112,54,23,171,114,0,ok
train/2-55/98.jpg,2,55,112,112,52,152,115,54,270,ok
train/2-55/99.jpg,2,55,112,112,174,82,121,167,90,ok
train/3-00/0.jpg,3,0,112,112,195,117,117,170,90,ok
train/3-00/1.jpg,3,0,112,112,64,117,104,35,270,ok
train/3-00/11.jpg,3,0,112,112,-1,-1,-1,-1,-1,fail:no_candidates
train/3-00/13.jpg,3,0,112,112,117,51,170,118,0,ok
train/3-00/15.jpg,3,0,112,112,106,43,170,118,0,ok
train/3-00/17.jpg,3,0,112,112,106,30,170,118,0,ok
train/3-00/18.jpg,3,0,112,112,172,118,-1,-1,90,ok;no_hour
train/3-00/19.jpg,3,0,112,112,116,217,54,117,180,ok
train/3-00/20.jpg,3,0,112,112,116,195,53,117,180,ok
train/3-00/21.jpg,3,0,112,112,105,36,168,119,0,ok
train/3-00/22.jpg,3,0,112,112,106,22,171,118,0,ok
train/3-00/24.jpg,3,0,112,112,106,33,170,118,0,ok
train/3-00/25.jpg,3,0,112,112,-1,-1,-1,-1,-1,fail:no_candidates
train/3-00/27.jpg,3,0,112,112,23,119,-1,-1,270,ok;no_hour
train/3-00/29.jpg,3,0,112,112,-1,-1,-1,-1,-1,fail:no_candidates
train/3-00/3.jpg,3,0,112,112,171,119,-1,-1,90,ok;no_hour
train/3-00/30.jpg,3,0,112,112,117,20,169,118,0,ok
train/3-00/31.jpg,3,0,112,112,46,116,118,53,270,ok
train/3-00/32.jpg,3,0,112,112,46,116,118,53,270,ok
train/3-00/33.jpg,3,0,112,112,187,105,118,167,90,ok
train/3-00/34.jpg,3,0,112,112,106,23,170,118,0,ok
train/3-00/35.jpg,3,0,112,112,46,125,-1,-1,270,ok;no_hour
train/3-00/36.jpg,3,0,112,112,-1,-1,-1,-1,-1,fail:no_candidates
train/3-00/37.jpg,3,0,112,112,174,117,117,170,90,ok
train/3-00/38.jpg,3,0,112,112,116,202,54,117,180,ok
train/3-00/39.jpg,3,0,112,112,-1,-1,-1,-1,-1,fail:no_candidates
train/3-00/4.jpg,3,0,112,112,106,30,170,118,0,ok
train/3-00/40.jpg,3,0,112,112,116,168,50,104,180,ok
train/3-00/41.jpg,3,0,112,112,118,47,-1,-1,0,ok;no_hour
train/3-00/42.jpg,3,0,112,112,106,16,170,118,0,ok
train/3-00/43.jpg,3,0,112,112,119,54,-1,-1,0,ok;no_hour
train/3-00/45.jpg,3,0,112,112,116,197,53,117,180,ok
train/3-00/47.jpg,3,0,112,112,27,117,119,56,270,ok
train/3-00/48.jpg,3,0,112,112,117,172,54,118,180,ok
train/3-00/49.jpg,3,0,112,112,55,116,118,51,270,ok
train/3-00/50.jpg,3,0,112,112,54,117,119,55,270,ok
train/3-00/51.jpg,3,0,112,112,117,20,170,118,0,ok
train/3-00/52.jpg,3,0,112,112,46,116,118,53,270,ok
train/3-00/53.jpg,3,0,112,112,104,169,-1,-1,180,ok;no_hour
train/3-00/54.jpg,3,0,112,112,-1,-1,-1,-1,-1,fail:no_candidates
train/3-00/55.jpg,3,0,112,112,108,23,168,116,0,ok
train/3-00/56.jpg,3,0,112,112,193,106,117,170,90,ok
train/3-00/59.jpg,3,0,112,112,143,106,104,143,90,ok
train/3-00/60.jpg,3,0,112,112,117,36,170,118,0,ok
train/3-00/61.jpg,3,0,112,112,106,33,170,118,0,ok
train/3-00/62.jpg,3,0,112,112,116,190,53,117,180,ok
train/3-00/63.jpg,3,0,112,112,190,117,118,167,90,ok
train/3-00/64.jpg,3,0,112,112,106,23,170,118,0,ok
train/3-00/66.jpg,3,0,112,112,47,116,118,53,270,ok
train/3-00/68.jpg,3,0,112,112,195,117,117,176,90,ok
train/3-00/69.jpg,3,0,112,112,117,45,170,118,0,ok
train/3-00/7.jpg,3,0,112,112,106,47,170,118,0,ok
train/3-00/71.jpg,3,0,112,112,-1,-1,-1,-1,-1,fail:no_candidates
train/3-00/72.jpg,3,0,112,112,217,117,117,170,90,ok
train/3-00/73.jpg,3,0,112,112,175,118,-1,-1,90,ok;no_hour
train/3-00/74.jpg,3,0,112,112,105,48,169,119,0,ok
train/3-00/75.jpg,3,0,112,112,116,203,53,117,180,ok
train/3-00/76.jpg,3,0,112,112,116,191,54,117,180,ok
train/3-00/78.jpg,3,0,112,112,117,21,169,118,0,ok
train/3-00/79.jpg,3,0,112,112,164,118,-1,-1,90,ok;no_hour
train/3-00/80.jpg,3,0,112,112,35,117,119,55,270,ok
train/3-00/81.jpg,3,0,112,112,-1,-1,-1,-1,-1,fail:no_candidates
train/3-00/82.jpg,3,0,112,112,32,116,118,53,270,ok
train/3-00/83.jpg,3,0,112,112,105,11,169,119,0,ok
train/3-00/84.jpg,3,0,112,112,117,177,56,118,180,ok
train/3-00/85.jpg,3,0,112,112,187,118,-1,-1,90,ok;no_hour
train/3-00/86.jpg,3,0,112,112,106,31,170,118,0,ok
train/3-00/87.jpg,3,0,112,112,116,188,53,117,180,ok
train/3-00/88.jpg,3,0,112,112,106,43,170,118,0,ok
train/3-00/89.jpg,3,0,112,112,106,47,170,118,0,ok
train/3-00/9.jpg,3,0,112,112,116,178,53,117,180,ok
train/3-00/90.jpg,3,0,112,112,-1,-1,-1,-1,-1,fail:no_candidates
train/3-00/91.jpg,3,0,112,112,105,52,168,119,0,ok
train/3-00/92.jpg,3,0,112,112,117,17,170,118,0,ok
train/3-00/93.jpg,3,0,112,112,188,117,117,170,90,ok
train/3-00/95.jpg,3,0,112,112,106,25,170,118,0,ok
train/3-00/96.jpg,3,0,112,112,117,177,56,118,180,ok
train/3-00/97.jpg,3,0,112,112,116,204,53,117,180,ok
train/3-00/98.jpg,3,0,112,112,106,44,170,118,0,ok
train/3-00/99.jpg,3,0,112,112,105,42,168,119,0,ok
train/3-05/0.jpg,3,5,112,112,204,158,102,167,90,ok
train/3-05/1.jpg,3,5,112,112,44,80,-1,-1,270,ok;no_hour
train/3-05/10.jpg,3,5,112,112,155,23,169,120,0,ok
train/3-05/12.jpg,3,5,112,112,193,152,102,167,90,ok
train/3-05/13.jpg,3,5,112,112,152,30,169,120,0,ok
train/3-05/14.jpg,3,5,112,112,171,121,-1,-1,90,ok;no_hour
train/3-05/15.jpg,3,5,112,112,151,32,169,120,0,ok
train/3-05/16.jpg,3,5,112,112,120,54,-1,-1,0,ok;no_hour
train/3-05/17.jpg,3,5,112,112,152,31,169,120,0,ok
train/3-05/18.jpg,3,5,112,112,153,29,201,108,0,ok
train/3-05/19.jpg,3,5,112,112,28,69,120,55,270,ok
train/3-05/2.jpg,3,5,112,112,152,31,169,120,0,ok
train/3-05/21.jpg,3,5,112,112,154,27,167,121,0,ok
train/3-05/22.jpg,3,5,112,112,148,112,-1,-1,90,warn:rot_err=30.0;no_hour
train/3-05/23.jpg,3,5,112,112,164,33,-1,-1,0,ok;no_hour
train/3-05/25.jpg,3,5,112,112,70,193,69,115,180,ok
train/3-05/26.jpg,3,5,112,112,160,36,-1,-1,0,ok;no_hour
train/3-05/27.jpg,3,5,112,112,27,70,122,22,270,ok
train/3-05/28.jpg,3,5,112,112,152,29,170,120,0,ok
train/3-05/29.jpg,3,5,112,112,-1,-1,-1,-1,-1,fail:no_candidates
train/3-05/31.jpg,3,5,112,112,148,35,169,120,0,ok
train/3-05/32.jpg,3,5,112,112,17,65,-1,-1,270,ok;no_hour
train/3-05/33.jpg,3,5,112,112,152,28,166,121,0,ok
train/3-05/34.jpg,3,5,112,112,32,72,119,79,270,ok
train/3-05/35.jpg,3,5,112,112,67,185,-1,-1,180,ok;no_hour
train/3-05/36.jpg,3,5,112,112,159,19,169,119,0,ok
train/3-05/4.jpg,3,5,112,112,67,200,-1,-1,180,ok;no_hour
train/3-05/41.jpg,3,5,112,112,62,186,-1,-1,180,ok;no_hour
train/3-05/42.jpg,3,5,112,112,27,70,120,54,270,ok
train/3-05/43.jpg,3,5,112,112,172,109,-1,-1,90,warn:rot_err=32.9;no_hour
train/3-05/44.jpg,3,5,112,112,157,20,166,121,0,ok
train/3-05/45.jpg,3,5,112,112,72,191,-1,-1,180,ok;no_hour
train/3-05/46.jpg,3,5,112,112,150,32,169,120,0,ok
train/3-05/48.jpg,3,5,112,112,192,151,101,166,90,ok
train/3-05/49.jpg,3,5,112,112,152,31,135,119,0,ok
train/3-05/5.jpg,3,5,112,112,152,30,167,121,0,ok
train/3-05/52.jpg,3,5,112,112,71,193,56,102,180,ok
train/3-05/53.jpg,3,5,112,112,160,18,-1,-1,0,ok;no_hour
train/3-05/55.jpg,3,5,112,112,64,87,117,55,270,ok
train/3-05/56.jpg,3,5,112,112,156,24,169,120,0,ok
train/3-05/57.jpg,3,5,112,112,124,78,172,120,0,ok
train/3-05/58.jpg,3,5,112,112,-1,-1,-1,-1,-1,fail:no_candidates
train/3-05/6.jpg,3,5,112,112,-1,-1,-1,-1,-1,fail:no_candidates
train/3-05/61.jpg,3,5,112,112,193,152,-1,-1,90,ok;no_hour
train/3-05/62.jpg,3,5,112,112,69,198,56,102,180,ok
train/3-05/63.jpg,3,5,112,112,150,32,167,121,0,ok
train/3-05/64.jpg,3,5,112,112,73,190,-1,-1,180,ok;no_hour
train/3-05/65.jpg,3,5,112,112,109,178,-1,-1,180,warn:rot_err=27.4;no_hour
train/3-05/66.jpg,3,5,112,112,158,21,169,120,0,ok
train/3-05/67.jpg,3,5,112,112,152,30,164,121,0,ok
train/3-05/68.jpg,3,5,112,112,69,197,-1,-1,180,ok;no_hour
train/3-05/69.jpg,3,5,112,112,159,17,166,107,0,ok
train/3-05/7.jpg,3,5,112,112,193,152,103,144,90,ok
train/3-05/70.jpg,3,5,112,112,191,151,115,169,90,ok
train/3-05/71.jpg,3,5,112,112,151,32,169,120,0,ok
train/3-05/72.jpg,3,5,112,112,152,31,169,120,0,ok
train/3-05/73.jpg,3,5,112,112,70,193,56,102,180,ok
train/3-05/74.jpg,3,5,112,112,71,193,58,101,180,ok
train/3-05/75.jpg,3,5,112,112,193,152,102,167,90,ok
train/3-05/76.jpg,3,5,112,112,160,37,168,120,0,ok
train/3-05/77.jpg,3,5,112,112,70,194,-1,-1,180,ok;no_hour
train/3-05/78.jpg,3,5,112,112,193,152,102,166,90,ok
train/3-05/79.jpg,3,5,112,112,135,59,150,119,0,ok
train/3-05/8.jpg,3,5,112,112,157,21,-1,-1,0,ok;no_hour
train/3-05/81.jpg,3,5,112,112,-1,-1,-1,-1,-1,fail:no_candidates
train/3-05/82.jpg,3,5,112,112,156,22,169,120,0,ok
train/3-05/83.jpg,3,5,112,112,193,152,101,166,90,ok
train/3-05/84.jpg,3,5,112,112,152,30,166,121,0,ok
train/3-05/87.jpg,3,5,112,112,23,67,120,54,270,ok
train/3-05/88.jpg,3,5,112,112,171,152,102,167,90,ok
train/3-05/89.jpg,3,5,112,112,154,27,151,119,0,ok
train/3-05/9.jpg,3,5,112,112,185,147,102,166,90,ok
train/3-05/90.jpg,3,5,112,112,153,31,-1,-1,0,ok;no_hour
train/3-05/91.jpg,3,5,112,112,152,30,167,121,0,ok
train/3-05/93.jpg,3,5,112,112,151,32,169,120,0,ok
train/3-05/94.jpg,3,5,112,112,70,192,59,102,180,ok
train/3-05/95.jpg,3,5,112,112,157,20,169,120,0,ok
train/3-05/96.jpg,3,5,112,112,193,152,-1,-1,90,ok;no_hour
train/3-05/97.jpg,3,5,112,112,154,24,169,120,0,ok
train/3-05/98.jpg,3,5,112,112,157,20,169,120,0,ok
train/3-10/1.jpg,3,10,112,112,173,69,167,123,0,ok
train/3-10/10.jpg,3,10,112,112,194,58,169,122,0,ok
train/3-10/11.jpg,3,10,112,112,-1,-1,-1,-1,-1,fail:no_candidates
train/3-10/12.jpg,3,10,112,112,36,162,56,100,180,ok
train/3-10/14.jpg,3,10,112,112,42,98,-1,-1,180,warn:rot_err=41.3;no_hour
train/3-10/15.jpg,3,10,112,112,193,58,169,122,0,ok
train/3-10/16.jpg,3,10,112,112,42,158,56,100,180,ok
train/3-10/17.jpg,3,10,112,112,38,160,56,100,180,ok
train/3-10/18.jpg,3,10,112,112,161,187,-1,-1,90,ok;no_hour
train/3-10/19.jpg,3,10,112,112,33,163,57,100,180,ok
train/3-10/2.jpg,3,10,112,112,195,57,169,122,0,ok
train/3-10/20.jpg,3,10,112,112,162,190,100,166,90,ok
train/3-10/21.jpg,3,10,112,112,181,65,167,123,0,ok
train/3-10/23.jpg,3,10,112,112,62,36,85,54,270,ok
train/3-10/24.jpg,3,10,112,112,182,65,169,122,0,ok
train/3-10/25.jpg,3,10,112,112,189,61,167,122,0,ok
train/3-10/27.jpg,3,10,112,112,189,59,168,123,0,ok
train/3-10/29.jpg,3,10,112,112,190,60,165,123,0,ok
train/3-10/3.jpg,3,10,112,112,170,85,170,123,0,ok
train/3-10/31.jpg,3,10,112,112,158,181,100,167,90,ok
train/3-10/32.jpg,3,10,112,112,174,69,169,122,0,ok
train/3-10/33.jpg,3,10,112,112,42,158,58,100,180,ok
train/3-10/34.jpg,3,10,112,112,189,61,169,122,0,ok
train/3-10/35.jpg,3,10,112,112,173,99,-1,-1,0,ok;no_hour
train/3-10/37.jpg,3,10,112,112,154,175,100,167,90,ok
train/3-10/38.jpg,3,10,112,112,183,64,168,122,0,ok
train/3-10/39.jpg,3,10,112,112,-1,-1,-1,-1,-1,fail:no_candidates
train/3-10/4.jpg,3,10,112,112,165,195,100,167,90,ok
train/3-10/40.jpg,3,10,112,112,161,188,-1,-1,90,ok;no_hour
train/3-10/41.jpg,3,10,112,112,193,71,-1,-1,0,ok;no_hour
train/3-10/42.jpg,3,10,112,112,189,60,169,122,0,ok
train/3-10/43.jpg,3,10,112,112,-1,-1,-1,-1,-1,fail:no_candidates
train/3-10/44.jpg,3,10,112,112,194,58,166,123,0,ok
train/3-10/45.jpg,3,10,112,112,122,59,-1,-1,270,warn:rot_err=40.7;no_hour
train/3-10/46.jpg,3,10,112,112,189,61,169,122,0,ok
train/3-10/47.jpg,3,10,112,112,199,55,166,123,0,ok
train/3-10/48.jpg,3,10,112,112,186,61,184,125,0,ok
train/3-10/49.jpg,3,10,112,112,189,61,169,122,0,ok
train/3-10/5.jpg,3,10,112,112,155,176,-1,-1,90,ok;no_hour
train/3-10/51.jpg,3,10,112,112,161,188,100,166,90,ok
train/3-10/56.jpg,3,10,112,112,167,198,100,167,90,ok
train/3-10/57.jpg,3,10,112,112,147,160,103,132,90,ok
train/3-10/58.jpg,3,10,112,112,200,54,-1,-1,0,ok;no_hour
train/3-10/59.jpg,3,10,112,112,132,136,-1,-1,90,ok;no_hour
train/3-10/60.jpg,3,10,112,112,40,159,56,100,180,ok
train/3-10/61.jpg,3,10,112,112,54,24,122,53,270,ok
train/3-10/63.jpg,3,10,112,112,189,61,167,123,0,ok
train/3-10/65.jpg,3,10,112,112,116,175,-1,-1,90,warn:rot_err=26.4;no_hour
train/3-10/66.jpg,3,10,112,112,178,67,169,122,0,ok
train/3-10/67.jpg,3,10,112,112,199,55,164,123,0,ok
train/3-10/68.jpg,3,10,112,112,68,24,58,34,270,ok
train/3-10/69.jpg,3,10,112,112,68,48,122,56,270,ok
train/3-10/7.jpg,3,10,112,112,168,73,169,122,0,ok
train/3-10/70.jpg,3,10,112,112,185,76,187,61,0,ok
train/3-10/73.jpg,3,10,112,112,58,149,56,100,180,ok
train/3-10/74.jpg,3,10,112,112,187,61,168,123,0,ok
train/3-10/75.jpg,3,10,112,112,189,61,169,122,0,ok
train/3-10/76.jpg,3,10,112,112,37,160,57,100,180,ok
train/3-10/78.jpg,3,10,112,112,186,62,168,122,0,ok
train/3-10/79.jpg,3,10,112,112,78,65,-1,-1,270,ok;no_hour
train/3-10/8.jpg,3,10,112,112,72,140,55,100,180,ok
train/3-10/80.jpg,3,10,112,112,170,198,99,165,90,ok
train/3-10/81.jpg,3,10,112,112,61,32,121,45,270,ok
train/3-10/82.jpg,3,10,112,112,194,57,169,122,0,ok
train/3-10/84.jpg,3,10,112,112,153,173,100,168,90,ok
train/3-10/85.jpg,3,10,112,112,73,56,121,74,270,ok
train/3-10/86.jpg,3,10,112,112,40,159,56,100,180,ok
train/3-10/88.jpg,3,10,112,112,179,67,169,122,0,ok
train/3-10/89.jpg,3,10,112,112,172,70,169,122,0,ok
train/3-10/9.jpg,3,10,112,112,175,69,169,122,0,ok
train/3-10/90.jpg,3,10,112,112,189,62,-1,-1,0,ok;no_hour
train/3-10/91.jpg,3,10,112,112,68,47,123,56,270,ok
train/3-10/92.jpg,3,10,112,112,186,62,169,122,0,ok
train/3-10/93.jpg,3,10,112,112,189,61,168,122,0,ok
train/3-10/94.jpg,3,10,112,112,-1,-1,-1,-1,-1,fail:no_candidates
train/3-10/95.jpg,3,10,112,112,23,170,56,100,180,ok
train/3-10/96.jpg,3,10,112,112,175,69,166,123,0,ok
train/3-10/97.jpg,3,10,112,112,188,61,170,122,0,ok
train/3-10/98.jpg,3,10,112,112,178,67,169,122,0,ok
train/3-10/99.jpg,3,10,112,112,170,71,146,121,0,ok
train/3-15/0.jpg,3,15,112,112,166,125,-1,-1,0,ok;no_hour
train/3-15/10.jpg,3,15,112,112,208,106,169,125,0,ok
train/3-15/11.jpg,3,15,112,112,217,105,-1,-1,0,ok;no_hour
train/3-15/12.jpg,3,15,112,112,106,40,125,57,270,ok
train/3-15/14.jpg,3,15,112,112,168,126,-1,-1,0,ok;no_hour
train/3-15/15.jpg,3,15,112,112,202,106,169,125,0,ok
train/3-15/16.jpg,3,15,112,112,106,31,125,54,270,ok
train/3-15/17.jpg,3,15,112,112,20,116,57,97,180,ok
train/3-15/18.jpg,3,15,112,112,106,54,126,46,270,ok
train/3-15/19.jpg,3,15,112,112,106,6,125,55,270,ok
train/3-15/2.jpg,3,15,112,112,116,194,97,167,90,ok
train/3-15/20.jpg,3,15,112,112,208,106,165,125,0,ok
train/3-15/22.jpg,3,15,112,112,73,110,-1,-1,180,ok;no_hour
train/3-15/25.jpg,3,15,112,112,-1,-1,-1,-1,-1,fail:no_candidates
train/3-15/26.jpg,3,15,112,112,116,190,97,166,90,ok
train/3-15/27.jpg,3,15,112,112,64,117,56,96,180,ok
train/3-15/28.jpg,3,15,112,112,117,143,97,167,90,ok
train/3-15/29.jpg,3,15,112,112,204,105,167,126,0,ok
train/3-15/3.jpg,3,15,112,112,169,127,-1,-1,0,ok;no_hour
train/3-15/30.jpg,3,15,112,112,201,106,167,125,0,ok
train/3-15/31.jpg,3,15,112,112,106,30,125,54,270,ok
train/3-15/32.jpg,3,15,112,112,195,106,169,125,0,ok
train/3-15/33.jpg,3,15,112,112,105,18,126,57,270,ok
train/3-15/34.jpg,3,15,112,112,106,27,125,57,270,ok
train/3-15/35.jpg,3,15,112,112,125,176,-1,-1,90,ok;no_hour
train/3-15/36.jpg,3,15,112,112,-1,-1,-1,-1,-1,fail:no_candidates
train/3-15/38.jpg,3,15,112,112,200,106,166,125,0,ok
train/3-15/39.jpg,3,15,112,112,-1,-1,-1,-1,-1,fail:no_candidates
train/3-15/4.jpg,3,15,112,112,209,106,167,125,0,ok
train/3-15/40.jpg,3,15,112,112,106,51,125,56,270,ok
train/3-15/41.jpg,3,15,112,112,50,117,-1,-1,180,ok;no_hour
train/3-15/42.jpg,3,15,112,112,203,106,169,125,0,ok
train/3-15/43.jpg,3,15,112,112,97,164,-1,-1,90,ok;no_hour
train/3-15/44.jpg,3,15,112,112,117,215,97,167,90,ok
train/3-15/45.jpg,3,15,112,112,116,198,97,167,90,ok
train/3-15/46.jpg,3,15,112,112,187,106,165,125,0,ok
train/3-15/47.jpg,3,15,112,112,213,105,167,126,0,ok
train/3-15/48.jpg,3,15,112,112,117,176,96,166,90,ok
train/3-15/49.jpg,3,15,112,112,202,106,171,125,0,ok
train/3-15/50.jpg,3,15,112,112,117,174,97,166,90,ok
train/3-15/52.jpg,3,15,112,112,44,116,57,97,180,ok
train/3-15/55.jpg,3,15,112,112,114,216,99,165,90,ok
train/3-15/56.jpg,3,15,112,112,106,7,125,54,270,ok
train/3-15/57.jpg,3,15,112,112,55,97,-1,-1,180,ok;no_hour
train/3-15/58.jpg,3,15,112,112,207,106,-1,-1,0,ok;no_hour
train/3-15/59.jpg,3,15,112,112,106,80,-1,-1,270,ok;no_hour
train/3-15/61.jpg,3,15,112,112,105,14,126,57,270,ok
train/3-15/62.jpg,3,15,112,112,31,116,56,97,180,ok
train/3-15/63.jpg,3,15,112,112,195,105,167,126,0,ok
train/3-15/64.jpg,3,15,112,112,207,106,169,125,0,ok
train/3-15/65.jpg,3,15,112,112,116,175,-1,-1,90,ok;no_hour
train/3-15/68.jpg,3,15,112,112,106,48,-1,-1,270,ok;no_hour
train/3-15/69.jpg,3,15,112,112,116,185,97,166,90,ok
train/3-15/7.jpg,3,15,112,112,201,106,169,125,0,ok
train/3-15/70.jpg,3,15,112,112,198,106,-1,-1,0,ok;no_hour
train/3-15/72.jpg,3,15,112,112,201,106,169,125,0,ok
train/3-15/73.jpg,3,15,112,112,116,172,97,166,90,ok
train/3-15/74.jpg,3,15,112,112,199,105,165,126,0,ok
train/3-15/75.jpg,3,15,112,112,106,27,125,56,270,ok
train/3-15/76.jpg,3,15,112,112,31,116,55,98,180,ok
train/3-15/77.jpg,3,15,112,112,165,105,-1,-1,0,ok;no_hour
train/3-15/80.jpg,3,15,112,112,189,105,167,126,0,ok
train/3-15/81.jpg,3,15,112,112,116,201,-1,-1,90,ok;no_hour
train/3-15/82.jpg,3,15,112,112,208,106,167,125,0,ok
train/3-15/83.jpg,3,15,112,112,105,24,126,55,270,ok
train/3-15/84.jpg,3,15,112,112,105,32,126,57,270,ok
train/3-15/86.jpg,3,15,112,112,106,28,125,55,270,ok
train/3-15/87.jpg,3,15,112,112,33,116,56,97,180,ok
train/3-15/88.jpg,3,15,112,112,116,195,97,166,90,ok
train/3-15/89.jpg,3,15,112,112,39,116,57,97,180,ok
train/3-15/9.jpg,3,15,112,112,116,185,97,167,90,ok
train/3-15/90.jpg,3,15,112,112,186,107,169,124,0,ok
train/3-15/91.jpg,3,15,112,112,105,22,126,60,270,ok
train/3-15/92.jpg,3,15,112,112,201,106,165,125,0,ok
train/3-15/93.jpg,3,15,112,112,186,106,169,125,0,ok
train/3-15/94.jpg,3,15,112,112,-1,-1,-1,-1,-1,fail:no_candidates
train/3-15/95.jpg,3,15,112,112,106,22,125,54,270,ok
train/3-15/96.jpg,3,15,112,112,190,105,166,126,0,ok
train/3-15/97.jpg,3,15,112,112,10,117,58,97,180,ok
train/3-15/98.jpg,3,15,112,112,205,106,168,125,0,ok
train/3-20/0.jpg,3,20,112,112,190,163,168,114,0,ok
train/3-20/1.jpg,3,20,112,112,48,68,6,101,180,ok
train/3-20/11.jpg,3,20,112,112,-1,-1,-1,-1,-1,fail:no_candidates
train/3-20/12.jpg,3,20,112,112,148,59,114,55,270,ok
train/3-20/13.jpg,3,20,112,112,56,73,-1,-1,180,ok;no_hour
train/3-20/17.jpg,3,20,112,112,159,40,114,55,270,ok
train/3-20/18.jpg,3,20,112,112,188,158,-1,-1,0,ok;no_hour
train/3-20/19.jpg,3,20,112,112,191,163,163,113,0,ok
train/3-20/20.jpg,3,20,112,112,185,160,168,114,0,ok
train/3-20/21.jpg,3,20,112,112,159,42,-1,-1,270,ok;no_hour
train/3-20/22.jpg,3,20,112,112,152,46,-1,-1,270,ok;no_hour
train/3-20/23.jpg,3,20,112,112,164,148,203,150,0,ok
train/3-20/24.jpg,3,20,112,112,166,28,115,53,270,ok
train/3-20/25.jpg,3,20,112,112,-1,-1,-1,-1,-1,fail:no_candidates
train/3-20/27.jpg,3,20,112,112,67,78,63,111,180,ok
train/3-20/29.jpg,3,20,112,112,34,60,55,109,180,ok
train/3-20/3.jpg,3,20,112,112,61,186,-1,-1,90,ok;no_hour
train/3-20/30.jpg,3,20,112,112,161,35,114,56,270,ok
train/3-20/31.jpg,3,20,112,112,178,156,168,114,0,ok
train/3-20/34.jpg,3,20,112,112,30,58,52,107,180,ok
train/3-20/35.jpg,3,20,112,112,84,156,82,200,90,ok
train/3-20/36.jpg,3,20,112,112,188,160,168,115,0,ok
train/3-20/37.jpg,3,20,112,112,175,155,168,114,0,ok
train/3-20/38.jpg,3,20,112,112,34,62,54,108,180,ok
train/3-20/39.jpg,3,20,112,112,-1,-1,-1,-1,-1,fail:no_candidates
train/3-20/4.jpg,3,20,112,112,188,161,168,114,0,ok
train/3-20/40.jpg,3,20,112,112,77,160,108,172,90,ok
train/3-20/41.jpg,3,20,112,112,185,161,-1,-1,0,ok;no_hour
train/3-20/42.jpg,3,20,112,112,74,166,108,170,90,ok
train/3-20/43.jpg,3,20,112,112,56,198,70,194,90,ok
train/3-20/44.jpg,3,20,112,112,34,60,60,110,180,ok
train/3-20/46.jpg,3,20,112,112,61,189,108,170,90,ok
train/3-20/47.jpg,3,20,112,112,199,167,168,114,0,ok
train/3-20/48.jpg,3,20,112,112,145,138,163,112,0,ok
train/3-20/49.jpg,3,20,112,112,167,27,113,59,270,ok
train/3-20/5.jpg,3,20,112,112,173,153,166,113,0,ok
train/3-20/50.jpg,3,20,112,112,148,60,-1,-1,270,ok;no_hour
train/3-20/51.jpg,3,20,112,112,168,114,-1,-1,0,warn:rot_err=28.0;no_hour
train/3-20/52.jpg,3,20,112,112,151,54,115,53,270,ok
train/3-20/53.jpg,3,20,112,112,72,169,108,170,90,ok
train/3-20/54.jpg,3,20,112,112,78,76,-1,-1,180,ok;no_hour
train/3-20/56.jpg,3,20,112,112,168,25,114,55,270,ok
train/3-20/58.jpg,3,20,112,112,-1,-1,-1,-1,-1,fail:no_candidates
train/3-20/59.jpg,3,20,112,112,133,87,-1,-1,270,ok;no_hour
train/3-20/6.jpg,3,20,112,112,-1,-1,-1,-1,-1,fail:no_candidates
train/3-20/60.jpg,3,20,112,112,196,166,168,114,0,ok
train/3-20/62.jpg,3,20,112,112,44,65,53,108,180,ok
train/3-20/63.jpg,3,20,112,112,161,36,114,55,270,ok
train/3-20/64.jpg,3,20,112,112,61,189,108,170,90,ok
train/3-20/65.jpg,3,20,112,112,176,113,177,106,0,warn:rot_err=29.1
train/3-20/66.jpg,3,20,112,112,42,65,53,108,180,ok
train/3-20/67.jpg,3,20,112,112,188,161,168,114,0,ok
train/3-20/68.jpg,3,20,112,112,59,193,-1,-1,90,ok;no_hour
train/3-20/69.jpg,3,20,112,112,67,177,108,170,90,ok
train/3-20/7.jpg,3,20,112,112,49,69,52,107,180,ok
train/3-20/70.jpg,3,20,112,112,-1,-1,-1,-1,-1,fail:no_candidates
train/3-20/71.jpg,3,20,112,112,187,161,170,115,0,ok
train/3-20/72.jpg,3,20,112,112,160,39,114,55,270,ok
train/3-20/74.jpg,3,20,112,112,168,152,163,112,0,ok
train/3-20/75.jpg,3,20,112,112,193,164,168,114,0,ok
train/3-20/76.jpg,3,20,112,112,35,62,54,108,180,ok
train/3-20/78.jpg,3,20,112,112,54,108,-1,-1,180,warn:rot_err=26.1;no_hour
train/3-20/79.jpg,3,20,112,112,169,114,-1,-1,0,warn:rot_err=28.0;no_hour
train/3-20/8.jpg,3,20,112,112,187,161,168,114,0,ok
train/3-20/80.jpg,3,20,112,112,201,170,168,114,0,ok
train/3-20/81.jpg,3,20,112,112,-1,-1,-1,-1,-1,fail:no_candidates
train/3-20/82.jpg,3,20,112,112,33,61,52,107,180,ok
train/3-20/83.jpg,3,20,112,112,172,153,169,114,0,ok
train/3-20/84.jpg,3,20,112,112,50,69,53,108,180,ok
train/3-20/86.jpg,3,20,112,112,180,157,168,114,0,ok
train/3-20/88.jpg,3,20,112,112,41,64,53,108,180,ok
train/3-20/89.jpg,3,20,112,112,187,161,167,114,0,ok
train/3-20/9.jpg,3,20,112,112,70,172,107,171,90,ok
train/3-20/90.jpg,3,20,112,112,195,164,157,113,0,ok
train/3-20/92.jpg,3,20,112,112,199,167,168,114,0,ok
train/3-20/93.jpg,3,20,112,112,190,162,168,114,0,ok
train/3-20/95.jpg,3,20,112,112,161,37,114,55,270,ok
train/3-20/96.jpg,3,20,112,112,173,153,168,114,0,ok
train/3-20/97.jpg,3,20,112,112,185,160,168,114,0,ok
train/3-20/98.jpg,3,20,112,112,158,42,114,55,270,ok
train/3-25/0.jpg,3,25,112,112,193,71,117,56,270,ok
train/3-25/1.jpg,3,25,112,112,143,180,168,117,0,ok
train/3-25/10.jpg,3,25,112,112,151,191,169,118,0,ok
train/3-25/11.jpg,3,25,112,112,-1,-1,-1,-1,-1,fail:no_candidates
train/3-25/12.jpg,3,25,112,112,151,191,169,118,0,ok
train/3-25/13.jpg,3,25,112,112,73,32,61,107,180,ok
train/3-25/14.jpg,3,25,112,112,138,170,-1,-1,0,ok;no_hour
train/3-25/15.jpg,3,25,112,112,29,152,105,169,90,ok
train/3-25/17.jpg,3,25,112,112,150,191,169,118,0,ok
train/3-25/18.jpg,3,25,112,112,71,30,51,104,180,ok
train/3-25/19.jpg,3,25,112,112,69,27,-1,-1,180,ok;no_hour
train/3-25/2.jpg,3,25,112,112,151,191,169,118,0,ok
train/3-25/20.jpg,3,25,112,112,157,202,169,118,0,ok
train/3-25/21.jpg,3,25,112,112,65,20,56,106,180,ok
train/3-25/22.jpg,3,25,112,112,69,32,-1,-1,180,ok;no_hour
train/3-25/24.jpg,3,25,112,112,184,76,119,53,270,ok
train/3-25/26.jpg,3,25,112,112,156,200,168,118,0,ok
train/3-25/27.jpg,3,25,112,112,148,189,157,114,0,ok
train/3-25/28.jpg,3,25,112,112,71,30,54,105,180,ok
train/3-25/3.jpg,3,25,112,112,194,72,-1,-1,270,ok;no_hour
train/3-25/30.jpg,3,25,112,112,150,190,168,118,0,ok
train/3-25/33.jpg,3,25,112,112,153,195,165,116,0,ok
train/3-25/34.jpg,3,25,112,112,73,33,53,104,180,ok
train/3-25/35.jpg,3,25,112,112,70,31,58,115,180,ok
train/3-25/36.jpg,3,25,112,112,-1,-1,-1,-1,-1,fail:no_candidates
train/3-25/39.jpg,3,25,112,112,-1,-1,-1,-1,-1,fail:no_candidates
train/3-25/4.jpg,3,25,112,112,151,191,169,118,0,ok
train/3-25/41.jpg,3,25,112,112,152,193,-1,-1,0,ok;no_hour
train/3-25/42.jpg,3,25,112,112,65,17,54,105,180,ok
train/3-25/43.jpg,3,25,112,112,-1,-1,-1,-1,-1,fail:no_candidates
train/3-25/45.jpg,3,25,112,112,23,156,105,169,90,ok
train/3-25/46.jpg,3,25,112,112,151,192,169,118,0,ok
train/3-25/47.jpg,3,25,112,112,104,170,-1,-1,0,warn:rot_err=37.9;no_hour
train/3-25/48.jpg,3,25,112,112,171,85,117,55,270,ok
train/3-25/49.jpg,3,25,112,112,152,193,169,118,0,ok
train/3-25/5.jpg,3,25,112,112,65,18,56,106,180,ok
train/3-25/50.jpg,3,25,112,112,135,164,165,116,0,ok
train/3-25/51.jpg,3,25,112,112,191,72,117,56,270,ok
train/3-25/52.jpg,3,25,112,112,53,138,105,169,90,ok
train/3-25/53.jpg,3,25,112,112,51,140,106,167,90,ok
train/3-25/54.jpg,3,25,112,112,93,71,-1,-1,180,ok;no_hour
train/3-25/55.jpg,3,25,112,112,191,69,121,55,270,ok
train/3-25/56.jpg,3,25,112,112,202,66,118,54,270,ok
train/3-25/57.jpg,3,25,112,112,143,181,170,118,0,ok
train/3-25/58.jpg,3,25,112,112,202,66,-1,-1,270,ok;no_hour
train/3-25/59.jpg,3,25,112,112,82,122,111,142,90,ok
train/3-25/6.jpg,3,25,112,112,151,191,168,118,0,ok
train/3-25/61.jpg,3,25,112,112,159,206,-1,-1,0,ok;no_hour
train/3-25/62.jpg,3,25,112,112,147,185,169,118,0,ok
train/3-25/64.jpg,3,25,112,112,151,191,169,118,0,ok
train/3-25/65.jpg,3,25,112,112,116,175,-1,-1,0,warn:rot_err=26.4;no_hour
train/3-25/66.jpg,3,25,112,112,147,184,169,118,0,ok
train/3-25/67.jpg,3,25,112,112,152,193,-1,-1,0,ok;no_hour
train/3-25/68.jpg,3,25,112,112,25,155,59,148,90,ok
train/3-25/70.jpg,3,25,112,112,183,77,-1,-1,270,ok;no_hour
train/3-25/71.jpg,3,25,112,112,-1,-1,-1,-1,-1,fail:no_candidates
train/3-25/72.jpg,3,25,112,112,191,72,118,54,270,ok
train/3-25/73.jpg,3,25,112,112,152,193,169,118,0,ok
train/3-25/74.jpg,3,25,112,112,141,177,168,117,0,ok
train/3-25/75.jpg,3,25,112,112,153,194,169,118,0,ok
train/3-25/76.jpg,3,25,112,112,150,190,168,118,0,ok
train/3-25/77.jpg,3,25,112,112,113,150,-1,-1,0,warn:rot_err=28.5;no_hour
train/3-25/79.jpg,3,25,112,112,87,57,56,106,180,ok
train/3-25/8.jpg,3,25,112,112,151,192,-1,-1,0,ok;no_hour
train/3-25/80.jpg,3,25,112,112,79,43,56,106,180,ok
train/3-25/82.jpg,3,25,112,112,155,198,169,118,0,ok
train/3-25/83.jpg,3,25,112,112,71,29,53,105,180,ok
train/3-25/84.jpg,3,25,112,112,194,70,-1,-1,270,ok;no_hour
train/3-25/87.jpg,3,25,112,112,147,185,169,118,0,ok
train/3-25/88.jpg,3,25,112,112,147,185,168,118,0,ok
train/3-25/9.jpg,3,25,112,112,144,179,169,118,0,ok
train/3-25/90.jpg,3,25,112,112,-1,-1,-1,-1,-1,fail:no_candidates
train/3-25/91.jpg,3,25,112,112,171,84,-1,-1,270,ok;no_hour
train/3-25/92.jpg,3,25,112,112,190,73,117,56,270,ok
train/3-25/93.jpg,3,25,112,112,153,195,170,119,0,ok
train/3-25/94.jpg,3,25,112,112,-1,-1,-1,-1,-1,fail:no_candidates
train/3-25/95.jpg,3,25,112,112,31,151,106,166,90,ok
train/3-25/97.jpg,3,25,112,112,30,153,105,169,90,ok
train/3-25/98.jpg,3,25,112,112,158,205,169,118,0,ok
train/3-25/99.jpg,3,25,112,112,32,150,106,167,90,ok
train/3-30/0.jpg,3,30,112,112,117,20,54,103,180,ok
train/3-30/1.jpg,3,30,112,112,117,169,163,132,0,ok
train/3-30/10.jpg,3,30,112,112,117,158,167,119,0,ok
train/3-30/11.jpg,3,30,112,112,-1,-1,-1,-1,-1,fail:no_candidates
train/3-30/12.jpg,3,30,112,112,104,166,-1,-1,0,ok;no_hour
train/3-30/13.jpg,3,30,112,112,116,172,169,120,0,ok
train/3-30/14.jpg,3,30,112,112,156,117,-1,-1,270,ok;no_hour
train/3-30/15.jpg,3,30,112,112,117,187,169,120,0,ok
train/3-30/17.jpg,3,30,112,112,117,158,169,120,0,ok
train/3-30/19.jpg,3,30,112,112,117,157,164,132,0,ok
train/3-30/2.jpg,3,30,112,112,167,119,-1,-1,270,ok;no_hour
train/3-30/20.jpg,3,30,112,112,105,208,169,120,0,ok
train/3-30/21.jpg,3,30,112,112,118,16,-1,-1,180,ok;no_hour
train/3-30/24.jpg,3,30,112,112,167,119,-1,-1,270,ok;no_hour
train/3-30/25.jpg,3,30,112,112,-1,-1,-1,-1,-1,fail:no_candidates
train/3-30/28.jpg,3,30,112,112,54,103,-1,-1,90,ok;no_hour
train/3-30/29.jpg,3,30,112,112,147,118,-1,-1,270,ok;no_hour
train/3-30/3.jpg,3,30,112,112,167,133,-1,-1,270,ok;no_hour
train/3-30/30.jpg,3,30,112,112,163,118,-1,-1,270,ok;no_hour
train/3-30/31.jpg,3,30,112,112,104,166,-1,-1,0,ok;no_hour
train/3-30/32.jpg,3,30,112,112,105,33,53,102,180,ok
train/3-30/33.jpg,3,30,112,112,170,121,-1,-1,270,ok;no_hour
train/3-30/34.jpg,3,30,112,112,116,197,169,120,0,ok
train/3-30/35.jpg,3,30,112,112,65,115,81,204,90,ok
train/3-30/37.jpg,3,30,112,112,170,121,-1,-1,270,ok;no_hour
train/3-30/38.jpg,3,30,112,112,116,202,167,132,0,ok
train/3-30/39.jpg,3,30,112,112,-1,-1,-1,-1,-1,fail:no_candidates
train/3-30/4.jpg,3,30,112,112,116,202,167,119,0,ok
train/3-30/40.jpg,3,30,112,112,169,106,137,43,270,ok
train/3-30/41.jpg,3,30,112,112,30,104,-1,-1,90,ok;no_hour
train/3-30/42.jpg,3,30,112,112,105,180,169,120,0,ok
train/3-30/43.jpg,3,30,112,112,-1,-1,-1,-1,-1,fail:no_candidates
train/3-30/44.jpg,3,30,112,112,169,120,-1,-1,270,ok;no_hour
train/3-30/45.jpg,3,30,112,112,65,117,103,169,90,ok
train/3-30/46.jpg,3,30,112,112,116,182,169,120,0,ok
train/3-30/47.jpg,3,30,112,112,116,213,169,120,0,ok
train/3-30/48.jpg,3,30,112,112,118,68,39,99,180,ok
train/3-30/51.jpg,3,30,112,112,116,203,169,120,0,ok
train/3-30/52.jpg,3,30,112,112,67,106,102,170,90,ok
train/3-30/53.jpg,3,30,112,112,117,178,192,126,0,ok
train/3-30/54.jpg,3,30,112,112,22,113,-1,-1,90,ok;no_hour
train/3-30/55.jpg,3,30,112,112,116,7,54,100,180,ok
train/3-30/56.jpg,3,30,112,112,202,117,119,56,270,ok
train/3-30/57.jpg,3,30,112,112,105,173,178,122,0,ok
train/3-30/58.jpg,3,30,112,112,68,117,-1,-1,90,ok;no_hour
train/3-30/59.jpg,3,30,112,112,79,106,-1,-1,90,ok;no_hour
train/3-30/6.jpg,3,30,112,112,155,116,132,57,270,ok
train/3-30/60.jpg,3,30,112,112,116,182,169,120,0,ok
train/3-30/61.jpg,3,30,112,112,117,183,169,120,0,ok
train/3-30/62.jpg,3,30,112,112,106,156,170,121,0,ok
train/3-30/63.jpg,3,30,112,112,104,203,167,119,0,ok
train/3-30/64.jpg,3,30,112,112,116,203,169,120,0,ok
train/3-30/65.jpg,3,30,112,112,104,194,170,120,0,ok
train/3-30/66.jpg,3,30,112,112,154,105,-1,-1,270,ok;no_hour
train/3-30/67.jpg,3,30,112,112,203,117,-1,-1,270,ok;no_hour
train/3-30/68.jpg,3,30,112,112,209,118,-1,-1,270,ok;no_hour
train/3-30/69.jpg,3,30,112,112,117,159,168,132,0,ok
train/3-30/7.jpg,3,30,112,112,57,104,-1,-1,90,ok;no_hour
train/3-30/70.jpg,3,30,112,112,-1,-1,-1,-1,-1,fail:no_candidates
train/3-30/71.jpg,3,30,112,112,118,155,-1,-1,0,ok;no_hour
train/3-30/72.jpg,3,30,112,112,65,117,103,169,90,ok
train/3-30/73.jpg,3,30,112,112,117,158,169,120,0,ok
train/3-30/74.jpg,3,30,112,112,105,21,-1,-1,180,ok;no_hour
train/3-30/75.jpg,3,30,112,112,116,180,170,121,0,ok
train/3-30/76.jpg,3,30,112,112,117,17,52,101,180,ok
train/3-30/79.jpg,3,30,112,112,50,117,104,166,90,ok
train/3-30/8.jpg,3,30,112,112,115,217,169,120,0,ok
train/3-30/80.jpg,3,30,112,112,103,169,-1,-1,0,ok;no_hour
train/3-30/82.jpg,3,30,112,112,154,116,132,59,270,ok
train/3-30/84.jpg,3,30,112,112,118,58,-1,-1,180,ok;no_hour
train/3-30/85.jpg,3,30,112,112,116,81,53,102,180,ok
train/3-30/86.jpg,3,30,112,112,117,158,169,120,0,ok
train/3-30/87.jpg,3,30,112,112,117,29,57,104,180,ok
train/3-30/88.jpg,3,30,112,112,67,106,102,170,90,ok
train/3-30/92.jpg,3,30,112,112,154,116,132,58,270,ok
train/3-30/93.jpg,3,30,112,112,53,102,-1,-1,90,ok;no_hour
train/3-30/94.jpg,3,30,112,112,106,149,-1,-1,0,ok;no_hour
train/3-30/96.jpg,3,30,112,112,117,180,169,120,0,ok
train/3-30/97.jpg,3,30,112,112,107,11,57,104,180,ok
train/3-30/99.jpg,3,30,112,112,169,120,-1,-1,270,ok;no_hour
train/3-35/0.jpg,3,35,112,112,70,194,160,119,0,ok
train/3-35/10.jpg,3,35,112,112,67,199,-1,-1,0,ok;no_hour
train/3-35/11.jpg,3,35,112,112,163,33,-1,-1,180,ok;no_hour
train/3-35/12.jpg,3,35,112,112,60,190,-1,-1,0,ok;no_hour
train/3-35/14.jpg,3,35,112,112,72,195,165,135,0,ok
train/3-35/15.jpg,3,35,112,112,70,194,-1,-1,0,ok;no_hour
train/3-35/17.jpg,3,35,112,112,206,160,134,59,270,ok
train/3-35/18.jpg,3,35,112,112,78,181,173,138,0,ok
train/3-35/19.jpg,3,35,112,112,62,186,169,123,0,ok
train/3-35/2.jpg,3,35,112,112,74,188,-1,-1,0,ok;no_hour
train/3-35/21.jpg,3,35,112,112,69,175,163,134,0,ok
train/3-35/22.jpg,3,35,112,112,111,74,-1,-1,180,warn:rot_err=31.5;no_hour
train/3-35/23.jpg,3,35,112,112,78,181,-1,-1,0,ok;no_hour
train/3-35/24.jpg,3,35,112,112,67,199,-1,-1,0,ok;no_hour
train/3-35/25.jpg,3,35,112,112,-1,-1,-1,-1,-1,fail:no_candidates
train/3-35/26.jpg,3,35,112,112,67,199,169,123,0,ok
train/3-35/29.jpg,3,35,112,112,-1,-1,-1,-1,-1,fail:no_candidates
train/3-35/3.jpg,3,35,112,112,167,135,-1,-1,270,ok;no_hour
train/3-35/30.jpg,3,35,112,112,71,192,169,123,0,ok
train/3-35/31.jpg,3,35,112,112,150,56,58,88,180,ok
train/3-35/32.jpg,3,35,112,112,195,153,134,58,270,ok
train/3-35/35.jpg,3,35,112,112,63,121,-1,-1,90,warn:rot_err=40.4;no_hour
train/3-35/37.jpg,3,35,112,112,156,22,58,88,180,ok
train/3-35/39.jpg,3,35,112,112,-1,-1,-1,-1,-1,fail:no_candidates
train/3-35/40.jpg,3,35,112,112,79,180,-1,-1,0,ok;no_hour
train/3-35/41.jpg,3,35,112,112,187,161,-1,-1,270,ok;no_hour
train/3-35/42.jpg,3,35,112,112,185,160,134,58,270,ok
train/3-35/43.jpg,3,35,112,112,70,192,-1,-1,0,ok;no_hour
train/3-35/44.jpg,3,35,112,112,164,32,-1,-1,180,ok;no_hour
train/3-35/45.jpg,3,35,112,112,152,53,59,88,180,ok
train/3-35/46.jpg,3,35,112,112,37,62,88,165,90,ok
train/3-35/47.jpg,3,35,112,112,189,162,134,60,270,ok
train/3-35/48.jpg,3,35,112,112,86,171,183,126,0,ok
train/3-35/49.jpg,3,35,112,112,81,176,-1,-1,0,ok;no_hour
train/3-35/5.jpg,3,35,112,112,78,181,163,134,0,ok
train/3-35/50.jpg,3,35,112,112,78,159,164,134,0,ok
train/3-35/51.jpg,3,35,112,112,68,196,-1,-1,0,ok;no_hour
train/3-35/52.jpg,3,35,112,112,199,169,134,58,270,ok
train/3-35/53.jpg,3,35,112,112,186,161,134,61,270,ok
train/3-35/54.jpg,3,35,112,112,78,76,-1,-1,90,ok;no_hour
train/3-35/55.jpg,3,35,112,112,-1,-1,-1,-1,-1,fail:no_candidates
train/3-35/56.jpg,3,35,112,112,65,201,-1,-1,0,ok;no_hour
train/3-35/57.jpg,3,35,112,112,148,60,56,87,180,ok
train/3-35/58.jpg,3,35,112,112,-1,-1,-1,-1,-1,fail:no_candidates
train/3-35/59.jpg,3,35,112,112,91,137,-1,-1,0,ok;no_hour
train/3-35/60.jpg,3,35,112,112,66,200,-1,-1,0,ok;no_hour
train/3-35/61.jpg,3,35,112,112,35,61,102,166,90,ok
train/3-35/62.jpg,3,35,112,112,69,195,-1,-1,0,ok;no_hour
train/3-35/63.jpg,3,35,112,112,70,193,163,134,0,ok
train/3-35/64.jpg,3,35,112,112,72,191,-1,-1,0,ok;no_hour
train/3-35/65.jpg,3,35,112,112,171,152,122,55,270,ok
train/3-35/66.jpg,3,35,112,112,74,188,-1,-1,0,ok;no_hour
train/3-35/67.jpg,3,35,112,112,188,161,134,61,270,ok
train/3-35/68.jpg,3,35,112,112,59,191,-1,-1,0,ok;no_hour
train/3-35/69.jpg,3,35,112,112,149,57,58,88,180,ok
train/3-35/7.jpg,3,35,112,112,153,30,58,88,180,ok
train/3-35/70.jpg,3,35,112,112,69,175,-1,-1,0,ok;no_hour
train/3-35/71.jpg,3,35,112,112,53,72,102,165,90,ok
train/3-35/72.jpg,3,35,112,112,160,39,58,88,180,ok
train/3-35/74.jpg,3,35,112,112,72,169,169,122,0,ok
train/3-35/75.jpg,3,35,112,112,62,187,-1,-1,0,ok;no_hour
train/3-35/77.jpg,3,35,112,112,32,69,90,166,90,ok
train/3-35/78.jpg,3,35,112,112,35,62,99,170,90,ok
train/3-35/79.jpg,3,35,112,112,147,63,55,102,180,ok
train/3-35/8.jpg,3,35,112,112,57,196,161,134,0,ok
train/3-35/81.jpg,3,35,112,112,-1,-1,-1,-1,-1,fail:no_candidates
train/3-35/82.jpg,3,35,112,112,66,200,-1,-1,0,ok;no_hour
train/3-35/84.jpg,3,35,112,112,71,193,161,134,0,ok
train/3-35/85.jpg,3,35,112,112,70,193,176,139,0,ok
train/3-35/89.jpg,3,35,112,112,190,150,134,58,270,ok
train/3-35/9.jpg,3,35,112,112,177,156,134,58,270,ok
train/3-35/90.jpg,3,35,112,112,71,192,167,122,0,ok
train/3-35/91.jpg,3,35,112,112,163,34,-1,-1,180,ok;no_hour
train/3-35/92.jpg,3,35,112,112,187,161,134,60,270,ok
train/3-35/93.jpg,3,35,112,112,164,34,58,88,180,ok
train/3-35/94.jpg,3,35,112,112,-1,-1,-1,-1,-1,fail:no_candidates
train/3-35/95.jpg,3,35,112,112,63,205,-1,-1,0,ok;no_hour
train/3-35/96.jpg,3,35,112,112,152,30,-1,-1,180,ok;no_hour
train/3-35/98.jpg,3,35,112,112,72,170,-1,-1,0,ok;no_hour
train/3-35/99.jpg,3,35,112,112,168,151,134,61,270,ok
train/3-40/1.jpg,3,40,112,112,176,81,55,98,180,ok
train/3-40/10.jpg,3,40,112,112,40,160,167,125,0,ok
train/3-40/11.jpg,3,40,112,112,25,168,-1,-1,0,ok;no_hour
train/3-40/13.jpg,3,40,112,112,56,150,168,125,0,ok
train/3-40/14.jpg,3,40,112,112,81,72,96,170,90,ok
train/3-40/15.jpg,3,40,112,112,61,36,98,167,90,ok
train/3-40/17.jpg,3,40,112,112,73,33,98,167,90,ok
train/3-40/18.jpg,3,40,112,112,139,148,129,47,270,ok
train/3-40/2.jpg,3,40,112,112,163,191,137,60,270,ok
train/3-40/20.jpg,3,40,112,112,27,167,165,124,0,ok
train/3-40/21.jpg,3,40,112,112,47,155,168,125,0,ok
train/3-40/23.jpg,3,40,112,112,28,167,167,125,0,ok
train/3-40/24.jpg,3,40,112,112,44,157,167,125,0,ok
train/3-40/25.jpg,3,40,112,112,-1,-1,-1,-1,-1,fail:no_candidates
train/3-40/26.jpg,3,40,112,112,44,156,-1,-1,0,ok;no_hour
train/3-40/27.jpg,3,40,112,112,157,92,56,99,180,ok
train/3-40/28.jpg,3,40,112,112,30,152,162,137,0,ok
train/3-40/29.jpg,3,40,112,112,167,197,137,63,270,ok
train/3-40/3.jpg,3,40,112,112,70,28,85,162,90,ok
train/3-40/30.jpg,3,40,112,112,34,161,-1,-1,0,ok;no_hour
train/3-40/31.jpg,3,40,112,112,68,47,97,168,90,ok
train/3-40/33.jpg,3,40,112,112,179,79,54,97,180,ok
train/3-40/34.jpg,3,40,112,112,157,180,137,62,270,ok
train/3-40/35.jpg,3,40,112,112,159,188,99,58,270,ok
train/3-40/36.jpg,3,40,112,112,192,70,55,96,180,ok
train/3-40/37.jpg,3,40,112,112,27,166,165,124,0,ok
train/3-40/39.jpg,3,40,112,112,-1,-1,-1,-1,-1,fail:no_candidates
train/3-40/4.jpg,3,40,112,112,194,71,55,97,180,ok
train/3-40/40.jpg,3,40,112,112,76,61,97,168,90,ok
train/3-40/41.jpg,3,40,112,112,143,21,-1,-1,180,warn:rot_err=41.2;no_hour
train/3-40/43.jpg,3,40,112,112,181,65,-1,-1,180,ok;no_hour
train/3-40/44.jpg,3,40,112,112,23,170,169,126,0,ok
train/3-40/45.jpg,3,40,112,112,190,73,55,97,180,ok
train/3-40/46.jpg,3,40,112,112,38,160,169,126,0,ok
train/3-40/47.jpg,3,40,112,112,34,149,169,126,0,ok
train/3-40/48.jpg,3,40,112,112,63,147,155,120,0,ok
train/3-40/5.jpg,3,40,112,112,35,161,169,126,0,ok
train/3-40/51.jpg,3,40,112,112,192,71,58,99,180,ok
train/3-40/52.jpg,3,40,112,112,72,54,97,169,90,ok
train/3-40/53.jpg,3,40,112,112,21,157,169,126,0,ok
train/3-40/56.jpg,3,40,112,112,25,168,167,125,0,ok
train/3-40/57.jpg,3,40,112,112,60,148,169,126,0,ok
train/3-40/58.jpg,3,40,112,112,-1,-1,-1,-1,-1,fail:no_candidates
train/3-40/59.jpg,3,40,112,112,81,122,-1,-1,0,ok;no_hour
train/3-40/6.jpg,3,40,112,112,-1,-1,-1,-1,-1,fail:no_candidates
train/3-40/61.jpg,3,40,112,112,196,70,55,98,180,ok
train/3-40/63.jpg,3,40,112,112,61,35,103,153,90,ok
train/3-40/65.jpg,3,40,112,112,48,142,167,125,0,ok
train/3-40/66.jpg,3,40,112,112,26,154,165,124,0,ok
train/3-40/68.jpg,3,40,112,112,198,69,-1,-1,180,ok;no_hour
train/3-40/69.jpg,3,40,112,112,51,153,162,137,0,ok
train/3-40/7.jpg,3,40,112,112,36,161,167,125,0,ok
train/3-40/70.jpg,3,40,112,112,37,162,-1,-1,0,ok;no_hour
train/3-40/71.jpg,3,40,112,112,-1,-1,-1,-1,-1,fail:no_candidates
train/3-40/72.jpg,3,40,112,112,72,32,96,169,90,ok
train/3-40/73.jpg,3,40,112,112,57,136,174,142,0,ok
train/3-40/74.jpg,3,40,112,112,139,171,125,55,270,ok
train/3-40/75.jpg,3,40,112,112,72,31,97,168,90,ok
train/3-40/76.jpg,3,40,112,112,44,157,-1,-1,0,ok;no_hour
train/3-40/78.jpg,3,40,112,112,70,30,97,168,90,ok
train/3-40/79.jpg,3,40,112,112,88,60,98,166,90,ok
train/3-40/8.jpg,3,40,112,112,190,73,54,97,180,ok
train/3-40/80.jpg,3,40,112,112,174,82,55,98,180,ok
train/3-40/81.jpg,3,40,112,112,-1,-1,-1,-1,-1,fail:no_candidates
train/3-40/82.jpg,3,40,112,112,29,165,167,125,0,ok
train/3-40/83.jpg,3,40,112,112,52,154,162,137,0,ok
train/3-40/84.jpg,3,40,112,112,49,154,169,126,0,ok
train/3-40/85.jpg,3,40,112,112,35,161,168,125,0,ok
train/3-40/87.jpg,3,40,112,112,77,39,98,167,90,ok
train/3-40/88.jpg,3,40,112,112,38,161,167,125,0,ok
train/3-40/9.jpg,3,40,112,112,178,80,54,97,180,ok
train/3-40/90.jpg,3,40,112,112,-1,-1,-1,-1,-1,fail:no_candidates
train/3-40/91.jpg,3,40,112,112,61,147,169,126,0,ok
train/3-40/92.jpg,3,40,112,112,27,166,162,137,0,ok
train/3-40/93.jpg,3,40,112,112,35,161,163,123,0,ok
train/3-40/94.jpg,3,40,112,112,-1,-1,-1,-1,-1,fail:no_candidates
train/3-40/96.jpg,3,40,112,112,52,152,168,125,0,ok
train/3-40/97.jpg,3,40,112,112,35,162,162,137,0,ok
train/3-40/98.jpg,3,40,112,112,70,27,98,167,90,ok
train/3-40/99.jpg,3,40,112,112,53,139,169,126,0,ok
train/3-45/10.jpg,3,45,112,112,106,17,95,167,90,ok
train/3-45/12.jpg,3,45,112,112,117,157,127,57,270,ok
train/3-45/13.jpg,3,45,112,112,153,116,56,96,180,ok
train/3-45/14.jpg,3,45,112,112,169,129,-1,-1,180,ok;no_hour
train/3-45/15.jpg,3,45,112,112,67,106,161,139,0,ok
train/3-45/16.jpg,3,45,112,112,105,194,139,63,270,ok
train/3-45/17.jpg,3,45,112,112,117,20,95,167,90,ok
train/3-45/19.jpg,3,45,112,112,217,118,-1,-1,180,ok;no_hour
train/3-45/2.jpg,3,45,112,112,116,69,96,166,90,ok
train/3-45/20.jpg,3,45,112,112,38,105,161,139,0,ok
train/3-45/21.jpg,3,45,112,112,191,118,55,95,180,ok
train/3-45/22.jpg,3,45,112,112,160,137,-1,-1,180,warn:rot_err=27.5;no_hour
train/3-45/24.jpg,3,45,112,112,31,116,162,139,0,ok
train/3-45/25.jpg,3,45,112,112,115,69,95,166,90,ok
train/3-45/27.jpg,3,45,112,112,104,197,136,71,270,ok
train/3-45/28.jpg,3,45,112,112,105,191,128,55,270,ok
train/3-45/3.jpg,3,45,112,112,88,150,-1,-1,270,warn:rot_err=32.3;no_hour
train/3-45/30.jpg,3,45,112,112,116,203,139,60,270,ok
train/3-45/31.jpg,3,45,112,112,176,117,60,83,180,ok
train/3-45/32.jpg,3,45,112,112,118,47,96,166,90,ok
train/3-45/33.jpg,3,45,112,112,117,188,128,55,270,ok
train/3-45/34.jpg,3,45,112,112,80,106,161,139,0,ok
train/3-45/35.jpg,3,45,112,112,120,150,-1,-1,270,ok;no_hour
train/3-45/36.jpg,3,45,112,112,-1,-1,-1,-1,-1,fail:no_candidates
train/3-45/37.jpg,3,45,112,112,11,105,162,139,0,ok
train/3-45/38.jpg,3,45,112,112,116,68,96,166,90,ok
train/3-45/39.jpg,3,45,112,112,-1,-1,-1,-1,-1,fail:no_candidates
train/3-45/4.jpg,3,45,112,112,14,105,166,127,0,ok
train/3-45/42.jpg,3,45,112,112,217,107,59,97,180,ok
train/3-45/43.jpg,3,45,112,112,-1,-1,-1,-1,-1,fail:no_candidates
train/3-45/44.jpg,3,45,112,112,10,116,161,139,0,ok
train/3-45/45.jpg,3,45,112,112,208,117,57,96,180,ok
train/3-45/46.jpg,3,45,112,112,34,105,161,139,0,ok
train/3-45/47.jpg,3,45,112,112,119,8,95,168,90,ok
train/3-45/49.jpg,3,45,112,112,66,117,161,139,0,ok
train/3-45/50.jpg,3,45,112,112,118,155,139,63,270,ok
train/3-45/51.jpg,3,45,112,112,105,201,139,63,270,ok
train/3-45/52.jpg,3,45,112,112,117,43,95,168,90,ok
train/3-45/53.jpg,3,45,112,112,117,81,95,168,90,ok
train/3-45/54.jpg,3,45,112,112,22,114,-1,-1,0,ok;no_hour
train/3-45/55.jpg,3,45,112,112,113,202,135,65,270,ok
train/3-45/56.jpg,3,45,112,112,17,116,160,139,0,ok
train/3-45/57.jpg,3,45,112,112,167,127,-1,-1,180,ok;no_hour
train/3-45/58.jpg,3,45,112,112,116,81,95,166,90,ok
train/3-45/59.jpg,3,45,112,112,79,106,138,130,0,ok
train/3-45/6.jpg,3,45,112,112,173,117,58,96,180,ok
train/3-45/60.jpg,3,45,112,112,12,115,160,139,0,ok
train/3-45/61.jpg,3,45,112,112,65,117,168,128,0,ok
train/3-45/62.jpg,3,45,112,112,30,116,167,128,0,ok
train/3-45/64.jpg,3,45,112,112,105,205,139,62,270,ok
train/3-45/65.jpg,3,45,112,112,113,52,-1,-1,90,ok;no_hour
train/3-45/66.jpg,3,45,112,112,117,32,95,167,90,ok
train/3-45/67.jpg,3,45,112,112,81,118,162,139,0,ok
train/3-45/68.jpg,3,45,112,112,199,117,57,96,180,ok
train/3-45/69.jpg,3,45,112,112,49,104,160,139,0,ok
train/3-45/70.jpg,3,45,112,112,50,116,-1,-1,0,ok;no_hour
train/3-45/72.jpg,3,45,112,112,116,204,139,63,270,ok
train/3-45/73.jpg,3,45,112,112,66,117,164,141,0,ok
train/3-45/74.jpg,3,45,112,112,19,104,-1,-1,0,ok;no_hour
train/3-45/76.jpg,3,45,112,112,106,21,95,167,90,ok
train/3-45/77.jpg,3,45,112,112,84,105,-1,-1,0,ok;no_hour
train/3-45/78.jpg,3,45,112,112,201,106,-1,-1,180,ok;no_hour
train/3-45/79.jpg,3,45,112,112,116,70,96,165,90,ok
train/3-45/80.jpg,3,45,112,112,106,11,97,165,90,ok
train/3-45/81.jpg,3,45,112,112,115,180,138,61,270,ok
train/3-45/83.jpg,3,45,112,112,105,38,97,166,90,ok
train/3-45/84.jpg,3,45,112,112,64,105,161,139,0,ok
train/3-45/85.jpg,3,45,112,112,75,117,165,141,0,ok
train/3-45/86.jpg,3,45,112,112,116,195,137,69,270,ok
train/3-45/87.jpg,3,45,112,112,117,32,96,166,90,ok
train/3-45/88.jpg,3,45,112,112,9,105,-1,-1,0,ok;no_hour
train/3-45/89.jpg,3,45,112,112,41,116,-1,-1,0,ok;no_hour
train/3-45/9.jpg,3,45,112,112,118,36,95,167,90,ok
train/3-45/90.jpg,3,45,112,112,67,116,-1,-1,0,ok;no_hour
train/3-45/91.jpg,3,45,112,112,65,105,168,128,0,ok
train/3-45/93.jpg,3,45,112,112,33,105,161,139,0,ok
train/3-45/94.jpg,3,45,112,112,38,116,-1,-1,0,ok;no_hour
train/3-45/96.jpg,3,45,112,112,64,105,168,128,0,ok
train/3-45/97.jpg,3,45,112,112,214,106,55,95,180,ok
train/3-45/98.jpg,3,45,112,112,191,117,57,96,180,ok
train/3-50/0.jpg,3,50,112,112,141,65,65,203,90,ok
train/3-50/1.jpg,3,50,112,112,158,141,43,80,180,ok
train/3-50/11.jpg,3,50,112,112,68,200,-1,-1,270,ok;no_hour
train/3-50/13.jpg,3,50,112,112,35,61,166,129,0,ok
train/3-50/15.jpg,3,50,112,112,43,66,166,130,0,ok
train/3-50/16.jpg,3,50,112,112,39,77,165,129,0,ok
train/3-50/17.jpg,3,50,112,112,77,183,129,58,270,ok
train/3-50/18.jpg,3,50,112,112,163,143,24,68,180,ok
train/3-50/19.jpg,3,50,112,112,21,67,-1,-1,0,ok;no_hour
train/3-50/2.jpg,3,50,112,112,187,161,58,94,180,ok
train/3-50/20.jpg,3,50,112,112,162,35,93,166,90,ok
train/3-50/22.jpg,3,50,112,112,161,36,81,161,90,ok
train/3-50/23.jpg,3,50,112,112,194,153,-1,-1,180,ok;no_hour
train/3-50/25.jpg,3,50,112,112,25,55,-1,-1,0,ok;no_hour
train/3-50/26.jpg,3,50,112,112,198,167,57,93,180,ok
train/3-50/27.jpg,3,50,112,112,36,61,-1,-1,0,ok;no_hour
train/3-50/28.jpg,3,50,112,112,158,141,30,71,180,ok
train/3-50/29.jpg,3,50,112,112,141,64,91,160,90,ok
train/3-50/3.jpg,3,50,112,112,142,62,72,193,90,ok
train/3-50/31.jpg,3,50,112,112,158,141,40,78,180,ok
train/3-50/32.jpg,3,50,112,112,141,64,84,173,90,ok
train/3-50/33.jpg,3,50,112,112,29,71,167,130,0,ok
train/3-50/34.jpg,3,50,112,112,161,36,93,166,90,ok
train/3-50/35.jpg,3,50,112,112,64,187,-1,-1,270,ok;no_hour
train/3-50/36.jpg,3,50,112,112,-1,-1,-1,-1,-1,fail:no_candidates
train/3-50/38.jpg,3,50,112,112,72,191,130,57,270,ok
train/3-50/39.jpg,3,50,112,112,-1,-1,-1,-1,-1,fail:no_candidates
train/3-50/4.jpg,3,50,112,112,26,69,165,129,0,ok
train/3-50/42.jpg,3,50,112,112,141,64,87,165,90,ok
train/3-50/43.jpg,3,50,112,112,-1,-1,-1,-1,-1,fail:no_candidates
train/3-50/44.jpg,3,50,112,112,60,81,201,156,0,ok
train/3-50/45.jpg,3,50,112,112,164,32,95,164,90,ok
train/3-50/46.jpg,3,50,112,112,71,193,129,57,270,ok
train/3-50/47.jpg,3,50,112,112,141,64,67,201,90,ok
train/3-50/48.jpg,3,50,112,112,87,167,126,63,270,ok
train/3-50/49.jpg,3,50,112,112,22,66,167,130,0,ok
train/3-50/5.jpg,3,50,112,112,159,141,42,78,180,ok
train/3-50/50.jpg,3,50,112,112,175,156,56,93,180,ok
train/3-50/51.jpg,3,50,112,112,27,58,166,130,0,ok
train/3-50/52.jpg,3,50,112,112,160,141,18,66,180,ok
train/3-50/53.jpg,3,50,112,112,81,161,157,19,270,ok
train/3-50/54.jpg,3,50,112,112,187,158,-1,-1,180,ok;no_hour
train/3-50/56.jpg,3,50,112,112,22,67,165,129,0,ok
train/3-50/57.jpg,3,50,112,112,143,60,85,169,90,ok
train/3-50/58.jpg,3,50,112,112,23,55,158,141,0,ok
train/3-50/59.jpg,3,50,112,112,92,137,133,87,270,ok
train/3-50/62.jpg,3,50,112,112,72,96,166,130,0,ok
train/3-50/63.jpg,3,50,112,112,158,141,32,73,180,ok
train/3-50/65.jpg,3,50,112,112,168,137,58,94,180,ok
train/3-50/67.jpg,3,50,112,112,24,54,167,130,0,ok
train/3-50/68.jpg,3,50,112,112,171,147,28,73,180,ok
train/3-50/7.jpg,3,50,112,112,31,72,165,129,0,ok
train/3-50/70.jpg,3,50,112,112,29,58,-1,-1,0,ok;no_hour
train/3-50/71.jpg,3,50,112,112,-1,-1,-1,-1,-1,fail:no_candidates
train/3-50/72.jpg,3,50,112,112,191,151,59,95,180,ok
train/3-50/73.jpg,3,50,112,112,163,143,58,88,180,ok
train/3-50/74.jpg,3,50,112,112,28,56,167,130,0,ok
train/3-50/75.jpg,3,50,112,112,62,186,129,58,270,ok
train/3-50/76.jpg,3,50,112,112,31,71,-1,-1,0,ok;no_hour
train/3-50/78.jpg,3,50,112,112,30,70,-1,-1,0,ok;no_hour
train/3-50/79.jpg,3,50,112,112,88,165,129,58,270,ok
train/3-50/80.jpg,3,50,112,112,159,141,43,79,180,ok
train/3-50/81.jpg,3,50,112,112,62,82,158,132,0,ok
train/3-50/82.jpg,3,50,112,112,197,154,58,94,180,ok
train/3-50/83.jpg,3,50,112,112,174,155,58,95,180,ok
train/3-50/84.jpg,3,50,112,112,159,141,33,74,180,ok
train/3-50/85.jpg,3,50,112,112,161,36,93,167,90,ok
train/3-50/86.jpg,3,50,112,112,27,70,166,130,0,ok
train/3-50/88.jpg,3,50,112,112,62,90,166,130,0,ok
train/3-50/89.jpg,3,50,112,112,64,90,140,118,0,ok
train/3-50/90.jpg,3,50,112,112,64,82,186,160,0,ok
train/3-50/91.jpg,3,50,112,112,158,141,32,73,180,ok
train/3-50/92.jpg,3,50,112,112,160,39,93,166,90,ok
train/3-50/93.jpg,3,50,112,112,159,141,33,73,180,ok
train/3-50/94.jpg,3,50,112,112,-1,-1,-1,-1,-1,fail:no_candidates
train/3-50/95.jpg,3,50,112,112,35,74,165,129,0,ok
train/3-50/96.jpg,3,50,112,112,60,81,189,148,0,ok
train/3-50/97.jpg,3,50,112,112,161,141,21,67,180,ok
train/3-50/98.jpg,3,50,112,112,141,63,79,179,90,ok
train/3-50/99.jpg,3,50,112,112,141,64,83,174,90,ok
train/3-55/0.jpg,3,55,112,112,55,25,166,133,0,ok
train/3-55/1.jpg,3,55,112,112,160,183,63,79,180,ok
train/3-55/10.jpg,3,55,112,112,36,161,142,67,270,ok
train/3-55/11.jpg,3,55,112,112,41,160,-1,-1,270,ok;no_hour
train/3-55/12.jpg,3,55,112,112,39,160,142,67,270,ok
train/3-55/13.jpg,3,55,112,112,37,161,143,64,270,ok
train/3-55/14.jpg,3,55,112,112,159,143,-1,-1,180,warn:rot_err=26.6;no_hour
train/3-55/15.jpg,3,55,112,112,70,28,-1,-1,0,ok;no_hour
train/3-55/16.jpg,3,55,112,112,74,34,166,133,0,ok
train/3-55/18.jpg,3,55,112,112,61,35,173,137,0,ok
train/3-55/20.jpg,3,55,112,112,198,56,79,161,90,ok
train/3-55/21.jpg,3,55,112,112,155,174,58,91,180,ok
train/3-55/22.jpg,3,55,112,112,154,192,-1,-1,180,ok;no_hour
train/3-55/23.jpg,3,55,112,112,28,167,-1,-1,270,ok;no_hour
train/3-55/24.jpg,3,55,112,112,69,25,-1,-1,0,ok;no_hour
train/3-55/25.jpg,3,55,112,112,72,53,-1,-1,0,ok;no_hour
train/3-55/26.jpg,3,55,112,112,189,61,91,165,90,ok
train/3-55/27.jpg,3,55,112,112,74,31,167,133,0,ok
train/3-55/28.jpg,3,55,112,112,180,79,79,160,90,ok
train/3-55/3.jpg,3,55,112,112,164,75,79,160,90,ok
train/3-55/30.jpg,3,55,112,112,61,34,157,142,0,ok
train/3-55/31.jpg,3,55,112,112,181,78,79,161,90,ok
train/3-55/32.jpg,3,55,112,112,71,53,157,142,0,ok
train/3-55/33.jpg,3,55,112,112,71,29,-1,-1,0,ok;no_hour
train/3-55/34.jpg,3,55,112,112,26,167,143,64,270,ok
train/3-55/35.jpg,3,55,112,112,46,125,146,19,270,ok
train/3-55/36.jpg,3,55,112,112,55,23,157,142,0,ok
train/3-55/37.jpg,3,55,112,112,50,153,142,67,270,ok
train/3-55/39.jpg,3,55,112,112,-1,-1,-1,-1,-1,fail:no_candidates
train/3-55/4.jpg,3,55,112,112,62,37,-1,-1,0,ok;no_hour
train/3-55/40.jpg,3,55,112,112,52,153,146,60,270,ok
train/3-55/41.jpg,3,55,112,112,30,152,-1,-1,270,ok;no_hour
train/3-55/42.jpg,3,55,112,112,206,64,80,158,90,ok
train/3-55/43.jpg,3,55,112,112,-1,-1,-1,-1,-1,fail:no_candidates
train/3-55/45.jpg,3,55,112,112,169,200,62,79,180,ok
train/3-55/46.jpg,3,55,112,112,36,161,142,67,270,ok
train/3-55/48.jpg,3,55,112,112,61,147,138,44,270,ok
train/3-55/51.jpg,3,55,112,112,38,160,142,67,270,ok
train/3-55/52.jpg,3,55,112,112,72,31,-1,-1,0,ok;no_hour
train/3-55/54.jpg,3,55,112,112,-1,-1,-1,-1,-1,fail:no_candidates
train/3-55/55.jpg,3,55,112,112,-1,-1,-1,-1,-1,fail:no_candidates
train/3-55/56.jpg,3,55,112,112,38,161,143,64,270,ok
train/3-55/57.jpg,3,55,112,112,68,23,161,144,0,ok
train/3-55/58.jpg,3,55,112,112,192,71,89,166,90,ok
train/3-55/59.jpg,3,55,112,112,91,87,-1,-1,0,ok;no_hour
train/3-55/6.jpg,3,55,112,112,71,32,158,142,0,ok
train/3-55/60.jpg,3,55,112,112,68,47,-1,-1,0,ok;no_hour
train/3-55/61.jpg,3,55,112,112,69,27,167,134,0,ok
train/3-55/62.jpg,3,55,112,112,65,43,166,133,0,ok
train/3-55/63.jpg,3,55,112,112,37,161,143,65,270,ok
train/3-55/64.jpg,3,55,112,112,55,24,-1,-1,0,ok;no_hour
train/3-55/65.jpg,3,55,112,112,81,47,164,131,0,ok
train/3-55/67.jpg,3,55,112,112,206,64,79,161,90,ok
train/3-55/68.jpg,3,55,112,112,25,154,-1,-1,270,ok;no_hour
train/3-55/69.jpg,3,55,112,112,71,53,160,143,0,ok
train/3-55/7.jpg,3,55,112,112,73,56,-1,-1,0,ok;no_hour
train/3-55/70.jpg,3,55,112,112,65,20,-1,-1,0,ok;no_hour
train/3-55/71.jpg,3,55,112,112,-1,-1,-1,-1,-1,fail:no_candidates
train/3-55/72.jpg,3,55,112,112,161,187,62,79,180,ok
train/3-55/73.jpg,3,55,112,112,191,73,78,162,90,ok
train/3-55/76.jpg,3,55,112,112,191,72,90,166,90,ok
train/3-55/79.jpg,3,55,112,112,70,52,175,136,0,ok
train/3-55/8.jpg,3,55,112,112,24,169,143,64,270,ok
train/3-55/81.jpg,3,55,112,112,62,34,160,142,0,ok
train/3-55/82.jpg,3,55,112,112,191,72,79,161,90,ok
train/3-55/83.jpg,3,55,112,112,52,138,143,65,270,ok
train/3-55/85.jpg,3,55,112,112,72,31,162,144,0,ok
train/3-55/86.jpg,3,55,112,112,70,27,-1,-1,0,ok;no_hour
train/3-55/87.jpg,3,55,112,112,61,35,166,133,0,ok
train/3-55/88.jpg,3,55,112,112,51,140,142,66,270,ok
train/3-55/89.jpg,3,55,112,112,23,169,143,62,270,ok
train/3-55/9.jpg,3,55,112,112,37,161,142,67,270,ok
train/3-55/90.jpg,3,55,112,112,192,61,90,164,90,ok
train/3-55/91.jpg,3,55,112,112,63,146,143,65,270,ok
train/3-55/92.jpg,3,55,112,112,61,34,165,132,0,ok
train/3-55/94.jpg,3,55,112,112,-1,-1,-1,-1,-1,fail:no_candidates
train/3-55/95.jpg,3,55,112,112,54,23,-1,-1,0,ok;no_hour
train/3-55/96.jpg,3,55,112,112,69,49,-1,-1,0,ok;no_hour
train/3-55/97.jpg,3,55,112,112,67,22,159,143,0,ok
train/3-55/98.jpg,3,55,112,112,176,81,79,161,90,ok
train/4-00/0.jpg,4,0,112,112,195,117,92,159,90,ok
train/4-00/10.jpg,4,0,112,112,106,22,164,135,0,ok
train/4-00/11.jpg,4,0,112,112,-1,-1,-1,-1,-1,fail:no_candidates
train/4-00/12.jpg,4,0,112,112,53,116,146,65,270,ok
train/4-00/13.jpg,4,0,112,112,116,172,67,77,180,ok
train/4-00/15.jpg,4,0,112,112,116,178,58,87,180,ok
train/4-00/16.jpg,4,0,112,112,117,35,164,135,0,ok
train/4-00/17.jpg,4,0,112,112,117,34,164,135,0,ok
train/4-00/18.jpg,4,0,112,112,117,165,63,74,180,ok
train/4-00/2.jpg,4,0,112,112,117,10,164,135,0,ok
train/4-00/20.jpg,4,0,112,112,117,29,163,134,0,ok
train/4-00/21.jpg,4,0,112,112,118,40,164,134,0,ok
train/4-00/22.jpg,4,0,112,112,106,22,158,146,0,ok
train/4-00/23.jpg,4,0,112,112,116,173,-1,-1,180,ok;no_hour
train/4-00/24.jpg,4,0,112,112,117,35,165,136,0,ok
train/4-00/26.jpg,4,0,112,112,106,13,-1,-1,0,ok;no_hour
train/4-00/27.jpg,4,0,112,112,118,66,192,151,0,ok
train/4-00/28.jpg,4,0,112,112,117,34,165,135,0,ok
train/4-00/3.jpg,4,0,112,112,172,105,88,165,90,ok
train/4-00/31.jpg,4,0,112,112,116,177,59,88,180,ok
train/4-00/32.jpg,4,0,112,112,177,117,89,163,90,ok
train/4-00/33.jpg,4,0,112,112,184,118,88,165,90,ok
train/4-00/34.jpg,4,0,112,112,106,23,165,136,0,ok
train/4-00/35.jpg,4,0,112,112,98,46,-1,-1,0,ok;no_hour
train/4-00/36.jpg,4,0,112,112,-1,-1,-1,-1,-1,fail:no_candidates
train/4-00/37.jpg,4,0,112,112,48,116,146,64,270,ok
train/4-00/38.jpg,4,0,112,112,21,116,145,67,270,ok
train/4-00/39.jpg,4,0,112,112,-1,-1,-1,-1,-1,fail:no_candidates
train/4-00/4.jpg,4,0,112,112,117,31,164,135,0,ok
train/4-00/42.jpg,4,0,112,112,106,16,165,136,0,ok
train/4-00/43.jpg,4,0,112,112,-1,-1,-1,-1,-1,fail:no_candidates
train/4-00/44.jpg,4,0,112,112,203,118,89,164,90,ok
train/4-00/45.jpg,4,0,112,112,117,27,164,135,0,ok
train/4-00/46.jpg,4,0,112,112,116,184,67,77,180,ok
train/4-00/47.jpg,4,0,112,112,117,196,-1,-1,180,ok;no_hour
train/4-00/48.jpg,4,0,112,112,118,48,165,134,0,ok
train/4-00/50.jpg,4,0,112,112,54,117,161,42,270,ok
train/4-00/51.jpg,4,0,112,112,117,20,165,136,0,ok
train/4-00/53.jpg,4,0,112,112,88,117,136,58,270,ok
train/4-00/54.jpg,4,0,112,112,138,106,-1,-1,90,ok;no_hour
train/4-00/55.jpg,4,0,112,112,109,10,162,137,0,ok
train/4-00/56.jpg,4,0,112,112,116,191,58,87,180,ok
train/4-00/58.jpg,4,0,112,112,-1,-1,-1,-1,-1,fail:no_candidates
train/4-00/6.jpg,4,0,112,112,107,47,162,134,0,ok
train/4-00/60.jpg,4,0,112,112,117,36,158,146,0,ok
train/4-00/61.jpg,4,0,112,112,117,35,165,135,0,ok
train/4-00/62.jpg,4,0,112,112,33,116,146,64,270,ok
train/4-00/63.jpg,4,0,112,112,190,117,89,164,90,ok
train/4-00/64.jpg,4,0,112,112,116,198,58,87,180,ok
train/4-00/65.jpg,4,0,112,112,118,46,165,135,0,ok
train/4-00/66.jpg,4,0,112,112,117,49,164,135,0,ok
train/4-00/67.jpg,4,0,112,112,20,116,145,69,270,ok
train/4-00/68.jpg,4,0,112,112,195,117,-1,-1,90,ok;no_hour
train/4-00/69.jpg,4,0,112,112,45,116,136,58,270,ok
train/4-00/7.jpg,4,0,112,112,106,47,165,136,0,ok
train/4-00/70.jpg,4,0,112,112,118,69,-1,-1,0,ok;no_hour
train/4-00/71.jpg,4,0,112,112,-1,-1,-1,-1,-1,fail:no_candidates
train/4-00/72.jpg,4,0,112,112,106,22,163,134,0,ok
train/4-00/73.jpg,4,0,112,112,166,117,83,174,90,ok
train/4-00/76.jpg,4,0,112,112,117,33,157,145,0,ok
train/4-00/77.jpg,4,0,112,112,55,113,-1,-1,270,ok;no_hour
train/4-00/79.jpg,4,0,112,112,117,55,164,134,0,ok
train/4-00/8.jpg,4,0,112,112,216,117,88,165,90,ok
train/4-00/82.jpg,4,0,112,112,32,116,134,60,270,ok
train/4-00/84.jpg,4,0,112,112,46,117,145,68,270,ok
train/4-00/85.jpg,4,0,112,112,116,167,76,83,180,ok
train/4-00/86.jpg,4,0,112,112,116,190,59,88,180,ok
train/4-00/87.jpg,4,0,112,112,117,35,165,136,0,ok
train/4-00/89.jpg,4,0,112,112,106,47,165,136,0,ok
train/4-00/9.jpg,4,0,112,112,117,47,164,135,0,ok
train/4-00/90.jpg,4,0,112,112,-1,-1,-1,-1,-1,fail:no_candidates
train/4-00/91.jpg,4,0,112,112,117,169,69,78,180,ok
train/4-00/92.jpg,4,0,112,112,117,17,164,135,0,ok
train/4-00/93.jpg,4,0,112,112,117,35,164,135,0,ok
train/4-00/94.jpg,4,0,112,112,47,116,145,67,270,ok
train/4-00/95.jpg,4,0,112,112,116,196,58,87,180,ok
train/4-00/96.jpg,4,0,112,112,46,117,135,58,270,ok
train/4-00/97.jpg,4,0,112,112,19,116,136,58,270,ok
train/4-00/98.jpg,4,0,112,112,116,177,58,87,180,ok
train/4-00/99.jpg,4,0,112,112,44,117,136,58,270,ok
train/4-05/1.jpg,4,5,112,112,82,176,60,87,180,ok
train/4-05/10.jpg,4,5,112,112,23,66,147,69,270,ok
train/4-05/11.jpg,4,5,112,112,-1,-1,-1,-1,-1,fail:no_candidates
train/4-05/12.jpg,4,5,112,112,168,25,177,146,0,ok
train/4-05/14.jpg,4,5,112,112,137,59,-1,-1,0,ok;no_hour
train/4-05/16.jpg,4,5,112,112,68,199,71,77,180,ok
train/4-05/17.jpg,4,5,112,112,198,168,86,163,90,ok
train/4-05/18.jpg,4,5,112,112,163,37,184,167,0,ok
train/4-05/19.jpg,4,5,112,112,27,68,138,59,270,ok
train/4-05/2.jpg,4,5,112,112,31,71,147,69,270,ok
train/4-05/21.jpg,4,5,112,112,155,26,156,148,0,ok
train/4-05/22.jpg,4,5,112,112,143,47,-1,-1,0,ok;no_hour
train/4-05/23.jpg,4,5,112,112,85,164,-1,-1,180,ok;no_hour
train/4-05/25.jpg,4,5,112,112,-1,-1,-1,-1,-1,fail:no_candidates
train/4-05/26.jpg,4,5,112,112,156,23,164,138,0,ok
train/4-05/28.jpg,4,5,112,112,71,194,59,86,180,ok
train/4-05/29.jpg,4,5,112,112,-1,-1,-1,-1,-1,fail:no_candidates
train/4-05/30.jpg,4,5,112,112,161,34,164,138,0,ok
train/4-05/31.jpg,4,5,112,112,75,186,69,76,180,ok
train/4-05/32.jpg,4,5,112,112,27,70,147,69,270,ok
train/4-05/33.jpg,4,5,112,112,195,153,86,164,90,ok
train/4-05/34.jpg,4,5,112,112,160,39,164,138,0,ok
train/4-05/35.jpg,4,5,112,112,87,152,-1,-1,180,ok;no_hour
train/4-05/36.jpg,4,5,112,112,-1,-1,-1,-1,-1,fail:no_candidates
train/4-05/37.jpg,4,5,112,112,68,198,69,76,180,ok
train/4-05/38.jpg,4,5,112,112,72,191,59,85,180,ok
train/4-05/39.jpg,4,5,112,112,-1,-1,-1,-1,-1,fail:no_candidates
train/4-05/40.jpg,4,5,112,112,161,37,183,166,0,ok
train/4-05/41.jpg,4,5,112,112,164,30,-1,-1,0,ok;no_hour
train/4-05/43.jpg,4,5,112,112,-1,-1,-1,-1,-1,fail:no_candidates
train/4-05/44.jpg,4,5,112,112,189,163,86,164,90,ok
train/4-05/45.jpg,4,5,112,112,85,164,-1,-1,180,ok;no_hour
train/4-05/46.jpg,4,5,112,112,161,36,163,136,0,ok
train/4-05/47.jpg,4,5,112,112,19,65,148,67,270,ok
train/4-05/48.jpg,4,5,112,112,159,17,153,148,0,ok
train/4-05/49.jpg,4,5,112,112,152,31,162,136,0,ok
train/4-05/5.jpg,4,5,112,112,161,37,156,148,0,ok
train/4-05/50.jpg,4,5,112,112,82,171,-1,-1,180,ok;no_hour
train/4-05/51.jpg,4,5,112,112,187,161,85,164,90,ok
train/4-05/52.jpg,4,5,112,112,70,193,59,86,180,ok
train/4-05/53.jpg,4,5,112,112,159,18,156,148,0,ok
train/4-05/54.jpg,4,5,112,112,78,76,-1,-1,270,ok;no_hour
train/4-05/57.jpg,4,5,112,112,54,201,57,85,180,ok
train/4-05/58.jpg,4,5,112,112,-1,-1,-1,-1,-1,fail:no_candidates
train/4-05/59.jpg,4,5,112,112,122,82,134,135,0,ok
train/4-05/6.jpg,4,5,112,112,-1,-1,-1,-1,-1,fail:no_candidates
train/4-05/60.jpg,4,5,112,112,159,19,163,137,0,ok
train/4-05/61.jpg,4,5,112,112,30,71,148,67,270,ok
train/4-05/62.jpg,4,5,112,112,161,35,163,137,0,ok
train/4-05/63.jpg,4,5,112,112,161,37,156,148,0,ok
train/4-05/64.jpg,4,5,112,112,32,72,147,69,270,ok
train/4-05/65.jpg,4,5,112,112,48,116,-1,-1,270,warn:rot_err=33.6;no_hour
train/4-05/69.jpg,4,5,112,112,158,17,164,138,0,ok
train/4-05/7.jpg,4,5,112,112,161,36,163,137,0,ok
train/4-05/71.jpg,4,5,112,112,192,151,87,163,90,ok
train/4-05/72.jpg,4,5,112,112,71,192,69,76,180,ok
train/4-05/73.jpg,4,5,112,112,160,39,157,148,0,ok
train/4-05/74.jpg,4,5,112,112,152,30,157,148,0,ok
train/4-05/75.jpg,4,5,112,112,71,193,62,88,180,ok
train/4-05/76.jpg,4,5,112,112,85,164,-1,-1,180,ok;no_hour
train/4-05/77.jpg,4,5,112,112,85,167,-1,-1,180,ok;no_hour
train/4-05/78.jpg,4,5,112,112,160,36,164,138,0,ok
train/4-05/79.jpg,4,5,112,112,88,164,-1,-1,180,ok;no_hour
train/4-05/8.jpg,4,5,112,112,66,202,59,86,180,ok
train/4-05/80.jpg,4,5,112,112,143,45,156,148,0,ok
train/4-05/82.jpg,4,5,112,112,66,201,69,76,180,ok
train/4-05/83.jpg,4,5,112,112,71,193,59,86,180,ok
train/4-05/85.jpg,4,5,112,112,31,72,147,69,270,ok
train/4-05/86.jpg,4,5,112,112,29,71,147,69,270,ok
train/4-05/87.jpg,4,5,112,112,156,23,162,136,0,ok
train/4-05/9.jpg,4,5,112,112,147,38,155,147,0,ok
train/4-05/90.jpg,4,5,112,112,163,139,-1,-1,90,ok;no_hour
train/4-05/91.jpg,4,5,112,112,152,30,156,148,0,ok
train/4-05/92.jpg,4,5,112,112,72,191,67,75,180,ok
train/4-05/93.jpg,4,5,112,112,72,191,67,75,180,ok
train/4-05/94.jpg,4,5,112,112,-1,-1,-1,-1,-1,fail:no_candidates
train/4-05/95.jpg,4,5,112,112,157,20,163,137,0,ok
train/4-05/96.jpg,4,5,112,112,144,44,157,148,0,ok
train/4-05/97.jpg,4,5,112,112,163,34,156,148,0,ok
train/4-05/98.jpg,4,5,112,112,87,162,-1,-1,180,ok;no_hour
train/4-10/0.jpg,4,10,112,112,197,56,162,139,0,ok
train/4-10/1.jpg,4,10,112,112,173,69,162,139,0,ok
train/4-10/12.jpg,4,10,112,112,151,170,74,152,90,ok
train/4-10/13.jpg,4,10,112,112,64,41,-1,-1,270,ok;no_hour
train/4-10/14.jpg,4,10,112,112,131,160,65,166,90,ok
train/4-10/15.jpg,4,10,112,112,188,62,163,141,0,ok
train/4-10/17.jpg,4,10,112,112,161,188,-1,-1,90,ok;no_hour
train/4-10/18.jpg,4,10,112,112,188,61,165,141,0,ok
train/4-10/19.jpg,4,10,112,112,190,60,162,140,0,ok
train/4-10/2.jpg,4,10,112,112,67,24,149,70,270,ok
train/4-10/21.jpg,4,10,112,112,181,65,162,139,0,ok
train/4-10/22.jpg,4,10,112,112,68,74,150,45,270,ok
train/4-10/23.jpg,4,10,112,112,62,37,140,61,270,ok
train/4-10/24.jpg,4,10,112,112,41,158,71,74,180,ok
train/4-10/25.jpg,4,10,112,112,-1,-1,-1,-1,-1,fail:no_candidates
train/4-10/26.jpg,4,10,112,112,41,158,61,83,180,ok
train/4-10/27.jpg,4,10,112,112,164,189,72,156,90,ok
train/4-10/28.jpg,4,10,112,112,193,58,162,139,0,ok
train/4-10/29.jpg,4,10,112,112,34,163,67,72,180,ok
train/4-10/3.jpg,4,10,112,112,151,148,-1,-1,90,ok;no_hour
train/4-10/30.jpg,4,10,112,112,183,64,162,140,0,ok
train/4-10/31.jpg,4,10,112,112,180,66,162,140,0,ok
train/4-10/32.jpg,4,10,112,112,23,170,71,74,180,ok
train/4-10/33.jpg,4,10,112,112,64,41,150,69,270,ok
train/4-10/34.jpg,4,10,112,112,161,187,-1,-1,90,ok;no_hour
train/4-10/36.jpg,4,10,112,112,200,56,161,140,0,ok
train/4-10/37.jpg,4,10,112,112,83,50,140,61,270,ok
train/4-10/38.jpg,4,10,112,112,187,62,162,140,0,ok
train/4-10/39.jpg,4,10,112,112,-1,-1,-1,-1,-1,fail:no_candidates
train/4-10/4.jpg,4,10,112,112,195,57,162,140,0,ok
train/4-10/40.jpg,4,10,112,112,188,61,165,142,0,ok
train/4-10/41.jpg,4,10,112,112,193,70,-1,-1,0,ok;no_hour
train/4-10/42.jpg,4,10,112,112,53,151,74,76,180,ok
train/4-10/43.jpg,4,10,112,112,-1,-1,-1,-1,-1,fail:no_candidates
train/4-10/44.jpg,4,10,112,112,25,168,71,74,180,ok
train/4-10/45.jpg,4,10,112,112,197,68,153,149,0,ok
train/4-10/46.jpg,4,10,112,112,189,61,162,139,0,ok
train/4-10/47.jpg,4,10,112,112,198,68,155,150,0,ok
train/4-10/48.jpg,4,10,112,112,35,162,73,74,180,ok
train/4-10/49.jpg,4,10,112,112,62,37,149,70,270,ok
train/4-10/50.jpg,4,10,112,112,154,175,74,175,90,ok
train/4-10/51.jpg,4,10,112,112,62,37,140,61,270,ok
train/4-10/52.jpg,4,10,112,112,48,154,69,73,180,ok
train/4-10/53.jpg,4,10,112,112,152,170,83,162,90,ok
train/4-10/54.jpg,4,10,112,112,82,80,-1,-1,270,ok;no_hour
train/4-10/55.jpg,4,10,112,112,-1,-1,-1,-1,-1,fail:no_candidates
train/4-10/57.jpg,4,10,112,112,91,90,153,65,270,ok
train/4-10/58.jpg,4,10,112,112,54,23,148,72,270,ok
train/4-10/6.jpg,4,10,112,112,62,35,140,61,270,ok
train/4-10/60.jpg,4,10,112,112,159,183,-1,-1,90,ok;no_hour
train/4-10/61.jpg,4,10,112,112,168,198,73,154,90,ok
train/4-10/62.jpg,4,10,112,112,180,66,162,140,0,ok
train/4-10/63.jpg,4,10,112,112,193,70,155,150,0,ok
train/4-10/64.jpg,4,10,112,112,193,70,162,140,0,ok
train/4-10/65.jpg,4,10,112,112,175,113,-1,-1,0,warn:rot_err=30.9;no_hour
train/4-10/66.jpg,4,10,112,112,178,67,162,140,0,ok
train/4-10/67.jpg,4,10,112,112,48,154,69,73,180,ok
train/4-10/68.jpg,4,10,112,112,34,165,-1,-1,180,ok;no_hour
train/4-10/69.jpg,4,10,112,112,154,175,83,162,90,ok
train/4-10/70.jpg,4,10,112,112,62,37,-1,-1,270,ok;no_hour
train/4-10/71.jpg,4,10,112,112,71,30,140,61,270,ok
train/4-10/72.jpg,4,10,112,112,205,63,162,140,0,ok
train/4-10/75.jpg,4,10,112,112,37,161,69,73,180,ok
train/4-10/76.jpg,4,10,112,112,36,160,68,73,180,ok
train/4-10/78.jpg,4,10,112,112,191,72,162,140,0,ok
train/4-10/8.jpg,4,10,112,112,197,56,162,139,0,ok
train/4-10/82.jpg,4,10,112,112,57,29,140,61,270,ok
train/4-10/83.jpg,4,10,112,112,175,69,163,141,0,ok
train/4-10/85.jpg,4,10,112,112,193,71,165,141,0,ok
train/4-10/87.jpg,4,10,112,112,158,182,-1,-1,90,ok;no_hour
train/4-10/89.jpg,4,10,112,112,152,172,76,149,90,ok
train/4-10/9.jpg,4,10,112,112,176,68,162,139,0,ok
train/4-10/90.jpg,4,10,112,112,160,187,74,154,90,ok
train/4-10/91.jpg,4,10,112,112,176,68,162,139,0,ok
train/4-10/92.jpg,4,10,112,112,197,68,162,140,0,ok
train/4-10/93.jpg,4,10,112,112,71,29,150,68,270,ok
train/4-10/96.jpg,4,10,112,112,150,69,-1,-1,0,ok;no_hour
train/4-10/97.jpg,4,10,112,112,198,55,155,150,0,ok
train/4-10/98.jpg,4,10,112,112,25,168,69,73,180,ok
train/4-10/99.jpg,4,10,112,112,169,72,163,141,0,ok
train/4-15/1.jpg,4,15,112,112,117,168,70,155,90,ok
train/4-15/10.jpg,4,15,112,112,26,116,71,72,180,ok
train/4-15/11.jpg,4,15,112,112,105,77,-1,-1,270,ok;no_hour
train/4-15/12.jpg,4,15,112,112,183,106,154,152,0,ok
train/4-15/14.jpg,4,15,112,112,63,164,-1,-1,90,warn:rot_err=43.3;no_hour
train/4-15/15.jpg,4,15,112,112,116,203,72,152,90,ok
train/4-15/16.jpg,4,15,112,112,33,116,69,71,180,ok
train/4-15/17.jpg,4,15,112,112,201,106,154,152,0,ok
train/4-15/18.jpg,4,15,112,112,169,106,161,158,0,ok
train/4-15/19.jpg,4,15,112,112,28,116,71,72,180,ok
train/4-15/2.jpg,4,15,112,112,196,106,154,152,0,ok
train/4-15/20.jpg,4,15,112,112,208,106,150,150,0,ok
train/4-15/21.jpg,4,15,112,112,117,213,71,153,90,ok
train/4-15/22.jpg,4,15,112,112,106,6,-1,-1,270,ok;no_hour
train/4-15/23.jpg,4,15,112,112,116,175,105,176,90,ok
train/4-15/24.jpg,4,15,112,112,33,116,71,72,180,ok
train/4-15/25.jpg,4,15,112,112,116,205,71,155,90,ok
train/4-15/26.jpg,4,15,112,112,106,31,151,71,270,ok
train/4-15/27.jpg,4,15,112,112,161,105,155,153,0,ok
train/4-15/28.jpg,4,15,112,112,68,70,-1,-1,180,warn:rot_err=43.7;no_hour
train/4-15/29.jpg,4,15,112,112,204,105,153,152,0,ok
train/4-15/3.jpg,4,15,112,112,69,69,-1,-1,180,warn:rot_err=45.0;no_hour
train/4-15/30.jpg,4,15,112,112,20,116,71,72,180,ok
train/4-15/31.jpg,4,15,112,112,193,106,154,152,0,ok
train/4-15/32.jpg,4,15,112,112,116,183,72,152,90,ok
train/4-15/33.jpg,4,15,112,112,105,18,152,70,270,ok
train/4-15/34.jpg,4,15,112,112,28,116,69,71,180,ok
train/4-15/35.jpg,4,15,112,112,74,118,88,84,180,ok
train/4-15/37.jpg,4,15,112,112,35,116,69,71,180,ok
train/4-15/38.jpg,4,15,112,112,21,116,71,72,180,ok
train/4-15/39.jpg,4,15,112,112,124,87,-1,-1,270,warn:rot_err=25.6;no_hour
train/4-15/4.jpg,4,15,112,112,24,116,71,72,180,ok
train/4-15/40.jpg,4,15,112,112,53,116,67,70,180,ok
train/4-15/41.jpg,4,15,112,112,57,78,-1,-1,180,warn:rot_err=31.7;no_hour
train/4-15/43.jpg,4,15,112,112,171,108,-1,-1,0,ok;no_hour
train/4-15/44.jpg,4,15,112,112,9,117,68,70,180,ok
train/4-15/47.jpg,4,15,112,112,9,117,68,70,180,ok
train/4-15/48.jpg,4,15,112,112,105,45,182,33,270,ok
train/4-15/49.jpg,4,15,112,112,116,168,71,154,90,ok
train/4-15/5.jpg,4,15,112,112,189,105,154,152,0,ok
train/4-15/50.jpg,4,15,112,112,176,105,151,151,0,ok
train/4-15/51.jpg,4,15,112,112,106,22,152,69,270,ok
train/4-15/53.jpg,4,15,112,112,44,117,68,70,180,ok
train/4-15/54.jpg,4,15,112,112,201,115,199,108,0,ok
train/4-15/56.jpg,4,15,112,112,7,116,71,72,180,ok
train/4-15/57.jpg,4,15,112,112,57,63,-1,-1,180,warn:rot_err=41.7;no_hour
train/4-15/59.jpg,4,15,112,112,106,80,-1,-1,270,ok;no_hour
train/4-15/6.jpg,4,15,112,112,-1,-1,-1,-1,-1,fail:no_candidates
train/4-15/61.jpg,4,15,112,112,117,208,70,156,90,ok
train/4-15/62.jpg,4,15,112,112,116,192,70,156,90,ok
train/4-15/63.jpg,4,15,112,112,195,105,151,151,0,ok
train/4-15/64.jpg,4,15,112,112,116,206,73,150,90,ok
train/4-15/65.jpg,4,15,112,112,113,47,-1,-1,270,ok;no_hour
train/4-15/66.jpg,4,15,112,112,203,106,154,152,0,ok
train/4-15/67.jpg,4,15,112,112,202,106,154,152,0,ok
train/4-15/69.jpg,4,15,112,112,116,185,71,154,90,ok
train/4-15/7.jpg,4,15,112,112,201,106,152,151,0,ok
train/4-15/70.jpg,4,15,112,112,27,116,23,105,180,ok
train/4-15/72.jpg,4,15,112,112,116,203,72,152,90,ok
train/4-15/73.jpg,4,15,112,112,116,172,71,153,90,ok
train/4-15/75.jpg,4,15,112,112,29,116,69,71,180,ok
train/4-15/76.jpg,4,15,112,112,31,116,69,71,180,ok
train/4-15/77.jpg,4,15,112,112,60,117,-1,-1,180,ok;no_hour
train/4-15/78.jpg,4,15,112,112,201,106,153,151,0,ok
train/4-15/80.jpg,4,15,112,112,117,187,71,153,90,ok
train/4-15/81.jpg,4,15,112,112,86,116,68,70,180,ok
train/4-15/82.jpg,4,15,112,112,208,106,152,151,0,ok
train/4-15/83.jpg,4,15,112,112,199,105,152,152,0,ok
train/4-15/84.jpg,4,15,112,112,191,105,151,151,0,ok
train/4-15/85.jpg,4,15,112,112,175,106,151,151,0,ok
train/4-15/86.jpg,4,15,112,112,195,106,154,152,0,ok
train/4-15/87.jpg,4,15,112,112,192,106,154,152,0,ok
train/4-15/88.jpg,4,15,112,112,206,106,154,152,0,ok
train/4-15/89.jpg,4,15,112,112,39,116,71,72,180,ok
train/4-15/90.jpg,4,15,112,112,200,106,153,151,0,ok
train/4-15/91.jpg,4,15,112,112,201,105,153,152,0,ok
train/4-15/92.jpg,4,15,112,112,20,116,71,72,180,ok
train/4-15/94.jpg,4,15,112,112,-1,-1,-1,-1,-1,fail:no_candidates
train/4-15/96.jpg,4,15,112,112,190,105,153,152,0,ok
train/4-15/99.jpg,4,15,112,112,184,105,151,151,0,ok
train/4-20/0.jpg,4,20,112,112,65,202,74,145,90,ok
train/4-20/1.jpg,4,20,112,112,144,43,153,72,270,ok
train/4-20/10.jpg,4,20,112,112,69,195,70,152,90,ok
train/4-20/11.jpg,4,20,112,112,70,198,-1,-1,90,ok;no_hour
train/4-20/13.jpg,4,20,112,112,31,72,74,71,180,ok
train/4-20/14.jpg,4,20,112,112,88,164,71,149,90,ok
train/4-20/15.jpg,4,20,112,112,191,151,148,151,0,ok
train/4-20/16.jpg,4,20,112,112,196,153,150,152,0,ok
train/4-20/18.jpg,4,20,112,112,164,135,159,159,0,ok
train/4-20/19.jpg,4,20,112,112,150,152,-1,-1,0,ok;no_hour
train/4-20/2.jpg,4,20,112,112,186,148,148,151,0,ok
train/4-20/20.jpg,4,20,112,112,31,72,73,71,180,ok
train/4-20/21.jpg,4,20,112,112,153,27,152,74,270,ok
train/4-20/22.jpg,4,20,112,112,155,39,-1,-1,270,ok;no_hour
train/4-20/24.jpg,4,20,112,112,185,147,150,152,0,ok
train/4-20/25.jpg,4,20,112,112,-1,-1,-1,-1,-1,fail:no_candidates
train/4-20/26.jpg,4,20,112,112,154,27,152,72,270,ok
train/4-20/28.jpg,4,20,112,112,183,146,151,153,0,ok
train/4-20/29.jpg,4,20,112,112,151,153,-1,-1,0,ok;no_hour
train/4-20/30.jpg,4,20,112,112,30,70,70,70,180,ok
train/4-20/31.jpg,4,20,112,112,45,80,73,71,180,ok
train/4-20/33.jpg,4,20,112,112,181,145,151,153,0,ok
train/4-20/34.jpg,4,20,112,112,203,158,148,151,0,ok
train/4-20/35.jpg,4,20,112,112,185,157,190,138,0,ok
train/4-20/36.jpg,4,20,112,112,149,151,-1,-1,0,ok;no_hour
train/4-20/37.jpg,4,20,112,112,180,144,145,149,0,ok
train/4-20/39.jpg,4,20,112,112,-1,-1,-1,-1,-1,fail:no_candidates
train/4-20/4.jpg,4,20,112,112,75,186,70,152,90,ok
train/4-20/40.jpg,4,20,112,112,87,166,73,146,90,ok
train/4-20/42.jpg,4,20,112,112,192,152,151,152,0,ok
train/4-20/43.jpg,4,20,112,112,-1,-1,-1,-1,-1,fail:no_candidates
train/4-20/44.jpg,4,20,112,112,200,156,151,153,0,ok
train/4-20/46.jpg,4,20,112,112,151,31,152,74,270,ok
train/4-20/47.jpg,4,20,112,112,155,23,152,74,270,ok
train/4-20/50.jpg,4,20,112,112,138,53,153,72,270,ok
train/4-20/51.jpg,4,20,112,112,73,190,70,152,90,ok
train/4-20/52.jpg,4,20,112,112,47,82,74,71,180,ok
train/4-20/53.jpg,4,20,112,112,191,150,151,153,0,ok
train/4-20/54.jpg,4,20,112,112,-1,-1,-1,-1,-1,fail:no_candidates
train/4-20/55.jpg,4,20,112,112,192,155,151,150,0,ok
train/4-20/56.jpg,4,20,112,112,155,24,152,73,270,ok
train/4-20/57.jpg,4,20,112,112,136,56,152,73,270,ok
train/4-20/58.jpg,4,20,112,112,-1,-1,-1,-1,-1,fail:no_candidates
train/4-20/59.jpg,4,20,112,112,121,83,-1,-1,270,ok;no_hour
train/4-20/60.jpg,4,20,112,112,35,75,75,72,180,ok
train/4-20/61.jpg,4,20,112,112,67,201,71,149,90,ok
train/4-20/62.jpg,4,20,112,112,29,71,74,71,180,ok
train/4-20/65.jpg,4,20,112,112,108,155,116,175,90,ok
train/4-20/66.jpg,4,20,112,112,146,40,152,73,270,ok
train/4-20/68.jpg,4,20,112,112,-1,-1,-1,-1,-1,fail:no_candidates
train/4-20/7.jpg,4,20,112,112,190,150,149,152,0,ok
train/4-20/70.jpg,4,20,112,112,186,148,-1,-1,0,ok;no_hour
train/4-20/71.jpg,4,20,112,112,146,40,153,72,270,ok
train/4-20/72.jpg,4,20,112,112,191,151,150,152,0,ok
train/4-20/74.jpg,4,20,112,112,71,193,71,149,90,ok
train/4-20/75.jpg,4,20,112,112,196,154,150,152,0,ok
train/4-20/76.jpg,4,20,112,112,153,30,152,73,270,ok
train/4-20/78.jpg,4,20,112,112,193,152,150,152,0,ok
train/4-20/79.jpg,4,20,112,112,135,60,135,58,270,ok
train/4-20/8.jpg,4,20,112,112,193,152,151,153,0,ok
train/4-20/80.jpg,4,20,112,112,79,181,70,151,90,ok
train/4-20/81.jpg,4,20,112,112,48,81,71,70,180,ok
train/4-20/82.jpg,4,20,112,112,195,153,150,152,0,ok
train/4-20/83.jpg,4,20,112,112,190,149,151,153,0,ok
train/4-20/84.jpg,4,20,112,112,177,143,151,153,0,ok
train/4-20/85.jpg,4,20,112,112,136,57,153,72,270,ok
train/4-20/86.jpg,4,20,112,112,30,72,75,72,180,ok
train/4-20/87.jpg,4,20,112,112,147,39,153,71,270,ok
train/4-20/88.jpg,4,20,112,112,183,146,148,151,0,ok
train/4-20/89.jpg,4,20,112,112,190,150,151,152,0,ok
train/4-20/9.jpg,4,20,112,112,179,143,152,153,0,ok
train/4-20/90.jpg,4,20,112,112,192,153,148,150,0,ok
train/4-20/91.jpg,4,20,112,112,84,173,71,149,90,ok
train/4-20/92.jpg,4,20,112,112,72,191,69,154,90,ok
train/4-20/93.jpg,4,20,112,112,190,150,150,152,0,ok
train/4-20/94.jpg,4,20,112,112,-1,-1,-1,-1,-1,fail:no_candidates
train/4-20/95.jpg,4,20,112,112,202,157,150,152,0,ok
train/4-20/96.jpg,4,20,112,112,177,143,152,153,0,ok
train/4-20/97.jpg,4,20,112,112,24,68,72,70,180,ok
train/4-20/99.jpg,4,20,112,112,170,139,152,153,0,ok
train/4-25/0.jpg,4,25,112,112,151,193,158,144,0,ok
train/4-25/10.jpg,4,25,112,112,151,191,158,145,0,ok
train/4-25/12.jpg,4,25,112,112,152,192,158,145,0,ok
train/4-25/13.jpg,4,25,112,112,151,192,158,145,0,ok
train/4-25/15.jpg,4,25,112,112,152,194,157,143,0,ok
train/4-25/16.jpg,4,25,112,112,147,184,158,145,0,ok
train/4-25/18.jpg,4,25,112,112,32,150,76,160,90,ok
train/4-25/19.jpg,4,25,112,112,153,195,156,143,0,ok
train/4-25/2.jpg,4,25,112,112,150,190,157,143,0,ok
train/4-25/20.jpg,4,25,112,112,157,202,158,145,0,ok
train/4-25/21.jpg,4,25,112,112,65,20,65,79,180,ok
train/4-25/22.jpg,4,25,112,112,31,152,-1,-1,90,ok;no_hour
train/4-25/23.jpg,4,25,112,112,57,27,64,76,180,ok
train/4-25/24.jpg,4,25,112,112,147,184,156,143,0,ok
train/4-25/26.jpg,4,25,112,112,200,68,147,64,270,ok
train/4-25/29.jpg,4,25,112,112,205,65,145,65,270,ok
train/4-25/3.jpg,4,25,112,112,151,195,160,146,0,ok
train/4-25/30.jpg,4,25,112,112,30,153,87,147,90,ok
train/4-25/31.jpg,4,25,112,112,150,190,158,145,0,ok
train/4-25/33.jpg,4,25,112,112,153,195,159,146,0,ok
train/4-25/36.jpg,4,25,112,112,-1,-1,-1,-1,-1,fail:no_candidates
train/4-25/37.jpg,4,25,112,112,144,179,159,147,0,ok
train/4-25/38.jpg,4,25,112,112,151,191,157,144,0,ok
train/4-25/39.jpg,4,25,112,112,-1,-1,-1,-1,-1,fail:no_candidates
train/4-25/4.jpg,4,25,112,112,151,191,158,145,0,ok
train/4-25/40.jpg,4,25,112,112,156,200,-1,-1,0,ok;no_hour
train/4-25/41.jpg,4,25,112,112,152,193,-1,-1,0,ok;no_hour
train/4-25/42.jpg,4,25,112,112,179,79,145,65,270,ok
train/4-25/43.jpg,4,25,112,112,20,159,86,148,90,ok
train/4-25/44.jpg,4,25,112,112,78,158,-1,-1,90,ok;no_hour
train/4-25/46.jpg,4,25,112,112,65,79,-1,-1,180,ok;no_hour
train/4-25/48.jpg,4,25,112,112,138,172,167,150,0,ok
train/4-25/49.jpg,4,25,112,112,152,193,158,144,0,ok
train/4-25/5.jpg,4,25,112,112,206,64,142,67,270,ok
train/4-25/50.jpg,4,25,112,112,162,89,143,67,270,ok
train/4-25/52.jpg,4,25,112,112,152,193,158,145,0,ok
train/4-25/53.jpg,4,25,112,112,175,82,144,65,270,ok
train/4-25/54.jpg,4,25,112,112,78,76,-1,-1,180,ok;no_hour
train/4-25/55.jpg,4,25,112,112,-1,-1,-1,-1,-1,fail:no_candidates
train/4-25/56.jpg,4,25,112,112,157,202,158,145,0,ok
train/4-25/57.jpg,4,25,112,112,183,79,147,62,270,ok
train/4-25/59.jpg,4,25,112,112,142,101,-1,-1,270,ok;no_hour
train/4-25/60.jpg,4,25,112,112,197,69,145,65,270,ok
train/4-25/61.jpg,4,25,112,112,71,30,64,77,180,ok
train/4-25/62.jpg,4,25,112,112,146,183,158,145,0,ok
train/4-25/63.jpg,4,25,112,112,151,192,159,146,0,ok
train/4-25/64.jpg,4,25,112,112,74,34,64,76,180,ok
train/4-25/65.jpg,4,25,112,112,109,178,-1,-1,0,warn:rot_err=32.6;no_hour
train/4-25/66.jpg,4,25,112,112,147,185,158,145,0,ok
train/4-25/67.jpg,4,25,112,112,193,71,140,69,270,ok
train/4-25/68.jpg,4,25,112,112,70,27,51,36,180,ok
train/4-25/7.jpg,4,25,112,112,152,193,158,145,0,ok
train/4-25/70.jpg,4,25,112,112,78,42,-1,-1,180,ok;no_hour
train/4-25/71.jpg,4,25,112,112,-1,-1,-1,-1,-1,fail:no_candidates
train/4-25/73.jpg,4,25,112,112,30,152,71,166,90,ok
train/4-25/74.jpg,4,25,112,112,59,134,79,158,90,ok
train/4-25/75.jpg,4,25,112,112,152,194,-1,-1,0,ok;no_hour
train/4-25/76.jpg,4,25,112,112,191,72,147,64,270,ok
train/4-25/77.jpg,4,25,112,112,53,110,-1,-1,90,warn:rot_err=31.9;no_hour
train/4-25/78.jpg,4,25,112,112,150,190,158,146,0,ok
train/4-25/79.jpg,4,25,112,112,136,165,-1,-1,0,ok;no_hour
train/4-25/80.jpg,4,25,112,112,143,180,158,144,0,ok
train/4-25/81.jpg,4,25,112,112,31,152,78,158,90,ok
train/4-25/82.jpg,4,25,112,112,155,198,158,145,0,ok
train/4-25/83.jpg,4,25,112,112,193,72,145,64,270,ok
train/4-25/84.jpg,4,25,112,112,70,29,65,79,180,ok
train/4-25/85.jpg,4,25,112,112,152,193,-1,-1,0,ok;no_hour
train/4-25/86.jpg,4,25,112,112,155,198,157,144,0,ok
train/4-25/87.jpg,4,25,112,112,147,186,158,145,0,ok
train/4-25/88.jpg,4,25,112,112,38,147,78,158,90,ok
train/4-25/89.jpg,4,25,112,112,140,171,156,143,0,ok
train/4-25/9.jpg,4,25,112,112,78,41,65,79,180,ok
train/4-25/90.jpg,4,25,112,112,30,153,84,152,90,ok
train/4-25/91.jpg,4,25,112,112,46,141,77,159,90,ok
train/4-25/92.jpg,4,25,112,112,151,191,158,145,0,ok
train/4-25/93.jpg,4,25,112,112,154,195,158,145,0,ok
train/4-25/94.jpg,4,25,112,112,-1,-1,-1,-1,-1,fail:no_candidates
train/4-25/95.jpg,4,25,112,112,71,28,64,76,180,ok
train/4-25/96.jpg,4,25,112,112,152,193,158,145,0,ok
train/4-25/99.jpg,4,25,112,112,175,82,144,65,270,ok
train/4-30/0.jpg,4,30,112,112,116,70,66,75,180,ok
train/4-30/10.jpg,4,30,112,112,137,116,146,67,270,ok
train/4-30/11.jpg,4,30,112,112,-1,-1,-1,-1,-1,fail:no_candidates
train/4-30/12.jpg,4,30,112,112,67,77,-1,-1,90,warn:rot_err=37.9;no_hour
train/4-30/13.jpg,4,30,112,112,77,156,-1,-1,0,warn:rot_err=38.5;no_hour
train/4-30/14.jpg,4,30,112,112,105,142,157,146,0,ok
train/4-30/16.jpg,4,30,112,112,105,196,156,147,0,ok
train/4-30/17.jpg,4,30,112,112,105,215,156,147,0,ok
train/4-30/18.jpg,4,30,112,112,156,57,-1,-1,180,warn:rot_err=38.7;no_hour
train/4-30/19.jpg,4,30,112,112,75,106,85,148,90,ok
train/4-30/2.jpg,4,30,112,112,66,74,-1,-1,90,warn:rot_err=39.6;no_hour
train/4-30/21.jpg,4,30,112,112,117,67,66,76,180,ok
train/4-30/23.jpg,4,30,112,112,103,210,156,147,0,ok
train/4-30/24.jpg,4,30,112,112,106,156,156,147,0,ok
train/4-30/26.jpg,4,30,112,112,117,28,67,77,180,ok
train/4-30/27.jpg,4,30,112,112,66,105,68,166,90,ok
train/4-30/28.jpg,4,30,112,112,105,201,156,145,0,ok
train/4-30/29.jpg,4,30,112,112,148,66,-1,-1,180,warn:rot_err=38.0;no_hour
train/4-30/30.jpg,4,30,112,112,105,201,156,148,0,ok
train/4-30/31.jpg,4,30,112,112,137,116,148,66,270,ok
train/4-30/33.jpg,4,30,112,112,118,34,66,76,180,ok
train/4-30/35.jpg,4,30,112,112,164,106,-1,-1,270,ok;no_hour
train/4-30/37.jpg,4,30,112,112,106,143,156,147,0,ok
train/4-30/38.jpg,4,30,112,112,23,105,77,156,90,ok
train/4-30/39.jpg,4,30,112,112,86,125,-1,-1,90,warn:rot_err=26.6;no_hour
train/4-30/4.jpg,4,30,112,112,116,69,67,77,180,ok
train/4-30/40.jpg,4,30,112,112,157,55,-1,-1,180,warn:rot_err=38.3;no_hour
train/4-30/43.jpg,4,30,112,112,106,156,-1,-1,0,ok;no_hour
train/4-30/44.jpg,4,30,112,112,105,159,156,146,0,ok
train/4-30/45.jpg,4,30,112,112,105,201,156,148,0,ok
train/4-30/46.jpg,4,30,112,112,67,106,77,156,90,ok
train/4-30/47.jpg,4,30,112,112,105,159,156,145,0,ok
train/4-30/48.jpg,4,30,112,112,104,173,147,136,0,ok
train/4-30/5.jpg,4,30,112,112,65,105,78,156,90,ok
train/4-30/50.jpg,4,30,112,112,105,139,155,144,0,ok
train/4-30/51.jpg,4,30,112,112,106,156,156,147,0,ok
train/4-30/52.jpg,4,30,112,112,22,105,78,156,90,ok
train/4-30/53.jpg,4,30,112,112,105,159,156,145,0,ok
train/4-30/54.jpg,4,30,112,112,78,76,-1,-1,180,warn:rot_err=43.4;no_hour
train/4-30/55.jpg,4,30,112,112,-1,-1,-1,-1,-1,fail:no_candidates
train/4-30/56.jpg,4,30,112,112,154,116,148,66,270,ok
train/4-30/57.jpg,4,30,112,112,64,74,-1,-1,90,warn:rot_err=38.4;no_hour
train/4-30/58.jpg,4,30,112,112,139,74,-1,-1,180,warn:rot_err=35.4;no_hour
train/4-30/59.jpg,4,30,112,112,142,116,-1,-1,270,ok;no_hour
train/4-30/6.jpg,4,30,112,112,118,43,66,75,180,ok
train/4-30/60.jpg,4,30,112,112,105,192,157,149,0,ok
train/4-30/61.jpg,4,30,112,112,33,105,78,156,90,ok
train/4-30/62.jpg,4,30,112,112,72,82,-1,-1,90,warn:rot_err=36.9;no_hour
train/4-30/64.jpg,4,30,112,112,117,25,67,77,180,ok
train/4-30/65.jpg,4,30,112,112,-1,-1,-1,-1,-1,fail:no_candidates
train/4-30/66.jpg,4,30,112,112,67,106,83,150,90,ok
train/4-30/67.jpg,4,30,112,112,106,156,156,146,0,ok
train/4-30/68.jpg,4,30,112,112,105,209,-1,-1,0,ok;no_hour
train/4-30/69.jpg,4,30,112,112,78,106,77,156,90,ok
train/4-30/7.jpg,4,30,112,112,136,116,146,67,270,ok
train/4-30/71.jpg,4,30,112,112,150,117,147,66,270,ok
train/4-30/72.jpg,4,30,112,112,106,143,156,147,0,ok
train/4-30/73.jpg,4,30,112,112,106,139,155,144,0,ok
train/4-30/75.jpg,4,30,112,112,105,201,155,144,0,ok
train/4-30/77.jpg,4,30,112,112,109,169,145,115,0,ok
train/4-30/78.jpg,4,30,112,112,105,200,156,148,0,ok
train/4-30/79.jpg,4,30,112,112,105,169,140,129,0,ok
train/4-30/8.jpg,4,30,112,112,106,143,-1,-1,0,ok;no_hour
train/4-30/81.jpg,4,30,112,112,-1,-1,-1,-1,-1,fail:no_candidates
train/4-30/82.jpg,4,30,112,112,106,156,157,149,0,ok
train/4-30/83.jpg,4,30,112,112,104,182,157,147,0,ok
train/4-30/84.jpg,4,30,112,112,105,184,156,145,0,ok
train/4-30/85.jpg,4,30,112,112,106,146,156,145,0,ok
train/4-30/86.jpg,4,30,112,112,116,69,67,77,180,ok
train/4-30/87.jpg,4,30,112,112,105,196,156,147,0,ok
train/4-30/9.jpg,4,30,112,112,117,38,68,79,180,ok
train/4-30/90.jpg,4,30,112,112,192,116,145,69,270,ok
train/4-30/91.jpg,4,30,112,112,105,158,157,147,0,ok
train/4-30/92.jpg,4,30,112,112,106,156,147,138,0,ok
train/4-30/93.jpg,4,30,112,112,117,37,67,77,180,ok
train/4-30/94.jpg,4,30,112,112,-1,-1,-1,-1,-1,fail:no_candidates
train/4-30/96.jpg,4,30,112,112,104,199,156,145,0,ok
train/4-30/97.jpg,4,30,112,112,68,79,-1,-1,90,warn:rot_err=36.9;no_hour
train/4-30/98.jpg,4,30,112,112,106,156,156,147,0,ok
train/4-30/99.jpg,4,30,112,112,179,118,145,67,270,ok
train/4-35/1.jpg,4,35,112,112,80,179,146,159,0,ok
train/4-35/10.jpg,4,35,112,112,186,161,159,75,270,ok
train/4-35/11.jpg,4,35,112,112,-1,-1,-1,-1,-1,fail:no_candidates
train/4-35/12.jpg,4,35,112,112,23,54,71,155,90,ok
train/4-35/13.jpg,4,35,112,112,61,189,145,158,0,ok
train/4-35/14.jpg,4,35,112,112,152,28,81,67,180,ok
train/4-35/16.jpg,4,35,112,112,188,161,159,76,270,ok
train/4-35/19.jpg,4,35,112,112,160,37,76,64,180,ok
train/4-35/20.jpg,4,35,112,112,59,192,155,151,0,ok
train/4-35/21.jpg,4,35,112,112,54,200,155,150,0,ok
train/4-35/22.jpg,4,35,112,112,72,192,145,158,0,ok
train/4-35/23.jpg,4,35,112,112,42,78,72,155,90,ok
train/4-35/26.jpg,4,35,112,112,156,45,77,65,180,ok
train/4-35/30.jpg,4,35,112,112,71,192,154,150,0,ok
train/4-35/31.jpg,4,35,112,112,150,56,68,72,180,ok
train/4-35/32.jpg,4,35,112,112,85,169,154,150,0,ok
train/4-35/33.jpg,4,35,112,112,35,61,73,155,90,ok
train/4-35/35.jpg,4,35,112,112,60,191,146,157,0,ok
train/4-35/36.jpg,4,35,112,112,-1,-1,-1,-1,-1,fail:no_candidates
train/4-35/37.jpg,4,35,112,112,67,200,145,158,0,ok
train/4-35/38.jpg,4,35,112,112,62,187,146,158,0,ok
train/4-35/39.jpg,4,35,112,112,-1,-1,-1,-1,-1,fail:no_candidates
train/4-35/4.jpg,4,35,112,112,62,186,147,159,0,ok
train/4-35/41.jpg,4,35,112,112,161,37,-1,-1,180,ok;no_hour
train/4-35/42.jpg,4,35,112,112,61,189,154,150,0,ok
train/4-35/43.jpg,4,35,112,112,-1,-1,-1,-1,-1,fail:no_candidates
train/4-35/45.jpg,4,35,112,112,191,163,159,76,270,ok
train/4-35/46.jpg,4,35,112,112,187,161,158,78,270,ok
train/4-35/47.jpg,4,35,112,112,71,193,155,150,0,ok
train/4-35/48.jpg,4,35,112,112,137,53,76,62,180,ok
train/4-35/49.jpg,4,35,112,112,171,152,151,68,270,ok
train/4-35/5.jpg,4,35,112,112,156,47,67,71,180,ok
train/4-35/50.jpg,4,35,112,112,78,159,161,176,0,ok
train/4-35/51.jpg,4,35,112,112,61,189,147,159,0,ok
train/4-35/52.jpg,4,35,112,112,68,175,154,149,0,ok
train/4-35/53.jpg,4,35,112,112,186,161,159,77,270,ok
train/4-35/55.jpg,4,35,112,112,188,158,155,76,270,ok
train/4-35/56.jpg,4,35,112,112,189,162,158,78,270,ok
train/4-35/57.jpg,4,35,112,112,76,163,161,157,0,ok
train/4-35/58.jpg,4,35,112,112,-1,-1,-1,-1,-1,fail:no_candidates
train/4-35/59.jpg,4,35,112,112,151,65,-1,-1,180,ok;no_hour
train/4-35/6.jpg,4,35,112,112,-1,-1,-1,-1,-1,fail:no_candidates
train/4-35/61.jpg,4,35,112,112,69,196,146,159,0,ok
train/4-35/62.jpg,4,35,112,112,187,161,151,68,270,ok
train/4-35/63.jpg,4,35,112,112,71,193,155,150,0,ok
train/4-35/64.jpg,4,35,112,112,166,29,69,74,180,ok
train/4-35/66.jpg,4,35,112,112,73,190,155,151,0,ok
train/4-35/67.jpg,4,35,112,112,63,205,154,149,0,ok
train/4-35/68.jpg,4,35,112,112,33,59,76,153,90,ok
train/4-35/69.jpg,4,35,112,112,150,57,68,72,180,ok
train/4-35/7.jpg,4,35,112,112,30,71,72,155,90,ok
train/4-35/70.jpg,4,35,112,112,69,175,-1,-1,0,ok;no_hour
train/4-35/71.jpg,4,35,112,112,-1,-1,-1,-1,-1,fail:no_candidates
train/4-35/72.jpg,4,35,112,112,61,189,155,152,0,ok
train/4-35/73.jpg,4,35,112,112,187,161,166,72,270,ok
train/4-35/74.jpg,4,35,112,112,77,161,155,150,0,ok
train/4-35/75.jpg,4,35,112,112,61,189,154,149,0,ok
train/4-35/76.jpg,4,35,112,112,71,192,154,150,0,ok
train/4-35/77.jpg,4,35,112,112,158,36,70,72,180,ok
train/4-35/78.jpg,4,35,112,112,71,193,154,151,0,ok
train/4-35/79.jpg,4,35,112,112,77,160,154,168,0,ok
train/4-35/8.jpg,4,35,112,112,30,58,73,155,90,ok
train/4-35/80.jpg,4,35,112,112,80,178,155,150,0,ok
train/4-35/81.jpg,4,35,112,112,-1,-1,-1,-1,-1,fail:no_candidates
train/4-35/82.jpg,4,35,112,112,66,200,155,151,0,ok
train/4-35/83.jpg,4,35,112,112,61,188,155,149,0,ok
train/4-35/84.jpg,4,35,112,112,71,193,155,150,0,ok
train/4-35/85.jpg,4,35,112,112,161,36,68,73,180,ok
train/4-35/86.jpg,4,35,112,112,187,161,151,68,270,ok
train/4-35/87.jpg,4,35,112,112,66,200,148,159,0,ok
train/4-35/88.jpg,4,35,112,112,74,188,155,151,0,ok
train/4-35/89.jpg,4,35,112,112,160,39,69,74,180,ok
train/4-35/9.jpg,4,35,112,112,37,61,74,154,90,ok
train/4-35/92.jpg,4,35,112,112,61,189,147,159,0,ok
train/4-35/93.jpg,4,35,112,112,60,190,155,151,0,ok
train/4-35/94.jpg,4,35,112,112,70,192,153,149,0,ok
train/4-35/96.jpg,4,35,112,112,71,193,146,159,0,ok
train/4-35/97.jpg,4,35,112,112,193,152,159,77,270,ok
train/4-35/98.jpg,4,35,112,112,31,72,72,155,90,ok
train/4-35/99.jpg,4,35,112,112,49,83,73,155,90,ok
train/4-40/0.jpg,4,40,112,112,20,157,152,150,0,ok
train/4-40/1.jpg,4,40,112,112,180,79,79,63,180,ok
train/4-40/10.jpg,4,40,112,112,40,160,152,150,0,ok
train/4-40/12.jpg,4,40,112,112,27,154,152,150,0,ok
train/4-40/13.jpg,4,40,112,112,63,144,-1,-1,0,ok;no_hour
train/4-40/15.jpg,4,40,112,112,162,188,160,78,270,ok
train/4-40/17.jpg,4,40,112,112,150,190,159,79,270,ok
train/4-40/19.jpg,4,40,112,112,34,163,153,153,0,ok
train/4-40/2.jpg,4,40,112,112,68,139,-1,-1,0,ok;no_hour
train/4-40/21.jpg,4,40,112,112,71,30,72,153,90,ok
train/4-40/22.jpg,4,40,112,112,63,144,176,156,0,ok
train/4-40/23.jpg,4,40,112,112,167,195,154,69,270,ok
train/4-40/25.jpg,4,40,112,112,-1,-1,-1,-1,-1,fail:no_candidates
train/4-40/26.jpg,4,40,112,112,141,157,-1,-1,270,ok;no_hour
train/4-40/27.jpg,4,40,112,112,143,160,-1,-1,270,ok;no_hour
train/4-40/28.jpg,4,40,112,112,72,31,71,153,90,ok
train/4-40/29.jpg,4,40,112,112,34,163,144,160,0,ok
train/4-40/3.jpg,4,40,112,112,152,194,163,78,270,ok
train/4-40/30.jpg,4,40,112,112,70,30,72,152,90,ok
train/4-40/31.jpg,4,40,112,112,153,196,160,78,270,ok
train/4-40/32.jpg,4,40,112,112,143,159,-1,-1,270,ok;no_hour
train/4-40/35.jpg,4,40,112,112,129,120,146,19,270,warn:rot_err=34.8
train/4-40/37.jpg,4,40,112,112,152,195,160,78,270,ok
train/4-40/38.jpg,4,40,112,112,161,188,159,79,270,ok
train/4-40/39.jpg,4,40,112,112,-1,-1,-1,-1,-1,fail:no_candidates
train/4-40/40.jpg,4,40,112,112,143,159,-1,-1,270,ok;no_hour
train/4-40/41.jpg,4,40,112,112,-1,-1,-1,-1,-1,fail:no_candidates
train/4-40/42.jpg,4,40,112,112,143,159,-1,-1,270,ok;no_hour
train/4-40/43.jpg,4,40,112,112,-1,-1,-1,-1,-1,fail:no_candidates
train/4-40/44.jpg,4,40,112,112,21,157,142,159,0,ok
train/4-40/45.jpg,4,40,112,112,185,63,69,69,180,ok
train/4-40/46.jpg,4,40,112,112,152,193,159,80,270,ok
train/4-40/48.jpg,4,40,112,112,147,159,139,79,270,ok
train/4-40/49.jpg,4,40,112,112,89,75,-1,-1,90,ok;no_hour
train/4-40/5.jpg,4,40,112,112,24,169,144,160,0,ok
train/4-40/51.jpg,4,40,112,112,73,33,71,153,90,ok
train/4-40/53.jpg,4,40,112,112,159,81,-1,-1,180,ok;no_hour
train/4-40/54.jpg,4,40,112,112,147,88,-1,-1,180,ok;no_hour
train/4-40/56.jpg,4,40,112,112,169,198,159,80,270,ok
train/4-40/57.jpg,4,40,112,112,62,145,-1,-1,0,ok;no_hour
train/4-40/58.jpg,4,40,112,112,-1,-1,-1,-1,-1,fail:no_candidates
train/4-40/59.jpg,4,40,112,112,81,122,-1,-1,0,ok;no_hour
train/4-40/6.jpg,4,40,112,112,-1,-1,-1,-1,-1,fail:no_candidates
train/4-40/60.jpg,4,40,112,112,199,68,69,69,180,ok
train/4-40/61.jpg,4,40,112,112,142,159,-1,-1,270,ok;no_hour
train/4-40/63.jpg,4,40,112,112,37,161,153,151,0,ok
train/4-40/65.jpg,4,40,112,112,113,47,-1,-1,90,warn:rot_err=30.9;no_hour
train/4-40/66.jpg,4,40,112,112,47,155,153,152,0,ok
train/4-40/67.jpg,4,40,112,112,23,168,143,159,0,ok
train/4-40/69.jpg,4,40,112,112,159,80,-1,-1,180,ok;no_hour
train/4-40/7.jpg,4,40,112,112,35,161,152,150,0,ok
train/4-40/70.jpg,4,40,112,112,37,161,-1,-1,0,ok;no_hour
train/4-40/71.jpg,4,40,112,112,190,61,79,63,180,ok
train/4-40/73.jpg,4,40,112,112,160,184,170,71,270,ok
train/4-40/74.jpg,4,40,112,112,173,84,71,74,180,ok
train/4-40/75.jpg,4,40,112,112,73,32,71,153,90,ok
train/4-40/76.jpg,4,40,112,112,36,160,152,151,0,ok
train/4-40/77.jpg,4,40,112,112,54,114,-1,-1,0,warn:rot_err=28.0;no_hour
train/4-40/78.jpg,4,40,112,112,72,32,72,152,90,ok
train/4-40/79.jpg,4,40,112,112,54,152,-1,-1,0,ok;no_hour
train/4-40/8.jpg,4,40,112,112,166,197,153,69,270,ok
train/4-40/80.jpg,4,40,112,112,92,77,-1,-1,90,ok;no_hour
train/4-40/81.jpg,4,40,112,112,140,170,156,82,270,ok
train/4-40/82.jpg,4,40,112,112,29,165,152,150,0,ok
train/4-40/83.jpg,4,40,112,112,144,160,-1,-1,270,ok;no_hour
train/4-40/84.jpg,4,40,112,112,63,144,-1,-1,0,ok;no_hour
train/4-40/86.jpg,4,40,112,112,42,158,152,150,0,ok
train/4-40/87.jpg,4,40,112,112,157,179,159,80,270,ok
train/4-40/89.jpg,4,40,112,112,171,84,70,70,180,ok
train/4-40/9.jpg,4,40,112,112,63,144,-1,-1,0,ok;no_hour
train/4-40/90.jpg,4,40,112,112,37,160,152,151,0,ok
train/4-40/91.jpg,4,40,112,112,61,36,72,153,90,ok
train/4-40/92.jpg,4,40,112,112,170,201,160,78,270,ok
train/4-40/93.jpg,4,40,112,112,39,160,145,160,0,ok
train/4-40/94.jpg,4,40,112,112,159,186,158,79,270,ok
train/4-40/95.jpg,4,40,112,112,193,71,69,69,180,ok
train/4-40/96.jpg,4,40,112,112,63,144,-1,-1,0,ok;no_hour
train/4-40/97.jpg,4,40,112,112,199,55,79,63,180,ok
train/4-40/98.jpg,4,40,112,112,70,27,73,152,90,ok
train/4-40/99.jpg,4,40,112,112,81,64,-1,-1,90,ok;no_hour
train/4-45/0.jpg,4,45,112,112,16,105,143,162,0,ok
train/4-45/1.jpg,4,45,112,112,105,32,62,141,90,ok
train/4-45/11.jpg,4,45,112,112,103,215,-1,-1,270,ok;no_hour
train/4-45/12.jpg,4,45,112,112,20,105,145,165,0,ok
train/4-45/13.jpg,4,45,112,112,78,117,158,180,0,ok
train/4-45/15.jpg,4,45,112,112,66,117,143,162,0,ok
train/4-45/16.jpg,4,45,112,112,154,116,83,64,180,ok
train/4-45/17.jpg,4,45,112,112,193,106,83,64,180,ok
train/4-45/19.jpg,4,45,112,112,6,115,142,161,0,ok
train/4-45/2.jpg,4,45,112,112,9,105,142,161,0,ok
train/4-45/20.jpg,4,45,112,112,66,117,142,161,0,ok
train/4-45/21.jpg,4,45,112,112,117,82,70,152,90,ok
train/4-45/22.jpg,4,45,112,112,74,177,-1,-1,270,warn:rot_err=30.3;no_hour
train/4-45/25.jpg,4,45,112,112,32,106,150,153,0,ok
train/4-45/26.jpg,4,45,112,112,116,77,70,151,90,ok
train/4-45/27.jpg,4,45,112,112,104,197,187,62,270,ok
train/4-45/29.jpg,4,45,112,112,106,154,155,70,270,ok
train/4-45/3.jpg,4,45,112,112,104,177,191,60,270,ok
train/4-45/33.jpg,4,45,112,112,117,188,161,82,270,ok
train/4-45/35.jpg,4,45,112,112,31,84,185,140,0,ok
train/4-45/37.jpg,4,45,112,112,189,106,84,65,180,ok
train/4-45/38.jpg,4,45,112,112,23,105,142,161,0,ok
train/4-45/4.jpg,4,45,112,112,19,116,143,161,0,ok
train/4-45/41.jpg,4,45,112,112,22,105,-1,-1,0,ok;no_hour
train/4-45/42.jpg,4,45,112,112,77,117,149,169,0,ok
train/4-45/43.jpg,4,45,112,112,-1,-1,-1,-1,-1,fail:no_candidates
train/4-45/45.jpg,4,45,112,112,22,105,151,152,0,ok
train/4-45/46.jpg,4,45,112,112,34,105,142,161,0,ok
train/4-45/47.jpg,4,45,112,112,117,67,72,151,90,ok
train/4-45/48.jpg,4,45,112,112,67,118,171,176,0,ok
train/4-45/49.jpg,4,45,112,112,66,117,142,161,0,ok
train/4-45/50.jpg,4,45,112,112,69,118,159,185,0,ok
train/4-45/51.jpg,4,45,112,112,107,9,71,151,90,ok
train/4-45/52.jpg,4,45,112,112,200,118,71,69,180,ok
train/4-45/53.jpg,4,45,112,112,145,117,70,68,180,ok
train/4-45/54.jpg,4,45,112,112,71,137,-1,-1,0,warn:rot_err=31.4;no_hour
train/4-45/55.jpg,4,45,112,112,-1,-1,-1,-1,-1,fail:no_candidates
train/4-45/56.jpg,4,45,112,112,17,116,142,161,0,ok
train/4-45/57.jpg,4,45,112,112,50,116,173,199,0,ok
train/4-45/58.jpg,4,45,112,112,106,153,148,91,270,ok
train/4-45/59.jpg,4,45,112,112,117,142,-1,-1,270,ok;no_hour
train/4-45/6.jpg,4,45,112,112,-1,-1,-1,-1,-1,fail:no_candidates
train/4-45/60.jpg,4,45,112,112,193,117,81,62,180,ok
train/4-45/61.jpg,4,45,112,112,69,118,143,162,0,ok
train/4-45/62.jpg,4,45,112,112,106,28,71,151,90,ok
train/4-45/63.jpg,4,45,112,112,68,106,143,162,0,ok
train/4-45/64.jpg,4,45,112,112,116,207,159,83,270,ok
train/4-45/66.jpg,4,45,112,112,33,116,152,154,0,ok
train/4-45/67.jpg,4,45,112,112,24,104,142,161,0,ok
train/4-45/68.jpg,4,45,112,112,116,173,-1,-1,270,ok;no_hour
train/4-45/69.jpg,4,45,112,112,118,155,162,79,270,ok
train/4-45/7.jpg,4,45,112,112,66,117,149,170,0,ok
train/4-45/70.jpg,4,45,112,112,13,105,-1,-1,0,ok;no_hour
train/4-45/71.jpg,4,45,112,112,67,106,152,154,0,ok
train/4-45/73.jpg,4,45,112,112,105,68,72,151,90,ok
train/4-45/74.jpg,4,45,112,112,118,162,153,71,270,ok
train/4-45/75.jpg,4,45,112,112,37,105,152,154,0,ok
train/4-45/76.jpg,4,45,112,112,105,69,70,151,90,ok
train/4-45/77.jpg,4,45,112,112,116,158,159,81,270,ok
train/4-45/78.jpg,4,45,112,112,117,21,70,151,90,ok
train/4-45/79.jpg,4,45,112,112,116,167,152,88,270,ok
train/4-45/8.jpg,4,45,112,112,117,158,161,81,270,ok
train/4-45/80.jpg,4,45,112,112,117,188,153,71,270,ok
train/4-45/82.jpg,4,45,112,112,18,116,142,161,0,ok
train/4-45/83.jpg,4,45,112,112,78,118,142,162,0,ok
train/4-45/84.jpg,4,45,112,112,118,35,70,152,90,ok
train/4-45/85.jpg,4,45,112,112,50,105,141,160,0,ok
train/4-45/86.jpg,4,45,112,112,27,105,142,161,0,ok
train/4-45/87.jpg,4,45,112,112,191,117,82,63,180,ok
train/4-45/88.jpg,4,45,112,112,117,33,68,152,90,ok
train/4-45/89.jpg,4,45,112,112,40,105,156,178,0,ok
train/4-45/9.jpg,4,45,112,112,79,117,151,152,0,ok
train/4-45/90.jpg,4,45,112,112,14,114,143,160,0,ok
train/4-45/91.jpg,4,45,112,112,65,105,161,164,0,ok
train/4-45/92.jpg,4,45,112,112,22,105,152,154,0,ok
train/4-45/93.jpg,4,45,112,112,56,116,142,161,0,ok
train/4-45/94.jpg,4,45,112,112,117,38,61,144,90,ok
train/4-45/96.jpg,4,45,112,112,69,118,143,162,0,ok
train/4-45/97.jpg,4,45,112,112,62,141,-1,-1,0,warn:rot_err=30.1;no_hour
train/4-45/98.jpg,4,45,112,112,32,116,143,161,0,ok
train/4-50/1.jpg,4,50,112,112,173,154,86,63,180,ok
train/4-50/10.jpg,4,50,112,112,26,56,140,162,0,ok
train/4-50/11.jpg,4,50,112,112,22,67,-1,-1,0,ok;no_hour
train/4-50/12.jpg,4,50,112,112,86,168,-1,-1,270,ok;no_hour
train/4-50/13.jpg,4,50,112,112,35,61,155,184,0,ok
train/4-50/14.jpg,4,50,112,112,74,97,145,172,0,ok
train/4-50/15.jpg,4,50,112,112,43,66,141,163,0,ok
train/4-50/16.jpg,4,50,112,112,32,59,140,162,0,ok
train/4-50/17.jpg,4,50,112,112,77,183,-1,-1,270,ok;no_hour
train/4-50/18.jpg,4,50,112,112,24,68,167,199,0,ok
train/4-50/19.jpg,4,50,112,112,18,64,140,162,0,ok
train/4-50/20.jpg,4,50,112,112,35,61,139,161,0,ok
train/4-50/21.jpg,4,50,112,112,22,67,139,162,0,ok
train/4-50/22.jpg,4,50,112,112,68,187,137,65,270,ok
train/4-50/23.jpg,4,50,112,112,160,39,-1,-1,90,ok;no_hour
train/4-50/24.jpg,4,50,112,112,25,55,140,162,0,ok
train/4-50/25.jpg,4,50,112,112,-1,-1,-1,-1,-1,fail:no_candidates
train/4-50/26.jpg,4,50,112,112,25,56,140,162,0,ok
train/4-50/27.jpg,4,50,112,112,35,60,150,153,0,ok
train/4-50/28.jpg,4,50,112,112,31,72,139,162,0,ok
train/4-50/29.jpg,4,50,112,112,-1,-1,-1,-1,-1,fail:no_candidates
train/4-50/3.jpg,4,50,112,112,157,163,-1,-1,180,ok;no_hour
train/4-50/30.jpg,4,50,112,112,30,70,141,162,0,ok
train/4-50/31.jpg,4,50,112,112,151,55,61,140,90,ok
train/4-50/32.jpg,4,50,112,112,171,138,86,64,180,ok
train/4-50/33.jpg,4,50,112,112,32,59,139,162,0,ok
train/4-50/35.jpg,4,50,112,112,184,156,-1,-1,180,ok;no_hour
train/4-50/36.jpg,4,50,112,112,-1,-1,-1,-1,-1,fail:no_candidates
train/4-50/37.jpg,4,50,112,112,28,57,140,162,0,ok
train/4-50/38.jpg,4,50,112,112,72,191,162,82,270,ok
train/4-50/39.jpg,4,50,112,112,-1,-1,-1,-1,-1,fail:no_candidates
train/4-50/4.jpg,4,50,112,112,167,27,68,150,90,ok
train/4-50/40.jpg,4,50,112,112,160,39,62,139,90,ok
train/4-50/41.jpg,4,50,112,112,35,61,-1,-1,0,ok;no_hour
train/4-50/42.jpg,4,50,112,112,23,54,153,180,0,ok
train/4-50/43.jpg,4,50,112,112,-1,-1,-1,-1,-1,fail:no_candidates
train/4-50/44.jpg,4,50,112,112,66,200,162,84,270,ok
train/4-50/47.jpg,4,50,112,112,23,54,139,162,0,ok
train/4-50/49.jpg,4,50,112,112,160,39,61,140,90,ok
train/4-50/5.jpg,4,50,112,112,78,181,162,84,270,ok
train/4-50/50.jpg,4,50,112,112,35,61,157,187,0,ok
train/4-50/51.jpg,4,50,112,112,33,73,140,162,0,ok
train/4-50/52.jpg,4,50,112,112,37,62,139,162,0,ok
train/4-50/53.jpg,4,50,112,112,19,65,139,162,0,ok
train/4-50/55.jpg,4,50,112,112,-1,-1,-1,-1,-1,fail:no_candidates
train/4-50/56.jpg,4,50,112,112,49,69,141,162,0,ok
train/4-50/57.jpg,4,50,112,112,23,54,136,158,0,ok
train/4-50/58.jpg,4,50,112,112,-1,-1,-1,-1,-1,fail:no_candidates
train/4-50/6.jpg,4,50,112,112,-1,-1,-1,-1,-1,fail:no_candidates
train/4-50/60.jpg,4,50,112,112,56,197,-1,-1,270,ok;no_hour
train/4-50/61.jpg,4,50,112,112,37,62,139,162,0,ok
train/4-50/63.jpg,4,50,112,112,70,193,162,84,270,ok
train/4-50/64.jpg,4,50,112,112,72,192,-1,-1,270,ok;no_hour
train/4-50/65.jpg,4,50,112,112,175,113,-1,-1,180,warn:rot_err=29.1;no_hour
train/4-50/66.jpg,4,50,112,112,79,179,-1,-1,270,ok;no_hour
train/4-50/67.jpg,4,50,112,112,71,193,162,84,270,ok
train/4-50/68.jpg,4,50,112,112,48,69,-1,-1,0,ok;no_hour
train/4-50/7.jpg,4,50,112,112,35,61,145,170,0,ok
train/4-50/70.jpg,4,50,112,112,41,65,-1,-1,0,ok;no_hour
train/4-50/72.jpg,4,50,112,112,32,72,140,162,0,ok
train/4-50/73.jpg,4,50,112,112,37,62,156,186,0,ok
train/4-50/74.jpg,4,50,112,112,28,56,150,155,0,ok
train/4-50/75.jpg,4,50,112,112,38,62,140,162,0,ok
train/4-50/77.jpg,4,50,112,112,157,43,-1,-1,90,ok;no_hour
train/4-50/78.jpg,4,50,112,112,35,62,140,162,0,ok
train/4-50/79.jpg,4,50,112,112,159,145,75,50,180,ok
train/4-50/80.jpg,4,50,112,112,154,49,60,141,90,ok
train/4-50/81.jpg,4,50,112,112,-1,-1,-1,-1,-1,fail:no_candidates
train/4-50/82.jpg,4,50,112,112,56,198,-1,-1,270,ok;no_hour
train/4-50/83.jpg,4,50,112,112,68,200,162,84,270,ok
train/4-50/87.jpg,4,50,112,112,55,198,162,82,270,ok
train/4-50/88.jpg,4,50,112,112,56,73,141,162,0,ok
train/4-50/89.jpg,4,50,112,112,54,201,167,79,270,ok
train/4-50/90.jpg,4,50,112,112,50,71,142,161,0,ok
train/4-50/91.jpg,4,50,112,112,152,30,49,162,90,ok
train/4-50/93.jpg,4,50,112,112,164,32,68,150,90,ok
train/4-50/94.jpg,4,50,112,112,35,62,140,162,0,ok
train/4-50/95.jpg,4,50,112,112,64,206,-1,-1,270,ok;no_hour
train/4-50/97.jpg,4,50,112,112,23,54,139,162,0,ok
train/4-50/99.jpg,4,50,112,112,32,73,139,162,0,ok
train/4-55/0.jpg,4,55,112,112,70,50,148,157,0,ok
train/4-55/1.jpg,4,55,112,112,164,190,87,60,180,ok
train/4-55/10.jpg,4,55,112,112,61,35,138,141,0,ok
train/4-55/11.jpg,4,55,112,112,75,62,-1,-1,0,ok;no_hour
train/4-55/12.jpg,4,55,112,112,135,161,71,54,180,ok
train/4-55/14.jpg,4,55,112,112,137,165,-1,-1,180,ok;no_hour
train/4-55/15.jpg,4,55,112,112,152,170,76,69,180,ok
train/4-55/16.jpg,4,55,112,112,138,164,66,44,180,ok
train/4-55/17.jpg,4,55,112,112,67,45,148,158,0,ok
train/4-55/18.jpg,4,55,112,112,63,39,154,164,0,ok
train/4-55/19.jpg,4,55,112,112,163,191,75,65,180,ok
train/4-55/2.jpg,4,55,112,112,56,26,148,157,0,ok
train/4-55/20.jpg,4,55,112,112,67,25,148,158,0,ok
train/4-55/21.jpg,4,55,112,112,68,49,148,156,0,ok
train/4-55/22.jpg,4,55,112,112,36,161,163,86,270,ok
train/4-55/23.jpg,4,55,112,112,62,38,147,155,0,ok
train/4-55/25.jpg,4,55,112,112,71,53,147,157,0,ok
train/4-55/26.jpg,4,55,112,112,74,36,138,164,0,ok
train/4-55/27.jpg,4,55,112,112,188,75,66,148,90,ok
train/4-55/29.jpg,4,55,112,112,22,168,156,75,270,ok
train/4-55/3.jpg,4,55,112,112,152,186,61,36,180,ok
train/4-55/30.jpg,4,55,112,112,38,160,158,75,270,ok
train/4-55/31.jpg,4,55,112,112,69,49,-1,-1,0,ok;no_hour
train/4-55/32.jpg,4,55,112,112,94,71,-1,-1,0,ok;no_hour
train/4-55/33.jpg,4,55,112,112,183,77,67,148,90,ok
train/4-55/34.jpg,4,55,112,112,197,56,66,148,90,ok
train/4-55/35.jpg,4,55,112,112,85,61,-1,-1,0,ok;no_hour
train/4-55/36.jpg,4,55,112,112,-1,-1,-1,-1,-1,fail:no_candidates
train/4-55/37.jpg,4,55,112,112,50,153,159,74,270,ok
train/4-55/38.jpg,4,55,112,112,62,36,148,158,0,ok
train/4-55/39.jpg,4,55,112,112,-1,-1,-1,-1,-1,fail:no_candidates
train/4-55/4.jpg,4,55,112,112,158,180,75,67,180,ok
train/4-55/40.jpg,4,55,112,112,59,138,166,74,270,ok
train/4-55/41.jpg,4,55,112,112,193,71,67,148,90,ok
train/4-55/42.jpg,4,55,112,112,170,201,75,67,180,ok
train/4-55/43.jpg,4,55,112,112,181,65,83,121,90,ok
train/4-55/45.jpg,4,55,112,112,54,23,144,149,0,ok
train/4-55/46.jpg,4,55,112,112,160,184,75,68,180,ok
train/4-55/47.jpg,4,55,112,112,86,59,150,166,0,ok
train/4-55/48.jpg,4,55,112,112,148,162,-1,-1,180,ok;no_hour
train/4-55/5.jpg,4,55,112,112,176,68,67,148,90,ok
train/4-55/51.jpg,4,55,112,112,160,184,77,71,180,ok
train/4-55/52.jpg,4,55,112,112,202,65,67,148,90,ok
train/4-55/53.jpg,4,55,112,112,166,74,67,148,90,ok
train/4-55/54.jpg,4,55,112,112,131,155,-1,-1,180,ok;no_hour
train/4-55/55.jpg,4,55,112,112,-1,-1,-1,-1,-1,fail:no_candidates
train/4-55/57.jpg,4,55,112,112,65,17,148,156,0,ok
train/4-55/58.jpg,4,55,112,112,54,23,136,162,0,ok
train/4-55/6.jpg,4,55,112,112,71,31,148,157,0,ok
train/4-55/60.jpg,4,55,112,112,68,47,-1,-1,0,ok;no_hour
train/4-55/61.jpg,4,55,112,112,68,48,148,157,0,ok
train/4-55/62.jpg,4,55,112,112,65,43,147,154,0,ok
train/4-55/64.jpg,4,55,112,112,60,33,-1,-1,0,ok;no_hour
train/4-55/65.jpg,4,55,112,112,116,175,-1,-1,180,warn:rot_err=26.4;no_hour
train/4-55/66.jpg,4,55,112,112,171,71,66,148,90,ok
train/4-55/67.jpg,4,55,112,112,189,61,68,147,90,ok
train/4-55/68.jpg,4,55,112,112,68,25,138,164,0,ok
train/4-55/70.jpg,4,55,112,112,158,203,-1,-1,180,ok;no_hour
train/4-55/71.jpg,4,55,112,112,-1,-1,-1,-1,-1,fail:no_candidates
train/4-55/73.jpg,4,55,112,112,193,70,76,142,90,ok
train/4-55/74.jpg,4,55,112,112,137,164,75,59,180,ok
train/4-55/76.jpg,4,55,112,112,85,59,160,185,0,ok
train/4-55/77.jpg,4,55,112,112,34,161,-1,-1,270,ok;no_hour
train/4-55/78.jpg,4,55,112,112,192,71,-1,-1,90,ok;no_hour
train/4-55/79.jpg,4,55,112,112,48,144,159,77,270,ok
train/4-55/80.jpg,4,55,112,112,68,48,-1,-1,0,ok;no_hour
train/4-55/81.jpg,4,55,112,112,62,36,138,165,0,ok
train/4-55/82.jpg,4,55,112,112,61,34,-1,-1,0,ok;no_hour
train/4-55/83.jpg,4,55,112,112,56,28,148,156,0,ok
train/4-55/84.jpg,4,55,112,112,69,49,147,154,0,ok
train/4-55/86.jpg,4,55,112,112,65,42,148,157,0,ok
train/4-55/87.jpg,4,55,112,112,198,69,69,147,90,ok
train/4-55/88.jpg,4,55,112,112,152,172,88,62,180,ok
train/4-55/9.jpg,4,55,112,112,37,161,157,75,270,ok
train/4-55/92.jpg,4,55,112,112,195,69,69,147,90,ok
train/4-55/93.jpg,4,55,112,112,62,37,-1,-1,0,ok;no_hour
train/4-55/95.jpg,4,55,112,112,23,169,163,86,270,ok
train/4-55/96.jpg,4,55,112,112,49,154,164,86,270,ok
train/4-55/98.jpg,4,55,112,112,52,152,159,74,270,ok
train/4-55/99.jpg,4,55,112,112,55,151,147,81,270,ok
train/5-00/0.jpg,5,0,112,112,117,28,145,157,0,ok
train/5-00/1.jpg,5,0,112,112,158,118,66,145,90,ok
train/5-00/11.jpg,5,0,112,112,-1,-1,-1,-1,-1,fail:no_candidates
train/5-00/13.jpg,5,0,112,112,116,172,72,52,180,ok
train/5-00/14.jpg,5,0,112,112,105,62,139,172,0,ok
train/5-00/16.jpg,5,0,112,112,117,35,135,165,0,ok
train/5-00/17.jpg,5,0,112,112,117,34,135,165,0,ok
train/5-00/18.jpg,5,0,112,112,116,152,73,57,180,ok
train/5-00/19.jpg,5,0,112,112,106,6,145,160,0,ok
train/5-00/2.jpg,5,0,112,112,117,10,135,165,0,ok
train/5-00/20.jpg,5,0,112,112,117,29,135,165,0,ok
train/5-00/21.jpg,5,0,112,112,38,117,160,77,270,ok
train/5-00/22.jpg,5,0,112,112,116,203,88,58,180,ok
train/5-00/25.jpg,5,0,112,112,115,177,79,65,180,ok
train/5-00/26.jpg,5,0,112,112,106,13,144,157,0,ok
train/5-00/27.jpg,5,0,112,112,157,118,67,145,90,ok
train/5-00/28.jpg,5,0,112,112,189,117,66,145,90,ok
train/5-00/29.jpg,5,0,112,112,217,106,65,144,90,ok
train/5-00/3.jpg,5,0,112,112,166,90,-1,-1,90,ok;no_hour
train/5-00/30.jpg,5,0,112,112,116,203,78,63,180,ok
train/5-00/31.jpg,5,0,112,112,46,116,164,89,270,ok
train/5-00/32.jpg,5,0,112,112,117,46,135,165,0,ok
train/5-00/33.jpg,5,0,112,112,38,117,166,87,270,ok
train/5-00/34.jpg,5,0,112,112,117,29,145,158,0,ok
train/5-00/35.jpg,5,0,112,112,121,159,15,76,180,ok
train/5-00/37.jpg,5,0,112,112,116,175,-1,-1,180,ok;no_hour
train/5-00/39.jpg,5,0,112,112,-1,-1,-1,-1,-1,fail:no_candidates
train/5-00/4.jpg,5,0,112,112,192,117,64,145,90,ok
train/5-00/40.jpg,5,0,112,112,117,56,135,165,0,ok
train/5-00/41.jpg,5,0,112,112,176,118,-1,-1,90,ok;no_hour
train/5-00/42.jpg,5,0,112,112,116,206,73,54,180,ok
train/5-00/43.jpg,5,0,112,112,-1,-1,-1,-1,-1,fail:no_candidates
train/5-00/44.jpg,5,0,112,112,28,117,165,88,270,ok
train/5-00/46.jpg,5,0,112,112,184,117,68,144,90,ok
train/5-00/47.jpg,5,0,112,112,118,19,136,166,0,ok
train/5-00/48.jpg,5,0,112,112,118,48,147,160,0,ok
train/5-00/49.jpg,5,0,112,112,106,37,135,165,0,ok
train/5-00/5.jpg,5,0,112,112,36,117,166,87,270,ok
train/5-00/51.jpg,5,0,112,112,20,116,165,88,270,ok
train/5-00/52.jpg,5,0,112,112,116,177,-1,-1,180,ok;no_hour
train/5-00/53.jpg,5,0,112,112,117,135,-1,-1,180,ok;no_hour
train/5-00/54.jpg,5,0,112,112,-1,-1,-1,-1,-1,fail:no_candidates
train/5-00/56.jpg,5,0,112,112,117,33,144,155,0,ok
train/5-00/57.jpg,5,0,112,112,106,73,145,157,0,ok
train/5-00/58.jpg,5,0,112,112,117,21,135,165,0,ok
train/5-00/59.jpg,5,0,112,112,117,82,121,143,0,ok
train/5-00/6.jpg,5,0,112,112,-1,-1,-1,-1,-1,fail:no_candidates
train/5-00/60.jpg,5,0,112,112,187,117,58,135,90,ok
train/5-00/61.jpg,5,0,112,112,117,35,145,158,0,ok
train/5-00/63.jpg,5,0,112,112,190,117,-1,-1,90,ok;no_hour
train/5-00/64.jpg,5,0,112,112,197,117,58,135,90,ok
train/5-00/65.jpg,5,0,112,112,109,178,119,44,180,ok
train/5-00/66.jpg,5,0,112,112,117,49,144,155,0,ok
train/5-00/67.jpg,5,0,112,112,117,20,135,165,0,ok
train/5-00/68.jpg,5,0,112,112,117,28,-1,-1,0,ok;no_hour
train/5-00/69.jpg,5,0,112,112,117,45,145,158,0,ok
train/5-00/7.jpg,5,0,112,112,106,47,152,169,0,ok
train/5-00/71.jpg,5,0,112,112,-1,-1,-1,-1,-1,fail:no_candidates
train/5-00/72.jpg,5,0,112,112,106,22,145,158,0,ok
train/5-00/75.jpg,5,0,112,112,106,22,144,156,0,ok
train/5-00/76.jpg,5,0,112,112,117,33,144,157,0,ok
train/5-00/77.jpg,5,0,112,112,55,113,-1,-1,270,ok;no_hour
train/5-00/78.jpg,5,0,112,112,117,21,144,157,0,ok
train/5-00/79.jpg,5,0,112,112,141,176,-1,-1,180,ok;no_hour
train/5-00/80.jpg,5,0,112,112,105,22,145,157,0,ok
train/5-00/81.jpg,5,0,112,112,116,20,143,156,0,ok
train/5-00/82.jpg,5,0,112,112,106,21,135,165,0,ok
train/5-00/83.jpg,5,0,112,112,117,212,77,64,180,ok
train/5-00/86.jpg,5,0,112,112,189,117,58,135,90,ok
train/5-00/87.jpg,5,0,112,112,117,35,145,158,0,ok
train/5-00/88.jpg,5,0,112,112,117,47,145,158,0,ok
train/5-00/89.jpg,5,0,112,112,49,116,180,66,270,ok
train/5-00/9.jpg,5,0,112,112,46,116,165,88,270,ok
train/5-00/90.jpg,5,0,112,112,-1,-1,-1,-1,-1,fail:no_candidates
train/5-00/91.jpg,5,0,112,112,54,117,165,89,270,ok
train/5-00/93.jpg,5,0,112,112,188,117,58,135,90,ok
train/5-00/94.jpg,5,0,112,112,107,14,143,158,0,ok
train/5-00/95.jpg,5,0,112,112,117,27,145,158,0,ok
train/5-00/96.jpg,5,0,112,112,118,47,135,165,0,ok
train/5-00/97.jpg,5,0,112,112,116,204,-1,-1,180,ok;no_hour
train/5-05/0.jpg,5,5,112,112,163,34,-1,-1,0,ok;no_hour
train/5-05/1.jpg,5,5,112,112,189,164,65,143,90,ok
train/5-05/10.jpg,5,5,112,112,188,161,67,142,90,ok
train/5-05/11.jpg,5,5,112,112,-1,-1,-1,-1,-1,fail:no_candidates
train/5-05/12.jpg,5,5,112,112,199,169,64,143,90,ok
train/5-05/13.jpg,5,5,112,112,152,30,-1,-1,0,ok;no_hour
train/5-05/14.jpg,5,5,112,112,141,155,-1,-1,90,warn:rot_err=26.0;no_hour
train/5-05/15.jpg,5,5,112,112,33,73,161,79,270,ok
train/5-05/16.jpg,5,5,112,112,188,161,67,142,90,ok
train/5-05/17.jpg,5,5,112,112,168,25,-1,-1,0,ok;no_hour
train/5-05/19.jpg,5,5,112,112,161,35,143,160,0,ok
train/5-05/20.jpg,5,5,112,112,165,30,-1,-1,0,ok;no_hour
train/5-05/21.jpg,5,5,112,112,155,47,-1,-1,0,ok;no_hour
train/5-05/22.jpg,5,5,112,112,30,71,166,90,270,ok
train/5-05/23.jpg,5,5,112,112,158,44,-1,-1,0,ok;no_hour
train/5-05/26.jpg,5,5,112,112,68,199,95,65,180,ok
train/5-05/27.jpg,5,5,112,112,70,196,96,65,180,ok
train/5-05/29.jpg,5,5,112,112,-1,-1,-1,-1,-1,fail:no_candidates
train/5-05/3.jpg,5,5,112,112,80,65,-1,-1,270,warn:rot_err=25.8;no_hour
train/5-05/30.jpg,5,5,112,112,34,62,166,90,270,ok
train/5-05/32.jpg,5,5,112,112,187,148,67,142,90,ok
train/5-05/33.jpg,5,5,112,112,161,35,-1,-1,0,ok;no_hour
train/5-05/35.jpg,5,5,112,112,67,84,131,76,270,ok
train/5-05/36.jpg,5,5,112,112,-1,-1,-1,-1,-1,fail:no_candidates
train/5-05/37.jpg,5,5,112,112,25,69,164,92,270,ok
train/5-05/38.jpg,5,5,112,112,30,70,166,90,270,ok
train/5-05/39.jpg,5,5,112,112,-1,-1,-1,-1,-1,fail:no_candidates
train/5-05/4.jpg,5,5,112,112,188,161,64,143,90,ok
train/5-05/40.jpg,5,5,112,112,161,37,133,166,0,ok
train/5-05/41.jpg,5,5,112,112,160,39,-1,-1,0,ok;no_hour
train/5-05/42.jpg,5,5,112,112,162,33,153,181,0,ok
train/5-05/43.jpg,5,5,112,112,18,65,165,91,270,ok
train/5-05/44.jpg,5,5,112,112,163,34,-1,-1,0,ok;no_hour
train/5-05/45.jpg,5,5,112,112,72,191,79,62,180,ok
train/5-05/46.jpg,5,5,112,112,152,30,-1,-1,0,ok;no_hour
train/5-05/47.jpg,5,5,112,112,163,34,-1,-1,0,ok;no_hour
train/5-05/48.jpg,5,5,112,112,161,37,146,164,0,ok
train/5-05/49.jpg,5,5,112,112,193,152,67,142,90,ok
train/5-05/5.jpg,5,5,112,112,161,35,143,160,0,ok
train/5-05/50.jpg,5,5,112,112,81,176,91,58,180,ok
train/5-05/52.jpg,5,5,112,112,153,30,-1,-1,0,ok;no_hour
train/5-05/53.jpg,5,5,112,112,169,24,131,164,0,ok
train/5-05/54.jpg,5,5,112,112,75,145,-1,-1,180,ok;no_hour
train/5-05/55.jpg,5,5,112,112,-1,-1,-1,-1,-1,fail:no_candidates
train/5-05/56.jpg,5,5,112,112,155,25,-1,-1,0,ok;no_hour
train/5-05/57.jpg,5,5,112,112,37,62,160,79,270,ok
train/5-05/58.jpg,5,5,112,112,164,30,143,158,0,ok
train/5-05/59.jpg,5,5,112,112,122,82,120,143,0,ok
train/5-05/6.jpg,5,5,112,112,-1,-1,-1,-1,-1,fail:no_candidates
train/5-05/61.jpg,5,5,112,112,164,33,-1,-1,0,ok;no_hour
train/5-05/62.jpg,5,5,112,112,187,161,67,142,90,ok
train/5-05/63.jpg,5,5,112,112,161,37,143,160,0,ok
train/5-05/65.jpg,5,5,112,112,150,33,108,149,0,ok
train/5-05/66.jpg,5,5,112,112,200,156,67,142,90,ok
train/5-05/67.jpg,5,5,112,112,193,152,64,143,90,ok
train/5-05/69.jpg,5,5,112,112,17,65,161,79,270,ok
train/5-05/70.jpg,5,5,112,112,188,161,-1,-1,90,ok;no_hour
train/5-05/71.jpg,5,5,112,112,-1,-1,-1,-1,-1,fail:no_candidates
train/5-05/72.jpg,5,5,112,112,24,55,164,92,270,ok
train/5-05/73.jpg,5,5,112,112,160,39,144,161,0,ok
train/5-05/74.jpg,5,5,112,112,146,39,132,166,0,ok
train/5-05/77.jpg,5,5,112,112,64,141,-1,-1,180,warn:rot_err=28.9;no_hour
train/5-05/78.jpg,5,5,112,112,160,36,142,157,0,ok
train/5-05/79.jpg,5,5,112,112,88,164,89,54,180,ok
train/5-05/8.jpg,5,5,112,112,156,22,-1,-1,0,ok;no_hour
train/5-05/81.jpg,5,5,112,112,186,159,60,132,90,ok
train/5-05/82.jpg,5,5,112,112,161,35,-1,-1,0,ok;no_hour
train/5-05/83.jpg,5,5,112,112,166,29,143,158,0,ok
train/5-05/84.jpg,5,5,112,112,71,193,79,63,180,ok
train/5-05/88.jpg,5,5,112,112,159,19,-1,-1,0,ok;no_hour
train/5-05/9.jpg,5,5,112,112,151,54,-1,-1,0,ok;no_hour
train/5-05/90.jpg,5,5,112,112,32,71,164,91,270,ok
train/5-05/91.jpg,5,5,112,112,152,30,157,187,0,ok
train/5-05/92.jpg,5,5,112,112,191,164,63,129,90,ok
train/5-05/93.jpg,5,5,112,112,34,60,158,80,270,ok
train/5-05/94.jpg,5,5,112,112,159,37,-1,-1,0,ok;no_hour
train/5-05/96.jpg,5,5,112,112,32,73,164,92,270,ok
train/5-05/97.jpg,5,5,112,112,163,34,133,166,0,ok
train/5-05/98.jpg,5,5,112,112,158,19,-1,-1,0,ok;no_hour
train/5-05/99.jpg,5,5,112,112,49,82,161,79,270,ok
train/5-10/1.jpg,5,10,112,112,65,141,-1,-1,180,ok;no_hour
train/5-10/10.jpg,5,10,112,112,141,161,-1,-1,90,ok;no_hour
train/5-10/11.jpg,5,10,112,112,-1,-1,-1,-1,-1,fail:no_candidates
train/5-10/12.jpg,5,10,112,112,60,35,166,93,270,ok
train/5-10/13.jpg,5,10,112,112,81,61,-1,-1,270,ok;no_hour
train/5-10/14.jpg,5,10,112,112,161,91,129,166,0,ok
train/5-10/15.jpg,5,10,112,112,30,165,81,63,180,ok
train/5-10/16.jpg,5,10,112,112,81,61,-1,-1,270,ok;no_hour
train/5-10/17.jpg,5,10,112,112,189,61,129,165,0,ok
train/5-10/18.jpg,5,10,112,112,175,74,-1,-1,0,ok;no_hour
train/5-10/19.jpg,5,10,112,112,189,60,131,167,0,ok
train/5-10/2.jpg,5,10,112,112,80,46,166,93,270,ok
train/5-10/20.jpg,5,10,112,112,63,141,-1,-1,180,ok;no_hour
train/5-10/21.jpg,5,10,112,112,141,160,-1,-1,90,ok;no_hour
train/5-10/22.jpg,5,10,112,112,201,55,-1,-1,0,ok;no_hour
train/5-10/23.jpg,5,10,112,112,189,61,-1,-1,0,ok;no_hour
train/5-10/24.jpg,5,10,112,112,182,65,129,165,0,ok
train/5-10/25.jpg,5,10,112,112,63,140,-1,-1,180,ok;no_hour
train/5-10/26.jpg,5,10,112,112,41,158,92,56,180,ok
train/5-10/27.jpg,5,10,112,112,146,168,-1,-1,90,ok;no_hour
train/5-10/3.jpg,5,10,112,112,61,142,-1,-1,180,ok;no_hour
train/5-10/30.jpg,5,10,112,112,38,160,93,57,180,ok
train/5-10/32.jpg,5,10,112,112,141,159,-1,-1,90,ok;no_hour
train/5-10/33.jpg,5,10,112,112,59,32,166,94,270,ok
train/5-10/34.jpg,5,10,112,112,81,61,-1,-1,270,ok;no_hour
train/5-10/35.jpg,5,10,112,112,58,131,67,84,180,ok
train/5-10/36.jpg,5,10,112,112,191,72,-1,-1,0,ok;no_hour
train/5-10/37.jpg,5,10,112,112,29,166,81,62,180,ok
train/5-10/39.jpg,5,10,112,112,-1,-1,-1,-1,-1,fail:no_candidates
train/5-10/40.jpg,5,10,112,112,63,141,-1,-1,180,ok;no_hour
train/5-10/41.jpg,5,10,112,112,72,31,-1,-1,270,ok;no_hour
train/5-10/42.jpg,5,10,112,112,75,50,-1,-1,270,ok;no_hour
train/5-10/44.jpg,5,10,112,112,55,25,167,93,270,ok
train/5-10/46.jpg,5,10,112,112,64,141,-1,-1,180,ok;no_hour
train/5-10/47.jpg,5,10,112,112,25,168,81,62,180,ok
train/5-10/48.jpg,5,10,112,112,36,162,86,41,180,ok
train/5-10/49.jpg,5,10,112,112,201,66,130,166,0,ok
train/5-10/5.jpg,5,10,112,112,162,81,-1,-1,0,ok;no_hour
train/5-10/50.jpg,5,10,112,112,145,169,-1,-1,90,ok;no_hour
train/5-10/52.jpg,5,10,112,112,56,25,167,93,270,ok
train/5-10/53.jpg,5,10,112,112,65,141,-1,-1,180,ok;no_hour
train/5-10/54.jpg,5,10,112,112,188,65,-1,-1,0,ok;no_hour
train/5-10/55.jpg,5,10,112,112,-1,-1,-1,-1,-1,fail:no_candidates
train/5-10/56.jpg,5,10,112,112,141,160,-1,-1,90,ok;no_hour
train/5-10/57.jpg,5,10,112,112,166,78,-1,-1,0,ok;no_hour
train/5-10/58.jpg,5,10,112,112,-1,-1,-1,-1,-1,fail:no_candidates
train/5-10/59.jpg,5,10,112,112,91,87,-1,-1,270,ok;no_hour
train/5-10/6.jpg,5,10,112,112,-1,-1,-1,-1,-1,fail:no_candidates
train/5-10/60.jpg,5,10,112,112,55,24,166,93,270,ok
train/5-10/61.jpg,5,10,112,112,198,55,130,167,0,ok
train/5-10/62.jpg,5,10,112,112,181,65,129,165,0,ok
train/5-10/63.jpg,5,10,112,112,141,160,-1,-1,90,ok;no_hour
train/5-10/64.jpg,5,10,112,112,193,70,129,165,0,ok
train/5-10/65.jpg,5,10,112,112,109,178,-1,-1,90,warn:rot_err=32.6;no_hour
train/5-10/67.jpg,5,10,112,112,168,199,64,141,90,ok
train/5-10/69.jpg,5,10,112,112,64,141,-1,-1,180,ok;no_hour
train/5-10/7.jpg,5,10,112,112,146,170,-1,-1,90,ok;no_hour
train/5-10/71.jpg,5,10,112,112,-1,-1,-1,-1,-1,fail:no_candidates
train/5-10/72.jpg,5,10,112,112,65,141,-1,-1,180,ok;no_hour
train/5-10/73.jpg,5,10,112,112,62,142,-1,-1,180,ok;no_hour
train/5-10/75.jpg,5,10,112,112,64,141,-1,-1,180,ok;no_hour
train/5-10/76.jpg,5,10,112,112,192,71,-1,-1,0,ok;no_hour
train/5-10/79.jpg,5,10,112,112,143,163,-1,-1,90,ok;no_hour
train/5-10/8.jpg,5,10,112,112,141,160,-1,-1,90,ok;no_hour
train/5-10/81.jpg,5,10,112,112,-1,-1,-1,-1,-1,fail:no_candidates
train/5-10/82.jpg,5,10,112,112,141,161,-1,-1,90,ok;no_hour
train/5-10/84.jpg,5,10,112,112,141,160,-1,-1,90,ok;no_hour
train/5-10/86.jpg,5,10,112,112,141,161,-1,-1,90,ok;no_hour
train/5-10/87.jpg,5,10,112,112,64,141,-1,-1,180,ok;no_hour
train/5-10/88.jpg,5,10,112,112,156,179,60,128,90,ok
train/5-10/89.jpg,5,10,112,112,51,152,92,56,180,ok
train/5-10/90.jpg,5,10,112,112,187,63,-1,-1,0,ok;no_hour
train/5-10/91.jpg,5,10,112,112,63,142,-1,-1,180,ok;no_hour
train/5-10/92.jpg,5,10,112,112,162,81,-1,-1,0,ok;no_hour
train/5-10/93.jpg,5,10,112,112,194,70,129,165,0,ok
train/5-10/94.jpg,5,10,112,112,-1,-1,-1,-1,-1,fail:no_candidates
train/5-10/95.jpg,5,10,112,112,54,24,165,94,270,ok
train/5-10/96.jpg,5,10,112,112,64,141,-1,-1,180,ok;no_hour
train/5-10/97.jpg,5,10,112,112,141,159,-1,-1,90,ok;no_hour
train/5-10/99.jpg,5,10,112,112,141,160,-1,-1,90,ok;no_hour
train/5-15/0.jpg,5,15,112,112,35,116,96,57,180,ok
train/5-15/1.jpg,5,15,112,112,170,105,139,160,0,ok
train/5-15/10.jpg,5,15,112,112,208,106,128,167,0,ok
train/5-15/11.jpg,5,15,112,112,6,117,-1,-1,180,ok;no_hour
train/5-15/12.jpg,5,15,112,112,183,106,128,167,0,ok
train/5-15/13.jpg,5,15,112,112,182,106,127,167,0,ok
train/5-15/14.jpg,5,15,112,112,167,96,-1,-1,0,ok;no_hour
train/5-15/15.jpg,5,15,112,112,106,20,168,95,270,ok
train/5-15/16.jpg,5,15,112,112,116,190,57,127,90,ok
train/5-15/17.jpg,5,15,112,112,201,106,127,166,0,ok
train/5-15/18.jpg,5,15,112,112,169,106,131,175,0,ok
train/5-15/19.jpg,5,15,112,112,106,6,166,96,270,ok
train/5-15/2.jpg,5,15,112,112,116,194,57,127,90,ok
train/5-15/20.jpg,5,15,112,112,208,106,127,166,0,ok
train/5-15/21.jpg,5,15,112,112,213,105,128,168,0,ok
train/5-15/22.jpg,5,15,112,112,116,217,-1,-1,90,ok;no_hour
train/5-15/24.jpg,5,15,112,112,116,190,57,127,90,ok
train/5-15/25.jpg,5,15,112,112,-1,-1,-1,-1,-1,fail:no_candidates
train/5-15/26.jpg,5,15,112,112,106,31,167,95,270,ok
train/5-15/27.jpg,5,15,112,112,64,117,97,57,180,ok
train/5-15/28.jpg,5,15,112,112,116,194,55,128,90,ok
train/5-15/29.jpg,5,15,112,112,206,106,-1,-1,0,ok;no_hour
train/5-15/3.jpg,5,15,112,112,118,43,-1,-1,270,ok;no_hour
train/5-15/30.jpg,5,15,112,112,201,106,-1,-1,0,ok;no_hour
train/5-15/31.jpg,5,15,112,112,32,116,96,57,180,ok
train/5-15/32.jpg,5,15,112,112,106,28,168,95,270,ok
train/5-15/33.jpg,5,15,112,112,105,18,168,95,270,ok
train/5-15/34.jpg,5,15,112,112,214,106,128,167,0,ok
train/5-15/35.jpg,5,15,112,112,102,65,-1,-1,270,ok;no_hour
train/5-15/36.jpg,5,15,112,112,214,106,-1,-1,0,ok;no_hour
train/5-15/37.jpg,5,15,112,112,116,188,57,127,90,ok
train/5-15/38.jpg,5,15,112,112,200,106,-1,-1,0,ok;no_hour
train/5-15/39.jpg,5,15,112,112,-1,-1,-1,-1,-1,fail:no_candidates
train/5-15/4.jpg,5,15,112,112,116,199,59,126,90,ok
train/5-15/40.jpg,5,15,112,112,172,106,128,167,0,ok
train/5-15/42.jpg,5,15,112,112,116,183,57,127,90,ok
train/5-15/43.jpg,5,15,112,112,114,169,-1,-1,90,ok;no_hour
train/5-15/44.jpg,5,15,112,112,213,105,139,160,0,ok
train/5-15/45.jpg,5,15,112,112,25,116,96,57,180,ok
train/5-15/46.jpg,5,15,112,112,187,106,128,168,0,ok
train/5-15/47.jpg,5,15,112,112,9,117,96,56,180,ok
train/5-15/49.jpg,5,15,112,112,116,168,57,127,90,ok
train/5-15/51.jpg,5,15,112,112,201,106,127,166,0,ok
train/5-15/52.jpg,5,15,112,112,181,106,127,167,0,ok
train/5-15/54.jpg,5,15,112,112,114,201,-1,-1,90,ok;no_hour
train/5-15/56.jpg,5,15,112,112,216,106,127,166,0,ok
train/5-15/57.jpg,5,15,112,112,170,105,128,168,0,ok
train/5-15/58.jpg,5,15,112,112,207,106,128,167,0,ok
train/5-15/59.jpg,5,15,112,112,106,80,-1,-1,270,ok;no_hour
train/5-15/6.jpg,5,15,112,112,48,115,-1,-1,180,ok;no_hour
train/5-15/60.jpg,5,15,112,112,106,11,166,96,270,ok
train/5-15/62.jpg,5,15,112,112,194,106,127,166,0,ok
train/5-15/64.jpg,5,15,112,112,207,106,126,164,0,ok
train/5-15/65.jpg,5,15,112,112,197,106,-1,-1,0,ok;no_hour
train/5-15/66.jpg,5,15,112,112,203,106,124,160,0,ok
train/5-15/67.jpg,5,15,112,112,19,116,95,56,180,ok
train/5-15/68.jpg,5,15,112,112,210,117,-1,-1,0,ok;no_hour
train/5-15/69.jpg,5,15,112,112,116,185,55,128,90,ok
train/5-15/70.jpg,5,15,112,112,27,116,-1,-1,180,ok;no_hour
train/5-15/71.jpg,5,15,112,112,186,105,139,161,0,ok
train/5-15/72.jpg,5,15,112,112,106,22,166,96,270,ok
train/5-15/73.jpg,5,15,112,112,106,48,188,72,270,ok
train/5-15/74.jpg,5,15,112,112,199,105,-1,-1,0,ok;no_hour
train/5-15/77.jpg,5,15,112,112,56,111,-1,-1,180,ok;no_hour
train/5-15/78.jpg,5,15,112,112,201,106,-1,-1,0,ok;no_hour
train/5-15/79.jpg,5,15,112,112,168,106,132,180,0,ok
train/5-15/8.jpg,5,15,112,112,116,214,55,128,90,ok
train/5-15/80.jpg,5,15,112,112,117,187,55,128,90,ok
train/5-15/81.jpg,5,15,112,112,-1,-1,-1,-1,-1,fail:no_candidates
train/5-15/82.jpg,5,15,112,112,208,106,126,164,0,ok
train/5-15/85.jpg,5,15,112,112,176,106,146,178,0,ok
train/5-15/86.jpg,5,15,112,112,195,106,127,166,0,ok
train/5-15/87.jpg,5,15,112,112,192,106,125,162,0,ok
train/5-15/89.jpg,5,15,112,112,106,37,167,95,270,ok
train/5-15/92.jpg,5,15,112,112,116,203,57,127,90,ok
train/5-15/93.jpg,5,15,112,112,39,116,96,57,180,ok
train/5-15/94.jpg,5,15,112,112,-1,-1,-1,-1,-1,fail:no_candidates
train/5-15/96.jpg,5,15,112,112,190,105,139,160,0,ok
train/5-15/97.jpg,5,15,112,112,212,106,128,168,0,ok
train/5-15/99.jpg,5,15,112,112,41,117,96,56,180,ok
train/5-20/0.jpg,5,20,112,112,201,157,124,165,0,ok
train/5-20/1.jpg,5,20,112,112,181,144,126,169,0,ok
train/5-20/10.jpg,5,20,112,112,195,154,125,167,0,ok
train/5-20/11.jpg,5,20,112,112,24,68,-1,-1,180,ok;no_hour
train/5-20/13.jpg,5,20,112,112,150,32,169,97,270,ok
train/5-20/14.jpg,5,20,112,112,58,87,99,56,180,ok
train/5-20/15.jpg,5,20,112,112,191,151,126,169,0,ok
train/5-20/16.jpg,5,20,112,112,26,70,98,56,180,ok
train/5-20/17.jpg,5,20,112,112,69,195,56,125,90,ok
train/5-20/18.jpg,5,20,112,112,192,151,125,169,0,ok
train/5-20/19.jpg,5,20,112,112,72,192,56,125,90,ok
train/5-20/20.jpg,5,20,112,112,31,72,98,56,180,ok
train/5-20/21.jpg,5,20,112,112,195,153,126,169,0,ok
train/5-20/22.jpg,5,20,112,112,146,133,-1,-1,0,ok;no_hour
train/5-20/23.jpg,5,20,112,112,169,138,-1,-1,0,ok;no_hour
train/5-20/24.jpg,5,20,112,112,185,147,123,163,0,ok
train/5-20/25.jpg,5,20,112,112,70,192,55,127,90,ok
train/5-20/26.jpg,5,20,112,112,37,75,-1,-1,180,ok;no_hour
train/5-20/27.jpg,5,20,112,112,207,158,124,167,0,ok
train/5-20/28.jpg,5,20,112,112,40,77,98,55,180,ok
train/5-20/29.jpg,5,20,112,112,64,206,-1,-1,90,ok;no_hour
train/5-20/30.jpg,5,20,112,112,190,150,-1,-1,0,ok;no_hour
train/5-20/31.jpg,5,20,112,112,178,143,123,163,0,ok
train/5-20/32.jpg,5,20,112,112,180,144,126,169,0,ok
train/5-20/33.jpg,5,20,112,112,77,183,54,126,90,ok
train/5-20/34.jpg,5,20,112,112,202,157,125,167,0,ok
train/5-20/36.jpg,5,20,112,112,-1,-1,-1,-1,-1,fail:no_candidates
train/5-20/37.jpg,5,20,112,112,144,42,168,97,270,ok
train/5-20/39.jpg,5,20,112,112,-1,-1,-1,-1,-1,fail:no_candidates
train/5-20/4.jpg,5,20,112,112,196,154,125,167,0,ok
train/5-20/41.jpg,5,20,112,112,163,148,-1,-1,0,ok;no_hour
train/5-20/42.jpg,5,20,112,112,191,151,125,167,0,ok
train/5-20/43.jpg,5,20,112,112,126,168,-1,-1,90,warn:rot_err=44.0;no_hour
train/5-20/46.jpg,5,20,112,112,193,152,125,168,0,ok
train/5-20/47.jpg,5,20,112,112,199,156,126,169,0,ok
train/5-20/49.jpg,5,20,112,112,71,193,56,125,90,ok
train/5-20/50.jpg,5,20,112,112,167,137,126,169,0,ok
train/5-20/51.jpg,5,20,112,112,192,152,123,163,0,ok
train/5-20/52.jpg,5,20,112,112,174,141,125,168,0,ok
train/5-20/53.jpg,5,20,112,112,192,151,125,168,0,ok
train/5-20/54.jpg,5,20,112,112,80,83,-1,-1,180,ok;no_hour
train/5-20/55.jpg,5,20,112,112,-1,-1,-1,-1,-1,fail:no_candidates
train/5-20/56.jpg,5,20,112,112,198,155,125,167,0,ok
train/5-20/57.jpg,5,20,112,112,167,136,125,168,0,ok
train/5-20/58.jpg,5,20,112,112,50,82,97,54,180,ok
train/5-20/59.jpg,5,20,112,112,121,82,-1,-1,270,ok;no_hour
train/5-20/6.jpg,5,20,112,112,-1,-1,-1,-1,-1,fail:no_candidates
train/5-20/60.jpg,5,20,112,112,186,148,125,167,0,ok
train/5-20/61.jpg,5,20,112,112,156,21,153,103,270,ok
train/5-20/62.jpg,5,20,112,112,194,153,125,167,0,ok
train/5-20/63.jpg,5,20,112,112,192,151,125,168,0,ok
train/5-20/65.jpg,5,20,112,112,-1,-1,-1,-1,-1,fail:no_candidates
train/5-20/66.jpg,5,20,112,112,183,146,125,167,0,ok
train/5-20/67.jpg,5,20,112,112,142,46,169,97,270,ok
train/5-20/69.jpg,5,20,112,112,78,181,55,125,90,ok
train/5-20/7.jpg,5,20,112,112,139,53,169,97,270,ok
train/5-20/71.jpg,5,20,112,112,183,146,125,167,0,ok
train/5-20/72.jpg,5,20,112,112,152,31,167,98,270,ok
train/5-20/73.jpg,5,20,112,112,166,136,124,166,0,ok
train/5-20/74.jpg,5,20,112,112,192,151,-1,-1,0,ok;no_hour
train/5-20/75.jpg,5,20,112,112,69,196,55,126,90,ok
train/5-20/76.jpg,5,20,112,112,30,70,96,54,180,ok
train/5-20/78.jpg,5,20,112,112,186,160,193,152,0,ok
train/5-20/79.jpg,5,20,112,112,164,135,130,180,0,ok
train/5-20/8.jpg,5,20,112,112,71,194,57,124,90,ok
train/5-20/80.jpg,5,20,112,112,180,144,125,168,0,ok
train/5-20/81.jpg,5,20,112,112,50,81,96,55,180,ok
train/5-20/82.jpg,5,20,112,112,195,153,124,165,0,ok
train/5-20/83.jpg,5,20,112,112,152,30,167,99,270,ok
train/5-20/84.jpg,5,20,112,112,148,35,169,97,270,ok
train/5-20/85.jpg,5,20,112,112,136,58,169,97,270,ok
train/5-20/88.jpg,5,20,112,112,146,39,168,97,270,ok
train/5-20/90.jpg,5,20,112,112,-1,-1,-1,-1,-1,fail:no_candidates
train/5-20/91.jpg,5,20,112,112,169,138,126,169,0,ok
train/5-20/92.jpg,5,20,112,112,152,31,167,98,270,ok
train/5-20/93.jpg,5,20,112,112,152,31,168,97,270,ok
train/5-20/94.jpg,5,20,112,112,70,192,58,125,90,ok
train/5-20/96.jpg,5,20,112,112,45,80,97,54,180,ok
train/5-20/98.jpg,5,20,112,112,79,179,55,126,90,ok
train/5-20/99.jpg,5,20,112,112,174,141,125,168,0,ok
train/5-25/0.jpg,5,25,112,112,163,192,121,166,0,ok
train/5-25/1.jpg,5,25,112,112,174,69,169,101,270,ok
train/5-25/10.jpg,5,25,112,112,164,193,-1,-1,0,ok;no_hour
train/5-25/11.jpg,5,25,112,112,-1,-1,-1,-1,-1,fail:no_candidates
train/5-25/12.jpg,5,25,112,112,148,162,-1,-1,0,ok;no_hour
train/5-25/13.jpg,5,25,112,112,70,52,101,55,180,ok
train/5-25/14.jpg,5,25,112,112,144,156,120,170,0,ok
train/5-25/15.jpg,5,25,112,112,66,43,100,53,180,ok
train/5-25/16.jpg,5,25,112,112,58,30,100,54,180,ok
train/5-25/18.jpg,5,25,112,112,63,39,99,46,180,ok
train/5-25/19.jpg,5,25,112,112,160,185,123,169,0,ok
train/5-25/2.jpg,5,25,112,112,167,198,-1,-1,0,ok;no_hour
train/5-25/20.jpg,5,25,112,112,196,57,-1,-1,270,ok;no_hour
train/5-25/22.jpg,5,25,112,112,173,147,157,137,0,warn:rot_err=30.2
train/5-25/23.jpg,5,25,112,112,57,28,-1,-1,180,ok;no_hour
train/5-25/25.jpg,5,25,112,112,-1,-1,-1,-1,-1,fail:no_candidates
train/5-25/27.jpg,5,25,112,112,186,60,169,101,270,ok
train/5-25/28.jpg,5,25,112,112,173,70,168,101,270,ok
train/5-25/29.jpg,5,25,112,112,169,201,122,168,0,ok
train/5-25/3.jpg,5,25,112,112,147,161,114,149,0,ok
train/5-25/30.jpg,5,25,112,112,100,54,-1,-1,180,ok;no_hour
train/5-25/31.jpg,5,25,112,112,73,56,101,55,180,ok
train/5-25/32.jpg,5,25,112,112,57,150,57,121,90,ok
train/5-25/33.jpg,5,25,112,112,71,52,-1,-1,180,ok;no_hour
train/5-25/34.jpg,5,25,112,112,167,198,-1,-1,0,ok;no_hour
train/5-25/35.jpg,5,25,112,112,87,139,-1,-1,90,ok;no_hour
train/5-25/36.jpg,5,25,112,112,-1,-1,-1,-1,-1,fail:no_candidates
train/5-25/37.jpg,5,25,112,112,150,167,-1,-1,0,ok;no_hour
train/5-25/38.jpg,5,25,112,112,185,63,169,100,270,ok
train/5-25/39.jpg,5,25,112,112,-1,-1,-1,-1,-1,fail:no_candidates
train/5-25/4.jpg,5,25,112,112,195,58,-1,-1,270,ok;no_hour
train/5-25/40.jpg,5,25,112,112,54,24,101,55,180,ok
train/5-25/42.jpg,5,25,112,112,23,169,57,121,90,ok
train/5-25/43.jpg,5,25,112,112,-1,-1,-1,-1,-1,fail:no_candidates
train/5-25/44.jpg,5,25,112,112,200,55,166,102,270,ok
train/5-25/45.jpg,5,25,112,112,158,182,-1,-1,0,ok;no_hour
train/5-25/46.jpg,5,25,112,112,189,61,-1,-1,270,ok;no_hour
train/5-25/47.jpg,5,25,112,112,28,166,55,122,90,ok
train/5-25/49.jpg,5,25,112,112,161,188,-1,-1,0,ok;no_hour
train/5-25/5.jpg,5,25,112,112,201,54,168,101,270,ok
train/5-25/50.jpg,5,25,112,112,77,63,-1,-1,180,ok;no_hour
train/5-25/52.jpg,5,25,112,112,170,200,-1,-1,0,ok;no_hour
train/5-25/54.jpg,5,25,112,112,145,147,-1,-1,0,ok;no_hour
train/5-25/55.jpg,5,25,112,112,-1,-1,-1,-1,-1,fail:no_candidates
train/5-25/56.jpg,5,25,112,112,180,66,-1,-1,270,ok;no_hour
train/5-25/58.jpg,5,25,112,112,36,161,55,122,90,ok
train/5-25/59.jpg,5,25,112,112,133,136,114,143,0,ok
train/5-25/6.jpg,5,25,112,112,120,164,-1,-1,0,ok;no_hour
train/5-25/60.jpg,5,25,112,112,152,171,-1,-1,0,ok;no_hour
train/5-25/61.jpg,5,25,112,112,161,187,120,164,0,ok
train/5-25/62.jpg,5,25,112,112,155,176,119,160,0,ok
train/5-25/63.jpg,5,25,112,112,61,35,-1,-1,180,ok;no_hour
train/5-25/64.jpg,5,25,112,112,168,200,-1,-1,0,ok;no_hour
train/5-25/65.jpg,5,25,112,112,-1,-1,-1,-1,-1,fail:no_candidates
train/5-25/66.jpg,5,25,112,112,169,72,-1,-1,270,ok;no_hour
train/5-25/68.jpg,5,25,112,112,187,51,-1,-1,270,ok;no_hour
train/5-25/7.jpg,5,25,112,112,146,161,118,157,0,ok
train/5-25/72.jpg,5,25,112,112,168,200,-1,-1,0,ok;no_hour
train/5-25/73.jpg,5,25,112,112,61,35,101,55,180,ok
train/5-25/75.jpg,5,25,112,112,41,159,55,122,90,ok
train/5-25/76.jpg,5,25,112,112,37,160,56,122,90,ok
train/5-25/77.jpg,5,25,112,112,71,109,-1,-1,90,warn:rot_err=34.2;no_hour
train/5-25/78.jpg,5,25,112,112,189,61,170,99,270,ok
train/5-25/79.jpg,5,25,112,112,133,138,125,182,0,ok
train/5-25/81.jpg,5,25,112,112,160,186,-1,-1,0,ok;no_hour
train/5-25/82.jpg,5,25,112,112,31,164,55,122,90,ok
train/5-25/83.jpg,5,25,112,112,160,183,122,169,0,ok
train/5-25/84.jpg,5,25,112,112,152,170,121,166,0,ok
train/5-25/85.jpg,5,25,112,112,146,159,121,166,0,ok
train/5-25/86.jpg,5,25,112,112,162,189,-1,-1,0,ok;no_hour
train/5-25/87.jpg,5,25,112,112,164,192,-1,-1,0,ok;no_hour
train/5-25/88.jpg,5,25,112,112,159,181,-1,-1,0,ok;no_hour
train/5-25/89.jpg,5,25,112,112,62,35,102,58,180,ok
train/5-25/9.jpg,5,25,112,112,189,61,-1,-1,270,ok;no_hour
train/5-25/91.jpg,5,25,112,112,146,159,122,169,0,ok
train/5-25/92.jpg,5,25,112,112,169,201,-1,-1,0,ok;no_hour
train/5-25/93.jpg,5,25,112,112,189,61,-1,-1,270,ok;no_hour
train/5-25/94.jpg,5,25,112,112,159,186,123,167,0,ok
train/5-25/95.jpg,5,25,112,112,185,63,-1,-1,270,ok;no_hour
train/5-25/97.jpg,5,25,112,112,197,57,166,102,270,ok
train/5-30/0.jpg,5,30,112,112,132,166,-1,-1,0,ok;no_hour
train/5-30/1.jpg,5,30,112,112,105,141,133,166,0,ok
train/5-30/11.jpg,5,30,112,112,-1,-1,-1,-1,-1,fail:no_candidates
train/5-30/12.jpg,5,30,112,112,77,106,58,132,90,ok
train/5-30/13.jpg,5,30,112,112,106,139,-1,-1,0,ok;no_hour
train/5-30/15.jpg,5,30,112,112,106,156,128,150,0,ok
train/5-30/16.jpg,5,30,112,112,106,156,132,166,0,ok
train/5-30/18.jpg,5,30,112,112,166,117,166,89,270,ok
train/5-30/19.jpg,5,30,112,112,106,157,132,166,0,ok
train/5-30/2.jpg,5,30,112,112,26,105,60,132,90,ok
train/5-30/20.jpg,5,30,112,112,106,156,132,168,0,ok
train/5-30/23.jpg,5,30,112,112,-1,-1,-1,-1,-1,fail:no_candidates
train/5-30/25.jpg,5,30,112,112,58,131,-1,-1,90,ok;no_hour
train/5-30/26.jpg,5,30,112,112,105,197,132,167,0,ok
train/5-30/28.jpg,5,30,112,112,106,155,-1,-1,0,ok;no_hour
train/5-30/29.jpg,5,30,112,112,106,157,132,165,0,ok
train/5-30/3.jpg,5,30,112,112,104,179,-1,-1,0,ok;no_hour
train/5-30/32.jpg,5,30,112,112,59,132,-1,-1,90,ok;no_hour
train/5-30/34.jpg,5,30,112,112,90,58,-1,-1,180,ok;no_hour
train/5-30/35.jpg,5,30,112,112,130,167,-1,-1,0,ok;no_hour
train/5-30/36.jpg,5,30,112,112,203,116,-1,-1,270,ok;no_hour
train/5-30/37.jpg,5,30,112,112,116,78,90,58,180,ok
train/5-30/38.jpg,5,30,112,112,106,157,132,166,0,ok
train/5-30/39.jpg,5,30,112,112,-1,-1,-1,-1,-1,fail:no_candidates
train/5-30/4.jpg,5,30,112,112,16,105,58,132,90,ok
train/5-30/40.jpg,5,30,112,112,132,168,-1,-1,0,ok;no_hour
train/5-30/41.jpg,5,30,112,112,104,182,-1,-1,0,ok;no_hour
train/5-30/42.jpg,5,30,112,112,178,117,166,90,270,ok
train/5-30/43.jpg,5,30,112,112,105,189,-1,-1,0,ok;no_hour
train/5-30/44.jpg,5,30,112,112,105,159,-1,-1,0,ok;no_hour
train/5-30/45.jpg,5,30,112,112,203,117,-1,-1,270,ok;no_hour
train/5-30/46.jpg,5,30,112,112,106,156,132,167,0,ok
train/5-30/47.jpg,5,30,112,112,104,211,132,162,0,ok
train/5-30/5.jpg,5,30,112,112,117,78,-1,-1,180,ok;no_hour
train/5-30/50.jpg,5,30,112,112,166,90,-1,-1,270,ok;no_hour
train/5-30/51.jpg,5,30,112,112,67,106,58,132,90,ok
train/5-30/52.jpg,5,30,112,112,106,156,132,166,0,ok
train/5-30/53.jpg,5,30,112,112,163,90,-1,-1,270,ok;no_hour
train/5-30/55.jpg,5,30,112,112,-1,-1,-1,-1,-1,fail:no_candidates
train/5-30/56.jpg,5,30,112,112,154,116,-1,-1,270,ok;no_hour
train/5-30/57.jpg,5,30,112,112,105,173,134,165,0,ok
train/5-30/58.jpg,5,30,112,112,-1,-1,-1,-1,-1,fail:no_candidates
train/5-30/59.jpg,5,30,112,112,106,144,-1,-1,0,ok;no_hour
train/5-30/6.jpg,5,30,112,112,-1,-1,-1,-1,-1,fail:no_candidates
train/5-30/60.jpg,5,30,112,112,106,156,132,167,0,ok
train/5-30/63.jpg,5,30,112,112,205,118,166,90,270,ok
train/5-30/66.jpg,5,30,112,112,106,156,132,167,0,ok
train/5-30/67.jpg,5,30,112,112,105,201,132,166,0,ok
train/5-30/68.jpg,5,30,112,112,45,105,-1,-1,90,ok;no_hour
train/5-30/69.jpg,5,30,112,112,106,155,132,166,0,ok
train/5-30/70.jpg,5,30,112,112,114,67,-1,-1,180,ok;no_hour
train/5-30/71.jpg,5,30,112,112,117,43,-1,-1,180,ok;no_hour
train/5-30/72.jpg,5,30,112,112,106,156,128,150,0,ok
train/5-30/73.jpg,5,30,112,112,106,156,132,168,0,ok
train/5-30/74.jpg,5,30,112,112,162,118,161,90,270,ok
train/5-30/75.jpg,5,30,112,112,116,69,90,57,180,ok
train/5-30/76.jpg,5,30,112,112,116,68,90,58,180,ok
train/5-30/77.jpg,5,30,112,112,55,113,-1,-1,90,ok;no_hour
train/5-30/78.jpg,5,30,112,112,202,117,167,91,270,ok
train/5-30/79.jpg,5,30,112,112,90,55,-1,-1,180,ok;no_hour
train/5-30/8.jpg,5,30,112,112,106,155,-1,-1,0,ok;no_hour
train/5-30/80.jpg,5,30,112,112,104,188,133,166,0,ok
train/5-30/81.jpg,5,30,112,112,105,200,132,167,0,ok
train/5-30/82.jpg,5,30,112,112,154,116,-1,-1,270,ok;no_hour
train/5-30/83.jpg,5,30,112,112,104,170,133,167,0,ok
train/5-30/84.jpg,5,30,112,112,105,144,-1,-1,0,ok;no_hour
train/5-30/85.jpg,5,30,112,112,106,146,-1,-1,0,ok;no_hour
train/5-30/86.jpg,5,30,112,112,116,69,90,57,180,ok
train/5-30/87.jpg,5,30,112,112,105,196,132,166,0,ok
train/5-30/89.jpg,5,30,112,112,106,156,132,167,0,ok
train/5-30/9.jpg,5,30,112,112,106,156,132,166,0,ok
train/5-30/90.jpg,5,30,112,112,22,105,57,132,90,ok
train/5-30/91.jpg,5,30,112,112,163,90,-1,-1,270,ok;no_hour
train/5-30/92.jpg,5,30,112,112,203,117,-1,-1,270,ok;no_hour
train/5-30/93.jpg,5,30,112,112,106,146,132,166,0,ok
train/5-30/94.jpg,5,30,112,112,167,91,-1,-1,270,ok;no_hour
train/5-30/95.jpg,5,30,112,112,199,117,-1,-1,270,ok;no_hour
train/5-30/96.jpg,5,30,112,112,105,159,-1,-1,0,ok;no_hour
train/5-30/97.jpg,5,30,112,112,115,214,-1,-1,0,ok;no_hour
train/5-30/98.jpg,5,30,112,112,105,181,132,168,0,ok
train/5-35/0.jpg,5,35,112,112,61,189,130,167,0,ok
train/5-35/12.jpg,5,35,112,112,82,88,56,130,90,ok
train/5-35/13.jpg,5,35,112,112,61,189,130,165,0,ok
train/5-35/14.jpg,5,35,112,112,116,90,-1,-1,180,ok;no_hour
train/5-35/15.jpg,5,35,112,112,61,189,130,165,0,ok
train/5-35/16.jpg,5,35,112,112,62,186,130,167,0,ok
train/5-35/17.jpg,5,35,112,112,61,189,130,166,0,ok
train/5-35/18.jpg,5,35,112,112,144,66,90,48,180,ok
train/5-35/19.jpg,5,35,112,112,161,35,93,63,180,ok
train/5-35/2.jpg,5,35,112,112,159,41,92,57,180,ok
train/5-35/21.jpg,5,35,112,112,54,201,-1,-1,0,ok;no_hour
train/5-35/22.jpg,5,35,112,112,68,187,-1,-1,0,ok;no_hour
train/5-35/23.jpg,5,35,112,112,46,81,-1,-1,90,ok;no_hour
train/5-35/24.jpg,5,35,112,112,62,186,130,165,0,ok
train/5-35/25.jpg,5,35,112,112,-1,-1,-1,-1,-1,fail:no_candidates
train/5-35/26.jpg,5,35,112,112,130,165,-1,-1,270,warn:rot_err=41.2;no_hour
train/5-35/27.jpg,5,35,112,112,152,142,142,96,270,ok
train/5-35/28.jpg,5,35,112,112,187,161,-1,-1,270,ok;no_hour
train/5-35/29.jpg,5,35,112,112,-1,-1,-1,-1,-1,fail:no_candidates
train/5-35/30.jpg,5,35,112,112,65,181,130,165,0,ok
train/5-35/31.jpg,5,35,112,112,74,166,130,166,0,ok
train/5-35/33.jpg,5,35,112,112,61,189,130,165,0,ok
train/5-35/34.jpg,5,35,112,112,40,64,58,130,90,ok
train/5-35/36.jpg,5,35,112,112,-1,-1,-1,-1,-1,fail:no_candidates
train/5-35/37.jpg,5,35,112,112,62,187,130,166,0,ok
train/5-35/38.jpg,5,35,112,112,188,161,165,92,270,ok
train/5-35/39.jpg,5,35,112,112,86,124,-1,-1,0,warn:rot_err=35.2;no_hour
train/5-35/40.jpg,5,35,112,112,148,60,92,57,180,ok
train/5-35/42.jpg,5,35,112,112,185,160,-1,-1,270,ok;no_hour
train/5-35/43.jpg,5,35,112,112,-1,-1,-1,-1,-1,fail:no_candidates
train/5-35/45.jpg,5,35,112,112,60,191,130,167,0,ok
train/5-35/46.jpg,5,35,112,112,39,63,57,130,90,ok
train/5-35/47.jpg,5,35,112,112,188,162,144,96,270,ok
train/5-35/48.jpg,5,35,112,112,142,137,182,87,270,ok
train/5-35/5.jpg,5,35,112,112,68,176,-1,-1,0,ok;no_hour
train/5-35/50.jpg,5,35,112,112,161,38,92,59,180,ok
train/5-35/51.jpg,5,35,112,112,187,161,-1,-1,270,ok;no_hour
train/5-35/52.jpg,5,35,112,112,43,65,57,130,90,ok
train/5-35/53.jpg,5,35,112,112,54,200,130,165,0,ok
train/5-35/54.jpg,5,35,112,112,-1,-1,-1,-1,-1,fail:no_candidates
train/5-35/55.jpg,5,35,112,112,66,82,56,127,90,ok
train/5-35/56.jpg,5,35,112,112,61,189,130,166,0,ok
train/5-35/58.jpg,5,35,112,112,92,57,-1,-1,90,warn:rot_err=40.0;no_hour
train/5-35/59.jpg,5,35,112,112,133,86,97,82,180,ok
train/5-35/6.jpg,5,35,112,112,62,187,-1,-1,0,ok;no_hour
train/5-35/60.jpg,5,35,112,112,171,152,-1,-1,270,ok;no_hour
train/5-35/61.jpg,5,35,112,112,175,154,-1,-1,270,ok;no_hour
train/5-35/62.jpg,5,35,112,112,68,176,130,168,0,ok
train/5-35/63.jpg,5,35,112,112,61,189,-1,-1,0,ok;no_hour
train/5-35/64.jpg,5,35,112,112,56,198,130,167,0,ok
train/5-35/68.jpg,5,35,112,112,193,164,-1,-1,270,ok;no_hour
train/5-35/69.jpg,5,35,112,112,166,149,166,92,270,ok
train/5-35/7.jpg,5,35,112,112,62,77,-1,-1,90,ok;no_hour
train/5-35/70.jpg,5,35,112,112,175,154,163,93,270,ok
train/5-35/71.jpg,5,35,112,112,70,172,-1,-1,0,ok;no_hour
train/5-35/72.jpg,5,35,112,112,61,189,130,167,0,ok
train/5-35/73.jpg,5,35,112,112,187,161,-1,-1,270,ok;no_hour
train/5-35/74.jpg,5,35,112,112,54,72,57,131,90,ok
train/5-35/75.jpg,5,35,112,112,37,62,56,130,90,ok
train/5-35/77.jpg,5,35,112,112,65,189,-1,-1,0,ok;no_hour
train/5-35/78.jpg,5,35,112,112,62,187,130,166,0,ok
train/5-35/79.jpg,5,35,112,112,78,159,131,170,0,ok
train/5-35/8.jpg,5,35,112,112,28,57,-1,-1,90,ok;no_hour
train/5-35/80.jpg,5,35,112,112,155,49,92,59,180,ok
train/5-35/81.jpg,5,35,112,112,131,170,-1,-1,270,warn:rot_err=41.9;no_hour
train/5-35/82.jpg,5,35,112,112,62,186,130,168,0,ok
train/5-35/83.jpg,5,35,112,112,61,189,131,166,0,ok
train/5-35/84.jpg,5,35,112,112,168,150,162,92,270,ok
train/5-35/85.jpg,5,35,112,112,61,189,130,167,0,ok
train/5-35/86.jpg,5,35,112,112,187,161,-1,-1,270,ok;no_hour
train/5-35/87.jpg,5,35,112,112,37,61,57,130,90,ok
train/5-35/89.jpg,5,35,112,112,62,186,130,168,0,ok
train/5-35/9.jpg,5,35,112,112,36,61,57,130,90,ok
train/5-35/90.jpg,5,35,112,112,62,189,129,167,0,ok
train/5-35/91.jpg,5,35,112,112,190,164,165,92,270,ok
train/5-35/92.jpg,5,35,112,112,46,68,57,130,90,ok
train/5-35/93.jpg,5,35,112,112,60,190,130,163,0,ok
train/5-35/95.jpg,5,35,112,112,185,160,-1,-1,270,ok;no_hour
train/5-35/96.jpg,5,35,112,112,74,166,130,167,0,ok
train/5-35/97.jpg,5,35,112,112,189,162,-1,-1,270,ok;no_hour
train/5-40/0.jpg,5,40,112,112,66,19,55,114,90,ok
train/5-40/1.jpg,5,40,112,112,144,180,160,110,270,ok
train/5-40/11.jpg,5,40,112,112,25,168,-1,-1,0,ok;no_hour
train/5-40/13.jpg,5,40,112,112,56,150,127,162,0,ok
train/5-40/14.jpg,5,40,112,112,74,126,128,167,0,ok
train/5-40/15.jpg,5,40,112,112,71,31,53,115,90,ok
train/5-40/16.jpg,5,40,112,112,41,146,127,165,0,ok
train/5-40/17.jpg,5,40,112,112,32,151,127,164,0,ok
train/5-40/18.jpg,5,40,112,112,68,143,128,175,0,ok
train/5-40/19.jpg,5,40,112,112,32,163,127,168,0,ok
train/5-40/2.jpg,5,40,112,112,36,148,127,166,0,ok
train/5-40/20.jpg,5,40,112,112,37,161,127,165,0,ok
train/5-40/21.jpg,5,40,112,112,30,152,128,167,0,ok
train/5-40/22.jpg,5,40,112,112,123,157,-1,-1,270,ok;no_hour
train/5-40/23.jpg,5,40,112,112,195,55,-1,-1,180,ok;no_hour
train/5-40/24.jpg,5,40,112,112,77,39,-1,-1,90,ok;no_hour
train/5-40/25.jpg,5,40,112,112,39,148,125,156,0,ok
train/5-40/26.jpg,5,40,112,112,77,40,55,127,90,ok
train/5-40/27.jpg,5,40,112,112,157,92,94,57,180,ok
train/5-40/3.jpg,5,40,112,112,30,151,129,168,0,ok
train/5-40/30.jpg,5,40,112,112,51,153,127,168,0,ok
train/5-40/31.jpg,5,40,112,112,196,69,95,56,180,ok
train/5-40/32.jpg,5,40,112,112,60,135,127,165,0,ok
train/5-40/33.jpg,5,40,112,112,46,143,127,165,0,ok
train/5-40/34.jpg,5,40,112,112,74,35,-1,-1,90,ok;no_hour
train/5-40/36.jpg,5,40,112,112,-1,-1,-1,-1,-1,fail:no_candidates
train/5-40/37.jpg,5,40,112,112,39,160,127,164,0,ok
train/5-40/39.jpg,5,40,112,112,-1,-1,-1,-1,-1,fail:no_candidates
train/5-40/4.jpg,5,40,112,112,29,166,127,164,0,ok
train/5-40/41.jpg,5,40,112,112,-1,-1,-1,-1,-1,fail:no_candidates
train/5-40/42.jpg,5,40,112,112,139,170,167,95,270,ok
train/5-40/43.jpg,5,40,112,112,79,45,58,127,90,ok
train/5-40/44.jpg,5,40,112,112,23,170,127,166,0,ok
train/5-40/45.jpg,5,40,112,112,70,28,55,114,90,ok
train/5-40/46.jpg,5,40,112,112,32,150,127,163,0,ok
train/5-40/48.jpg,5,40,112,112,168,87,92,40,180,ok
train/5-40/49.jpg,5,40,112,112,46,143,127,163,0,ok
train/5-40/5.jpg,5,40,112,112,24,169,127,163,0,ok
train/5-40/50.jpg,5,40,112,112,58,136,120,198,0,ok
train/5-40/51.jpg,5,40,112,112,161,187,167,95,270,ok
train/5-40/53.jpg,5,40,112,112,174,82,95,57,180,ok
train/5-40/54.jpg,5,40,112,112,32,154,-1,-1,0,ok;no_hour
train/5-40/56.jpg,5,40,112,112,74,34,53,115,90,ok
train/5-40/57.jpg,5,40,112,112,138,169,167,95,270,ok
train/5-40/58.jpg,5,40,112,112,71,31,56,127,90,ok
train/5-40/6.jpg,5,40,112,112,-1,-1,-1,-1,-1,fail:no_candidates
train/5-40/61.jpg,5,40,112,112,34,163,127,163,0,ok
train/5-40/63.jpg,5,40,112,112,72,31,60,127,90,ok
train/5-40/65.jpg,5,40,112,112,136,83,-1,-1,180,ok;no_hour
train/5-40/66.jpg,5,40,112,112,197,70,95,56,180,ok
train/5-40/67.jpg,5,40,112,112,193,71,95,56,180,ok
train/5-40/68.jpg,5,40,112,112,69,25,-1,-1,90,ok;no_hour
train/5-40/69.jpg,5,40,112,112,153,172,167,95,270,ok
train/5-40/7.jpg,5,40,112,112,192,72,108,53,180,ok
train/5-40/70.jpg,5,40,112,112,37,161,127,169,0,ok
train/5-40/71.jpg,5,40,112,112,35,161,127,165,0,ok
train/5-40/72.jpg,5,40,112,112,191,72,95,56,180,ok
train/5-40/73.jpg,5,40,112,112,39,160,127,164,0,ok
train/5-40/74.jpg,5,40,112,112,51,139,128,167,0,ok
train/5-40/75.jpg,5,40,112,112,35,163,127,165,0,ok
train/5-40/76.jpg,5,40,112,112,37,160,127,168,0,ok
train/5-40/77.jpg,5,40,112,112,111,55,-1,-1,90,warn:rot_err=29.0;no_hour
train/5-40/78.jpg,5,40,112,112,35,161,127,168,0,ok
train/5-40/79.jpg,5,40,112,112,88,59,52,128,90,ok
train/5-40/80.jpg,5,40,112,112,24,169,128,167,0,ok
train/5-40/81.jpg,5,40,112,112,149,168,166,96,270,ok
train/5-40/82.jpg,5,40,112,112,30,165,127,163,0,ok
train/5-40/85.jpg,5,40,112,112,39,160,127,165,0,ok
train/5-40/86.jpg,5,40,112,112,29,152,127,164,0,ok
train/5-40/87.jpg,5,40,112,112,44,157,127,162,0,ok
train/5-40/88.jpg,5,40,112,112,27,153,127,162,0,ok
train/5-40/89.jpg,5,40,112,112,84,53,-1,-1,90,ok;no_hour
train/5-40/9.jpg,5,40,112,112,179,80,95,56,180,ok
train/5-40/92.jpg,5,40,112,112,23,169,127,163,0,ok
train/5-40/93.jpg,5,40,112,112,39,147,127,164,0,ok
train/5-40/94.jpg,5,40,112,112,36,159,126,168,0,ok
train/5-40/95.jpg,5,40,112,112,204,66,95,56,180,ok
train/5-40/96.jpg,5,40,112,112,161,185,170,108,270,ok
train/5-40/97.jpg,5,40,112,112,35,162,127,163,0,ok
train/5-40/98.jpg,5,40,112,112,27,153,127,166,0,ok
train/5-45/0.jpg,5,45,112,112,53,113,-1,-1,0,ok;no_hour
train/5-45/1.jpg,5,45,112,112,112,61,-1,-1,90,ok;no_hour
train/5-45/10.jpg,5,45,112,112,206,106,109,52,180,ok
train/5-45/11.jpg,5,45,112,112,44,104,-1,-1,0,ok;no_hour
train/5-45/12.jpg,5,45,112,112,54,112,-1,-1,0,ok;no_hour
train/5-45/13.jpg,5,45,112,112,51,113,-1,-1,0,ok;no_hour
train/5-45/15.jpg,5,45,112,112,113,170,-1,-1,270,ok;no_hour
train/5-45/16.jpg,5,45,112,112,55,112,-1,-1,0,ok;no_hour
train/5-45/17.jpg,5,45,112,112,109,52,-1,-1,90,ok;no_hour
train/5-45/18.jpg,5,45,112,112,169,111,-1,-1,180,ok;no_hour
train/5-45/19.jpg,5,45,112,112,171,109,-1,-1,180,ok;no_hour
train/5-45/2.jpg,5,45,112,112,113,170,-1,-1,270,ok;no_hour
train/5-45/21.jpg,5,45,112,112,112,168,-1,-1,270,ok;no_hour
train/5-45/24.jpg,5,45,112,112,170,110,-1,-1,180,ok;no_hour
train/5-45/25.jpg,5,45,112,112,-1,-1,-1,-1,-1,fail:no_candidates
train/5-45/26.jpg,5,45,112,112,112,167,-1,-1,270,ok;no_hour
train/5-45/27.jpg,5,45,112,112,110,160,-1,-1,270,ok;no_hour
train/5-45/28.jpg,5,45,112,112,53,113,-1,-1,0,ok;no_hour
train/5-45/3.jpg,5,45,112,112,150,114,-1,-1,180,ok;no_hour
train/5-45/31.jpg,5,45,112,112,113,170,-1,-1,270,ok;no_hour
train/5-45/32.jpg,5,45,112,112,58,111,-1,-1,0,ok;no_hour
train/5-45/34.jpg,5,45,112,112,115,212,170,110,270,ok
train/5-45/35.jpg,5,45,112,112,103,78,43,84,90,ok
train/5-45/36.jpg,5,45,112,112,-1,-1,-1,-1,-1,fail:no_candidates
train/5-45/37.jpg,5,45,112,112,113,170,-1,-1,270,ok;no_hour
train/5-45/39.jpg,5,45,112,112,97,87,-1,-1,90,warn:rot_err=31.0;no_hour
train/5-45/4.jpg,5,45,112,112,55,112,-1,-1,0,ok;no_hour
train/5-45/40.jpg,5,45,112,112,125,168,-1,-1,270,ok;no_hour
train/5-45/41.jpg,5,45,112,112,-1,-1,-1,-1,-1,fail:no_candidates
train/5-45/43.jpg,5,45,112,112,-1,-1,-1,-1,-1,fail:no_candidates
train/5-45/44.jpg,5,45,112,112,73,105,126,166,0,ok
train/5-45/45.jpg,5,45,112,112,55,112,-1,-1,0,ok;no_hour
train/5-45/47.jpg,5,45,112,112,111,165,-1,-1,270,ok;no_hour
train/5-45/48.jpg,5,45,112,112,155,117,96,56,180,ok
train/5-45/49.jpg,5,45,112,112,112,168,-1,-1,270,ok;no_hour
train/5-45/5.jpg,5,45,112,112,110,53,-1,-1,90,ok;no_hour
train/5-45/50.jpg,5,45,112,112,199,106,-1,-1,180,ok;no_hour
train/5-45/51.jpg,5,45,112,112,112,168,-1,-1,270,ok;no_hour
train/5-45/52.jpg,5,45,112,112,53,113,-1,-1,0,ok;no_hour
train/5-45/53.jpg,5,45,112,112,112,168,-1,-1,270,ok;no_hour
train/5-45/54.jpg,5,45,112,112,-1,-1,-1,-1,-1,fail:no_candidates
train/5-45/55.jpg,5,45,112,112,-1,-1,-1,-1,-1,fail:no_candidates
train/5-45/56.jpg,5,45,112,112,113,170,-1,-1,270,ok;no_hour
train/5-45/58.jpg,5,45,112,112,113,170,-1,-1,270,ok;no_hour
train/5-45/59.jpg,5,45,112,112,79,106,122,140,0,ok
train/5-45/6.jpg,5,45,112,112,-1,-1,-1,-1,-1,fail:no_candidates
train/5-45/60.jpg,5,45,112,112,53,113,-1,-1,0,ok;no_hour
train/5-45/61.jpg,5,45,112,112,112,168,-1,-1,270,ok;no_hour
train/5-45/62.jpg,5,45,112,112,55,112,-1,-1,0,ok;no_hour
train/5-45/64.jpg,5,45,112,112,205,117,109,52,180,ok
train/5-45/66.jpg,5,45,112,112,170,110,-1,-1,180,ok;no_hour
train/5-45/67.jpg,5,45,112,112,112,168,-1,-1,270,ok;no_hour
train/5-45/68.jpg,5,45,112,112,36,105,125,169,0,ok
train/5-45/7.jpg,5,45,112,112,53,113,-1,-1,0,ok;no_hour
train/5-45/70.jpg,5,45,112,112,40,116,125,169,0,ok
train/5-45/71.jpg,5,45,112,112,-1,-1,-1,-1,-1,fail:no_candidates
train/5-45/72.jpg,5,45,112,112,113,170,-1,-1,270,ok;no_hour
train/5-45/73.jpg,5,45,112,112,114,178,-1,-1,270,ok;no_hour
train/5-45/74.jpg,5,45,112,112,112,169,-1,-1,270,ok;no_hour
train/5-45/75.jpg,5,45,112,112,170,110,-1,-1,180,ok;no_hour
train/5-45/76.jpg,5,45,112,112,116,204,171,109,270,ok
train/5-45/77.jpg,5,45,112,112,40,115,123,168,0,ok
train/5-45/79.jpg,5,45,112,112,114,183,-1,-1,270,ok;no_hour
train/5-45/8.jpg,5,45,112,112,213,118,110,53,180,ok
train/5-45/80.jpg,5,45,112,112,111,166,-1,-1,270,ok;no_hour
train/5-45/81.jpg,5,45,112,112,115,177,166,98,270,ok
train/5-45/82.jpg,5,45,112,112,113,170,-1,-1,270,ok;no_hour
train/5-45/83.jpg,5,45,112,112,112,169,-1,-1,270,ok;no_hour
train/5-45/84.jpg,5,45,112,112,118,35,57,126,90,ok
train/5-45/86.jpg,5,45,112,112,113,170,-1,-1,270,ok;no_hour
train/5-45/88.jpg,5,45,112,112,113,170,-1,-1,270,ok;no_hour
train/5-45/89.jpg,5,45,112,112,171,109,-1,-1,180,ok;no_hour
train/5-45/9.jpg,5,45,112,112,55,112,-1,-1,0,ok;no_hour
train/5-45/90.jpg,5,45,112,112,113,167,-1,-1,270,ok;no_hour
train/5-45/93.jpg,5,45,112,112,112,168,-1,-1,270,ok;no_hour
train/5-45/95.jpg,5,45,112,112,53,113,-1,-1,0,ok;no_hour
train/5-45/96.jpg,5,45,112,112,111,165,-1,-1,270,ok;no_hour
train/5-45/97.jpg,5,45,112,112,68,106,125,169,0,ok
train/5-45/98.jpg,5,45,112,112,113,170,-1,-1,270,ok;no_hour
train/5-45/99.jpg,5,45,112,112,170,110,-1,-1,180,ok;no_hour
train/5-50/0.jpg,5,50,112,112,33,60,109,168,0,ok
train/5-50/1.jpg,5,50,112,112,50,69,123,167,0,ok
train/5-50/10.jpg,5,50,112,112,26,56,122,169,0,ok
train/5-50/11.jpg,5,50,112,112,22,67,-1,-1,0,ok;no_hour
train/5-50/12.jpg,5,50,112,112,85,170,171,113,270,ok
train/5-50/13.jpg,5,50,112,112,35,61,122,169,0,ok
train/5-50/14.jpg,5,50,112,112,70,107,-1,-1,0,ok;no_hour
train/5-50/15.jpg,5,50,112,112,43,65,122,168,0,ok
train/5-50/16.jpg,5,50,112,112,164,32,59,122,90,ok
train/5-50/17.jpg,5,50,112,112,45,67,122,169,0,ok
train/5-50/19.jpg,5,50,112,112,43,66,122,168,0,ok
train/5-50/20.jpg,5,50,112,112,37,62,122,169,0,ok
train/5-50/22.jpg,5,50,112,112,68,184,-1,-1,270,ok;no_hour
train/5-50/23.jpg,5,50,112,112,30,71,-1,-1,0,ok;no_hour
train/5-50/24.jpg,5,50,112,112,25,55,122,169,0,ok
train/5-50/25.jpg,5,50,112,112,-1,-1,-1,-1,-1,fail:no_candidates
train/5-50/26.jpg,5,50,112,112,25,56,122,168,0,ok
train/5-50/27.jpg,5,50,112,112,61,187,165,99,270,ok
train/5-50/28.jpg,5,50,112,112,192,151,113,54,180,ok
train/5-50/3.jpg,5,50,112,112,97,150,174,115,270,ok
train/5-50/30.jpg,5,50,112,112,160,37,55,122,90,ok
train/5-50/31.jpg,5,50,112,112,42,78,122,168,0,ok
train/5-50/32.jpg,5,50,112,112,84,173,170,113,270,ok
train/5-50/34.jpg,5,50,112,112,66,202,169,113,270,ok
train/5-50/35.jpg,5,50,112,112,85,156,163,128,270,ok
train/5-50/36.jpg,5,50,112,112,71,191,170,111,270,ok
train/5-50/37.jpg,5,50,112,112,28,57,122,169,0,ok
train/5-50/38.jpg,5,50,112,112,188,161,113,55,180,ok
train/5-50/39.jpg,5,50,112,112,-1,-1,-1,-1,-1,fail:no_candidates
train/5-50/4.jpg,5,50,112,112,197,167,113,54,180,ok
train/5-50/40.jpg,5,50,112,112,187,161,100,56,180,ok
train/5-50/41.jpg,5,50,112,112,35,61,-1,-1,0,ok;no_hour
train/5-50/42.jpg,5,50,112,112,87,165,171,112,270,ok
train/5-50/44.jpg,5,50,112,112,169,23,65,122,90,ok
train/5-50/45.jpg,5,50,112,112,34,60,122,169,0,ok
train/5-50/46.jpg,5,50,112,112,71,193,169,113,270,ok
train/5-50/47.jpg,5,50,112,112,169,23,55,109,90,ok
train/5-50/48.jpg,5,50,112,112,17,66,126,217,0,ok
train/5-50/49.jpg,5,50,112,112,22,67,122,169,0,ok
train/5-50/50.jpg,5,50,112,112,175,155,112,23,180,ok
train/5-50/51.jpg,5,50,112,112,71,192,169,113,270,ok
train/5-50/52.jpg,5,50,112,112,160,39,61,122,90,ok
train/5-50/53.jpg,5,50,112,112,161,147,114,57,180,ok
train/5-50/55.jpg,5,50,112,112,-1,-1,-1,-1,-1,fail:no_candidates
train/5-50/57.jpg,5,50,112,112,23,54,122,169,0,ok
train/5-50/58.jpg,5,50,112,112,191,163,100,56,180,ok
train/5-50/6.jpg,5,50,112,112,-1,-1,-1,-1,-1,fail:no_candidates
train/5-50/60.jpg,5,50,112,112,167,26,60,122,90,ok
train/5-50/61.jpg,5,50,112,112,161,37,59,122,90,ok
train/5-50/62.jpg,5,50,112,112,76,185,171,112,270,ok
train/5-50/63.jpg,5,50,112,112,160,39,56,123,90,ok
train/5-50/64.jpg,5,50,112,112,31,72,122,169,0,ok
train/5-50/65.jpg,5,50,112,112,87,140,-1,-1,270,ok;no_hour
train/5-50/66.jpg,5,50,112,112,43,79,122,168,0,ok
train/5-50/67.jpg,5,50,112,112,24,54,122,169,0,ok
train/5-50/68.jpg,5,50,112,112,30,58,109,167,0,ok
train/5-50/71.jpg,5,50,112,112,-1,-1,-1,-1,-1,fail:no_candidates
train/5-50/72.jpg,5,50,112,112,71,192,169,113,270,ok
train/5-50/73.jpg,5,50,112,112,187,161,101,55,180,ok
train/5-50/74.jpg,5,50,112,112,28,56,123,168,0,ok
train/5-50/75.jpg,5,50,112,112,36,62,122,169,0,ok
train/5-50/77.jpg,5,50,112,112,34,61,-1,-1,0,ok;no_hour
train/5-50/79.jpg,5,50,112,112,64,78,123,182,0,ok
train/5-50/8.jpg,5,50,112,112,33,60,122,169,0,ok
train/5-50/80.jpg,5,50,112,112,38,62,123,167,0,ok
train/5-50/81.jpg,5,50,112,112,32,71,121,169,0,ok
train/5-50/83.jpg,5,50,112,112,23,68,123,168,0,ok
train/5-50/84.jpg,5,50,112,112,35,61,123,166,0,ok
train/5-50/85.jpg,5,50,112,112,160,39,55,122,90,ok
train/5-50/88.jpg,5,50,112,112,167,150,100,56,180,ok
train/5-50/89.jpg,5,50,112,112,169,23,54,122,90,ok
train/5-50/90.jpg,5,50,112,112,72,191,170,112,270,ok
train/5-50/92.jpg,5,50,112,112,161,36,58,122,90,ok
train/5-50/93.jpg,5,50,112,112,32,59,122,169,0,ok
train/5-50/94.jpg,5,50,112,112,192,153,112,53,180,ok
train/5-50/95.jpg,5,50,112,112,22,67,122,169,0,ok
train/5-50/96.jpg,5,50,112,112,31,72,123,166,0,ok
train/5-50/97.jpg,5,50,112,112,201,157,113,53,180,ok
train/5-50/98.jpg,5,50,112,112,79,179,169,113,270,ok
train/5-50/99.jpg,5,50,112,112,83,174,171,112,270,ok
train/5-55/0.jpg,5,55,112,112,24,168,170,115,270,ok
train/5-55/1.jpg,5,55,112,112,49,154,169,116,270,ok
train/5-55/10.jpg,5,55,112,112,36,161,169,115,270,ok
train/5-55/11.jpg,5,55,112,112,64,41,-1,-1,0,ok;no_hour
train/5-55/12.jpg,5,55,112,112,36,161,173,115,270,ok
train/5-55/13.jpg,5,55,112,112,157,178,116,68,180,ok
train/5-55/14.jpg,5,55,112,112,120,153,-1,-1,180,ok;no_hour
train/5-55/15.jpg,5,55,112,112,70,28,120,170,0,ok
train/5-55/17.jpg,5,55,112,112,67,45,120,169,0,ok
train/5-55/19.jpg,5,55,112,112,70,28,107,166,0,ok
train/5-55/2.jpg,5,55,112,112,56,26,120,169,0,ok
train/5-55/20.jpg,5,55,112,112,25,167,169,115,270,ok
train/5-55/21.jpg,5,55,112,112,79,43,106,165,0,ok
train/5-55/24.jpg,5,55,112,112,69,25,120,169,0,ok
train/5-55/26.jpg,5,55,112,112,68,25,107,166,0,ok
train/5-55/29.jpg,5,55,112,112,34,162,169,116,270,ok
train/5-55/3.jpg,5,55,112,112,61,35,121,177,0,ok
train/5-55/30.jpg,5,55,112,112,160,185,115,55,180,ok
train/5-55/34.jpg,5,55,112,112,55,26,120,169,0,ok
train/5-55/36.jpg,5,55,112,112,55,24,120,168,0,ok
train/5-55/37.jpg,5,55,112,112,80,45,119,151,0,ok
train/5-55/39.jpg,5,55,112,112,-1,-1,-1,-1,-1,fail:no_candidates
train/5-55/4.jpg,5,55,112,112,36,161,169,115,270,ok
train/5-55/41.jpg,5,55,112,112,152,193,-1,-1,180,ok;no_hour
train/5-55/42.jpg,5,55,112,112,39,160,177,114,270,ok
train/5-55/43.jpg,5,55,112,112,41,158,165,102,270,ok
train/5-55/44.jpg,5,55,112,112,23,169,164,101,270,ok
train/5-55/45.jpg,5,55,112,112,23,169,167,102,270,ok
train/5-55/46.jpg,5,55,112,112,39,160,169,115,270,ok
train/5-55/47.jpg,5,55,112,112,172,84,57,121,90,ok
train/5-55/48.jpg,5,55,112,112,43,144,167,101,270,ok
train/5-55/49.jpg,5,55,112,112,196,57,54,120,90,ok
train/5-55/5.jpg,5,55,112,112,144,179,-1,-1,180,ok;no_hour
train/5-55/50.jpg,5,55,112,112,62,147,172,115,270,ok
train/5-55/51.jpg,5,55,112,112,72,32,120,169,0,ok
train/5-55/52.jpg,5,55,112,112,27,154,169,115,270,ok
train/5-55/53.jpg,5,55,112,112,82,48,106,164,0,ok
train/5-55/54.jpg,5,55,112,112,158,187,-1,-1,180,ok;no_hour
train/5-55/55.jpg,5,55,112,112,-1,-1,-1,-1,-1,fail:no_candidates
train/5-55/56.jpg,5,55,112,112,75,36,-1,-1,0,ok;no_hour
train/5-55/57.jpg,5,55,112,112,17,158,-1,-1,270,ok;no_hour
train/5-55/58.jpg,5,55,112,112,63,18,-1,-1,0,ok;no_hour
train/5-55/59.jpg,5,55,112,112,101,82,119,141,0,ok
train/5-55/6.jpg,5,55,112,112,-1,-1,-1,-1,-1,fail:no_candidates
train/5-55/61.jpg,5,55,112,112,196,69,53,120,90,ok
train/5-55/62.jpg,5,55,112,112,65,43,-1,-1,0,ok;no_hour
train/5-55/63.jpg,5,55,112,112,36,161,170,115,270,ok
train/5-55/64.jpg,5,55,112,112,72,31,106,136,0,ok
train/5-55/65.jpg,5,55,112,112,176,81,55,107,90,ok
train/5-55/66.jpg,5,55,112,112,71,52,120,169,0,ok
train/5-55/67.jpg,5,55,112,112,65,18,120,169,0,ok
train/5-55/68.jpg,5,55,112,112,69,25,120,169,0,ok
train/5-55/69.jpg,5,55,112,112,70,52,120,170,0,ok
train/5-55/7.jpg,5,55,112,112,39,160,169,115,270,ok
train/5-55/70.jpg,5,55,112,112,65,21,120,169,0,ok
train/5-55/71.jpg,5,55,112,112,72,31,107,167,0,ok
train/5-55/72.jpg,5,55,112,112,65,19,120,169,0,ok
train/5-55/73.jpg,5,55,112,112,71,30,120,169,0,ok
train/5-55/74.jpg,5,55,112,112,194,56,57,121,90,ok
train/5-55/75.jpg,5,55,112,112,62,37,120,169,0,ok
train/5-55/76.jpg,5,55,112,112,192,71,55,120,90,ok
train/5-55/78.jpg,5,55,112,112,72,32,120,168,0,ok
train/5-55/79.jpg,5,55,112,112,71,54,119,150,0,ok
train/5-55/80.jpg,5,55,112,112,155,175,101,58,180,ok
train/5-55/82.jpg,5,55,112,112,72,32,119,151,0,ok
train/5-55/83.jpg,5,55,112,112,170,201,116,56,180,ok
train/5-55/84.jpg,5,55,112,112,81,46,106,164,0,ok
train/5-55/85.jpg,5,55,112,112,36,161,-1,-1,270,ok;no_hour
train/5-55/86.jpg,5,55,112,112,70,27,119,151,0,ok
train/5-55/87.jpg,5,55,112,112,198,68,54,120,90,ok
train/5-55/89.jpg,5,55,112,112,85,55,120,169,0,ok
train/5-55/90.jpg,5,55,112,112,-1,-1,-1,-1,-1,fail:no_candidates
train/5-55/91.jpg,5,55,112,112,63,39,122,183,0,ok
train/5-55/93.jpg,5,55,112,112,39,160,143,103,270,ok
train/5-55/94.jpg,5,55,112,112,-1,-1,-1,-1,-1,fail:no_candidates
train/5-55/95.jpg,5,55,112,112,169,201,115,54,180,ok
train/5-55/96.jpg,5,55,112,112,69,49,106,164,0,ok
train/5-55/97.jpg,5,55,112,112,67,22,120,170,0,ok
train/5-55/98.jpg,5,55,112,112,71,52,120,169,0,ok
train/5-55/99.jpg,5,55,112,112,55,151,165,101,270,ok
train/6-00/0.jpg,6,0,112,112,33,116,170,118,270,ok
train/6-00/1.jpg,6,0,112,112,117,169,118,65,180,ok
train/6-00/10.jpg,6,0,112,112,116,191,117,86,180,ok
train/6-00/12.jpg,6,0,112,112,117,54,104,167,0,ok
train/6-00/13.jpg,6,0,112,112,117,51,104,167,0,ok
train/6-00/14.jpg,6,0,112,112,102,165,-1,-1,180,ok;no_hour
train/6-00/15.jpg,6,0,112,112,117,46,117,170,0,ok
train/6-00/16.jpg,6,0,112,112,188,117,56,104,90,ok
train/6-00/17.jpg,6,0,112,112,117,34,118,141,0,ok
train/6-00/18.jpg,6,0,112,112,117,59,104,176,0,ok
train/6-00/2.jpg,6,0,112,112,105,213,118,61,180,ok
train/6-00/20.jpg,6,0,112,112,194,117,56,104,90,ok
train/6-00/21.jpg,6,0,112,112,38,117,139,118,270,ok
train/6-00/22.jpg,6,0,112,112,155,40,74,177,0,warn:rot_err=30.8
train/6-00/23.jpg,6,0,112,112,117,51,104,167,0,ok
train/6-00/25.jpg,6,0,112,112,116,47,117,141,0,ok
train/6-00/26.jpg,6,0,112,112,117,34,-1,-1,0,ok;no_hour
train/6-00/27.jpg,6,0,112,112,167,120,64,104,90,ok
train/6-00/28.jpg,6,0,112,112,55,116,-1,-1,270,ok;no_hour
train/6-00/29.jpg,6,0,112,112,104,207,118,84,180,ok
train/6-00/3.jpg,6,0,112,112,119,180,105,51,180,ok
train/6-00/30.jpg,6,0,112,112,117,47,104,166,0,ok
train/6-00/31.jpg,6,0,112,112,117,47,104,167,0,ok
train/6-00/32.jpg,6,0,112,112,44,105,167,119,270,ok
train/6-00/33.jpg,6,0,112,112,118,39,-1,-1,0,ok;no_hour
train/6-00/34.jpg,6,0,112,112,105,196,118,54,180,ok
train/6-00/35.jpg,6,0,112,112,121,161,-1,-1,180,ok;no_hour
train/6-00/36.jpg,6,0,112,112,-1,-1,-1,-1,-1,fail:no_candidates
train/6-00/37.jpg,6,0,112,112,174,117,54,117,90,ok
train/6-00/38.jpg,6,0,112,112,117,21,105,140,0,ok
train/6-00/39.jpg,6,0,112,112,-1,-1,-1,-1,-1,fail:no_candidates
train/6-00/4.jpg,6,0,112,112,105,139,-1,-1,180,ok;no_hour
train/6-00/40.jpg,6,0,112,112,117,169,117,56,180,ok
train/6-00/41.jpg,6,0,112,112,110,206,118,47,180,ok
train/6-00/43.jpg,6,0,112,112,105,140,-1,-1,180,ok;no_hour
train/6-00/44.jpg,6,0,112,112,160,119,80,104,90,ok
train/6-00/45.jpg,6,0,112,112,196,117,82,118,90,ok
train/6-00/46.jpg,6,0,112,112,39,116,137,117,270,ok
train/6-00/47.jpg,6,0,112,112,118,19,104,142,0,ok
train/6-00/48.jpg,6,0,112,112,118,48,118,153,0,ok
train/6-00/49.jpg,6,0,112,112,117,56,118,141,0,ok
train/6-00/5.jpg,6,0,112,112,34,104,164,119,270,ok
train/6-00/50.jpg,6,0,112,112,172,105,54,104,90,ok
train/6-00/51.jpg,6,0,112,112,116,169,-1,-1,180,ok;no_hour
train/6-00/52.jpg,6,0,112,112,117,45,118,141,0,ok
train/6-00/53.jpg,6,0,112,112,119,56,105,153,0,ok
train/6-00/54.jpg,6,0,112,112,-1,-1,-1,-1,-1,fail:no_candidates
train/6-00/55.jpg,6,0,112,112,-1,-1,-1,-1,-1,fail:no_candidates
train/6-00/59.jpg,6,0,112,112,118,144,-1,-1,180,ok;no_hour
train/6-00/60.jpg,6,0,112,112,45,116,139,104,270,ok
train/6-00/63.jpg,6,0,112,112,116,190,-1,-1,180,ok;no_hour
train/6-00/64.jpg,6,0,112,112,25,116,169,118,270,ok
train/6-00/65.jpg,6,0,112,112,149,118,-1,-1,90,ok;no_hour
train/6-00/66.jpg,6,0,112,112,117,49,118,154,0,ok
train/6-00/68.jpg,6,0,112,112,116,172,118,54,180,ok
train/6-00/69.jpg,6,0,112,112,117,45,118,142,0,ok
train/6-00/7.jpg,6,0,112,112,106,47,104,167,0,ok
train/6-00/70.jpg,6,0,112,112,118,71,-1,-1,0,ok;no_hour
train/6-00/72.jpg,6,0,112,112,117,31,118,141,0,ok
train/6-00/73.jpg,6,0,112,112,166,117,48,104,90,ok
train/6-00/76.jpg,6,0,112,112,117,33,-1,-1,0,ok;no_hour
train/6-00/78.jpg,6,0,112,112,117,46,104,166,0,ok
train/6-00/8.jpg,6,0,112,112,117,52,-1,-1,0,ok;no_hour
train/6-00/81.jpg,6,0,112,112,117,20,104,166,0,ok
train/6-00/82.jpg,6,0,112,112,117,31,118,141,0,ok
train/6-00/84.jpg,6,0,112,112,118,47,118,166,0,ok
train/6-00/85.jpg,6,0,112,112,116,167,104,84,180,ok
train/6-00/86.jpg,6,0,112,112,117,34,117,169,0,ok
train/6-00/88.jpg,6,0,112,112,117,47,117,169,0,ok
train/6-00/9.jpg,6,0,112,112,45,105,-1,-1,270,ok;no_hour
train/6-00/90.jpg,6,0,112,112,116,175,104,85,180,ok
train/6-00/91.jpg,6,0,112,112,118,55,119,139,0,ok
train/6-00/92.jpg,6,0,112,112,20,116,167,105,270,ok
train/6-00/93.jpg,6,0,112,112,33,105,164,118,270,ok
train/6-00/94.jpg,6,0,112,112,174,117,58,104,90,ok
train/6-00/95.jpg,6,0,112,112,117,27,-1,-1,0,ok;no_hour
train/6-00/96.jpg,6,0,112,112,105,44,103,164,0,ok
train/6-00/97.jpg,6,0,112,112,196,117,54,117,90,ok
train/6-00/98.jpg,6,0,112,112,116,177,118,54,180,ok
train/6-00/99.jpg,6,0,112,112,118,44,103,165,0,ok
train/6-05/0.jpg,6,5,112,112,157,20,115,170,0,ok
train/6-05/1.jpg,6,5,112,112,154,50,102,167,0,ok
train/6-05/10.jpg,6,5,112,112,161,35,114,171,0,ok
train/6-05/11.jpg,6,5,112,112,-1,-1,-1,-1,-1,fail:no_candidates
train/6-05/12.jpg,6,5,112,112,201,169,46,115,90,ok
train/6-05/13.jpg,6,5,112,112,152,30,114,173,0,ok
train/6-05/14.jpg,6,5,112,112,117,164,-1,-1,180,warn:rot_err=35.5;no_hour
train/6-05/16.jpg,6,5,112,112,161,35,115,169,0,ok
train/6-05/17.jpg,6,5,112,112,32,72,155,119,270,ok
train/6-05/2.jpg,6,5,112,112,161,35,114,171,0,ok
train/6-05/21.jpg,6,5,112,112,155,47,116,167,0,ok
train/6-05/22.jpg,6,5,112,112,152,32,112,170,0,ok
train/6-05/23.jpg,6,5,112,112,164,33,-1,-1,0,ok;no_hour
train/6-05/24.jpg,6,5,112,112,181,159,64,116,90,ok
train/6-05/25.jpg,6,5,112,112,-1,-1,-1,-1,-1,fail:no_candidates
train/6-05/26.jpg,6,5,112,112,24,68,168,120,270,ok
train/6-05/27.jpg,6,5,112,112,71,196,121,56,180,ok
train/6-05/28.jpg,6,5,112,112,194,153,53,115,90,ok
train/6-05/29.jpg,6,5,112,112,-1,-1,-1,-1,-1,fail:no_candidates
train/6-05/3.jpg,6,5,112,112,117,148,-1,-1,180,warn:rot_err=37.9;no_hour
train/6-05/30.jpg,6,5,112,112,188,161,55,115,90,ok
train/6-05/31.jpg,6,5,112,112,186,148,54,115,90,ok
train/6-05/32.jpg,6,5,112,112,201,169,53,115,90,ok
train/6-05/33.jpg,6,5,112,112,161,37,102,165,0,ok
train/6-05/34.jpg,6,5,112,112,72,191,120,60,180,ok
train/6-05/35.jpg,6,5,112,112,177,149,81,99,90,ok
train/6-05/38.jpg,6,5,112,112,188,161,52,114,90,ok
train/6-05/39.jpg,6,5,112,112,-1,-1,-1,-1,-1,fail:no_candidates
train/6-05/4.jpg,6,5,112,112,161,36,114,171,0,ok
train/6-05/40.jpg,6,5,112,112,61,190,-1,-1,180,ok;no_hour
train/6-05/41.jpg,6,5,112,112,161,37,115,181,0,ok
train/6-05/43.jpg,6,5,112,112,159,19,115,167,0,ok
train/6-05/44.jpg,6,5,112,112,163,34,-1,-1,0,ok;no_hour
train/6-05/45.jpg,6,5,112,112,195,165,54,115,90,ok
train/6-05/47.jpg,6,5,112,112,163,34,115,170,0,ok
train/6-05/48.jpg,6,5,112,112,159,42,100,183,0,ok
train/6-05/49.jpg,6,5,112,112,161,36,102,166,0,ok
train/6-05/5.jpg,6,5,112,112,161,36,115,170,0,ok
train/6-05/51.jpg,6,5,112,112,161,36,114,171,0,ok
train/6-05/52.jpg,6,5,112,112,161,35,114,171,0,ok
train/6-05/53.jpg,6,5,112,112,159,18,115,170,0,ok
train/6-05/54.jpg,6,5,112,112,69,191,-1,-1,180,ok;no_hour
train/6-05/55.jpg,6,5,112,112,-1,-1,-1,-1,-1,fail:no_candidates
train/6-05/56.jpg,6,5,112,112,162,34,115,169,0,ok
train/6-05/57.jpg,6,5,112,112,201,169,48,115,90,ok
train/6-05/58.jpg,6,5,112,112,-1,-1,-1,-1,-1,fail:no_candidates
train/6-05/59.jpg,6,5,112,112,122,83,117,144,0,ok
train/6-05/60.jpg,6,5,112,112,19,65,169,120,270,ok
train/6-05/61.jpg,6,5,112,112,164,31,114,171,0,ok
train/6-05/62.jpg,6,5,112,112,161,36,114,171,0,ok
train/6-05/63.jpg,6,5,112,112,161,37,115,170,0,ok
train/6-05/64.jpg,6,5,112,112,34,61,169,120,270,ok
train/6-05/66.jpg,6,5,112,112,158,21,116,148,0,ok
train/6-05/67.jpg,6,5,112,112,187,161,54,115,90,ok
train/6-05/68.jpg,6,5,112,112,165,31,-1,-1,0,ok;no_hour
train/6-05/69.jpg,6,5,112,112,159,17,101,165,0,ok
train/6-05/7.jpg,6,5,112,112,193,152,54,115,90,ok
train/6-05/71.jpg,6,5,112,112,40,63,167,121,270,ok
train/6-05/72.jpg,6,5,112,112,55,200,-1,-1,180,ok;no_hour
train/6-05/73.jpg,6,5,112,112,34,61,186,121,270,ok
train/6-05/74.jpg,6,5,112,112,150,32,116,168,0,ok
train/6-05/76.jpg,6,5,112,112,160,37,115,168,0,ok
train/6-05/77.jpg,6,5,112,112,54,112,-1,-1,270,warn:rot_err=30.0;no_hour
train/6-05/78.jpg,6,5,112,112,35,62,168,120,270,ok
train/6-05/8.jpg,6,5,112,112,22,67,169,120,270,ok
train/6-05/80.jpg,6,5,112,112,156,47,116,167,0,ok
train/6-05/81.jpg,6,5,112,112,160,37,114,170,0,ok
train/6-05/82.jpg,6,5,112,112,161,35,114,171,0,ok
train/6-05/83.jpg,6,5,112,112,30,71,166,106,270,ok
train/6-05/85.jpg,6,5,112,112,161,36,115,176,0,ok
train/6-05/87.jpg,6,5,112,112,187,161,54,115,90,ok
train/6-05/88.jpg,6,5,112,112,19,64,169,120,270,ok
train/6-05/89.jpg,6,5,112,112,160,18,112,198,0,ok
train/6-05/9.jpg,6,5,112,112,80,155,120,58,180,ok
train/6-05/91.jpg,6,5,112,112,151,31,113,209,0,ok
train/6-05/92.jpg,6,5,112,112,59,190,120,54,180,ok
train/6-05/95.jpg,6,5,112,112,159,18,102,163,0,ok
train/6-05/96.jpg,6,5,112,112,150,56,115,170,0,ok
train/6-05/97.jpg,6,5,112,112,19,65,169,120,270,ok
train/6-05/99.jpg,6,5,112,112,169,151,58,101,90,ok
train/6-10/0.jpg,6,10,112,112,154,175,53,113,90,ok
train/6-10/1.jpg,6,10,112,112,70,51,167,123,270,ok
train/6-10/11.jpg,6,10,112,112,-1,-1,-1,-1,-1,fail:no_candidates
train/6-10/12.jpg,6,10,112,112,187,62,113,170,0,ok
train/6-10/13.jpg,6,10,112,112,171,71,112,172,0,ok
train/6-10/14.jpg,6,10,112,112,127,132,65,131,90,ok
train/6-10/16.jpg,6,10,112,112,42,158,121,64,180,ok
train/6-10/17.jpg,6,10,112,112,189,61,100,167,0,ok
train/6-10/2.jpg,6,10,112,112,28,166,122,56,180,ok
train/6-10/21.jpg,6,10,112,112,42,158,123,56,180,ok
train/6-10/22.jpg,6,10,112,112,201,54,-1,-1,0,ok;no_hour
train/6-10/24.jpg,6,10,112,112,159,182,54,113,90,ok
train/6-10/26.jpg,6,10,112,112,182,65,-1,-1,0,ok;no_hour
train/6-10/28.jpg,6,10,112,112,58,30,170,122,270,ok
train/6-10/29.jpg,6,10,112,112,189,61,100,163,0,ok
train/6-10/3.jpg,6,10,112,112,170,85,99,168,0,ok
train/6-10/30.jpg,6,10,112,112,152,192,61,114,90,ok
train/6-10/31.jpg,6,10,112,112,39,160,122,56,180,ok
train/6-10/32.jpg,6,10,112,112,174,69,113,170,0,ok
train/6-10/33.jpg,6,10,112,112,191,59,114,166,0,ok
train/6-10/34.jpg,6,10,112,112,189,61,100,167,0,ok
train/6-10/35.jpg,6,10,112,112,88,151,-1,-1,180,warn:rot_err=28.4;no_hour
train/6-10/37.jpg,6,10,112,112,195,57,100,167,0,ok
train/6-10/38.jpg,6,10,112,112,191,72,-1,-1,0,ok;no_hour
train/6-10/39.jpg,6,10,112,112,-1,-1,-1,-1,-1,fail:no_candidates
train/6-10/4.jpg,6,10,112,112,32,164,122,61,180,ok
train/6-10/40.jpg,6,10,112,112,189,61,100,167,0,ok
train/6-10/41.jpg,6,10,112,112,152,193,-1,-1,90,ok;no_hour
train/6-10/42.jpg,6,10,112,112,56,137,113,24,180,ok
train/6-10/43.jpg,6,10,112,112,54,113,-1,-1,180,warn:rot_err=29.0;no_hour
train/6-10/44.jpg,6,10,112,112,25,168,108,59,180,ok
train/6-10/45.jpg,6,10,112,112,197,68,100,167,0,ok
train/6-10/46.jpg,6,10,112,112,189,61,100,167,0,ok
train/6-10/47.jpg,6,10,112,112,199,55,100,168,0,ok
train/6-10/49.jpg,6,10,112,112,200,66,100,167,0,ok
train/6-10/5.jpg,6,10,112,112,68,47,167,123,270,ok
train/6-10/50.jpg,6,10,112,112,68,48,199,111,270,ok
train/6-10/51.jpg,6,10,112,112,190,61,100,167,0,ok
train/6-10/52.jpg,6,10,112,112,25,167,122,57,180,ok
train/6-10/53.jpg,6,10,112,112,151,169,53,113,90,ok
train/6-10/55.jpg,6,10,112,112,62,20,168,120,270,ok
train/6-10/56.jpg,6,10,112,112,197,56,100,167,0,ok
train/6-10/57.jpg,6,10,112,112,160,206,60,100,90,ok
train/6-10/58.jpg,6,10,112,112,54,23,168,122,270,ok
train/6-10/6.jpg,6,10,112,112,-1,-1,-1,-1,-1,fail:no_candidates
train/6-10/60.jpg,6,10,112,112,168,200,54,113,90,ok
train/6-10/61.jpg,6,10,112,112,68,24,166,123,270,ok
train/6-10/62.jpg,6,10,112,112,158,181,52,112,90,ok
train/6-10/64.jpg,6,10,112,112,192,71,100,167,0,ok
train/6-10/65.jpg,6,10,112,112,135,141,-1,-1,90,ok;no_hour
train/6-10/66.jpg,6,10,112,112,178,67,100,167,0,ok
train/6-10/67.jpg,6,10,112,112,56,25,169,122,270,ok
train/6-10/68.jpg,6,10,112,112,199,67,-1,-1,0,ok;no_hour
train/6-10/69.jpg,6,10,112,112,48,155,123,56,180,ok
train/6-10/7.jpg,6,10,112,112,161,187,55,101,90,ok
train/6-10/74.jpg,6,10,112,112,37,161,109,55,180,ok
train/6-10/77.jpg,6,10,112,112,189,59,-1,-1,0,ok;no_hour
train/6-10/78.jpg,6,10,112,112,161,187,55,113,90,ok
train/6-10/79.jpg,6,10,112,112,163,89,111,189,0,ok
train/6-10/8.jpg,6,10,112,112,56,28,167,122,270,ok
train/6-10/80.jpg,6,10,112,112,54,24,167,123,270,ok
train/6-10/81.jpg,6,10,112,112,189,72,102,168,0,ok
train/6-10/82.jpg,6,10,112,112,58,148,122,61,180,ok
train/6-10/83.jpg,6,10,112,112,176,68,99,165,0,ok
train/6-10/84.jpg,6,10,112,112,154,174,53,113,90,ok
train/6-10/85.jpg,6,10,112,112,56,150,122,59,180,ok
train/6-10/86.jpg,6,10,112,112,193,58,100,167,0,ok
train/6-10/87.jpg,6,10,112,112,182,65,100,167,0,ok
train/6-10/88.jpg,6,10,112,112,67,44,169,122,270,ok
train/6-10/89.jpg,6,10,112,112,41,159,120,75,180,ok
train/6-10/9.jpg,6,10,112,112,46,156,122,59,180,ok
train/6-10/90.jpg,6,10,112,112,191,71,-1,-1,0,ok;no_hour
train/6-10/91.jpg,6,10,112,112,175,69,111,199,0,ok
train/6-10/93.jpg,6,10,112,112,161,187,54,113,90,ok
train/6-10/94.jpg,6,10,112,112,-1,-1,-1,-1,-1,fail:no_candidates
train/6-10/95.jpg,6,10,112,112,72,30,169,122,270,ok
train/6-10/96.jpg,6,10,112,112,82,48,166,123,270,ok
train/6-10/97.jpg,6,10,112,112,25,167,-1,-1,180,ok;no_hour
train/6-10/98.jpg,6,10,112,112,25,169,-1,-1,180,ok;no_hour
train/6-10/99.jpg,6,10,112,112,53,152,122,54,180,ok
train/6-15/0.jpg,6,15,112,112,109,171,-1,-1,90,ok;no_hour
train/6-15/1.jpg,6,15,112,112,63,113,-1,-1,180,ok;no_hour
train/6-15/10.jpg,6,15,112,112,208,117,109,171,0,ok
train/6-15/11.jpg,6,15,112,112,104,147,-1,-1,90,ok;no_hour
train/6-15/12.jpg,6,15,112,112,180,117,-1,-1,0,ok;no_hour
train/6-15/14.jpg,6,15,112,112,104,169,54,97,90,ok
train/6-15/15.jpg,6,15,112,112,20,116,125,59,180,ok
train/6-15/16.jpg,6,15,112,112,110,170,-1,-1,90,ok;no_hour
train/6-15/17.jpg,6,15,112,112,20,116,125,61,180,ok
train/6-15/19.jpg,6,15,112,112,111,165,-1,-1,90,ok;no_hour
train/6-15/2.jpg,6,15,112,112,194,117,-1,-1,0,ok;no_hour
train/6-15/21.jpg,6,15,112,112,213,105,96,165,0,ok
train/6-15/22.jpg,6,15,112,112,191,146,-1,-1,0,ok;no_hour
train/6-15/23.jpg,6,15,112,112,174,117,-1,-1,0,ok;no_hour
train/6-15/26.jpg,6,15,112,112,169,113,-1,-1,0,ok;no_hour
train/6-15/29.jpg,6,15,112,112,116,195,-1,-1,90,ok;no_hour
train/6-15/3.jpg,6,15,112,112,180,118,95,167,0,ok
train/6-15/32.jpg,6,15,112,112,168,112,-1,-1,0,ok;no_hour
train/6-15/33.jpg,6,15,112,112,117,193,60,97,90,ok
train/6-15/34.jpg,6,15,112,112,106,9,165,125,270,ok
train/6-15/35.jpg,6,15,112,112,174,99,-1,-1,0,ok;no_hour
train/6-15/38.jpg,6,15,112,112,202,117,-1,-1,0,ok;no_hour
train/6-15/39.jpg,6,15,112,112,124,87,-1,-1,270,warn:rot_err=25.6;no_hour
train/6-15/4.jpg,6,15,112,112,110,170,-1,-1,90,ok;no_hour
train/6-15/42.jpg,6,15,112,112,203,106,109,171,0,ok
train/6-15/43.jpg,6,15,112,112,-1,-1,-1,-1,-1,fail:no_candidates
train/6-15/45.jpg,6,15,112,112,110,170,-1,-1,90,ok;no_hour
train/6-15/46.jpg,6,15,112,112,117,37,165,125,270,ok
train/6-15/47.jpg,6,15,112,112,111,58,-1,-1,270,ok;no_hour
train/6-15/48.jpg,6,15,112,112,177,118,93,181,0,ok
train/6-15/49.jpg,6,15,112,112,53,110,-1,-1,180,ok;no_hour
train/6-15/5.jpg,6,15,112,112,114,150,-1,-1,90,ok;no_hour
train/6-15/50.jpg,6,15,112,112,107,199,-1,-1,90,ok;no_hour
train/6-15/51.jpg,6,15,112,112,20,116,125,54,180,ok
train/6-15/52.jpg,6,15,112,112,117,43,163,125,270,ok
train/6-15/55.jpg,6,15,112,112,-1,-1,-1,-1,-1,fail:no_candidates
train/6-15/56.jpg,6,15,112,112,217,117,109,171,0,ok
train/6-15/57.jpg,6,15,112,112,70,116,121,84,180,ok
train/6-15/58.jpg,6,15,112,112,84,117,125,54,180,ok
train/6-15/6.jpg,6,15,112,112,-1,-1,-1,-1,-1,fail:no_candidates
train/6-15/60.jpg,6,15,112,112,215,117,109,171,0,ok
train/6-15/61.jpg,6,15,112,112,110,170,-1,-1,90,ok;no_hour
train/6-15/62.jpg,6,15,112,112,31,116,125,54,180,ok
train/6-15/63.jpg,6,15,112,112,168,112,-1,-1,0,ok;no_hour
train/6-15/64.jpg,6,15,112,112,217,117,110,170,0,ok
train/6-15/65.jpg,6,15,112,112,197,106,97,167,0,ok
train/6-15/66.jpg,6,15,112,112,110,170,-1,-1,90,ok;no_hour
train/6-15/67.jpg,6,15,112,112,202,106,97,167,0,ok
train/6-15/68.jpg,6,15,112,112,105,210,-1,-1,90,ok;no_hour
train/6-15/69.jpg,6,15,112,112,53,110,-1,-1,180,ok;no_hour
train/6-15/7.jpg,6,15,112,112,201,106,109,171,0,ok
train/6-15/70.jpg,6,15,112,112,27,116,-1,-1,180,ok;no_hour
train/6-15/71.jpg,6,15,112,112,184,118,97,168,0,ok
train/6-15/72.jpg,6,15,112,112,116,203,53,110,90,ok
train/6-15/73.jpg,6,15,112,112,55,110,-1,-1,180,ok;no_hour
train/6-15/74.jpg,6,15,112,112,199,105,96,165,0,ok
train/6-15/75.jpg,6,15,112,112,29,116,125,58,180,ok
train/6-15/76.jpg,6,15,112,112,31,116,-1,-1,180,ok;no_hour
train/6-15/77.jpg,6,15,112,112,186,116,108,169,0,ok
train/6-15/78.jpg,6,15,112,112,202,117,-1,-1,0,ok;no_hour
train/6-15/79.jpg,6,15,112,112,110,174,-1,-1,90,ok;no_hour
train/6-15/8.jpg,6,15,112,112,106,8,169,125,270,ok
train/6-15/80.jpg,6,15,112,112,55,111,-1,-1,180,ok;no_hour
train/6-15/81.jpg,6,15,112,112,-1,-1,-1,-1,-1,fail:no_candidates
train/6-15/82.jpg,6,15,112,112,208,106,-1,-1,0,ok;no_hour
train/6-15/83.jpg,6,15,112,112,199,105,97,164,0,ok
train/6-15/84.jpg,6,15,112,112,191,105,97,164,0,ok
train/6-15/85.jpg,6,15,112,112,111,168,-1,-1,90,ok;no_hour
train/6-15/86.jpg,6,15,112,112,116,193,52,109,90,ok
train/6-15/87.jpg,6,15,112,112,116,190,52,109,90,ok
train/6-15/89.jpg,6,15,112,112,185,117,-1,-1,0,ok;no_hour
train/6-15/9.jpg,6,15,112,112,110,170,-1,-1,90,ok;no_hour
train/6-15/90.jpg,6,15,112,112,115,186,54,109,90,ok
train/6-15/91.jpg,6,15,112,112,112,53,-1,-1,270,ok;no_hour
train/6-15/92.jpg,6,15,112,112,20,116,125,59,180,ok
train/6-15/93.jpg,6,15,112,112,106,37,164,125,270,ok
train/6-15/94.jpg,6,15,112,112,169,114,-1,-1,0,ok;no_hour
train/6-15/96.jpg,6,15,112,112,190,105,97,165,0,ok
train/6-15/97.jpg,6,15,112,112,110,170,-1,-1,90,ok;no_hour
train/6-15/99.jpg,6,15,112,112,111,168,-1,-1,90,ok;no_hour
train/6-20/0.jpg,6,20,112,112,157,22,163,127,270,ok
train/6-20/1.jpg,6,20,112,112,176,142,95,168,0,ok
train/6-20/10.jpg,6,20,112,112,188,161,108,170,0,ok
train/6-20/12.jpg,6,20,112,112,206,160,108,173,0,ok
train/6-20/14.jpg,6,20,112,112,164,135,97,154,0,ok
train/6-20/15.jpg,6,20,112,112,190,150,107,171,0,ok
train/6-20/17.jpg,6,20,112,112,71,193,56,95,90,ok
train/6-20/20.jpg,6,20,112,112,194,153,108,170,0,ok
train/6-20/21.jpg,6,20,112,112,159,42,167,128,270,ok
train/6-20/23.jpg,6,20,112,112,148,59,-1,-1,270,ok;no_hour
train/6-20/24.jpg,6,20,112,112,69,195,56,95,90,ok
train/6-20/25.jpg,6,20,112,112,-1,-1,-1,-1,-1,fail:no_candidates
train/6-20/26.jpg,6,20,112,112,57,195,54,108,90,ok
train/6-20/27.jpg,6,20,112,112,207,158,94,166,0,ok
train/6-20/29.jpg,6,20,112,112,18,64,127,55,180,ok
train/6-20/3.jpg,6,20,112,112,84,172,56,93,90,ok
train/6-20/30.jpg,6,20,112,112,185,160,107,171,0,ok
train/6-20/31.jpg,6,20,112,112,179,157,108,170,0,ok
train/6-20/32.jpg,6,20,112,112,42,79,-1,-1,180,ok;no_hour
train/6-20/33.jpg,6,20,112,112,144,44,162,127,270,ok
train/6-20/34.jpg,6,20,112,112,202,157,108,170,0,ok
train/6-20/35.jpg,6,20,112,112,168,149,106,169,0,ok
train/6-20/36.jpg,6,20,112,112,-1,-1,-1,-1,-1,fail:no_candidates
train/6-20/37.jpg,6,20,112,112,179,144,107,171,0,ok
train/6-20/39.jpg,6,20,112,112,-1,-1,-1,-1,-1,fail:no_candidates
train/6-20/4.jpg,6,20,112,112,70,196,56,95,90,ok
train/6-20/40.jpg,6,20,112,112,160,146,-1,-1,0,ok;no_hour
train/6-20/41.jpg,6,20,112,112,185,161,-1,-1,0,ok;no_hour
train/6-20/42.jpg,6,20,112,112,191,151,108,170,0,ok
train/6-20/44.jpg,6,20,112,112,200,156,95,168,0,ok
train/6-20/45.jpg,6,20,112,112,194,153,108,170,0,ok
train/6-20/46.jpg,6,20,112,112,188,161,108,170,0,ok
train/6-20/48.jpg,6,20,112,112,43,81,132,42,180,ok
train/6-20/5.jpg,6,20,112,112,42,78,128,56,180,ok
train/6-20/50.jpg,6,20,112,112,51,84,128,58,180,ok
train/6-20/51.jpg,6,20,112,112,196,165,107,171,0,ok
train/6-20/52.jpg,6,20,112,112,175,141,108,170,0,ok
train/6-20/53.jpg,6,20,112,112,176,142,95,166,0,ok
train/6-20/54.jpg,6,20,112,112,71,86,-1,-1,180,ok;no_hour
train/6-20/56.jpg,6,20,112,112,198,155,108,170,0,ok
train/6-20/57.jpg,6,20,112,112,56,87,127,55,180,ok
train/6-20/59.jpg,6,20,112,112,122,85,-1,-1,270,ok;no_hour
train/6-20/6.jpg,6,20,112,112,-1,-1,-1,-1,-1,fail:no_candidates
train/6-20/60.jpg,6,20,112,112,197,166,108,170,0,ok
train/6-20/63.jpg,6,20,112,112,187,161,95,165,0,ok
train/6-20/64.jpg,6,20,112,112,188,161,107,171,0,ok
train/6-20/65.jpg,6,20,112,112,167,128,-1,-1,0,ok;no_hour
train/6-20/66.jpg,6,20,112,112,76,184,56,95,90,ok
train/6-20/67.jpg,6,20,112,112,193,152,108,170,0,ok
train/6-20/68.jpg,6,20,112,112,59,193,-1,-1,90,ok;no_hour
train/6-20/69.jpg,6,20,112,112,179,144,108,170,0,ok
train/6-20/7.jpg,6,20,112,112,172,140,95,167,0,ok
train/6-20/70.jpg,6,20,112,112,182,158,-1,-1,0,ok;no_hour
train/6-20/73.jpg,6,20,112,112,193,152,108,168,0,ok
train/6-20/74.jpg,6,20,112,112,193,152,95,167,0,ok
train/6-20/75.jpg,6,20,112,112,69,196,56,95,90,ok
train/6-20/76.jpg,6,20,112,112,185,160,107,171,0,ok
train/6-20/77.jpg,6,20,112,112,64,188,53,105,90,ok
train/6-20/78.jpg,6,20,112,112,71,193,52,107,90,ok
train/6-20/79.jpg,6,20,112,112,163,135,107,174,0,ok
train/6-20/8.jpg,6,20,112,112,161,37,163,127,270,ok
train/6-20/80.jpg,6,20,112,112,201,170,95,167,0,ok
train/6-20/81.jpg,6,20,112,112,68,175,57,95,90,ok
train/6-20/82.jpg,6,20,112,112,160,38,150,124,270,ok
train/6-20/83.jpg,6,20,112,112,190,149,-1,-1,0,ok;no_hour
train/6-20/84.jpg,6,20,112,112,30,71,-1,-1,180,ok;no_hour
train/6-20/85.jpg,6,20,112,112,61,189,56,95,90,ok
train/6-20/86.jpg,6,20,112,112,193,152,107,171,0,ok
train/6-20/87.jpg,6,20,112,112,70,195,56,95,90,ok
train/6-20/88.jpg,6,20,112,112,182,159,108,170,0,ok
train/6-20/89.jpg,6,20,112,112,192,152,107,171,0,ok
train/6-20/90.jpg,6,20,112,112,194,164,107,169,0,ok
train/6-20/91.jpg,6,20,112,112,52,84,128,56,180,ok
train/6-20/92.jpg,6,20,112,112,168,22,169,127,270,ok
train/6-20/93.jpg,6,20,112,112,190,162,108,170,0,ok
train/6-20/94.jpg,6,20,112,112,-1,-1,-1,-1,-1,fail:no_candidates
train/6-20/96.jpg,6,20,112,112,79,179,53,108,90,ok
train/6-20/97.jpg,6,20,112,112,155,24,170,115,270,ok
train/6-20/98.jpg,6,20,112,112,181,158,108,170,0,ok
train/6-20/99.jpg,6,20,112,112,174,141,95,168,0,ok
train/6-25/0.jpg,6,25,112,112,192,60,164,130,270,ok
train/6-25/1.jpg,6,25,112,112,154,174,92,166,0,ok
train/6-25/10.jpg,6,25,112,112,32,164,58,92,90,ok
train/6-25/11.jpg,6,25,112,112,-1,-1,-1,-1,-1,fail:no_candidates
train/6-25/12.jpg,6,25,112,112,61,147,58,92,90,ok
train/6-25/13.jpg,6,25,112,112,162,76,165,130,270,ok
train/6-25/14.jpg,6,25,112,112,83,136,55,92,90,ok
train/6-25/15.jpg,6,25,112,112,164,189,92,166,0,ok
train/6-25/16.jpg,6,25,112,112,154,175,92,166,0,ok
train/6-25/17.jpg,6,25,112,112,147,161,92,165,0,ok
train/6-25/18.jpg,6,25,112,112,189,61,172,133,270,ok
train/6-25/19.jpg,6,25,112,112,38,160,59,93,90,ok
train/6-25/2.jpg,6,25,112,112,56,27,130,56,180,ok
train/6-25/20.jpg,6,25,112,112,56,26,130,57,180,ok
train/6-25/21.jpg,6,25,112,112,155,174,-1,-1,0,ok;no_hour
train/6-25/22.jpg,6,25,112,112,62,36,-1,-1,180,ok;no_hour
train/6-25/23.jpg,6,25,112,112,166,196,151,191,0,ok
train/6-25/24.jpg,6,25,112,112,32,164,57,92,90,ok
train/6-25/25.jpg,6,25,112,112,-1,-1,-1,-1,-1,fail:no_candidates
train/6-25/26.jpg,6,25,112,112,164,193,92,165,0,ok
train/6-25/27.jpg,6,25,112,112,161,185,92,161,0,ok
train/6-25/28.jpg,6,25,112,112,153,173,92,167,0,ok
train/6-25/29.jpg,6,25,112,112,168,201,-1,-1,0,ok;no_hour
train/6-25/3.jpg,6,25,112,112,72,28,97,21,180,ok
train/6-25/30.jpg,6,25,112,112,161,188,92,165,0,ok
train/6-25/34.jpg,6,25,112,112,92,166,-1,-1,90,warn:rot_err=39.7;no_hour
train/6-25/35.jpg,6,25,112,112,39,158,-1,-1,90,ok;no_hour
train/6-25/36.jpg,6,25,112,112,-1,-1,-1,-1,-1,fail:no_candidates
train/6-25/37.jpg,6,25,112,112,73,55,130,59,180,ok
train/6-25/38.jpg,6,25,112,112,62,35,-1,-1,180,ok;no_hour
train/6-25/4.jpg,6,25,112,112,154,175,92,166,0,ok
train/6-25/41.jpg,6,25,112,112,193,71,-1,-1,270,ok;no_hour
train/6-25/42.jpg,6,25,112,112,201,55,163,130,270,ok
train/6-25/43.jpg,6,25,112,112,169,199,-1,-1,0,ok;no_hour
train/6-25/44.jpg,6,25,112,112,167,199,-1,-1,0,ok;no_hour
train/6-25/48.jpg,6,25,112,112,146,159,96,147,0,ok
train/6-25/49.jpg,6,25,112,112,161,187,92,167,0,ok
train/6-25/50.jpg,6,25,112,112,146,160,92,167,0,ok
train/6-25/51.jpg,6,25,112,112,165,196,92,166,0,ok
train/6-25/52.jpg,6,25,112,112,186,62,163,130,270,ok
train/6-25/53.jpg,6,25,112,112,51,153,57,92,90,ok
train/6-25/55.jpg,6,25,112,112,-1,-1,-1,-1,-1,fail:no_candidates
train/6-25/56.jpg,6,25,112,112,92,166,-1,-1,90,warn:rot_err=39.7;no_hour
train/6-25/58.jpg,6,25,112,112,167,130,-1,-1,0,warn:rot_err=41.9;no_hour
train/6-25/59.jpg,6,25,112,112,133,136,97,141,0,ok
train/6-25/6.jpg,6,25,112,112,160,185,93,167,0,ok
train/6-25/60.jpg,6,25,112,112,70,52,130,56,180,ok
train/6-25/62.jpg,6,25,112,112,190,60,162,130,270,ok
train/6-25/63.jpg,6,25,112,112,161,188,92,167,0,ok
train/6-25/65.jpg,6,25,112,112,57,92,-1,-1,180,warn:rot_err=40.0;no_hour
train/6-25/66.jpg,6,25,112,112,151,169,92,166,0,ok
train/6-25/67.jpg,6,25,112,112,64,41,130,57,180,ok
train/6-25/68.jpg,6,25,112,112,198,68,-1,-1,270,ok;no_hour
train/6-25/69.jpg,6,25,112,112,74,57,130,60,180,ok
train/6-25/70.jpg,6,25,112,112,145,181,-1,-1,0,ok;no_hour
train/6-25/72.jpg,6,25,112,112,168,201,92,166,0,ok
train/6-25/73.jpg,6,25,112,112,189,61,163,130,270,ok
train/6-25/75.jpg,6,25,112,112,174,69,165,130,270,ok
train/6-25/76.jpg,6,25,112,112,58,92,-1,-1,180,warn:rot_err=39.7;no_hour
train/6-25/77.jpg,6,25,112,112,112,55,-1,-1,180,warn:rot_err=30.0;no_hour
train/6-25/78.jpg,6,25,112,112,161,186,92,165,0,ok
train/6-25/79.jpg,6,25,112,112,89,85,134,44,180,ok
train/6-25/8.jpg,6,25,112,112,38,160,56,92,90,ok
train/6-25/82.jpg,6,25,112,112,187,62,164,130,270,ok
train/6-25/83.jpg,6,25,112,112,161,186,92,166,0,ok
train/6-25/85.jpg,6,25,112,112,78,64,130,59,180,ok
train/6-25/86.jpg,6,25,112,112,162,189,92,166,0,ok
train/6-25/87.jpg,6,25,112,112,193,58,165,130,270,ok
train/6-25/89.jpg,6,25,112,112,62,37,130,59,180,ok
train/6-25/9.jpg,6,25,112,112,173,70,165,130,270,ok
train/6-25/90.jpg,6,25,112,112,160,187,93,166,0,ok
train/6-25/91.jpg,6,25,112,112,145,158,-1,-1,0,ok;no_hour
train/6-25/92.jpg,6,25,112,112,31,165,57,92,90,ok
train/6-25/93.jpg,6,25,112,112,61,34,130,58,180,ok
train/6-25/94.jpg,6,25,112,112,187,63,-1,-1,270,ok;no_hour
train/6-25/95.jpg,6,25,112,112,38,160,57,92,90,ok
train/6-25/96.jpg,6,25,112,112,168,72,165,130,270,ok
train/6-25/97.jpg,6,25,112,112,163,189,92,167,0,ok
train/6-25/98.jpg,6,25,112,112,151,169,92,166,0,ok
train/6-25/99.jpg,6,25,112,112,164,190,94,157,0,ok
train/6-30/0.jpg,6,30,112,112,57,90,-1,-1,90,ok;no_hour
train/6-30/1.jpg,6,30,112,112,118,156,90,166,0,ok
train/6-30/10.jpg,6,30,112,112,156,105,165,132,270,ok
train/6-30/11.jpg,6,30,112,112,-1,-1,-1,-1,-1,fail:no_candidates
train/6-30/12.jpg,6,30,112,112,116,175,90,165,0,ok
train/6-30/13.jpg,6,30,112,112,75,117,57,90,90,ok
train/6-30/14.jpg,6,30,112,112,153,104,-1,-1,270,ok;no_hour
train/6-30/15.jpg,6,30,112,112,117,187,90,166,0,ok
train/6-30/16.jpg,6,30,112,112,117,145,91,163,0,ok
train/6-30/17.jpg,6,30,112,112,165,132,-1,-1,270,ok;no_hour
train/6-30/18.jpg,6,30,112,112,52,88,-1,-1,90,ok;no_hour
train/6-30/19.jpg,6,30,112,112,155,105,163,132,270,ok
train/6-30/2.jpg,6,30,112,112,116,198,90,165,0,ok
train/6-30/20.jpg,6,30,112,112,117,158,90,166,0,ok
train/6-30/21.jpg,6,30,112,112,117,194,-1,-1,0,ok;no_hour
train/6-30/22.jpg,6,30,112,112,68,109,-1,-1,90,ok;no_hour
train/6-30/23.jpg,6,30,112,112,40,116,-1,-1,90,ok;no_hour
train/6-30/24.jpg,6,30,112,112,90,165,-1,-1,0,ok;no_hour
train/6-30/25.jpg,6,30,112,112,35,115,-1,-1,90,ok;no_hour
train/6-30/26.jpg,6,30,112,112,198,106,165,132,270,ok
train/6-30/27.jpg,6,30,112,112,83,183,-1,-1,0,ok;no_hour
train/6-30/28.jpg,6,30,112,112,116,180,90,166,0,ok
train/6-30/29.jpg,6,30,112,112,117,138,90,165,0,ok
train/6-30/3.jpg,6,30,112,112,118,147,-1,-1,0,ok;no_hour
train/6-30/31.jpg,6,30,112,112,138,105,166,132,270,ok
train/6-30/34.jpg,6,30,112,112,26,116,-1,-1,90,ok;no_hour
train/6-30/35.jpg,6,30,112,112,102,63,-1,-1,180,ok;no_hour
train/6-30/37.jpg,6,30,112,112,117,146,90,166,0,ok
train/6-30/38.jpg,6,30,112,112,116,202,90,165,0,ok
train/6-30/39.jpg,6,30,112,112,-1,-1,-1,-1,-1,fail:no_candidates
train/6-30/4.jpg,6,30,112,112,106,45,-1,-1,180,ok;no_hour
train/6-30/41.jpg,6,30,112,112,-1,-1,-1,-1,-1,fail:no_candidates
train/6-30/42.jpg,6,30,112,112,217,106,164,132,270,ok
train/6-30/43.jpg,6,30,112,112,-1,-1,-1,-1,-1,fail:no_candidates
train/6-30/45.jpg,6,30,112,112,117,158,90,166,0,ok
train/6-30/47.jpg,6,30,112,112,118,156,-1,-1,0,ok;no_hour
train/6-30/48.jpg,6,30,112,112,118,149,94,146,0,ok
train/6-30/5.jpg,6,30,112,112,118,139,-1,-1,0,ok;no_hour
train/6-30/50.jpg,6,30,112,112,67,118,50,87,90,ok
train/6-30/51.jpg,6,30,112,112,116,203,90,166,0,ok
train/6-30/52.jpg,6,30,112,112,164,132,-1,-1,270,ok;no_hour
train/6-30/53.jpg,6,30,112,112,117,183,90,167,0,ok
train/6-30/54.jpg,6,30,112,112,64,93,-1,-1,90,ok;no_hour
train/6-30/56.jpg,6,30,112,112,80,117,-1,-1,90,ok;no_hour
train/6-30/57.jpg,6,30,112,112,90,166,-1,-1,0,ok;no_hour
train/6-30/58.jpg,6,30,112,112,132,58,-1,-1,180,ok;no_hour
train/6-30/59.jpg,6,30,112,112,117,142,96,141,0,ok
train/6-30/6.jpg,6,30,112,112,-1,-1,-1,-1,-1,fail:no_candidates
train/6-30/61.jpg,6,30,112,112,117,190,90,166,0,ok
train/6-30/62.jpg,6,30,112,112,90,166,-1,-1,0,ok;no_hour
train/6-30/63.jpg,6,30,112,112,67,118,58,90,90,ok
train/6-30/64.jpg,6,30,112,112,115,217,90,166,0,ok
train/6-30/65.jpg,6,30,112,112,-1,-1,-1,-1,-1,fail:no_candidates
train/6-30/66.jpg,6,30,112,112,156,105,164,132,270,ok
train/6-30/7.jpg,6,30,112,112,65,117,-1,-1,90,ok;no_hour
train/6-30/70.jpg,6,30,112,112,186,106,-1,-1,270,ok;no_hour
train/6-30/71.jpg,6,30,112,112,117,181,90,167,0,ok
train/6-30/72.jpg,6,30,112,112,117,158,90,166,0,ok
train/6-30/73.jpg,6,30,112,112,145,105,165,132,270,ok
train/6-30/74.jpg,6,30,112,112,118,156,-1,-1,0,ok;no_hour
train/6-30/75.jpg,6,30,112,112,39,116,-1,-1,90,ok;no_hour
train/6-30/77.jpg,6,30,112,112,115,158,95,156,0,ok
train/6-30/78.jpg,6,30,112,112,155,105,165,132,270,ok
train/6-30/8.jpg,6,30,112,112,116,217,90,167,0,ok
train/6-30/80.jpg,6,30,112,112,118,156,-1,-1,0,ok;no_hour
train/6-30/81.jpg,6,30,112,112,-1,-1,-1,-1,-1,fail:no_candidates
train/6-30/82.jpg,6,30,112,112,156,105,165,132,270,ok
train/6-30/84.jpg,6,30,112,112,153,104,167,132,270,ok
train/6-30/85.jpg,6,30,112,112,157,105,163,132,270,ok
train/6-30/86.jpg,6,30,112,112,65,117,-1,-1,90,ok;no_hour
train/6-30/9.jpg,6,30,112,112,106,39,-1,-1,180,ok;no_hour
train/6-30/90.jpg,6,30,112,112,115,183,91,166,0,ok
train/6-30/91.jpg,6,30,112,112,62,90,-1,-1,90,ok;no_hour
train/6-30/92.jpg,6,30,112,112,90,166,-1,-1,0,ok;no_hour
train/6-30/93.jpg,6,30,112,112,188,106,164,132,270,ok
train/6-30/95.jpg,6,30,112,112,116,198,90,166,0,ok
train/6-30/96.jpg,6,30,112,112,104,70,132,58,180,ok
train/6-30/97.jpg,6,30,112,112,117,159,-1,-1,0,ok;no_hour
train/6-30/98.jpg,6,30,112,112,106,44,-1,-1,180,ok;no_hour
train/6-30/99.jpg,6,30,112,112,118,150,90,167,0,ok
train/6-35/0.jpg,6,35,112,112,61,188,101,168,0,ok
train/6-35/1.jpg,6,35,112,112,49,69,54,101,90,ok
train/6-35/10.jpg,6,35,112,112,187,161,168,122,270,ok
train/6-35/11.jpg,6,35,112,112,163,33,-1,-1,180,ok;no_hour
train/6-35/12.jpg,6,35,112,112,169,23,163,33,180,ok
train/6-35/13.jpg,6,35,112,112,61,189,101,169,0,ok
train/6-35/14.jpg,6,35,112,112,90,106,79,129,90,ok
train/6-35/15.jpg,6,35,112,112,160,39,121,56,180,ok
train/6-35/16.jpg,6,35,112,112,61,189,101,168,0,ok
train/6-35/17.jpg,6,35,112,112,61,189,101,168,0,ok
train/6-35/18.jpg,6,35,112,112,79,157,99,175,0,ok
train/6-35/20.jpg,6,35,112,112,165,31,121,57,180,ok
train/6-35/21.jpg,6,35,112,112,187,161,-1,-1,270,ok;no_hour
train/6-35/22.jpg,6,35,112,112,187,147,-1,-1,270,ok;no_hour
train/6-35/23.jpg,6,35,112,112,-1,-1,-1,-1,-1,fail:no_candidates
train/6-35/24.jpg,6,35,112,112,68,177,101,168,0,ok
train/6-35/25.jpg,6,35,112,112,-1,-1,-1,-1,-1,fail:no_candidates
train/6-35/26.jpg,6,35,112,112,154,47,122,55,180,ok
train/6-35/27.jpg,6,35,112,112,141,71,121,55,180,ok
train/6-35/28.jpg,6,35,112,112,186,161,-1,-1,270,ok;no_hour
train/6-35/29.jpg,6,35,112,112,56,198,101,169,0,ok
train/6-35/3.jpg,6,35,112,112,51,93,-1,-1,90,ok;no_hour
train/6-35/30.jpg,6,35,112,112,104,159,-1,-1,0,ok;no_hour
train/6-35/31.jpg,6,35,112,112,74,166,101,168,0,ok
train/6-35/33.jpg,6,35,112,112,61,188,101,169,0,ok
train/6-35/34.jpg,6,35,112,112,64,183,100,169,0,ok
train/6-35/35.jpg,6,35,112,112,62,189,99,167,0,ok
train/6-35/36.jpg,6,35,112,112,-1,-1,-1,-1,-1,fail:no_candidates
train/6-35/38.jpg,6,35,112,112,101,168,-1,-1,0,ok;no_hour
train/6-35/39.jpg,6,35,112,112,201,170,-1,-1,270,ok;no_hour
train/6-35/4.jpg,6,35,112,112,187,161,168,122,270,ok
train/6-35/40.jpg,6,35,112,112,163,148,-1,-1,270,ok;no_hour
train/6-35/41.jpg,6,35,112,112,189,161,154,142,270,ok
train/6-35/43.jpg,6,35,112,112,-1,-1,-1,-1,-1,fail:no_candidates
train/6-35/44.jpg,6,35,112,112,59,191,100,170,0,ok
train/6-35/46.jpg,6,35,112,112,161,36,123,53,180,ok
train/6-35/47.jpg,6,35,112,112,61,189,100,170,0,ok
train/6-35/48.jpg,6,35,112,112,86,142,109,146,0,ok
train/6-35/49.jpg,6,35,112,112,71,171,100,170,0,ok
train/6-35/50.jpg,6,35,112,112,163,34,-1,-1,180,ok;no_hour
train/6-35/51.jpg,6,35,112,112,37,62,54,100,90,ok
train/6-35/52.jpg,6,35,112,112,25,54,53,100,90,ok
train/6-35/53.jpg,6,35,112,112,67,79,56,102,90,ok
train/6-35/54.jpg,6,35,112,112,-1,-1,-1,-1,-1,fail:no_candidates
train/6-35/56.jpg,6,35,112,112,189,162,168,122,270,ok
train/6-35/57.jpg,6,35,112,112,76,163,101,168,0,ok
train/6-35/59.jpg,6,35,112,112,91,137,-1,-1,0,ok;no_hour
train/6-35/6.jpg,6,35,112,112,-1,-1,-1,-1,-1,fail:no_candidates
train/6-35/60.jpg,6,35,112,112,71,171,101,168,0,ok
train/6-35/61.jpg,6,35,112,112,61,189,101,169,0,ok
train/6-35/64.jpg,6,35,112,112,55,200,101,168,0,ok
train/6-35/66.jpg,6,35,112,112,52,71,54,100,90,ok
train/6-35/67.jpg,6,35,112,112,62,187,101,169,0,ok
train/6-35/68.jpg,6,35,112,112,192,164,-1,-1,270,ok;no_hour
train/6-35/7.jpg,6,35,112,112,77,161,101,168,0,ok
train/6-35/70.jpg,6,35,112,112,175,154,-1,-1,270,ok;no_hour
train/6-35/71.jpg,6,35,112,112,51,70,55,101,90,ok
train/6-35/72.jpg,6,35,112,112,62,186,101,168,0,ok
train/6-35/73.jpg,6,35,112,112,62,186,100,170,0,ok
train/6-35/74.jpg,6,35,112,112,169,152,-1,-1,270,ok;no_hour
train/6-35/75.jpg,6,35,112,112,187,161,168,122,270,ok
train/6-35/76.jpg,6,35,112,112,183,159,168,122,270,ok
train/6-35/78.jpg,6,35,112,112,160,36,122,55,180,ok
train/6-35/79.jpg,6,35,112,112,78,159,97,181,0,ok
train/6-35/8.jpg,6,35,112,112,166,28,-1,-1,180,ok;no_hour
train/6-35/80.jpg,6,35,112,112,154,49,122,54,180,ok
train/6-35/82.jpg,6,35,112,112,62,187,100,169,0,ok
train/6-35/83.jpg,6,35,112,112,161,37,123,53,180,ok
train/6-35/85.jpg,6,35,112,112,39,63,53,100,90,ok
train/6-35/86.jpg,6,35,112,112,187,161,169,123,270,ok
train/6-35/88.jpg,6,35,112,112,71,171,101,168,0,ok
train/6-35/9.jpg,6,35,112,112,46,67,53,100,90,ok
train/6-35/90.jpg,6,35,112,112,186,159,167,123,270,ok
train/6-35/91.jpg,6,35,112,112,61,189,101,169,0,ok
train/6-35/93.jpg,6,35,112,112,60,190,100,169,0,ok
train/6-35/94.jpg,6,35,112,112,-1,-1,-1,-1,-1,fail:no_candidates
train/6-35/96.jpg,6,35,112,112,72,83,-1,-1,90,ok;no_hour
train/6-35/97.jpg,6,35,112,112,189,163,-1,-1,270,ok;no_hour
train/6-35/98.jpg,6,35,112,112,171,152,166,121,270,ok
train/6-35/99.jpg,6,35,112,112,73,167,101,169,0,ok
train/6-40/0.jpg,6,40,112,112,199,68,126,55,180,ok
train/6-40/1.jpg,6,40,112,112,142,176,168,125,270,ok
train/6-40/10.jpg,6,40,112,112,159,183,147,184,270,ok
train/6-40/11.jpg,6,40,112,112,33,149,-1,-1,0,ok;no_hour
train/6-40/12.jpg,6,40,112,112,18,160,98,167,0,ok
train/6-40/13.jpg,6,40,112,112,56,137,97,169,0,ok
train/6-40/15.jpg,6,40,112,112,71,31,-1,-1,90,ok;no_hour
train/6-40/16.jpg,6,40,112,112,146,182,-1,-1,270,ok;no_hour
train/6-40/17.jpg,6,40,112,112,32,151,103,153,0,ok
train/6-40/18.jpg,6,40,112,112,124,145,-1,-1,270,ok;no_hour
train/6-40/19.jpg,6,40,112,112,30,152,97,168,0,ok
train/6-40/2.jpg,6,40,112,112,37,148,97,168,0,ok
train/6-40/20.jpg,6,40,112,112,149,189,-1,-1,270,ok;no_hour
train/6-40/21.jpg,6,40,112,112,18,158,99,166,0,ok
train/6-40/22.jpg,6,40,112,112,156,43,-1,-1,180,warn:rot_err=27.5;no_hour
train/6-40/25.jpg,6,40,112,112,-1,-1,-1,-1,-1,fail:no_candidates
train/6-40/26.jpg,6,40,112,112,77,40,55,97,90,ok
train/6-40/27.jpg,6,40,112,112,67,130,99,167,0,ok
train/6-40/3.jpg,6,40,112,112,151,193,168,123,270,ok
train/6-40/31.jpg,6,40,112,112,27,153,97,168,0,ok
train/6-40/32.jpg,6,40,112,112,88,60,55,98,90,ok
train/6-40/34.jpg,6,40,112,112,97,168,-1,-1,270,warn:rot_err=45.0;no_hour
train/6-40/35.jpg,6,40,112,112,15,75,-1,-1,90,warn:rot_err=39.1;no_hour
train/6-40/36.jpg,6,40,112,112,-1,-1,-1,-1,-1,fail:no_candidates
train/6-40/37.jpg,6,40,112,112,71,28,-1,-1,90,ok;no_hour
train/6-40/38.jpg,6,40,112,112,151,191,167,125,270,ok
train/6-40/39.jpg,6,40,112,112,-1,-1,-1,-1,-1,fail:no_candidates
train/6-40/4.jpg,6,40,112,112,28,154,96,169,0,ok
train/6-40/40.jpg,6,40,112,112,62,134,97,168,0,ok
train/6-40/43.jpg,6,40,112,112,-1,-1,-1,-1,-1,fail:no_candidates
train/6-40/44.jpg,6,40,112,112,22,156,98,168,0,ok
train/6-40/45.jpg,6,40,112,112,196,69,126,55,180,ok
train/6-40/46.jpg,6,40,112,112,152,193,-1,-1,270,ok;no_hour
train/6-40/47.jpg,6,40,112,112,103,156,-1,-1,270,warn:rot_err=41.6;no_hour
train/6-40/48.jpg,6,40,112,112,87,55,41,94,90,ok
train/6-40/5.jpg,6,40,112,112,43,144,98,168,0,ok
train/6-40/50.jpg,6,40,112,112,60,135,98,168,0,ok
train/6-40/51.jpg,6,40,112,112,30,153,96,169,0,ok
train/6-40/52.jpg,6,40,112,112,20,156,97,169,0,ok
train/6-40/54.jpg,6,40,112,112,145,147,136,107,270,ok
train/6-40/56.jpg,6,40,112,112,23,155,97,168,0,ok
train/6-40/57.jpg,6,40,112,112,54,138,98,167,0,ok
train/6-40/58.jpg,6,40,112,112,-1,-1,-1,-1,-1,fail:no_candidates
train/6-40/59.jpg,6,40,112,112,122,142,-1,-1,270,ok;no_hour
train/6-40/60.jpg,6,40,112,112,181,78,126,55,180,ok
train/6-40/62.jpg,6,40,112,112,183,77,-1,-1,180,ok;no_hour
train/6-40/63.jpg,6,40,112,112,97,169,-1,-1,270,warn:rot_err=44.7;no_hour
train/6-40/64.jpg,6,40,112,112,31,151,103,153,0,ok
train/6-40/65.jpg,6,40,112,112,47,142,116,175,0,ok
train/6-40/66.jpg,6,40,112,112,154,197,-1,-1,270,ok;no_hour
train/6-40/68.jpg,6,40,112,112,198,69,-1,-1,180,ok;no_hour
train/6-40/69.jpg,6,40,112,112,88,60,55,98,90,ok
train/6-40/7.jpg,6,40,112,112,32,150,97,168,0,ok
train/6-40/70.jpg,6,40,112,112,156,199,160,185,270,ok
train/6-40/71.jpg,6,40,112,112,45,143,96,169,0,ok
train/6-40/72.jpg,6,40,112,112,70,30,-1,-1,90,ok;no_hour
train/6-40/73.jpg,6,40,112,112,58,136,103,153,0,ok
train/6-40/75.jpg,6,40,112,112,43,144,96,169,0,ok
train/6-40/76.jpg,6,40,112,112,150,190,168,126,270,ok
train/6-40/77.jpg,6,40,112,112,96,166,-1,-1,0,warn:rot_err=43.5;no_hour
train/6-40/78.jpg,6,40,112,112,30,153,97,168,0,ok
train/6-40/79.jpg,6,40,112,112,135,165,180,130,270,ok
train/6-40/8.jpg,6,40,112,112,97,169,-1,-1,270,warn:rot_err=44.7;no_hour
train/6-40/80.jpg,6,40,112,112,19,157,100,164,0,ok
train/6-40/82.jpg,6,40,112,112,27,153,97,168,0,ok
train/6-40/83.jpg,6,40,112,112,174,83,125,55,180,ok
train/6-40/84.jpg,6,40,112,112,53,139,99,166,0,ok
train/6-40/85.jpg,6,40,112,112,87,57,-1,-1,90,ok;no_hour
train/6-40/86.jpg,6,40,112,112,71,29,-1,-1,90,ok;no_hour
train/6-40/88.jpg,6,40,112,112,153,196,-1,-1,270,ok;no_hour
train/6-40/89.jpg,6,40,112,112,84,53,-1,-1,90,ok;no_hour
train/6-40/9.jpg,6,40,112,112,49,141,97,169,0,ok
train/6-40/90.jpg,6,40,112,112,33,150,97,167,0,ok
train/6-40/91.jpg,6,40,112,112,87,57,55,98,90,ok
train/6-40/93.jpg,6,40,112,112,36,148,97,168,0,ok
train/6-40/94.jpg,6,40,112,112,-1,-1,-1,-1,-1,fail:no_candidates
train/6-40/96.jpg,6,40,112,112,49,141,98,168,0,ok
train/6-40/97.jpg,6,40,112,112,33,150,98,168,0,ok
train/6-40/98.jpg,6,40,112,112,153,196,-1,-1,270,ok;no_hour
train/6-40/99.jpg,6,40,112,112,140,173,168,125,270,ok
train/6-45/0.jpg,6,45,112,112,213,106,128,56,180,ok
train/6-45/1.jpg,6,45,112,112,65,105,96,167,0,ok
train/6-45/10.jpg,6,45,112,112,67,106,95,167,0,ok
train/6-45/11.jpg,6,45,112,112,11,117,-1,-1,0,ok;no_hour
train/6-45/12.jpg,6,45,112,112,20,105,95,167,0,ok
train/6-45/13.jpg,6,45,112,112,95,168,-1,-1,270,ok;no_hour
train/6-45/15.jpg,6,45,112,112,201,106,127,56,180,ok
train/6-45/17.jpg,6,45,112,112,116,182,166,127,270,ok
train/6-45/18.jpg,6,45,112,112,182,105,145,50,180,ok
train/6-45/19.jpg,6,45,112,112,117,156,162,139,270,ok
train/6-45/2.jpg,6,45,112,112,36,116,95,167,0,ok
train/6-45/21.jpg,6,45,112,112,41,117,95,168,0,ok
train/6-45/23.jpg,6,45,112,112,11,118,-1,-1,0,ok;no_hour
train/6-45/24.jpg,6,45,112,112,45,116,95,167,0,ok
train/6-45/26.jpg,6,45,112,112,30,116,95,167,0,ok
train/6-45/27.jpg,6,45,112,112,26,104,100,157,0,ok
train/6-45/28.jpg,6,45,112,112,168,106,128,55,180,ok
train/6-45/29.jpg,6,45,112,112,119,16,-1,-1,90,ok;no_hour
train/6-45/3.jpg,6,45,112,112,79,104,97,168,0,ok
train/6-45/31.jpg,6,45,112,112,96,166,-1,-1,270,ok;no_hour
train/6-45/32.jpg,6,45,112,112,24,103,95,168,0,ok
train/6-45/33.jpg,6,45,112,112,200,105,127,56,180,ok
train/6-45/35.jpg,6,45,112,112,59,123,-1,-1,0,ok;no_hour
train/6-45/36.jpg,6,45,112,112,-1,-1,-1,-1,-1,fail:no_candidates
train/6-45/37.jpg,6,45,112,112,117,35,56,95,90,ok
train/6-45/39.jpg,6,45,112,112,89,169,-1,-1,270,ok;no_hour
train/6-45/4.jpg,6,45,112,112,14,105,95,167,0,ok
train/6-45/40.jpg,6,45,112,112,54,116,94,168,0,ok
train/6-45/42.jpg,6,45,112,112,217,106,141,57,180,ok
train/6-45/43.jpg,6,45,112,112,67,117,95,167,0,ok
train/6-45/45.jpg,6,45,112,112,16,105,95,167,0,ok
train/6-45/46.jpg,6,45,112,112,85,106,94,168,0,ok
train/6-45/47.jpg,6,45,112,112,20,104,94,168,0,ok
train/6-45/49.jpg,6,45,112,112,168,117,128,55,180,ok
train/6-45/50.jpg,6,45,112,112,117,67,-1,-1,90,ok;no_hour
train/6-45/51.jpg,6,45,112,112,20,116,95,167,0,ok
train/6-45/52.jpg,6,45,112,112,200,118,127,56,180,ok
train/6-45/54.jpg,6,45,112,112,76,145,-1,-1,0,warn:rot_err=42.5;no_hour
train/6-45/55.jpg,6,45,112,112,-1,-1,-1,-1,-1,fail:no_candidates
train/6-45/57.jpg,6,45,112,112,50,116,95,168,0,ok
train/6-45/58.jpg,6,45,112,112,-1,-1,-1,-1,-1,fail:no_candidates
train/6-45/59.jpg,6,45,112,112,79,106,-1,-1,0,ok;no_hour
train/6-45/60.jpg,6,45,112,112,9,104,94,168,0,ok
train/6-45/61.jpg,6,45,112,112,106,155,-1,-1,270,ok;no_hour
train/6-45/62.jpg,6,45,112,112,39,116,94,168,0,ok
train/6-45/63.jpg,6,45,112,112,40,116,95,168,0,ok
train/6-45/64.jpg,6,45,112,112,10,105,95,167,0,ok
train/6-45/65.jpg,6,45,112,112,141,136,-1,-1,180,warn:rot_err=39.6;no_hour
train/6-45/66.jpg,6,45,112,112,117,32,56,95,90,ok
train/6-45/67.jpg,6,45,112,112,94,168,-1,-1,270,ok;no_hour
train/6-45/68.jpg,6,45,112,112,13,105,-1,-1,0,ok;no_hour
train/6-45/69.jpg,6,45,112,112,118,50,39,74,90,ok
train/6-45/7.jpg,6,45,112,112,106,43,56,95,90,ok
train/6-45/70.jpg,6,45,112,112,116,188,-1,-1,270,ok;no_hour
train/6-45/71.jpg,6,45,112,112,116,69,55,94,90,ok
train/6-45/72.jpg,6,45,112,112,22,105,95,167,0,ok
train/6-45/73.jpg,6,45,112,112,67,106,95,168,0,ok
train/6-45/74.jpg,6,45,112,112,76,105,97,166,0,ok
train/6-45/77.jpg,6,45,112,112,59,94,-1,-1,0,ok;no_hour
train/6-45/78.jpg,6,45,112,112,20,116,95,167,0,ok
train/6-45/79.jpg,6,45,112,112,65,117,90,179,0,ok
train/6-45/8.jpg,6,45,112,112,107,12,55,95,90,ok
train/6-45/80.jpg,6,45,112,112,84,105,96,167,0,ok
train/6-45/82.jpg,6,45,112,112,67,106,94,168,0,ok
train/6-45/83.jpg,6,45,112,112,40,117,95,168,0,ok
train/6-45/85.jpg,6,45,112,112,52,116,95,168,0,ok
train/6-45/86.jpg,6,45,112,112,76,106,95,167,0,ok
train/6-45/88.jpg,6,45,112,112,106,19,57,96,90,ok
train/6-45/89.jpg,6,45,112,112,116,182,165,141,270,ok
train/6-45/9.jpg,6,45,112,112,42,116,96,166,0,ok
train/6-45/90.jpg,6,45,112,112,107,40,56,94,90,ok
train/6-45/91.jpg,6,45,112,112,51,117,95,168,0,ok
train/6-45/92.jpg,6,45,112,112,22,105,96,166,0,ok
train/6-45/93.jpg,6,45,112,112,33,105,95,167,0,ok
train/6-45/94.jpg,6,45,112,112,-1,-1,-1,-1,-1,fail:no_candidates
train/6-45/95.jpg,6,45,112,112,21,105,96,166,0,ok
train/6-45/96.jpg,6,45,112,112,104,188,-1,-1,270,ok;no_hour
train/6-45/97.jpg,6,45,112,112,127,56,-1,-1,90,ok;no_hour
train/6-45/98.jpg,6,45,112,112,8,105,96,166,0,ok
train/6-45/99.jpg,6,45,112,112,45,117,95,168,0,ok
train/6-50/0.jpg,6,50,112,112,19,64,94,165,0,ok
train/6-50/1.jpg,6,50,112,112,81,160,-1,-1,270,ok;no_hour
train/6-50/10.jpg,6,50,112,112,26,56,94,165,0,ok
train/6-50/11.jpg,6,50,112,112,68,200,-1,-1,270,ok;no_hour
train/6-50/13.jpg,6,50,112,112,72,179,-1,-1,270,ok;no_hour
train/6-50/16.jpg,6,50,112,112,81,162,-1,-1,270,ok;no_hour
train/6-50/18.jpg,6,50,112,112,159,141,-1,-1,180,ok;no_hour
train/6-50/19.jpg,6,50,112,112,82,162,-1,-1,270,ok;no_hour
train/6-50/2.jpg,6,50,112,112,160,141,-1,-1,180,ok;no_hour
train/6-50/20.jpg,6,50,112,112,33,60,96,161,0,ok
train/6-50/21.jpg,6,50,112,112,81,161,-1,-1,270,ok;no_hour
train/6-50/22.jpg,6,50,112,112,189,147,-1,-1,180,ok;no_hour
train/6-50/23.jpg,6,50,112,112,185,160,-1,-1,180,ok;no_hour
train/6-50/24.jpg,6,50,112,112,55,198,166,130,270,ok
train/6-50/25.jpg,6,50,112,112,82,174,166,130,270,ok
train/6-50/27.jpg,6,50,112,112,34,58,94,166,0,ok
train/6-50/28.jpg,6,50,112,112,141,63,-1,-1,90,ok;no_hour
train/6-50/30.jpg,6,50,112,112,159,40,62,81,90,ok
train/6-50/32.jpg,6,50,112,112,147,61,56,93,90,ok
train/6-50/34.jpg,6,50,112,112,160,38,57,93,90,ok
train/6-50/35.jpg,6,50,112,112,23,73,-1,-1,0,ok;no_hour
train/6-50/36.jpg,6,50,112,112,-1,-1,-1,-1,-1,fail:no_candidates
train/6-50/37.jpg,6,50,112,112,159,141,-1,-1,180,ok;no_hour
train/6-50/38.jpg,6,50,112,112,35,62,92,167,0,ok
train/6-50/39.jpg,6,50,112,112,-1,-1,-1,-1,-1,fail:no_candidates
train/6-50/40.jpg,6,50,112,112,81,162,-1,-1,270,ok;no_hour
train/6-50/41.jpg,6,50,112,112,61,189,-1,-1,270,ok;no_hour
train/6-50/42.jpg,6,50,112,112,80,164,-1,-1,270,ok;no_hour
train/6-50/43.jpg,6,50,112,112,-1,-1,-1,-1,-1,fail:no_candidates
train/6-50/45.jpg,6,50,112,112,164,31,57,93,90,ok
train/6-50/46.jpg,6,50,112,112,159,141,-1,-1,180,ok;no_hour
train/6-50/49.jpg,6,50,112,112,36,62,93,167,0,ok
train/6-50/5.jpg,6,50,112,112,141,64,-1,-1,90,ok;no_hour
train/6-50/50.jpg,6,50,112,112,145,56,-1,-1,90,ok;no_hour
train/6-50/51.jpg,6,50,112,112,37,62,94,165,0,ok
train/6-50/54.jpg,6,50,112,112,65,188,-1,-1,270,ok;no_hour
train/6-50/56.jpg,6,50,112,112,81,162,-1,-1,270,ok;no_hour
train/6-50/57.jpg,6,50,112,112,73,177,-1,-1,270,ok;no_hour
train/6-50/58.jpg,6,50,112,112,-1,-1,-1,-1,-1,fail:no_candidates
train/6-50/59.jpg,6,50,112,112,133,87,79,105,90,ok
train/6-50/6.jpg,6,50,112,112,-1,-1,-1,-1,-1,fail:no_candidates
train/6-50/60.jpg,6,50,112,112,26,56,94,165,0,ok
train/6-50/61.jpg,6,50,112,112,161,36,56,93,90,ok
train/6-50/62.jpg,6,50,112,112,141,64,-1,-1,90,ok;no_hour
train/6-50/63.jpg,6,50,112,112,71,193,167,130,270,ok
train/6-50/64.jpg,6,50,112,112,81,161,-1,-1,270,ok;no_hour
train/6-50/65.jpg,6,50,112,112,81,161,-1,-1,270,ok;no_hour
train/6-50/66.jpg,6,50,112,112,141,63,-1,-1,90,ok;no_hour
train/6-50/68.jpg,6,50,112,112,30,58,-1,-1,0,ok;no_hour
train/6-50/7.jpg,6,50,112,112,77,168,-1,-1,270,ok;no_hour
train/6-50/70.jpg,6,50,112,112,29,58,-1,-1,0,ok;no_hour
train/6-50/71.jpg,6,50,112,112,29,57,93,167,0,ok
train/6-50/72.jpg,6,50,112,112,30,70,94,165,0,ok
train/6-50/73.jpg,6,50,112,112,178,150,-1,-1,180,ok;no_hour
train/6-50/74.jpg,6,50,112,112,28,56,93,167,0,ok
train/6-50/75.jpg,6,50,112,112,62,187,166,130,270,ok
train/6-50/76.jpg,6,50,112,112,82,161,-1,-1,270,ok;no_hour
train/6-50/77.jpg,6,50,112,112,61,189,-1,-1,270,ok;no_hour
train/6-50/78.jpg,6,50,112,112,71,193,167,131,270,ok
train/6-50/79.jpg,6,50,112,112,75,175,-1,-1,270,ok;no_hour
train/6-50/8.jpg,6,50,112,112,60,190,167,130,270,ok
train/6-50/80.jpg,6,50,112,112,38,62,93,167,0,ok
train/6-50/81.jpg,6,50,112,112,151,53,-1,-1,90,ok;no_hour
train/6-50/83.jpg,6,50,112,112,81,176,-1,-1,270,ok;no_hour
train/6-50/84.jpg,6,50,112,112,81,162,-1,-1,270,ok;no_hour
train/6-50/85.jpg,6,50,112,112,73,176,-1,-1,270,ok;no_hour
train/6-50/86.jpg,6,50,112,112,141,63,-1,-1,90,ok;no_hour
train/6-50/87.jpg,6,50,112,112,167,26,57,93,90,ok
train/6-50/88.jpg,6,50,112,112,56,73,94,165,0,ok
train/6-50/89.jpg,6,50,112,112,185,152,-1,-1,180,ok;no_hour
train/6-50/9.jpg,6,50,112,112,151,54,57,93,90,ok
train/6-50/91.jpg,6,50,112,112,160,39,56,93,90,ok
train/6-50/92.jpg,6,50,112,112,141,64,-1,-1,90,ok;no_hour
train/6-50/93.jpg,6,50,112,112,32,59,94,165,0,ok
train/6-50/94.jpg,6,50,112,112,83,160,-1,-1,270,ok;no_hour
train/6-50/95.jpg,6,50,112,112,64,206,166,130,270,ok
train/6-50/96.jpg,6,50,112,112,159,141,-1,-1,180,ok;no_hour
train/6-50/97.jpg,6,50,112,112,23,54,93,167,0,ok
train/6-50/98.jpg,6,50,112,112,151,55,58,94,90,ok
train/6-50/99.jpg,6,50,112,112,81,161,-1,-1,270,ok;no_hour
train/6-55/0.jpg,6,55,112,112,55,24,91,165,0,ok
train/6-55/1.jpg,6,55,112,112,69,49,90,167,0,ok
train/6-55/11.jpg,6,55,112,112,-1,-1,-1,-1,-1,fail:no_candidates
train/6-55/13.jpg,6,55,112,112,64,41,90,166,0,ok
train/6-55/14.jpg,6,55,112,112,143,119,-1,-1,90,warn:rot_err=42.7;no_hour
train/6-55/15.jpg,6,55,112,112,185,76,57,90,90,ok
train/6-55/16.jpg,6,55,112,112,74,34,91,165,0,ok
train/6-55/18.jpg,6,55,112,112,61,35,80,158,0,ok
train/6-55/19.jpg,6,55,112,112,32,163,166,133,270,ok
train/6-55/2.jpg,6,55,112,112,168,196,133,57,180,ok
train/6-55/20.jpg,6,55,112,112,80,46,79,161,0,ok
train/6-55/21.jpg,6,55,112,112,69,49,91,165,0,ok
train/6-55/22.jpg,6,55,112,112,64,36,90,164,0,ok
train/6-55/23.jpg,6,55,112,112,56,28,-1,-1,0,ok;no_hour
train/6-55/24.jpg,6,55,112,112,156,178,133,57,180,ok
train/6-55/25.jpg,6,55,112,112,72,53,90,165,0,ok
train/6-55/26.jpg,6,55,112,112,69,25,90,166,0,ok
train/6-55/28.jpg,6,55,112,112,33,163,166,133,270,ok
train/6-55/29.jpg,6,55,112,112,159,206,166,21,180,ok
train/6-55/3.jpg,6,55,112,112,37,161,192,161,270,ok
train/6-55/30.jpg,6,55,112,112,70,30,90,166,0,ok
train/6-55/31.jpg,6,55,112,112,49,154,159,143,270,ok
train/6-55/32.jpg,6,55,112,112,71,53,91,165,0,ok
train/6-55/34.jpg,6,55,112,112,168,197,133,57,180,ok
train/6-55/36.jpg,6,55,112,112,55,23,91,164,0,ok
train/6-55/37.jpg,6,55,112,112,79,42,91,165,0,ok
train/6-55/38.jpg,6,55,112,112,31,152,166,133,270,ok
train/6-55/39.jpg,6,55,112,112,-1,-1,-1,-1,-1,fail:no_candidates
train/6-55/4.jpg,6,55,112,112,192,71,57,90,90,ok
train/6-55/40.jpg,6,55,112,112,52,153,159,143,270,ok
train/6-55/41.jpg,6,55,112,112,71,30,61,194,0,ok
train/6-55/42.jpg,6,55,112,112,83,50,74,170,0,ok
train/6-55/45.jpg,6,55,112,112,200,67,65,80,90,ok
train/6-55/46.jpg,6,55,112,112,72,31,91,165,0,ok
train/6-55/48.jpg,6,55,112,112,78,41,82,189,0,ok
train/6-55/5.jpg,6,55,112,112,78,42,90,166,0,ok
train/6-55/50.jpg,6,55,112,112,164,88,37,80,90,ok
train/6-55/51.jpg,6,55,112,112,190,73,57,90,90,ok
train/6-55/52.jpg,6,55,112,112,79,44,79,161,0,ok
train/6-55/53.jpg,6,55,112,112,63,39,91,165,0,ok
train/6-55/54.jpg,6,55,112,112,37,158,-1,-1,270,ok;no_hour
train/6-55/55.jpg,6,55,112,112,-1,-1,-1,-1,-1,fail:no_candidates
train/6-55/56.jpg,6,55,112,112,160,185,133,57,180,ok
train/6-55/58.jpg,6,55,112,112,23,169,156,142,270,ok
train/6-55/59.jpg,6,55,112,112,101,82,-1,-1,0,ok;no_hour
train/6-55/6.jpg,6,55,112,112,-1,-1,-1,-1,-1,fail:no_candidates
train/6-55/61.jpg,6,55,112,112,70,27,91,165,0,ok
train/6-55/62.jpg,6,55,112,112,43,158,159,143,270,ok
train/6-55/63.jpg,6,55,112,112,71,30,91,165,0,ok
train/6-55/66.jpg,6,55,112,112,176,81,62,79,90,ok
train/6-55/67.jpg,6,55,112,112,64,18,91,165,0,ok
train/6-55/68.jpg,6,55,112,112,68,25,60,193,0,ok
train/6-55/7.jpg,6,55,112,112,82,48,90,166,0,ok
train/6-55/70.jpg,6,55,112,112,72,32,-1,-1,0,ok;no_hour
train/6-55/71.jpg,6,55,112,112,-1,-1,-1,-1,-1,fail:no_candidates
train/6-55/73.jpg,6,55,112,112,71,30,90,166,0,ok
train/6-55/74.jpg,6,55,112,112,85,54,92,165,0,ok
train/6-55/75.jpg,6,55,112,112,62,37,79,161,0,ok
train/6-55/76.jpg,6,55,112,112,71,31,90,166,0,ok
train/6-55/77.jpg,6,55,112,112,82,161,-1,-1,270,warn:rot_err=28.5;no_hour
train/6-55/78.jpg,6,55,112,112,71,31,89,166,0,ok
train/6-55/79.jpg,6,55,112,112,152,169,145,61,180,ok
train/6-55/8.jpg,6,55,112,112,23,169,159,143,270,ok
train/6-55/80.jpg,6,55,112,112,49,154,165,132,270,ok
train/6-55/81.jpg,6,55,112,112,-1,-1,-1,-1,-1,fail:no_candidates
train/6-55/85.jpg,6,55,112,112,191,73,56,75,90,ok
train/6-55/86.jpg,6,55,112,112,70,27,91,165,0,ok
train/6-55/87.jpg,6,55,112,112,69,25,91,165,0,ok
train/6-55/88.jpg,6,55,112,112,174,82,58,91,90,ok
train/6-55/89.jpg,6,55,112,112,148,165,148,53,180,ok
train/6-55/9.jpg,6,55,112,112,152,193,133,57,180,ok
train/6-55/90.jpg,6,55,112,112,37,160,165,133,270,ok
train/6-55/91.jpg,6,55,112,112,65,43,80,187,0,ok
train/6-55/92.jpg,6,55,112,112,69,28,90,166,0,ok
train/6-55/93.jpg,6,55,112,112,69,26,92,164,0,ok
train/6-55/95.jpg,6,55,112,112,201,54,57,90,90,ok
train/6-55/96.jpg,6,55,112,112,49,154,166,133,270,ok
train/6-55/97.jpg,6,55,112,112,149,188,134,56,180,ok
train/6-55/98.jpg,6,55,112,112,176,81,57,90,90,ok
train/6-55/99.jpg,6,55,112,112,83,50,79,161,0,ok
train/7-00/10.jpg,7,0,112,112,117,31,76,160,0,ok
train/7-00/11.jpg,7,0,112,112,-1,-1,-1,-1,-1,fail:no_candidates
train/7-00/12.jpg,7,0,112,112,116,170,145,68,180,ok
train/7-00/13.jpg,7,0,112,112,116,172,152,56,180,ok
train/7-00/14.jpg,7,0,112,112,105,62,70,193,0,ok
train/7-00/15.jpg,7,0,112,112,45,116,165,135,270,ok
train/7-00/16.jpg,7,0,112,112,117,35,77,157,0,ok
train/7-00/17.jpg,7,0,112,112,117,34,76,160,0,ok
train/7-00/18.jpg,7,0,112,112,117,59,70,194,0,ok
train/7-00/19.jpg,7,0,112,112,217,106,58,87,90,ok
train/7-00/2.jpg,7,0,112,112,116,198,136,58,180,ok
train/7-00/20.jpg,7,0,112,112,117,29,78,155,0,ok
train/7-00/23.jpg,7,0,112,112,117,51,89,163,0,ok
train/7-00/25.jpg,7,0,112,112,-1,-1,-1,-1,-1,fail:no_candidates
train/7-00/27.jpg,7,0,112,112,118,66,89,165,0,ok
train/7-00/28.jpg,7,0,112,112,116,189,146,65,180,ok
train/7-00/29.jpg,7,0,112,112,106,7,88,164,0,ok
train/7-00/3.jpg,7,0,112,112,172,105,53,68,90,ok
train/7-00/30.jpg,7,0,112,112,117,20,87,165,0,ok
train/7-00/31.jpg,7,0,112,112,176,117,66,77,90,ok
train/7-00/32.jpg,7,0,112,112,177,117,48,66,90,ok
train/7-00/33.jpg,7,0,112,112,117,185,146,66,180,ok
train/7-00/34.jpg,7,0,112,112,117,29,77,157,0,ok
train/7-00/35.jpg,7,0,112,112,118,149,-1,-1,180,ok;no_hour
train/7-00/36.jpg,7,0,112,112,-1,-1,-1,-1,-1,fail:no_candidates
train/7-00/38.jpg,7,0,112,112,116,202,145,66,180,ok
train/7-00/4.jpg,7,0,112,112,117,31,76,160,0,ok
train/7-00/40.jpg,7,0,112,112,117,56,89,163,0,ok
train/7-00/41.jpg,7,0,112,112,176,118,28,61,90,ok
train/7-00/42.jpg,7,0,112,112,116,206,152,54,180,ok
train/7-00/43.jpg,7,0,112,112,-1,-1,-1,-1,-1,fail:no_candidates
train/7-00/44.jpg,7,0,112,112,118,20,88,165,0,ok
train/7-00/45.jpg,7,0,112,112,117,27,77,158,0,ok
train/7-00/46.jpg,7,0,112,112,184,117,58,88,90,ok
train/7-00/48.jpg,7,0,112,112,117,172,142,77,180,ok
train/7-00/49.jpg,7,0,112,112,187,106,66,77,90,ok
train/7-00/5.jpg,7,0,112,112,118,36,88,165,0,ok
train/7-00/50.jpg,7,0,112,112,118,55,90,163,0,ok
train/7-00/51.jpg,7,0,112,112,20,116,164,135,270,ok
train/7-00/52.jpg,7,0,112,112,117,45,87,165,0,ok
train/7-00/54.jpg,7,0,112,112,-1,-1,-1,-1,-1,fail:no_candidates
train/7-00/55.jpg,7,0,112,112,115,38,89,160,0,ok
train/7-00/56.jpg,7,0,112,112,117,33,77,157,0,ok
train/7-00/57.jpg,7,0,112,112,60,105,169,138,270,ok
train/7-00/58.jpg,7,0,112,112,-1,-1,-1,-1,-1,fail:no_candidates
train/7-00/59.jpg,7,0,112,112,80,105,-1,-1,270,ok;no_hour
train/7-00/6.jpg,7,0,112,112,-1,-1,-1,-1,-1,fail:no_candidates
train/7-00/60.jpg,7,0,112,112,187,117,63,76,90,ok
train/7-00/62.jpg,7,0,112,112,117,33,77,158,0,ok
train/7-00/63.jpg,7,0,112,112,117,33,88,165,0,ok
train/7-00/65.jpg,7,0,112,112,117,178,138,79,180,ok
train/7-00/66.jpg,7,0,112,112,116,176,145,68,180,ok
train/7-00/68.jpg,7,0,112,112,51,116,-1,-1,270,ok;no_hour
train/7-00/69.jpg,7,0,112,112,45,116,175,156,270,ok
train/7-00/7.jpg,7,0,112,112,116,174,153,54,180,ok
train/7-00/70.jpg,7,0,112,112,217,116,-1,-1,90,ok;no_hour
train/7-00/71.jpg,7,0,112,112,117,193,146,65,180,ok
train/7-00/72.jpg,7,0,112,112,20,116,162,133,270,ok
train/7-00/73.jpg,7,0,112,112,117,57,88,165,0,ok
train/7-00/74.jpg,7,0,112,112,118,50,89,164,0,ok
train/7-00/75.jpg,7,0,112,112,106,22,77,157,0,ok
train/7-00/77.jpg,7,0,112,112,113,168,-1,-1,180,ok;no_hour
train/7-00/78.jpg,7,0,112,112,116,203,145,66,180,ok
train/7-00/79.jpg,7,0,112,112,106,52,75,160,0,ok
train/7-00/81.jpg,7,0,112,112,106,191,-1,-1,180,ok;no_hour
train/7-00/82.jpg,7,0,112,112,117,31,77,157,0,ok
train/7-00/84.jpg,7,0,112,112,117,177,132,62,180,ok
train/7-00/85.jpg,7,0,112,112,117,55,88,165,0,ok
train/7-00/87.jpg,7,0,112,112,188,117,63,76,90,ok
train/7-00/88.jpg,7,0,112,112,175,117,66,77,90,ok
train/7-00/89.jpg,7,0,112,112,117,53,88,164,0,ok
train/7-00/9.jpg,7,0,112,112,117,47,77,157,0,ok
train/7-00/91.jpg,7,0,112,112,168,118,57,72,90,ok
train/7-00/92.jpg,7,0,112,112,20,116,165,136,270,ok
train/7-00/93.jpg,7,0,112,112,35,116,162,133,270,ok
train/7-00/94.jpg,7,0,112,112,-1,-1,-1,-1,-1,fail:no_candidates
train/7-00/95.jpg,7,0,112,112,116,196,136,58,180,ok
train/7-00/96.jpg,7,0,112,112,46,117,165,135,270,ok
train/7-00/97.jpg,7,0,112,112,116,204,134,59,180,ok
train/7-00/99.jpg,7,0,112,112,118,44,77,156,0,ok
train/7-05/0.jpg,7,5,112,112,19,65,157,148,270,ok
train/7-05/1.jpg,7,5,112,112,154,50,86,164,0,ok
train/7-05/10.jpg,7,5,112,112,161,36,75,157,0,ok
train/7-05/12.jpg,7,5,112,112,25,55,155,147,270,ok
train/7-05/13.jpg,7,5,112,112,181,149,58,74,90,ok
train/7-05/14.jpg,7,5,112,112,52,84,164,137,270,ok
train/7-05/17.jpg,7,5,112,112,72,191,148,65,180,ok
train/7-05/18.jpg,7,5,112,112,80,174,163,37,180,ok
train/7-05/19.jpg,7,5,112,112,159,41,75,156,0,ok
train/7-05/2.jpg,7,5,112,112,36,62,154,147,270,ok
train/7-05/20.jpg,7,5,112,112,33,73,157,148,270,ok
train/7-05/21.jpg,7,5,112,112,59,85,176,156,270,ok
train/7-05/22.jpg,7,5,112,112,86,161,152,32,180,ok
train/7-05/23.jpg,7,5,112,112,192,165,-1,-1,90,ok;no_hour
train/7-05/24.jpg,7,5,112,112,37,62,157,148,270,ok
train/7-05/25.jpg,7,5,112,112,18,63,164,138,270,ok
train/7-05/26.jpg,7,5,112,112,35,62,163,137,270,ok
train/7-05/27.jpg,7,5,112,112,163,34,87,162,0,ok
train/7-05/28.jpg,7,5,112,112,29,71,156,148,270,ok
train/7-05/29.jpg,7,5,112,112,205,163,25,55,90,ok
train/7-05/3.jpg,7,5,112,112,165,135,-1,-1,90,ok;no_hour
train/7-05/30.jpg,7,5,112,112,34,62,164,138,270,ok
train/7-05/31.jpg,7,5,112,112,151,54,75,156,0,ok
train/7-05/32.jpg,7,5,112,112,74,188,148,67,180,ok
train/7-05/33.jpg,7,5,112,112,160,39,86,164,0,ok
train/7-05/34.jpg,7,5,112,112,37,62,158,148,270,ok
train/7-05/35.jpg,7,5,112,112,48,124,-1,-1,270,warn:rot_err=40.6;no_hour
train/7-05/39.jpg,7,5,112,112,-1,-1,-1,-1,-1,fail:no_candidates
train/7-05/4.jpg,7,5,112,112,159,41,88,161,0,ok
train/7-05/40.jpg,7,5,112,112,161,37,61,176,0,ok
train/7-05/42.jpg,7,5,112,112,162,33,76,154,0,ok
train/7-05/43.jpg,7,5,112,112,-1,-1,-1,-1,-1,fail:no_candidates
train/7-05/44.jpg,7,5,112,112,131,67,75,156,0,ok
train/7-05/47.jpg,7,5,112,112,189,163,59,86,90,ok
train/7-05/48.jpg,7,5,112,112,73,191,139,53,180,ok
train/7-05/49.jpg,7,5,112,112,160,39,76,154,0,ok
train/7-05/5.jpg,7,5,112,112,34,61,164,137,270,ok
train/7-05/51.jpg,7,5,112,112,167,24,74,159,0,ok
train/7-05/52.jpg,7,5,112,112,31,72,164,137,270,ok
train/7-05/53.jpg,7,5,112,112,205,158,59,85,90,ok
train/7-05/54.jpg,7,5,112,112,78,76,-1,-1,270,ok;no_hour
train/7-05/55.jpg,7,5,112,112,-1,-1,-1,-1,-1,fail:no_candidates
train/7-05/56.jpg,7,5,112,112,155,25,86,163,0,ok
train/7-05/57.jpg,7,5,112,112,55,201,151,62,180,ok
train/7-05/58.jpg,7,5,112,112,-1,-1,-1,-1,-1,fail:no_candidates
train/7-05/59.jpg,7,5,112,112,132,88,88,135,0,ok
train/7-05/6.jpg,7,5,112,112,-1,-1,-1,-1,-1,fail:no_candidates
train/7-05/62.jpg,7,5,112,112,61,189,148,65,180,ok
train/7-05/63.jpg,7,5,112,112,72,192,139,58,180,ok
train/7-05/65.jpg,7,5,112,112,150,32,75,157,0,ok
train/7-05/66.jpg,7,5,112,112,158,21,75,156,0,ok
train/7-05/67.jpg,7,5,112,112,187,161,60,86,90,ok
train/7-05/69.jpg,7,5,112,112,152,52,68,166,0,ok
train/7-05/70.jpg,7,5,112,112,161,36,-1,-1,0,ok;no_hour
train/7-05/71.jpg,7,5,112,112,164,31,75,156,0,ok
train/7-05/72.jpg,7,5,112,112,37,62,155,147,270,ok
train/7-05/73.jpg,7,5,112,112,75,179,160,38,180,ok
train/7-05/75.jpg,7,5,112,112,164,138,-1,-1,90,ok;no_hour
train/7-05/77.jpg,7,5,112,112,162,139,-1,-1,90,ok;no_hour
train/7-05/78.jpg,7,5,112,112,158,42,75,157,0,ok
train/7-05/79.jpg,7,5,112,112,145,65,87,138,0,ok
train/7-05/8.jpg,7,5,112,112,162,36,75,155,0,ok
train/7-05/80.jpg,7,5,112,112,164,138,47,67,90,ok
train/7-05/81.jpg,7,5,112,112,-1,-1,-1,-1,-1,fail:no_candidates
train/7-05/82.jpg,7,5,112,112,66,201,137,60,180,ok
train/7-05/83.jpg,7,5,112,112,194,166,67,75,90,ok
train/7-05/84.jpg,7,5,112,112,193,152,59,86,90,ok
train/7-05/85.jpg,7,5,112,112,46,77,171,152,270,ok
train/7-05/86.jpg,7,5,112,112,34,61,155,147,270,ok
train/7-05/87.jpg,7,5,112,112,161,36,75,156,0,ok
train/7-05/88.jpg,7,5,112,112,158,19,88,161,0,ok
train/7-05/91.jpg,7,5,112,112,89,160,143,68,180,ok
train/7-05/92.jpg,7,5,112,112,146,62,77,152,0,ok
train/7-05/93.jpg,7,5,112,112,64,183,138,59,180,ok
train/7-05/94.jpg,7,5,112,112,-1,-1,-1,-1,-1,fail:no_candidates
train/7-05/95.jpg,7,5,112,112,19,65,154,147,270,ok
train/7-05/96.jpg,7,5,112,112,85,164,161,37,180,ok
train/7-05/97.jpg,7,5,112,112,163,34,86,164,0,ok
train/7-05/98.jpg,7,5,112,112,20,66,157,148,270,ok
train/7-05/99.jpg,7,5,112,112,86,164,140,75,180,ok
train/7-10/0.jpg,7,10,112,112,197,56,84,162,0,ok
train/7-10/1.jpg,7,10,112,112,179,80,84,162,0,ok
train/7-10/10.jpg,7,10,112,112,166,194,61,83,90,ok
train/7-10/11.jpg,7,10,112,112,-1,-1,-1,-1,-1,fail:no_candidates
train/7-10/13.jpg,7,10,112,112,168,73,72,178,0,ok
train/7-10/14.jpg,7,10,112,112,160,91,88,156,0,ok
train/7-10/15.jpg,7,10,112,112,193,58,84,162,0,ok
train/7-10/16.jpg,7,10,112,112,65,42,162,140,270,ok
train/7-10/17.jpg,7,10,112,112,189,61,84,161,0,ok
train/7-10/18.jpg,7,10,112,112,36,161,153,65,180,ok
train/7-10/19.jpg,7,10,112,112,163,190,61,82,90,ok
train/7-10/2.jpg,7,10,112,112,201,65,83,162,0,ok
train/7-10/20.jpg,7,10,112,112,162,190,62,84,90,ok
train/7-10/21.jpg,7,10,112,112,42,158,150,69,180,ok
train/7-10/22.jpg,7,10,112,112,64,189,-1,-1,180,warn:rot_err=28.1;no_hour
train/7-10/25.jpg,7,10,112,112,-1,-1,-1,-1,-1,fail:no_candidates
train/7-10/26.jpg,7,10,112,112,182,65,82,162,0,ok
train/7-10/27.jpg,7,10,112,112,34,164,139,61,180,ok
train/7-10/28.jpg,7,10,112,112,70,28,162,139,270,ok
train/7-10/29.jpg,7,10,112,112,34,163,143,56,180,ok
train/7-10/3.jpg,7,10,112,112,170,85,-1,-1,0,ok;no_hour
train/7-10/31.jpg,7,10,112,112,63,39,162,140,270,ok
train/7-10/34.jpg,7,10,112,112,28,165,140,61,180,ok
train/7-10/35.jpg,7,10,112,112,48,124,146,17,180,ok
train/7-10/36.jpg,7,10,112,112,-1,-1,-1,-1,-1,fail:no_candidates
train/7-10/38.jpg,7,10,112,112,190,73,83,162,0,ok
train/7-10/39.jpg,7,10,112,112,-1,-1,-1,-1,-1,fail:no_candidates
train/7-10/40.jpg,7,10,112,112,37,161,142,58,180,ok
train/7-10/41.jpg,7,10,112,112,30,152,-1,-1,180,ok;no_hour
train/7-10/42.jpg,7,10,112,112,170,72,73,178,0,ok
train/7-10/43.jpg,7,10,112,112,-1,-1,-1,-1,-1,fail:no_candidates
train/7-10/44.jpg,7,10,112,112,165,195,61,84,90,ok
train/7-10/45.jpg,7,10,112,112,194,58,83,162,0,ok
train/7-10/46.jpg,7,10,112,112,193,71,84,162,0,ok
train/7-10/47.jpg,7,10,112,112,199,55,84,162,0,ok
train/7-10/48.jpg,7,10,112,112,186,61,74,151,0,ok
train/7-10/49.jpg,7,10,112,112,201,66,86,159,0,ok
train/7-10/50.jpg,7,10,112,112,68,48,158,137,270,ok
train/7-10/53.jpg,7,10,112,112,169,85,84,162,0,ok
train/7-10/54.jpg,7,10,112,112,130,158,69,89,90,ok
train/7-10/55.jpg,7,10,112,112,-1,-1,-1,-1,-1,fail:no_candidates
train/7-10/56.jpg,7,10,112,112,70,27,161,139,270,ok
train/7-10/57.jpg,7,10,112,112,17,159,149,49,180,ok
train/7-10/58.jpg,7,10,112,112,189,62,81,162,0,ok
train/7-10/6.jpg,7,10,112,112,-1,-1,-1,-1,-1,fail:no_candidates
train/7-10/60.jpg,7,10,112,112,54,24,162,140,270,ok
train/7-10/62.jpg,7,10,112,112,181,78,86,159,0,ok
train/7-10/64.jpg,7,10,112,112,161,188,61,82,90,ok
train/7-10/65.jpg,7,10,112,112,116,175,-1,-1,90,warn:rot_err=26.4;no_hour
train/7-10/66.jpg,7,10,112,112,178,67,84,161,0,ok
train/7-10/67.jpg,7,10,112,112,168,199,61,84,90,ok
train/7-10/68.jpg,7,10,112,112,68,24,-1,-1,270,ok;no_hour
train/7-10/69.jpg,7,10,112,112,175,69,79,168,0,ok
train/7-10/7.jpg,7,10,112,112,189,61,79,168,0,ok
train/7-10/70.jpg,7,10,112,112,160,185,-1,-1,90,ok;no_hour
train/7-10/71.jpg,7,10,112,112,190,74,82,163,0,ok
train/7-10/73.jpg,7,10,112,112,72,31,161,139,270,ok
train/7-10/75.jpg,7,10,112,112,188,61,86,159,0,ok
train/7-10/76.jpg,7,10,112,112,152,192,60,81,90,ok
train/7-10/77.jpg,7,10,112,112,148,68,-1,-1,0,ok;no_hour
train/7-10/78.jpg,7,10,112,112,61,34,161,139,270,ok
train/7-10/79.jpg,7,10,112,112,198,69,75,175,0,ok
train/7-10/8.jpg,7,10,112,112,197,56,83,162,0,ok
train/7-10/80.jpg,7,10,112,112,47,155,140,61,180,ok
train/7-10/82.jpg,7,10,112,112,194,58,84,161,0,ok
train/7-10/83.jpg,7,10,112,112,200,67,83,162,0,ok
train/7-10/84.jpg,7,10,112,112,153,173,61,84,90,ok
train/7-10/87.jpg,7,10,112,112,78,42,161,139,270,ok
train/7-10/88.jpg,7,10,112,112,190,60,83,162,0,ok
train/7-10/89.jpg,7,10,112,112,169,201,46,74,90,ok
train/7-10/9.jpg,7,10,112,112,176,68,83,162,0,ok
train/7-10/90.jpg,7,10,112,112,-1,-1,-1,-1,-1,fail:no_candidates
train/7-10/91.jpg,7,10,112,112,176,68,86,159,0,ok
train/7-10/92.jpg,7,10,112,112,197,68,83,162,0,ok
train/7-10/93.jpg,7,10,112,112,161,187,61,83,90,ok
train/7-10/94.jpg,7,10,112,112,-1,-1,-1,-1,-1,fail:no_candidates
train/7-10/95.jpg,7,10,112,112,160,185,61,83,90,ok
train/7-10/96.jpg,7,10,112,112,175,68,83,162,0,ok
train/7-10/97.jpg,7,10,112,112,25,168,150,69,180,ok
train/7-10/98.jpg,7,10,112,112,156,178,66,72,90,ok
train/7-15/10.jpg,7,15,112,112,26,116,150,73,180,ok
train/7-15/11.jpg,7,15,112,112,117,217,-1,-1,90,ok;no_hour
train/7-15/13.jpg,7,15,112,112,182,106,77,169,0,ok
train/7-15/14.jpg,7,15,112,112,119,90,-1,-1,270,ok;no_hour
train/7-15/15.jpg,7,15,112,112,20,116,152,70,180,ok
train/7-15/16.jpg,7,15,112,112,116,190,62,81,90,ok
train/7-15/17.jpg,7,15,112,112,201,106,81,161,0,ok
train/7-15/19.jpg,7,15,112,112,217,117,81,161,0,ok
train/7-15/2.jpg,7,15,112,112,194,117,79,162,0,ok
train/7-15/21.jpg,7,15,112,112,213,118,82,161,0,ok
train/7-15/23.jpg,7,15,112,112,116,175,-1,-1,90,ok;no_hour
train/7-15/24.jpg,7,15,112,112,117,30,161,142,270,ok
train/7-15/26.jpg,7,15,112,112,193,117,80,161,0,ok
train/7-15/27.jpg,7,15,112,112,64,117,152,69,180,ok
train/7-15/28.jpg,7,15,112,112,196,106,82,161,0,ok
train/7-15/29.jpg,7,15,112,112,-1,-1,-1,-1,-1,fail:no_candidates
train/7-15/3.jpg,7,15,112,112,180,118,85,158,0,ok
train/7-15/32.jpg,7,15,112,112,116,183,61,80,90,ok
train/7-15/33.jpg,7,15,112,112,105,18,153,152,270,ok
train/7-15/34.jpg,7,15,112,112,214,106,81,161,0,ok
train/7-15/35.jpg,7,15,112,112,48,124,-1,-1,180,ok;no_hour
train/7-15/36.jpg,7,15,112,112,106,9,161,143,270,ok
train/7-15/37.jpg,7,15,112,112,106,11,161,142,270,ok
train/7-15/39.jpg,7,15,112,112,87,125,-1,-1,180,warn:rot_err=27.5;no_hour
train/7-15/4.jpg,7,15,112,112,211,117,79,162,0,ok
train/7-15/40.jpg,7,15,112,112,172,106,82,161,0,ok
train/7-15/42.jpg,7,15,112,112,203,106,74,170,0,ok
train/7-15/43.jpg,7,15,112,112,81,161,-1,-1,90,warn:rot_err=32.3;no_hour
train/7-15/44.jpg,7,15,112,112,117,214,61,80,90,ok
train/7-15/45.jpg,7,15,112,112,116,198,62,81,90,ok
train/7-15/46.jpg,7,15,112,112,186,117,82,161,0,ok
train/7-15/48.jpg,7,15,112,112,177,118,72,151,0,ok
train/7-15/49.jpg,7,15,112,112,202,106,80,162,0,ok
train/7-15/5.jpg,7,15,112,112,187,118,82,161,0,ok
train/7-15/50.jpg,7,15,112,112,174,118,78,166,0,ok
train/7-15/51.jpg,7,15,112,112,203,117,80,161,0,ok
train/7-15/52.jpg,7,15,112,112,180,117,81,161,0,ok
train/7-15/53.jpg,7,15,112,112,176,118,82,161,0,ok
train/7-15/54.jpg,7,15,112,112,85,154,-1,-1,90,warn:rot_err=32.7;no_hour
train/7-15/56.jpg,7,15,112,112,217,117,81,161,0,ok
train/7-15/57.jpg,7,15,112,112,138,106,86,156,0,ok
train/7-15/58.jpg,7,15,112,112,58,116,152,69,180,ok
train/7-15/6.jpg,7,15,112,112,178,107,79,161,0,ok
train/7-15/60.jpg,7,15,112,112,116,212,64,83,90,ok
train/7-15/61.jpg,7,15,112,112,117,14,161,141,270,ok
train/7-15/62.jpg,7,15,112,112,117,31,161,142,270,ok
train/7-15/63.jpg,7,15,112,112,117,193,62,82,90,ok
train/7-15/64.jpg,7,15,112,112,217,117,81,161,0,ok
train/7-15/65.jpg,7,15,112,112,141,136,-1,-1,0,warn:rot_err=39.6;no_hour
train/7-15/66.jpg,7,15,112,112,18,116,151,71,180,ok
train/7-15/67.jpg,7,15,112,112,202,106,81,161,0,ok
train/7-15/68.jpg,7,15,112,112,105,210,57,78,90,ok
train/7-15/69.jpg,7,15,112,112,38,116,153,47,180,ok
train/7-15/7.jpg,7,15,112,112,116,203,54,74,90,ok
train/7-15/70.jpg,7,15,112,112,117,25,-1,-1,270,ok;no_hour
train/7-15/71.jpg,7,15,112,112,184,106,81,161,0,ok
train/7-15/72.jpg,7,15,112,112,116,203,62,81,90,ok
train/7-15/73.jpg,7,15,112,112,172,117,72,176,0,ok
train/7-15/74.jpg,7,15,112,112,117,201,61,80,90,ok
train/7-15/75.jpg,7,15,112,112,117,10,161,142,270,ok
train/7-15/76.jpg,7,15,112,112,203,117,81,161,0,ok
train/7-15/77.jpg,7,15,112,112,56,114,-1,-1,180,ok;no_hour
train/7-15/78.jpg,7,15,112,112,20,116,151,70,180,ok
train/7-15/79.jpg,7,15,112,112,166,117,79,164,0,ok
train/7-15/81.jpg,7,15,112,112,164,117,81,161,0,ok
train/7-15/82.jpg,7,15,112,112,26,116,151,71,180,ok
train/7-15/83.jpg,7,15,112,112,199,105,82,161,0,ok
train/7-15/85.jpg,7,15,112,112,175,117,91,150,0,ok
train/7-15/87.jpg,7,15,112,112,193,117,81,161,0,ok
train/7-15/89.jpg,7,15,112,112,185,117,74,169,0,ok
train/7-15/90.jpg,7,15,112,112,37,116,150,72,180,ok
train/7-15/91.jpg,7,15,112,112,105,22,166,145,270,ok
train/7-15/92.jpg,7,15,112,112,116,203,69,71,90,ok
train/7-15/93.jpg,7,15,112,112,184,117,81,161,0,ok
train/7-15/94.jpg,7,15,112,112,29,115,150,71,180,ok
train/7-15/95.jpg,7,15,112,112,217,117,81,161,0,ok
train/7-15/96.jpg,7,15,112,112,188,118,82,161,0,ok
train/7-15/97.jpg,7,15,112,112,116,212,61,80,90,ok
train/7-15/98.jpg,7,15,112,112,205,106,81,161,0,ok
train/7-15/99.jpg,7,15,112,112,181,118,82,161,0,ok
train/7-20/0.jpg,7,20,112,112,72,192,64,81,90,ok
train/7-20/1.jpg,7,20,112,112,175,155,79,160,0,ok
train/7-20/10.jpg,7,20,112,112,34,61,153,71,180,ok
train/7-20/11.jpg,7,20,112,112,24,68,-1,-1,180,ok;no_hour
train/7-20/12.jpg,7,20,112,112,197,154,78,160,0,ok
train/7-20/13.jpg,7,20,112,112,30,71,150,55,180,ok
train/7-20/14.jpg,7,20,112,112,146,59,-1,-1,270,ok;no_hour
train/7-20/15.jpg,7,20,112,112,81,159,-1,-1,90,ok;no_hour
train/7-20/16.jpg,7,20,112,112,196,153,80,159,0,ok
train/7-20/17.jpg,7,20,112,112,194,153,80,159,0,ok
train/7-20/18.jpg,7,20,112,112,81,158,-1,-1,90,ok;no_hour
train/7-20/19.jpg,7,20,112,112,191,163,79,159,0,ok
train/7-20/2.jpg,7,20,112,112,194,165,81,158,0,ok
train/7-20/20.jpg,7,20,112,112,194,153,77,160,0,ok
train/7-20/22.jpg,7,20,112,112,174,149,76,187,0,ok
train/7-20/23.jpg,7,20,112,112,85,168,-1,-1,90,ok;no_hour
train/7-20/24.jpg,7,20,112,112,70,195,69,69,90,ok
train/7-20/26.jpg,7,20,112,112,195,152,79,159,0,ok
train/7-20/28.jpg,7,20,112,112,34,61,152,73,180,ok
train/7-20/29.jpg,7,20,112,112,200,168,79,160,0,ok
train/7-20/3.jpg,7,20,112,112,35,61,-1,-1,180,ok;no_hour
train/7-20/30.jpg,7,20,112,112,153,30,151,152,270,ok
train/7-20/31.jpg,7,20,112,112,177,143,78,160,0,ok
train/7-20/32.jpg,7,20,112,112,162,35,151,153,270,ok
train/7-20/34.jpg,7,20,112,112,203,158,78,160,0,ok
train/7-20/35.jpg,7,20,112,112,154,139,-1,-1,0,ok;no_hour
train/7-20/36.jpg,7,20,112,112,-1,-1,-1,-1,-1,fail:no_candidates
train/7-20/37.jpg,7,20,112,112,173,153,81,158,0,ok
train/7-20/38.jpg,7,20,112,112,185,160,79,159,0,ok
train/7-20/39.jpg,7,20,112,112,-1,-1,-1,-1,-1,fail:no_candidates
train/7-20/4.jpg,7,20,112,112,70,196,71,70,90,ok
train/7-20/40.jpg,7,20,112,112,80,159,-1,-1,90,ok;no_hour
train/7-20/42.jpg,7,20,112,112,192,152,78,160,0,ok
train/7-20/43.jpg,7,20,112,112,26,56,148,78,180,ok
train/7-20/44.jpg,7,20,112,112,67,200,64,81,90,ok
train/7-20/46.jpg,7,20,112,112,188,161,81,159,0,ok
train/7-20/47.jpg,7,20,112,112,68,199,72,70,90,ok
train/7-20/49.jpg,7,20,112,112,195,167,80,159,0,ok
train/7-20/5.jpg,7,20,112,112,81,159,-1,-1,90,ok;no_hour
train/7-20/50.jpg,7,20,112,112,86,167,56,74,90,ok
train/7-20/51.jpg,7,20,112,112,152,31,150,152,270,ok
train/7-20/52.jpg,7,20,112,112,64,81,-1,-1,180,ok;no_hour
train/7-20/53.jpg,7,20,112,112,142,64,-1,-1,270,ok;no_hour
train/7-20/54.jpg,7,20,112,112,190,154,-1,-1,0,ok;no_hour
train/7-20/56.jpg,7,20,112,112,198,155,78,160,0,ok
train/7-20/57.jpg,7,20,112,112,76,164,-1,-1,90,ok;no_hour
train/7-20/58.jpg,7,20,112,112,160,38,159,144,270,ok
train/7-20/6.jpg,7,20,112,112,186,160,79,159,0,ok
train/7-20/61.jpg,7,20,112,112,201,169,79,160,0,ok
train/7-20/62.jpg,7,20,112,112,29,70,151,75,180,ok
train/7-20/63.jpg,7,20,112,112,160,39,160,144,270,ok
train/7-20/64.jpg,7,20,112,112,71,192,69,69,90,ok
train/7-20/67.jpg,7,20,112,112,193,152,81,159,0,ok
train/7-20/68.jpg,7,20,112,112,193,164,-1,-1,0,ok;no_hour
train/7-20/69.jpg,7,20,112,112,81,159,-1,-1,90,ok;no_hour
train/7-20/7.jpg,7,20,112,112,191,151,71,168,0,ok
train/7-20/72.jpg,7,20,112,112,37,62,152,73,180,ok
train/7-20/73.jpg,7,20,112,112,73,168,-1,-1,90,ok;no_hour
train/7-20/75.jpg,7,20,112,112,195,165,69,154,0,ok
train/7-20/76.jpg,7,20,112,112,185,160,79,159,0,ok
train/7-20/77.jpg,7,20,112,112,64,188,65,77,90,ok
train/7-20/79.jpg,7,20,112,112,78,162,-1,-1,90,ok;no_hour
train/7-20/8.jpg,7,20,112,112,204,158,81,159,0,ok
train/7-20/80.jpg,7,20,112,112,76,90,-1,-1,180,ok;no_hour
train/7-20/82.jpg,7,20,112,112,192,163,78,160,0,ok
train/7-20/83.jpg,7,20,112,112,152,30,152,153,270,ok
train/7-20/84.jpg,7,20,112,112,150,32,151,153,270,ok
train/7-20/85.jpg,7,20,112,112,188,161,74,166,0,ok
train/7-20/87.jpg,7,20,112,112,179,157,78,160,0,ok
train/7-20/88.jpg,7,20,112,112,181,145,79,159,0,ok
train/7-20/89.jpg,7,20,112,112,72,191,70,70,90,ok
train/7-20/9.jpg,7,20,112,112,159,142,-1,-1,0,ok;no_hour
train/7-20/90.jpg,7,20,112,112,-1,-1,-1,-1,-1,fail:no_candidates
train/7-20/91.jpg,7,20,112,112,75,166,-1,-1,90,ok;no_hour
train/7-20/92.jpg,7,20,112,112,30,70,153,71,180,ok
train/7-20/93.jpg,7,20,112,112,191,151,80,159,0,ok
train/7-20/95.jpg,7,20,112,112,143,64,-1,-1,270,ok;no_hour
train/7-20/96.jpg,7,20,112,112,173,153,79,160,0,ok
train/7-20/97.jpg,7,20,112,112,168,26,152,153,270,ok
train/7-20/98.jpg,7,20,112,112,178,156,78,160,0,ok
train/7-25/0.jpg,7,25,112,112,37,161,63,75,90,ok
train/7-25/1.jpg,7,25,112,112,69,49,155,72,180,ok
train/7-25/10.jpg,7,25,112,112,59,32,155,72,180,ok
train/7-25/14.jpg,7,25,112,112,143,155,82,156,0,ok
train/7-25/15.jpg,7,25,112,112,157,180,77,159,0,ok
train/7-25/16.jpg,7,25,112,112,187,62,151,155,270,ok
train/7-25/17.jpg,7,25,112,112,23,169,64,76,90,ok
train/7-25/18.jpg,7,25,112,112,62,37,158,70,180,ok
train/7-25/19.jpg,7,25,112,112,161,188,76,158,0,ok
train/7-25/2.jpg,7,25,112,112,167,198,78,158,0,ok
train/7-25/21.jpg,7,25,112,112,153,173,67,152,0,ok
train/7-25/24.jpg,7,25,112,112,164,190,76,159,0,ok
train/7-25/25.jpg,7,25,112,112,47,154,64,76,90,ok
train/7-25/26.jpg,7,25,112,112,31,164,71,68,90,ok
train/7-25/27.jpg,7,25,112,112,162,186,67,151,0,ok
train/7-25/28.jpg,7,25,112,112,50,154,72,68,90,ok
train/7-25/29.jpg,7,25,112,112,-1,-1,-1,-1,-1,fail:no_candidates
train/7-25/3.jpg,7,25,112,112,62,147,-1,-1,90,ok;no_hour
train/7-25/30.jpg,7,25,112,112,161,187,68,152,0,ok
train/7-25/31.jpg,7,25,112,112,151,190,76,159,0,ok
train/7-25/32.jpg,7,25,112,112,148,164,72,165,0,ok
train/7-25/33.jpg,7,25,112,112,153,195,77,159,0,ok
train/7-25/36.jpg,7,25,112,112,-1,-1,-1,-1,-1,fail:no_candidates
train/7-25/38.jpg,7,25,112,112,160,185,77,158,0,ok
train/7-25/39.jpg,7,25,112,112,-1,-1,-1,-1,-1,fail:no_candidates
train/7-25/4.jpg,7,25,112,112,165,195,76,159,0,ok
train/7-25/40.jpg,7,25,112,112,169,201,73,163,0,ok
train/7-25/41.jpg,7,25,112,112,30,153,66,61,90,ok
train/7-25/42.jpg,7,25,112,112,62,37,154,73,180,ok
train/7-25/43.jpg,7,25,112,112,169,199,69,149,0,ok
train/7-25/45.jpg,7,25,112,112,160,185,76,159,0,ok
train/7-25/46.jpg,7,25,112,112,36,161,72,68,90,ok
train/7-25/47.jpg,7,25,112,112,166,196,67,152,0,ok
train/7-25/48.jpg,7,25,112,112,85,52,157,73,180,ok
train/7-25/49.jpg,7,25,112,112,161,187,79,158,0,ok
train/7-25/51.jpg,7,25,112,112,36,161,63,74,90,ok
train/7-25/52.jpg,7,25,112,112,151,192,68,151,0,ok
train/7-25/53.jpg,7,25,112,112,153,172,77,159,0,ok
train/7-25/54.jpg,7,25,112,112,158,188,-1,-1,0,ok;no_hour
train/7-25/55.jpg,7,25,112,112,-1,-1,-1,-1,-1,fail:no_candidates
train/7-25/56.jpg,7,25,112,112,196,57,151,155,270,ok
train/7-25/57.jpg,7,25,112,112,62,37,154,74,180,ok
train/7-25/58.jpg,7,25,112,112,-1,-1,-1,-1,-1,fail:no_candidates
train/7-25/59.jpg,7,25,112,112,136,90,-1,-1,270,ok;no_hour
train/7-25/6.jpg,7,25,112,112,-1,-1,-1,-1,-1,fail:no_candidates
train/7-25/60.jpg,7,25,112,112,154,197,76,159,0,ok
train/7-25/61.jpg,7,25,112,112,161,188,77,159,0,ok
train/7-25/62.jpg,7,25,112,112,162,187,69,149,0,ok
train/7-25/64.jpg,7,25,112,112,55,25,155,71,180,ok
train/7-25/67.jpg,7,25,112,112,70,30,154,74,180,ok
train/7-25/68.jpg,7,25,112,112,198,68,159,147,270,ok
train/7-25/7.jpg,7,25,112,112,152,193,66,169,0,ok
train/7-25/71.jpg,7,25,112,112,153,173,78,158,0,ok
train/7-25/72.jpg,7,25,112,112,168,201,76,159,0,ok
train/7-25/73.jpg,7,25,112,112,161,188,71,166,0,ok
train/7-25/74.jpg,7,25,112,112,161,185,67,151,0,ok
train/7-25/75.jpg,7,25,112,112,194,71,159,147,270,ok
train/7-25/76.jpg,7,25,112,112,188,62,158,146,270,ok
train/7-25/77.jpg,7,25,112,112,150,112,-1,-1,270,warn:rot_err=30.0;no_hour
train/7-25/78.jpg,7,25,112,112,161,187,77,158,0,ok
train/7-25/79.jpg,7,25,112,112,151,192,65,172,0,ok
train/7-25/8.jpg,7,25,112,112,160,185,77,159,0,ok
train/7-25/80.jpg,7,25,112,112,49,154,71,67,90,ok
train/7-25/81.jpg,7,25,112,112,-1,-1,-1,-1,-1,fail:no_candidates
train/7-25/82.jpg,7,25,112,112,198,68,152,155,270,ok
train/7-25/83.jpg,7,25,112,112,185,62,159,146,270,ok
train/7-25/84.jpg,7,25,112,112,152,193,77,159,0,ok
train/7-25/85.jpg,7,25,112,112,152,193,72,164,0,ok
train/7-25/87.jpg,7,25,112,112,58,30,155,72,180,ok
train/7-25/89.jpg,7,25,112,112,161,187,75,159,0,ok
train/7-25/9.jpg,7,25,112,112,36,161,72,68,90,ok
train/7-25/90.jpg,7,25,112,112,62,35,154,72,180,ok
train/7-25/91.jpg,7,25,112,112,143,155,71,166,0,ok
train/7-25/92.jpg,7,25,112,112,165,195,76,159,0,ok
train/7-25/94.jpg,7,25,112,112,64,39,154,72,180,ok
train/7-25/95.jpg,7,25,112,112,151,191,76,159,0,ok
train/7-25/96.jpg,7,25,112,112,151,192,68,150,0,ok
train/7-25/97.jpg,7,25,112,112,165,195,77,159,0,ok
train/7-25/98.jpg,7,25,112,112,205,65,159,148,270,ok
train/7-25/99.jpg,7,25,112,112,164,190,46,194,0,ok
train/7-30/0.jpg,7,30,112,112,116,203,67,146,0,ok
train/7-30/1.jpg,7,30,112,112,67,118,82,72,90,ok
train/7-30/10.jpg,7,30,112,112,209,106,147,156,270,ok
train/7-30/11.jpg,7,30,112,112,-1,-1,-1,-1,-1,fail:no_candidates
train/7-30/12.jpg,7,30,112,112,116,176,66,149,0,ok
train/7-30/14.jpg,7,30,112,112,118,175,-1,-1,0,ok;no_hour
train/7-30/15.jpg,7,30,112,112,187,106,149,157,270,ok
train/7-30/16.jpg,7,30,112,112,116,190,66,149,0,ok
train/7-30/17.jpg,7,30,112,112,116,196,67,147,0,ok
train/7-30/18.jpg,7,30,112,112,117,169,63,151,0,ok
train/7-30/19.jpg,7,30,112,112,155,105,148,156,270,ok
train/7-30/2.jpg,7,30,112,112,141,105,147,156,270,ok
train/7-30/20.jpg,7,30,112,112,117,158,66,149,0,ok
train/7-30/22.jpg,7,30,112,112,113,70,-1,-1,180,ok;no_hour
train/7-30/24.jpg,7,30,112,112,65,151,-1,-1,90,warn:rot_err=39.7;no_hour
train/7-30/25.jpg,7,30,112,112,116,190,66,149,0,ok
train/7-30/26.jpg,7,30,112,112,116,189,66,150,0,ok
train/7-30/27.jpg,7,30,112,112,66,118,79,70,90,ok
train/7-30/28.jpg,7,30,112,112,77,67,-1,-1,180,warn:rot_err=37.9;no_hour
train/7-30/3.jpg,7,30,112,112,118,148,-1,-1,0,ok;no_hour
train/7-30/30.jpg,7,30,112,112,117,148,67,147,0,ok
train/7-30/31.jpg,7,30,112,112,66,149,-1,-1,90,warn:rot_err=38.8;no_hour
train/7-30/33.jpg,7,30,112,112,117,190,66,148,0,ok
train/7-30/34.jpg,7,30,112,112,156,105,149,157,270,ok
train/7-30/35.jpg,7,30,112,112,64,121,-1,-1,90,ok;no_hour
train/7-30/36.jpg,7,30,112,112,116,158,66,151,0,ok
train/7-30/37.jpg,7,30,112,112,179,106,149,157,270,ok
train/7-30/38.jpg,7,30,112,112,117,145,-1,-1,0,ok;no_hour
train/7-30/39.jpg,7,30,112,112,-1,-1,-1,-1,-1,fail:no_candidates
train/7-30/4.jpg,7,30,112,112,66,149,-1,-1,90,warn:rot_err=38.8;no_hour
train/7-30/41.jpg,7,30,112,112,63,150,-1,-1,90,warn:rot_err=37.8;no_hour
train/7-30/42.jpg,7,30,112,112,116,185,67,147,0,ok
train/7-30/43.jpg,7,30,112,112,106,34,155,77,180,ok
train/7-30/44.jpg,7,30,112,112,153,104,148,157,270,ok
train/7-30/45.jpg,7,30,112,112,80,117,76,67,90,ok
train/7-30/46.jpg,7,30,112,112,117,158,66,148,0,ok
train/7-30/47.jpg,7,30,112,112,117,200,67,146,0,ok
train/7-30/49.jpg,7,30,112,112,65,117,78,68,90,ok
train/7-30/51.jpg,7,30,112,112,105,67,157,74,180,ok
train/7-30/52.jpg,7,30,112,112,176,106,147,156,270,ok
train/7-30/54.jpg,7,30,112,112,112,203,-1,-1,0,ok;no_hour
train/7-30/55.jpg,7,30,112,112,155,108,147,153,270,ok
train/7-30/57.jpg,7,30,112,112,66,148,-1,-1,90,warn:rot_err=38.0;no_hour
train/7-30/58.jpg,7,30,112,112,117,200,67,147,0,ok
train/7-30/59.jpg,7,30,112,112,117,142,-1,-1,0,ok;no_hour
train/7-30/6.jpg,7,30,112,112,155,77,-1,-1,270,warn:rot_err=39.1;no_hour
train/7-30/60.jpg,7,30,112,112,65,117,76,67,90,ok
train/7-30/61.jpg,7,30,112,112,86,117,77,67,90,ok
train/7-30/62.jpg,7,30,112,112,192,106,147,156,270,ok
train/7-30/63.jpg,7,30,112,112,117,206,66,148,0,ok
train/7-30/64.jpg,7,30,112,112,201,106,149,157,270,ok
train/7-30/65.jpg,7,30,112,112,67,146,-1,-1,90,warn:rot_err=37.1;no_hour
train/7-30/67.jpg,7,30,112,112,107,7,155,78,180,ok
train/7-30/68.jpg,7,30,112,112,118,14,157,73,180,ok
train/7-30/69.jpg,7,30,112,112,105,41,154,79,180,ok
train/7-30/70.jpg,7,30,112,112,147,156,-1,-1,0,warn:rot_err=38.5;no_hour
train/7-30/71.jpg,7,30,112,112,116,180,66,149,0,ok
train/7-30/72.jpg,7,30,112,112,67,147,-1,-1,90,warn:rot_err=37.9;no_hour
train/7-30/73.jpg,7,30,112,112,156,105,147,156,270,ok
train/7-30/74.jpg,7,30,112,112,118,167,66,147,0,ok
train/7-30/75.jpg,7,30,112,112,186,106,147,156,270,ok
train/7-30/76.jpg,7,30,112,112,144,105,148,156,270,ok
train/7-30/77.jpg,7,30,112,112,113,56,-1,-1,180,ok;no_hour
train/7-30/79.jpg,7,30,112,112,116,167,83,130,0,ok
train/7-30/80.jpg,7,30,112,112,118,156,66,148,0,ok
train/7-30/82.jpg,7,30,112,112,210,106,147,156,270,ok
train/7-30/83.jpg,7,30,112,112,155,104,148,157,270,ok
train/7-30/84.jpg,7,30,112,112,153,104,149,157,270,ok
train/7-30/85.jpg,7,30,112,112,117,159,67,146,0,ok
train/7-30/86.jpg,7,30,112,112,117,158,66,149,0,ok
train/7-30/87.jpg,7,30,112,112,156,105,147,156,270,ok
train/7-30/89.jpg,7,30,112,112,117,158,66,149,0,ok
train/7-30/9.jpg,7,30,112,112,105,67,156,76,180,ok
train/7-30/90.jpg,7,30,112,112,-1,-1,-1,-1,-1,fail:no_candidates
train/7-30/91.jpg,7,30,112,112,54,117,77,67,90,ok
train/7-30/92.jpg,7,30,112,112,105,67,156,75,180,ok
train/7-30/94.jpg,7,30,112,112,-1,-1,-1,-1,-1,fail:no_candidates
train/7-30/95.jpg,7,30,112,112,117,158,67,147,0,ok
train/7-30/96.jpg,7,30,112,112,117,188,66,148,0,ok
train/7-30/98.jpg,7,30,112,112,116,177,-1,-1,0,ok;no_hour
train/7-35/0.jpg,7,35,112,112,64,203,65,144,0,ok
train/7-35/1.jpg,7,35,112,112,79,180,65,144,0,ok
train/7-35/12.jpg,7,35,112,112,65,205,65,145,0,ok
train/7-35/14.jpg,7,35,112,112,152,28,142,96,180,ok
train/7-35/15.jpg,7,35,112,112,154,28,158,78,180,ok
train/7-35/16.jpg,7,35,112,112,157,23,158,78,180,ok
train/7-35/17.jpg,7,35,112,112,65,202,65,145,0,ok
train/7-35/18.jpg,7,35,112,112,78,181,78,132,0,ok
train/7-35/2.jpg,7,35,112,112,186,148,145,158,270,ok
train/7-35/21.jpg,7,35,112,112,175,141,144,158,270,ok
train/7-35/23.jpg,7,35,112,112,43,79,-1,-1,90,ok;no_hour
train/7-35/24.jpg,7,35,112,112,66,200,67,143,0,ok
train/7-35/25.jpg,7,35,112,112,-1,-1,-1,-1,-1,fail:no_candidates
train/7-35/26.jpg,7,35,112,112,73,190,65,145,0,ok
train/7-35/27.jpg,7,35,112,112,79,101,86,74,90,ok
train/7-35/29.jpg,7,35,112,112,64,205,65,145,0,ok
train/7-35/3.jpg,7,35,112,112,195,152,-1,-1,270,ok;no_hour
train/7-35/30.jpg,7,35,112,112,73,190,67,143,0,ok
train/7-35/31.jpg,7,35,112,112,72,192,65,145,0,ok
train/7-35/33.jpg,7,35,112,112,153,27,159,77,180,ok
train/7-35/34.jpg,7,35,112,112,76,184,65,145,0,ok
train/7-35/35.jpg,7,35,112,112,131,76,-1,-1,180,ok;no_hour
train/7-35/36.jpg,7,35,112,112,-1,-1,-1,-1,-1,fail:no_candidates
train/7-35/37.jpg,7,35,112,112,67,200,65,145,0,ok
train/7-35/38.jpg,7,35,112,112,153,30,158,78,180,ok
train/7-35/39.jpg,7,35,112,112,-1,-1,-1,-1,-1,fail:no_candidates
train/7-35/4.jpg,7,35,112,112,66,201,65,145,0,ok
train/7-35/40.jpg,7,35,112,112,79,180,66,143,0,ok
train/7-35/41.jpg,7,35,112,112,-1,-1,-1,-1,-1,fail:no_candidates
train/7-35/42.jpg,7,35,112,112,72,191,65,145,0,ok
train/7-35/44.jpg,7,35,112,112,71,193,64,146,0,ok
train/7-35/47.jpg,7,35,112,112,193,152,144,158,270,ok
train/7-35/48.jpg,7,35,112,112,86,171,61,147,0,ok
train/7-35/49.jpg,7,35,112,112,81,176,64,146,0,ok
train/7-35/5.jpg,7,35,112,112,44,80,79,65,90,ok
train/7-35/50.jpg,7,35,112,112,90,161,65,144,0,ok
train/7-35/52.jpg,7,35,112,112,80,178,64,146,0,ok
train/7-35/53.jpg,7,35,112,112,50,83,47,28,90,ok
train/7-35/54.jpg,7,35,112,112,145,147,-1,-1,270,ok;no_hour
train/7-35/55.jpg,7,35,112,112,-1,-1,-1,-1,-1,fail:no_candidates
train/7-35/56.jpg,7,35,112,112,157,23,158,78,180,ok
train/7-35/57.jpg,7,35,112,112,56,86,80,66,90,ok
train/7-35/58.jpg,7,35,112,112,-1,-1,-1,-1,-1,fail:no_candidates
train/7-35/59.jpg,7,35,112,112,102,140,-1,-1,0,ok;no_hour
train/7-35/6.jpg,7,35,112,112,66,144,-1,-1,0,warn:rot_err=25.2;no_hour
train/7-35/60.jpg,7,35,112,112,67,199,67,143,0,ok
train/7-35/62.jpg,7,35,112,112,151,31,157,80,180,ok
train/7-35/63.jpg,7,35,112,112,152,30,159,77,180,ok
train/7-35/65.jpg,7,35,112,112,113,47,-1,-1,180,warn:rot_err=29.1;no_hour
train/7-35/66.jpg,7,35,112,112,72,192,65,145,0,ok
train/7-35/67.jpg,7,35,112,112,19,65,78,65,90,ok
train/7-35/68.jpg,7,35,112,112,33,59,53,85,90,ok
train/7-35/69.jpg,7,35,112,112,72,192,65,144,0,ok
train/7-35/70.jpg,7,35,112,112,76,64,-1,-1,90,ok;no_hour
train/7-35/71.jpg,7,35,112,112,-1,-1,-1,-1,-1,fail:no_candidates
train/7-35/72.jpg,7,35,112,112,64,205,65,145,0,ok
train/7-35/73.jpg,7,35,112,112,31,72,79,65,90,ok
train/7-35/74.jpg,7,35,112,112,126,74,159,78,180,ok
train/7-35/75.jpg,7,35,112,112,48,82,80,66,90,ok
train/7-35/76.jpg,7,35,112,112,192,152,145,158,270,ok
train/7-35/77.jpg,7,35,112,112,32,68,-1,-1,90,ok;no_hour
train/7-35/78.jpg,7,35,112,112,71,193,65,145,0,ok
train/7-35/79.jpg,7,35,112,112,166,136,129,140,270,ok
train/7-35/8.jpg,7,35,112,112,71,193,65,144,0,ok
train/7-35/80.jpg,7,35,112,112,178,143,144,158,270,ok
train/7-35/81.jpg,7,35,112,112,-1,-1,-1,-1,-1,fail:no_candidates
train/7-35/82.jpg,7,35,112,112,200,156,145,158,270,ok
train/7-35/85.jpg,7,35,112,112,71,193,64,146,0,ok
train/7-35/86.jpg,7,35,112,112,156,25,158,78,180,ok
train/7-35/87.jpg,7,35,112,112,156,24,154,82,180,ok
train/7-35/88.jpg,7,35,112,112,76,184,66,144,0,ok
train/7-35/9.jpg,7,35,112,112,45,81,78,65,90,ok
train/7-35/90.jpg,7,35,112,112,151,33,156,80,180,ok
train/7-35/91.jpg,7,35,112,112,91,159,45,162,0,ok
train/7-35/92.jpg,7,35,112,112,198,155,145,158,270,ok
train/7-35/93.jpg,7,35,112,112,70,193,65,145,0,ok
train/7-35/95.jpg,7,35,112,112,65,145,-1,-1,0,ok;no_hour
train/7-35/96.jpg,7,35,112,112,193,152,144,158,270,ok
train/7-35/98.jpg,7,35,112,112,72,192,65,145,0,ok
train/7-35/99.jpg,7,35,112,112,83,173,64,146,0,ok
train/7-40/1.jpg,7,40,112,112,176,81,147,72,180,ok
train/7-40/10.jpg,7,40,112,112,152,195,152,150,270,ok
train/7-40/11.jpg,7,40,112,112,34,149,-1,-1,0,ok;no_hour
train/7-40/12.jpg,7,40,112,112,154,196,153,152,270,ok
train/7-40/14.jpg,7,40,112,112,126,150,154,152,270,ok
train/7-40/15.jpg,7,40,112,112,31,152,77,150,0,ok
train/7-40/16.jpg,7,40,112,112,76,39,76,80,90,ok
train/7-40/17.jpg,7,40,112,112,72,32,72,75,90,ok
train/7-40/18.jpg,7,40,112,112,91,65,66,68,90,ok
train/7-40/19.jpg,7,40,112,112,40,147,72,152,0,ok
train/7-40/20.jpg,7,40,112,112,151,191,151,148,270,ok
train/7-40/21.jpg,7,40,112,112,18,159,74,152,0,ok
train/7-40/22.jpg,7,40,112,112,159,92,-1,-1,180,ok;no_hour
train/7-40/23.jpg,7,40,112,112,55,138,-1,-1,0,ok;no_hour
train/7-40/24.jpg,7,40,112,112,42,145,71,153,0,ok
train/7-40/25.jpg,7,40,112,112,-1,-1,-1,-1,-1,fail:no_candidates
train/7-40/26.jpg,7,40,112,112,146,184,152,150,270,ok
train/7-40/28.jpg,7,40,112,112,72,31,70,72,90,ok
train/7-40/29.jpg,7,40,112,112,134,161,153,152,270,ok
train/7-40/3.jpg,7,40,112,112,30,151,-1,-1,0,ok;no_hour
train/7-40/31.jpg,7,40,112,112,70,27,72,75,90,ok
train/7-40/32.jpg,7,40,112,112,62,134,74,152,0,ok
train/7-40/33.jpg,7,40,112,112,79,42,69,70,90,ok
train/7-40/35.jpg,7,40,112,112,141,214,187,159,270,ok
train/7-40/36.jpg,7,40,112,112,-1,-1,-1,-1,-1,fail:no_candidates
train/7-40/37.jpg,7,40,112,112,57,137,75,151,0,ok
train/7-40/38.jpg,7,40,112,112,31,152,73,152,0,ok
train/7-40/39.jpg,7,40,112,112,-1,-1,-1,-1,-1,fail:no_candidates
train/7-40/4.jpg,7,40,112,112,153,195,153,152,270,ok
train/7-40/40.jpg,7,40,112,112,58,136,73,152,0,ok
train/7-40/42.jpg,7,40,112,112,170,84,152,70,180,ok
train/7-40/43.jpg,7,40,112,112,-1,-1,-1,-1,-1,fail:no_candidates
train/7-40/44.jpg,7,40,112,112,157,202,153,151,270,ok
train/7-40/45.jpg,7,40,112,112,26,155,71,153,0,ok
train/7-40/46.jpg,7,40,112,112,152,193,152,149,270,ok
train/7-40/48.jpg,7,40,112,112,168,87,-1,-1,180,ok;no_hour
train/7-40/49.jpg,7,40,112,112,45,143,74,152,0,ok
train/7-40/5.jpg,7,40,112,112,181,78,146,73,180,ok
train/7-40/50.jpg,7,40,112,112,168,86,149,71,180,ok
train/7-40/51.jpg,7,40,112,112,149,189,151,148,270,ok
train/7-40/52.jpg,7,40,112,112,174,82,149,71,180,ok
train/7-40/53.jpg,7,40,112,112,20,156,74,152,0,ok
train/7-40/54.jpg,7,40,112,112,93,66,86,92,90,ok
train/7-40/55.jpg,7,40,112,112,67,29,74,74,90,ok
train/7-40/56.jpg,7,40,112,112,68,23,71,73,90,ok
train/7-40/57.jpg,7,40,112,112,54,138,74,152,0,ok
train/7-40/58.jpg,7,40,112,112,-1,-1,-1,-1,-1,fail:no_candidates
train/7-40/59.jpg,7,40,112,112,80,122,92,138,0,ok
train/7-40/6.jpg,7,40,112,112,-1,-1,-1,-1,-1,fail:no_candidates
train/7-40/60.jpg,7,40,112,112,48,142,73,152,0,ok
train/7-40/61.jpg,7,40,112,112,153,196,153,152,270,ok
train/7-40/63.jpg,7,40,112,112,31,151,74,152,0,ok
train/7-40/64.jpg,7,40,112,112,29,151,71,153,0,ok
train/7-40/66.jpg,7,40,112,112,26,154,73,152,0,ok
train/7-40/67.jpg,7,40,112,112,73,32,70,72,90,ok
train/7-40/68.jpg,7,40,112,112,25,155,-1,-1,0,ok;no_hour
train/7-40/70.jpg,7,40,112,112,23,155,-1,-1,0,ok;no_hour
train/7-40/71.jpg,7,40,112,112,-1,-1,-1,-1,-1,fail:no_candidates
train/7-40/72.jpg,7,40,112,112,70,30,72,75,90,ok
train/7-40/73.jpg,7,40,112,112,193,71,146,73,180,ok
train/7-40/74.jpg,7,40,112,112,172,84,-1,-1,180,ok;no_hour
train/7-40/75.jpg,7,40,112,112,43,144,74,152,0,ok
train/7-40/76.jpg,7,40,112,112,191,72,152,70,180,ok
train/7-40/77.jpg,7,40,112,112,71,151,53,110,0,ok
train/7-40/79.jpg,7,40,112,112,58,135,62,162,0,ok
train/7-40/8.jpg,7,40,112,112,32,150,74,152,0,ok
train/7-40/80.jpg,7,40,112,112,20,156,72,153,0,ok
train/7-40/81.jpg,7,40,112,112,-1,-1,-1,-1,-1,fail:no_candidates
train/7-40/82.jpg,7,40,112,112,39,147,73,152,0,ok
train/7-40/83.jpg,7,40,112,112,140,173,152,149,270,ok
train/7-40/86.jpg,7,40,112,112,41,146,73,152,0,ok
train/7-40/87.jpg,7,40,112,112,183,77,152,70,180,ok
train/7-40/89.jpg,7,40,112,112,53,139,72,152,0,ok
train/7-40/9.jpg,7,40,112,112,49,141,77,150,0,ok
train/7-40/90.jpg,7,40,112,112,35,150,71,151,0,ok
train/7-40/91.jpg,7,40,112,112,165,87,149,71,180,ok
train/7-40/93.jpg,7,40,112,112,26,153,73,152,0,ok
train/7-40/95.jpg,7,40,112,112,31,151,73,152,0,ok
train/7-40/98.jpg,7,40,112,112,153,196,152,150,270,ok
train/7-40/99.jpg,7,40,112,112,173,83,151,70,180,ok
train/7-45/0.jpg,7,45,112,112,68,106,69,152,0,ok
train/7-45/1.jpg,7,45,112,112,156,117,155,70,180,ok
train/7-45/11.jpg,7,45,112,112,103,215,-1,-1,270,ok;no_hour
train/7-45/12.jpg,7,45,112,112,40,104,73,150,0,ok
train/7-45/13.jpg,7,45,112,112,69,152,-1,-1,0,warn:rot_err=42.9;no_hour
train/7-45/14.jpg,7,45,112,112,153,70,-1,-1,90,warn:rot_err=44.3;no_hour
train/7-45/15.jpg,7,45,112,112,105,201,152,154,270,ok
train/7-45/16.jpg,7,45,112,112,29,105,71,151,0,ok
train/7-45/17.jpg,7,45,112,112,203,117,154,71,180,ok
train/7-45/18.jpg,7,45,112,112,59,105,66,154,0,ok
train/7-45/19.jpg,7,45,112,112,217,118,152,72,180,ok
train/7-45/2.jpg,7,45,112,112,154,116,154,71,180,ok
train/7-45/20.jpg,7,45,112,112,116,77,72,71,90,ok
train/7-45/22.jpg,7,45,112,112,155,36,-1,-1,90,warn:rot_err=29.5;no_hour
train/7-45/23.jpg,7,45,112,112,105,176,-1,-1,270,ok;no_hour
train/7-45/24.jpg,7,45,112,112,154,116,154,71,180,ok
train/7-45/25.jpg,7,45,112,112,-1,-1,-1,-1,-1,fail:no_candidates
train/7-45/26.jpg,7,45,112,112,66,106,71,151,0,ok
train/7-45/27.jpg,7,45,112,112,195,118,141,79,180,ok
train/7-45/3.jpg,7,45,112,112,46,104,-1,-1,0,ok;no_hour
train/7-45/30.jpg,7,45,112,112,22,105,70,151,0,ok
train/7-45/32.jpg,7,45,112,112,103,199,151,151,270,ok
train/7-45/33.jpg,7,45,112,112,32,104,72,151,0,ok
train/7-45/34.jpg,7,45,112,112,154,116,150,73,180,ok
train/7-45/36.jpg,7,45,112,112,22,106,71,150,0,ok
train/7-45/37.jpg,7,45,112,112,11,105,71,151,0,ok
train/7-45/38.jpg,7,45,112,112,23,105,70,151,0,ok
train/7-45/39.jpg,7,45,112,112,-1,-1,-1,-1,-1,fail:no_candidates
train/7-45/40.jpg,7,45,112,112,106,156,152,154,270,ok
train/7-45/42.jpg,7,45,112,112,71,151,-1,-1,0,warn:rot_err=43.6;no_hour
train/7-45/43.jpg,7,45,112,112,65,105,71,151,0,ok
train/7-45/45.jpg,7,45,112,112,16,105,70,151,0,ok
train/7-45/46.jpg,7,45,112,112,116,69,72,72,90,ok
train/7-45/47.jpg,7,45,112,112,104,203,152,154,270,ok
train/7-45/48.jpg,7,45,112,112,90,138,-1,-1,270,warn:rot_err=40.2;no_hour
train/7-45/5.jpg,7,45,112,112,105,158,152,153,270,ok
train/7-45/50.jpg,7,45,112,112,65,105,54,163,0,ok
train/7-45/51.jpg,7,45,112,112,67,106,69,152,0,ok
train/7-45/52.jpg,7,45,112,112,70,67,-1,-1,90,warn:rot_err=43.0;no_hour
train/7-45/53.jpg,7,45,112,112,85,105,70,152,0,ok
train/7-45/54.jpg,7,45,112,112,22,114,23,107,0,ok
train/7-45/55.jpg,7,45,112,112,66,109,69,148,0,ok
train/7-45/56.jpg,7,45,112,112,67,106,71,151,0,ok
train/7-45/58.jpg,7,45,112,112,-1,-1,-1,-1,-1,fail:no_candidates
train/7-45/59.jpg,7,45,112,112,79,106,-1,-1,0,ok;no_hour
train/7-45/6.jpg,7,45,112,112,48,105,69,151,0,ok
train/7-45/60.jpg,7,45,112,112,117,30,71,69,90,ok
train/7-45/61.jpg,7,45,112,112,25,104,69,152,0,ok
train/7-45/62.jpg,7,45,112,112,106,156,150,150,270,ok
train/7-45/63.jpg,7,45,112,112,105,192,152,153,270,ok
train/7-45/64.jpg,7,45,112,112,106,156,152,154,270,ok
train/7-45/66.jpg,7,45,112,112,116,69,71,69,90,ok
train/7-45/69.jpg,7,45,112,112,69,152,-1,-1,0,warn:rot_err=42.9;no_hour
train/7-45/7.jpg,7,45,112,112,86,106,69,152,0,ok
train/7-45/71.jpg,7,45,112,112,-1,-1,-1,-1,-1,fail:no_candidates
train/7-45/72.jpg,7,45,112,112,76,106,69,152,0,ok
train/7-45/73.jpg,7,45,112,112,22,105,71,151,0,ok
train/7-45/74.jpg,7,45,112,112,118,21,72,73,90,ok
train/7-45/75.jpg,7,45,112,112,106,156,148,147,270,ok
train/7-45/76.jpg,7,45,112,112,66,106,70,151,0,ok
train/7-45/77.jpg,7,45,112,112,150,114,-1,-1,180,ok;no_hour
train/7-45/78.jpg,7,45,112,112,155,116,154,71,180,ok
train/7-45/8.jpg,7,45,112,112,213,118,154,71,180,ok
train/7-45/80.jpg,7,45,112,112,65,105,69,152,0,ok
train/7-45/81.jpg,7,45,112,112,155,115,154,72,180,ok
train/7-45/82.jpg,7,45,112,112,106,146,152,154,270,ok
train/7-45/83.jpg,7,45,112,112,69,152,-1,-1,0,warn:rot_err=42.9;no_hour
train/7-45/84.jpg,7,45,112,112,79,105,69,152,0,ok
train/7-45/85.jpg,7,45,112,112,50,105,69,152,0,ok
train/7-45/86.jpg,7,45,112,112,194,117,154,71,180,ok
train/7-45/87.jpg,7,45,112,112,67,106,69,152,0,ok
train/7-45/88.jpg,7,45,112,112,104,213,151,152,270,ok
train/7-45/89.jpg,7,45,112,112,105,183,151,153,270,ok
train/7-45/9.jpg,7,45,112,112,105,184,151,151,270,ok
train/7-45/91.jpg,7,45,112,112,65,105,54,163,0,ok
train/7-45/93.jpg,7,45,112,112,69,152,-1,-1,0,warn:rot_err=42.9;no_hour
train/7-45/94.jpg,7,45,112,112,-1,-1,-1,-1,-1,fail:no_candidates
train/7-45/95.jpg,7,45,112,112,200,117,152,72,180,ok
train/7-45/96.jpg,7,45,112,112,64,105,69,152,0,ok
train/7-45/97.jpg,7,45,112,112,68,106,69,152,0,ok
train/7-50/1.jpg,7,50,112,112,51,70,69,150,0,ok
train/7-50/10.jpg,7,50,112,112,26,56,61,140,0,ok
train/7-50/11.jpg,7,50,112,112,22,67,-1,-1,0,ok;no_hour
train/7-50/12.jpg,7,50,112,112,144,66,82,61,90,ok
train/7-50/13.jpg,7,50,112,112,61,189,139,162,270,ok
train/7-50/14.jpg,7,50,112,112,60,156,-1,-1,270,ok;no_hour
train/7-50/15.jpg,7,50,112,112,42,64,60,141,0,ok
train/7-50/16.jpg,7,50,112,112,32,59,-1,-1,0,ok;no_hour
train/7-50/17.jpg,7,50,112,112,45,67,-1,-1,0,ok;no_hour
train/7-50/18.jpg,7,50,112,112,24,68,65,154,0,ok
train/7-50/19.jpg,7,50,112,112,69,149,-1,-1,270,ok;no_hour
train/7-50/20.jpg,7,50,112,112,162,34,83,61,90,ok
train/7-50/21.jpg,7,50,112,112,18,65,68,150,0,ok
train/7-50/24.jpg,7,50,112,112,25,55,67,150,0,ok
train/7-50/25.jpg,7,50,112,112,-1,-1,-1,-1,-1,fail:no_candidates
train/7-50/26.jpg,7,50,112,112,56,197,140,162,270,ok
train/7-50/27.jpg,7,50,112,112,60,188,150,154,270,ok
train/7-50/28.jpg,7,50,112,112,71,193,139,162,270,ok
train/7-50/29.jpg,7,50,112,112,24,54,56,143,0,ok
train/7-50/3.jpg,7,50,112,112,153,184,-1,-1,180,warn:rot_err=30.3;no_hour
train/7-50/30.jpg,7,50,112,112,153,49,83,61,90,ok
train/7-50/31.jpg,7,50,112,112,168,151,162,83,180,ok
train/7-50/33.jpg,7,50,112,112,32,59,61,140,0,ok
train/7-50/36.jpg,7,50,112,112,-1,-1,-1,-1,-1,fail:no_candidates
train/7-50/38.jpg,7,50,112,112,36,62,67,150,0,ok
train/7-50/4.jpg,7,50,112,112,167,26,82,61,90,ok
train/7-50/40.jpg,7,50,112,112,71,193,142,165,270,ok
train/7-50/41.jpg,7,50,112,112,161,36,-1,-1,90,ok;no_hour
train/7-50/42.jpg,7,50,112,112,23,54,61,140,0,ok
train/7-50/43.jpg,7,50,112,112,23,54,-1,-1,0,ok;no_hour
train/7-50/44.jpg,7,50,112,112,54,201,139,162,270,ok
train/7-50/45.jpg,7,50,112,112,35,61,61,140,0,ok
train/7-50/46.jpg,7,50,112,112,188,161,154,73,180,ok
train/7-50/47.jpg,7,50,112,112,67,200,140,162,270,ok
train/7-50/48.jpg,7,50,112,112,70,170,137,162,270,ok
train/7-50/5.jpg,7,50,112,112,173,153,154,73,180,ok
train/7-50/50.jpg,7,50,112,112,160,39,69,38,90,ok
train/7-50/51.jpg,7,50,112,112,37,62,-1,-1,0,ok;no_hour
train/7-50/52.jpg,7,50,112,112,39,63,71,149,0,ok
train/7-50/55.jpg,7,50,112,112,19,62,69,147,0,ok
train/7-50/56.jpg,7,50,112,112,67,200,140,162,270,ok
train/7-50/57.jpg,7,50,112,112,200,168,170,61,180,ok
train/7-50/58.jpg,7,50,112,112,-1,-1,-1,-1,-1,fail:no_candidates
train/7-50/59.jpg,7,50,112,112,132,87,87,90,90,ok
train/7-50/6.jpg,7,50,112,112,160,36,74,68,90,ok
train/7-50/60.jpg,7,50,112,112,26,56,67,150,0,ok
train/7-50/62.jpg,7,50,112,112,70,195,140,162,270,ok
train/7-50/65.jpg,7,50,112,112,142,136,-1,-1,180,ok;no_hour
train/7-50/66.jpg,7,50,112,112,167,150,162,83,180,ok
train/7-50/67.jpg,7,50,112,112,23,54,71,149,0,ok
train/7-50/68.jpg,7,50,112,112,30,59,56,143,0,ok
train/7-50/69.jpg,7,50,112,112,62,76,71,149,0,ok
train/7-50/7.jpg,7,50,112,112,36,61,62,139,0,ok
train/7-50/70.jpg,7,50,112,112,29,58,61,140,0,ok
train/7-50/71.jpg,7,50,112,112,52,71,61,140,0,ok
train/7-50/72.jpg,7,50,112,112,161,36,83,61,90,ok
train/7-50/73.jpg,7,50,112,112,37,62,71,149,0,ok
train/7-50/75.jpg,7,50,112,112,171,139,155,73,180,ok
train/7-50/76.jpg,7,50,112,112,160,37,83,61,90,ok
train/7-50/77.jpg,7,50,112,112,189,162,-1,-1,180,ok;no_hour
train/7-50/78.jpg,7,50,112,112,186,160,162,83,180,ok
train/7-50/79.jpg,7,50,112,112,64,78,84,141,0,ok
train/7-50/80.jpg,7,50,112,112,38,62,61,139,0,ok
train/7-50/82.jpg,7,50,112,112,56,197,140,162,270,ok
train/7-50/83.jpg,7,50,112,112,199,155,152,74,180,ok
train/7-50/84.jpg,7,50,112,112,36,61,61,140,0,ok
train/7-50/85.jpg,7,50,112,112,37,62,71,149,0,ok
train/7-50/86.jpg,7,50,112,112,49,69,61,140,0,ok
train/7-50/87.jpg,7,50,112,112,167,26,82,61,90,ok
train/7-50/88.jpg,7,50,112,112,58,74,67,150,0,ok
train/7-50/89.jpg,7,50,112,112,170,151,162,83,180,ok
train/7-50/90.jpg,7,50,112,112,-1,-1,-1,-1,-1,fail:no_candidates
train/7-50/91.jpg,7,50,112,112,40,63,62,156,0,ok
train/7-50/92.jpg,7,50,112,112,187,161,162,83,180,ok
train/7-50/93.jpg,7,50,112,112,59,191,140,162,270,ok
train/7-50/94.jpg,7,50,112,112,-1,-1,-1,-1,-1,fail:no_candidates
train/7-50/95.jpg,7,50,112,112,44,66,-1,-1,0,ok;no_hour
train/7-50/97.jpg,7,50,112,112,24,54,69,150,0,ok
train/7-50/98.jpg,7,50,112,112,55,73,67,150,0,ok
train/7-50/99.jpg,7,50,112,112,55,72,69,150,0,ok
train/7-55/0.jpg,7,55,112,112,168,199,161,88,180,ok
train/7-55/1.jpg,7,55,112,112,86,59,-1,-1,0,ok;no_hour
train/7-55/11.jpg,7,55,112,112,-1,-1,-1,-1,-1,fail:no_candidates
train/7-55/12.jpg,7,55,112,112,180,75,-1,-1,90,ok;no_hour
train/7-55/13.jpg,7,55,112,112,73,39,-1,-1,0,ok;no_hour
train/7-55/14.jpg,7,55,112,112,158,72,-1,-1,90,ok;no_hour
train/7-55/15.jpg,7,55,112,112,54,151,148,157,270,ok
train/7-55/17.jpg,7,55,112,112,77,39,66,148,0,ok
train/7-55/18.jpg,7,55,112,112,61,35,62,150,0,ok
train/7-55/2.jpg,7,55,112,112,188,74,75,67,90,ok
train/7-55/20.jpg,7,55,112,112,72,32,68,147,0,ok
train/7-55/21.jpg,7,55,112,112,79,43,67,148,0,ok
train/7-55/22.jpg,7,55,112,112,184,155,-1,-1,180,warn:rot_err=29.2;no_hour
train/7-55/23.jpg,7,55,112,112,63,39,-1,-1,0,ok;no_hour
train/7-55/24.jpg,7,55,112,112,164,85,-1,-1,90,ok;no_hour
train/7-55/25.jpg,7,55,112,112,-1,-1,-1,-1,-1,fail:no_candidates
train/7-55/26.jpg,7,55,112,112,67,44,68,147,0,ok
train/7-55/27.jpg,7,55,112,112,74,32,65,150,0,ok
train/7-55/29.jpg,7,55,112,112,163,205,-1,-1,180,ok;no_hour
train/7-55/3.jpg,7,55,112,112,64,145,140,172,270,ok
train/7-55/31.jpg,7,55,112,112,163,86,-1,-1,90,ok;no_hour
train/7-55/33.jpg,7,55,112,112,71,29,67,148,0,ok
train/7-55/34.jpg,7,55,112,112,56,26,66,148,0,ok
train/7-55/35.jpg,7,55,112,112,81,203,-1,-1,270,warn:rot_err=41.2;no_hour
train/7-55/36.jpg,7,55,112,112,-1,-1,-1,-1,-1,fail:no_candidates
train/7-55/38.jpg,7,55,112,112,31,152,136,162,270,ok
train/7-55/39.jpg,7,55,112,112,-1,-1,-1,-1,-1,fail:no_candidates
train/7-55/4.jpg,7,55,112,112,190,73,75,66,90,ok
train/7-55/40.jpg,7,55,112,112,166,87,68,56,90,ok
train/7-55/41.jpg,7,55,112,112,71,30,-1,-1,0,ok;no_hour
train/7-55/42.jpg,7,55,112,112,164,85,-1,-1,90,ok;no_hour
train/7-55/43.jpg,7,55,112,112,78,42,77,142,0,ok
train/7-55/45.jpg,7,55,112,112,67,23,66,148,0,ok
train/7-55/46.jpg,7,55,112,112,71,30,68,147,0,ok
train/7-55/47.jpg,7,55,112,112,39,160,148,156,270,ok
train/7-55/48.jpg,7,55,112,112,168,85,-1,-1,90,ok;no_hour
train/7-55/49.jpg,7,55,112,112,164,85,-1,-1,90,ok;no_hour
train/7-55/5.jpg,7,55,112,112,78,42,66,148,0,ok
train/7-55/51.jpg,7,55,112,112,36,161,138,164,270,ok
train/7-55/52.jpg,7,55,112,112,193,71,86,59,90,ok
train/7-55/53.jpg,7,55,112,112,50,142,-1,-1,270,ok;no_hour
train/7-55/55.jpg,7,55,112,112,-1,-1,-1,-1,-1,fail:no_candidates
train/7-55/56.jpg,7,55,112,112,164,85,-1,-1,90,ok;no_hour
train/7-55/57.jpg,7,55,112,112,65,17,60,152,0,ok
train/7-55/58.jpg,7,55,112,112,63,18,59,138,0,ok
train/7-55/6.jpg,7,55,112,112,-1,-1,-1,-1,-1,fail:no_candidates
train/7-55/60.jpg,7,55,112,112,163,86,-1,-1,90,ok;no_hour
train/7-55/61.jpg,7,55,112,112,179,80,75,67,90,ok
train/7-55/63.jpg,7,55,112,112,71,30,66,148,0,ok
train/7-55/64.jpg,7,55,112,112,72,31,59,138,0,ok
train/7-55/65.jpg,7,55,112,112,83,87,-1,-1,0,ok;no_hour
train/7-55/66.jpg,7,55,112,112,138,164,-1,-1,180,ok;no_hour
train/7-55/69.jpg,7,55,112,112,54,151,148,157,270,ok
train/7-55/70.jpg,7,55,112,112,20,158,137,163,270,ok
train/7-55/71.jpg,7,55,112,112,-1,-1,-1,-1,-1,fail:no_candidates
train/7-55/73.jpg,7,55,112,112,193,71,84,56,90,ok
train/7-55/74.jpg,7,55,112,112,195,56,86,59,90,ok
train/7-55/75.jpg,7,55,112,112,39,160,138,164,270,ok
train/7-55/76.jpg,7,55,112,112,71,31,68,147,0,ok
train/7-55/77.jpg,7,55,112,112,151,191,-1,-1,180,ok;no_hour
train/7-55/78.jpg,7,55,112,112,70,30,59,138,0,ok
train/7-55/79.jpg,7,55,112,112,78,64,65,132,0,ok
train/7-55/8.jpg,7,55,112,112,152,193,164,86,180,ok
train/7-55/80.jpg,7,55,112,112,138,164,-1,-1,180,ok;no_hour
train/7-55/81.jpg,7,55,112,112,-1,-1,-1,-1,-1,fail:no_candidates
train/7-55/82.jpg,7,55,112,112,73,33,59,138,0,ok
train/7-55/83.jpg,7,55,112,112,170,201,157,74,180,ok
train/7-55/85.jpg,7,55,112,112,39,160,148,156,270,ok
train/7-55/87.jpg,7,55,112,112,69,25,66,148,0,ok
train/7-55/88.jpg,7,55,112,112,51,153,137,163,270,ok
train/7-55/89.jpg,7,55,112,112,170,201,163,86,180,ok
train/7-55/9.jpg,7,55,112,112,161,188,164,86,180,ok
train/7-55/90.jpg,7,55,112,112,70,31,67,146,0,ok
train/7-55/91.jpg,7,55,112,112,42,146,-1,-1,270,ok;no_hour
train/7-55/92.jpg,7,55,112,112,161,188,163,86,180,ok
train/7-55/93.jpg,7,55,112,112,196,70,75,66,90,ok
train/7-55/94.jpg,7,55,112,112,192,71,85,59,90,ok
train/7-55/95.jpg,7,55,112,112,23,169,138,164,270,ok
train/7-55/97.jpg,7,55,112,112,201,67,75,67,90,ok
train/7-55/99.jpg,7,55,112,112,175,83,69,56,90,ok
train/8-00/0.jpg,8,0,112,112,195,117,77,64,90,ok
train/8-00/1.jpg,8,0,112,112,118,65,66,145,0,ok
train/8-00/11.jpg,8,0,112,112,-1,-1,-1,-1,-1,fail:no_candidates
train/8-00/12.jpg,8,0,112,112,169,117,77,63,90,ok
train/8-00/13.jpg,8,0,112,112,172,117,82,74,90,ok
train/8-00/14.jpg,8,0,112,112,183,161,-1,-1,90,warn:rot_err=34.6;no_hour
train/8-00/15.jpg,8,0,112,112,117,46,66,145,0,ok
train/8-00/16.jpg,8,0,112,112,117,35,68,144,0,ok
train/8-00/17.jpg,8,0,112,112,33,116,-1,-1,270,ok;no_hour
train/8-00/18.jpg,8,0,112,112,199,105,71,54,90,ok
train/8-00/19.jpg,8,0,112,112,6,116,144,156,270,ok
train/8-00/2.jpg,8,0,112,112,27,116,-1,-1,270,ok;no_hour
train/8-00/20.jpg,8,0,112,112,117,29,58,136,0,ok
train/8-00/21.jpg,8,0,112,112,118,40,66,145,0,ok
train/8-00/23.jpg,8,0,112,112,116,173,-1,-1,180,ok;no_hour
train/8-00/24.jpg,8,0,112,112,117,35,67,144,0,ok
train/8-00/25.jpg,8,0,112,112,176,116,79,65,90,ok
train/8-00/26.jpg,8,0,112,112,116,209,165,88,180,ok
train/8-00/28.jpg,8,0,112,112,116,189,165,88,180,ok
train/8-00/3.jpg,8,0,112,112,172,105,79,41,90,ok
train/8-00/30.jpg,8,0,112,112,20,116,144,156,270,ok
train/8-00/31.jpg,8,0,112,112,176,117,86,81,90,ok
train/8-00/32.jpg,8,0,112,112,177,117,82,74,90,ok
train/8-00/33.jpg,8,0,112,112,118,39,65,145,0,ok
train/8-00/34.jpg,8,0,112,112,194,117,78,66,90,ok
train/8-00/36.jpg,8,0,112,112,117,20,65,144,0,ok
train/8-00/37.jpg,8,0,112,112,117,49,68,144,0,ok
train/8-00/38.jpg,8,0,112,112,202,117,78,63,90,ok
train/8-00/39.jpg,8,0,112,112,-1,-1,-1,-1,-1,fail:no_candidates
train/8-00/4.jpg,8,0,112,112,117,31,68,144,0,ok
train/8-00/41.jpg,8,0,112,112,104,200,192,72,180,ok
train/8-00/42.jpg,8,0,112,112,106,16,68,144,0,ok
train/8-00/44.jpg,8,0,112,112,118,27,57,136,0,ok
train/8-00/45.jpg,8,0,112,112,117,27,68,144,0,ok
train/8-00/46.jpg,8,0,112,112,39,116,-1,-1,270,ok;no_hour
train/8-00/48.jpg,8,0,112,112,118,48,53,136,0,ok
train/8-00/49.jpg,8,0,112,112,55,116,-1,-1,270,ok;no_hour
train/8-00/5.jpg,8,0,112,112,118,36,66,145,0,ok
train/8-00/50.jpg,8,0,112,112,118,55,39,160,0,ok
train/8-00/51.jpg,8,0,112,112,203,117,91,90,90,ok
train/8-00/52.jpg,8,0,112,112,117,45,65,145,0,ok
train/8-00/53.jpg,8,0,112,112,118,89,57,136,0,ok
train/8-00/54.jpg,8,0,112,112,78,76,-1,-1,0,warn:rot_err=43.4;no_hour
train/8-00/55.jpg,8,0,112,112,109,10,73,138,0,ok
train/8-00/56.jpg,8,0,112,112,117,33,72,142,0,ok
train/8-00/57.jpg,8,0,112,112,116,153,170,85,180,ok
train/8-00/58.jpg,8,0,112,112,105,192,160,77,180,ok
train/8-00/59.jpg,8,0,112,112,141,117,89,87,90,ok
train/8-00/60.jpg,8,0,112,112,117,36,70,143,0,ok
train/8-00/62.jpg,8,0,112,112,33,116,-1,-1,270,ok;no_hour
train/8-00/63.jpg,8,0,112,112,190,117,77,64,90,ok
train/8-00/64.jpg,8,0,112,112,117,26,70,143,0,ok
train/8-00/65.jpg,8,0,112,112,87,140,-1,-1,180,warn:rot_err=41.8;no_hour
train/8-00/67.jpg,8,0,112,112,117,20,68,144,0,ok
train/8-00/68.jpg,8,0,112,112,195,117,68,25,90,ok
train/8-00/7.jpg,8,0,112,112,106,47,68,144,0,ok
train/8-00/72.jpg,8,0,112,112,117,31,70,143,0,ok
train/8-00/74.jpg,8,0,112,112,118,50,-1,-1,0,ok;no_hour
train/8-00/75.jpg,8,0,112,112,106,22,58,135,0,ok
train/8-00/76.jpg,8,0,112,112,116,191,165,88,180,ok
train/8-00/77.jpg,8,0,112,112,113,56,-1,-1,0,ok;no_hour
train/8-00/78.jpg,8,0,112,112,117,21,65,144,0,ok
train/8-00/79.jpg,8,0,112,112,53,105,134,165,270,ok
train/8-00/8.jpg,8,0,112,112,117,7,68,144,0,ok
train/8-00/80.jpg,8,0,112,112,118,35,65,145,0,ok
train/8-00/81.jpg,8,0,112,112,-1,-1,-1,-1,-1,fail:no_candidates
train/8-00/82.jpg,8,0,112,112,117,31,68,144,0,ok
train/8-00/83.jpg,8,0,112,112,105,11,66,145,0,ok
train/8-00/85.jpg,8,0,112,112,117,55,52,153,0,ok
train/8-00/86.jpg,8,0,112,112,117,34,68,144,0,ok
train/8-00/87.jpg,8,0,112,112,117,35,67,144,0,ok
train/8-00/88.jpg,8,0,112,112,117,47,63,145,0,ok
train/8-00/89.jpg,8,0,112,112,117,53,64,145,0,ok
train/8-00/9.jpg,8,0,112,112,117,47,68,144,0,ok
train/8-00/90.jpg,8,0,112,112,117,21,66,144,0,ok
train/8-00/91.jpg,8,0,112,112,118,55,41,159,0,ok
train/8-00/94.jpg,8,0,112,112,106,15,65,144,0,ok
train/8-00/95.jpg,8,0,112,112,27,116,-1,-1,270,ok;no_hour
train/8-00/97.jpg,8,0,112,112,117,27,66,145,0,ok
train/8-00/99.jpg,8,0,112,112,44,117,145,157,270,ok
train/8-05/0.jpg,8,5,112,112,65,204,166,90,180,ok
train/8-05/1.jpg,8,5,112,112,50,69,143,159,270,ok
train/8-05/11.jpg,8,5,112,112,-1,-1,-1,-1,-1,fail:no_candidates
train/8-05/12.jpg,8,5,112,112,54,201,166,90,180,ok
train/8-05/14.jpg,8,5,112,112,39,64,-1,-1,270,ok;no_hour
train/8-05/15.jpg,8,5,112,112,152,52,64,143,0,ok
train/8-05/17.jpg,8,5,112,112,168,25,64,143,0,ok
train/8-05/19.jpg,8,5,112,112,188,161,80,64,90,ok
train/8-05/2.jpg,8,5,112,112,187,161,79,62,90,ok
train/8-05/21.jpg,8,5,112,112,27,70,143,159,270,ok
train/8-05/22.jpg,8,5,112,112,45,73,-1,-1,270,ok;no_hour
train/8-05/23.jpg,8,5,112,112,163,35,-1,-1,0,ok;no_hour
train/8-05/24.jpg,8,5,112,112,161,36,64,143,0,ok
train/8-05/25.jpg,8,5,112,112,148,57,67,141,0,ok
train/8-05/27.jpg,8,5,112,112,70,196,160,95,180,ok
train/8-05/28.jpg,8,5,112,112,34,61,143,159,270,ok
train/8-05/29.jpg,8,5,112,112,168,25,38,157,0,ok
train/8-05/3.jpg,8,5,112,112,41,157,-1,-1,180,warn:rot_err=27.6;no_hour
train/8-05/30.jpg,8,5,112,112,161,36,62,143,0,ok
train/8-05/32.jpg,8,5,112,112,201,170,79,62,90,ok
train/8-05/33.jpg,8,5,112,112,161,36,64,143,0,ok
train/8-05/35.jpg,8,5,112,112,84,155,134,88,180,ok
train/8-05/36.jpg,8,5,112,112,205,160,80,62,90,ok
train/8-05/37.jpg,8,5,112,112,69,198,166,90,180,ok
train/8-05/38.jpg,8,5,112,112,73,190,161,80,180,ok
train/8-05/39.jpg,8,5,112,112,-1,-1,-1,-1,-1,fail:no_candidates
train/8-05/4.jpg,8,5,112,112,161,35,64,143,0,ok
train/8-05/40.jpg,8,5,112,112,186,161,77,58,90,ok
train/8-05/41.jpg,8,5,112,112,161,37,26,155,0,ok
train/8-05/42.jpg,8,5,112,112,164,33,66,142,0,ok
train/8-05/43.jpg,8,5,112,112,-1,-1,-1,-1,-1,fail:no_candidates
train/8-05/44.jpg,8,5,112,112,163,34,65,143,0,ok
train/8-05/45.jpg,8,5,112,112,165,30,67,142,0,ok
train/8-05/46.jpg,8,5,112,112,161,36,67,142,0,ok
train/8-05/47.jpg,8,5,112,112,163,33,64,143,0,ok
train/8-05/48.jpg,8,5,112,112,72,192,165,92,180,ok
train/8-05/49.jpg,8,5,112,112,31,72,132,165,270,ok
train/8-05/5.jpg,8,5,112,112,152,52,65,143,0,ok
train/8-05/51.jpg,8,5,112,112,73,190,165,91,180,ok
train/8-05/52.jpg,8,5,112,112,71,193,166,90,180,ok
train/8-05/53.jpg,8,5,112,112,24,54,146,166,270,ok
train/8-05/55.jpg,8,5,112,112,-1,-1,-1,-1,-1,fail:no_candidates
train/8-05/56.jpg,8,5,112,112,157,23,67,142,0,ok
train/8-05/57.jpg,8,5,112,112,164,149,76,56,90,ok
train/8-05/59.jpg,8,5,112,112,88,91,-1,-1,270,ok;no_hour
train/8-05/6.jpg,8,5,112,112,-1,-1,-1,-1,-1,fail:no_candidates
train/8-05/61.jpg,8,5,112,112,32,59,132,165,270,ok
train/8-05/62.jpg,8,5,112,112,161,36,64,143,0,ok
train/8-05/65.jpg,8,5,112,112,31,72,132,165,270,ok
train/8-05/67.jpg,8,5,112,112,30,71,143,160,270,ok
train/8-05/68.jpg,8,5,112,112,192,165,76,58,90,ok
train/8-05/7.jpg,8,5,112,112,161,35,64,143,0,ok
train/8-05/70.jpg,8,5,112,112,160,38,86,170,0,ok
train/8-05/71.jpg,8,5,112,112,-1,-1,-1,-1,-1,fail:no_candidates
train/8-05/73.jpg,8,5,112,112,34,61,146,164,270,ok
train/8-05/74.jpg,8,5,112,112,151,31,65,143,0,ok
train/8-05/75.jpg,8,5,112,112,30,71,132,165,270,ok
train/8-05/76.jpg,8,5,112,112,36,62,142,158,270,ok
train/8-05/77.jpg,8,5,112,112,71,109,-1,-1,270,warn:rot_err=25.8;no_hour
train/8-05/78.jpg,8,5,112,112,160,36,64,142,0,ok
train/8-05/79.jpg,8,5,112,112,145,65,60,131,0,ok
train/8-05/8.jpg,8,5,112,112,22,67,143,159,270,ok
train/8-05/81.jpg,8,5,112,112,159,37,-1,-1,0,ok;no_hour
train/8-05/82.jpg,8,5,112,112,161,36,64,143,0,ok
train/8-05/83.jpg,8,5,112,112,151,54,64,143,0,ok
train/8-05/85.jpg,8,5,112,112,161,35,60,146,0,ok
train/8-05/86.jpg,8,5,112,112,161,36,67,142,0,ok
train/8-05/87.jpg,8,5,112,112,161,36,67,142,0,ok
train/8-05/88.jpg,8,5,112,112,38,76,142,157,270,ok
train/8-05/89.jpg,8,5,112,112,196,154,80,64,90,ok
train/8-05/9.jpg,8,5,112,112,151,54,67,142,0,ok
train/8-05/90.jpg,8,5,112,112,-1,-1,-1,-1,-1,fail:no_candidates
train/8-05/92.jpg,8,5,112,112,152,31,64,143,0,ok
train/8-05/93.jpg,8,5,112,112,162,34,64,143,0,ok
train/8-05/94.jpg,8,5,112,112,160,36,64,142,0,ok
train/8-05/95.jpg,8,5,112,112,159,18,64,143,0,ok
train/8-05/96.jpg,8,5,112,112,152,30,64,143,0,ok
train/8-05/97.jpg,8,5,112,112,24,68,143,159,270,ok
train/8-05/98.jpg,8,5,112,112,156,21,64,143,0,ok
train/8-05/99.jpg,8,5,112,112,169,26,59,132,0,ok
train/8-10/0.jpg,8,10,112,112,167,197,-1,-1,90,ok;no_hour
train/8-10/1.jpg,8,10,112,112,179,80,57,129,0,ok
train/8-10/10.jpg,8,10,112,112,81,62,148,186,270,ok
train/8-10/11.jpg,8,10,112,112,201,55,-1,-1,0,ok;no_hour
train/8-10/13.jpg,8,10,112,112,71,40,138,169,270,ok
train/8-10/14.jpg,8,10,112,112,64,131,191,84,180,ok
train/8-10/15.jpg,8,10,112,112,63,141,176,81,180,ok
train/8-10/16.jpg,8,10,112,112,141,161,78,42,90,ok
train/8-10/17.jpg,8,10,112,112,184,76,59,128,0,ok
train/8-10/18.jpg,8,10,112,112,57,145,164,88,180,ok
train/8-10/19.jpg,8,10,112,112,192,72,56,131,0,ok
train/8-10/2.jpg,8,10,112,112,81,61,152,193,270,ok
train/8-10/21.jpg,8,10,112,112,161,81,43,144,0,ok
train/8-10/23.jpg,8,10,112,112,186,62,-1,-1,0,ok;no_hour
train/8-10/24.jpg,8,10,112,112,181,78,58,129,0,ok
train/8-10/25.jpg,8,10,112,112,65,140,174,82,180,ok
train/8-10/26.jpg,8,10,112,112,71,138,181,78,180,ok
train/8-10/27.jpg,8,10,112,112,164,189,93,55,90,ok
train/8-10/28.jpg,8,10,112,112,30,165,167,93,180,ok
train/8-10/29.jpg,8,10,112,112,-1,-1,-1,-1,-1,fail:no_candidates
train/8-10/3.jpg,8,10,112,112,145,159,85,53,90,ok
train/8-10/30.jpg,8,10,112,112,190,73,56,131,0,ok
train/8-10/32.jpg,8,10,112,112,63,141,171,84,180,ok
train/8-10/35.jpg,8,10,112,112,138,160,25,78,90,ok
train/8-10/36.jpg,8,10,112,112,-1,-1,-1,-1,-1,fail:no_candidates
train/8-10/37.jpg,8,10,112,112,63,141,171,84,180,ok
train/8-10/38.jpg,8,10,112,112,161,188,93,57,90,ok
train/8-10/39.jpg,8,10,112,112,-1,-1,-1,-1,-1,fail:no_candidates
train/8-10/40.jpg,8,10,112,112,60,143,189,61,180,ok
train/8-10/41.jpg,8,10,112,112,71,30,131,168,270,ok
train/8-10/42.jpg,8,10,112,112,63,141,169,85,180,ok
train/8-10/43.jpg,8,10,112,112,-1,-1,-1,-1,-1,fail:no_candidates
train/8-10/45.jpg,8,10,112,112,194,58,58,129,0,ok
train/8-10/46.jpg,8,10,112,112,39,160,167,93,180,ok
train/8-10/47.jpg,8,10,112,112,65,141,199,68,180,ok
train/8-10/48.jpg,8,10,112,112,61,144,169,86,180,ok
train/8-10/49.jpg,8,10,112,112,63,141,200,66,180,ok
train/8-10/5.jpg,8,10,112,112,64,141,181,78,180,ok
train/8-10/50.jpg,8,10,112,112,53,146,167,87,180,ok
train/8-10/51.jpg,8,10,112,112,30,153,165,94,180,ok
train/8-10/52.jpg,8,10,112,112,141,159,71,30,90,ok
train/8-10/53.jpg,8,10,112,112,55,145,172,84,180,ok
train/8-10/55.jpg,8,10,112,112,62,20,138,158,270,ok
train/8-10/56.jpg,8,10,112,112,195,70,58,129,0,ok
train/8-10/57.jpg,8,10,112,112,57,144,178,80,180,ok
train/8-10/58.jpg,8,10,112,112,-1,-1,-1,-1,-1,fail:no_candidates
train/8-10/59.jpg,8,10,112,112,140,102,81,118,0,ok
train/8-10/6.jpg,8,10,112,112,161,82,31,152,0,ok
train/8-10/60.jpg,8,10,112,112,200,55,59,128,0,ok
train/8-10/61.jpg,8,10,112,112,68,24,128,164,270,ok
train/8-10/62.jpg,8,10,112,112,64,141,183,77,180,ok
train/8-10/63.jpg,8,10,112,112,63,141,179,79,180,ok
train/8-10/65.jpg,8,10,112,112,177,106,-1,-1,0,ok;no_hour
train/8-10/66.jpg,8,10,112,112,81,62,141,175,270,ok
train/8-10/67.jpg,8,10,112,112,168,199,-1,-1,90,ok;no_hour
train/8-10/68.jpg,8,10,112,112,57,144,199,67,180,ok
train/8-10/7.jpg,8,10,112,112,69,36,137,168,270,ok
train/8-10/71.jpg,8,10,112,112,63,141,181,78,180,ok
train/8-10/73.jpg,8,10,112,112,58,144,192,72,180,ok
train/8-10/74.jpg,8,10,112,112,36,161,167,93,180,ok
train/8-10/75.jpg,8,10,112,112,63,141,181,78,180,ok
train/8-10/76.jpg,8,10,112,112,160,82,30,153,0,ok
train/8-10/78.jpg,8,10,112,112,36,161,166,93,180,ok
train/8-10/79.jpg,8,10,112,112,66,144,165,94,180,ok
train/8-10/80.jpg,8,10,112,112,24,169,160,81,180,ok
train/8-10/81.jpg,8,10,112,112,141,159,71,31,90,ok
train/8-10/82.jpg,8,10,112,112,57,29,-1,-1,270,ok;no_hour
train/8-10/83.jpg,8,10,112,112,64,141,176,81,180,ok
train/8-10/85.jpg,8,10,112,112,59,144,193,71,180,ok
train/8-10/86.jpg,8,10,112,112,160,81,29,152,0,ok
train/8-10/87.jpg,8,10,112,112,63,141,181,78,180,ok
train/8-10/88.jpg,8,10,112,112,67,140,177,81,180,ok
train/8-10/91.jpg,8,10,112,112,54,145,166,87,180,ok
train/8-10/92.jpg,8,10,112,112,155,197,92,56,90,ok
train/8-10/93.jpg,8,10,112,112,64,141,184,76,180,ok
train/8-10/94.jpg,8,10,112,112,-1,-1,-1,-1,-1,fail:no_candidates
train/8-10/95.jpg,8,10,112,112,64,141,192,72,180,ok
train/8-10/96.jpg,8,10,112,112,82,47,-1,-1,270,ok;no_hour
train/8-10/98.jpg,8,10,112,112,63,141,178,67,180,ok
train/8-10/99.jpg,8,10,112,112,63,141,176,81,180,ok
train/8-15/0.jpg,8,15,112,112,34,116,167,95,180,ok
train/8-15/1.jpg,8,15,112,112,118,54,128,168,270,ok
train/8-15/10.jpg,8,15,112,112,208,117,62,139,0,ok
train/8-15/11.jpg,8,15,112,112,6,117,-1,-1,180,ok;no_hour
train/8-15/12.jpg,8,15,112,112,42,116,166,96,180,ok
train/8-15/13.jpg,8,15,112,112,116,180,80,55,90,ok
train/8-15/14.jpg,8,15,112,112,56,126,-1,-1,180,ok;no_hour
train/8-15/15.jpg,8,15,112,112,202,106,60,139,0,ok
train/8-15/17.jpg,8,15,112,112,201,106,60,139,0,ok
train/8-15/18.jpg,8,15,112,112,116,167,84,65,90,ok
train/8-15/19.jpg,8,15,112,112,117,6,128,167,270,ok
train/8-15/20.jpg,8,15,112,112,14,116,-1,-1,180,ok;no_hour
train/8-15/24.jpg,8,15,112,112,193,117,63,139,0,ok
train/8-15/25.jpg,8,15,112,112,-1,-1,-1,-1,-1,fail:no_candidates
train/8-15/26.jpg,8,15,112,112,193,117,61,139,0,ok
train/8-15/27.jpg,8,15,112,112,118,66,128,168,270,ok
train/8-15/29.jpg,8,15,112,112,116,172,95,55,90,ok
train/8-15/3.jpg,8,15,112,112,21,104,182,89,180,ok
train/8-15/30.jpg,8,15,112,112,203,117,61,139,0,ok
train/8-15/31.jpg,8,15,112,112,106,30,139,161,270,ok
train/8-15/32.jpg,8,15,112,112,195,106,55,128,0,ok
train/8-15/33.jpg,8,15,112,112,117,193,95,55,90,ok
train/8-15/34.jpg,8,15,112,112,214,106,62,139,0,ok
train/8-15/35.jpg,8,15,112,112,40,83,-1,-1,180,ok;no_hour
train/8-15/36.jpg,8,15,112,112,-1,-1,-1,-1,-1,fail:no_candidates
train/8-15/37.jpg,8,15,112,112,116,188,83,60,90,ok
train/8-15/38.jpg,8,15,112,112,117,21,128,167,270,ok
train/8-15/4.jpg,8,15,112,112,211,117,61,139,0,ok
train/8-15/40.jpg,8,15,112,112,172,106,58,141,0,ok
train/8-15/41.jpg,8,15,112,112,-1,-1,-1,-1,-1,fail:no_candidates
train/8-15/42.jpg,8,15,112,112,106,20,139,160,270,ok
train/8-15/43.jpg,8,15,112,112,171,108,-1,-1,0,ok;no_hour
train/8-15/45.jpg,8,15,112,112,209,106,62,139,0,ok
train/8-15/46.jpg,8,15,112,112,186,117,60,139,0,ok
train/8-15/48.jpg,8,15,112,112,177,118,35,134,0,ok
train/8-15/49.jpg,8,15,112,112,55,116,166,96,180,ok
train/8-15/5.jpg,8,15,112,112,118,36,128,168,270,ok
train/8-15/52.jpg,8,15,112,112,44,116,168,95,180,ok
train/8-15/53.jpg,8,15,112,112,118,75,128,168,270,ok
train/8-15/54.jpg,8,15,112,112,-1,-1,-1,-1,-1,fail:no_candidates
train/8-15/55.jpg,8,15,112,112,-1,-1,-1,-1,-1,fail:no_candidates
train/8-15/56.jpg,8,15,112,112,7,116,167,95,180,ok
train/8-15/57.jpg,8,15,112,112,155,106,55,142,0,ok
train/8-15/58.jpg,8,15,112,112,201,117,61,139,0,ok
train/8-15/59.jpg,8,15,112,112,116,141,106,81,90,ok
train/8-15/6.jpg,8,15,112,112,176,117,63,138,0,ok
train/8-15/60.jpg,8,15,112,112,117,8,139,162,270,ok
train/8-15/61.jpg,8,15,112,112,14,116,168,95,180,ok
train/8-15/63.jpg,8,15,112,112,30,117,168,95,180,ok
train/8-15/64.jpg,8,15,112,112,217,117,61,139,0,ok
train/8-15/66.jpg,8,15,112,112,203,106,61,139,0,ok
train/8-15/67.jpg,8,15,112,112,202,106,62,139,0,ok
train/8-15/68.jpg,8,15,112,112,210,117,-1,-1,0,ok;no_hour
train/8-15/69.jpg,8,15,112,112,185,117,63,139,0,ok
train/8-15/71.jpg,8,15,112,112,-1,-1,-1,-1,-1,fail:no_candidates
train/8-15/72.jpg,8,15,112,112,203,117,63,139,0,ok
train/8-15/74.jpg,8,15,112,112,199,105,-1,-1,0,ok;no_hour
train/8-15/75.jpg,8,15,112,112,212,117,56,128,0,ok
train/8-15/76.jpg,8,15,112,112,117,20,-1,-1,270,ok;no_hour
train/8-15/77.jpg,8,15,112,112,116,52,136,159,270,ok
train/8-15/78.jpg,8,15,112,112,20,116,166,96,180,ok
train/8-15/79.jpg,8,15,112,112,116,166,96,55,90,ok
train/8-15/8.jpg,8,15,112,112,8,116,168,95,180,ok
train/8-15/81.jpg,8,15,112,112,139,107,56,129,0,ok
train/8-15/82.jpg,8,15,112,112,106,15,139,160,270,ok
train/8-15/83.jpg,8,15,112,112,199,105,64,139,0,ok
train/8-15/84.jpg,8,15,112,112,186,118,62,139,0,ok
train/8-15/85.jpg,8,15,112,112,116,174,82,59,90,ok
train/8-15/86.jpg,8,15,112,112,194,117,60,139,0,ok
train/8-15/88.jpg,8,15,112,112,116,195,-1,-1,90,ok;no_hour
train/8-15/89.jpg,8,15,112,112,39,116,167,95,180,ok
train/8-15/9.jpg,8,15,112,112,116,185,83,60,90,ok
train/8-15/90.jpg,8,15,112,112,200,107,60,127,0,ok
train/8-15/91.jpg,8,15,112,112,201,105,56,127,0,ok
train/8-15/93.jpg,8,15,112,112,39,116,167,95,180,ok
train/8-15/94.jpg,8,15,112,112,-1,-1,-1,-1,-1,fail:no_candidates
train/8-15/95.jpg,8,15,112,112,24,116,166,96,180,ok
train/8-15/96.jpg,8,15,112,112,117,188,95,55,90,ok
train/8-15/98.jpg,8,15,112,112,116,195,83,61,90,ok
train/8-15/99.jpg,8,15,112,112,41,117,168,95,180,ok
train/8-20/0.jpg,8,20,112,112,190,162,55,126,0,ok
train/8-20/1.jpg,8,20,112,112,79,182,97,54,90,ok
train/8-20/11.jpg,8,20,112,112,198,153,-1,-1,0,ok;no_hour
train/8-20/12.jpg,8,20,112,112,18,64,167,98,180,ok
train/8-20/13.jpg,8,20,112,112,71,193,98,55,90,ok
train/8-20/14.jpg,8,20,112,112,87,165,-1,-1,90,ok;no_hour
train/8-20/15.jpg,8,20,112,112,191,151,62,137,0,ok
train/8-20/16.jpg,8,20,112,112,69,196,98,56,90,ok
train/8-20/17.jpg,8,20,112,112,34,74,167,98,180,ok
train/8-20/19.jpg,8,20,112,112,71,193,-1,-1,90,ok;no_hour
train/8-20/2.jpg,8,20,112,112,202,157,61,137,0,ok
train/8-20/21.jpg,8,20,112,112,70,195,98,55,90,ok
train/8-20/23.jpg,8,20,112,112,164,148,-1,-1,0,ok;no_hour
train/8-20/24.jpg,8,20,112,112,70,195,98,56,90,ok
train/8-20/26.jpg,8,20,112,112,195,165,59,137,0,ok
train/8-20/28.jpg,8,20,112,112,35,61,169,97,180,ok
train/8-20/29.jpg,8,20,112,112,-1,-1,-1,-1,-1,fail:no_candidates
train/8-20/3.jpg,8,20,112,112,61,186,-1,-1,90,ok;no_hour
train/8-20/30.jpg,8,20,112,112,188,161,60,137,0,ok
train/8-20/31.jpg,8,20,112,112,164,33,137,162,270,ok
train/8-20/33.jpg,8,20,112,112,187,161,55,125,0,ok
train/8-20/34.jpg,8,20,112,112,66,202,97,55,90,ok
train/8-20/35.jpg,8,20,112,112,138,68,81,188,270,ok
train/8-20/36.jpg,8,20,112,112,-1,-1,-1,-1,-1,fail:no_candidates
train/8-20/37.jpg,8,20,112,112,42,78,167,98,180,ok
train/8-20/39.jpg,8,20,112,112,-1,-1,-1,-1,-1,fail:no_candidates
train/8-20/4.jpg,8,20,112,112,75,186,97,55,90,ok
train/8-20/40.jpg,8,20,112,112,160,146,54,127,0,ok
train/8-20/41.jpg,8,20,112,112,62,185,-1,-1,90,ok;no_hour
train/8-20/42.jpg,8,20,112,112,150,57,137,162,270,ok
train/8-20/43.jpg,8,20,112,112,167,24,126,168,270,ok
train/8-20/45.jpg,8,20,112,112,69,195,98,56,90,ok
train/8-20/46.jpg,8,20,112,112,161,36,125,168,270,ok
train/8-20/47.jpg,8,20,112,112,23,68,163,85,180,ok
train/8-20/5.jpg,8,20,112,112,174,154,55,125,0,ok
train/8-20/51.jpg,8,20,112,112,188,161,55,126,0,ok
train/8-20/52.jpg,8,20,112,112,47,82,169,97,180,ok
train/8-20/53.jpg,8,20,112,112,54,71,169,97,180,ok
train/8-20/54.jpg,8,20,112,112,85,73,-1,-1,180,warn:rot_err=25.3;no_hour
train/8-20/55.jpg,8,20,112,112,-1,-1,-1,-1,-1,fail:no_candidates
train/8-20/56.jpg,8,20,112,112,160,38,137,162,270,ok
train/8-20/58.jpg,8,20,112,112,192,152,55,126,0,ok
train/8-20/59.jpg,8,20,112,112,136,133,-1,-1,0,ok;no_hour
train/8-20/6.jpg,8,20,112,112,188,161,63,136,0,ok
train/8-20/60.jpg,8,20,112,112,57,197,98,56,90,ok
train/8-20/61.jpg,8,20,112,112,67,201,98,55,90,ok
train/8-20/64.jpg,8,20,112,112,188,161,61,137,0,ok
train/8-20/65.jpg,8,20,112,112,87,81,-1,-1,180,ok;no_hour
train/8-20/66.jpg,8,20,112,112,175,154,61,137,0,ok
train/8-20/67.jpg,8,20,112,112,30,71,169,97,180,ok
train/8-20/69.jpg,8,20,112,112,177,156,54,126,0,ok
train/8-20/7.jpg,8,20,112,112,191,151,62,137,0,ok
train/8-20/71.jpg,8,20,112,112,37,76,163,85,180,ok
train/8-20/73.jpg,8,20,112,112,160,146,56,139,0,ok
train/8-20/74.jpg,8,20,112,112,71,193,98,55,90,ok
train/8-20/75.jpg,8,20,112,112,31,59,167,98,180,ok
train/8-20/76.jpg,8,20,112,112,160,37,-1,-1,270,ok;no_hour
train/8-20/77.jpg,8,20,112,112,175,152,61,135,0,ok
train/8-20/78.jpg,8,20,112,112,35,62,168,97,180,ok
train/8-20/79.jpg,8,20,112,112,163,135,59,124,0,ok
train/8-20/80.jpg,8,20,112,112,23,54,169,97,180,ok
train/8-20/81.jpg,8,20,112,112,-1,-1,-1,-1,-1,fail:no_candidates
train/8-20/83.jpg,8,20,112,112,191,150,63,137,0,ok
train/8-20/84.jpg,8,20,112,112,192,151,55,125,0,ok
train/8-20/85.jpg,8,20,112,112,187,161,60,138,0,ok
train/8-20/86.jpg,8,20,112,112,71,193,97,55,90,ok
train/8-20/87.jpg,8,20,112,112,27,70,168,97,180,ok
train/8-20/88.jpg,8,20,112,112,77,183,98,56,90,ok
train/8-20/89.jpg,8,20,112,112,187,161,61,137,0,ok
train/8-20/9.jpg,8,20,112,112,153,51,126,169,270,ok
train/8-20/90.jpg,8,20,112,112,195,164,70,121,0,ok
train/8-20/91.jpg,8,20,112,112,164,148,41,146,0,ok
train/8-20/92.jpg,8,20,112,112,70,193,97,55,90,ok
train/8-20/93.jpg,8,20,112,112,71,192,98,56,90,ok
train/8-20/94.jpg,8,20,112,112,-1,-1,-1,-1,-1,fail:no_candidates
train/8-20/95.jpg,8,20,112,112,66,202,97,55,90,ok
train/8-20/96.jpg,8,20,112,112,44,79,169,97,180,ok
train/8-20/97.jpg,8,20,112,112,198,155,61,137,0,ok
train/8-20/98.jpg,8,20,112,112,178,156,62,137,0,ok
train/8-20/99.jpg,8,20,112,112,169,151,61,137,0,ok
train/8-25/1.jpg,8,25,112,112,155,174,56,121,0,ok
train/8-25/10.jpg,8,25,112,112,155,197,61,134,0,ok
train/8-25/11.jpg,8,25,112,112,-1,-1,-1,-1,-1,fail:no_candidates
train/8-25/12.jpg,8,25,112,112,191,72,-1,-1,270,ok;no_hour
train/8-25/13.jpg,8,25,112,112,152,193,61,134,0,ok
train/8-25/14.jpg,8,25,112,112,53,138,-1,-1,90,ok;no_hour
train/8-25/15.jpg,8,25,112,112,194,70,134,163,270,ok
train/8-25/16.jpg,8,25,112,112,164,193,59,134,0,ok
train/8-25/17.jpg,8,25,112,112,150,190,59,134,0,ok
train/8-25/18.jpg,8,25,112,112,193,71,134,160,270,ok
train/8-25/19.jpg,8,25,112,112,188,62,123,169,270,ok
train/8-25/2.jpg,8,25,112,112,167,198,59,134,0,ok
train/8-25/21.jpg,8,25,112,112,206,63,134,165,270,ok
train/8-25/22.jpg,8,25,112,112,158,186,86,157,0,ok
train/8-25/23.jpg,8,25,112,112,166,196,-1,-1,0,ok;no_hour
train/8-25/24.jpg,8,25,112,112,188,61,134,162,270,ok
train/8-25/26.jpg,8,25,112,112,164,193,58,134,0,ok
train/8-25/27.jpg,8,25,112,112,186,61,118,159,270,ok
train/8-25/29.jpg,8,25,112,112,24,168,101,55,90,ok
train/8-25/30.jpg,8,25,112,112,187,62,123,169,270,ok
train/8-25/31.jpg,8,25,112,112,150,190,61,134,0,ok
train/8-25/33.jpg,8,25,112,112,154,195,57,121,0,ok
train/8-25/34.jpg,8,25,112,112,39,160,88,58,90,ok
train/8-25/35.jpg,8,25,112,112,65,119,-1,-1,90,ok;no_hour
train/8-25/36.jpg,8,25,112,112,-1,-1,-1,-1,-1,fail:no_candidates
train/8-25/37.jpg,8,25,112,112,55,150,88,58,90,ok
train/8-25/38.jpg,8,25,112,112,160,185,60,134,0,ok
train/8-25/39.jpg,8,25,112,112,-1,-1,-1,-1,-1,fail:no_candidates
train/8-25/4.jpg,8,25,112,112,157,180,59,134,0,ok
train/8-25/40.jpg,8,25,112,112,161,187,56,135,0,ok
train/8-25/41.jpg,8,25,112,112,152,193,-1,-1,0,ok;no_hour
train/8-25/42.jpg,8,25,112,112,155,198,61,134,0,ok
train/8-25/43.jpg,8,25,112,112,-1,-1,-1,-1,-1,fail:no_candidates
train/8-25/44.jpg,8,25,112,112,167,198,59,120,0,ok
train/8-25/45.jpg,8,25,112,112,160,185,60,134,0,ok
train/8-25/47.jpg,8,25,112,112,56,27,166,88,180,ok
train/8-25/49.jpg,8,25,112,112,161,188,59,134,0,ok
train/8-25/5.jpg,8,25,112,112,156,201,-1,-1,0,ok;no_hour
train/8-25/50.jpg,8,25,112,112,170,85,136,171,270,ok
train/8-25/52.jpg,8,25,112,112,23,170,100,54,90,ok
train/8-25/53.jpg,8,25,112,112,153,172,55,122,0,ok
train/8-25/54.jpg,8,25,112,112,158,187,-1,-1,0,ok;no_hour
train/8-25/55.jpg,8,25,112,112,-1,-1,-1,-1,-1,fail:no_candidates
train/8-25/57.jpg,8,25,112,112,159,183,61,134,0,ok
train/8-25/58.jpg,8,25,112,112,-1,-1,-1,-1,-1,fail:no_candidates
train/8-25/59.jpg,8,25,112,112,133,136,-1,-1,0,ok;no_hour
train/8-25/6.jpg,8,25,112,112,160,185,62,133,0,ok
train/8-25/61.jpg,8,25,112,112,161,188,57,121,0,ok
train/8-25/62.jpg,8,25,112,112,154,175,61,134,0,ok
train/8-25/63.jpg,8,25,112,112,161,188,-1,-1,0,ok;no_hour
train/8-25/64.jpg,8,25,112,112,198,55,-1,-1,270,ok;no_hour
train/8-25/65.jpg,8,25,112,112,116,175,-1,-1,0,warn:rot_err=26.4;no_hour
train/8-25/66.jpg,8,25,112,112,151,169,59,134,0,ok
train/8-25/68.jpg,8,25,112,112,155,198,-1,-1,0,ok;no_hour
train/8-25/69.jpg,8,25,112,112,149,166,57,121,0,ok
train/8-25/7.jpg,8,25,112,112,161,187,60,134,0,ok
train/8-25/70.jpg,8,25,112,112,40,145,-1,-1,90,ok;no_hour
train/8-25/71.jpg,8,25,112,112,-1,-1,-1,-1,-1,fail:no_candidates
train/8-25/72.jpg,8,25,112,112,191,72,134,162,270,ok
train/8-25/73.jpg,8,25,112,112,161,187,62,134,0,ok
train/8-25/74.jpg,8,25,112,112,161,185,-1,-1,0,ok;no_hour
train/8-25/76.jpg,8,25,112,112,188,62,122,167,270,ok
train/8-25/77.jpg,8,25,112,112,158,186,58,132,0,ok
train/8-25/79.jpg,8,25,112,112,87,56,166,102,180,ok
train/8-25/80.jpg,8,25,112,112,180,79,134,164,270,ok
train/8-25/81.jpg,8,25,112,112,-1,-1,-1,-1,-1,fail:no_candidates
train/8-25/82.jpg,8,25,112,112,164,193,58,134,0,ok
train/8-25/85.jpg,8,25,112,112,152,193,48,138,0,ok
train/8-25/86.jpg,8,25,112,112,162,190,60,134,0,ok
train/8-25/87.jpg,8,25,112,112,147,184,60,134,0,ok
train/8-25/88.jpg,8,25,112,112,71,53,169,100,180,ok
train/8-25/89.jpg,8,25,112,112,62,36,169,100,180,ok
train/8-25/90.jpg,8,25,112,112,39,159,100,55,90,ok
train/8-25/91.jpg,8,25,112,112,145,158,-1,-1,0,ok;no_hour
train/8-25/93.jpg,8,25,112,112,62,36,169,100,180,ok
train/8-25/94.jpg,8,25,112,112,187,62,123,169,270,ok
train/8-25/95.jpg,8,25,112,112,158,182,60,134,0,ok
train/8-25/96.jpg,8,25,112,112,193,71,134,163,270,ok
train/8-25/97.jpg,8,25,112,112,58,29,165,88,180,ok
train/8-25/98.jpg,8,25,112,112,147,184,59,134,0,ok
train/8-30/0.jpg,8,30,112,112,54,120,-1,-1,90,ok;no_hour
train/8-30/1.jpg,8,30,112,112,55,119,-1,-1,90,ok;no_hour
train/8-30/10.jpg,8,30,112,112,116,210,54,120,0,ok
train/8-30/11.jpg,8,30,112,112,-1,-1,-1,-1,-1,fail:no_candidates
train/8-30/12.jpg,8,30,112,112,105,175,60,132,0,ok
train/8-30/15.jpg,8,30,112,112,169,103,-1,-1,270,ok;no_hour
train/8-30/17.jpg,8,30,112,112,116,196,56,119,0,ok
train/8-30/18.jpg,8,30,112,112,117,169,51,120,0,ok
train/8-30/19.jpg,8,30,112,112,117,157,59,132,0,ok
train/8-30/2.jpg,8,30,112,112,120,169,-1,-1,0,ok;no_hour
train/8-30/20.jpg,8,30,112,112,106,9,169,103,180,ok
train/8-30/21.jpg,8,30,112,112,67,118,90,56,90,ok
train/8-30/22.jpg,8,30,112,112,107,199,64,186,0,ok
train/8-30/24.jpg,8,30,112,112,105,196,58,132,0,ok
train/8-30/25.jpg,8,30,112,112,-1,-1,-1,-1,-1,fail:no_candidates
train/8-30/27.jpg,8,30,112,112,106,64,-1,-1,180,ok;no_hour
train/8-30/28.jpg,8,30,112,112,119,167,-1,-1,0,ok;no_hour
train/8-30/29.jpg,8,30,112,112,106,7,170,102,180,ok
train/8-30/3.jpg,8,30,112,112,18,102,103,53,90,ok
train/8-30/30.jpg,8,30,112,112,66,117,102,53,90,ok
train/8-30/31.jpg,8,30,112,112,180,118,-1,-1,270,ok;no_hour
train/8-30/32.jpg,8,30,112,112,117,180,57,133,0,ok
train/8-30/33.jpg,8,30,112,112,117,190,56,119,0,ok
train/8-30/35.jpg,8,30,112,112,143,106,175,150,270,ok
train/8-30/36.jpg,8,30,112,112,-1,-1,-1,-1,-1,fail:no_candidates
train/8-30/37.jpg,8,30,112,112,166,104,-1,-1,270,ok;no_hour
train/8-30/38.jpg,8,30,112,112,23,105,102,53,90,ok
train/8-30/39.jpg,8,30,112,112,-1,-1,-1,-1,-1,fail:no_candidates
train/8-30/40.jpg,8,30,112,112,116,193,56,134,0,ok
train/8-30/41.jpg,8,30,112,112,104,175,-1,-1,0,ok;no_hour
train/8-30/43.jpg,8,30,112,112,-1,-1,-1,-1,-1,fail:no_candidates
train/8-30/44.jpg,8,30,112,112,104,216,54,120,0,ok
train/8-30/46.jpg,8,30,112,112,116,189,54,120,0,ok
train/8-30/47.jpg,8,30,112,112,116,213,56,119,0,ok
train/8-30/48.jpg,8,30,112,112,53,120,-1,-1,90,ok;no_hour
train/8-30/49.jpg,8,30,112,112,65,117,101,51,90,ok
train/8-30/5.jpg,8,30,112,112,56,119,-1,-1,90,ok;no_hour
train/8-30/50.jpg,8,30,112,112,67,118,104,56,90,ok
train/8-30/51.jpg,8,30,112,112,117,158,56,119,0,ok
train/8-30/52.jpg,8,30,112,112,54,120,-1,-1,90,ok;no_hour
train/8-30/53.jpg,8,30,112,112,56,119,-1,-1,90,ok;no_hour
train/8-30/54.jpg,8,30,112,112,107,157,-1,-1,0,ok;no_hour
train/8-30/55.jpg,8,30,112,112,-1,-1,-1,-1,-1,fail:no_candidates
train/8-30/56.jpg,8,30,112,112,116,216,56,119,0,ok
train/8-30/57.jpg,8,30,112,112,169,103,-1,-1,270,ok;no_hour
train/8-30/58.jpg,8,30,112,112,-1,-1,-1,-1,-1,fail:no_candidates
train/8-30/60.jpg,8,30,112,112,102,53,-1,-1,180,ok;no_hour
train/8-30/61.jpg,8,30,112,112,106,33,169,103,180,ok
train/8-30/62.jpg,8,30,112,112,174,117,120,169,270,ok
train/8-30/63.jpg,8,30,112,112,56,119,-1,-1,90,ok;no_hour
train/8-30/64.jpg,8,30,112,112,116,203,56,119,0,ok
train/8-30/65.jpg,8,30,112,112,83,87,-1,-1,90,warn:rot_err=40.8;no_hour
train/8-30/67.jpg,8,30,112,112,117,158,56,119,0,ok
train/8-30/69.jpg,8,30,112,112,117,180,57,133,0,ok
train/8-30/7.jpg,8,30,112,112,65,117,101,52,90,ok
train/8-30/70.jpg,8,30,112,112,-1,-1,-1,-1,-1,fail:no_candidates
train/8-30/71.jpg,8,30,112,112,102,53,-1,-1,180,ok;no_hour
train/8-30/73.jpg,8,30,112,112,65,117,103,54,90,ok
train/8-30/74.jpg,8,30,112,112,202,105,120,170,270,ok
train/8-30/75.jpg,8,30,112,112,106,37,169,103,180,ok
train/8-30/78.jpg,8,30,112,112,105,200,56,132,0,ok
train/8-30/79.jpg,8,30,112,112,116,167,54,119,0,ok
train/8-30/80.jpg,8,30,112,112,104,56,-1,-1,180,ok;no_hour
train/8-30/81.jpg,8,30,112,112,-1,-1,-1,-1,-1,fail:no_candidates
train/8-30/82.jpg,8,30,112,112,105,208,56,119,0,ok
train/8-30/83.jpg,8,30,112,112,200,105,133,166,270,ok
train/8-30/85.jpg,8,30,112,112,117,159,54,120,0,ok
train/8-30/86.jpg,8,30,112,112,117,158,54,120,0,ok
train/8-30/87.jpg,8,30,112,112,119,167,-1,-1,0,ok;no_hour
train/8-30/88.jpg,8,30,112,112,65,117,102,53,90,ok
train/8-30/89.jpg,8,30,112,112,105,184,55,120,0,ok
train/8-30/9.jpg,8,30,112,112,72,117,102,53,90,ok
train/8-30/90.jpg,8,30,112,112,-1,-1,-1,-1,-1,fail:no_candidates
train/8-30/91.jpg,8,30,112,112,54,117,104,56,90,ok
train/8-30/92.jpg,8,30,112,112,102,53,-1,-1,180,ok;no_hour
train/8-30/93.jpg,8,30,112,112,103,54,-1,-1,180,ok;no_hour
train/8-30/94.jpg,8,30,112,112,-1,-1,-1,-1,-1,fail:no_candidates
train/8-30/96.jpg,8,30,112,112,119,167,-1,-1,0,ok;no_hour
train/8-30/97.jpg,8,30,112,112,201,106,120,169,270,ok
train/8-30/98.jpg,8,30,112,112,105,181,59,132,0,ok
train/8-35/0.jpg,8,35,112,112,159,20,169,105,180,ok
train/8-35/10.jpg,8,35,112,112,67,199,56,117,0,ok
train/8-35/11.jpg,8,35,112,112,-1,-1,-1,-1,-1,fail:no_candidates
train/8-35/12.jpg,8,35,112,112,85,170,54,118,0,ok
train/8-35/13.jpg,8,35,112,112,32,73,104,53,90,ok
train/8-35/14.jpg,8,35,112,112,173,140,-1,-1,270,ok;no_hour
train/8-35/16.jpg,8,35,112,112,33,73,-1,-1,90,ok;no_hour
train/8-35/17.jpg,8,35,112,112,63,206,56,117,0,ok
train/8-35/18.jpg,8,35,112,112,78,181,51,118,0,ok
train/8-35/19.jpg,8,35,112,112,71,192,55,118,0,ok
train/8-35/20.jpg,8,35,112,112,33,73,-1,-1,90,ok;no_hour
train/8-35/22.jpg,8,35,112,112,70,191,-1,-1,0,ok;no_hour
train/8-35/23.jpg,8,35,112,112,78,181,75,165,0,ok
train/8-35/24.jpg,8,35,112,112,66,200,56,117,0,ok
train/8-35/26.jpg,8,35,112,112,67,199,57,117,0,ok
train/8-35/27.jpg,8,35,112,112,98,149,62,115,0,ok
train/8-35/28.jpg,8,35,112,112,32,73,105,54,90,ok
train/8-35/29.jpg,8,35,112,112,77,183,-1,-1,0,ok;no_hour
train/8-35/3.jpg,8,35,112,112,71,196,54,116,0,ok
train/8-35/30.jpg,8,35,112,112,153,30,168,105,180,ok
train/8-35/31.jpg,8,35,112,112,74,188,59,116,0,ok
train/8-35/32.jpg,8,35,112,112,71,194,58,116,0,ok
train/8-35/33.jpg,8,35,112,112,69,196,56,117,0,ok
train/8-35/35.jpg,8,35,112,112,173,27,212,91,180,ok
train/8-35/36.jpg,8,35,112,112,-1,-1,-1,-1,-1,fail:no_candidates
train/8-35/37.jpg,8,35,112,112,22,67,-1,-1,90,ok;no_hour
train/8-35/38.jpg,8,35,112,112,105,55,-1,-1,180,warn:rot_err=37.0;no_hour
train/8-35/39.jpg,8,35,112,112,-1,-1,-1,-1,-1,fail:no_candidates
train/8-35/4.jpg,8,35,112,112,156,22,169,105,180,ok
train/8-35/40.jpg,8,35,112,112,79,180,45,120,0,ok
train/8-35/41.jpg,8,35,112,112,61,188,-1,-1,0,ok;no_hour
train/8-35/43.jpg,8,35,112,112,-1,-1,-1,-1,-1,fail:no_candidates
train/8-35/44.jpg,8,35,112,112,193,152,116,165,270,ok
train/8-35/45.jpg,8,35,112,112,118,169,-1,-1,0,warn:rot_err=36.0;no_hour
train/8-35/46.jpg,8,35,112,112,118,169,-1,-1,0,warn:rot_err=36.0;no_hour
train/8-35/47.jpg,8,35,112,112,193,153,-1,-1,270,ok;no_hour
train/8-35/48.jpg,8,35,112,112,86,171,26,123,0,ok
train/8-35/49.jpg,8,35,112,112,81,176,59,116,0,ok
train/8-35/5.jpg,8,35,112,112,78,181,-1,-1,0,ok;no_hour
train/8-35/50.jpg,8,35,112,112,91,159,-1,-1,0,ok;no_hour
train/8-35/51.jpg,8,35,112,112,71,192,56,117,0,ok
train/8-35/52.jpg,8,35,112,112,80,178,56,117,0,ok
train/8-35/54.jpg,8,35,112,112,-1,-1,-1,-1,-1,fail:no_candidates
train/8-35/57.jpg,8,35,112,112,55,86,103,48,90,ok
train/8-35/58.jpg,8,35,112,112,66,202,-1,-1,0,ok;no_hour
train/8-35/59.jpg,8,35,112,112,102,141,-1,-1,0,ok;no_hour
train/8-35/6.jpg,8,35,112,112,-1,-1,-1,-1,-1,fail:no_candidates
train/8-35/60.jpg,8,35,112,112,151,32,169,105,180,ok
train/8-35/61.jpg,8,35,112,112,28,70,105,54,90,ok
train/8-35/64.jpg,8,35,112,112,34,74,-1,-1,90,ok;no_hour
train/8-35/65.jpg,8,35,112,112,141,136,-1,-1,270,ok;no_hour
train/8-35/66.jpg,8,35,112,112,74,188,56,117,0,ok
train/8-35/67.jpg,8,35,112,112,64,205,54,118,0,ok
train/8-35/68.jpg,8,35,112,112,59,191,-1,-1,0,ok;no_hour
train/8-35/69.jpg,8,35,112,112,56,117,-1,-1,90,warn:rot_err=35.1;no_hour
train/8-35/7.jpg,8,35,112,112,152,30,170,104,180,ok
train/8-35/70.jpg,8,35,112,112,69,175,-1,-1,0,ok;no_hour
train/8-35/71.jpg,8,35,112,112,-1,-1,-1,-1,-1,fail:no_candidates
train/8-35/74.jpg,8,35,112,112,82,175,61,115,0,ok
train/8-35/75.jpg,8,35,112,112,85,169,56,117,0,ok
train/8-35/76.jpg,8,35,112,112,153,30,-1,-1,180,ok;no_hour
train/8-35/77.jpg,8,35,112,112,66,112,-1,-1,90,warn:rot_err=30.0;no_hour
train/8-35/79.jpg,8,35,112,112,166,136,117,167,270,ok
train/8-35/80.jpg,8,35,112,112,32,73,105,54,90,ok
train/8-35/81.jpg,8,35,112,112,72,189,55,119,0,ok
train/8-35/82.jpg,8,35,112,112,67,200,56,117,0,ok
train/8-35/83.jpg,8,35,112,112,71,193,54,117,0,ok
train/8-35/84.jpg,8,35,112,112,71,193,54,118,0,ok
train/8-35/85.jpg,8,35,112,112,56,117,-1,-1,90,warn:rot_err=35.1;no_hour
train/8-35/86.jpg,8,35,112,112,56,117,-1,-1,90,warn:rot_err=35.1;no_hour
train/8-35/87.jpg,8,35,112,112,67,199,56,117,0,ok
train/8-35/89.jpg,8,35,112,112,151,32,166,106,180,ok
train/8-35/90.jpg,8,35,112,112,-1,-1,-1,-1,-1,fail:no_candidates
train/8-35/91.jpg,8,35,112,112,63,91,105,54,90,ok
train/8-35/92.jpg,8,35,112,112,165,135,118,169,270,ok
train/8-35/93.jpg,8,35,112,112,71,192,56,117,0,ok
train/8-35/95.jpg,8,35,112,112,63,205,54,118,0,ok
train/8-35/96.jpg,8,35,112,112,193,152,116,165,270,ok
train/8-35/97.jpg,8,35,112,112,79,179,56,117,0,ok
train/8-35/98.jpg,8,35,112,112,30,72,-1,-1,90,ok;no_hour
train/8-40/0.jpg,8,40,112,112,36,161,55,114,0,ok
train/8-40/1.jpg,8,40,112,112,155,175,116,179,270,ok
train/8-40/10.jpg,8,40,112,112,40,160,55,114,0,ok
train/8-40/11.jpg,8,40,112,112,168,198,155,201,270,ok
train/8-40/12.jpg,8,40,112,112,150,166,114,173,270,ok
train/8-40/14.jpg,8,40,112,112,81,72,-1,-1,90,ok;no_hour
train/8-40/17.jpg,8,40,112,112,181,65,170,108,180,ok
train/8-40/18.jpg,8,40,112,112,84,134,36,116,0,ok
train/8-40/19.jpg,8,40,112,112,32,163,-1,-1,0,ok;no_hour
train/8-40/2.jpg,8,40,112,112,191,60,170,108,180,ok
train/8-40/21.jpg,8,40,112,112,157,177,114,168,270,ok
train/8-40/22.jpg,8,40,112,112,153,137,-1,-1,270,warn:rot_err=28.6;no_hour
train/8-40/23.jpg,8,40,112,112,194,56,205,72,180,ok
train/8-40/24.jpg,8,40,112,112,178,67,170,108,180,ok
train/8-40/25.jpg,8,40,112,112,-1,-1,-1,-1,-1,fail:no_candidates
train/8-40/26.jpg,8,40,112,112,44,157,-1,-1,0,ok;no_hour
train/8-40/28.jpg,8,40,112,112,156,176,114,168,270,ok
train/8-40/29.jpg,8,40,112,112,23,168,-1,-1,0,ok;no_hour
train/8-40/3.jpg,8,40,112,112,140,87,171,108,180,ok
train/8-40/30.jpg,8,40,112,112,36,161,-1,-1,0,ok;no_hour
train/8-40/32.jpg,8,40,112,112,91,89,108,53,90,ok
train/8-40/34.jpg,8,40,112,112,190,60,170,108,180,ok
train/8-40/35.jpg,8,40,112,112,73,52,-1,-1,90,ok;no_hour
train/8-40/36.jpg,8,40,112,112,-1,-1,-1,-1,-1,fail:no_candidates
train/8-40/37.jpg,8,40,112,112,57,27,109,57,90,ok
train/8-40/38.jpg,8,40,112,112,161,188,113,158,270,ok
train/8-40/39.jpg,8,40,112,112,-1,-1,-1,-1,-1,fail:no_candidates
train/8-40/4.jpg,8,40,112,112,194,58,170,108,180,ok
train/8-40/40.jpg,8,40,112,112,66,144,49,115,0,ok
train/8-40/42.jpg,8,40,112,112,54,151,56,114,0,ok
train/8-40/43.jpg,8,40,112,112,-1,-1,-1,-1,-1,fail:no_candidates
train/8-40/44.jpg,8,40,112,112,201,54,170,108,180,ok
train/8-40/45.jpg,8,40,112,112,29,166,55,114,0,ok
train/8-40/46.jpg,8,40,112,112,62,37,109,57,90,ok
train/8-40/47.jpg,8,40,112,112,24,168,55,114,0,ok
train/8-40/48.jpg,8,40,112,112,147,159,113,170,270,ok
train/8-40/5.jpg,8,40,112,112,62,37,109,55,90,ok
train/8-40/50.jpg,8,40,112,112,47,155,27,119,0,ok
train/8-40/51.jpg,8,40,112,112,189,61,171,107,180,ok
train/8-40/52.jpg,8,40,112,112,156,175,114,168,270,ok
train/8-40/53.jpg,8,40,112,112,149,164,115,176,270,ok
train/8-40/54.jpg,8,40,112,112,145,147,-1,-1,270,ok;no_hour
train/8-40/55.jpg,8,40,112,112,188,64,168,106,180,ok
train/8-40/57.jpg,8,40,112,112,60,148,47,115,0,ok
train/8-40/58.jpg,8,40,112,112,191,60,-1,-1,180,ok;no_hour
train/8-40/6.jpg,8,40,112,112,188,62,175,108,180,ok
train/8-40/60.jpg,8,40,112,112,56,27,108,53,90,ok
train/8-40/61.jpg,8,40,112,112,34,163,55,114,0,ok
train/8-40/62.jpg,8,40,112,112,179,66,-1,-1,180,ok;no_hour
train/8-40/63.jpg,8,40,112,112,61,35,108,53,90,ok
train/8-40/65.jpg,8,40,112,112,141,136,-1,-1,270,ok;no_hour
train/8-40/66.jpg,8,40,112,112,176,68,170,108,180,ok
train/8-40/67.jpg,8,40,112,112,25,168,55,114,0,ok
train/8-40/69.jpg,8,40,112,112,154,172,114,168,270,ok
train/8-40/7.jpg,8,40,112,112,36,161,55,114,0,ok
train/8-40/70.jpg,8,40,112,112,199,68,186,62,180,ok
train/8-40/73.jpg,8,40,112,112,164,74,181,106,180,ok
train/8-40/75.jpg,8,40,112,112,52,152,55,114,0,ok
train/8-40/76.jpg,8,40,112,112,37,160,-1,-1,0,ok;no_hour
train/8-40/77.jpg,8,40,112,112,38,157,-1,-1,0,ok;no_hour
train/8-40/78.jpg,8,40,112,112,34,161,-1,-1,0,ok;no_hour
train/8-40/79.jpg,8,40,112,112,169,109,-1,-1,180,warn:rot_err=27.0;no_hour
train/8-40/81.jpg,8,40,112,112,168,73,-1,-1,180,ok;no_hour
train/8-40/82.jpg,8,40,112,112,29,164,55,114,0,ok
train/8-40/83.jpg,8,40,112,112,71,53,110,57,90,ok
train/8-40/84.jpg,8,40,112,112,67,47,109,56,90,ok
train/8-40/85.jpg,8,40,112,112,61,147,43,116,0,ok
train/8-40/86.jpg,8,40,112,112,64,42,107,52,90,ok
train/8-40/87.jpg,8,40,112,112,178,67,170,108,180,ok
train/8-40/88.jpg,8,40,112,112,62,37,108,54,90,ok
train/8-40/9.jpg,8,40,112,112,68,143,53,115,0,ok
train/8-40/90.jpg,8,40,112,112,-1,-1,-1,-1,-1,fail:no_candidates
train/8-40/91.jpg,8,40,112,112,49,154,27,119,0,ok
train/8-40/92.jpg,8,40,112,112,52,152,55,114,0,ok
train/8-40/93.jpg,8,40,112,112,161,188,113,164,270,ok
train/8-40/94.jpg,8,40,112,112,62,35,108,56,90,ok
train/8-40/95.jpg,8,40,112,112,187,62,170,108,180,ok
train/8-40/97.jpg,8,40,112,112,55,114,-1,-1,0,warn:rot_err=28.0;no_hour
train/8-40/98.jpg,8,40,112,112,50,153,55,114,0,ok
train/8-40/99.jpg,8,40,112,112,68,143,53,115,0,ok
train/8-45/0.jpg,8,45,112,112,57,125,-1,-1,0,ok;no_hour
train/8-45/10.jpg,8,45,112,112,198,117,167,97,180,ok
train/8-45/12.jpg,8,45,112,112,106,156,125,166,270,ok
train/8-45/14.jpg,8,45,112,112,62,32,-1,-1,90,warn:rot_err=32.0;no_hour
train/8-45/15.jpg,8,45,112,112,67,106,54,125,0,ok
train/8-45/16.jpg,8,45,112,112,106,145,125,169,270,ok
train/8-45/19.jpg,8,45,112,112,105,217,125,167,270,ok
train/8-45/2.jpg,8,45,112,112,10,104,54,125,0,ok
train/8-45/20.jpg,8,45,112,112,105,185,125,165,270,ok
train/8-45/21.jpg,8,45,112,112,30,104,56,126,0,ok
train/8-45/22.jpg,8,45,112,112,32,75,-1,-1,0,ok;no_hour
train/8-45/24.jpg,8,45,112,112,167,97,-1,-1,180,ok;no_hour
train/8-45/25.jpg,8,45,112,112,-1,-1,-1,-1,-1,fail:no_candidates
train/8-45/27.jpg,8,45,112,112,155,117,-1,-1,180,ok;no_hour
train/8-45/28.jpg,8,45,112,112,70,106,54,125,0,ok
train/8-45/29.jpg,8,45,112,112,14,103,56,126,0,ok
train/8-45/3.jpg,8,45,112,112,117,213,126,168,270,ok
train/8-45/30.jpg,8,45,112,112,105,201,125,164,270,ok
train/8-45/31.jpg,8,45,112,112,117,48,97,56,90,ok
train/8-45/32.jpg,8,45,112,112,24,103,59,126,0,ok
train/8-45/33.jpg,8,45,112,112,56,126,-1,-1,0,ok;no_hour
train/8-45/35.jpg,8,45,112,112,164,106,-1,-1,180,ok;no_hour
train/8-45/37.jpg,8,45,112,112,106,156,125,169,270,ok
train/8-45/38.jpg,8,45,112,112,117,21,97,58,90,ok
train/8-45/4.jpg,8,45,112,112,154,116,166,97,180,ok
train/8-45/40.jpg,8,45,112,112,54,125,-1,-1,0,ok;no_hour
train/8-45/41.jpg,8,45,112,112,-1,-1,-1,-1,-1,fail:no_candidates
train/8-45/42.jpg,8,45,112,112,40,104,54,125,0,ok
train/8-45/43.jpg,8,45,112,112,-1,-1,-1,-1,-1,fail:no_candidates
train/8-45/45.jpg,8,45,112,112,67,106,54,125,0,ok
train/8-45/48.jpg,8,45,112,112,34,129,79,105,0,ok
train/8-45/49.jpg,8,45,112,112,22,105,54,125,0,ok
train/8-45/5.jpg,8,45,112,112,104,189,126,165,270,ok
train/8-45/50.jpg,8,45,112,112,56,126,-1,-1,0,ok;no_hour
train/8-45/51.jpg,8,45,112,112,22,105,54,125,0,ok
train/8-45/53.jpg,8,45,112,112,181,119,162,97,180,ok
train/8-45/55.jpg,8,45,112,112,75,108,56,123,0,ok
train/8-45/56.jpg,8,45,112,112,67,106,54,125,0,ok
train/8-45/57.jpg,8,45,112,112,155,98,-1,-1,180,ok;no_hour
train/8-45/58.jpg,8,45,112,112,-1,-1,-1,-1,-1,fail:no_candidates
train/8-45/59.jpg,8,45,112,112,106,144,123,142,270,ok
train/8-45/6.jpg,8,45,112,112,-1,-1,-1,-1,-1,fail:no_candidates
train/8-45/60.jpg,8,45,112,112,77,106,54,125,0,ok
train/8-45/61.jpg,8,45,112,112,213,118,165,96,180,ok
train/8-45/62.jpg,8,45,112,112,166,97,-1,-1,180,ok;no_hour
train/8-45/64.jpg,8,45,112,112,67,106,54,125,0,ok
train/8-45/65.jpg,8,45,112,112,113,47,82,87,90,ok
train/8-45/66.jpg,8,45,112,112,106,156,125,166,270,ok
train/8-45/67.jpg,8,45,112,112,171,117,-1,-1,180,ok;no_hour
train/8-45/68.jpg,8,45,112,112,13,104,-1,-1,0,ok;no_hour
train/8-45/7.jpg,8,45,112,112,106,140,125,165,270,ok
train/8-45/70.jpg,8,45,112,112,13,105,-1,-1,0,ok;no_hour
train/8-45/71.jpg,8,45,112,112,125,169,105,141,270,ok
train/8-45/73.jpg,8,45,112,112,105,201,125,169,270,ok
train/8-45/74.jpg,8,45,112,112,7,104,56,126,0,ok
train/8-45/75.jpg,8,45,112,112,106,156,125,165,270,ok
train/8-45/76.jpg,8,45,112,112,98,54,-1,-1,90,ok;no_hour
train/8-45/77.jpg,8,45,112,112,54,123,-1,-1,0,ok;no_hour
train/8-45/78.jpg,8,45,112,112,105,200,125,164,270,ok
train/8-45/79.jpg,8,45,112,112,217,107,-1,-1,180,ok;no_hour
train/8-45/8.jpg,8,45,112,112,104,212,126,165,270,ok
train/8-45/80.jpg,8,45,112,112,105,148,126,167,270,ok
train/8-45/81.jpg,8,45,112,112,-1,-1,-1,-1,-1,fail:no_candidates
train/8-45/82.jpg,8,45,112,112,77,106,54,125,0,ok
train/8-45/84.jpg,8,45,112,112,105,159,125,167,270,ok
train/8-45/85.jpg,8,45,112,112,68,106,54,125,0,ok
train/8-45/86.jpg,8,45,112,112,117,29,97,56,90,ok
train/8-45/87.jpg,8,45,112,112,105,193,125,168,270,ok
train/8-45/88.jpg,8,45,112,112,67,106,54,125,0,ok
train/8-45/89.jpg,8,45,112,112,56,125,-1,-1,0,ok;no_hour
train/8-45/9.jpg,8,45,112,112,56,125,-1,-1,0,ok;no_hour
train/8-45/90.jpg,8,45,112,112,-1,-1,-1,-1,-1,fail:no_candidates
train/8-45/91.jpg,8,45,112,112,156,117,165,96,180,ok
train/8-45/93.jpg,8,45,112,112,117,35,97,56,90,ok
train/8-45/94.jpg,8,45,112,112,-1,-1,-1,-1,-1,fail:no_candidates
train/8-45/95.jpg,8,45,112,112,116,69,97,56,90,ok
train/8-45/96.jpg,8,45,112,112,157,117,168,97,180,ok
train/8-45/97.jpg,8,45,112,112,157,117,167,97,180,ok
train/8-45/98.jpg,8,45,112,112,77,106,55,125,0,ok
train/8-45/99.jpg,8,45,112,112,65,105,59,126,0,ok
train/8-50/0.jpg,8,50,112,112,190,164,167,100,180,ok
train/8-50/10.jpg,8,50,112,112,56,198,122,168,270,ok
train/8-50/11.jpg,8,50,112,112,22,67,46,67,0,ok
train/8-50/13.jpg,8,50,112,112,161,36,100,56,90,ok
train/8-50/14.jpg,8,50,112,112,23,122,-1,-1,0,warn:rot_err=36.4;no_hour
train/8-50/16.jpg,8,50,112,112,32,59,60,122,0,ok
train/8-50/17.jpg,8,50,112,112,156,45,100,56,90,ok
train/8-50/18.jpg,8,50,112,112,142,70,99,52,90,ok
train/8-50/19.jpg,8,50,112,112,43,66,55,122,0,ok
train/8-50/20.jpg,8,50,112,112,162,34,100,56,90,ok
train/8-50/21.jpg,8,50,112,112,66,178,123,167,270,ok
train/8-50/22.jpg,8,50,112,112,64,186,-1,-1,270,ok;no_hour
train/8-50/23.jpg,8,50,112,112,23,66,34,61,0,ok
train/8-50/24.jpg,8,50,112,112,25,55,57,122,0,ok
train/8-50/25.jpg,8,50,112,112,-1,-1,-1,-1,-1,fail:no_candidates
train/8-50/26.jpg,8,50,112,112,24,56,56,122,0,ok
train/8-50/27.jpg,8,50,112,112,36,61,55,123,0,ok
train/8-50/29.jpg,8,50,112,112,169,23,-1,-1,90,ok;no_hour
train/8-50/3.jpg,8,50,112,112,142,101,-1,-1,90,warn:rot_err=39.9;no_hour
train/8-50/30.jpg,8,50,112,112,40,64,56,122,0,ok
train/8-50/31.jpg,8,50,112,112,27,56,-1,-1,0,ok;no_hour
train/8-50/32.jpg,8,50,112,112,162,148,165,99,180,ok
train/8-50/33.jpg,8,50,112,112,188,163,164,99,180,ok
train/8-50/34.jpg,8,50,112,112,37,62,61,122,0,ok
train/8-50/35.jpg,8,50,112,112,84,154,98,152,270,ok
train/8-50/38.jpg,8,50,112,112,36,62,59,122,0,ok
train/8-50/39.jpg,8,50,112,112,-1,-1,-1,-1,-1,fail:no_candidates
train/8-50/4.jpg,8,50,112,112,56,197,122,169,270,ok
train/8-50/40.jpg,8,50,112,112,188,161,169,101,180,ok
train/8-50/42.jpg,8,50,112,112,24,54,58,122,0,ok
train/8-50/43.jpg,8,50,112,112,23,55,57,122,0,ok
train/8-50/44.jpg,8,50,112,112,23,54,53,122,0,ok
train/8-50/45.jpg,8,50,112,112,192,164,167,100,180,ok
train/8-50/47.jpg,8,50,112,112,173,153,163,100,180,ok
train/8-50/48.jpg,8,50,112,112,152,53,98,32,90,ok
train/8-50/5.jpg,8,50,112,112,176,156,165,99,180,ok
train/8-50/50.jpg,8,50,112,112,39,63,59,123,0,ok
train/8-50/51.jpg,8,50,112,112,62,186,122,169,270,ok
train/8-50/52.jpg,8,50,112,112,37,62,59,122,0,ok
train/8-50/53.jpg,8,50,112,112,62,76,57,123,0,ok
train/8-50/54.jpg,8,50,112,112,86,121,-1,-1,270,warn:rot_err=40.9;no_hour
train/8-50/55.jpg,8,50,112,112,-1,-1,-1,-1,-1,fail:no_candidates
train/8-50/56.jpg,8,50,112,112,49,69,54,122,0,ok
train/8-50/57.jpg,8,50,112,112,48,123,-1,-1,0,warn:rot_err=39.8;no_hour
train/8-50/58.jpg,8,50,112,112,-1,-1,-1,-1,-1,fail:no_candidates
train/8-50/59.jpg,8,50,112,112,39,77,42,64,0,ok
train/8-50/60.jpg,8,50,112,112,26,56,57,122,0,ok
train/8-50/63.jpg,8,50,112,112,34,61,53,122,0,ok
train/8-50/64.jpg,8,50,112,112,38,63,54,122,0,ok
train/8-50/65.jpg,8,50,112,112,141,136,-1,-1,180,ok;no_hour
train/8-50/66.jpg,8,50,112,112,182,159,166,100,180,ok
train/8-50/67.jpg,8,50,112,112,169,23,100,55,90,ok
train/8-50/68.jpg,8,50,112,112,165,30,102,21,90,ok
train/8-50/69.jpg,8,50,112,112,62,76,76,121,0,ok
train/8-50/7.jpg,8,50,112,112,36,61,60,122,0,ok
train/8-50/70.jpg,8,50,112,112,29,58,42,78,0,ok
train/8-50/71.jpg,8,50,112,112,-1,-1,-1,-1,-1,fail:no_candidates
train/8-50/72.jpg,8,50,112,112,36,62,59,122,0,ok
train/8-50/73.jpg,8,50,112,112,184,160,-1,-1,180,ok;no_hour
train/8-50/74.jpg,8,50,112,112,75,164,123,167,270,ok
train/8-50/75.jpg,8,50,112,112,166,100,-1,-1,180,warn:rot_err=42.5;no_hour
train/8-50/76.jpg,8,50,112,112,49,69,55,122,0,ok
train/8-50/77.jpg,8,50,112,112,55,121,-1,-1,0,warn:rot_err=39.0;no_hour
train/8-50/78.jpg,8,50,112,112,35,62,73,121,0,ok
train/8-50/79.jpg,8,50,112,112,159,145,-1,-1,180,ok;no_hour
train/8-50/8.jpg,8,50,112,112,34,60,61,122,0,ok
train/8-50/80.jpg,8,50,112,112,24,54,58,123,0,ok
train/8-50/81.jpg,8,50,112,112,181,158,-1,-1,180,ok;no_hour
train/8-50/82.jpg,8,50,112,112,56,198,122,169,270,ok
train/8-50/83.jpg,8,50,112,112,59,75,54,123,0,ok
train/8-50/85.jpg,8,50,112,112,37,62,55,122,0,ok
train/8-50/86.jpg,8,50,112,112,156,144,167,100,180,ok
train/8-50/88.jpg,8,50,112,112,150,56,100,56,90,ok
train/8-50/9.jpg,8,50,112,112,45,66,59,122,0,ok
train/8-50/91.jpg,8,50,112,112,57,73,56,123,0,ok
train/8-50/92.jpg,8,50,112,112,161,36,100,56,90,ok
train/8-50/93.jpg,8,50,112,112,32,59,58,122,0,ok
train/8-50/95.jpg,8,50,112,112,44,66,-1,-1,0,ok;no_hour
train/8-50/97.jpg,8,50,112,112,23,54,-1,-1,0,ok;no_hour
train/8-50/98.jpg,8,50,112,112,151,55,100,56,90,ok
train/8-55/1.jpg,8,55,112,112,81,46,-1,-1,0,ok;no_hour
train/8-55/10.jpg,8,55,112,112,54,120,-1,-1,270,ok;no_hour
train/8-55/11.jpg,8,55,112,112,42,159,-1,-1,270,ok;no_hour
train/8-55/12.jpg,8,55,112,112,160,185,-1,-1,180,ok;no_hour
train/8-55/13.jpg,8,55,112,112,167,87,103,87,90,ok
train/8-55/14.jpg,8,55,112,112,101,55,-1,-1,0,ok;no_hour
train/8-55/15.jpg,8,55,112,112,76,38,-1,-1,0,ok;no_hour
train/8-55/16.jpg,8,55,112,112,74,34,54,120,0,ok
train/8-55/17.jpg,8,55,112,112,45,157,120,169,270,ok
train/8-55/18.jpg,8,55,112,112,160,91,-1,-1,90,ok;no_hour
train/8-55/19.jpg,8,55,112,112,195,70,102,57,90,ok
train/8-55/21.jpg,8,55,112,112,79,42,56,121,0,ok
train/8-55/22.jpg,8,55,112,112,70,32,-1,-1,0,ok;no_hour
train/8-55/23.jpg,8,55,112,112,62,38,-1,-1,0,ok;no_hour
train/8-55/24.jpg,8,55,112,112,74,35,56,107,0,ok
train/8-55/25.jpg,8,55,112,112,-1,-1,-1,-1,-1,fail:no_candidates
train/8-55/29.jpg,8,55,112,112,18,159,120,168,270,ok
train/8-55/3.jpg,8,55,112,112,170,85,101,54,90,ok
train/8-55/30.jpg,8,55,112,112,32,151,120,168,270,ok
train/8-55/31.jpg,8,55,112,112,78,42,54,120,0,ok
train/8-55/32.jpg,8,55,112,112,85,53,58,121,0,ok
train/8-55/33.jpg,8,55,112,112,71,29,78,120,0,ok
train/8-55/34.jpg,8,55,112,112,75,36,54,120,0,ok
train/8-55/35.jpg,8,55,112,112,84,155,82,199,270,warn:rot_err=26.9
train/8-55/37.jpg,8,55,112,112,142,176,167,102,180,ok
train/8-55/39.jpg,8,55,112,112,-1,-1,-1,-1,-1,fail:no_candidates
train/8-55/4.jpg,8,55,112,112,71,31,54,120,0,ok
train/8-55/40.jpg,8,55,112,112,87,56,21,120,0,ok
train/8-55/41.jpg,8,55,112,112,152,193,216,96,180,ok
train/8-55/42.jpg,8,55,112,112,169,85,102,56,90,ok
train/8-55/43.jpg,8,55,112,112,78,41,53,120,0,ok
train/8-55/44.jpg,8,55,112,112,67,23,-1,-1,0,ok;no_hour
train/8-55/45.jpg,8,55,112,112,200,67,102,56,90,ok
train/8-55/46.jpg,8,55,112,112,71,30,54,120,0,ok
train/8-55/47.jpg,8,55,112,112,179,79,101,59,90,ok
train/8-55/48.jpg,8,55,112,112,78,41,20,123,0,ok
train/8-55/49.jpg,8,55,112,112,68,22,54,120,0,ok
train/8-55/5.jpg,8,55,112,112,144,181,-1,-1,180,ok;no_hour
train/8-55/50.jpg,8,55,112,112,87,56,-1,-1,0,ok;no_hour
train/8-55/51.jpg,8,55,112,112,74,34,54,120,0,ok
train/8-55/53.jpg,8,55,112,112,107,157,-1,-1,180,warn:rot_err=36.3;no_hour
train/8-55/55.jpg,8,55,112,112,61,30,58,118,0,ok
train/8-55/56.jpg,8,55,112,112,75,36,72,119,0,ok
train/8-55/58.jpg,8,55,112,112,63,18,55,120,0,ok
train/8-55/59.jpg,8,55,112,112,121,139,-1,-1,180,ok;no_hour
train/8-55/6.jpg,8,55,112,112,-1,-1,-1,-1,-1,fail:no_candidates
train/8-55/60.jpg,8,55,112,112,155,176,-1,-1,180,ok;no_hour
train/8-55/61.jpg,8,55,112,112,196,70,-1,-1,90,ok;no_hour
train/8-55/62.jpg,8,55,112,112,178,80,-1,-1,90,ok;no_hour
train/8-55/63.jpg,8,55,112,112,193,71,-1,-1,90,ok;no_hour
train/8-55/64.jpg,8,55,112,112,72,30,54,120,0,ok
train/8-55/65.jpg,8,55,112,112,95,72,56,107,0,ok
train/8-55/66.jpg,8,55,112,112,82,49,54,120,0,ok
train/8-55/67.jpg,8,55,112,112,65,18,-1,-1,0,ok;no_hour
train/8-55/70.jpg,8,55,112,112,71,31,-1,-1,0,ok;no_hour
train/8-55/71.jpg,8,55,112,112,-1,-1,-1,-1,-1,fail:no_candidates
train/8-55/72.jpg,8,55,112,112,205,64,102,56,90,ok
train/8-55/75.jpg,8,55,112,112,177,81,102,56,90,ok
train/8-55/76.jpg,8,55,112,112,70,30,59,120,0,ok
train/8-55/77.jpg,8,55,112,112,70,30,-1,-1,0,ok;no_hour
train/8-55/78.jpg,8,55,112,112,70,30,55,120,0,ok
train/8-55/79.jpg,8,55,112,112,88,59,55,121,0,ok
train/8-55/8.jpg,8,55,112,112,151,192,167,102,180,ok
train/8-55/81.jpg,8,55,112,112,152,192,154,103,180,ok
train/8-55/82.jpg,8,55,112,112,72,32,54,120,0,ok
train/8-55/83.jpg,8,55,112,112,52,138,121,169,270,ok
train/8-55/84.jpg,8,55,112,112,141,174,164,101,180,ok
train/8-55/85.jpg,8,55,112,112,72,31,-1,-1,0,ok;no_hour
train/8-55/86.jpg,8,55,112,112,147,185,167,102,180,ok
train/8-55/87.jpg,8,55,112,112,36,148,120,169,270,ok
train/8-55/88.jpg,8,55,112,112,82,49,54,120,0,ok
train/8-55/9.jpg,8,55,112,112,72,31,54,120,0,ok
train/8-55/90.jpg,8,55,112,112,-1,-1,-1,-1,-1,fail:no_candidates
train/8-55/91.jpg,8,55,112,112,163,89,-1,-1,90,ok;no_hour
train/8-55/92.jpg,8,55,112,112,54,120,-1,-1,270,ok;no_hour
train/8-55/93.jpg,8,55,112,112,69,26,54,120,0,ok
train/8-55/94.jpg,8,55,112,112,-1,-1,-1,-1,-1,fail:no_candidates
train/8-55/97.jpg,8,55,112,112,149,188,152,103,180,ok
train/8-55/98.jpg,8,55,112,112,141,175,144,103,180,ok
train/8-55/99.jpg,8,55,112,112,50,140,121,167,270,ok
train/9-00/0.jpg,9,0,112,112,117,28,-1,-1,0,ok;no_hour
train/9-00/1.jpg,9,0,112,112,117,159,-1,-1,180,ok;no_hour
train/9-00/11.jpg,9,0,112,112,-1,-1,-1,-1,-1,fail:no_candidates
train/9-00/13.jpg,9,0,112,112,51,116,-1,-1,270,ok;no_hour
train/9-00/14.jpg,9,0,112,112,105,62,57,103,0,ok
train/9-00/15.jpg,9,0,112,112,117,46,83,118,0,ok
train/9-00/16.jpg,9,0,112,112,117,35,56,104,0,ok
train/9-00/17.jpg,9,0,112,112,116,191,-1,-1,180,ok;no_hour
train/9-00/18.jpg,9,0,112,112,117,59,61,117,0,ok
train/9-00/19.jpg,9,0,112,112,106,6,57,104,0,ok
train/9-00/2.jpg,9,0,112,112,117,10,-1,-1,0,ok;no_hour
train/9-00/20.jpg,9,0,112,112,117,29,-1,-1,0,ok;no_hour
train/9-00/21.jpg,9,0,112,112,117,185,167,119,180,ok
train/9-00/22.jpg,9,0,112,112,62,117,76,177,270,ok
train/9-00/23.jpg,9,0,112,112,117,51,-1,-1,0,ok;no_hour
train/9-00/24.jpg,9,0,112,112,117,35,54,117,0,ok
train/9-00/25.jpg,9,0,112,112,115,177,167,106,180,ok
train/9-00/26.jpg,9,0,112,112,117,34,-1,-1,0,ok;no_hour
train/9-00/28.jpg,9,0,112,112,117,34,-1,-1,0,ok;no_hour
train/9-00/29.jpg,9,0,112,112,205,118,-1,-1,90,ok;no_hour
train/9-00/3.jpg,9,0,112,112,104,54,-1,-1,0,ok;no_hour
train/9-00/30.jpg,9,0,112,112,20,116,117,168,270,ok
train/9-00/32.jpg,9,0,112,112,117,46,56,118,0,ok
train/9-00/34.jpg,9,0,112,112,117,29,-1,-1,0,ok;no_hour
train/9-00/35.jpg,9,0,112,112,106,78,15,80,0,ok
train/9-00/36.jpg,9,0,112,112,-1,-1,-1,-1,-1,fail:no_candidates
train/9-00/37.jpg,9,0,112,112,117,49,56,104,0,ok
train/9-00/38.jpg,9,0,112,112,117,21,-1,-1,0,ok;no_hour
train/9-00/39.jpg,9,0,112,112,-1,-1,-1,-1,-1,fail:no_candidates
train/9-00/4.jpg,9,0,112,112,117,31,54,117,0,ok
train/9-00/40.jpg,9,0,112,112,117,56,-1,-1,0,ok;no_hour
train/9-00/41.jpg,9,0,112,112,108,7,-1,-1,0,ok;no_hour
train/9-00/43.jpg,9,0,112,112,-1,-1,-1,-1,-1,fail:no_candidates
train/9-00/44.jpg,9,0,112,112,19,104,-1,-1,270,ok;no_hour
train/9-00/45.jpg,9,0,112,112,117,27,83,118,0,ok
train/9-00/46.jpg,9,0,112,112,117,39,54,117,0,ok
train/9-00/47.jpg,9,0,112,112,118,19,-1,-1,0,ok;no_hour
train/9-00/48.jpg,9,0,112,112,117,172,170,119,180,ok
train/9-00/49.jpg,9,0,112,112,55,116,117,169,270,ok
train/9-00/5.jpg,9,0,112,112,187,118,104,58,90,ok
train/9-00/50.jpg,9,0,112,112,167,118,104,58,90,ok
train/9-00/51.jpg,9,0,112,112,117,20,54,117,0,ok
train/9-00/52.jpg,9,0,112,112,118,9,54,117,0,ok
train/9-00/53.jpg,9,0,112,112,178,105,-1,-1,90,ok;no_hour
train/9-00/55.jpg,9,0,112,112,10,114,116,139,270,ok
train/9-00/56.jpg,9,0,112,112,117,33,83,118,0,ok
train/9-00/57.jpg,9,0,112,112,47,117,-1,-1,270,ok;no_hour
train/9-00/58.jpg,9,0,112,112,-1,-1,-1,-1,-1,fail:no_candidates
train/9-00/59.jpg,9,0,112,112,117,82,79,118,0,ok
train/9-00/6.jpg,9,0,112,112,-1,-1,-1,-1,-1,fail:no_candidates
train/9-00/60.jpg,9,0,112,112,187,117,104,85,90,ok
train/9-00/61.jpg,9,0,112,112,188,117,104,84,90,ok
train/9-00/63.jpg,9,0,112,112,33,116,-1,-1,270,ok;no_hour
train/9-00/64.jpg,9,0,112,112,25,116,117,169,270,ok
train/9-00/65.jpg,9,0,112,112,106,46,-1,-1,0,ok;no_hour
train/9-00/66.jpg,9,0,112,112,117,49,-1,-1,0,ok;no_hour
train/9-00/67.jpg,9,0,112,112,116,203,140,104,180,ok
train/9-00/68.jpg,9,0,112,112,51,116,-1,-1,270,ok;no_hour
train/9-00/69.jpg,9,0,112,112,116,178,165,104,180,ok
train/9-00/70.jpg,9,0,112,112,-1,-1,-1,-1,-1,fail:no_candidates
train/9-00/71.jpg,9,0,112,112,116,191,168,118,180,ok
train/9-00/72.jpg,9,0,112,112,117,31,54,117,0,ok
train/9-00/73.jpg,9,0,112,112,166,117,-1,-1,90,ok;no_hour
train/9-00/74.jpg,9,0,112,112,50,117,-1,-1,270,ok;no_hour
train/9-00/77.jpg,9,0,112,112,83,117,-1,-1,270,ok;no_hour
train/9-00/78.jpg,9,0,112,112,20,116,-1,-1,270,ok;no_hour
train/9-00/79.jpg,9,0,112,112,117,163,-1,-1,180,ok;no_hour
train/9-00/8.jpg,9,0,112,112,117,7,54,117,0,ok
train/9-00/81.jpg,9,0,112,112,54,116,-1,-1,270,ok;no_hour
train/9-00/83.jpg,9,0,112,112,212,105,-1,-1,90,ok;no_hour
train/9-00/85.jpg,9,0,112,112,42,117,-1,-1,270,ok;no_hour
train/9-00/86.jpg,9,0,112,112,117,34,83,118,0,ok
train/9-00/87.jpg,9,0,112,112,188,117,104,85,90,ok
train/9-00/88.jpg,9,0,112,112,176,117,118,55,90,ok
train/9-00/91.jpg,9,0,112,112,28,117,-1,-1,270,ok;no_hour
train/9-00/93.jpg,9,0,112,112,116,188,167,105,180,ok
train/9-00/94.jpg,9,0,112,112,-1,-1,-1,-1,-1,fail:no_candidates
train/9-00/95.jpg,9,0,112,112,117,27,54,117,0,ok
train/9-00/96.jpg,9,0,112,112,117,177,164,104,180,ok
train/9-00/97.jpg,9,0,112,112,117,27,52,116,0,ok
train/9-05/0.jpg,9,5,112,112,188,163,120,54,90,ok
train/9-05/1.jpg,9,5,112,112,170,23,31,115,0,ok
train/9-05/10.jpg,9,5,112,112,161,38,54,115,0,ok
train/9-05/12.jpg,9,5,112,112,168,25,56,102,0,ok
train/9-05/13.jpg,9,5,112,112,31,72,116,149,270,ok
train/9-05/14.jpg,9,5,112,112,172,154,99,23,90,ok
train/9-05/15.jpg,9,5,112,112,153,51,53,115,0,ok
train/9-05/16.jpg,9,5,112,112,67,200,169,120,180,ok
train/9-05/17.jpg,9,5,112,112,198,168,120,54,90,ok
train/9-05/18.jpg,9,5,112,112,153,29,23,116,0,ok
train/9-05/19.jpg,9,5,112,112,161,35,55,115,0,ok
train/9-05/2.jpg,9,5,112,112,161,35,54,115,0,ok
train/9-05/21.jpg,9,5,112,112,155,47,56,116,0,ok
train/9-05/22.jpg,9,5,112,112,92,152,155,117,180,ok
train/9-05/25.jpg,9,5,112,112,-1,-1,-1,-1,-1,fail:no_candidates
train/9-05/26.jpg,9,5,112,112,160,36,55,115,0,ok
train/9-05/27.jpg,9,5,112,112,162,35,57,101,0,ok
train/9-05/28.jpg,9,5,112,112,194,153,120,54,90,ok
train/9-05/29.jpg,9,5,112,112,-1,-1,-1,-1,-1,fail:no_candidates
train/9-05/3.jpg,9,5,112,112,73,192,-1,-1,180,ok;no_hour
train/9-05/30.jpg,9,5,112,112,159,40,55,115,0,ok
train/9-05/31.jpg,9,5,112,112,74,188,169,120,180,ok
train/9-05/33.jpg,9,5,112,112,34,61,102,168,270,ok
train/9-05/34.jpg,9,5,112,112,161,35,54,115,0,ok
train/9-05/36.jpg,9,5,112,112,-1,-1,-1,-1,-1,fail:no_candidates
train/9-05/37.jpg,9,5,112,112,155,24,54,115,0,ok
train/9-05/39.jpg,9,5,112,112,-1,-1,-1,-1,-1,fail:no_candidates
train/9-05/4.jpg,9,5,112,112,188,161,120,54,90,ok
train/9-05/40.jpg,9,5,112,112,188,161,107,50,90,ok
train/9-05/41.jpg,9,5,112,112,186,161,-1,-1,90,ok;no_hour
train/9-05/42.jpg,9,5,112,112,190,162,120,54,90,ok
train/9-05/43.jpg,9,5,112,112,52,114,-1,-1,270,warn:rot_err=31.9;no_hour
train/9-05/44.jpg,9,5,112,112,60,188,166,121,180,ok
train/9-05/47.jpg,9,5,112,112,163,33,57,116,0,ok
train/9-05/48.jpg,9,5,112,112,159,42,52,101,0,ok
train/9-05/49.jpg,9,5,112,112,39,63,114,172,270,ok
train/9-05/5.jpg,9,5,112,112,40,63,115,170,270,ok
train/9-05/50.jpg,9,5,112,112,147,61,48,115,0,ok
train/9-05/51.jpg,9,5,112,112,32,72,102,164,270,ok
train/9-05/52.jpg,9,5,112,112,152,52,54,115,0,ok
train/9-05/53.jpg,9,5,112,112,164,32,71,116,0,ok
train/9-05/55.jpg,9,5,112,112,-1,-1,-1,-1,-1,fail:no_candidates
train/9-05/57.jpg,9,5,112,112,161,36,46,114,0,ok
train/9-05/6.jpg,9,5,112,112,161,35,47,114,0,ok
train/9-05/60.jpg,9,5,112,112,155,47,54,115,0,ok
train/9-05/62.jpg,9,5,112,112,161,35,54,115,0,ok
train/9-05/63.jpg,9,5,112,112,188,161,107,55,90,ok
train/9-05/64.jpg,9,5,112,112,37,62,114,171,270,ok
train/9-05/65.jpg,9,5,112,112,108,150,-1,-1,180,ok;no_hour
train/9-05/66.jpg,9,5,112,112,34,74,102,163,270,ok
train/9-05/68.jpg,9,5,112,112,166,31,47,114,0,ok
train/9-05/69.jpg,9,5,112,112,152,52,56,116,0,ok
train/9-05/7.jpg,9,5,112,112,160,38,54,115,0,ok
train/9-05/71.jpg,9,5,112,112,158,43,52,114,0,ok
train/9-05/73.jpg,9,5,112,112,192,152,120,54,90,ok
train/9-05/74.jpg,9,5,112,112,152,30,56,116,0,ok
train/9-05/75.jpg,9,5,112,112,156,45,54,115,0,ok
train/9-05/76.jpg,9,5,112,112,160,37,55,115,0,ok
train/9-05/77.jpg,9,5,112,112,206,161,121,58,90,ok
train/9-05/78.jpg,9,5,112,112,160,36,55,115,0,ok
train/9-05/79.jpg,9,5,112,112,65,78,103,156,270,ok
train/9-05/80.jpg,9,5,112,112,157,47,56,116,0,ok
train/9-05/81.jpg,9,5,112,112,-1,-1,-1,-1,-1,fail:no_candidates
train/9-05/82.jpg,9,5,112,112,37,62,102,167,270,ok
train/9-05/83.jpg,9,5,112,112,193,152,107,53,90,ok
train/9-05/84.jpg,9,5,112,112,32,73,115,170,270,ok
train/9-05/85.jpg,9,5,112,112,160,39,41,114,0,ok
train/9-05/86.jpg,9,5,112,112,161,35,54,115,0,ok
train/9-05/87.jpg,9,5,112,112,161,36,54,115,0,ok
train/9-05/88.jpg,9,5,112,112,159,19,54,115,0,ok
train/9-05/89.jpg,9,5,112,112,18,63,114,171,270,ok
train/9-05/90.jpg,9,5,112,112,72,190,168,119,180,ok
train/9-05/91.jpg,9,5,112,112,30,71,101,165,270,ok
train/9-05/92.jpg,9,5,112,112,164,32,74,116,0,ok
train/9-05/94.jpg,9,5,112,112,35,62,114,171,270,ok
train/9-05/95.jpg,9,5,112,112,204,158,120,54,90,ok
train/9-05/96.jpg,9,5,112,112,150,56,57,116,0,ok
train/9-05/97.jpg,9,5,112,112,162,34,53,115,0,ok
train/9-05/98.jpg,9,5,112,112,66,203,169,120,180,ok
train/9-05/99.jpg,9,5,112,112,175,141,121,56,90,ok
train/9-10/1.jpg,9,10,112,112,178,80,54,113,0,ok
train/9-10/10.jpg,9,10,112,112,195,58,54,113,0,ok
train/9-10/11.jpg,9,10,112,112,-1,-1,-1,-1,-1,fail:no_candidates
train/9-10/12.jpg,9,10,112,112,187,62,49,113,0,ok
train/9-10/13.jpg,9,10,112,112,169,85,52,112,0,ok
train/9-10/14.jpg,9,10,112,112,160,91,-1,-1,0,ok;no_hour
train/9-10/15.jpg,9,10,112,112,161,188,122,53,90,ok
train/9-10/16.jpg,9,10,112,112,158,181,108,72,90,ok
train/9-10/17.jpg,9,10,112,112,184,76,54,113,0,ok
train/9-10/18.jpg,9,10,112,112,188,61,82,116,0,ok
train/9-10/2.jpg,9,10,112,112,28,166,169,122,180,ok
train/9-10/20.jpg,9,10,112,112,188,74,54,113,0,ok
train/9-10/21.jpg,9,10,112,112,179,79,56,114,0,ok
train/9-10/24.jpg,9,10,112,112,181,78,54,113,0,ok
train/9-10/25.jpg,9,10,112,112,152,174,109,72,90,ok
train/9-10/26.jpg,9,10,112,112,181,78,55,113,0,ok
train/9-10/28.jpg,9,10,112,112,71,29,113,169,270,ok
train/9-10/29.jpg,9,10,112,112,205,65,47,114,0,ok
train/9-10/3.jpg,9,10,112,112,85,53,-1,-1,270,ok;no_hour
train/9-10/30.jpg,9,10,112,112,35,161,168,122,180,ok
train/9-10/31.jpg,9,10,112,112,176,81,54,113,0,ok
train/9-10/32.jpg,9,10,112,112,54,24,115,161,270,ok
train/9-10/33.jpg,9,10,112,112,71,29,100,168,270,ok
train/9-10/34.jpg,9,10,112,112,67,22,113,169,270,ok
train/9-10/35.jpg,9,10,112,112,66,186,163,128,180,warn:rot_err=28.1
train/9-10/36.jpg,9,10,112,112,70,30,113,168,270,ok
train/9-10/37.jpg,9,10,112,112,195,57,54,113,0,ok
train/9-10/38.jpg,9,10,112,112,151,191,110,54,90,ok
train/9-10/39.jpg,9,10,112,112,-1,-1,-1,-1,-1,fail:no_candidates
train/9-10/40.jpg,9,10,112,112,61,35,113,179,270,ok
train/9-10/42.jpg,9,10,112,112,52,152,167,122,180,ok
train/9-10/43.jpg,9,10,112,112,113,169,-1,-1,90,warn:rot_err=29.0;no_hour
train/9-10/44.jpg,9,10,112,112,201,66,53,113,0,ok
train/9-10/45.jpg,9,10,112,112,197,69,54,113,0,ok
train/9-10/46.jpg,9,10,112,112,179,79,52,112,0,ok
train/9-10/47.jpg,9,10,112,112,179,79,53,113,0,ok
train/9-10/49.jpg,9,10,112,112,67,24,100,169,270,ok
train/9-10/5.jpg,9,10,112,112,79,43,113,170,270,ok
train/9-10/52.jpg,9,10,112,112,64,19,100,167,270,ok
train/9-10/53.jpg,9,10,112,112,169,85,46,113,0,ok
train/9-10/54.jpg,9,10,112,112,158,187,-1,-1,90,ok;no_hour
train/9-10/55.jpg,9,10,112,112,-1,-1,-1,-1,-1,fail:no_candidates
train/9-10/57.jpg,9,10,112,112,148,188,121,74,90,ok
train/9-10/59.jpg,9,10,112,112,142,102,79,116,0,ok
train/9-10/6.jpg,9,10,112,112,-1,-1,-1,-1,-1,fail:no_candidates
train/9-10/60.jpg,9,10,112,112,168,200,110,54,90,ok
train/9-10/62.jpg,9,10,112,112,71,28,112,171,270,ok
train/9-10/63.jpg,9,10,112,112,193,71,53,113,0,ok
train/9-10/64.jpg,9,10,112,112,193,70,56,100,0,ok
train/9-10/65.jpg,9,10,112,112,109,178,-1,-1,90,warn:rot_err=32.6;no_hour
train/9-10/66.jpg,9,10,112,112,178,67,54,113,0,ok
train/9-10/68.jpg,9,10,112,112,199,67,47,112,0,ok
train/9-10/69.jpg,9,10,112,112,154,175,123,56,90,ok
train/9-10/7.jpg,9,10,112,112,61,35,113,169,270,ok
train/9-10/70.jpg,9,10,112,112,184,76,-1,-1,0,ok;no_hour
train/9-10/71.jpg,9,10,112,112,192,72,54,113,0,ok
train/9-10/72.jpg,9,10,112,112,205,63,54,113,0,ok
train/9-10/73.jpg,9,10,112,112,192,71,51,113,0,ok
train/9-10/74.jpg,9,10,112,112,187,61,53,113,0,ok
train/9-10/75.jpg,9,10,112,112,189,61,54,113,0,ok
train/9-10/76.jpg,9,10,112,112,34,161,168,122,180,ok
train/9-10/77.jpg,9,10,112,112,60,34,99,167,270,ok
train/9-10/79.jpg,9,10,112,112,65,145,147,120,180,ok
train/9-10/82.jpg,9,10,112,112,194,70,54,113,0,ok
train/9-10/83.jpg,9,10,112,112,81,47,100,169,270,ok
train/9-10/84.jpg,9,10,112,112,173,83,55,100,0,ok
train/9-10/85.jpg,9,10,112,112,193,71,52,113,0,ok
train/9-10/86.jpg,9,10,112,112,181,78,52,112,0,ok
train/9-10/87.jpg,9,10,112,112,78,41,113,169,270,ok
train/9-10/88.jpg,9,10,112,112,190,60,54,113,0,ok
train/9-10/90.jpg,9,10,112,112,73,34,112,169,270,ok
train/9-10/91.jpg,9,10,112,112,47,155,167,123,180,ok
train/9-10/92.jpg,9,10,112,112,197,68,56,100,0,ok
train/9-10/93.jpg,9,10,112,112,194,70,54,113,0,ok
train/9-10/94.jpg,9,10,112,112,-1,-1,-1,-1,-1,fail:no_candidates
train/9-10/95.jpg,9,10,112,112,201,54,54,113,0,ok
train/9-10/96.jpg,9,10,112,112,175,69,53,113,0,ok
train/9-10/97.jpg,9,10,112,112,198,68,56,100,0,ok
train/9-10/98.jpg,9,10,112,112,174,82,54,113,0,ok
train/9-10/99.jpg,9,10,112,112,198,54,53,113,0,ok
train/9-15/0.jpg,9,15,112,112,52,109,194,117,180,ok
train/9-15/1.jpg,9,15,112,112,167,111,52,104,0,ok
train/9-15/10.jpg,9,15,112,112,208,117,52,109,0,ok
train/9-15/11.jpg,9,15,112,112,217,105,-1,-1,0,ok;no_hour
train/9-15/13.jpg,9,15,112,112,116,180,125,58,90,ok
train/9-15/14.jpg,9,15,112,112,119,87,-1,-1,270,ok;no_hour
train/9-15/15.jpg,9,15,112,112,52,109,183,117,180,ok
train/9-15/16.jpg,9,15,112,112,53,110,193,117,180,ok
train/9-15/17.jpg,9,15,112,112,20,116,166,125,180,ok
train/9-15/18.jpg,9,15,112,112,176,112,54,105,0,ok
train/9-15/2.jpg,9,15,112,112,116,194,125,54,90,ok
train/9-15/20.jpg,9,15,112,112,198,117,52,109,0,ok
train/9-15/21.jpg,9,15,112,112,213,118,-1,-1,0,ok;no_hour
train/9-15/22.jpg,9,15,112,112,153,51,83,155,270,warn:rot_err=33.9
train/9-15/24.jpg,9,15,112,112,116,190,125,56,90,ok
train/9-15/27.jpg,9,15,112,112,105,62,96,166,270,ok
train/9-15/29.jpg,9,15,112,112,118,18,-1,-1,270,ok;no_hour
train/9-15/3.jpg,9,15,112,112,53,111,180,118,180,ok
train/9-15/30.jpg,9,15,112,112,20,116,164,125,180,ok
train/9-15/31.jpg,9,15,112,112,52,109,181,117,180,ok
train/9-15/32.jpg,9,15,112,112,40,116,165,126,180,ok
train/9-15/34.jpg,9,15,112,112,214,106,52,109,0,ok
train/9-15/36.jpg,9,15,112,112,-1,-1,-1,-1,-1,fail:no_candidates
train/9-15/37.jpg,9,15,112,112,53,110,186,117,180,ok
train/9-15/38.jpg,9,15,112,112,202,117,-1,-1,0,ok;no_hour
train/9-15/4.jpg,9,15,112,112,116,199,125,54,90,ok
train/9-15/41.jpg,9,15,112,112,203,117,-1,-1,0,ok;no_hour
train/9-15/42.jpg,9,15,112,112,109,171,117,43,90,ok
train/9-15/43.jpg,9,15,112,112,51,109,140,117,180,ok
train/9-15/44.jpg,9,15,112,112,112,55,104,216,270,ok
train/9-15/45.jpg,9,15,112,112,116,198,125,56,90,ok
train/9-15/46.jpg,9,15,112,112,52,109,186,117,180,ok
train/9-15/47.jpg,9,15,112,112,56,111,213,118,180,ok
train/9-15/49.jpg,9,15,112,112,106,21,97,168,270,ok
train/9-15/5.jpg,9,15,112,112,168,112,34,104,0,ok
train/9-15/50.jpg,9,15,112,112,174,118,58,96,0,ok
train/9-15/51.jpg,9,15,112,112,203,117,52,109,0,ok
train/9-15/52.jpg,9,15,112,112,109,171,117,43,90,ok
train/9-15/53.jpg,9,15,112,112,109,177,118,75,90,ok
train/9-15/54.jpg,9,15,112,112,-1,-1,-1,-1,-1,fail:no_candidates
train/9-15/55.jpg,9,15,112,112,-1,-1,-1,-1,-1,fail:no_candidates
train/9-15/56.jpg,9,15,112,112,217,117,56,97,0,ok
train/9-15/57.jpg,9,15,112,112,114,47,104,148,270,ok
train/9-15/58.jpg,9,15,112,112,32,105,165,125,180,ok
train/9-15/59.jpg,9,15,112,112,141,117,81,100,0,ok
train/9-15/6.jpg,9,15,112,112,-1,-1,-1,-1,-1,fail:no_candidates
train/9-15/60.jpg,9,15,112,112,215,117,52,109,0,ok
train/9-15/61.jpg,9,15,112,112,116,208,125,59,90,ok
train/9-15/62.jpg,9,15,112,112,53,110,192,117,180,ok
train/9-15/63.jpg,9,15,112,112,56,111,201,118,180,ok
train/9-15/64.jpg,9,15,112,112,117,6,110,170,270,ok
train/9-15/65.jpg,9,15,112,112,109,178,-1,-1,90,ok;no_hour
train/9-15/66.jpg,9,15,112,112,52,109,188,117,180,ok
train/9-15/67.jpg,9,15,112,112,52,109,154,117,180,ok
train/9-15/70.jpg,9,15,112,112,198,117,-1,-1,0,ok;no_hour
train/9-15/71.jpg,9,15,112,112,118,39,-1,-1,270,ok;no_hour
train/9-15/73.jpg,9,15,112,112,50,116,166,125,180,ok
train/9-15/74.jpg,9,15,112,112,55,111,177,118,180,ok
train/9-15/76.jpg,9,15,112,112,203,117,52,109,0,ok
train/9-15/77.jpg,9,15,112,112,53,110,200,116,180,ok
train/9-15/79.jpg,9,15,112,112,59,111,166,117,180,ok
train/9-15/8.jpg,9,15,112,112,53,110,203,117,180,ok
train/9-15/80.jpg,9,15,112,112,186,118,55,97,0,ok
train/9-15/82.jpg,9,15,112,112,116,197,125,55,90,ok
train/9-15/83.jpg,9,15,112,112,185,118,54,97,0,ok
train/9-15/84.jpg,9,15,112,112,112,55,104,188,270,ok
train/9-15/85.jpg,9,15,112,112,116,174,125,58,90,ok
train/9-15/86.jpg,9,15,112,112,110,170,117,29,90,ok
train/9-15/87.jpg,9,15,112,112,33,116,169,125,180,ok
train/9-15/88.jpg,9,15,112,112,57,111,188,117,180,ok
train/9-15/89.jpg,9,15,112,112,39,116,168,125,180,ok
train/9-15/9.jpg,9,15,112,112,116,185,125,54,90,ok
train/9-15/90.jpg,9,15,112,112,188,117,56,98,0,ok
train/9-15/91.jpg,9,15,112,112,26,108,176,118,180,ok
train/9-15/92.jpg,9,15,112,112,117,14,-1,-1,270,ok;no_hour
train/9-15/95.jpg,9,15,112,112,217,117,52,109,0,ok
train/9-15/96.jpg,9,15,112,112,188,118,-1,-1,0,ok;no_hour
train/9-15/97.jpg,9,15,112,112,116,212,125,54,90,ok
train/9-15/98.jpg,9,15,112,112,54,110,187,117,180,ok
train/9-15/99.jpg,9,15,112,112,55,111,181,118,180,ok
train/9-20/0.jpg,9,20,112,112,163,33,108,170,270,ok
train/9-20/1.jpg,9,20,112,112,79,180,128,55,90,ok
train/9-20/10.jpg,9,20,112,112,188,161,53,108,0,ok
train/9-20/11.jpg,9,20,112,112,69,198,-1,-1,90,ok;no_hour
train/9-20/13.jpg,9,20,112,112,30,71,165,127,180,ok
train/9-20/14.jpg,9,20,112,112,164,135,69,96,0,ok
train/9-20/15.jpg,9,20,112,112,177,143,52,108,0,ok
train/9-20/17.jpg,9,20,112,112,71,193,127,57,90,ok
train/9-20/18.jpg,9,20,112,112,193,152,49,108,0,ok
train/9-20/19.jpg,9,20,112,112,72,192,127,55,90,ok
train/9-20/2.jpg,9,20,112,112,22,67,170,115,180,ok
train/9-20/20.jpg,9,20,112,112,70,194,127,54,90,ok
train/9-20/21.jpg,9,20,112,112,153,27,95,167,270,ok
train/9-20/22.jpg,9,20,112,112,156,39,74,177,270,ok
train/9-20/23.jpg,9,20,112,112,148,59,-1,-1,270,ok;no_hour
train/9-20/25.jpg,9,20,112,112,70,192,127,55,90,ok
train/9-20/27.jpg,9,20,112,112,156,145,57,94,0,ok
train/9-20/3.jpg,9,20,112,112,61,187,128,54,90,ok
train/9-20/30.jpg,9,20,112,112,186,160,54,108,0,ok
train/9-20/33.jpg,9,20,112,112,61,190,-1,-1,90,ok;no_hour
train/9-20/34.jpg,9,20,112,112,203,158,53,108,0,ok
train/9-20/35.jpg,9,20,112,112,153,138,-1,-1,0,ok;no_hour
train/9-20/36.jpg,9,20,112,112,-1,-1,-1,-1,-1,fail:no_candidates
train/9-20/37.jpg,9,20,112,112,78,181,127,56,90,ok
train/9-20/38.jpg,9,20,112,112,188,161,54,108,0,ok
train/9-20/39.jpg,9,20,112,112,86,124,-1,-1,90,warn:rot_err=35.2;no_hour
train/9-20/4.jpg,9,20,112,112,161,35,107,171,270,ok
train/9-20/40.jpg,9,20,112,112,146,63,108,173,270,ok
train/9-20/41.jpg,9,20,112,112,164,149,-1,-1,0,ok;no_hour
train/9-20/42.jpg,9,20,112,112,149,34,108,169,270,ok
train/9-20/43.jpg,9,20,112,112,-1,-1,-1,-1,-1,fail:no_candidates
train/9-20/44.jpg,9,20,112,112,34,60,166,127,180,ok
train/9-20/45.jpg,9,20,112,112,193,152,53,108,0,ok
train/9-20/46.jpg,9,20,112,112,30,71,169,127,180,ok
train/9-20/47.jpg,9,20,112,112,23,67,166,127,180,ok
train/9-20/48.jpg,9,20,112,112,51,84,177,130,180,ok
train/9-20/49.jpg,9,20,112,112,193,152,51,107,0,ok
train/9-20/50.jpg,9,20,112,112,85,169,127,62,90,ok
train/9-20/51.jpg,9,20,112,112,187,161,52,107,0,ok
train/9-20/52.jpg,9,20,112,112,82,174,127,56,90,ok
train/9-20/53.jpg,9,20,112,112,71,193,-1,-1,90,ok;no_hour
train/9-20/54.jpg,9,20,112,112,32,69,-1,-1,180,ok;no_hour
train/9-20/57.jpg,9,20,112,112,159,145,53,108,0,ok
train/9-20/58.jpg,9,20,112,112,-1,-1,-1,-1,-1,fail:no_candidates
train/9-20/59.jpg,9,20,112,112,141,121,-1,-1,0,ok;no_hour
train/9-20/6.jpg,9,20,112,112,-1,-1,-1,-1,-1,fail:no_candidates
train/9-20/62.jpg,9,20,112,112,184,147,53,108,0,ok
train/9-20/63.jpg,9,20,112,112,188,161,52,107,0,ok
train/9-20/64.jpg,9,20,112,112,192,152,53,108,0,ok
train/9-20/65.jpg,9,20,112,112,176,113,-1,-1,0,warn:rot_err=29.1;no_hour
train/9-20/66.jpg,9,20,112,112,180,157,52,107,0,ok
train/9-20/67.jpg,9,20,112,112,193,152,53,108,0,ok
train/9-20/68.jpg,9,20,112,112,194,164,-1,-1,0,ok;no_hour
train/9-20/69.jpg,9,20,112,112,177,156,55,109,0,ok
train/9-20/7.jpg,9,20,112,112,73,190,114,55,90,ok
train/9-20/71.jpg,9,20,112,112,160,39,107,171,270,ok
train/9-20/72.jpg,9,20,112,112,71,192,127,57,90,ok
train/9-20/73.jpg,9,20,112,112,193,152,53,108,0,ok
train/9-20/74.jpg,9,20,112,112,71,193,128,57,90,ok
train/9-20/75.jpg,9,20,112,112,70,196,127,54,90,ok
train/9-20/76.jpg,9,20,112,112,160,36,108,169,270,ok
train/9-20/77.jpg,9,20,112,112,186,158,48,109,0,ok
train/9-20/78.jpg,9,20,112,112,160,36,107,171,270,ok
train/9-20/79.jpg,9,20,112,112,164,135,54,109,0,ok
train/9-20/8.jpg,9,20,112,112,29,71,164,127,180,ok
train/9-20/81.jpg,9,20,112,112,153,48,105,176,270,ok
train/9-20/82.jpg,9,20,112,112,188,161,53,108,0,ok
train/9-20/83.jpg,9,20,112,112,73,191,128,56,90,ok
train/9-20/84.jpg,9,20,112,112,173,153,53,108,0,ok
train/9-20/85.jpg,9,20,112,112,160,39,108,171,270,ok
train/9-20/86.jpg,9,20,112,112,193,152,53,108,0,ok
train/9-20/9.jpg,9,20,112,112,171,152,53,108,0,ok
train/9-20/90.jpg,9,20,112,112,185,160,56,96,0,ok
train/9-20/91.jpg,9,20,112,112,149,59,103,195,270,ok
train/9-20/92.jpg,9,20,112,112,32,72,169,127,180,ok
train/9-20/93.jpg,9,20,112,112,158,41,108,170,270,ok
train/9-20/94.jpg,9,20,112,112,30,70,167,127,180,ok
train/9-20/95.jpg,9,20,112,112,158,20,108,170,270,ok
train/9-20/98.jpg,9,20,112,112,181,158,52,107,0,ok
train/9-20/99.jpg,9,20,112,112,48,82,167,128,180,ok
train/9-25/0.jpg,9,25,112,112,163,192,57,92,0,ok
train/9-25/1.jpg,9,25,112,112,49,154,118,46,90,ok
train/9-25/10.jpg,9,25,112,112,68,26,164,130,180,ok
train/9-25/12.jpg,9,25,112,112,70,30,165,130,180,ok
train/9-25/15.jpg,9,25,112,112,194,70,104,171,270,ok
train/9-25/17.jpg,9,25,112,112,148,186,54,105,0,ok
train/9-25/19.jpg,9,25,112,112,160,185,53,104,0,ok
train/9-25/2.jpg,9,25,112,112,167,198,53,104,0,ok
train/9-25/20.jpg,9,25,112,112,31,165,130,56,90,ok
train/9-25/22.jpg,9,25,112,112,39,68,-1,-1,180,warn:rot_err=28.9;no_hour
train/9-25/24.jpg,9,25,112,112,164,193,54,105,0,ok
train/9-25/25.jpg,9,25,112,112,158,202,54,104,0,ok
train/9-25/26.jpg,9,25,112,112,200,67,104,170,270,ok
train/9-25/27.jpg,9,25,112,112,61,37,149,127,180,ok
train/9-25/29.jpg,9,25,112,112,205,64,105,169,270,ok
train/9-25/3.jpg,9,25,112,112,29,150,117,53,90,ok
train/9-25/31.jpg,9,25,112,112,66,19,164,130,180,ok
train/9-25/32.jpg,9,25,112,112,179,79,92,166,270,ok
train/9-25/33.jpg,9,25,112,112,153,195,59,92,0,ok
train/9-25/34.jpg,9,25,112,112,167,198,54,105,0,ok
train/9-25/35.jpg,9,25,112,112,158,186,62,121,0,ok
train/9-25/36.jpg,9,25,112,112,-1,-1,-1,-1,-1,fail:no_candidates
train/9-25/39.jpg,9,25,112,112,-1,-1,-1,-1,-1,fail:no_candidates
train/9-25/40.jpg,9,25,112,112,170,201,54,105,0,ok
train/9-25/41.jpg,9,25,112,112,71,30,-1,-1,180,ok;no_hour
train/9-25/42.jpg,9,25,112,112,169,201,55,105,0,ok
train/9-25/43.jpg,9,25,112,112,-1,-1,-1,-1,-1,fail:no_candidates
train/9-25/44.jpg,9,25,112,112,167,199,57,92,0,ok
train/9-25/45.jpg,9,25,112,112,57,28,162,130,180,ok
train/9-25/46.jpg,9,25,112,112,62,36,164,130,180,ok
train/9-25/48.jpg,9,25,112,112,172,85,105,170,270,ok
train/9-25/49.jpg,9,25,112,112,151,192,52,104,0,ok
train/9-25/51.jpg,9,25,112,112,164,194,54,105,0,ok
train/9-25/53.jpg,9,25,112,112,51,153,130,57,90,ok
train/9-25/54.jpg,9,25,112,112,93,71,-1,-1,180,ok;no_hour
train/9-25/55.jpg,9,25,112,112,-1,-1,-1,-1,-1,fail:no_candidates
train/9-25/57.jpg,9,25,112,112,24,169,-1,-1,90,ok;no_hour
train/9-25/58.jpg,9,25,112,112,202,66,103,171,270,ok
train/9-25/59.jpg,9,25,112,112,136,91,-1,-1,270,ok;no_hour
train/9-25/6.jpg,9,25,112,112,-1,-1,-1,-1,-1,fail:no_candidates
train/9-25/60.jpg,9,25,112,112,69,25,164,130,180,ok
train/9-25/61.jpg,9,25,112,112,161,187,57,92,0,ok
train/9-25/62.jpg,9,25,112,112,181,78,92,166,270,ok
train/9-25/63.jpg,9,25,112,112,161,187,59,92,0,ok
train/9-25/64.jpg,9,25,112,112,162,190,54,105,0,ok
train/9-25/66.jpg,9,25,112,112,147,184,53,104,0,ok
train/9-25/67.jpg,9,25,112,112,190,61,92,166,270,ok
train/9-25/68.jpg,9,25,112,112,155,198,-1,-1,0,ok;no_hour
train/9-25/69.jpg,9,25,112,112,183,77,92,167,270,ok
train/9-25/7.jpg,9,25,112,112,161,187,54,105,0,ok
train/9-25/70.jpg,9,25,112,112,165,111,-1,-1,270,warn:rot_err=28.9;no_hour
train/9-25/71.jpg,9,25,112,112,-1,-1,-1,-1,-1,fail:no_candidates
train/9-25/72.jpg,9,25,112,112,152,192,53,104,0,ok
train/9-25/73.jpg,9,25,112,112,39,160,130,57,90,ok
train/9-25/74.jpg,9,25,112,112,161,186,53,105,0,ok
train/9-25/75.jpg,9,25,112,112,152,194,53,104,0,ok
train/9-25/76.jpg,9,25,112,112,160,185,55,105,0,ok
train/9-25/77.jpg,9,25,112,112,68,31,175,117,180,ok
train/9-25/78.jpg,9,25,112,112,61,34,170,119,180,ok
train/9-25/79.jpg,9,25,112,112,58,136,131,57,90,ok
train/9-25/8.jpg,9,25,112,112,160,185,57,92,0,ok
train/9-25/80.jpg,9,25,112,112,155,174,56,106,0,ok
train/9-25/82.jpg,9,25,112,112,164,194,53,104,0,ok
train/9-25/83.jpg,9,25,112,112,161,186,55,106,0,ok
train/9-25/84.jpg,9,25,112,112,152,193,56,106,0,ok
train/9-25/85.jpg,9,25,112,112,193,71,92,166,270,ok
train/9-25/86.jpg,9,25,112,112,198,68,92,166,270,ok
train/9-25/87.jpg,9,25,112,112,154,175,53,104,0,ok
train/9-25/88.jpg,9,25,112,112,53,152,130,59,90,ok
train/9-25/89.jpg,9,25,112,112,161,187,55,105,0,ok
train/9-25/9.jpg,9,25,112,112,37,161,130,59,90,ok
train/9-25/90.jpg,9,25,112,112,192,70,93,166,270,ok
train/9-25/91.jpg,9,25,112,112,143,155,56,106,0,ok
train/9-25/92.jpg,9,25,112,112,191,72,92,166,270,ok
train/9-25/93.jpg,9,25,112,112,195,70,92,166,270,ok
train/9-25/94.jpg,9,25,112,112,-1,-1,-1,-1,-1,fail:no_candidates
train/9-25/95.jpg,9,25,112,112,38,161,130,57,90,ok
train/9-25/96.jpg,9,25,112,112,152,193,59,92,0,ok
train/9-25/97.jpg,9,25,112,112,70,30,165,130,180,ok
train/9-25/99.jpg,9,25,112,112,54,25,167,117,180,ok
train/9-30/1.jpg,9,30,112,112,58,104,-1,-1,90,ok;no_hour
train/9-30/10.jpg,9,30,112,112,117,158,57,90,0,ok
train/9-30/11.jpg,9,30,112,112,213,105,-1,-1,270,ok;no_hour
train/9-30/12.jpg,9,30,112,112,117,158,57,90,0,ok
train/9-30/14.jpg,9,30,112,112,118,175,-1,-1,0,ok;no_hour
train/9-30/15.jpg,9,30,112,112,117,187,56,90,0,ok
train/9-30/17.jpg,9,30,112,112,27,116,132,58,90,ok
train/9-30/19.jpg,9,30,112,112,23,105,132,58,90,ok
train/9-30/2.jpg,9,30,112,112,195,117,103,169,270,ok
train/9-30/21.jpg,9,30,112,112,118,16,-1,-1,180,ok;no_hour
train/9-30/23.jpg,9,30,112,112,40,116,-1,-1,90,ok;no_hour
train/9-30/24.jpg,9,30,112,112,34,116,132,58,90,ok
train/9-30/25.jpg,9,30,112,112,115,181,57,91,0,ok
train/9-30/26.jpg,9,30,112,112,26,105,132,58,90,ok
train/9-30/27.jpg,9,30,112,112,107,160,-1,-1,0,ok;no_hour
train/9-30/28.jpg,9,30,112,112,106,41,165,132,180,ok
train/9-30/29.jpg,9,30,112,112,106,157,53,102,0,ok
train/9-30/30.jpg,9,30,112,112,105,201,55,103,0,ok
train/9-30/31.jpg,9,30,112,112,179,106,102,170,270,ok
train/9-30/32.jpg,9,30,112,112,43,117,133,57,90,ok
train/9-30/34.jpg,9,30,112,112,117,158,57,90,0,ok
train/9-30/35.jpg,9,30,112,112,108,24,147,131,180,ok
train/9-30/36.jpg,9,30,112,112,108,9,167,131,180,ok
train/9-30/38.jpg,9,30,112,112,23,105,132,56,90,ok
train/9-30/39.jpg,9,30,112,112,200,105,-1,-1,270,ok;no_hour
train/9-30/4.jpg,9,30,112,112,103,169,-1,-1,0,ok;no_hour
train/9-30/40.jpg,9,30,112,112,53,102,-1,-1,90,ok;no_hour
train/9-30/41.jpg,9,30,112,112,117,20,-1,-1,180,ok;no_hour
train/9-30/42.jpg,9,30,112,112,132,57,-1,-1,180,ok;no_hour
train/9-30/43.jpg,9,30,112,112,105,190,59,91,0,ok
train/9-30/44.jpg,9,30,112,112,118,19,166,132,180,ok
train/9-30/45.jpg,9,30,112,112,116,200,57,90,0,ok
train/9-30/47.jpg,9,30,112,112,116,213,53,102,0,ok
train/9-30/48.jpg,9,30,112,112,104,169,-1,-1,0,ok;no_hour
train/9-30/49.jpg,9,30,112,112,169,120,-1,-1,270,ok;no_hour
train/9-30/5.jpg,9,30,112,112,104,189,54,103,0,ok
train/9-30/50.jpg,9,30,112,112,104,175,41,85,0,ok
train/9-30/51.jpg,9,30,112,112,106,22,165,132,180,ok
train/9-30/52.jpg,9,30,112,112,154,116,102,170,270,ok
train/9-30/53.jpg,9,30,112,112,68,118,132,58,90,ok
train/9-30/54.jpg,9,30,112,112,24,108,-1,-1,90,ok;no_hour
train/9-30/56.jpg,9,30,112,112,117,158,57,90,0,ok
train/9-30/57.jpg,9,30,112,112,105,173,59,90,0,ok
train/9-30/58.jpg,9,30,112,112,188,106,102,170,270,ok
train/9-30/59.jpg,9,30,112,112,106,144,83,96,0,ok
train/9-30/60.jpg,9,30,112,112,106,156,57,90,0,ok
train/9-30/62.jpg,9,30,112,112,75,117,132,59,90,ok
train/9-30/63.jpg,9,30,112,112,117,206,53,102,0,ok
train/9-30/64.jpg,9,30,112,112,105,200,57,90,0,ok
train/9-30/65.jpg,9,30,112,112,105,192,57,90,0,ok
train/9-30/67.jpg,9,30,112,112,116,217,57,90,0,ok
train/9-30/68.jpg,9,30,112,112,117,13,-1,-1,180,ok;no_hour
train/9-30/7.jpg,9,30,112,112,185,106,102,170,270,ok
train/9-30/70.jpg,9,30,112,112,-1,-1,-1,-1,-1,fail:no_candidates
train/9-30/71.jpg,9,30,112,112,132,57,-1,-1,180,ok;no_hour
train/9-30/72.jpg,9,30,112,112,117,158,57,90,0,ok
train/9-30/73.jpg,9,30,112,112,106,156,42,86,0,ok
train/9-30/74.jpg,9,30,112,112,105,21,165,118,180,ok
train/9-30/76.jpg,9,30,112,112,116,206,55,103,0,ok
train/9-30/77.jpg,9,30,112,112,167,133,-1,-1,270,ok;no_hour
train/9-30/8.jpg,9,30,112,112,116,209,53,102,0,ok
train/9-30/80.jpg,9,30,112,112,188,119,92,155,270,ok
train/9-30/81.jpg,9,30,112,112,-1,-1,-1,-1,-1,fail:no_candidates
train/9-30/82.jpg,9,30,112,112,117,24,164,132,180,ok
train/9-30/83.jpg,9,30,112,112,200,105,103,170,270,ok
train/9-30/84.jpg,9,30,112,112,117,190,53,102,0,ok
train/9-30/85.jpg,9,30,112,112,64,117,132,58,90,ok
train/9-30/86.jpg,9,30,112,112,31,116,132,57,90,ok
train/9-30/87.jpg,9,30,112,112,105,196,57,90,0,ok
train/9-30/88.jpg,9,30,112,112,117,136,57,90,0,ok
train/9-30/89.jpg,9,30,112,112,105,184,-1,-1,0,ok;no_hour
train/9-30/9.jpg,9,30,112,112,106,156,57,90,0,ok
train/9-30/90.jpg,9,30,112,112,-1,-1,-1,-1,-1,fail:no_candidates
train/9-30/91.jpg,9,30,112,112,54,103,-1,-1,90,ok;no_hour
train/9-30/93.jpg,9,30,112,112,156,105,102,170,270,ok
train/9-30/94.jpg,9,30,112,112,66,116,121,55,90,ok
train/9-30/95.jpg,9,30,112,112,117,158,57,90,0,ok
train/9-30/96.jpg,9,30,112,112,118,155,53,102,0,ok
train/9-30/97.jpg,9,30,112,112,105,199,58,90,0,ok
train/9-30/99.jpg,9,30,112,112,117,77,164,133,180,ok
train/9-35/0.jpg,9,35,112,112,31,72,134,59,90,ok
train/9-35/1.jpg,9,35,112,112,79,180,45,99,0,ok
train/9-35/11.jpg,9,35,112,112,-1,-1,-1,-1,-1,fail:no_candidates
train/9-35/13.jpg,9,35,112,112,31,72,139,45,90,ok
train/9-35/15.jpg,9,35,112,112,69,195,57,88,0,ok
train/9-35/16.jpg,9,35,112,112,199,156,101,168,270,ok
train/9-35/17.jpg,9,35,112,112,187,161,101,168,270,ok
train/9-35/18.jpg,9,35,112,112,70,194,52,100,0,ok
train/9-35/19.jpg,9,35,112,112,154,29,166,134,180,ok
train/9-35/2.jpg,9,35,112,112,182,158,100,169,270,ok
train/9-35/20.jpg,9,35,112,112,71,192,54,100,0,ok
train/9-35/21.jpg,9,35,112,112,175,154,100,170,270,ok
train/9-35/22.jpg,9,35,112,112,159,139,-1,-1,270,ok;no_hour
train/9-35/23.jpg,9,35,112,112,179,144,-1,-1,270,ok;no_hour
train/9-35/24.jpg,9,35,112,112,66,200,54,100,0,ok
train/9-35/25.jpg,9,35,112,112,-1,-1,-1,-1,-1,fail:no_candidates
train/9-35/28.jpg,9,35,112,112,71,193,58,88,0,ok
train/9-35/29.jpg,9,35,112,112,24,56,134,61,90,ok
train/9-35/3.jpg,9,35,112,112,75,161,-1,-1,0,ok;no_hour
train/9-35/30.jpg,9,35,112,112,160,37,164,134,180,ok
train/9-35/31.jpg,9,35,112,112,188,149,101,168,270,ok
train/9-35/32.jpg,9,35,112,112,88,162,-1,-1,0,ok;no_hour
train/9-35/34.jpg,9,35,112,112,148,35,161,134,180,ok
train/9-35/35.jpg,9,35,112,112,88,89,-1,-1,90,ok;no_hour
train/9-35/36.jpg,9,35,112,112,73,190,-1,-1,0,ok;no_hour
train/9-35/37.jpg,9,35,112,112,200,157,101,168,270,ok
train/9-35/38.jpg,9,35,112,112,152,31,165,134,180,ok
train/9-35/39.jpg,9,35,112,112,-1,-1,-1,-1,-1,fail:no_candidates
train/9-35/4.jpg,9,35,112,112,61,189,55,101,0,ok
train/9-35/40.jpg,9,35,112,112,80,178,55,101,0,ok
train/9-35/41.jpg,9,35,112,112,61,188,-1,-1,0,ok;no_hour
train/9-35/42.jpg,9,35,112,112,79,179,39,81,0,ok
train/9-35/43.jpg,9,35,112,112,-1,-1,-1,-1,-1,fail:no_candidates
train/9-35/46.jpg,9,35,112,112,31,72,122,54,90,ok
train/9-35/47.jpg,9,35,112,112,162,35,162,134,180,ok
train/9-35/48.jpg,9,35,112,112,174,138,-1,-1,270,ok;no_hour
train/9-35/5.jpg,9,35,112,112,78,181,56,102,0,ok
train/9-35/50.jpg,9,35,112,112,161,36,157,133,180,ok
train/9-35/51.jpg,9,35,112,112,187,161,101,168,270,ok
train/9-35/52.jpg,9,35,112,112,80,178,54,101,0,ok
train/9-35/53.jpg,9,35,112,112,83,173,54,101,0,ok
train/9-35/54.jpg,9,35,112,112,69,191,-1,-1,0,ok;no_hour
train/9-35/56.jpg,9,35,112,112,71,192,58,88,0,ok
train/9-35/57.jpg,9,35,112,112,55,86,121,57,90,ok
train/9-35/58.jpg,9,35,112,112,158,21,162,134,180,ok
train/9-35/59.jpg,9,35,112,112,84,96,-1,-1,90,ok;no_hour
train/9-35/6.jpg,9,35,112,112,71,192,54,100,0,ok
train/9-35/60.jpg,9,35,112,112,62,186,54,100,0,ok
train/9-35/62.jpg,9,35,112,112,68,196,54,100,0,ok
train/9-35/63.jpg,9,35,112,112,71,193,58,88,0,ok
train/9-35/64.jpg,9,35,112,112,70,193,54,100,0,ok
train/9-35/66.jpg,9,35,112,112,30,72,134,59,90,ok
train/9-35/67.jpg,9,35,112,112,20,66,-1,-1,90,ok;no_hour
train/9-35/68.jpg,9,35,112,112,59,192,-1,-1,0,ok;no_hour
train/9-35/7.jpg,9,35,112,112,151,31,169,123,180,ok
train/9-35/71.jpg,9,35,112,112,-1,-1,-1,-1,-1,fail:no_candidates
train/9-35/72.jpg,9,35,112,112,65,204,54,100,0,ok
train/9-35/73.jpg,9,35,112,112,79,179,54,100,0,ok
train/9-35/74.jpg,9,35,112,112,82,175,-1,-1,0,ok;no_hour
train/9-35/75.jpg,9,35,112,112,61,189,58,88,0,ok
train/9-35/76.jpg,9,35,112,112,188,161,-1,-1,270,ok;no_hour
train/9-35/77.jpg,9,35,112,112,134,60,-1,-1,180,ok;no_hour
train/9-35/79.jpg,9,35,112,112,146,63,165,135,180,ok
train/9-35/8.jpg,9,35,112,112,71,193,58,88,0,ok
train/9-35/80.jpg,9,35,112,112,85,169,60,88,0,ok
train/9-35/82.jpg,9,35,112,112,66,200,58,88,0,ok
train/9-35/83.jpg,9,35,112,112,70,193,-1,-1,0,ok;no_hour
train/9-35/85.jpg,9,35,112,112,71,193,42,82,0,ok
train/9-35/86.jpg,9,35,112,112,69,196,54,100,0,ok
train/9-35/88.jpg,9,35,112,112,72,192,54,100,0,ok
train/9-35/89.jpg,9,35,112,112,73,190,39,82,0,ok
train/9-35/9.jpg,9,35,112,112,81,177,53,100,0,ok
train/9-35/90.jpg,9,35,112,112,191,151,89,160,270,ok
train/9-35/93.jpg,9,35,112,112,191,163,101,168,270,ok
train/9-35/94.jpg,9,35,112,112,71,191,-1,-1,0,ok;no_hour
train/9-35/95.jpg,9,35,112,112,64,205,58,88,0,ok
train/9-35/96.jpg,9,35,112,112,193,153,88,166,270,ok
train/9-35/97.jpg,9,35,112,112,71,193,54,101,0,ok
train/9-35/98.jpg,9,35,112,112,74,188,60,89,0,ok
train/9-35/99.jpg,9,35,112,112,84,171,61,88,0,ok
train/9-40/0.jpg,9,40,112,112,26,166,-1,-1,0,ok;no_hour
train/9-40/1.jpg,9,40,112,112,175,67,161,137,180,ok
train/9-40/10.jpg,9,40,112,112,159,183,85,164,270,ok
train/9-40/11.jpg,9,40,112,112,21,155,-1,-1,0,ok;no_hour
train/9-40/12.jpg,9,40,112,112,150,166,88,156,270,ok
train/9-40/14.jpg,9,40,112,112,72,142,-1,-1,0,ok;no_hour
train/9-40/15.jpg,9,40,112,112,188,61,-1,-1,180,ok;no_hour
train/9-40/17.jpg,9,40,112,112,43,157,59,85,0,ok
train/9-40/18.jpg,9,40,112,112,57,84,-1,-1,90,warn:rot_err=33.0;no_hour
train/9-40/19.jpg,9,40,112,112,44,156,61,86,0,ok
train/9-40/2.jpg,9,40,112,112,32,164,59,85,0,ok
train/9-40/20.jpg,9,40,112,112,37,161,59,85,0,ok
train/9-40/21.jpg,9,40,112,112,47,155,-1,-1,0,ok;no_hour
train/9-40/23.jpg,9,40,112,112,167,195,-1,-1,270,ok;no_hour
train/9-40/24.jpg,9,40,112,112,157,179,85,164,270,ok
train/9-40/25.jpg,9,40,112,112,24,167,52,82,0,ok
train/9-40/26.jpg,9,40,112,112,157,179,86,161,270,ok
train/9-40/27.jpg,9,40,112,112,157,78,154,135,180,ok
train/9-40/29.jpg,9,40,112,112,137,60,-1,-1,180,warn:rot_err=34.3;no_hour
train/9-40/3.jpg,9,40,112,112,59,150,60,85,0,ok
train/9-40/30.jpg,9,40,112,112,61,34,137,61,90,ok
train/9-40/32.jpg,9,40,112,112,160,77,143,131,180,ok
train/9-40/33.jpg,9,40,112,112,193,58,-1,-1,180,ok;no_hour
train/9-40/34.jpg,9,40,112,112,191,59,-1,-1,180,ok;no_hour
train/9-40/35.jpg,9,40,112,112,64,37,-1,-1,90,ok;no_hour
train/9-40/36.jpg,9,40,112,112,-1,-1,-1,-1,-1,fail:no_candidates
train/9-40/37.jpg,9,40,112,112,166,196,85,164,270,ok
train/9-40/38.jpg,9,40,112,112,62,36,137,60,90,ok
train/9-40/39.jpg,9,40,112,112,-1,-1,-1,-1,-1,fail:no_candidates
train/9-40/4.jpg,9,40,112,112,167,199,85,164,270,ok
train/9-40/40.jpg,9,40,112,112,76,61,-1,-1,90,ok;no_hour
train/9-40/41.jpg,9,40,112,112,-1,-1,-1,-1,-1,fail:no_candidates
train/9-40/42.jpg,9,40,112,112,151,169,86,161,270,ok
train/9-40/44.jpg,9,40,112,112,23,169,-1,-1,0,ok;no_hour
train/9-40/46.jpg,9,40,112,112,59,85,-1,-1,90,warn:rot_err=33.0;no_hour
train/9-40/47.jpg,9,40,112,112,25,168,-1,-1,0,ok;no_hour
train/9-40/48.jpg,9,40,112,112,147,160,82,167,270,ok
train/9-40/49.jpg,9,40,112,112,66,144,75,91,0,ok
train/9-40/5.jpg,9,40,112,112,55,26,137,61,90,ok
train/9-40/50.jpg,9,40,112,112,187,61,165,140,180,ok
train/9-40/51.jpg,9,40,112,112,189,61,-1,-1,180,ok;no_hour
train/9-40/52.jpg,9,40,112,112,171,70,-1,-1,180,ok;no_hour
train/9-40/53.jpg,9,40,112,112,59,149,56,83,0,ok
train/9-40/54.jpg,9,40,112,112,-1,-1,-1,-1,-1,fail:no_candidates
train/9-40/57.jpg,9,40,112,112,60,148,-1,-1,0,ok;no_hour
train/9-40/58.jpg,9,40,112,112,-1,-1,-1,-1,-1,fail:no_candidates
train/9-40/59.jpg,9,40,112,112,90,87,-1,-1,90,ok;no_hour
train/9-40/61.jpg,9,40,112,112,188,60,-1,-1,180,ok;no_hour
train/9-40/64.jpg,9,40,112,112,31,164,59,85,0,ok
train/9-40/65.jpg,9,40,112,112,82,87,114,73,90,ok
train/9-40/66.jpg,9,40,112,112,62,37,137,62,90,ok
train/9-40/68.jpg,9,40,112,112,155,198,-1,-1,270,ok;no_hour
train/9-40/69.jpg,9,40,112,112,51,154,52,82,0,ok
train/9-40/70.jpg,9,40,112,112,37,161,-1,-1,0,ok;no_hour
train/9-40/71.jpg,9,40,112,112,61,34,137,63,90,ok
train/9-40/73.jpg,9,40,112,112,163,75,-1,-1,180,ok;no_hour
train/9-40/74.jpg,9,40,112,112,85,162,-1,-1,0,warn:rot_err=31.6;no_hour
train/9-40/75.jpg,9,40,112,112,162,189,88,156,270,ok
train/9-40/76.jpg,9,40,112,112,188,62,160,136,180,ok
train/9-40/77.jpg,9,40,112,112,159,188,-1,-1,270,ok;no_hour
train/9-40/78.jpg,9,40,112,112,61,34,137,60,90,ok
train/9-40/8.jpg,9,40,112,112,28,166,-1,-1,0,ok;no_hour
train/9-40/80.jpg,9,40,112,112,51,153,83,93,0,ok
train/9-40/81.jpg,9,40,112,112,-1,-1,-1,-1,-1,fail:no_candidates
train/9-40/83.jpg,9,40,112,112,68,143,61,85,0,ok
train/9-40/85.jpg,9,40,112,112,36,161,-1,-1,0,ok;no_hour
train/9-40/86.jpg,9,40,112,112,50,153,60,85,0,ok
train/9-40/87.jpg,9,40,112,112,157,179,85,164,270,ok
train/9-40/88.jpg,9,40,112,112,155,176,86,162,270,ok
train/9-40/89.jpg,9,40,112,112,54,151,39,77,0,ok
train/9-40/9.jpg,9,40,112,112,67,46,137,62,90,ok
train/9-40/90.jpg,9,40,112,112,-1,-1,-1,-1,-1,fail:no_candidates
train/9-40/92.jpg,9,40,112,112,23,169,60,85,0,ok
train/9-40/93.jpg,9,40,112,112,35,161,-1,-1,0,ok;no_hour
train/9-40/94.jpg,9,40,112,112,36,160,-1,-1,0,ok;no_hour
train/9-40/95.jpg,9,40,112,112,187,62,-1,-1,180,ok;no_hour
train/9-40/96.jpg,9,40,112,112,61,36,138,58,90,ok
train/9-40/97.jpg,9,40,112,112,137,62,-1,-1,180,warn:rot_err=33.4;no_hour
train/9-40/98.jpg,9,40,112,112,156,177,85,163,270,ok
train/9-40/99.jpg,9,40,112,112,55,151,-1,-1,0,ok;no_hour
train/9-45/0.jpg,9,45,112,112,107,8,139,61,90,ok
train/9-45/1.jpg,9,45,112,112,118,155,90,146,270,ok
train/9-45/13.jpg,9,45,112,112,56,80,-1,-1,0,warn:rot_err=29.7;no_hour
train/9-45/14.jpg,9,45,112,112,85,154,-1,-1,270,warn:rot_err=32.7;no_hour
train/9-45/15.jpg,9,45,112,112,77,117,-1,-1,0,ok;no_hour
train/9-45/16.jpg,9,45,112,112,76,117,-1,-1,0,ok;no_hour
train/9-45/17.jpg,9,45,112,112,155,105,-1,-1,180,ok;no_hour
train/9-45/18.jpg,9,45,112,112,81,117,55,79,0,ok
train/9-45/19.jpg,9,45,112,112,217,107,161,139,180,ok
train/9-45/20.jpg,9,45,112,112,27,116,-1,-1,0,ok;no_hour
train/9-45/21.jpg,9,45,112,112,32,117,84,92,0,ok
train/9-45/23.jpg,9,45,112,112,11,118,-1,-1,0,ok;no_hour
train/9-45/24.jpg,9,45,112,112,42,116,30,105,0,ok
train/9-45/25.jpg,9,45,112,112,83,116,47,78,0,ok
train/9-45/27.jpg,9,45,112,112,63,118,71,86,0,ok
train/9-45/28.jpg,9,45,112,112,186,106,-1,-1,180,ok;no_hour
train/9-45/29.jpg,9,45,112,112,153,104,-1,-1,180,ok;no_hour
train/9-45/3.jpg,9,45,112,112,118,156,-1,-1,270,ok;no_hour
train/9-45/30.jpg,9,45,112,112,154,105,162,139,180,ok
train/9-45/31.jpg,9,45,112,112,80,117,-1,-1,0,ok;no_hour
train/9-45/32.jpg,9,45,112,112,79,174,-1,-1,270,warn:rot_err=28.0;no_hour
train/9-45/33.jpg,9,45,112,112,69,118,62,83,0,ok
train/9-45/34.jpg,9,45,112,112,66,117,-1,-1,0,ok;no_hour
train/9-45/36.jpg,9,45,112,112,-1,-1,-1,-1,-1,fail:no_candidates
train/9-45/37.jpg,9,45,112,112,44,116,-1,-1,0,ok;no_hour
train/9-45/39.jpg,9,45,112,112,-1,-1,-1,-1,-1,fail:no_candidates
train/9-45/4.jpg,9,45,112,112,143,105,-1,-1,180,ok;no_hour
train/9-45/40.jpg,9,45,112,112,155,105,-1,-1,180,ok;no_hour
train/9-45/41.jpg,9,45,112,112,105,201,68,194,270,ok
train/9-45/42.jpg,9,45,112,112,69,87,-1,-1,0,warn:rot_err=30.2;no_hour
train/9-45/43.jpg,9,45,112,112,156,105,161,139,180,ok
train/9-45/44.jpg,9,45,112,112,215,105,-1,-1,180,ok;no_hour
train/9-45/45.jpg,9,45,112,112,106,15,139,62,90,ok
train/9-45/46.jpg,9,45,112,112,76,117,-1,-1,0,ok;no_hour
train/9-45/47.jpg,9,45,112,112,118,154,83,163,270,ok
train/9-45/48.jpg,9,45,112,112,104,69,142,57,90,ok
train/9-45/49.jpg,9,45,112,112,155,105,-1,-1,180,ok;no_hour
train/9-45/5.jpg,9,45,112,112,117,188,83,163,270,ok
train/9-45/51.jpg,9,45,112,112,20,116,-1,-1,0,ok;no_hour
train/9-45/52.jpg,9,45,112,112,45,116,-1,-1,0,ok;no_hour
train/9-45/53.jpg,9,45,112,112,81,165,-1,-1,270,warn:rot_err=30.3;no_hour
train/9-45/54.jpg,9,45,112,112,78,76,-1,-1,90,warn:rot_err=43.4;no_hour
train/9-45/55.jpg,9,45,112,112,21,113,-1,-1,0,ok;no_hour
train/9-45/56.jpg,9,45,112,112,17,116,-1,-1,0,ok;no_hour
train/9-45/57.jpg,9,45,112,112,106,48,-1,-1,90,ok;no_hour
train/9-45/59.jpg,9,45,112,112,105,79,130,85,90,ok
train/9-45/60.jpg,9,45,112,112,66,117,-1,-1,0,ok;no_hour
train/9-45/61.jpg,9,45,112,112,118,154,83,163,270,ok
train/9-45/62.jpg,9,45,112,112,117,157,83,163,270,ok
train/9-45/63.jpg,9,45,112,112,35,116,-1,-1,0,ok;no_hour
train/9-45/64.jpg,9,45,112,112,117,157,83,163,270,ok
train/9-45/66.jpg,9,45,112,112,155,105,-1,-1,180,ok;no_hour
train/9-45/67.jpg,9,45,112,112,20,116,24,104,0,ok
train/9-45/68.jpg,9,45,112,112,50,116,13,105,0,ok
train/9-45/69.jpg,9,45,112,112,77,173,-1,-1,270,warn:rot_err=29.8;no_hour
train/9-45/7.jpg,9,45,112,112,33,116,-1,-1,0,ok;no_hour
train/9-45/71.jpg,9,45,112,112,-1,-1,-1,-1,-1,fail:no_candidates
train/9-45/72.jpg,9,45,112,112,202,106,-1,-1,180,ok;no_hour
train/9-45/73.jpg,9,45,112,112,144,105,-1,-1,180,ok;no_hour
train/9-45/75.jpg,9,45,112,112,44,116,-1,-1,0,ok;no_hour
train/9-45/78.jpg,9,45,112,112,88,117,61,83,0,ok
train/9-45/8.jpg,9,45,112,112,156,105,-1,-1,180,ok;no_hour
train/9-45/81.jpg,9,45,112,112,33,116,62,84,0,ok
train/9-45/82.jpg,9,45,112,112,66,117,-1,-1,0,ok;no_hour
train/9-45/83.jpg,9,45,112,112,81,118,62,83,0,ok
train/9-45/84.jpg,9,45,112,112,45,75,-1,-1,0,warn:rot_err=28.9;no_hour
train/9-45/86.jpg,9,45,112,112,66,117,-1,-1,0,ok;no_hour
train/9-45/87.jpg,9,45,112,112,105,68,139,62,90,ok
train/9-45/89.jpg,9,45,112,112,117,137,80,171,270,ok
train/9-45/9.jpg,9,45,112,112,105,68,139,61,90,ok
train/9-45/90.jpg,9,45,112,112,66,116,-1,-1,0,ok;no_hour
train/9-45/91.jpg,9,45,112,112,68,118,70,86,0,ok
train/9-45/92.jpg,9,45,112,112,66,117,-1,-1,0,ok;no_hour
train/9-45/93.jpg,9,45,112,112,106,34,134,74,90,ok
train/9-45/94.jpg,9,45,112,112,-1,-1,-1,-1,-1,fail:no_candidates
train/9-45/95.jpg,9,45,112,112,23,116,-1,-1,0,ok;no_hour
train/9-45/96.jpg,9,45,112,112,36,117,60,82,0,ok
train/9-45/97.jpg,9,45,112,112,116,214,84,158,270,ok
train/9-45/98.jpg,9,45,112,112,32,116,-1,-1,0,ok;no_hour
train/9-45/99.jpg,9,45,112,112,68,118,79,90,0,ok
train/9-50/0.jpg,9,50,112,112,57,94,-1,-1,0,ok;no_hour
train/9-50/1.jpg,9,50,112,112,50,69,85,107,0,ok
train/9-50/10.jpg,9,50,112,112,167,26,129,58,90,ok
train/9-50/11.jpg,9,50,112,112,46,66,-1,-1,0,ok;no_hour
train/9-50/12.jpg,9,50,112,112,157,145,165,129,180,ok
train/9-50/13.jpg,9,50,112,112,34,61,57,94,0,ok
train/9-50/14.jpg,9,50,112,112,123,199,-1,-1,270,warn:rot_err=37.2;no_hour
train/9-50/15.jpg,9,50,112,112,48,69,56,93,0,ok
train/9-50/17.jpg,9,50,112,112,178,156,165,129,180,ok
train/9-50/18.jpg,9,50,112,112,39,63,54,92,0,ok
train/9-50/19.jpg,9,50,112,112,157,43,123,72,90,ok
train/9-50/21.jpg,9,50,112,112,57,74,56,93,0,ok
train/9-50/22.jpg,9,50,112,112,163,25,-1,-1,90,ok;no_hour
train/9-50/23.jpg,9,50,112,112,61,189,-1,-1,270,ok;no_hour
train/9-50/24.jpg,9,50,112,112,24,56,58,94,0,ok
train/9-50/26.jpg,9,50,112,112,25,56,-1,-1,0,ok;no_hour
train/9-50/27.jpg,9,50,112,112,35,60,-1,-1,0,ok;no_hour
train/9-50/28.jpg,9,50,112,112,57,74,56,93,0,ok
train/9-50/29.jpg,9,50,112,112,-1,-1,-1,-1,-1,fail:no_candidates
train/9-50/3.jpg,9,50,112,112,54,93,-1,-1,0,ok;no_hour
train/9-50/31.jpg,9,50,112,112,168,151,164,128,180,ok
train/9-50/32.jpg,9,50,112,112,77,161,99,156,270,ok
train/9-50/33.jpg,9,50,112,112,59,192,93,167,270,ok
train/9-50/34.jpg,9,50,112,112,196,166,165,129,180,ok
train/9-50/35.jpg,9,50,112,112,185,157,198,140,180,ok
train/9-50/36.jpg,9,50,112,112,-1,-1,-1,-1,-1,fail:no_candidates
train/9-50/37.jpg,9,50,112,112,94,165,-1,-1,270,ok;no_hour
train/9-50/38.jpg,9,50,112,112,63,185,93,166,270,ok
train/9-50/4.jpg,9,50,112,112,182,158,165,129,180,ok
train/9-50/42.jpg,9,50,112,112,23,54,61,96,0,ok
train/9-50/43.jpg,9,50,112,112,-1,-1,-1,-1,-1,fail:no_candidates
train/9-50/44.jpg,9,50,112,112,54,201,-1,-1,270,ok;no_hour
train/9-50/45.jpg,9,50,112,112,94,165,-1,-1,270,ok;no_hour
train/9-50/46.jpg,9,50,112,112,173,153,166,129,180,ok
train/9-50/47.jpg,9,50,112,112,129,57,-1,-1,90,ok;no_hour
train/9-50/48.jpg,9,50,112,112,84,148,89,176,270,ok
train/9-50/49.jpg,9,50,112,112,34,61,56,93,0,ok
train/9-50/5.jpg,9,50,112,112,50,70,57,94,0,ok
train/9-50/51.jpg,9,50,112,112,160,38,129,58,90,ok
train/9-50/52.jpg,9,50,112,112,61,189,94,166,270,ok
train/9-50/53.jpg,9,50,112,112,62,77,56,93,0,ok
train/9-50/55.jpg,9,50,112,112,32,64,60,92,0,ok
train/9-50/57.jpg,9,50,112,112,170,23,129,57,90,ok
train/9-50/58.jpg,9,50,112,112,71,99,-1,-1,0,ok;no_hour
train/9-50/59.jpg,9,50,112,112,87,91,81,105,0,ok
train/9-50/61.jpg,9,50,112,112,57,74,57,94,0,ok
train/9-50/62.jpg,9,50,112,112,151,54,129,57,90,ok
train/9-50/63.jpg,9,50,112,112,173,154,-1,-1,180,ok;no_hour
train/9-50/64.jpg,9,50,112,112,41,65,58,94,0,ok
train/9-50/66.jpg,9,50,112,112,166,149,165,129,180,ok
train/9-50/67.jpg,9,50,112,112,23,54,57,94,0,ok
train/9-50/68.jpg,9,50,112,112,58,193,-1,-1,270,ok;no_hour
train/9-50/7.jpg,9,50,112,112,93,167,-1,-1,270,ok;no_hour
train/9-50/70.jpg,9,50,112,112,166,29,-1,-1,90,ok;no_hour
train/9-50/71.jpg,9,50,112,112,-1,-1,-1,-1,-1,fail:no_candidates
train/9-50/72.jpg,9,50,112,112,167,24,128,59,90,ok
train/9-50/74.jpg,9,50,112,112,75,164,-1,-1,270,ok;no_hour
train/9-50/75.jpg,9,50,112,112,153,50,130,56,90,ok
train/9-50/77.jpg,9,50,112,112,150,112,-1,-1,180,warn:rot_err=30.0;no_hour
train/9-50/78.jpg,9,50,112,112,130,57,-1,-1,90,ok;no_hour
train/9-50/79.jpg,9,50,112,112,159,145,167,129,180,ok
train/9-50/8.jpg,9,50,112,112,189,162,166,129,180,ok
train/9-50/80.jpg,9,50,112,112,24,54,56,93,0,ok
train/9-50/81.jpg,9,50,112,112,57,92,-1,-1,0,ok;no_hour
train/9-50/82.jpg,9,50,112,112,196,168,164,128,180,ok
train/9-50/83.jpg,9,50,112,112,49,68,-1,-1,0,ok;no_hour
train/9-50/85.jpg,9,50,112,112,64,78,57,94,0,ok
train/9-50/86.jpg,9,50,112,112,173,153,164,128,180,ok
train/9-50/87.jpg,9,50,112,112,24,56,59,95,0,ok
train/9-50/88.jpg,9,50,112,112,56,73,57,93,0,ok
train/9-50/89.jpg,9,50,112,112,201,169,166,130,180,ok
train/9-50/90.jpg,9,50,112,112,50,70,-1,-1,0,ok;no_hour
train/9-50/91.jpg,9,50,112,112,57,74,56,93,0,ok
train/9-50/92.jpg,9,50,112,112,34,61,58,94,0,ok
train/9-50/93.jpg,9,50,112,112,94,165,-1,-1,270,ok;no_hour
train/9-50/94.jpg,9,50,112,112,35,63,-1,-1,0,ok;no_hour
train/9-50/95.jpg,9,50,112,112,66,179,94,165,270,ok
train/9-50/96.jpg,9,50,112,112,63,77,57,94,0,ok
train/9-50/97.jpg,9,50,112,112,201,169,-1,-1,180,ok;no_hour
train/9-50/98.jpg,9,50,112,112,55,73,59,95,0,ok
train/9-55/0.jpg,9,55,112,112,71,29,57,90,0,ok
train/9-55/1.jpg,9,55,112,112,142,179,166,132,180,ok
train/9-55/10.jpg,9,55,112,112,80,46,57,90,0,ok
train/9-55/11.jpg,9,55,112,112,132,57,-1,-1,90,warn:rot_err=40.0;no_hour
train/9-55/12.jpg,9,55,112,112,163,89,141,42,90,ok
train/9-55/13.jpg,9,55,112,112,58,135,91,165,270,ok
train/9-55/14.jpg,9,55,112,112,125,69,-1,-1,90,warn:rot_err=43.2;no_hour
train/9-55/17.jpg,9,55,112,112,39,146,90,166,270,ok
train/9-55/19.jpg,9,55,112,112,28,153,91,165,270,ok
train/9-55/20.jpg,9,55,112,112,73,33,57,90,0,ok
train/9-55/21.jpg,9,55,112,112,79,42,58,91,0,ok
train/9-55/22.jpg,9,55,112,112,168,32,-1,-1,90,warn:rot_err=25.0;no_hour
train/9-55/23.jpg,9,55,112,112,195,56,170,85,90,ok
train/9-55/24.jpg,9,55,112,112,148,186,164,131,180,ok
train/9-55/25.jpg,9,55,112,112,-1,-1,-1,-1,-1,fail:no_candidates
train/9-55/26.jpg,9,55,112,112,68,25,58,91,0,ok
train/9-55/27.jpg,9,55,112,112,74,31,58,92,0,ok
train/9-55/28.jpg,9,55,112,112,79,43,58,91,0,ok
train/9-55/29.jpg,9,55,112,112,-1,-1,-1,-1,-1,fail:no_candidates
train/9-55/3.jpg,9,55,112,112,90,167,-1,-1,270,warn:rot_err=38.2;no_hour
train/9-55/31.jpg,9,55,112,112,78,41,79,102,0,ok
train/9-55/32.jpg,9,55,112,112,138,170,165,132,180,ok
train/9-55/33.jpg,9,55,112,112,71,29,58,91,0,ok
train/9-55/35.jpg,9,55,112,112,48,124,75,171,270,ok
train/9-55/36.jpg,9,55,112,112,-1,-1,-1,-1,-1,fail:no_candidates
train/9-55/37.jpg,9,55,112,112,142,177,165,132,180,ok
train/9-55/39.jpg,9,55,112,112,-1,-1,-1,-1,-1,fail:no_candidates
train/9-55/4.jpg,9,55,112,112,72,32,57,90,0,ok
train/9-55/41.jpg,9,55,112,112,72,31,52,34,0,ok
train/9-55/42.jpg,9,55,112,112,65,17,58,91,0,ok
train/9-55/43.jpg,9,55,112,112,-1,-1,-1,-1,-1,fail:no_candidates
train/9-55/44.jpg,9,55,112,112,67,23,56,89,0,ok
train/9-55/46.jpg,9,55,112,112,152,193,166,133,180,ok
train/9-55/47.jpg,9,55,112,112,74,33,-1,-1,0,ok;no_hour
train/9-55/48.jpg,9,55,112,112,77,38,48,87,0,ok
train/9-55/49.jpg,9,55,112,112,69,23,58,91,0,ok
train/9-55/5.jpg,9,55,112,112,179,79,133,57,90,ok
train/9-55/50.jpg,9,55,112,112,88,59,75,100,0,ok
train/9-55/51.jpg,9,55,112,112,151,191,166,133,180,ok
train/9-55/52.jpg,9,55,112,112,71,30,57,90,0,ok
train/9-55/54.jpg,9,55,112,112,-1,-1,-1,-1,-1,fail:no_candidates
train/9-55/55.jpg,9,55,112,112,-1,-1,-1,-1,-1,fail:no_candidates
train/9-55/56.jpg,9,55,112,112,187,75,133,57,90,ok
train/9-55/57.jpg,9,55,112,112,17,159,90,166,270,ok
train/9-55/58.jpg,9,55,112,112,-1,-1,-1,-1,-1,fail:no_candidates
train/9-55/59.jpg,9,55,112,112,144,120,-1,-1,90,warn:rot_err=44.0;no_hour
train/9-55/6.jpg,9,55,112,112,-1,-1,-1,-1,-1,fail:no_candidates
train/9-55/60.jpg,9,55,112,112,82,48,58,91,0,ok
train/9-55/61.jpg,9,55,112,112,196,70,133,57,90,ok
train/9-55/62.jpg,9,55,112,112,44,143,91,165,270,ok
train/9-55/63.jpg,9,55,112,112,30,152,91,165,270,ok
train/9-55/64.jpg,9,55,112,112,72,31,57,90,0,ok
train/9-55/67.jpg,9,55,112,112,65,18,58,91,0,ok
train/9-55/68.jpg,9,55,112,112,68,25,53,75,0,ok
train/9-55/69.jpg,9,55,112,112,85,54,57,90,0,ok
train/9-55/7.jpg,9,55,112,112,140,174,164,131,180,ok
train/9-55/71.jpg,9,55,112,112,81,47,58,91,0,ok
train/9-55/72.jpg,9,55,112,112,65,19,58,91,0,ok
train/9-55/73.jpg,9,55,112,112,152,193,181,140,180,ok
train/9-55/75.jpg,9,55,112,112,140,172,164,131,180,ok
train/9-55/76.jpg,9,55,112,112,30,153,91,165,270,ok
train/9-55/77.jpg,9,55,112,112,110,56,-1,-1,0,warn:rot_err=28.0;no_hour
train/9-55/78.jpg,9,55,112,112,151,191,-1,-1,180,ok;no_hour
train/9-55/79.jpg,9,55,112,112,58,135,91,165,270,ok
train/9-55/8.jpg,9,55,112,112,71,30,57,90,0,ok
train/9-55/81.jpg,9,55,112,112,71,31,58,91,0,ok
train/9-55/82.jpg,9,55,112,112,73,33,58,91,0,ok
train/9-55/83.jpg,9,55,112,112,171,85,132,57,90,ok
train/9-55/84.jpg,9,55,112,112,81,46,58,91,0,ok
train/9-55/85.jpg,9,55,112,112,151,192,164,131,180,ok
train/9-55/87.jpg,9,55,112,112,68,25,57,90,0,ok
train/9-55/89.jpg,9,55,112,112,84,52,39,82,0,ok
train/9-55/9.jpg,9,55,112,112,71,30,58,91,0,ok
train/9-55/91.jpg,9,55,112,112,89,59,58,91,0,ok
train/9-55/92.jpg,9,55,112,112,154,195,166,133,180,ok
train/9-55/93.jpg,9,55,112,112,154,196,164,131,180,ok
train/9-55/94.jpg,9,55,112,112,72,32,57,90,0,ok
train/9-55/96.jpg,9,55,112,112,172,83,133,57,90,ok
train/9-55/97.jpg,9,55,112,112,149,189,165,132,180,ok
train/9-55/98.jpg,9,55,112,112,141,174,166,133,180,ok
test/1-00/10.jpg,1,0,112,112,106,22,146,65,0,ok
test/1-00/31.jpg,1,0,112,112,106,44,146,65,0,ok
test/1-00/38.jpg,1,0,112,112,106,23,145,67,0,ok
test/1-00/50.jpg,1,0,112,112,54,117,61,75,270,ok
test/1-00/53.jpg,1,0,112,112,162,106,157,146,90,ok
test/1-00/59.jpg,1,0,112,112,143,106,-1,-1,90,ok;no_hour
test/1-00/60.jpg,1,0,112,112,188,106,158,146,90,ok
test/1-00/70.jpg,1,0,112,112,63,76,-1,-1,270,warn:rot_err=36.3;no_hour
test/1-00/75.jpg,1,0,112,112,201,106,159,146,90,ok
test/1-00/87.jpg,1,0,112,112,106,33,146,64,0,ok
test/1-05/1.jpg,1,5,112,112,45,80,65,74,270,ok
test/1-05/35.jpg,1,5,112,112,67,84,28,83,270,ok
test/1-05/36.jpg,1,5,112,112,146,68,-1,-1,0,ok;no_hour
test/1-05/40.jpg,1,5,112,112,67,75,-1,-1,270,ok;no_hour
test/1-05/45.jpg,1,5,112,112,151,32,148,66,0,ok
test/1-05/53.jpg,1,5,112,112,148,66,-1,-1,0,ok;no_hour
test/1-05/55.jpg,1,5,112,112,52,81,65,77,270,ok
test/1-05/7.jpg,1,5,112,112,139,81,-1,-1,0,ok;no_hour
test/1-05/70.jpg,1,5,112,112,151,31,148,66,0,ok
test/1-05/78.jpg,1,5,112,112,72,192,75,156,180,ok
test/1-10/13.jpg,1,10,112,112,169,85,139,61,0,ok
test/1-10/15.jpg,1,10,112,112,177,81,138,63,0,ok
test/1-10/24.jpg,1,10,112,112,181,78,137,64,0,ok
test/1-10/44.jpg,1,10,112,112,34,149,-1,-1,180,ok;no_hour
test/1-10/45.jpg,1,10,112,112,69,25,61,83,270,ok
test/1-10/5.jpg,1,10,112,112,181,78,140,61,0,ok
test/1-10/68.jpg,1,10,112,112,24,156,61,194,180,ok
test/1-10/7.jpg,1,10,112,112,137,168,162,141,90,ok
test/1-10/70.jpg,1,10,112,112,185,76,185,63,0,ok
test/1-10/72.jpg,1,10,112,112,19,159,83,162,180,ok
test/1-15/10.jpg,1,15,112,112,105,209,161,142,90,ok
test/1-15/38.jpg,1,15,112,112,105,200,161,142,90,ok
test/1-15/42.jpg,1,15,112,112,41,105,72,174,180,ok
test/1-15/55.jpg,1,15,112,112,-1,-1,-1,-1,-1,fail:no_candidates
test/1-15/72.jpg,1,15,112,112,203,117,141,63,0,ok
test/1-15/8.jpg,1,15,112,112,203,117,141,62,0,ok
test/1-15/84.jpg,1,15,112,112,186,118,141,62,0,ok
test/1-15/85.jpg,1,15,112,112,175,117,148,53,0,ok
test/1-15/90.jpg,1,15,112,112,106,200,153,150,90,ok
test/1-15/94.jpg,1,15,112,112,185,117,143,62,0,ok
test/1-20/32.jpg,1,20,112,112,34,60,80,159,180,ok
test/1-20/35.jpg,1,20,112,112,68,184,-1,-1,90,ok;no_hour
test/1-20/55.jpg,1,20,112,112,-1,-1,-1,-1,-1,fail:no_candidates
test/1-20/56.jpg,1,20,112,112,68,198,150,152,90,ok
test/1-20/67.jpg,1,20,112,112,142,64,-1,-1,270,ok;no_hour
test/1-20/72.jpg,1,20,112,112,161,36,64,80,270,ok
test/1-20/79.jpg,1,20,112,112,149,55,-1,-1,270,ok;no_hour
test/1-20/90.jpg,1,20,112,112,-1,-1,-1,-1,-1,fail:no_candidates
test/1-20/97.jpg,1,20,112,112,142,64,-1,-1,270,ok;no_hour
test/1-20/98.jpg,1,20,112,112,141,66,-1,-1,270,ok;no_hour
test/1-25/27.jpg,1,25,112,112,162,186,155,73,0,ok
test/1-25/31.jpg,1,25,112,112,150,190,155,72,0,ok
test/1-25/37.jpg,1,25,112,112,156,201,154,74,0,ok
test/1-25/45.jpg,1,25,112,112,156,200,155,72,0,ok
test/1-25/51.jpg,1,25,112,112,196,58,72,68,270,ok
test/1-25/57.jpg,1,25,112,112,143,181,155,72,0,ok
test/1-25/65.jpg,1,25,112,112,116,175,-1,-1,0,warn:rot_err=26.4;no_hour
test/1-25/67.jpg,1,25,112,112,71,30,78,158,180,ok
test/1-25/69.jpg,1,25,112,112,57,149,151,155,90,ok
test/1-25/85.jpg,1,25,112,112,152,193,154,74,0,ok
test/1-30/10.jpg,1,30,112,112,107,13,73,157,180,ok
test/1-30/12.jpg,1,30,112,112,105,79,74,157,180,ok
test/1-30/15.jpg,1,30,112,112,36,117,157,149,90,ok
test/1-30/39.jpg,1,30,112,112,-1,-1,-1,-1,-1,fail:no_candidates
test/1-30/49.jpg,1,30,112,112,105,67,75,157,180,ok
test/1-30/5.jpg,1,30,112,112,104,189,150,65,0,ok
test/1-30/76.jpg,1,30,112,112,116,206,156,75,0,ok
test/1-30/85.jpg,1,30,112,112,117,159,156,76,0,ok
test/1-30/86.jpg,1,30,112,112,116,192,157,74,0,ok
test/1-30/88.jpg,1,30,112,112,65,117,148,156,90,ok
test/1-35/17.jpg,1,35,112,112,63,206,153,83,0,ok
test/1-35/19.jpg,1,35,112,112,29,69,154,149,90,ok
test/1-35/33.jpg,1,35,112,112,75,186,152,67,0,ok
test/1-35/44.jpg,1,35,112,112,71,193,159,77,0,ok
test/1-35/6.jpg,1,35,112,112,-1,-1,-1,-1,-1,fail:no_candidates
test/1-35/66.jpg,1,35,112,112,75,186,158,78,0,ok
test/1-35/70.jpg,1,35,112,112,48,69,155,151,90,ok
test/1-35/77.jpg,1,35,112,112,69,191,-1,-1,0,ok;no_hour
test/1-35/83.jpg,1,35,112,112,161,36,74,154,180,ok
test/1-35/89.jpg,1,35,112,112,61,189,158,77,0,ok
test/1-40/36.jpg,1,40,112,112,-1,-1,-1,-1,-1,fail:no_candidates
test/1-40/38.jpg,1,40,112,112,62,36,152,151,90,ok
test/1-40/44.jpg,1,40,112,112,23,170,153,69,0,ok
test/1-40/52.jpg,1,40,112,112,64,142,171,70,0,ok
test/1-40/61.jpg,1,40,112,112,60,34,142,159,90,ok
test/1-40/64.jpg,1,40,112,112,54,23,153,152,90,ok
test/1-40/78.jpg,1,40,112,112,191,72,72,152,180,ok
test/1-40/79.jpg,1,40,112,112,71,137,165,88,0,ok
test/1-40/85.jpg,1,40,112,112,159,81,61,147,180,ok
test/1-40/9.jpg,1,40,112,112,156,177,80,64,270,ok
test/1-45/16.jpg,1,45,112,112,29,105,161,81,0,ok
test/1-45/17.jpg,1,45,112,112,105,201,81,62,270,ok
test/1-45/19.jpg,1,45,112,112,116,217,81,62,270,ok
test/1-45/34.jpg,1,45,112,112,154,116,71,151,180,ok
test/1-45/37.jpg,1,45,112,112,67,106,161,80,0,ok
test/1-45/51.jpg,1,45,112,112,22,105,161,80,0,ok
test/1-45/6.jpg,1,45,112,112,-1,-1,-1,-1,-1,fail:no_candidates
test/1-45/60.jpg,1,45,112,112,116,211,83,64,270,ok
test/1-45/62.jpg,1,45,112,112,105,81,152,154,90,ok
test/1-45/68.jpg,1,45,112,112,210,118,58,146,180,ok
test/1-50/15.jpg,1,50,112,112,42,64,159,86,0,ok
test/1-50/29.jpg,1,50,112,112,19,64,162,82,0,ok
test/1-50/33.jpg,1,50,112,112,71,194,84,61,270,ok
test/1-50/38.jpg,1,50,112,112,188,161,61,140,180,ok
test/1-50/46.jpg,1,50,112,112,31,72,162,83,0,ok
test/1-50/70.jpg,1,50,112,112,29,58,-1,-1,0,ok;no_hour
test/1-50/81.jpg,1,50,112,112,138,75,141,162,90,ok
test/1-50/84.jpg,1,50,112,112,184,161,69,150,180,ok
test/1-50/92.jpg,1,50,112,112,32,72,162,83,0,ok
test/1-50/94.jpg,1,50,112,112,-1,-1,-1,-1,-1,fail:no_candidates
test/1-55/13.jpg,1,55,112,112,164,86,-1,-1,90,ok;no_hour
test/1-55/19.jpg,1,55,112,112,163,191,68,147,180,ok
test/1-55/33.jpg,1,55,112,112,152,193,67,148,180,ok
test/1-55/65.jpg,1,55,112,112,141,174,67,148,180,ok
test/1-55/69.jpg,1,55,112,112,85,59,-1,-1,0,ok;no_hour
test/1-55/7.jpg,1,55,112,112,157,177,67,148,180,ok
test/1-55/77.jpg,1,55,112,112,54,109,-1,-1,270,warn:rot_err=33.0;no_hour
test/1-55/81.jpg,1,55,112,112,161,188,67,147,180,ok
test/1-55/87.jpg,1,55,112,112,61,35,163,86,0,ok
test/1-55/88.jpg,1,55,112,112,163,86,-1,-1,90,ok;no_hour
test/10-00/16.jpg,10,0,112,112,117,35,58,87,0,ok
test/10-00/21.jpg,10,0,112,112,118,40,67,94,0,ok
test/10-00/30.jpg,10,0,112,112,117,20,58,87,0,ok
test/10-00/35.jpg,10,0,112,112,63,121,73,175,270,ok
test/10-00/45.jpg,10,0,112,112,117,27,59,88,0,ok
test/10-00/60.jpg,10,0,112,112,187,117,135,59,90,ok
test/10-00/76.jpg,10,0,112,112,116,191,165,136,180,ok
test/10-00/77.jpg,10,0,112,112,116,215,156,145,180,ok
test/10-00/81.jpg,10,0,112,112,-1,-1,-1,-1,-1,fail:no_candidates
test/10-00/97.jpg,10,0,112,112,117,27,-1,-1,0,ok;no_hour
test/10-05/19.jpg,10,5,112,112,188,161,138,59,90,ok
test/10-05/20.jpg,10,5,112,112,28,57,85,164,270,ok
test/10-05/30.jpg,10,5,112,112,161,35,59,85,0,ok
test/10-05/47.jpg,10,5,112,112,65,204,156,148,180,ok
test/10-05/49.jpg,10,5,112,112,72,191,160,134,180,ok
test/10-05/50.jpg,10,5,112,112,152,30,52,65,0,ok
test/10-05/6.jpg,10,5,112,112,-1,-1,-1,-1,-1,fail:no_candidates
test/10-05/68.jpg,10,5,112,112,55,82,-1,-1,270,ok;no_hour
test/10-05/81.jpg,10,5,112,112,-1,-1,-1,-1,-1,fail:no_candidates
test/10-05/99.jpg,10,5,112,112,82,174,156,148,180,ok
test/10-10/11.jpg,10,10,112,112,61,84,-1,-1,270,warn:rot_err=31.2;no_hour
test/10-10/12.jpg,10,10,112,112,60,35,66,166,270,ok
test/10-10/2.jpg,10,10,112,112,72,31,87,158,270,ok
test/10-10/20.jpg,10,10,112,112,188,74,66,72,0,ok
test/10-10/3.jpg,10,10,112,112,170,85,57,81,0,ok
test/10-10/39.jpg,10,10,112,112,-1,-1,-1,-1,-1,fail:no_candidates
test/10-10/50.jpg,10,10,112,112,175,69,56,81,0,ok
test/10-10/84.jpg,10,10,112,112,173,70,45,73,0,ok
test/10-10/9.jpg,10,10,112,112,67,46,83,162,270,ok
test/10-10/96.jpg,10,10,112,112,154,175,162,52,90,ok
test/10-15/13.jpg,10,15,112,112,106,41,77,166,270,ok
test/10-15/49.jpg,10,15,112,112,55,116,162,143,180,ok
test/10-15/51.jpg,10,15,112,112,20,116,161,142,180,ok
test/10-15/58.jpg,10,15,112,112,-1,-1,-1,-1,-1,fail:no_candidates
test/10-15/62.jpg,10,15,112,112,192,117,62,81,0,ok
test/10-15/68.jpg,10,15,112,112,13,105,-1,-1,180,ok;no_hour
test/10-15/70.jpg,10,15,112,112,198,117,62,80,0,ok
test/10-15/72.jpg,10,15,112,112,117,20,81,161,270,ok
test/10-15/80.jpg,10,15,112,112,186,118,61,80,0,ok
test/10-15/86.jpg,10,15,112,112,116,193,152,68,90,ok
test/10-20/26.jpg,10,20,112,112,195,166,64,79,0,ok
test/10-20/36.jpg,10,20,112,112,-1,-1,-1,-1,-1,fail:no_candidates
test/10-20/40.jpg,10,20,112,112,160,146,75,72,0,ok
test/10-20/44.jpg,10,20,112,112,22,66,152,153,180,ok
test/10-20/50.jpg,10,20,112,112,42,63,163,148,180,ok
test/10-20/61.jpg,10,20,112,112,201,169,64,81,0,ok
test/10-20/62.jpg,10,20,112,112,65,82,178,156,180,ok
test/10-20/68.jpg,10,20,112,112,32,59,152,153,180,ok
test/10-20/69.jpg,10,20,112,112,176,155,49,69,0,ok
test/10-20/87.jpg,10,20,112,112,70,195,152,73,90,ok
test/10-25/20.jpg,10,25,112,112,31,165,155,72,90,ok
test/10-25/24.jpg,10,25,112,112,147,185,64,76,0,ok
test/10-25/3.jpg,10,25,112,112,194,72,-1,-1,270,ok;no_hour
test/10-25/47.jpg,10,25,112,112,56,28,150,155,180,ok
test/10-25/65.jpg,10,25,112,112,150,79,-1,-1,270,ok;no_hour
test/10-25/68.jpg,10,25,112,112,155,198,65,78,0,ok
test/10-25/7.jpg,10,25,112,112,36,161,152,78,90,ok
test/10-25/81.jpg,10,25,112,112,62,35,148,153,180,ok
test/10-25/83.jpg,10,25,112,112,40,160,155,74,90,ok
test/10-25/86.jpg,10,25,112,112,34,162,154,74,90,ok
test/10-30/11.jpg,10,30,112,112,76,157,-1,-1,0,warn:rot_err=38.7;no_hour
test/10-30/26.jpg,10,30,112,112,105,197,77,67,0,ok
test/10-30/32.jpg,10,30,112,112,117,180,61,70,0,ok
test/10-30/38.jpg,10,30,112,112,117,157,79,69,0,ok
test/10-30/51.jpg,10,30,112,112,117,20,147,156,180,ok
test/10-30/59.jpg,10,30,112,112,105,81,149,162,180,ok
test/10-30/72.jpg,10,30,112,112,117,158,67,77,0,ok
test/10-30/74.jpg,10,30,112,112,105,20,157,147,180,ok
test/10-30/8.jpg,10,30,112,112,105,201,76,66,0,ok
test/10-30/85.jpg,10,30,112,112,117,149,67,77,0,ok
test/10-35/2.jpg,10,35,112,112,74,188,68,72,0,ok
test/10-35/22.jpg,10,35,112,112,34,67,134,64,90,ok
test/10-35/28.jpg,10,35,112,112,186,161,74,154,270,ok
test/10-35/36.jpg,10,35,112,112,72,191,77,65,0,ok
test/10-35/46.jpg,10,35,112,112,71,193,68,73,0,ok
test/10-35/48.jpg,10,35,112,112,86,170,57,60,0,ok
test/10-35/73.jpg,10,35,112,112,71,193,67,52,0,ok
test/10-35/79.jpg,10,35,112,112,20,66,158,61,90,ok
test/10-35/88.jpg,10,35,112,112,74,188,76,64,0,ok
test/10-35/89.jpg,10,35,112,112,73,190,76,64,0,ok
test/10-40/27.jpg,10,40,112,112,87,70,-1,-1,90,ok;no_hour
test/10-40/65.jpg,10,40,112,112,83,87,-1,-1,90,ok;no_hour
test/10-40/7.jpg,10,40,112,112,38,160,81,64,0,ok
test/10-40/70.jpg,10,40,112,112,155,199,-1,-1,270,ok;no_hour
test/10-40/76.jpg,10,40,112,112,160,187,72,152,270,ok
test/10-40/78.jpg,10,40,112,112,61,34,159,79,90,ok
test/10-40/82.jpg,10,40,112,112,30,166,69,69,0,ok
test/10-40/87.jpg,10,40,112,112,45,156,79,64,0,ok
test/10-40/92.jpg,10,40,112,112,170,201,72,152,270,ok
test/10-40/97.jpg,10,40,112,112,79,63,-1,-1,90,ok;no_hour
test/10-45/20.jpg,10,45,112,112,27,116,81,62,0,ok
test/10-45/46.jpg,10,45,112,112,75,117,80,61,0,ok
test/10-45/5.jpg,10,45,112,112,35,117,81,62,0,ok
test/10-45/52.jpg,10,45,112,112,81,117,82,62,0,ok
test/10-45/58.jpg,10,45,112,112,116,189,64,140,270,ok
test/10-45/63.jpg,10,45,112,112,80,61,-1,-1,90,warn:rot_err=32.1;no_hour
test/10-45/67.jpg,10,45,112,112,20,116,83,64,0,ok
test/10-45/7.jpg,10,45,112,112,80,61,-1,-1,90,warn:rot_err=32.1;no_hour
test/10-45/75.jpg,10,45,112,112,106,37,161,81,90,ok
test/10-45/99.jpg,10,45,112,112,68,118,80,61,0,ok
test/10-50/21.jpg,10,50,112,112,205,158,139,162,180,ok
test/10-50/24.jpg,10,50,112,112,39,77,86,64,0,ok
test/10-50/27.jpg,10,50,112,112,91,71,-1,-1,0,warn:rot_err=32.9;no_hour
test/10-50/3.jpg,10,50,112,112,48,82,-1,-1,0,ok;no_hour
test/10-50/30.jpg,10,50,112,112,32,72,81,60,0,ok
test/10-50/57.jpg,10,50,112,112,168,137,143,166,180,ok
test/10-50/61.jpg,10,50,112,112,156,21,162,84,90,ok
test/10-50/70.jpg,10,50,112,112,41,65,40,77,0,ok
test/10-50/74.jpg,10,50,112,112,22,67,83,61,0,ok
test/10-50/77.jpg,10,50,112,112,51,108,-1,-1,0,warn:rot_err=26.2;no_hour
test/10-55/13.jpg,10,55,112,112,165,88,158,74,90,ok
test/10-55/18.jpg,10,55,112,112,91,63,73,64,0,ok
test/10-55/37.jpg,10,55,112,112,44,143,69,147,270,ok
test/10-55/47.jpg,10,55,112,112,74,34,74,66,0,ok
test/10-55/5.jpg,10,55,112,112,156,75,-1,-1,90,ok;no_hour
test/10-55/54.jpg,10,55,112,112,-1,-1,-1,-1,-1,fail:no_candidates
test/10-55/72.jpg,10,55,112,112,65,19,75,67,0,ok
test/10-55/76.jpg,10,55,112,112,70,30,75,65,0,ok
test/10-55/80.jpg,10,55,112,112,144,180,148,156,180,ok
test/10-55/99.jpg,10,55,112,112,140,175,148,157,180,ok
test/11-00/10.jpg,11,0,112,112,105,194,144,155,180,ok
test/11-00/18.jpg,11,0,112,112,117,59,92,91,0,ok
test/11-00/21.jpg,11,0,112,112,118,40,85,77,0,ok
test/11-00/30.jpg,11,0,112,112,117,20,78,64,0,ok
test/11-00/35.jpg,11,0,112,112,66,120,76,170,270,ok
test/11-00/48.jpg,11,0,112,112,118,48,74,60,0,ok
test/11-00/56.jpg,11,0,112,112,190,117,160,77,90,ok
test/11-00/85.jpg,11,0,112,112,167,117,161,77,90,ok
test/11-00/88.jpg,11,0,112,112,175,117,158,78,90,ok
test/11-00/91.jpg,11,0,112,112,104,170,151,169,180,ok
test/11-05/50.jpg,11,5,112,112,61,76,57,147,270,ok
test/11-05/52.jpg,11,5,112,112,161,35,79,62,0,ok
test/11-05/54.jpg,11,5,112,112,-1,-1,-1,-1,-1,fail:no_candidates
test/11-05/55.jpg,11,5,112,112,61,79,-1,-1,270,ok;no_hour
test/11-05/6.jpg,11,5,112,112,35,62,67,141,270,ok
test/11-05/61.jpg,11,5,112,112,40,63,65,143,270,ok
test/11-05/69.jpg,11,5,112,112,71,171,143,159,180,ok
test/11-05/7.jpg,11,5,112,112,74,165,143,159,180,ok
test/11-05/78.jpg,11,5,112,112,160,36,-1,-1,0,ok;no_hour
test/11-05/92.jpg,11,5,112,112,83,71,-1,-1,270,ok;no_hour
test/11-10/15.jpg,11,10,112,112,81,63,-1,-1,270,ok;no_hour
test/11-10/16.jpg,11,10,112,112,42,158,129,165,180,ok
test/11-10/31.jpg,11,10,112,112,39,160,127,161,180,ok
test/11-10/38.jpg,11,10,112,112,82,61,-1,-1,270,ok;no_hour
test/11-10/51.jpg,11,10,112,112,192,71,81,63,0,ok
test/11-10/74.jpg,11,10,112,112,81,62,-1,-1,270,ok;no_hour
test/11-10/76.jpg,11,10,112,112,192,71,-1,-1,0,ok;no_hour
test/11-10/78.jpg,11,10,112,112,82,63,-1,-1,270,ok;no_hour
test/11-10/79.jpg,11,10,112,112,80,62,-1,-1,270,ok;no_hour
test/11-10/95.jpg,11,10,112,112,161,81,-1,-1,0,ok;no_hour
test/11-15/17.jpg,11,15,112,112,194,117,96,57,0,ok
test/11-15/24.jpg,11,15,112,112,193,117,96,57,0,ok
test/11-15/33.jpg,11,15,112,112,117,193,164,83,90,ok
test/11-15/41.jpg,11,15,112,112,-1,-1,-1,-1,-1,fail:no_candidates
test/11-15/48.jpg,11,15,112,112,118,46,56,142,270,ok
test/11-15/61.jpg,11,15,112,112,117,14,60,139,270,ok
test/11-15/68.jpg,11,15,112,112,13,105,-1,-1,180,ok;no_hour
test/11-15/87.jpg,11,15,112,112,193,117,95,56,0,ok
test/11-15/9.jpg,11,15,112,112,116,185,168,95,90,ok
test/11-15/95.jpg,11,15,112,112,116,199,167,95,90,ok
test/11-20/10.jpg,11,20,112,112,34,61,126,168,180,ok
test/11-20/21.jpg,11,20,112,112,181,158,98,55,0,ok
test/11-20/39.jpg,11,20,112,112,-1,-1,-1,-1,-1,fail:no_candidates
test/11-20/48.jpg,11,20,112,112,138,78,37,146,270,ok
test/11-20/51.jpg,11,20,112,112,188,161,85,59,0,ok
test/11-20/63.jpg,11,20,112,112,188,161,-1,-1,0,ok;no_hour
test/11-20/88.jpg,11,20,112,112,182,159,-1,-1,0,ok;no_hour
test/11-20/92.jpg,11,20,112,112,199,167,99,58,0,ok
test/11-20/93.jpg,11,20,112,112,190,162,-1,-1,0,ok;no_hour
test/11-20/97.jpg,11,20,112,112,167,26,60,137,270,ok
test/11-25/25.jpg,11,25,112,112,-1,-1,-1,-1,-1,fail:no_candidates
test/11-25/26.jpg,11,25,112,112,67,23,122,168,180,ok
test/11-25/36.jpg,11,25,112,112,36,160,166,101,90,ok
test/11-25/40.jpg,11,25,112,112,161,187,100,54,0,ok
test/11-25/67.jpg,11,25,112,112,161,187,88,58,0,ok
test/11-25/69.jpg,11,25,112,112,145,182,100,53,0,ok
test/11-25/70.jpg,11,25,112,112,166,111,-1,-1,270,warn:rot_err=28.9;no_hour
test/11-25/83.jpg,11,25,112,112,160,183,87,58,0,ok
test/11-25/88.jpg,11,25,112,112,153,195,100,53,0,ok
test/11-25/98.jpg,11,25,112,112,205,64,60,134,270,ok
test/11-30/26.jpg,11,30,112,112,195,117,58,132,270,ok
test/11-30/49.jpg,11,30,112,112,117,158,90,55,0,ok
test/11-30/50.jpg,11,30,112,112,67,118,167,90,90,ok
test/11-30/57.jpg,11,30,112,112,105,173,102,51,0,ok
test/11-30/69.jpg,11,30,112,112,117,180,86,41,0,ok
test/11-30/7.jpg,11,30,112,112,117,158,90,57,0,ok
test/11-30/77.jpg,11,30,112,112,54,112,-1,-1,90,ok;no_hour
test/11-30/81.jpg,11,30,112,112,155,106,55,121,270,ok
test/11-30/87.jpg,11,30,112,112,105,196,90,57,0,ok
test/11-30/97.jpg,11,30,112,112,117,159,103,54,0,ok
test/11-35/11.jpg,11,35,112,112,-1,-1,-1,-1,-1,fail:no_candidates
test/11-35/14.jpg,11,35,112,112,71,195,-1,-1,0,ok;no_hour
test/11-35/28.jpg,11,35,112,112,61,189,92,58,0,ok
test/11-35/33.jpg,11,35,112,112,187,161,56,130,270,ok
test/11-35/57.jpg,11,35,112,112,86,169,92,58,0,ok
test/11-35/69.jpg,11,35,112,112,71,194,105,54,0,ok
test/11-35/7.jpg,11,35,112,112,160,39,130,165,180,ok
test/11-35/71.jpg,11,35,112,112,152,30,131,166,180,ok
test/11-35/74.jpg,11,35,112,112,82,175,104,52,0,ok
test/11-35/8.jpg,11,35,112,112,71,193,92,57,0,ok
test/11-40/14.jpg,11,40,112,112,162,90,-1,-1,180,ok;no_hour
test/11-40/15.jpg,11,40,112,112,61,36,170,108,90,ok
test/11-40/28.jpg,11,40,112,112,71,30,170,108,90,ok
test/11-40/30.jpg,11,40,112,112,34,161,108,54,0,ok
test/11-40/41.jpg,11,40,112,112,167,87,-1,-1,180,ok;no_hour
test/11-40/42.jpg,11,40,112,112,72,54,169,108,90,ok
test/11-40/44.jpg,11,40,112,112,22,156,108,53,0,ok
test/11-40/52.jpg,11,40,112,112,153,171,54,127,270,ok
test/11-40/79.jpg,11,40,112,112,135,165,52,115,270,ok
test/11-40/80.jpg,11,40,112,112,68,20,166,95,90,ok
test/11-45/13.jpg,11,45,112,112,106,27,-1,-1,90,ok;no_hour
test/11-45/35.jpg,11,45,112,112,81,203,-1,-1,270,ok;no_hour
test/11-45/39.jpg,11,45,112,112,-1,-1,-1,-1,-1,fail:no_candidates
test/11-45/57.jpg,11,45,112,112,111,51,-1,-1,90,ok;no_hour
test/11-45/61.jpg,11,45,112,112,111,165,-1,-1,270,ok;no_hour
test/11-45/65.jpg,11,45,112,112,109,178,-1,-1,270,ok;no_hour
test/11-45/76.jpg,11,45,112,112,110,54,-1,-1,90,ok;no_hour
test/11-45/8.jpg,11,45,112,112,171,109,-1,-1,180,ok;no_hour
test/11-45/96.jpg,11,45,112,112,110,53,-1,-1,90,ok;no_hour
test/11-45/98.jpg,11,45,112,112,32,116,109,51,0,ok
test/11-50/13.jpg,11,50,112,112,30,71,111,32,0,ok
test/11-50/25.jpg,11,50,112,112,-1,-1,-1,-1,-1,fail:no_candidates
test/11-50/43.jpg,11,50,112,112,43,78,-1,-1,0,ok;no_hour
test/11-50/54.jpg,11,50,112,112,-1,-1,-1,-1,-1,fail:no_candidates
test/11-50/60.jpg,11,50,112,112,76,185,54,110,270,ok
test/11-50/7.jpg,11,50,112,112,31,72,113,54,0,ok
test/11-50/76.jpg,11,50,112,112,152,31,171,112,90,ok
test/11-50/77.jpg,11,50,112,112,112,52,-1,-1,90,warn:rot_err=30.0;no_hour
test/11-50/87.jpg,11,50,112,112,77,183,54,110,270,ok
test/11-50/9.jpg,11,50,112,112,81,176,72,108,270,ok
test/11-55/19.jpg,11,55,112,112,60,32,115,55,0,ok
test/11-55/29.jpg,11,55,112,112,55,25,-1,-1,0,ok;no_hour
test/11-55/31.jpg,11,55,112,112,68,49,116,64,0,ok
test/11-55/33.jpg,11,55,112,112,156,178,107,168,180,ok
test/11-55/51.jpg,11,55,112,112,161,187,107,167,180,ok
test/11-55/58.jpg,11,55,112,112,23,169,54,108,270,ok
test/11-55/65.jpg,11,55,112,112,141,136,108,142,180,ok
test/11-55/70.jpg,11,55,112,112,21,158,45,156,270,ok
test/11-55/8.jpg,11,55,112,112,54,24,115,54,0,ok
test/11-55/91.jpg,11,55,112,112,62,37,116,53,0,ok
test/12-00/25.jpg,12,0,112,112,117,45,106,56,0,ok
test/12-00/31.jpg,12,0,112,112,44,117,56,104,270,ok
test/12-00/42.jpg,12,0,112,112,118,28,105,56,0,ok
test/12-00/45.jpg,12,0,112,112,118,54,105,56,0,ok
test/12-00/50.jpg,12,0,112,112,52,118,54,103,270,ok
test/12-00/63.jpg,12,0,112,112,56,118,58,103,270,ok
test/12-00/74.jpg,12,0,112,112,48,118,48,103,270,ok
test/12-00/82.jpg,12,0,112,112,54,117,56,104,270,ok
test/12-00/83.jpg,12,0,112,112,53,118,56,103,270,ok
test/12-00/92.jpg,12,0,112,112,169,118,144,105,90,ok
test/12-05/23.jpg,12,5,112,112,193,165,189,149,90,ok
test/12-05/32.jpg,12,5,112,112,24,54,54,115,270,ok
test/12-05/41.jpg,12,5,112,112,164,149,-1,-1,90,ok;no_hour
test/12-05/52.jpg,12,5,112,112,161,36,107,56,0,ok
test/12-05/71.jpg,12,5,112,112,54,115,-1,-1,270,warn:rot_err=33.0;no_hour
test/12-05/76.jpg,12,5,112,112,36,62,-1,-1,270,ok;no_hour
test/12-05/85.jpg,12,5,112,112,143,68,107,54,0,ok
test/12-05/89.jpg,12,5,112,112,75,164,114,177,180,ok
test/12-05/9.jpg,12,5,112,112,151,54,107,56,0,ok
test/12-05/99.jpg,12,5,112,112,71,170,115,170,180,ok
test/12-10/16.jpg,12,10,112,112,78,41,54,113,270,ok
test/12-10/21.jpg,12,10,112,112,79,43,56,114,270,ok
test/12-10/30.jpg,12,10,112,112,191,72,110,54,0,ok
test/12-10/35.jpg,12,10,112,112,46,125,82,202,180,ok
test/12-10/36.jpg,12,10,112,112,150,190,166,109,90,ok
test/12-10/46.jpg,12,10,112,112,167,109,-1,-1,0,warn:rot_err=26.9;no_hour
test/12-10/47.jpg,12,10,112,112,68,24,53,113,270,ok
test/12-10/64.jpg,12,10,112,112,193,70,110,54,0,ok
test/12-10/86.jpg,12,10,112,112,44,144,112,171,180,ok
test/12-10/88.jpg,12,10,112,112,142,176,159,108,90,ok
test/12-15/1.jpg,12,15,112,112,113,39,-1,-1,270,ok;no_hour
test/12-15/20.jpg,12,15,112,112,113,53,-1,-1,270,ok;no_hour
test/12-15/3.jpg,12,15,112,112,180,118,-1,-1,0,ok;no_hour
test/12-15/45.jpg,12,15,112,112,113,53,-1,-1,270,ok;no_hour
test/12-15/48.jpg,12,15,112,112,47,109,-1,-1,180,ok;no_hour
test/12-15/52.jpg,12,15,112,112,170,113,-1,-1,0,ok;no_hour
test/12-15/58.jpg,12,15,112,112,112,56,-1,-1,270,ok;no_hour
test/12-15/64.jpg,12,15,112,112,112,55,-1,-1,270,ok;no_hour
test/12-15/67.jpg,12,15,112,112,110,170,-1,-1,90,ok;no_hour
test/12-15/99.jpg,12,15,112,112,114,146,-1,-1,90,ok;no_hour
test/12-20/10.jpg,12,20,112,112,188,161,114,55,0,ok
test/12-20/21.jpg,12,20,112,112,158,42,55,95,270,ok
test/12-20/26.jpg,12,20,112,112,195,166,-1,-1,0,ok;no_hour
test/12-20/39.jpg,12,20,112,112,217,98,-1,-1,0,warn:rot_err=37.6;no_hour
test/12-20/48.jpg,12,20,112,112,84,173,167,128,90,ok
test/12-20/67.jpg,12,20,112,112,58,196,162,127,90,ok
test/12-20/8.jpg,12,20,112,112,188,161,113,58,0,ok
test/12-20/85.jpg,12,20,112,112,61,189,169,114,90,ok
test/12-20/89.jpg,12,20,112,112,30,70,106,180,180,ok
test/12-20/97.jpg,12,20,112,112,68,198,168,127,90,ok
test/12-25/23.jpg,12,25,112,112,166,196,119,48,0,ok
test/12-25/4.jpg,12,25,112,112,192,71,57,92,270,ok
test/12-25/55.jpg,12,25,112,112,-1,-1,-1,-1,-1,fail:no_candidates
test/12-25/61.jpg,12,25,112,112,71,30,105,169,180,ok
test/12-25/68.jpg,12,25,112,112,69,26,-1,-1,180,ok;no_hour
test/12-25/73.jpg,12,25,112,112,72,31,102,183,180,ok
test/12-25/84.jpg,12,25,112,112,153,194,118,54,0,ok
test/12-25/85.jpg,12,25,112,112,193,71,56,105,270,ok
test/12-25/89.jpg,12,25,112,112,193,70,-1,-1,270,ok;no_hour
test/12-25/91.jpg,12,25,112,112,65,145,170,117,90,ok
test/12-30/16.jpg,12,30,112,112,116,190,132,59,0,ok
test/12-30/40.jpg,12,30,112,112,117,156,132,60,0,ok
test/12-30/45.jpg,12,30,112,112,117,20,103,169,180,ok
test/12-30/48.jpg,12,30,112,112,117,61,105,155,180,ok
test/12-30/52.jpg,12,30,112,112,105,201,132,59,0,ok
test/12-30/56.jpg,12,30,112,112,117,21,103,169,180,ok
test/12-30/57.jpg,12,30,112,112,118,59,-1,-1,180,ok;no_hour
test/12-30/75.jpg,12,30,112,112,116,184,132,58,0,ok
test/12-30/9.jpg,12,30,112,112,119,56,106,156,180,ok
test/12-30/96.jpg,12,30,112,112,103,195,120,54,0,ok
test/12-35/21.jpg,12,35,112,112,61,188,122,55,0,ok
test/12-35/41.jpg,12,35,112,112,186,161,53,100,270,ok
test/12-35/51.jpg,12,35,112,112,161,35,88,165,180,ok
test/12-35/53.jpg,12,35,112,112,54,201,122,55,0,ok
test/12-35/55.jpg,12,35,112,112,69,191,132,57,0,ok
test/12-35/62.jpg,12,35,112,112,160,38,100,169,180,ok
test/12-35/8.jpg,12,35,112,112,195,166,55,101,270,ok
test/12-35/80.jpg,12,35,112,112,74,190,-1,-1,0,ok;no_hour
test/12-35/81.jpg,12,35,112,112,183,159,55,100,270,ok
test/12-35/88.jpg,12,35,112,112,31,72,157,119,90,ok
test/12-40/18.jpg,12,40,112,112,160,90,96,172,180,ok
test/12-40/30.jpg,12,40,112,112,35,161,137,59,0,ok
test/12-40/36.jpg,12,40,112,112,-1,-1,-1,-1,-1,fail:no_candidates
test/12-40/43.jpg,12,40,112,112,-1,-1,-1,-1,-1,fail:no_candidates
test/12-40/56.jpg,12,40,112,112,25,168,137,61,0,ok
test/12-40/65.jpg,12,40,112,112,178,80,97,168,180,ok
test/12-40/75.jpg,12,40,112,112,151,192,55,97,270,ok
test/12-40/84.jpg,12,40,112,112,176,81,97,169,180,ok
test/12-40/95.jpg,12,40,112,112,36,162,137,61,0,ok
test/12-40/96.jpg,12,40,112,112,161,186,54,97,270,ok
test/12-45/29.jpg,12,45,112,112,9,105,129,55,0,ok
test/12-45/32.jpg,12,45,112,112,24,102,139,60,0,ok
test/12-45/41.jpg,12,45,112,112,203,117,-1,-1,180,ok;no_hour
test/12-45/6.jpg,12,45,112,112,-1,-1,-1,-1,-1,fail:no_candidates
test/12-45/63.jpg,12,45,112,112,128,55,-1,-1,90,ok;no_hour
test/12-45/69.jpg,12,45,112,112,50,104,139,62,0,ok
test/12-45/78.jpg,12,45,112,112,67,117,139,61,0,ok
test/12-45/91.jpg,12,45,112,112,68,118,139,61,0,ok
test/12-45/92.jpg,12,45,112,112,66,117,139,60,0,ok
test/12-45/98.jpg,12,45,112,112,117,157,64,84,270,ok
test/12-50/41.jpg,12,50,112,112,34,61,159,18,0,ok
test/12-50/43.jpg,12,50,112,112,-1,-1,-1,-1,-1,fail:no_candidates
test/12-50/45.jpg,12,50,112,112,141,64,-1,-1,90,ok;no_hour
test/12-50/52.jpg,12,50,112,112,141,64,-1,-1,90,ok;no_hour
test/12-50/6.jpg,12,50,112,112,161,140,-1,-1,180,ok;no_hour
test/12-50/72.jpg,12,50,112,112,141,65,-1,-1,90,ok;no_hour
test/12-50/76.jpg,12,50,112,112,141,61,-1,-1,90,ok;no_hour
test/12-50/77.jpg,12,50,112,112,109,169,-1,-1,270,warn:rot_err=27.0;no_hour
test/12-50/78.jpg,12,50,112,112,153,30,167,131,90,ok
test/12-50/79.jpg,12,50,112,112,142,63,-1,-1,90,ok;no_hour
test/12-55/33.jpg,12,55,112,112,45,157,61,79,270,ok
test/12-55/48.jpg,12,55,112,112,76,61,151,50,0,ok
test/12-55/5.jpg,12,55,112,112,68,47,143,65,0,ok
test/12-55/50.jpg,12,55,112,112,76,62,143,64,0,ok
test/12-55/64.jpg,12,55,112,112,59,33,143,64,0,ok
test/12-55/66.jpg,12,55,112,112,171,71,160,143,90,ok
test/12-55/71.jpg,12,55,112,112,-1,-1,-1,-1,-1,fail:no_candidates
test/12-55/77.jpg,12,55,112,112,112,55,-1,-1,0,warn:rot_err=30.0;no_hour
test/12-55/86.jpg,12,55,112,112,159,181,79,161,180,ok
test/12-55/9.jpg,12,55,112,112,37,161,62,79,270,ok
test/2-00/13.jpg,2,0,112,112,51,116,89,58,270,ok
test/2-00/14.jpg,2,0,112,112,63,131,-1,-1,270,ok;no_hour
test/2-00/20.jpg,2,0,112,112,28,116,89,59,270,ok
test/2-00/21.jpg,2,0,112,112,187,105,134,165,90,ok
test/2-00/30.jpg,2,0,112,112,106,22,164,89,0,ok
test/2-00/53.jpg,2,0,112,112,138,173,-1,-1,180,ok;no_hour
test/2-00/77.jpg,2,0,112,112,8,116,-1,-1,270,ok;no_hour
test/2-00/8.jpg,2,0,112,112,106,7,165,89,0,ok
test/2-00/97.jpg,2,0,112,112,106,18,165,89,0,ok
test/2-00/99.jpg,2,0,112,112,105,42,165,89,0,ok
test/2-05/39.jpg,2,5,112,112,-1,-1,-1,-1,-1,fail:no_candidates
test/2-05/41.jpg,2,5,112,112,68,207,-1,-1,180,ok;no_hour
test/2-05/46.jpg,2,5,112,112,152,30,165,91,0,ok
test/2-05/57.jpg,2,5,112,112,87,166,77,122,180,ok
test/2-05/70.jpg,2,5,112,112,36,62,29,71,270,ok
test/2-05/73.jpg,2,5,112,112,153,30,165,91,0,ok
test/2-05/83.jpg,2,5,112,112,165,91,-1,-1,0,warn:rot_err=38.4;no_hour
test/2-05/86.jpg,2,5,112,112,153,28,165,91,0,ok
test/2-05/95.jpg,2,5,112,112,157,20,166,90,0,ok
test/2-05/99.jpg,2,5,112,112,37,76,90,57,270,ok
test/2-10/13.jpg,2,10,112,112,70,51,93,56,270,ok
test/2-10/14.jpg,2,10,112,112,159,77,-1,-1,0,ok;no_hour
test/2-10/33.jpg,2,10,112,112,192,59,167,93,0,ok
test/2-10/40.jpg,2,10,112,112,188,61,167,93,0,ok
test/2-10/49.jpg,2,10,112,112,186,62,168,92,0,ok
test/2-10/74.jpg,2,10,112,112,61,36,95,58,270,ok
test/2-10/87.jpg,2,10,112,112,181,65,-1,-1,0,ok;no_hour
test/2-10/93.jpg,2,10,112,112,161,187,-1,-1,90,ok;no_hour
test/2-10/96.jpg,2,10,112,112,175,68,166,94,0,ok
test/2-10/97.jpg,2,10,112,112,199,55,167,93,0,ok
test/2-15/1.jpg,2,15,112,112,169,118,161,83,0,ok
test/2-15/30.jpg,2,15,112,112,203,117,162,83,0,ok
test/2-15/36.jpg,2,15,112,112,202,117,161,84,0,ok
test/2-15/48.jpg,2,15,112,112,177,118,169,79,0,ok
test/2-15/57.jpg,2,15,112,112,169,118,-1,-1,0,ok;no_hour
test/2-15/79.jpg,2,15,112,112,55,105,63,139,180,ok
test/2-15/87.jpg,2,15,112,112,193,117,163,83,0,ok
test/2-15/91.jpg,2,15,112,112,176,118,158,84,0,ok
test/2-15/96.jpg,2,15,112,112,188,118,161,83,0,ok
test/2-15/97.jpg,2,15,112,112,213,117,162,83,0,ok
test/2-20/23.jpg,2,20,112,112,164,148,170,138,0,ok
test/2-20/4.jpg,2,20,112,112,61,189,137,163,90,ok
test/2-20/64.jpg,2,20,112,112,34,61,61,137,180,ok
test/2-20/72.jpg,2,20,112,112,161,36,85,60,270,ok
test/2-20/73.jpg,2,20,112,112,160,146,175,81,0,ok
test/2-20/82.jpg,2,20,112,112,188,161,164,85,0,ok
test/2-20/83.jpg,2,20,112,112,173,154,156,88,0,ok
test/2-20/87.jpg,2,20,112,112,178,156,163,85,0,ok
test/2-20/91.jpg,2,20,112,112,148,59,84,58,270,ok
test/2-20/94.jpg,2,20,112,112,-1,-1,-1,-1,-1,fail:no_candidates
test/2-25/18.jpg,2,25,112,112,166,87,-1,-1,270,ok;no_hour
test/2-25/31.jpg,2,25,112,112,151,190,169,100,0,ok
test/2-25/35.jpg,2,25,112,112,128,99,87,93,270,ok
test/2-25/50.jpg,2,25,112,112,85,52,58,136,180,ok
test/2-25/65.jpg,2,25,112,112,134,162,-1,-1,0,ok;no_hour
test/2-25/75.jpg,2,25,112,112,194,71,100,53,270,ok
test/2-25/79.jpg,2,25,112,112,163,88,-1,-1,270,ok;no_hour
test/2-25/86.jpg,2,25,112,112,34,162,-1,-1,90,ok;no_hour
test/2-25/96.jpg,2,25,112,112,193,71,88,58,270,ok
test/2-25/99.jpg,2,25,112,112,25,169,134,160,90,ok
test/2-30/26.jpg,2,30,112,112,106,157,170,102,0,ok
test/2-30/31.jpg,2,30,112,112,154,116,102,53,270,ok
test/2-30/37.jpg,2,30,112,112,120,169,-1,-1,0,ok;no_hour
test/2-30/53.jpg,2,30,112,112,118,155,171,101,0,ok
test/2-30/55.jpg,2,30,112,112,-1,-1,-1,-1,-1,fail:no_candidates
test/2-30/62.jpg,2,30,112,112,191,117,-1,-1,270,ok;no_hour
test/2-30/80.jpg,2,30,112,112,186,118,103,54,270,ok
test/2-30/85.jpg,2,30,112,112,117,159,170,102,0,ok
test/2-30/92.jpg,2,30,112,112,105,201,171,101,0,ok
test/2-30/98.jpg,2,30,112,112,116,177,170,102,0,ok
test/2-35/35.jpg,2,35,112,112,34,62,-1,-1,90,ok;no_hour
test/2-35/4.jpg,2,35,112,112,188,161,92,57,270,ok
test/2-35/46.jpg,2,35,112,112,37,62,130,165,90,ok
test/2-35/47.jpg,2,35,112,112,70,193,169,105,0,ok
test/2-35/52.jpg,2,35,112,112,178,143,92,57,270,ok
test/2-35/54.jpg,2,35,112,112,153,141,94,63,270,ok
test/2-35/58.jpg,2,35,112,112,65,202,166,93,0,ok
test/2-35/62.jpg,2,35,112,112,157,45,56,130,180,ok
test/2-35/78.jpg,2,35,112,112,160,37,55,118,180,ok
test/2-35/8.jpg,2,35,112,112,57,196,166,92,0,ok
test/2-40/21.jpg,2,40,112,112,47,155,168,95,0,ok
test/2-40/31.jpg,2,40,112,112,153,196,108,53,270,ok
test/2-40/36.jpg,2,40,112,112,168,201,107,53,270,ok
test/2-40/48.jpg,2,40,112,112,136,168,107,44,270,ok
test/2-40/5.jpg,2,40,112,112,55,26,128,167,90,ok
test/2-40/50.jpg,2,40,112,112,187,61,56,128,180,ok
test/2-40/65.jpg,2,40,112,112,109,177,-1,-1,270,warn:rot_err=32.6;no_hour
test/2-40/72.jpg,2,40,112,112,27,167,170,108,0,ok
test/2-40/80.jpg,2,40,112,112,80,45,128,167,90,ok
test/2-40/93.jpg,2,40,112,112,35,161,170,108,0,ok
test/2-45/10.jpg,2,45,112,112,170,110,66,117,180,ok
test/2-45/2.jpg,2,45,112,112,106,27,125,166,90,ok
test/2-45/21.jpg,2,45,112,112,32,117,165,96,0,ok
test/2-45/3.jpg,2,45,112,112,171,110,67,118,180,ok
test/2-45/47.jpg,2,45,112,112,110,53,117,212,90,ok
test/2-45/56.jpg,2,45,112,112,212,117,60,125,180,ok
test/2-45/68.jpg,2,45,112,112,37,105,-1,-1,0,ok;no_hour
test/2-45/72.jpg,2,45,112,112,110,53,117,157,90,ok
test/2-45/78.jpg,2,45,112,112,113,169,106,22,270,ok
test/2-45/79.jpg,2,45,112,112,167,111,77,106,180,ok
test/2-50/1.jpg,2,50,112,112,173,155,61,123,180,ok
test/2-50/11.jpg,2,50,112,112,22,67,-1,-1,0,ok;no_hour
test/2-50/32.jpg,2,50,112,112,55,86,169,101,0,ok
test/2-50/53.jpg,2,50,112,112,19,66,170,113,0,ok
test/2-50/71.jpg,2,50,112,112,52,71,167,114,0,ok
test/2-50/79.jpg,2,50,112,112,58,88,164,114,0,ok
test/2-50/87.jpg,2,50,112,112,25,55,-1,-1,0,ok;no_hour
test/2-50/90.jpg,2,50,112,112,-1,-1,-1,-1,-1,fail:no_candidates
test/2-50/94.jpg,2,50,112,112,31,70,-1,-1,0,ok;no_hour
test/2-50/99.jpg,2,50,112,112,173,140,56,123,180,ok
test/2-55/25.jpg,2,55,112,112,150,168,57,120,180,ok
test/2-55/34.jpg,2,55,112,112,148,187,54,108,180,ok
test/2-55/50.jpg,2,55,112,112,76,62,170,115,0,ok
test/2-55/51.jpg,2,55,112,112,62,36,166,102,0,ok
test/2-55/52.jpg,2,55,112,112,23,157,115,54,270,ok
test/2-55/53.jpg,2,55,112,112,37,161,115,53,270,ok
test/2-55/61.jpg,2,55,112,112,196,69,119,154,90,ok
test/2-55/71.jpg,2,55,112,112,68,26,167,116,0,ok
test/2-55/78.jpg,2,55,112,112,161,187,57,107,180,ok
test/2-55/97.jpg,2,55,112,112,149,188,54,120,180,ok
test/3-00/16.jpg,3,0,112,112,34,116,118,53,270,ok
test/3-00/2.jpg,3,0,112,112,117,10,170,118,0,ok
test/3-00/23.jpg,3,0,112,112,50,116,118,46,270,ok
test/3-00/28.jpg,3,0,112,112,106,32,170,118,0,ok
test/3-00/46.jpg,3,0,112,112,106,37,170,118,0,ok
test/3-00/5.jpg,3,0,112,112,36,117,119,55,270,ok
test/3-00/6.jpg,3,0,112,112,-1,-1,-1,-1,-1,fail:no_candidates
test/3-00/65.jpg,3,0,112,112,109,178,-1,-1,180,ok;no_hour
test/3-00/67.jpg,3,0,112,112,117,20,168,105,0,ok
test/3-00/8.jpg,3,0,112,112,106,7,170,118,0,ok
test/3-05/20.jpg,3,5,112,112,152,31,169,120,0,ok
test/3-05/24.jpg,3,5,112,112,156,23,169,120,0,ok
test/3-05/30.jpg,3,5,112,112,190,150,102,166,90,ok
test/3-05/38.jpg,3,5,112,112,161,35,168,120,0,ok
test/3-05/54.jpg,3,5,112,112,-1,-1,-1,-1,-1,fail:no_candidates
test/3-05/59.jpg,3,5,112,112,122,82,-1,-1,0,ok;no_hour
test/3-05/80.jpg,3,5,112,112,30,71,-1,-1,270,ok;no_hour
test/3-05/85.jpg,3,5,112,112,193,152,-1,-1,90,ok;no_hour
test/3-05/92.jpg,3,5,112,112,31,71,-1,-1,270,ok;no_hour
test/3-05/99.jpg,3,5,112,112,150,32,167,121,0,ok
test/3-10/0.jpg,3,10,112,112,198,56,169,122,0,ok
test/3-10/13.jpg,3,10,112,112,172,70,169,122,0,ok
test/3-10/22.jpg,3,10,112,112,201,55,-1,-1,0,ok;no_hour
test/3-10/50.jpg,3,10,112,112,154,175,99,165,90,ok
test/3-10/52.jpg,3,10,112,112,72,140,56,100,180,ok
test/3-10/55.jpg,3,10,112,112,-1,-1,-1,-1,-1,fail:no_candidates
test/3-10/6.jpg,3,10,112,112,-1,-1,-1,-1,-1,fail:no_candidates
test/3-10/62.jpg,3,10,112,112,181,65,169,122,0,ok
test/3-10/77.jpg,3,10,112,112,54,112,-1,-1,180,warn:rot_err=30.0;no_hour
test/3-10/83.jpg,3,10,112,112,176,68,168,123,0,ok
test/3-15/13.jpg,3,15,112,112,106,41,125,54,270,ok
test/3-15/21.jpg,3,15,112,112,213,105,164,126,0,ok
test/3-15/24.jpg,3,15,112,112,116,190,97,167,90,ok
test/3-15/37.jpg,3,15,112,112,211,106,168,125,0,ok
test/3-15/54.jpg,3,15,112,112,114,201,-1,-1,90,ok;no_hour
test/3-15/66.jpg,3,15,112,112,106,19,125,57,270,ok
test/3-15/67.jpg,3,15,112,112,116,196,-1,-1,90,ok;no_hour
test/3-15/78.jpg,3,15,112,112,106,22,125,55,270,ok
test/3-15/8.jpg,3,15,112,112,105,25,126,59,270,ok
test/3-15/99.jpg,3,15,112,112,183,105,165,126,0,ok
test/3-20/10.jpg,3,20,112,112,161,36,115,53,270,ok
test/3-20/15.jpg,3,20,112,112,187,162,164,113,0,ok
test/3-20/2.jpg,3,20,112,112,164,113,-1,-1,0,warn:rot_err=28.9;no_hour
test/3-20/26.jpg,3,20,112,112,195,166,167,114,0,ok
test/3-20/33.jpg,3,20,112,112,161,36,114,55,270,ok
test/3-20/45.jpg,3,20,112,112,182,158,164,113,0,ok
test/3-20/57.jpg,3,20,112,112,146,63,115,52,270,ok
test/3-20/85.jpg,3,20,112,112,61,189,-1,-1,90,ok;no_hour
test/3-20/87.jpg,3,20,112,112,168,114,-1,-1,0,warn:rot_err=28.0;no_hour
test/3-20/91.jpg,3,20,112,112,162,147,168,114,0,ok
test/3-25/29.jpg,3,25,112,112,198,70,-1,-1,270,ok;no_hour
test/3-25/31.jpg,3,25,112,112,150,190,169,118,0,ok
test/3-25/37.jpg,3,25,112,112,144,179,169,118,0,ok
test/3-25/40.jpg,3,25,112,112,160,206,184,121,0,ok
test/3-25/44.jpg,3,25,112,112,152,193,165,116,0,ok
test/3-25/63.jpg,3,25,112,112,31,151,-1,-1,90,ok;no_hour
test/3-25/7.jpg,3,25,112,112,152,193,170,119,0,ok
test/3-25/81.jpg,3,25,112,112,116,57,-1,-1,180,warn:rot_err=34.2;no_hour
test/3-25/85.jpg,3,25,112,112,152,193,-1,-1,0,ok;no_hour
test/3-25/86.jpg,3,25,112,112,69,25,53,104,180,ok
test/3-30/22.jpg,3,30,112,112,159,44,-1,-1,180,warn:rot_err=34.7;no_hour
test/3-30/36.jpg,3,30,112,112,-1,-1,-1,-1,-1,fail:no_candidates
test/3-30/49.jpg,3,30,112,112,116,170,171,121,0,ok
test/3-30/77.jpg,3,30,112,112,110,167,145,115,0,ok
test/3-30/81.jpg,3,30,112,112,107,42,-1,-1,180,ok;no_hour
test/3-30/83.jpg,3,30,112,112,105,138,166,133,0,ok
test/3-30/89.jpg,3,30,112,112,106,46,52,101,180,ok
test/3-30/90.jpg,3,30,112,112,-1,-1,-1,-1,-1,fail:no_candidates
test/3-30/91.jpg,3,30,112,112,169,120,-1,-1,270,ok;no_hour
test/3-30/95.jpg,3,30,112,112,22,105,102,170,90,ok
test/3-35/13.jpg,3,35,112,112,193,152,134,61,270,ok
test/3-35/27.jpg,3,35,112,112,154,132,-1,-1,270,ok;no_hour
test/3-35/28.jpg,3,35,112,112,187,161,134,60,270,ok
test/3-35/33.jpg,3,35,112,112,187,161,134,60,270,ok
test/3-35/34.jpg,3,35,112,112,65,182,-1,-1,0,ok;no_hour
test/3-35/36.jpg,3,35,112,112,-1,-1,-1,-1,-1,fail:no_candidates
test/3-35/38.jpg,3,35,112,112,72,191,-1,-1,0,ok;no_hour
test/3-35/73.jpg,3,35,112,112,152,30,58,88,180,ok
test/3-35/83.jpg,3,35,112,112,187,161,122,54,270,ok
test/3-35/97.jpg,3,35,112,112,71,193,162,134,0,ok
test/3-40/0.jpg,3,40,112,112,28,165,165,124,0,ok
test/3-40/19.jpg,3,40,112,112,32,163,-1,-1,0,ok;no_hour
test/3-40/22.jpg,3,40,112,112,127,149,136,59,270,ok
test/3-40/32.jpg,3,40,112,112,155,174,126,55,270,ok
test/3-40/42.jpg,3,40,112,112,171,84,56,98,180,ok
test/3-40/49.jpg,3,40,112,112,54,151,163,123,0,ok
test/3-40/60.jpg,3,40,112,112,27,167,167,125,0,ok
test/3-40/62.jpg,3,40,112,112,43,158,167,125,0,ok
test/3-40/86.jpg,3,40,112,112,42,158,167,125,0,ok
test/3-40/89.jpg,3,40,112,112,54,151,165,124,0,ok
test/3-45/11.jpg,3,45,112,112,212,106,-1,-1,180,ok;no_hour
test/3-45/18.jpg,3,45,112,112,151,121,-1,-1,180,ok;no_hour
test/3-45/23.jpg,3,45,112,112,11,118,-1,-1,0,ok;no_hour
test/3-45/26.jpg,3,45,112,112,116,193,139,62,270,ok
test/3-45/29.jpg,3,45,112,112,156,117,55,95,180,ok
test/3-45/41.jpg,3,45,112,112,93,174,-1,-1,270,ok;no_hour
test/3-45/8.jpg,3,45,112,112,116,211,139,64,270,ok
test/3-45/82.jpg,3,45,112,112,18,116,162,139,0,ok
test/3-45/95.jpg,3,45,112,112,116,200,138,66,270,ok
test/3-45/99.jpg,3,45,112,112,45,117,167,127,0,ok
test/3-50/10.jpg,3,50,112,112,198,154,58,94,180,ok
test/3-50/14.jpg,3,50,112,112,160,142,70,95,180,ok
test/3-50/21.jpg,3,50,112,112,159,141,22,67,180,ok
test/3-50/24.jpg,3,50,112,112,167,26,94,165,90,ok
test/3-50/30.jpg,3,50,112,112,71,192,129,58,270,ok
test/3-50/40.jpg,3,50,112,112,164,143,30,71,180,ok
test/3-50/6.jpg,3,50,112,112,31,71,164,129,0,ok
test/3-50/61.jpg,3,50,112,112,62,81,191,151,0,ok
test/3-50/77.jpg,3,50,112,112,138,64,113,168,90,ok
test/3-50/9.jpg,3,50,112,112,81,161,141,47,270,ok
test/3-55/17.jpg,3,55,112,112,45,157,143,64,270,ok
test/3-55/19.jpg,3,55,112,112,195,70,90,166,90,ok
test/3-55/29.jpg,3,55,112,112,55,23,186,158,0,ok
test/3-55/38.jpg,3,55,112,112,62,35,160,143,0,ok
test/3-55/50.jpg,3,55,112,112,147,161,62,79,180,ok
test/3-55/66.jpg,3,55,112,112,52,152,142,67,270,ok
test/3-55/74.jpg,3,55,112,112,85,54,165,131,0,ok
test/3-55/75.jpg,3,55,112,112,141,175,62,79,180,ok
test/3-55/93.jpg,3,55,112,112,62,36,166,133,0,ok
test/3-55/99.jpg,3,55,112,112,72,55,160,143,0,ok
test/4-00/1.jpg,4,0,112,112,118,65,158,146,0,ok
test/4-00/25.jpg,4,0,112,112,-1,-1,-1,-1,-1,fail:no_candidates
test/4-00/29.jpg,4,0,112,112,-1,-1,-1,-1,-1,fail:no_candidates
test/4-00/41.jpg,4,0,112,112,118,47,192,164,0,ok
test/4-00/52.jpg,4,0,112,112,116,177,67,77,180,ok
test/4-00/74.jpg,4,0,112,112,117,173,-1,-1,180,ok;no_hour
test/4-00/78.jpg,4,0,112,112,117,21,-1,-1,0,ok;no_hour
test/4-00/80.jpg,4,0,112,112,201,105,89,164,90,ok
test/4-00/83.jpg,4,0,112,112,105,11,165,135,0,ok
test/4-00/88.jpg,4,0,112,112,175,117,87,165,90,ok
test/4-05/13.jpg,4,5,112,112,71,193,59,86,180,ok
test/4-05/15.jpg,4,5,112,112,151,32,165,139,0,ok
test/4-05/20.jpg,4,5,112,112,165,28,164,138,0,ok
test/4-05/24.jpg,4,5,112,112,155,24,163,137,0,ok
test/4-05/27.jpg,4,5,112,112,162,35,196,153,0,ok
test/4-05/42.jpg,4,5,112,112,70,196,65,90,180,ok
test/4-05/55.jpg,4,5,112,112,63,85,-1,-1,270,ok;no_hour
test/4-05/67.jpg,4,5,112,112,153,30,157,148,0,ok
test/4-05/68.jpg,4,5,112,112,192,165,-1,-1,90,ok;no_hour
test/4-05/84.jpg,4,5,112,112,144,44,164,137,0,ok
test/4-10/11.jpg,4,10,112,112,-1,-1,-1,-1,-1,fail:no_candidates
test/4-10/16.jpg,4,10,112,112,180,66,162,140,0,ok
test/4-10/35.jpg,4,10,112,112,62,121,-1,-1,180,ok;no_hour
test/4-10/59.jpg,4,10,112,112,135,92,-1,-1,0,ok;no_hour
test/4-10/73.jpg,4,10,112,112,41,159,69,73,180,ok
test/4-10/74.jpg,4,10,112,112,61,35,-1,-1,270,ok;no_hour
test/4-10/80.jpg,4,10,112,112,176,68,155,150,0,ok
test/4-10/81.jpg,4,10,112,112,60,33,149,69,270,ok
test/4-10/86.jpg,4,10,112,112,58,31,149,71,270,ok
test/4-10/95.jpg,4,10,112,112,201,54,162,140,0,ok
test/4-15/0.jpg,4,15,112,112,190,106,152,151,0,ok
test/4-15/13.jpg,4,15,112,112,182,106,151,151,0,ok
test/4-15/36.jpg,4,15,112,112,107,19,149,73,270,ok
test/4-15/52.jpg,4,15,112,112,106,42,152,69,270,ok
test/4-15/55.jpg,4,15,112,112,-1,-1,-1,-1,-1,fail:no_candidates
test/4-15/60.jpg,4,15,112,112,212,106,154,152,0,ok
test/4-15/68.jpg,4,15,112,112,13,105,50,116,180,ok
test/4-15/74.jpg,4,15,112,112,105,24,-1,-1,270,ok;no_hour
test/4-15/93.jpg,4,15,112,112,186,106,154,152,0,ok
test/4-15/98.jpg,4,15,112,112,116,195,72,152,90,ok
test/4-20/12.jpg,4,20,112,112,17,65,71,70,180,ok
test/4-20/17.jpg,4,20,112,112,195,154,150,152,0,ok
test/4-20/38.jpg,4,20,112,112,190,150,150,152,0,ok
test/4-20/41.jpg,4,20,112,112,-1,-1,-1,-1,-1,fail:no_candidates
test/4-20/49.jpg,4,20,112,112,193,152,149,152,0,ok
test/4-20/5.jpg,4,20,112,112,78,181,70,151,90,ok
test/4-20/6.jpg,4,20,112,112,192,152,150,152,0,ok
test/4-20/64.jpg,4,20,112,112,191,151,152,153,0,ok
test/4-20/67.jpg,4,20,112,112,193,152,149,152,0,ok
test/4-20/69.jpg,4,20,112,112,179,144,150,152,0,ok
test/4-25/14.jpg,4,25,112,112,144,94,140,92,270,ok
test/4-25/17.jpg,4,25,112,112,150,190,158,145,0,ok
test/4-25/25.jpg,4,25,112,112,-1,-1,-1,-1,-1,fail:no_candidates
test/4-25/35.jpg,4,25,112,112,53,123,66,185,90,ok
test/4-25/45.jpg,4,25,112,112,74,34,65,78,180,ok
test/4-25/51.jpg,4,25,112,112,150,190,158,145,0,ok
test/4-25/72.jpg,4,25,112,112,152,192,158,145,0,ok
test/4-25/8.jpg,4,25,112,112,202,65,142,67,270,ok
test/4-25/97.jpg,4,25,112,112,193,71,142,67,270,ok
test/4-25/98.jpg,4,25,112,112,158,205,158,145,0,ok
test/4-30/22.jpg,4,30,112,112,73,110,-1,-1,90,ok;no_hour
test/4-30/3.jpg,4,30,112,112,171,119,-1,-1,270,ok;no_hour
test/4-30/32.jpg,4,30,112,112,70,106,77,156,90,ok
test/4-30/49.jpg,4,30,112,112,117,53,67,77,180,ok
test/4-30/70.jpg,4,30,112,112,-1,-1,-1,-1,-1,fail:no_candidates
test/4-30/76.jpg,4,30,112,112,106,157,156,147,0,ok
test/4-30/80.jpg,4,30,112,112,154,144,-1,-1,270,warn:rot_err=37.3;no_hour
test/4-30/88.jpg,4,30,112,112,105,182,156,147,0,ok
test/4-30/89.jpg,4,30,112,112,85,106,77,156,90,ok
test/4-30/95.jpg,4,30,112,112,106,156,156,147,0,ok
test/4-35/18.jpg,4,35,112,112,71,194,156,151,0,ok
test/4-35/2.jpg,4,35,112,112,65,182,155,151,0,ok
test/4-35/25.jpg,4,35,112,112,-1,-1,-1,-1,-1,fail:no_candidates
test/4-35/27.jpg,4,35,112,112,89,164,155,151,0,ok
test/4-35/29.jpg,4,35,112,112,56,198,155,150,0,ok
test/4-35/40.jpg,4,35,112,112,80,178,154,149,0,ok
test/4-35/44.jpg,4,35,112,112,71,193,155,150,0,ok
test/4-35/54.jpg,4,35,112,112,78,76,-1,-1,90,ok;no_hour
test/4-35/60.jpg,4,35,112,112,67,199,155,152,0,ok
test/4-35/95.jpg,4,35,112,112,64,205,155,151,0,ok
test/4-40/14.jpg,4,40,112,112,140,157,-1,-1,270,ok;no_hour
test/4-40/20.jpg,4,40,112,112,38,160,145,160,0,ok
test/4-40/24.jpg,4,40,112,112,44,157,145,160,0,ok
test/4-40/34.jpg,4,40,112,112,32,164,153,152,0,ok
test/4-40/50.jpg,4,40,112,112,142,158,-1,-1,270,ok;no_hour
test/4-40/52.jpg,4,40,112,112,142,159,-1,-1,270,ok;no_hour
test/4-40/62.jpg,4,40,112,112,179,66,78,63,180,ok
test/4-40/64.jpg,4,40,112,112,23,170,145,160,0,ok
test/4-40/68.jpg,4,40,112,112,25,154,-1,-1,0,ok;no_hour
test/4-40/88.jpg,4,40,112,112,27,153,152,150,0,ok
test/4-45/23.jpg,4,45,112,112,106,47,-1,-1,90,ok;no_hour
test/4-45/28.jpg,4,45,112,112,68,106,143,162,0,ok
test/4-45/30.jpg,4,45,112,112,20,116,143,161,0,ok
test/4-45/32.jpg,4,45,112,112,118,46,69,152,90,ok
test/4-45/34.jpg,4,45,112,112,203,117,82,63,180,ok
test/4-45/40.jpg,4,45,112,112,76,106,142,161,0,ok
test/4-45/5.jpg,4,45,112,112,117,85,70,152,90,ok
test/4-45/72.jpg,4,45,112,112,105,201,161,81,270,ok
test/4-45/95.jpg,4,45,112,112,23,116,142,161,0,ok
test/4-45/99.jpg,4,45,112,112,105,158,162,80,270,ok
test/4-50/0.jpg,4,50,112,112,33,59,150,155,0,ok
test/4-50/45.jpg,4,50,112,112,34,60,140,162,0,ok
test/4-50/46.jpg,4,50,112,112,71,193,162,84,270,ok
test/4-50/48.jpg,4,50,112,112,53,71,168,179,0,ok
test/4-50/62.jpg,4,50,112,112,28,70,141,162,0,ok
test/4-50/69.jpg,4,50,112,112,49,83,140,162,0,ok
test/4-50/76.jpg,4,50,112,112,152,31,61,141,90,ok
test/4-50/86.jpg,4,50,112,112,195,153,81,60,180,ok
test/4-50/9.jpg,4,50,112,112,43,65,139,161,0,ok
test/4-50/98.jpg,4,50,112,112,79,179,-1,-1,270,ok;no_hour
test/4-55/44.jpg,4,55,112,112,163,190,74,64,180,ok
test/4-55/49.jpg,4,55,112,112,56,28,148,157,0,ok
test/4-55/59.jpg,4,55,112,112,87,132,-1,-1,270,ok;no_hour
test/4-55/63.jpg,4,55,112,112,39,160,163,87,270,ok
test/4-55/75.jpg,4,55,112,112,160,184,75,67,180,ok
test/4-55/85.jpg,4,55,112,112,72,31,152,163,0,ok
test/4-55/89.jpg,4,55,112,112,148,165,88,62,180,ok
test/4-55/90.jpg,4,55,112,112,62,35,147,155,0,ok
test/4-55/91.jpg,4,55,112,112,160,77,45,162,90,ok
test/4-55/94.jpg,4,55,112,112,192,70,-1,-1,90,ok;no_hour
test/5-00/15.jpg,5,0,112,112,117,46,145,158,0,ok
test/5-00/24.jpg,5,0,112,112,117,35,145,158,0,ok
test/5-00/45.jpg,5,0,112,112,117,27,144,156,0,ok
test/5-00/50.jpg,5,0,112,112,118,56,148,188,0,ok
test/5-00/55.jpg,5,0,112,112,-1,-1,-1,-1,-1,fail:no_candidates
test/5-00/62.jpg,5,0,112,112,190,117,58,135,90,ok
test/5-00/70.jpg,5,0,112,112,118,69,-1,-1,0,ok;no_hour
test/5-00/85.jpg,5,0,112,112,117,55,146,159,0,ok
test/5-00/98.jpg,5,0,112,112,117,48,145,159,0,ok
test/5-00/99.jpg,5,0,112,112,44,117,165,88,270,ok
test/5-05/2.jpg,5,5,112,112,32,72,158,80,270,ok
test/5-05/34.jpg,5,5,112,112,32,72,158,80,270,ok
test/5-05/60.jpg,5,5,112,112,204,158,67,142,90,ok
test/5-05/68.jpg,5,5,112,112,69,197,-1,-1,180,ok;no_hour
test/5-05/80.jpg,5,5,112,112,150,32,143,159,0,ok
test/5-05/85.jpg,5,5,112,112,160,39,-1,-1,0,ok;no_hour
test/5-05/86.jpg,5,5,112,112,161,36,-1,-1,0,ok;no_hour
test/5-05/87.jpg,5,5,112,112,161,36,-1,-1,0,ok;no_hour
test/5-05/89.jpg,5,5,112,112,18,63,161,80,270,ok
test/5-05/95.jpg,5,5,112,112,159,18,-1,-1,0,ok;no_hour
test/5-10/31.jpg,5,10,112,112,63,39,165,94,270,ok
test/5-10/38.jpg,5,10,112,112,35,161,93,57,180,ok
test/5-10/4.jpg,5,10,112,112,81,61,-1,-1,270,ok;no_hour
test/5-10/43.jpg,5,10,112,112,-1,-1,-1,-1,-1,fail:no_candidates
test/5-10/68.jpg,5,10,112,112,199,67,-1,-1,0,ok;no_hour
test/5-10/74.jpg,5,10,112,112,37,161,-1,-1,180,ok;no_hour
test/5-10/78.jpg,5,10,112,112,187,62,130,166,0,ok
test/5-10/83.jpg,5,10,112,112,64,141,-1,-1,180,ok;no_hour
test/5-10/9.jpg,5,10,112,112,81,62,-1,-1,270,ok;no_hour
test/5-10/98.jpg,5,10,112,112,178,67,-1,-1,0,ok;no_hour
test/5-15/41.jpg,5,15,112,112,-1,-1,-1,-1,-1,fail:no_candidates
test/5-15/5.jpg,5,15,112,112,36,117,95,55,180,ok
test/5-15/61.jpg,5,15,112,112,14,116,95,55,180,ok
test/5-15/76.jpg,5,15,112,112,203,117,-1,-1,0,ok;no_hour
test/5-15/83.jpg,5,15,112,112,199,105,-1,-1,0,ok;no_hour
test/5-15/84.jpg,5,15,112,112,34,117,95,55,180,ok
test/5-15/9.jpg,5,15,112,112,187,106,127,166,0,ok
test/5-15/90.jpg,5,15,112,112,188,117,127,164,0,ok
test/5-15/91.jpg,5,15,112,112,201,105,140,162,0,ok
test/5-15/98.jpg,5,15,112,112,205,106,124,160,0,ok
test/5-20/35.jpg,5,20,112,112,151,48,160,102,270,ok
test/5-20/38.jpg,5,20,112,112,71,192,55,126,90,ok
test/5-20/40.jpg,5,20,112,112,98,56,-1,-1,270,warn:rot_err=44.0;no_hour
test/5-20/45.jpg,5,20,112,112,193,152,125,167,0,ok
test/5-20/5.jpg,5,20,112,112,180,144,125,168,0,ok
test/5-20/70.jpg,5,20,112,112,187,148,-1,-1,0,ok;no_hour
test/5-20/77.jpg,5,20,112,112,127,165,-1,-1,0,warn:rot_err=44.2;no_hour
test/5-20/87.jpg,5,20,112,112,185,147,124,165,0,ok
test/5-20/95.jpg,5,20,112,112,202,157,125,167,0,ok
test/5-20/97.jpg,5,20,112,112,156,24,155,24,270,ok
test/5-25/21.jpg,5,25,112,112,30,165,55,122,90,ok
test/5-25/24.jpg,5,25,112,112,32,164,57,121,90,ok
test/5-25/41.jpg,5,25,112,112,-1,-1,-1,-1,-1,fail:no_candidates
test/5-25/70.jpg,5,25,112,112,111,58,-1,-1,180,warn:rot_err=28.9;no_hour
test/5-25/74.jpg,5,25,112,112,61,36,100,54,180,ok
test/5-25/80.jpg,5,25,112,112,48,156,53,123,90,ok
test/5-25/90.jpg,5,25,112,112,-1,-1,-1,-1,-1,fail:no_candidates
test/5-25/96.jpg,5,25,112,112,167,73,166,102,270,ok
test/5-25/98.jpg,5,25,112,112,150,168,-1,-1,0,ok;no_hour
test/5-25/99.jpg,5,25,112,112,53,152,-1,-1,90,ok;no_hour
test/5-30/10.jpg,5,30,112,112,106,156,132,166,0,ok
test/5-30/14.jpg,5,30,112,112,117,67,90,57,180,ok
test/5-30/22.jpg,5,30,112,112,60,132,-1,-1,90,ok;no_hour
test/5-30/27.jpg,5,30,112,112,105,157,133,166,0,ok
test/5-30/33.jpg,5,30,112,112,103,200,-1,-1,0,ok;no_hour
test/5-30/49.jpg,5,30,112,112,59,132,-1,-1,90,ok;no_hour
test/5-30/54.jpg,5,30,112,112,105,157,131,156,0,ok
test/5-30/62.jpg,5,30,112,112,105,193,132,166,0,ok
test/5-30/64.jpg,5,30,112,112,105,200,132,166,0,ok
test/5-30/99.jpg,5,30,112,112,79,105,57,133,90,ok
test/5-35/1.jpg,5,35,112,112,49,69,57,131,90,ok
test/5-35/11.jpg,5,35,112,112,33,60,-1,-1,90,ok;no_hour
test/5-35/20.jpg,5,35,112,112,59,193,130,163,0,ok
test/5-35/3.jpg,5,35,112,112,62,76,-1,-1,90,ok;no_hour
test/5-35/4.jpg,5,35,112,112,61,189,130,165,0,ok
test/5-35/41.jpg,5,35,112,112,61,189,-1,-1,0,ok;no_hour
test/5-35/57.jpg,5,35,112,112,55,86,-1,-1,90,ok;no_hour
test/5-35/65.jpg,5,35,112,112,141,136,-1,-1,270,ok;no_hour
test/5-35/76.jpg,5,35,112,112,62,187,130,167,0,ok
test/5-35/98.jpg,5,35,112,112,71,171,130,166,0,ok
test/5-40/12.jpg,5,40,112,112,18,160,127,164,0,ok
test/5-40/29.jpg,5,40,112,112,-1,-1,-1,-1,-1,fail:no_candidates
test/5-40/35.jpg,5,40,112,112,125,164,164,106,270,ok
test/5-40/38.jpg,5,40,112,112,30,153,127,168,0,ok
test/5-40/47.jpg,5,40,112,112,25,168,127,164,0,ok
test/5-40/60.jpg,5,40,112,112,26,167,127,164,0,ok
test/5-40/62.jpg,5,40,112,112,42,159,127,165,0,ok
test/5-40/64.jpg,5,40,112,112,71,31,55,114,90,ok
test/5-40/90.jpg,5,40,112,112,37,160,127,168,0,ok
test/5-40/91.jpg,5,40,112,112,62,134,119,198,0,ok
test/5-45/20.jpg,5,45,112,112,109,52,-1,-1,90,ok;no_hour
test/5-45/22.jpg,5,45,112,112,125,166,-1,-1,270,ok;no_hour
test/5-45/30.jpg,5,45,112,112,54,113,-1,-1,0,ok;no_hour
test/5-45/38.jpg,5,45,112,112,113,169,-1,-1,270,ok;no_hour
test/5-45/42.jpg,5,45,112,112,113,170,-1,-1,270,ok;no_hour
test/5-45/46.jpg,5,45,112,112,112,168,-1,-1,270,ok;no_hour
test/5-45/85.jpg,5,45,112,112,112,169,-1,-1,270,ok;no_hour
test/5-45/87.jpg,5,45,112,112,112,168,-1,-1,270,ok;no_hour
test/5-45/92.jpg,5,45,112,112,170,110,-1,-1,180,ok;no_hour
test/5-45/94.jpg,5,45,112,112,114,169,-1,-1,270,ok;no_hour
test/5-50/18.jpg,5,50,112,112,24,68,123,176,0,ok
test/5-50/29.jpg,5,50,112,112,194,152,114,55,180,ok
test/5-50/43.jpg,5,50,112,112,-1,-1,-1,-1,-1,fail:no_candidates
test/5-50/5.jpg,5,50,112,112,47,68,123,167,0,ok
test/5-50/56.jpg,5,50,112,112,22,67,122,168,0,ok
test/5-50/59.jpg,5,50,112,112,87,91,120,141,0,ok
test/5-50/7.jpg,5,50,112,112,36,61,122,170,0,ok
test/5-50/76.jpg,5,50,112,112,30,70,122,168,0,ok
test/5-50/86.jpg,5,50,112,112,27,70,122,169,0,ok
test/5-50/9.jpg,5,50,112,112,54,72,122,169,0,ok
test/5-55/16.jpg,5,55,112,112,44,157,169,115,270,ok
test/5-55/18.jpg,5,55,112,112,36,161,176,101,270,ok
test/5-55/23.jpg,5,55,112,112,167,195,-1,-1,180,ok;no_hour
test/5-55/25.jpg,5,55,112,112,53,152,-1,-1,270,ok;no_hour
test/5-55/28.jpg,5,55,112,112,68,47,119,150,0,ok
test/5-55/35.jpg,5,55,112,112,69,30,119,167,0,ok
test/5-55/60.jpg,5,55,112,112,67,47,120,169,0,ok
test/5-55/81.jpg,5,55,112,112,160,188,-1,-1,180,ok;no_hour
test/5-55/9.jpg,5,55,112,112,154,80,56,107,90,ok
test/5-55/92.jpg,5,55,112,112,69,28,107,167,0,ok
test/6-00/11.jpg,6,0,112,112,-1,-1,-1,-1,-1,fail:no_candidates
test/6-00/19.jpg,6,0,112,112,6,105,159,118,270,ok
test/6-00/24.jpg,6,0,112,112,117,35,118,141,0,ok
test/6-00/56.jpg,6,0,112,112,117,33,118,141,0,ok
test/6-00/57.jpg,6,0,112,112,60,105,157,119,270,ok
test/6-00/6.jpg,6,0,112,112,174,117,83,118,90,ok
test/6-00/62.jpg,6,0,112,112,105,192,118,56,180,ok
test/6-00/75.jpg,6,0,112,112,117,42,117,169,0,ok
test/6-00/77.jpg,6,0,112,112,53,111,-1,-1,270,ok;no_hour
test/6-00/89.jpg,6,0,112,112,117,53,117,169,0,ok
test/6-05/18.jpg,6,5,112,112,153,29,114,184,0,ok
test/6-05/19.jpg,6,5,112,112,161,35,114,171,0,ok
test/6-05/36.jpg,6,5,112,112,63,205,119,58,180,ok
test/6-05/37.jpg,6,5,112,112,154,25,114,171,0,ok
test/6-05/42.jpg,6,5,112,112,70,195,120,57,180,ok
test/6-05/6.jpg,6,5,112,112,31,71,168,120,270,ok
test/6-05/65.jpg,6,5,112,112,-1,-1,-1,-1,-1,fail:no_candidates
test/6-05/70.jpg,6,5,112,112,161,36,-1,-1,0,ok;no_hour
test/6-05/79.jpg,6,5,112,112,164,135,-1,-1,90,ok;no_hour
test/6-05/84.jpg,6,5,112,112,71,193,121,57,180,ok
test/6-10/10.jpg,6,10,112,112,71,29,169,122,270,ok
test/6-10/19.jpg,6,10,112,112,61,33,168,122,270,ok
test/6-10/27.jpg,6,10,112,112,34,164,121,74,180,ok
test/6-10/36.jpg,6,10,112,112,-1,-1,-1,-1,-1,fail:no_candidates
test/6-10/48.jpg,6,10,112,112,186,61,116,164,0,ok
test/6-10/59.jpg,6,10,112,112,132,136,-1,-1,90,ok;no_hour
test/6-10/71.jpg,6,10,112,112,192,72,113,169,0,ok
test/6-10/75.jpg,6,10,112,112,36,161,122,59,180,ok
test/6-10/76.jpg,6,10,112,112,192,71,102,151,0,ok
test/6-10/92.jpg,6,10,112,112,68,26,169,122,270,ok
test/6-15/13.jpg,6,15,112,112,116,180,50,109,90,ok
test/6-15/20.jpg,6,15,112,112,208,106,109,171,0,ok
test/6-15/24.jpg,6,15,112,112,33,116,125,54,180,ok
test/6-15/28.jpg,6,15,112,112,110,170,-1,-1,90,ok;no_hour
test/6-15/41.jpg,6,15,112,112,-1,-1,-1,-1,-1,fail:no_candidates
test/6-15/44.jpg,6,15,112,112,216,118,97,166,0,ok
test/6-15/54.jpg,6,15,112,112,113,201,-1,-1,90,ok;no_hour
test/6-15/59.jpg,6,15,112,112,82,116,121,84,180,ok
test/6-15/88.jpg,6,15,112,112,206,106,109,171,0,ok
test/6-15/98.jpg,6,15,112,112,116,195,52,109,90,ok
test/6-20/13.jpg,6,20,112,112,82,174,56,95,90,ok
test/6-20/16.jpg,6,20,112,112,196,153,108,170,0,ok
test/6-20/18.jpg,6,20,112,112,71,193,50,93,90,ok
test/6-20/2.jpg,6,20,112,112,66,202,56,95,90,ok
test/6-20/22.jpg,6,20,112,112,157,40,-1,-1,270,ok;no_hour
test/6-20/38.jpg,6,20,112,112,186,160,107,171,0,ok
test/6-20/43.jpg,6,20,112,112,56,199,55,96,90,ok
test/6-20/47.jpg,6,20,112,112,198,167,95,165,0,ok
test/6-20/58.jpg,6,20,112,112,-1,-1,-1,-1,-1,fail:no_candidates
test/6-20/62.jpg,6,20,112,112,29,71,127,56,180,ok
test/6-25/32.jpg,6,25,112,112,73,57,131,57,180,ok
test/6-25/33.jpg,6,25,112,112,70,52,130,57,180,ok
test/6-25/39.jpg,6,25,112,112,-1,-1,-1,-1,-1,fail:no_candidates
test/6-25/47.jpg,6,25,112,112,166,197,92,166,0,ok
test/6-25/57.jpg,6,25,112,112,170,199,92,166,0,ok
test/6-25/64.jpg,6,25,112,112,190,61,165,130,270,ok
test/6-25/7.jpg,6,25,112,112,63,39,130,56,180,ok
test/6-25/71.jpg,6,25,112,112,69,49,130,60,180,ok
test/6-25/80.jpg,6,25,112,112,155,174,92,166,0,ok
test/6-25/88.jpg,6,25,112,112,182,63,163,130,270,ok
test/6-30/32.jpg,6,30,112,112,190,105,167,132,270,ok
test/6-30/33.jpg,6,30,112,112,117,190,90,167,0,ok
test/6-30/36.jpg,6,30,112,112,-1,-1,-1,-1,-1,fail:no_candidates
test/6-30/40.jpg,6,30,112,112,116,193,90,166,0,ok
test/6-30/46.jpg,6,30,112,112,117,137,90,165,0,ok
test/6-30/60.jpg,6,30,112,112,187,106,166,132,270,ok
test/6-30/76.jpg,6,30,112,112,105,68,132,58,180,ok
test/6-30/83.jpg,6,30,112,112,78,118,56,90,90,ok
test/6-30/88.jpg,6,30,112,112,117,148,90,166,0,ok
test/6-30/89.jpg,6,30,112,112,117,158,90,166,0,ok
test/6-35/2.jpg,6,35,112,112,159,41,121,57,180,ok
test/6-35/37.jpg,6,35,112,112,150,55,120,59,180,ok
test/6-35/45.jpg,6,35,112,112,60,191,100,169,0,ok
test/6-35/58.jpg,6,35,112,112,-1,-1,-1,-1,-1,fail:no_candidates
test/6-35/63.jpg,6,35,112,112,61,188,101,169,0,ok
test/6-35/77.jpg,6,35,112,112,64,187,99,168,0,ok
test/6-35/84.jpg,6,35,112,112,168,151,-1,-1,270,ok;no_hour
test/6-35/87.jpg,6,35,112,112,62,186,101,168,0,ok
test/6-35/92.jpg,6,35,112,112,34,61,54,100,90,ok
test/6-35/95.jpg,6,35,112,112,193,165,168,122,270,ok
test/6-40/23.jpg,6,40,112,112,29,167,-1,-1,0,ok;no_hour
test/6-40/42.jpg,6,40,112,112,171,84,126,55,180,ok
test/6-40/49.jpg,6,40,112,112,46,143,97,169,0,ok
test/6-40/53.jpg,6,40,112,112,25,154,98,168,0,ok
test/6-40/6.jpg,6,40,112,112,-1,-1,-1,-1,-1,fail:no_candidates
test/6-40/67.jpg,6,40,112,112,193,70,126,55,180,ok
test/6-40/74.jpg,6,40,112,112,172,84,125,55,180,ok
test/6-40/87.jpg,6,40,112,112,77,39,-1,-1,90,ok;no_hour
test/6-40/92.jpg,6,40,112,112,97,168,-1,-1,270,warn:rot_err=45.0;no_hour
test/6-40/95.jpg,6,40,112,112,30,151,96,169,0,ok
test/6-45/25.jpg,6,45,112,112,-1,-1,-1,-1,-1,fail:no_candidates
test/6-45/30.jpg,6,45,112,112,66,106,96,166,0,ok
test/6-45/34.jpg,6,45,112,112,106,156,167,128,270,ok
test/6-45/38.jpg,6,45,112,112,155,116,139,61,180,ok
test/6-45/48.jpg,6,45,112,112,155,117,131,42,180,ok
test/6-45/5.jpg,6,45,112,112,45,104,95,168,0,ok
test/6-45/53.jpg,6,45,112,112,105,160,168,128,270,ok
test/6-45/76.jpg,6,45,112,112,116,204,162,139,270,ok
test/6-45/84.jpg,6,45,112,112,33,104,95,168,0,ok
test/6-45/87.jpg,6,45,112,112,116,69,57,96,90,ok
test/6-50/12.jpg,6,50,112,112,74,178,-1,-1,270,ok;no_hour
test/6-50/17.jpg,6,50,112,112,45,67,94,165,0,ok
test/6-50/26.jpg,6,50,112,112,82,161,-1,-1,270,ok;no_hour
test/6-50/29.jpg,6,50,112,112,-1,-1,-1,-1,-1,fail:no_candidates
test/6-50/33.jpg,6,50,112,112,32,59,93,167,0,ok
test/6-50/44.jpg,6,50,112,112,23,54,-1,-1,0,ok;no_hour
test/6-50/47.jpg,6,50,112,112,67,200,166,129,270,ok
test/6-50/48.jpg,6,50,112,112,53,71,103,147,0,ok
test/6-50/67.jpg,6,50,112,112,159,141,-1,-1,180,ok;no_hour
test/6-50/69.jpg,6,50,112,112,146,56,-1,-1,90,ok;no_hour
test/6-55/10.jpg,6,55,112,112,36,161,159,143,270,ok
test/6-55/35.jpg,6,55,112,112,62,121,-1,-1,270,ok;no_hour
test/6-55/49.jpg,6,55,112,112,201,68,57,90,90,ok
test/6-55/60.jpg,6,55,112,112,174,82,57,90,90,ok
test/6-55/65.jpg,6,55,112,112,83,87,-1,-1,0,ok;no_hour
test/6-55/69.jpg,6,55,112,112,71,53,91,165,0,ok
test/6-55/72.jpg,6,55,112,112,65,19,90,166,0,ok
test/6-55/82.jpg,6,55,112,112,72,32,91,165,0,ok
test/6-55/83.jpg,6,55,112,112,200,53,-1,-1,90,ok;no_hour
test/6-55/94.jpg,6,55,112,112,191,72,57,90,90,ok
test/7-00/0.jpg,7,0,112,112,116,190,146,66,180,ok
test/7-00/21.jpg,7,0,112,112,38,117,165,135,270,ok
test/7-00/22.jpg,7,0,112,112,160,134,-1,-1,90,ok;no_hour
test/7-00/26.jpg,7,0,112,112,116,209,136,58,180,ok
test/7-00/39.jpg,7,0,112,112,-1,-1,-1,-1,-1,fail:no_candidates
test/7-00/67.jpg,7,0,112,112,20,116,-1,-1,270,ok;no_hour
test/7-00/8.jpg,7,0,112,112,216,117,58,88,90,ok
test/7-00/80.jpg,7,0,112,112,201,105,58,88,90,ok
test/7-00/83.jpg,7,0,112,112,105,11,87,165,0,ok
test/7-00/98.jpg,7,0,112,112,175,117,66,77,90,ok
test/7-05/36.jpg,7,5,112,112,159,39,77,154,0,ok
test/7-05/37.jpg,7,5,112,112,56,73,157,148,270,ok
test/7-05/38.jpg,7,5,112,112,85,164,160,38,180,ok
test/7-05/41.jpg,7,5,112,112,161,37,74,158,0,ok
test/7-05/60.jpg,7,5,112,112,159,19,86,163,0,ok
test/7-05/61.jpg,7,5,112,112,71,193,139,58,180,ok
test/7-05/68.jpg,7,5,112,112,69,197,140,54,180,ok
test/7-05/74.jpg,7,5,112,112,30,71,162,135,270,ok
test/7-05/76.jpg,7,5,112,112,160,36,84,164,0,ok
test/7-05/90.jpg,7,5,112,112,-1,-1,-1,-1,-1,fail:no_candidates
test/7-10/23.jpg,7,10,112,112,63,39,-1,-1,270,ok;no_hour
test/7-10/24.jpg,7,10,112,112,78,42,161,139,270,ok
test/7-10/30.jpg,7,10,112,112,38,160,142,60,180,ok
test/7-10/32.jpg,7,10,112,112,49,154,140,61,180,ok
test/7-10/37.jpg,7,10,112,112,195,57,85,160,0,ok
test/7-10/52.jpg,7,10,112,112,167,198,61,84,90,ok
test/7-10/61.jpg,7,10,112,112,68,24,162,140,270,ok
test/7-10/74.jpg,7,10,112,112,188,61,84,162,0,ok
test/7-10/85.jpg,7,10,112,112,73,32,160,138,270,ok
test/7-10/86.jpg,7,10,112,112,193,58,83,162,0,ok
test/7-15/12.jpg,7,15,112,112,180,117,74,169,0,ok
test/7-15/20.jpg,7,15,112,112,208,106,79,162,0,ok
test/7-15/22.jpg,7,15,112,112,190,146,63,185,0,ok
test/7-15/25.jpg,7,15,112,112,115,195,63,81,90,ok
test/7-15/30.jpg,7,15,112,112,117,20,155,152,270,ok
test/7-15/38.jpg,7,15,112,112,117,21,161,142,270,ok
test/7-15/41.jpg,7,15,112,112,-1,-1,-1,-1,-1,fail:no_candidates
test/7-15/55.jpg,7,15,112,112,217,114,81,158,0,ok
test/7-15/59.jpg,7,15,112,112,82,116,-1,-1,180,ok;no_hour
test/7-15/88.jpg,7,15,112,112,206,106,81,161,0,ok
test/7-20/21.jpg,7,20,112,112,195,153,69,153,0,ok
test/7-20/25.jpg,7,20,112,112,192,152,79,159,0,ok
test/7-20/41.jpg,7,20,112,112,191,164,80,160,0,ok
test/7-20/65.jpg,7,20,112,112,114,74,-1,-1,270,warn:rot_err=27.0;no_hour
test/7-20/70.jpg,7,20,112,112,183,159,70,152,0,ok
test/7-20/71.jpg,7,20,112,112,188,161,82,157,0,ok
test/7-20/74.jpg,7,20,112,112,152,30,151,153,270,ok
test/7-20/78.jpg,7,20,112,112,193,152,79,159,0,ok
test/7-20/81.jpg,7,20,112,112,185,147,80,159,0,ok
test/7-20/86.jpg,7,20,112,112,153,30,152,153,270,ok
test/7-25/11.jpg,7,25,112,112,-1,-1,-1,-1,-1,fail:no_candidates
test/7-25/13.jpg,7,25,112,112,151,192,78,158,0,ok
test/7-25/23.jpg,7,25,112,112,196,58,-1,-1,270,ok;no_hour
test/7-25/34.jpg,7,25,112,112,198,56,147,153,270,ok
test/7-25/35.jpg,7,25,112,112,122,130,-1,-1,0,ok;no_hour
test/7-25/44.jpg,7,25,112,112,167,198,67,152,0,ok
test/7-25/5.jpg,7,25,112,112,23,169,73,68,90,ok
test/7-25/66.jpg,7,25,112,112,71,53,155,72,180,ok
test/7-25/69.jpg,7,25,112,112,77,40,155,73,180,ok
test/7-25/86.jpg,7,25,112,112,43,158,64,76,90,ok
test/7-30/13.jpg,7,30,112,112,156,105,149,157,270,ok
test/7-30/23.jpg,7,30,112,112,116,167,66,149,0,ok
test/7-30/32.jpg,7,30,112,112,43,117,75,66,90,ok
test/7-30/5.jpg,7,30,112,112,104,78,157,75,180,ok
test/7-30/7.jpg,7,30,112,112,105,67,157,74,180,ok
test/7-30/81.jpg,7,30,112,112,115,182,-1,-1,0,ok;no_hour
test/7-30/88.jpg,7,30,112,112,65,117,76,67,90,ok
test/7-30/93.jpg,7,30,112,112,74,66,-1,-1,180,warn:rot_err=39.6;no_hour
test/7-30/97.jpg,7,30,112,112,117,159,67,146,0,ok
test/7-30/99.jpg,7,30,112,112,117,180,67,146,0,ok
test/7-35/13.jpg,7,35,112,112,72,192,64,146,0,ok
test/7-35/22.jpg,7,35,112,112,153,32,-1,-1,180,ok;no_hour
test/7-35/28.jpg,7,35,112,112,193,152,144,158,270,ok
test/7-35/32.jpg,7,35,112,112,84,171,65,144,0,ok
test/7-35/43.jpg,7,35,112,112,64,147,-1,-1,0,ok;no_hour
test/7-35/45.jpg,7,35,112,112,191,151,147,159,270,ok
test/7-35/46.jpg,7,35,112,112,71,193,64,146,0,ok
test/7-35/51.jpg,7,35,112,112,151,32,158,78,180,ok
test/7-35/61.jpg,7,35,112,112,28,70,79,65,90,ok
test/7-35/94.jpg,7,35,112,112,31,70,77,66,90,ok
test/7-40/0.jpg,7,40,112,112,152,149,-1,-1,270,ok;no_hour
test/7-40/27.jpg,7,40,112,112,130,156,153,150,270,ok
test/7-40/30.jpg,7,40,112,112,31,151,72,152,0,ok
test/7-40/41.jpg,7,40,112,112,41,177,-1,-1,0,ok;no_hour
test/7-40/47.jpg,7,40,112,112,190,73,149,71,180,ok
test/7-40/62.jpg,7,40,112,112,46,143,74,152,0,ok
test/7-40/69.jpg,7,40,112,112,173,83,149,71,180,ok
test/7-40/78.jpg,7,40,112,112,30,153,73,152,0,ok
test/7-40/92.jpg,7,40,112,112,160,206,153,152,270,ok
test/7-40/94.jpg,7,40,112,112,31,153,73,151,0,ok
test/7-45/21.jpg,7,45,112,112,117,67,77,79,90,ok
test/7-45/28.jpg,7,45,112,112,68,106,71,151,0,ok
test/7-45/29.jpg,7,45,112,112,65,105,69,152,0,ok
test/7-45/35.jpg,7,45,112,112,22,81,95,163,0,ok
test/7-45/49.jpg,7,45,112,112,22,105,69,152,0,ok
test/7-45/57.jpg,7,45,112,112,106,147,175,188,270,ok
test/7-45/68.jpg,7,45,112,112,32,105,58,146,0,ok
test/7-45/90.jpg,7,45,112,112,-1,-1,-1,-1,-1,fail:no_candidates
test/7-45/92.jpg,7,45,112,112,67,106,71,151,0,ok
test/7-45/99.jpg,7,45,112,112,65,105,-1,-1,0,ok;no_hour
test/7-50/0.jpg,7,50,112,112,192,151,154,73,180,ok
test/7-50/22.jpg,7,50,112,112,73,177,189,147,270,ok
test/7-50/32.jpg,7,50,112,112,61,76,69,150,0,ok
test/7-50/34.jpg,7,50,112,112,66,202,140,162,270,ok
test/7-50/35.jpg,7,50,112,112,98,152,-1,-1,270,ok;no_hour
test/7-50/37.jpg,7,50,112,112,193,166,162,83,180,ok
test/7-50/49.jpg,7,50,112,112,37,62,61,140,0,ok
test/7-50/53.jpg,7,50,112,112,77,185,144,168,270,ok
test/7-50/9.jpg,7,50,112,112,64,180,139,162,270,ok
test/7-50/96.jpg,7,50,112,112,37,61,61,140,0,ok
test/7-55/10.jpg,7,55,112,112,79,43,66,148,0,ok
test/7-55/19.jpg,7,55,112,112,69,28,59,138,0,ok
test/7-55/28.jpg,7,55,112,112,164,86,-1,-1,90,ok;no_hour
test/7-55/30.jpg,7,55,112,112,161,187,156,75,180,ok
test/7-55/37.jpg,7,55,112,112,178,80,75,67,90,ok
test/7-55/59.jpg,7,55,112,112,135,134,-1,-1,180,ok;no_hour
test/7-55/67.jpg,7,55,112,112,64,18,66,148,0,ok
test/7-55/84.jpg,7,55,112,112,68,49,67,148,0,ok
test/7-55/86.jpg,7,55,112,112,70,27,69,147,0,ok
test/7-55/98.jpg,7,55,112,112,176,81,75,67,90,ok
test/8-00/22.jpg,8,0,112,112,201,106,99,76,90,ok
test/8-00/27.jpg,8,0,112,112,118,66,66,145,0,ok
test/8-00/40.jpg,8,0,112,112,117,56,57,150,0,ok
test/8-00/47.jpg,8,0,112,112,118,19,66,145,0,ok
test/8-00/61.jpg,8,0,112,112,117,35,65,145,0,ok
test/8-00/69.jpg,8,0,112,112,45,116,145,159,270,ok
test/8-00/70.jpg,8,0,112,112,118,69,-1,-1,0,ok;no_hour
test/8-00/71.jpg,8,0,112,112,30,117,145,159,270,ok
test/8-00/96.jpg,8,0,112,112,118,47,66,145,0,ok
test/8-00/98.jpg,8,0,112,112,117,48,68,144,0,ok
test/8-05/10.jpg,8,5,112,112,161,36,67,142,0,ok
test/8-05/13.jpg,8,5,112,112,71,193,182,82,180,ok
test/8-05/20.jpg,8,5,112,112,157,43,67,142,0,ok
test/8-05/31.jpg,8,5,112,112,74,188,165,91,180,ok
test/8-05/54.jpg,8,5,112,112,67,129,-1,-1,180,warn:rot_err=39.3;no_hour
test/8-05/58.jpg,8,5,112,112,24,68,142,157,270,ok
test/8-05/64.jpg,8,5,112,112,187,161,79,62,90,ok
test/8-05/66.jpg,8,5,112,112,34,74,131,164,270,ok
test/8-05/72.jpg,8,5,112,112,28,57,131,164,270,ok
test/8-05/80.jpg,8,5,112,112,72,192,161,79,180,ok
test/8-10/20.jpg,8,10,112,112,63,141,186,75,180,ok
test/8-10/34.jpg,8,10,112,112,81,61,157,202,270,ok
test/8-10/4.jpg,8,10,112,112,141,159,70,29,90,ok
test/8-10/64.jpg,8,10,112,112,63,141,193,70,180,ok
test/8-10/72.jpg,8,10,112,112,19,159,164,95,180,ok
test/8-10/77.jpg,8,10,112,112,63,139,-1,-1,180,ok;no_hour
test/8-10/8.jpg,8,10,112,112,29,166,167,93,180,ok
test/8-10/84.jpg,8,10,112,112,160,81,49,140,0,ok
test/8-10/9.jpg,8,10,112,112,64,141,176,81,180,ok
test/8-10/97.jpg,8,10,112,112,64,141,198,68,180,ok
test/8-15/2.jpg,8,15,112,112,194,117,63,139,0,ok
test/8-15/22.jpg,8,15,112,112,116,217,-1,-1,90,ok;no_hour
test/8-15/39.jpg,8,15,112,112,-1,-1,-1,-1,-1,fail:no_candidates
test/8-15/51.jpg,8,15,112,112,203,117,63,139,0,ok
test/8-15/7.jpg,8,15,112,112,20,116,166,96,180,ok
test/8-15/73.jpg,8,15,112,112,116,173,82,59,90,ok
test/8-15/80.jpg,8,15,112,112,36,117,167,96,180,ok
test/8-15/87.jpg,8,15,112,112,116,190,83,61,90,ok
test/8-15/92.jpg,8,15,112,112,209,117,57,127,0,ok
test/8-15/97.jpg,8,15,112,112,116,212,95,55,90,ok
test/8-20/10.jpg,8,20,112,112,70,195,97,55,90,ok
test/8-20/18.jpg,8,20,112,112,71,193,97,52,90,ok
test/8-20/22.jpg,8,20,112,112,183,157,71,176,0,ok
test/8-20/25.jpg,8,20,112,112,70,192,96,55,90,ok
test/8-20/38.jpg,8,20,112,112,188,161,60,137,0,ok
test/8-20/49.jpg,8,20,112,112,167,27,137,162,270,ok
test/8-20/50.jpg,8,20,112,112,162,147,39,145,0,ok
test/8-20/68.jpg,8,20,112,112,193,164,-1,-1,0,ok;no_hour
test/8-20/72.jpg,8,20,112,112,187,161,61,137,0,ok
test/8-20/82.jpg,8,20,112,112,70,195,98,56,90,ok
test/8-25/20.jpg,8,25,112,112,158,182,65,133,0,ok
test/8-25/3.jpg,8,25,112,112,151,194,54,122,0,ok
test/8-25/32.jpg,8,25,112,112,144,180,61,134,0,ok
test/8-25/75.jpg,8,25,112,112,71,29,169,100,180,ok
test/8-25/78.jpg,8,25,112,112,161,187,57,134,0,ok
test/8-25/8.jpg,8,25,112,112,201,66,134,163,270,ok
test/8-25/83.jpg,8,25,112,112,61,35,170,100,180,ok
test/8-25/84.jpg,8,25,112,112,151,193,57,121,0,ok
test/8-25/9.jpg,8,25,112,112,161,188,59,134,0,ok
test/8-25/99.jpg,8,25,112,112,164,190,61,134,0,ok
test/8-30/13.jpg,8,30,112,112,117,158,54,120,0,ok
test/8-30/14.jpg,8,30,112,112,118,175,-1,-1,0,ok;no_hour
test/8-30/23.jpg,8,30,112,112,181,106,-1,-1,270,ok;no_hour
test/8-30/4.jpg,8,30,112,112,212,106,120,169,270,ok
test/8-30/42.jpg,8,30,112,112,105,180,60,132,0,ok
test/8-30/59.jpg,8,30,112,112,144,105,-1,-1,270,ok;no_hour
test/8-30/66.jpg,8,30,112,112,56,119,-1,-1,90,ok;no_hour
test/8-30/68.jpg,8,30,112,112,116,173,-1,-1,0,ok;no_hour
test/8-30/72.jpg,8,30,112,112,203,117,120,169,270,ok
test/8-30/99.jpg,8,30,112,112,56,119,-1,-1,90,ok;no_hour
test/8-35/1.jpg,8,35,112,112,143,43,-1,-1,180,ok;no_hour
test/8-35/2.jpg,8,35,112,112,34,74,-1,-1,90,ok;no_hour
test/8-35/53.jpg,8,35,112,112,83,173,54,118,0,ok
test/8-35/56.jpg,8,35,112,112,33,73,-1,-1,90,ok;no_hour
test/8-35/62.jpg,8,35,112,112,194,153,118,169,270,ok
test/8-35/73.jpg,8,35,112,112,71,193,54,118,0,ok
test/8-35/78.jpg,8,35,112,112,105,55,-1,-1,180,warn:rot_err=37.0;no_hour
test/8-35/8.jpg,8,35,112,112,71,193,56,117,0,ok
test/8-35/88.jpg,8,35,112,112,75,186,57,117,0,ok
test/8-35/94.jpg,8,35,112,112,79,177,-1,-1,0,ok;no_hour
test/8-40/13.jpg,8,40,112,112,167,73,170,108,180,ok
test/8-40/15.jpg,8,40,112,112,189,61,170,108,180,ok
test/8-40/16.jpg,8,40,112,112,180,66,170,108,180,ok
test/8-40/20.jpg,8,40,112,112,27,167,55,114,0,ok
test/8-40/31.jpg,8,40,112,112,70,50,108,53,90,ok
test/8-40/33.jpg,8,40,112,112,30,164,53,115,0,ok
test/8-40/56.jpg,8,40,112,112,199,55,170,108,180,ok
test/8-40/68.jpg,8,40,112,112,25,154,-1,-1,0,ok;no_hour
test/8-40/71.jpg,8,40,112,112,37,160,55,114,0,ok
test/8-40/74.jpg,8,40,112,112,56,151,64,111,0,ok
test/8-45/1.jpg,8,45,112,112,117,67,96,58,90,ok
test/8-45/17.jpg,8,45,112,112,67,106,54,125,0,ok
test/8-45/23.jpg,8,45,112,112,-1,-1,-1,-1,-1,fail:no_candidates
test/8-45/34.jpg,8,45,112,112,77,106,56,125,0,ok
test/8-45/44.jpg,8,45,112,112,75,105,56,126,0,ok
test/8-45/47.jpg,8,45,112,112,118,8,96,58,90,ok
test/8-45/52.jpg,8,45,112,112,68,106,56,125,0,ok
test/8-45/63.jpg,8,45,112,112,104,205,125,169,270,ok
test/8-45/83.jpg,8,45,112,112,54,126,-1,-1,0,ok;no_hour
test/8-45/92.jpg,8,45,112,112,203,117,167,97,180,ok
test/8-50/1.jpg,8,50,112,112,172,154,168,100,180,ok
test/8-50/15.jpg,8,50,112,112,180,159,168,100,180,ok
test/8-50/2.jpg,8,50,112,112,160,39,100,56,90,ok
test/8-50/41.jpg,8,50,112,112,61,189,127,217,270,ok
test/8-50/46.jpg,8,50,112,112,167,100,-1,-1,180,warn:rot_err=42.3;no_hour
test/8-50/61.jpg,8,50,112,112,61,189,123,166,270,ok
test/8-50/62.jpg,8,50,112,112,169,151,167,100,180,ok
test/8-50/84.jpg,8,50,112,112,37,61,53,122,0,ok
test/8-50/87.jpg,8,50,112,112,25,55,74,121,0,ok
test/8-50/90.jpg,8,50,112,112,50,71,57,121,0,ok
test/8-55/2.jpg,8,55,112,112,74,35,54,120,0,ok
test/8-55/26.jpg,8,55,112,112,198,68,102,57,90,ok
test/8-55/27.jpg,8,55,112,112,73,30,21,123,0,ok
test/8-55/28.jpg,8,55,112,112,79,43,-1,-1,0,ok;no_hour
test/8-55/36.jpg,8,55,112,112,-1,-1,-1,-1,-1,fail:no_candidates
test/8-55/54.jpg,8,55,112,112,-1,-1,-1,-1,-1,fail:no_candidates
test/8-55/73.jpg,8,55,112,112,71,30,40,121,0,ok
test/8-55/89.jpg,8,55,112,112,85,55,-1,-1,0,ok;no_hour
test/8-55/95.jpg,8,55,112,112,72,31,54,120,0,ok
test/8-55/96.jpg,8,55,112,112,141,177,-1,-1,180,ok;no_hour
test/9-00/31.jpg,9,0,112,112,117,47,83,118,0,ok
test/9-00/42.jpg,9,0,112,112,206,106,105,56,90,ok
test/9-00/7.jpg,9,0,112,112,117,50,54,117,0,ok
test/9-00/75.jpg,9,0,112,112,116,203,-1,-1,180,ok;no_hour
test/9-00/76.jpg,9,0,112,112,190,117,-1,-1,90,ok;no_hour
test/9-00/80.jpg,9,0,112,112,188,118,-1,-1,90,ok;no_hour
test/9-00/89.jpg,9,0,112,112,117,53,83,118,0,ok
test/9-00/9.jpg,9,0,112,112,117,47,-1,-1,0,ok;no_hour
test/9-00/92.jpg,9,0,112,112,117,17,54,117,0,ok
test/9-00/99.jpg,9,0,112,112,179,118,119,56,90,ok
test/9-05/24.jpg,9,5,112,112,34,61,115,169,270,ok
test/9-05/45.jpg,9,5,112,112,29,57,102,164,270,ok
test/9-05/46.jpg,9,5,112,112,71,193,155,119,180,ok
test/9-05/54.jpg,9,5,112,112,157,39,-1,-1,0,ok;no_hour
test/9-05/58.jpg,9,5,112,112,160,36,56,115,0,ok
test/9-05/70.jpg,9,5,112,112,161,36,-1,-1,0,ok;no_hour
test/9-05/72.jpg,9,5,112,112,200,168,120,54,90,ok
test/9-05/8.jpg,9,5,112,112,162,36,54,115,0,ok
test/9-05/9.jpg,9,5,112,112,151,54,54,115,0,ok
test/9-05/93.jpg,9,5,112,112,162,36,54,115,0,ok
test/9-10/19.jpg,9,10,112,112,192,71,52,112,0,ok
test/9-10/22.jpg,9,10,112,112,204,64,50,113,0,ok
test/9-10/23.jpg,9,10,112,112,189,61,-1,-1,0,ok;no_hour
test/9-10/4.jpg,9,10,112,112,165,195,110,54,90,ok
test/9-10/51.jpg,9,10,112,112,62,37,113,169,270,ok
test/9-10/67.jpg,9,10,112,112,23,168,167,122,180,ok
test/9-10/78.jpg,9,10,112,112,71,31,112,171,270,ok
test/9-10/8.jpg,9,10,112,112,196,69,54,113,0,ok
test/9-10/80.jpg,9,10,112,112,165,191,123,56,90,ok
test/9-10/89.jpg,9,10,112,112,173,83,55,113,0,ok
test/9-15/25.jpg,9,15,112,112,-1,-1,-1,-1,-1,fail:no_candidates
test/9-15/26.jpg,9,15,112,112,117,30,-1,-1,270,ok;no_hour
test/9-15/28.jpg,9,15,112,112,165,111,29,105,0,ok
test/9-15/35.jpg,9,15,112,112,56,97,-1,-1,180,ok;no_hour
test/9-15/39.jpg,9,15,112,112,-1,-1,-1,-1,-1,fail:no_candidates
test/9-15/40.jpg,9,15,112,112,111,59,105,172,270,ok
test/9-15/72.jpg,9,15,112,112,203,117,52,109,0,ok
test/9-15/78.jpg,9,15,112,112,116,203,125,57,90,ok
test/9-15/81.jpg,9,15,112,112,125,56,-1,-1,270,ok;no_hour
test/9-15/93.jpg,9,15,112,112,110,170,117,39,90,ok
test/9-20/12.jpg,9,20,112,112,160,18,108,170,270,ok
test/9-20/28.jpg,9,20,112,112,188,161,-1,-1,0,ok;no_hour
test/9-20/32.jpg,9,20,112,112,34,60,167,128,180,ok
test/9-20/5.jpg,9,20,112,112,154,49,95,161,270,ok
test/9-20/60.jpg,9,20,112,112,26,57,170,115,180,ok
test/9-20/61.jpg,9,20,112,112,66,201,127,54,90,ok
test/9-20/70.jpg,9,20,112,112,183,159,-1,-1,0,ok;no_hour
test/9-20/88.jpg,9,20,112,112,157,44,108,169,270,ok
test/9-20/89.jpg,9,20,112,112,71,192,127,56,90,ok
test/9-20/96.jpg,9,20,112,112,179,143,53,108,0,ok
test/9-25/11.jpg,9,25,112,112,-1,-1,-1,-1,-1,fail:no_candidates
test/9-25/16.jpg,9,25,112,112,164,193,54,105,0,ok
test/9-25/21.jpg,9,25,112,112,160,206,54,105,0,ok
test/9-25/28.jpg,9,25,112,112,193,71,92,166,270,ok
test/9-25/4.jpg,9,25,112,112,195,58,92,166,270,ok
test/9-25/47.jpg,9,25,112,112,198,56,105,169,270,ok
test/9-25/56.jpg,9,25,112,112,57,28,164,130,180,ok
test/9-25/65.jpg,9,25,112,112,77,108,130,59,90,warn:rot_err=36.5
test/9-25/81.jpg,9,25,112,112,-1,-1,-1,-1,-1,fail:no_candidates
test/9-25/98.jpg,9,25,112,112,158,205,54,105,0,ok
test/9-30/0.jpg,9,30,112,112,106,155,57,90,0,ok
test/9-30/18.jpg,9,30,112,112,117,169,55,89,0,ok
test/9-30/22.jpg,9,30,112,112,114,184,-1,-1,0,ok;no_hour
test/9-30/33.jpg,9,30,112,112,118,34,164,132,180,ok
test/9-30/37.jpg,9,30,112,112,117,156,57,90,0,ok
test/9-30/55.jpg,9,30,112,112,200,108,101,167,270,ok
test/9-30/6.jpg,9,30,112,112,-1,-1,-1,-1,-1,fail:no_candidates
test/9-30/75.jpg,9,30,112,112,186,106,103,169,270,ok
test/9-30/78.jpg,9,30,112,112,20,116,132,57,90,ok
test/9-30/92.jpg,9,30,112,112,169,120,-1,-1,270,ok;no_hour
test/9-35/14.jpg,9,35,112,112,152,30,153,133,180,ok
test/9-35/44.jpg,9,35,112,112,164,32,161,134,180,ok
test/9-35/45.jpg,9,35,112,112,192,163,101,168,270,ok
test/9-35/49.jpg,9,35,112,112,81,176,53,100,0,ok
test/9-35/55.jpg,9,35,112,112,70,191,55,98,0,ok
test/9-35/61.jpg,9,35,112,112,189,162,101,169,270,ok
test/9-35/65.jpg,9,35,112,112,83,87,-1,-1,90,ok;no_hour
test/9-35/69.jpg,9,35,112,112,81,176,59,88,0,ok
test/9-35/78.jpg,9,35,112,112,30,71,134,60,90,ok
test/9-35/91.jpg,9,35,112,112,90,157,-1,-1,0,ok;no_hour
test/9-40/31.jpg,9,40,112,112,155,176,88,156,270,ok
test/9-40/43.jpg,9,40,112,112,43,157,60,86,0,ok
test/9-40/45.jpg,9,40,112,112,29,166,60,85,0,ok
test/9-40/55.jpg,9,40,112,112,-1,-1,-1,-1,-1,fail:no_candidates
test/9-40/56.jpg,9,40,112,112,199,55,-1,-1,180,ok;no_hour
test/9-40/62.jpg,9,40,112,112,179,66,-1,-1,180,ok;no_hour
test/9-40/67.jpg,9,40,112,112,168,200,85,164,270,ok
test/9-40/72.jpg,9,40,112,112,25,168,59,85,0,ok
test/9-40/79.jpg,9,40,112,112,197,67,-1,-1,180,ok;no_hour
test/9-40/84.jpg,9,40,112,112,49,154,-1,-1,0,ok;no_hour
test/9-45/10.jpg,9,45,112,112,106,17,-1,-1,90,ok;no_hour
test/9-45/11.jpg,9,45,112,112,204,118,213,105,180,ok
test/9-45/2.jpg,9,45,112,112,29,116,-1,-1,0,ok;no_hour
test/9-45/22.jpg,9,45,112,112,187,147,-1,-1,180,warn:rot_err=25.0;no_hour
test/9-45/38.jpg,9,45,112,112,67,117,61,83,0,ok
test/9-45/50.jpg,9,45,112,112,68,118,55,79,0,ok
test/9-45/70.jpg,9,45,112,112,117,25,106,25,90,ok
test/9-45/74.jpg,9,45,112,112,178,105,160,139,180,ok
test/9-45/76.jpg,9,45,112,112,105,69,138,62,90,ok
test/9-45/85.jpg,9,45,112,112,117,157,79,169,270,ok
test/9-50/16.jpg,9,50,112,112,48,69,58,94,0,ok
test/9-50/2.jpg,9,50,112,112,57,197,94,166,270,ok
test/9-50/20.jpg,9,50,112,112,164,128,-1,-1,180,ok;no_hour
test/9-50/40.jpg,9,50,112,112,37,62,58,94,0,ok
test/9-50/50.jpg,9,50,112,112,35,61,-1,-1,0,ok;no_hour
test/9-50/54.jpg,9,50,112,112,35,65,-1,-1,0,ok;no_hour
test/9-50/60.jpg,9,50,112,112,26,55,58,94,0,ok
test/9-50/73.jpg,9,50,112,112,37,62,56,93,0,ok
test/9-50/84.jpg,9,50,112,112,36,61,56,93,0,ok
test/9-50/9.jpg,9,50,112,112,73,167,94,166,270,ok
test/9-55/15.jpg,9,55,112,112,146,184,165,132,180,ok
test/9-55/30.jpg,9,55,112,112,31,152,90,166,270,ok
test/9-55/34.jpg,9,55,112,112,75,36,58,91,0,ok
test/9-55/38.jpg,9,55,112,112,70,30,57,90,0,ok
test/9-55/53.jpg,9,55,112,112,65,18,57,90,0,ok
test/9-55/66.jpg,9,55,112,112,81,47,57,90,0,ok
test/9-55/70.jpg,9,55,112,112,20,158,45,157,270,ok
test/9-55/80.jpg,9,55,112,112,176,81,131,58,90,ok
test/9-55/86.jpg,9,55,112,112,37,147,90,166,270,ok
test/9-55/99.jpg,9,55,112,112,174,82,132,58,90,ok
valid/1-00/24.jpg,1,0,112,112,106,33,146,64,0,ok
valid/1-00/41.jpg,1,0,112,112,118,47,-1,-1,0,ok;no_hour
valid/1-00/51.jpg,1,0,112,112,116,203,76,160,180,ok
valid/1-00/69.jpg,1,0,112,112,180,106,159,146,90,ok
valid/1-00/7.jpg,1,0,112,112,106,47,146,65,0,ok
valid/1-00/8.jpg,1,0,112,112,216,106,158,146,90,ok
valid/1-00/81.jpg,1,0,112,112,-1,-1,-1,-1,-1,fail:no_candidates
valid/1-00/84.jpg,1,0,112,112,179,105,159,146,90,ok
valid/1-00/92.jpg,1,0,112,112,106,22,146,64,0,ok
valid/1-00/96.jpg,1,0,112,112,179,105,158,146,90,ok
valid/1-05/0.jpg,1,5,112,112,148,65,-1,-1,0,ok;no_hour
valid/1-05/15.jpg,1,5,112,112,67,75,-1,-1,270,ok;no_hour
valid/1-05/22.jpg,1,5,112,112,86,158,-1,-1,180,ok;no_hour
valid/1-05/31.jpg,1,5,112,112,148,37,148,66,0,ok
valid/1-05/49.jpg,1,5,112,112,193,152,156,148,90,ok
valid/1-05/5.jpg,1,5,112,112,193,152,156,148,90,ok
valid/1-05/62.jpg,1,5,112,112,188,149,157,148,90,ok
valid/1-05/63.jpg,1,5,112,112,64,74,-1,-1,270,ok;no_hour
valid/1-05/68.jpg,1,5,112,112,154,25,-1,-1,0,ok;no_hour
valid/1-05/84.jpg,1,5,112,112,148,66,-1,-1,0,ok;no_hour
valid/1-10/16.jpg,1,10,112,112,43,144,83,162,180,ok
valid/1-10/17.jpg,1,10,112,112,37,147,83,162,180,ok
valid/1-10/18.jpg,1,10,112,112,164,88,160,34,0,ok
valid/1-10/31.jpg,1,10,112,112,174,82,137,64,0,ok
valid/1-10/43.jpg,1,10,112,112,-1,-1,-1,-1,-1,fail:no_candidates
valid/1-10/61.jpg,1,10,112,112,68,24,62,85,270,ok
valid/1-10/69.jpg,1,10,112,112,141,174,162,140,90,ok
valid/1-10/83.jpg,1,10,112,112,176,81,139,61,0,ok
valid/1-10/86.jpg,1,10,112,112,179,79,140,61,0,ok
valid/1-10/98.jpg,1,10,112,112,174,82,139,62,0,ok
valid/1-15/0.jpg,1,15,112,112,105,195,161,142,90,ok
valid/1-15/11.jpg,1,15,112,112,6,117,-1,-1,180,ok;no_hour
valid/1-15/14.jpg,1,15,112,112,136,119,151,48,0,ok
valid/1-15/21.jpg,1,15,112,112,9,104,82,161,180,ok
valid/1-15/26.jpg,1,15,112,112,28,105,82,160,180,ok
valid/1-15/56.jpg,1,15,112,112,217,117,140,64,0,ok
valid/1-15/61.jpg,1,15,112,112,208,117,141,62,0,ok
valid/1-15/73.jpg,1,15,112,112,117,51,53,76,270,ok
valid/1-15/79.jpg,1,15,112,112,105,168,178,153,90,ok
valid/1-15/93.jpg,1,15,112,112,117,39,65,84,270,ok
valid/1-20/10.jpg,1,20,112,112,61,189,150,152,90,ok
valid/1-20/11.jpg,1,20,112,112,198,153,-1,-1,0,ok;no_hour
valid/1-20/16.jpg,1,20,112,112,143,64,-1,-1,270,ok;no_hour
valid/1-20/44.jpg,1,20,112,112,142,64,-1,-1,270,ok;no_hour
valid/1-20/59.jpg,1,20,112,112,141,126,-1,-1,0,ok;no_hour
valid/1-20/64.jpg,1,20,112,112,161,36,64,80,270,ok
valid/1-20/73.jpg,1,20,112,112,30,71,76,165,180,ok
valid/1-20/80.jpg,1,20,112,112,169,23,63,79,270,ok
valid/1-20/81.jpg,1,20,112,112,-1,-1,-1,-1,-1,fail:no_candidates
valid/1-20/95.jpg,1,20,112,112,202,158,153,71,0,ok
valid/1-25/16.jpg,1,25,112,112,164,190,154,74,0,ok
valid/1-25/26.jpg,1,25,112,112,66,23,78,158,180,ok
valid/1-25/29.jpg,1,25,112,112,47,155,150,155,90,ok
valid/1-25/34.jpg,1,25,112,112,191,72,72,68,270,ok
valid/1-25/38.jpg,1,25,112,112,160,185,154,73,0,ok
valid/1-25/87.jpg,1,25,112,112,185,76,72,68,270,ok
valid/1-25/90.jpg,1,25,112,112,70,30,68,153,180,ok
valid/1-25/91.jpg,1,25,112,112,64,146,150,155,90,ok
valid/1-25/92.jpg,1,25,112,112,165,195,155,71,0,ok
valid/1-25/99.jpg,1,25,112,112,53,152,159,146,90,ok
valid/1-30/2.jpg,1,30,112,112,106,156,157,74,0,ok
valid/1-30/28.jpg,1,30,112,112,105,201,156,76,0,ok
valid/1-30/29.jpg,1,30,112,112,11,117,157,148,90,ok
valid/1-30/30.jpg,1,30,112,112,66,117,156,148,90,ok
valid/1-30/43.jpg,1,30,112,112,153,78,-1,-1,270,warn:rot_err=39.7;no_hour
valid/1-30/52.jpg,1,30,112,112,203,117,66,74,270,ok
valid/1-30/54.jpg,1,30,112,112,66,105,-1,-1,90,ok;no_hour
valid/1-30/64.jpg,1,30,112,112,105,200,157,74,0,ok
valid/1-30/80.jpg,1,30,112,112,117,186,157,75,0,ok
valid/1-30/94.jpg,1,30,112,112,117,47,74,156,180,ok
valid/1-35/13.jpg,1,35,112,112,39,63,154,148,90,ok
valid/1-35/23.jpg,1,35,112,112,78,181,158,78,0,ok
valid/1-35/24.jpg,1,35,112,112,156,24,74,154,180,ok
valid/1-35/28.jpg,1,35,112,112,37,62,154,148,90,ok
valid/1-35/40.jpg,1,35,112,112,79,180,158,78,0,ok
valid/1-35/46.jpg,1,35,112,112,71,193,150,68,0,ok
valid/1-35/47.jpg,1,35,112,112,188,162,77,64,270,ok
valid/1-35/69.jpg,1,35,112,112,72,192,158,78,0,ok
valid/1-35/88.jpg,1,35,112,112,75,186,158,78,0,ok
valid/1-35/9.jpg,1,35,112,112,68,176,158,78,0,ok
valid/1-40/19.jpg,1,40,112,112,33,163,159,80,0,ok
valid/1-40/25.jpg,1,40,112,112,-1,-1,-1,-1,-1,fail:no_candidates
valid/1-40/27.jpg,1,40,112,112,152,87,66,145,180,ok
valid/1-40/40.jpg,1,40,112,112,168,73,60,148,180,ok
valid/1-40/45.jpg,1,40,112,112,69,27,153,152,90,ok
valid/1-40/47.jpg,1,40,112,112,26,168,160,79,0,ok
valid/1-40/50.jpg,1,40,112,112,64,143,187,61,0,ok
valid/1-40/53.jpg,1,40,112,112,79,63,149,164,90,ok
valid/1-40/97.jpg,1,40,112,112,142,159,60,35,270,ok
valid/1-40/98.jpg,1,40,112,112,27,154,157,82,0,ok
valid/1-45/22.jpg,1,45,112,112,147,127,59,196,180,ok
valid/1-45/23.jpg,1,45,112,112,176,118,61,144,180,ok
valid/1-45/26.jpg,1,45,112,112,67,117,161,80,0,ok
valid/1-45/35.jpg,1,45,112,112,84,193,87,93,270,ok
valid/1-45/36.jpg,1,45,112,112,-1,-1,-1,-1,-1,fail:no_candidates
valid/1-45/4.jpg,1,45,112,112,198,117,69,152,180,ok
valid/1-45/42.jpg,1,45,112,112,161,81,-1,-1,180,warn:rot_err=32.3;no_hour
valid/1-45/50.jpg,1,45,112,112,68,118,160,83,0,ok
valid/1-45/81.jpg,1,45,112,112,33,116,161,81,0,ok
valid/1-45/89.jpg,1,45,112,112,217,106,71,151,180,ok
valid/1-50/36.jpg,1,50,112,112,18,63,161,83,0,ok
valid/1-50/39.jpg,1,50,112,112,-1,-1,-1,-1,-1,fail:no_candidates
valid/1-50/41.jpg,1,50,112,112,35,61,191,52,0,ok
valid/1-50/47.jpg,1,50,112,112,200,156,71,149,180,ok
valid/1-50/49.jpg,1,50,112,112,22,67,162,84,0,ok
valid/1-50/62.jpg,1,50,112,112,28,70,162,83,0,ok
valid/1-50/64.jpg,1,50,112,112,31,72,160,85,0,ok
valid/1-50/80.jpg,1,50,112,112,144,43,150,155,90,ok
valid/1-50/91.jpg,1,50,112,112,71,193,84,61,270,ok
valid/1-50/98.jpg,1,50,112,112,42,79,162,83,0,ok
valid/1-55/0.jpg,1,55,112,112,200,55,148,157,90,ok
valid/1-55/10.jpg,1,55,112,112,188,61,147,154,90,ok
valid/1-55/54.jpg,1,55,112,112,-1,-1,-1,-1,-1,fail:no_candidates
valid/1-55/57.jpg,1,55,112,112,189,71,-1,-1,90,ok;no_hour
valid/1-55/63.jpg,1,55,112,112,71,30,164,86,0,ok
valid/1-55/74.jpg,1,55,112,112,56,28,164,86,0,ok
valid/1-55/83.jpg,1,55,112,112,25,167,86,59,270,ok
valid/1-55/86.jpg,1,55,112,112,196,70,138,164,90,ok
valid/1-55/92.jpg,1,55,112,112,36,161,85,59,270,ok
valid/1-55/95.jpg,1,55,112,112,54,23,164,85,0,ok
valid/10-00/17.jpg,10,0,112,112,117,34,58,87,0,ok
valid/10-00/36.jpg,10,0,112,112,-1,-1,-1,-1,-1,fail:no_candidates
valid/10-00/4.jpg,10,0,112,112,117,31,58,87,0,ok
valid/10-00/40.jpg,10,0,112,112,117,56,58,87,0,ok
valid/10-00/55.jpg,10,0,112,112,-1,-1,-1,-1,-1,fail:no_candidates
valid/10-00/56.jpg,10,0,112,112,105,192,163,134,180,ok
valid/10-00/61.jpg,10,0,112,112,21,105,88,165,270,ok
valid/10-00/69.jpg,10,0,112,112,178,117,132,62,90,ok
valid/10-00/9.jpg,10,0,112,112,117,47,-1,-1,0,ok;no_hour
valid/10-00/99.jpg,10,0,112,112,104,181,158,146,180,ok
valid/10-05/1.jpg,10,5,112,112,154,50,59,86,0,ok
valid/10-05/10.jpg,10,5,112,112,67,200,163,137,180,ok
valid/10-05/13.jpg,10,5,112,112,149,58,60,87,0,ok
valid/10-05/26.jpg,10,5,112,112,160,37,65,75,0,ok
valid/10-05/3.jpg,10,5,112,112,143,123,-1,-1,90,ok;no_hour
valid/10-05/36.jpg,10,5,112,112,-1,-1,-1,-1,-1,fail:no_candidates
valid/10-05/38.jpg,10,5,112,112,189,161,125,79,90,ok
valid/10-05/71.jpg,10,5,112,112,186,161,147,69,90,ok
valid/10-05/85.jpg,10,5,112,112,161,35,59,86,0,ok
valid/10-05/91.jpg,10,5,112,112,42,75,-1,-1,270,ok;no_hour
valid/10-10/15.jpg,10,10,112,112,193,58,63,85,0,ok
valid/10-10/24.jpg,10,10,112,112,158,182,140,61,90,ok
valid/10-10/26.jpg,10,10,112,112,181,78,61,83,0,ok
valid/10-10/27.jpg,10,10,112,112,194,73,68,72,0,ok
valid/10-10/52.jpg,10,10,112,112,64,19,84,162,270,ok
valid/10-10/53.jpg,10,10,112,112,73,55,77,172,270,ok
valid/10-10/60.jpg,10,10,112,112,200,55,68,73,0,ok
valid/10-10/71.jpg,10,10,112,112,-1,-1,-1,-1,-1,fail:no_candidates
valid/10-10/73.jpg,10,10,112,112,72,31,67,185,270,ok
valid/10-10/78.jpg,10,10,112,112,70,30,83,162,270,ok
valid/10-15/14.jpg,10,15,112,112,119,87,92,149,270,ok
valid/10-15/20.jpg,10,15,112,112,116,209,152,68,90,ok
valid/10-15/36.jpg,10,15,112,112,-1,-1,-1,-1,-1,fail:no_candidates
valid/10-15/44.jpg,10,15,112,112,9,117,162,143,180,ok
valid/10-15/45.jpg,10,15,112,112,25,116,161,142,180,ok
valid/10-15/60.jpg,10,15,112,112,215,117,63,82,0,ok
valid/10-15/74.jpg,10,15,112,112,199,105,61,80,0,ok
valid/10-15/79.jpg,10,15,112,112,116,166,159,61,90,ok
valid/10-15/93.jpg,10,15,112,112,9,105,154,152,180,ok
valid/10-15/96.jpg,10,15,112,112,117,188,152,70,90,ok
valid/10-20/0.jpg,10,20,112,112,190,163,65,82,0,ok
valid/10-20/14.jpg,10,20,112,112,158,146,-1,-1,0,ok;no_hour
valid/10-20/23.jpg,10,20,112,112,149,59,69,154,270,ok
valid/10-20/3.jpg,10,20,112,112,78,161,140,75,90,ok
valid/10-20/32.jpg,10,20,112,112,24,54,189,166,180,ok
valid/10-20/35.jpg,10,20,112,112,84,154,-1,-1,90,ok;no_hour
valid/10-20/37.jpg,10,20,112,112,159,143,49,69,0,ok
valid/10-20/58.jpg,10,20,112,112,158,141,84,103,0,ok
valid/10-20/64.jpg,10,20,112,112,188,161,71,70,0,ok
valid/10-20/72.jpg,10,20,112,112,188,161,69,69,0,ok
valid/10-25/18.jpg,10,25,112,112,194,70,75,161,270,ok
valid/10-25/27.jpg,10,25,112,112,191,74,78,160,270,ok
valid/10-25/58.jpg,10,25,112,112,189,61,69,150,270,ok
valid/10-25/6.jpg,10,25,112,112,-1,-1,-1,-1,-1,fail:no_candidates
valid/10-25/62.jpg,10,25,112,112,160,183,76,70,0,ok
valid/10-25/66.jpg,10,25,112,112,159,206,-1,-1,0,ok;no_hour
valid/10-25/75.jpg,10,25,112,112,40,160,154,74,90,ok
valid/10-25/77.jpg,10,25,112,112,159,189,-1,-1,0,ok;no_hour
valid/10-25/88.jpg,10,25,112,112,159,181,64,76,0,ok
valid/10-25/98.jpg,10,25,112,112,184,76,68,151,270,ok
valid/10-30/14.jpg,10,30,112,112,105,49,152,141,180,ok
valid/10-30/23.jpg,10,30,112,112,106,45,147,156,180,ok
valid/10-30/29.jpg,10,30,112,112,-1,-1,-1,-1,-1,fail:no_candidates
valid/10-30/4.jpg,10,30,112,112,105,207,77,67,0,ok
valid/10-30/70.jpg,10,30,112,112,66,75,-1,-1,90,warn:rot_err=38.8;no_hour
valid/10-30/77.jpg,10,30,112,112,75,66,-1,-1,180,warn:rot_err=38.8;no_hour
valid/10-30/81.jpg,10,30,112,112,-1,-1,-1,-1,-1,fail:no_candidates
valid/10-30/84.jpg,10,30,112,112,186,118,77,156,270,ok
valid/10-30/88.jpg,10,30,112,112,65,117,156,77,90,ok
valid/10-30/9.jpg,10,30,112,112,117,158,66,76,0,ok
valid/10-35/21.jpg,10,35,112,112,54,201,67,71,0,ok
valid/10-35/24.jpg,10,35,112,112,66,200,76,64,0,ok
valid/10-35/33.jpg,10,35,112,112,187,161,72,155,270,ok
valid/10-35/34.jpg,10,35,112,112,159,40,155,151,180,ok
valid/10-35/35.jpg,10,35,112,112,71,79,-1,-1,90,ok;no_hour
valid/10-35/47.jpg,10,35,112,112,71,193,67,71,0,ok
valid/10-35/69.jpg,10,35,112,112,71,194,55,58,0,ok
valid/10-35/75.jpg,10,35,112,112,62,186,69,74,0,ok
valid/10-35/90.jpg,10,35,112,112,-1,-1,-1,-1,-1,fail:no_candidates
valid/10-35/93.jpg,10,35,112,112,191,163,72,155,270,ok
valid/10-40/15.jpg,10,40,112,112,36,162,69,69,0,ok
valid/10-40/20.jpg,10,40,112,112,37,161,69,69,0,ok
valid/10-40/43.jpg,10,40,112,112,-1,-1,-1,-1,-1,fail:no_candidates
valid/10-40/49.jpg,10,40,112,112,144,160,-1,-1,270,ok;no_hour
valid/10-40/51.jpg,10,40,112,112,36,161,69,69,0,ok
valid/10-40/62.jpg,10,40,112,112,43,158,79,64,0,ok
valid/10-40/68.jpg,10,40,112,112,25,155,80,64,0,ok
valid/10-40/83.jpg,10,40,112,112,159,82,-1,-1,180,ok;no_hour
valid/10-40/84.jpg,10,40,112,112,142,159,-1,-1,270,ok;no_hour
valid/10-40/89.jpg,10,40,112,112,54,151,70,70,0,ok
valid/10-45/16.jpg,10,45,112,112,86,117,82,63,0,ok
valid/10-45/23.jpg,10,45,112,112,174,117,-1,-1,180,ok;no_hour
valid/10-45/34.jpg,10,45,112,112,81,62,-1,-1,90,warn:rot_err=31.8;no_hour
valid/10-45/47.jpg,10,45,112,112,152,104,141,161,180,ok
valid/10-45/48.jpg,10,45,112,112,67,118,78,58,0,ok
valid/10-45/56.jpg,10,45,112,112,105,68,161,81,90,ok
valid/10-45/61.jpg,10,45,112,112,12,116,80,61,0,ok
valid/10-45/66.jpg,10,45,112,112,107,14,161,81,90,ok
valid/10-45/71.jpg,10,45,112,112,-1,-1,-1,-1,-1,fail:no_candidates
valid/10-45/81.jpg,10,45,112,112,106,201,70,150,270,ok
valid/10-50/16.jpg,10,50,112,112,39,77,85,63,0,ok
valid/10-50/23.jpg,10,50,112,112,23,66,33,61,0,ok
valid/10-50/43.jpg,10,50,112,112,-1,-1,-1,-1,-1,fail:no_candidates
valid/10-50/55.jpg,10,50,112,112,-1,-1,-1,-1,-1,fail:no_candidates
valid/10-50/56.jpg,10,50,112,112,178,143,140,162,180,ok
valid/10-50/68.jpg,10,50,112,112,41,65,55,86,0,ok
valid/10-50/75.jpg,10,50,112,112,83,173,61,140,270,ok
valid/10-50/87.jpg,10,50,112,112,40,77,82,61,0,ok
valid/10-50/91.jpg,10,50,112,112,30,71,77,52,0,ok
valid/10-50/93.jpg,10,50,112,112,151,32,-1,-1,90,ok;no_hour
valid/10-55/1.jpg,10,55,112,112,80,44,74,66,0,ok
valid/10-55/2.jpg,10,55,112,112,75,36,75,67,0,ok
valid/10-55/32.jpg,10,55,112,112,85,53,75,67,0,ok
valid/10-55/57.jpg,10,55,112,112,158,206,-1,-1,180,ok;no_hour
valid/10-55/68.jpg,10,55,112,112,198,68,185,58,90,ok
valid/10-55/70.jpg,10,55,112,112,65,21,-1,-1,0,ok;no_hour
valid/10-55/75.jpg,10,55,112,112,82,49,75,67,0,ok
valid/10-55/81.jpg,10,55,112,112,191,72,157,75,90,ok
valid/10-55/84.jpg,10,55,112,112,50,140,67,148,270,ok
valid/10-55/87.jpg,10,55,112,112,69,147,-1,-1,270,ok;no_hour
valid/11-00/11.jpg,11,0,112,112,-1,-1,-1,-1,-1,fail:no_candidates
valid/11-00/13.jpg,11,0,112,112,49,105,44,156,270,ok
valid/11-00/2.jpg,11,0,112,112,213,117,160,77,90,ok
valid/11-00/32.jpg,11,0,112,112,117,46,77,62,0,ok
valid/11-00/4.jpg,11,0,112,112,105,212,145,158,180,ok
valid/11-00/43.jpg,11,0,112,112,77,63,-1,-1,0,warn:rot_err=35.5;no_hour
valid/11-00/51.jpg,11,0,112,112,105,201,144,155,180,ok
valid/11-00/60.jpg,11,0,112,112,117,36,77,63,0,ok
valid/11-00/75.jpg,11,0,112,112,180,117,160,77,90,ok
valid/11-00/96.jpg,11,0,112,112,104,178,145,157,180,ok
valid/11-05/29.jpg,11,5,112,112,164,34,63,33,0,ok
valid/11-05/31.jpg,11,5,112,112,72,169,-1,-1,180,ok;no_hour
valid/11-05/40.jpg,11,5,112,112,188,161,166,90,90,ok
valid/11-05/41.jpg,11,5,112,112,161,37,66,26,0,ok
valid/11-05/48.jpg,11,5,112,112,161,36,77,58,0,ok
valid/11-05/57.jpg,11,5,112,112,55,201,-1,-1,180,ok;no_hour
valid/11-05/75.jpg,11,5,112,112,157,45,79,62,0,ok
valid/11-05/86.jpg,11,5,112,112,160,39,79,62,0,ok
valid/11-05/87.jpg,11,5,112,112,160,38,79,62,0,ok
valid/11-05/99.jpg,11,5,112,112,140,75,79,62,0,ok
valid/11-10/19.jpg,11,10,112,112,62,141,-1,-1,180,ok;no_hour
valid/11-10/4.jpg,11,10,112,112,64,141,-1,-1,180,ok;no_hour
valid/11-10/40.jpg,11,10,112,112,62,142,-1,-1,180,ok;no_hour
valid/11-10/46.jpg,11,10,112,112,81,62,-1,-1,270,ok;no_hour
valid/11-10/61.jpg,11,10,112,112,167,198,167,93,90,ok
valid/11-10/70.jpg,11,10,112,112,62,37,-1,-1,270,ok;no_hour
valid/11-10/82.jpg,11,10,112,112,194,70,82,65,0,ok
valid/11-10/87.jpg,11,10,112,112,41,159,129,165,180,ok
valid/11-10/92.jpg,11,10,112,112,81,62,-1,-1,270,ok;no_hour
valid/11-10/96.jpg,11,10,112,112,81,63,-1,-1,270,ok;no_hour
valid/11-15/10.jpg,11,15,112,112,208,117,95,56,0,ok
valid/11-15/2.jpg,11,15,112,112,194,117,96,57,0,ok
valid/11-15/31.jpg,11,15,112,112,116,191,166,96,90,ok
valid/11-15/51.jpg,11,15,112,112,203,117,96,57,0,ok
valid/11-15/52.jpg,11,15,112,112,44,116,126,164,180,ok
valid/11-15/70.jpg,11,15,112,112,27,116,-1,-1,180,ok;no_hour
valid/11-15/81.jpg,11,15,112,112,-1,-1,-1,-1,-1,fail:no_candidates
valid/11-15/89.jpg,11,15,112,112,39,116,143,170,180,ok
valid/11-15/93.jpg,11,15,112,112,184,117,95,56,0,ok
valid/11-15/97.jpg,11,15,112,112,117,10,62,139,270,ok
valid/11-20/20.jpg,11,20,112,112,195,154,-1,-1,0,ok;no_hour
valid/11-20/23.jpg,11,20,112,112,59,75,-1,-1,180,ok;no_hour
valid/11-20/28.jpg,11,20,112,112,188,161,-1,-1,0,ok;no_hour
valid/11-20/38.jpg,11,20,112,112,185,160,96,54,0,ok
valid/11-20/4.jpg,11,20,112,112,37,62,126,168,180,ok
valid/11-20/53.jpg,11,20,112,112,30,71,-1,-1,180,ok;no_hour
valid/11-20/58.jpg,11,20,112,112,161,37,61,137,270,ok
valid/11-20/64.jpg,11,20,112,112,71,192,168,97,90,ok
valid/11-20/69.jpg,11,20,112,112,155,47,55,125,270,ok
valid/11-20/94.jpg,11,20,112,112,34,62,126,168,180,ok
valid/11-25/0.jpg,11,25,112,112,36,161,169,100,90,ok
valid/11-25/15.jpg,11,25,112,112,152,194,100,53,0,ok
valid/11-25/19.jpg,11,25,112,112,160,185,-1,-1,0,ok;no_hour
valid/11-25/3.jpg,11,25,112,112,151,194,-1,-1,0,ok;no_hour
valid/11-25/39.jpg,11,25,112,112,-1,-1,-1,-1,-1,fail:no_candidates
valid/11-25/53.jpg,11,25,112,112,174,82,61,134,270,ok
valid/11-25/56.jpg,11,25,112,112,157,202,101,55,0,ok
valid/11-25/61.jpg,11,25,112,112,193,71,63,134,270,ok
valid/11-25/72.jpg,11,25,112,112,168,200,100,54,0,ok
valid/11-25/76.jpg,11,25,112,112,191,72,55,122,270,ok
valid/11-30/40.jpg,11,30,112,112,116,189,102,53,0,ok
valid/11-30/45.jpg,11,30,112,112,116,200,90,57,0,ok
valid/11-30/5.jpg,11,30,112,112,36,117,-1,-1,90,ok;no_hour
valid/11-30/55.jpg,11,30,112,112,-1,-1,-1,-1,-1,fail:no_candidates
valid/11-30/64.jpg,11,30,112,112,120,169,105,67,0,ok
valid/11-30/67.jpg,11,30,112,112,115,217,90,57,0,ok
valid/11-30/76.jpg,11,30,112,112,121,170,105,79,0,ok
valid/11-30/78.jpg,11,30,112,112,20,116,168,103,90,ok
valid/11-30/84.jpg,11,30,112,112,202,105,58,132,270,ok
valid/11-30/95.jpg,11,30,112,112,117,158,90,57,0,ok
valid/11-35/27.jpg,11,35,112,112,141,71,127,149,180,ok
valid/11-35/34.jpg,11,35,112,112,74,188,104,53,0,ok
valid/11-35/35.jpg,11,35,112,112,63,188,-1,-1,0,ok;no_hour
valid/11-35/36.jpg,11,35,112,112,72,191,105,55,0,ok
valid/11-35/44.jpg,11,35,112,112,31,72,-1,-1,90,ok;no_hour
valid/11-35/49.jpg,11,35,112,112,81,176,105,54,0,ok
valid/11-35/56.jpg,11,35,112,112,32,72,169,105,90,ok
valid/11-35/85.jpg,11,35,112,112,70,193,105,55,0,ok
valid/11-35/9.jpg,11,35,112,112,36,61,170,104,90,ok
valid/11-35/97.jpg,11,35,112,112,79,179,92,56,0,ok
valid/11-40/17.jpg,11,40,112,112,42,158,107,52,0,ok
valid/11-40/20.jpg,11,40,112,112,63,38,170,108,90,ok
valid/11-40/27.jpg,11,40,112,112,92,66,166,94,90,ok
valid/11-40/33.jpg,11,40,112,112,30,164,107,52,0,ok
valid/11-40/53.jpg,11,40,112,112,25,154,110,61,0,ok
valid/11-40/6.jpg,11,40,112,112,159,184,54,126,270,ok
valid/11-40/67.jpg,11,40,112,112,23,168,107,52,0,ok
valid/11-40/71.jpg,11,40,112,112,-1,-1,-1,-1,-1,fail:no_candidates
valid/11-40/73.jpg,11,40,112,112,72,31,166,109,90,ok
valid/11-40/9.jpg,11,40,112,112,47,155,108,53,0,ok
valid/11-45/17.jpg,11,45,112,112,110,53,-1,-1,90,ok;no_hour
valid/11-45/38.jpg,11,45,112,112,110,54,-1,-1,90,ok;no_hour
valid/11-45/43.jpg,11,45,112,112,49,111,-1,-1,0,ok;no_hour
valid/11-45/49.jpg,11,45,112,112,109,51,-1,-1,90,ok;no_hour
valid/11-45/52.jpg,11,45,112,112,112,168,-1,-1,270,ok;no_hour
valid/11-45/68.jpg,11,45,112,112,108,48,-1,-1,90,ok;no_hour
valid/11-45/73.jpg,11,45,112,112,108,37,-1,-1,90,ok;no_hour
valid/11-45/77.jpg,11,45,112,112,104,177,54,125,270,ok
valid/11-45/91.jpg,11,45,112,112,110,45,-1,-1,90,ok;no_hour
valid/11-45/99.jpg,11,45,112,112,65,105,96,58,0,ok
valid/11-50/37.jpg,11,50,112,112,79,179,54,110,270,ok
valid/11-50/40.jpg,11,50,112,112,30,71,113,55,0,ok
valid/11-50/44.jpg,11,50,112,112,59,108,-1,-1,0,warn:rot_err=25.7;no_hour
valid/11-50/45.jpg,11,50,112,112,33,73,113,54,0,ok
valid/11-50/58.jpg,11,50,112,112,-1,-1,-1,-1,-1,fail:no_candidates
valid/11-50/62.jpg,11,50,112,112,195,153,109,167,180,ok
valid/11-50/66.jpg,11,50,112,112,144,42,169,114,90,ok
valid/11-50/75.jpg,11,50,112,112,83,174,54,110,270,ok
valid/11-50/80.jpg,11,50,112,112,79,182,55,109,270,ok
valid/11-50/98.jpg,11,50,112,112,79,180,52,110,270,ok
valid/11-55/25.jpg,11,55,112,112,-1,-1,-1,-1,-1,fail:no_candidates
valid/11-55/28.jpg,11,55,112,112,176,68,169,115,90,ok
valid/11-55/30.jpg,11,55,112,112,61,34,115,55,0,ok
valid/11-55/44.jpg,11,55,112,112,63,40,116,57,0,ok
valid/11-55/45.jpg,11,55,112,112,169,200,107,167,180,ok
valid/11-55/48.jpg,11,55,112,112,75,61,115,47,0,ok
valid/11-55/63.jpg,11,55,112,112,186,62,169,115,90,ok
valid/11-55/68.jpg,11,55,112,112,35,149,61,147,270,ok
valid/11-55/82.jpg,11,55,112,112,62,37,115,54,0,ok
valid/11-55/87.jpg,11,55,112,112,37,161,54,108,270,ok
valid/12-00/11.jpg,12,0,112,112,-1,-1,-1,-1,-1,fail:no_candidates
valid/12-00/3.jpg,12,0,112,112,-1,-1,-1,-1,-1,fail:no_candidates
valid/12-00/36.jpg,12,0,112,112,-1,-1,-1,-1,-1,fail:no_candidates
valid/12-00/54.jpg,12,0,112,112,76,145,-1,-1,270,warn:rot_err=42.5;no_hour
valid/12-00/58.jpg,12,0,112,112,105,58,118,70,0,ok
valid/12-00/62.jpg,12,0,112,112,118,54,105,56,0,ok
valid/12-00/64.jpg,12,0,112,112,118,54,105,56,0,ok
valid/12-00/77.jpg,12,0,112,112,112,55,-1,-1,0,ok;no_hour
valid/12-00/96.jpg,12,0,112,112,119,56,104,58,0,ok
valid/12-00/99.jpg,12,0,112,112,119,56,104,58,0,ok
valid/12-05/12.jpg,12,5,112,112,200,169,-1,-1,90,ok;no_hour
valid/12-05/14.jpg,12,5,112,112,153,52,91,33,0,ok
valid/12-05/16.jpg,12,5,112,112,61,189,115,169,180,ok
valid/12-05/22.jpg,12,5,112,112,139,67,-1,-1,0,ok;no_hour
valid/12-05/24.jpg,12,5,112,112,153,50,106,71,0,ok
valid/12-05/25.jpg,12,5,112,112,-1,-1,-1,-1,-1,fail:no_candidates
valid/12-05/44.jpg,12,5,112,112,189,163,147,105,90,ok
valid/12-05/50.jpg,12,5,112,112,147,61,-1,-1,0,ok;no_hour
valid/12-05/6.jpg,12,5,112,112,161,35,107,57,0,ok
valid/12-05/62.jpg,12,5,112,112,61,189,-1,-1,180,ok;no_hour
valid/12-10/11.jpg,12,10,112,112,-1,-1,-1,-1,-1,fail:no_candidates
valid/12-10/19.jpg,12,10,112,112,192,71,110,54,0,ok
valid/12-10/25.jpg,12,10,112,112,175,81,111,54,0,ok
valid/12-10/3.jpg,12,10,112,112,55,137,112,190,180,ok
valid/12-10/40.jpg,12,10,112,112,113,169,-1,-1,90,warn:rot_err=29.0;no_hour
valid/12-10/45.jpg,12,10,112,112,197,69,110,54,0,ok
valid/12-10/81.jpg,12,10,112,112,191,70,111,53,0,ok
valid/12-10/9.jpg,12,10,112,112,45,142,-1,-1,180,ok;no_hour
valid/12-10/90.jpg,12,10,112,112,71,31,55,113,270,ok
valid/12-10/95.jpg,12,10,112,112,110,54,-1,-1,270,warn:rot_err=28.0;no_hour
valid/12-15/11.jpg,12,15,112,112,217,105,-1,-1,0,ok;no_hour
valid/12-15/22.jpg,12,15,112,112,106,6,-1,-1,270,ok;no_hour
valid/12-15/33.jpg,12,15,112,112,111,58,-1,-1,270,ok;no_hour
valid/12-15/34.jpg,12,15,112,112,53,110,-1,-1,180,ok;no_hour
valid/12-15/51.jpg,12,15,112,112,112,55,-1,-1,270,ok;no_hour
valid/12-15/54.jpg,12,15,112,112,75,145,-1,-1,180,warn:rot_err=41.7;no_hour
valid/12-15/63.jpg,12,15,112,112,110,170,-1,-1,90,ok;no_hour
valid/12-15/75.jpg,12,15,112,112,168,112,-1,-1,0,ok;no_hour
valid/12-15/8.jpg,12,15,112,112,113,53,-1,-1,270,ok;no_hour
valid/12-15/91.jpg,12,15,112,112,26,109,-1,-1,180,ok;no_hour
valid/12-20/13.jpg,12,20,112,112,56,73,108,174,180,ok
valid/12-20/31.jpg,12,20,112,112,157,44,57,109,270,ok
valid/12-20/37.jpg,12,20,112,112,48,68,108,170,180,ok
valid/12-20/41.jpg,12,20,112,112,161,38,-1,-1,270,ok;no_hour
valid/12-20/56.jpg,12,20,112,112,185,160,114,55,0,ok
valid/12-20/63.jpg,12,20,112,112,193,152,114,55,0,ok
valid/12-20/64.jpg,12,20,112,112,188,161,114,55,0,ok
valid/12-20/69.jpg,12,20,112,112,69,175,166,127,90,ok
valid/12-20/83.jpg,12,20,112,112,191,150,128,56,0,ok
valid/12-20/9.jpg,12,20,112,112,171,152,114,55,0,ok
valid/12-25/17.jpg,12,25,112,112,150,190,117,56,0,ok
valid/12-25/26.jpg,12,25,112,112,164,193,130,56,0,ok
valid/12-25/27.jpg,12,25,112,112,162,186,131,56,0,ok
valid/12-25/3.jpg,12,25,112,112,149,190,121,40,0,ok
valid/12-25/30.jpg,12,25,112,112,161,187,130,57,0,ok
valid/12-25/48.jpg,12,25,112,112,64,147,178,134,90,ok
valid/12-25/49.jpg,12,25,112,112,193,71,56,92,270,ok
valid/12-25/5.jpg,12,25,112,112,64,18,92,166,180,ok
valid/12-25/62.jpg,12,25,112,112,70,26,105,169,180,ok
valid/12-25/64.jpg,12,25,112,112,159,205,118,54,0,ok
valid/12-30/10.jpg,12,30,112,112,107,13,103,169,180,ok
valid/12-30/12.jpg,12,30,112,112,116,79,103,171,180,ok
valid/12-30/35.jpg,12,30,112,112,161,102,-1,-1,270,ok;no_hour
valid/12-30/41.jpg,12,30,112,112,104,194,-1,-1,0,ok;no_hour
valid/12-30/43.jpg,12,30,112,112,-1,-1,-1,-1,-1,fail:no_candidates
valid/12-30/60.jpg,12,30,112,112,120,54,106,141,180,ok
valid/12-30/63.jpg,12,30,112,112,156,117,54,103,270,ok
valid/12-30/70.jpg,12,30,112,112,-1,-1,-1,-1,-1,fail:no_candidates
valid/12-30/87.jpg,12,30,112,112,105,196,132,59,0,ok
valid/12-30/88.jpg,12,30,112,112,41,105,166,119,90,ok
valid/12-35/15.jpg,12,35,112,112,69,195,134,61,0,ok
valid/12-35/18.jpg,12,35,112,112,194,152,53,86,270,ok
valid/12-35/24.jpg,12,35,112,112,177,155,54,100,270,ok
valid/12-35/28.jpg,12,35,112,112,161,37,88,165,180,ok
valid/12-35/40.jpg,12,35,112,112,43,79,164,134,90,ok
valid/12-35/56.jpg,12,35,112,112,61,189,134,60,0,ok
valid/12-35/69.jpg,12,35,112,112,82,174,134,59,0,ok
valid/12-35/89.jpg,12,35,112,112,71,192,134,59,0,ok
valid/12-35/9.jpg,12,35,112,112,36,61,162,134,90,ok
valid/12-35/96.jpg,12,35,112,112,152,30,88,166,180,ok
valid/12-40/10.jpg,12,40,112,112,183,64,98,167,180,ok
valid/12-40/11.jpg,12,40,112,112,24,168,-1,-1,0,ok;no_hour
valid/12-40/17.jpg,12,40,112,112,72,32,167,125,90,ok
valid/12-40/44.jpg,12,40,112,112,202,66,96,169,180,ok
valid/12-40/6.jpg,12,40,112,112,191,72,98,167,180,ok
valid/12-40/73.jpg,12,40,112,112,61,147,126,55,0,ok
valid/12-40/86.jpg,12,40,112,112,71,29,167,125,90,ok
valid/12-40/89.jpg,12,40,112,112,150,168,-1,-1,270,ok;no_hour
valid/12-40/90.jpg,12,40,112,112,38,159,135,63,0,ok
valid/12-40/93.jpg,12,40,112,112,35,161,137,61,0,ok
valid/12-45/10.jpg,12,45,112,112,116,205,60,83,270,ok
valid/12-45/15.jpg,12,45,112,112,66,117,139,60,0,ok
valid/12-45/24.jpg,12,45,112,112,191,117,96,166,180,ok
valid/12-45/47.jpg,12,45,112,112,11,116,139,61,0,ok
valid/12-45/48.jpg,12,45,112,112,67,118,139,64,0,ok
valid/12-45/53.jpg,12,45,112,112,168,128,-1,-1,180,ok;no_hour
valid/12-45/68.jpg,12,45,112,112,13,105,-1,-1,0,ok;no_hour
valid/12-45/7.jpg,12,45,112,112,27,104,139,62,0,ok
valid/12-45/76.jpg,12,45,112,112,28,105,139,61,0,ok
valid/12-45/90.jpg,12,45,112,112,-1,-1,-1,-1,-1,fail:no_candidates
valid/12-50/1.jpg,12,50,112,112,141,63,-1,-1,90,ok;no_hour
valid/12-50/13.jpg,12,50,112,112,141,64,-1,-1,90,ok;no_hour
valid/12-50/17.jpg,12,50,112,112,141,63,-1,-1,90,ok;no_hour
valid/12-50/19.jpg,12,50,112,112,141,61,-1,-1,90,ok;no_hour
valid/12-50/20.jpg,12,50,112,112,62,81,-1,-1,0,ok;no_hour
valid/12-50/46.jpg,12,50,112,112,81,160,-1,-1,270,ok;no_hour
valid/12-50/56.jpg,12,50,112,112,67,200,62,81,270,ok
valid/12-50/83.jpg,12,50,112,112,23,68,129,57,0,ok
valid/12-50/84.jpg,12,50,112,112,160,141,-1,-1,180,ok;no_hour
valid/12-50/88.jpg,12,50,112,112,139,69,-1,-1,90,ok;no_hour
valid/12-55/21.jpg,12,55,112,112,69,49,143,65,0,ok
valid/12-55/22.jpg,12,55,112,112,69,31,133,60,0,ok
valid/12-55/3.jpg,12,55,112,112,161,187,-1,-1,180,ok;no_hour
valid/12-55/37.jpg,12,55,112,112,50,153,62,79,270,ok
valid/12-55/4.jpg,12,55,112,112,36,161,62,79,270,ok
valid/12-55/57.jpg,12,55,112,112,76,61,143,64,0,ok
valid/12-55/59.jpg,12,55,112,112,91,87,-1,-1,0,ok;no_hour
valid/12-55/60.jpg,12,55,112,112,47,155,62,79,270,ok
valid/12-55/81.jpg,12,55,112,112,62,36,142,64,0,ok
valid/12-55/84.jpg,12,55,112,112,69,49,143,64,0,ok
valid/2-00/18.jpg,2,0,112,112,106,58,167,88,0,ok
valid/2-00/31.jpg,2,0,112,112,46,116,88,58,270,ok
valid/2-00/4.jpg,2,0,112,112,106,30,163,90,0,ok
valid/2-00/42.jpg,2,0,112,112,106,16,164,89,0,ok
valid/2-00/50.jpg,2,0,112,112,105,52,177,81,0,ok
valid/2-00/67.jpg,2,0,112,112,116,203,59,134,180,ok
valid/2-00/73.jpg,2,0,112,112,106,55,176,82,0,ok
valid/2-00/87.jpg,2,0,112,112,190,106,133,163,90,ok
valid/2-00/94.jpg,2,0,112,112,-1,-1,-1,-1,-1,fail:no_candidates
valid/2-00/98.jpg,2,0,112,112,116,177,58,135,180,ok
valid/2-05/24.jpg,2,5,112,112,156,23,164,92,0,ok
valid/2-05/25.jpg,2,5,112,112,-1,-1,-1,-1,-1,fail:no_candidates
valid/2-05/31.jpg,2,5,112,112,187,148,132,165,90,ok
valid/2-05/58.jpg,2,5,112,112,-1,-1,-1,-1,-1,fail:no_candidates
valid/2-05/63.jpg,2,5,112,112,30,71,90,57,270,ok
valid/2-05/66.jpg,2,5,112,112,66,201,57,133,180,ok
valid/2-05/74.jpg,2,5,112,112,150,32,167,90,0,ok
valid/2-05/75.jpg,2,5,112,112,71,193,57,133,180,ok
valid/2-05/81.jpg,2,5,112,112,-1,-1,-1,-1,-1,fail:no_candidates
valid/2-05/90.jpg,2,5,112,112,33,72,90,59,270,ok
valid/2-10/21.jpg,2,10,112,112,181,65,167,93,0,ok
valid/2-10/26.jpg,2,10,112,112,166,93,-1,-1,0,ok;no_hour
valid/2-10/69.jpg,2,10,112,112,154,175,131,167,90,ok
valid/2-10/72.jpg,2,10,112,112,205,63,164,95,0,ok
valid/2-10/75.jpg,2,10,112,112,188,61,167,93,0,ok
valid/2-10/81.jpg,2,10,112,112,172,90,-1,-1,0,ok;no_hour
valid/2-10/85.jpg,2,10,112,112,73,56,94,57,270,ok
valid/2-10/91.jpg,2,10,112,112,37,161,57,129,180,ok
valid/2-10/95.jpg,2,10,112,112,94,58,-1,-1,270,ok;no_hour
valid/2-10/99.jpg,2,10,112,112,130,167,-1,-1,90,ok;no_hour
valid/2-15/12.jpg,2,15,112,112,180,117,163,83,0,ok
valid/2-15/37.jpg,2,15,112,112,186,117,163,83,0,ok
valid/2-15/4.jpg,2,15,112,112,11,105,62,139,180,ok
valid/2-15/44.jpg,2,15,112,112,104,216,-1,-1,90,ok;no_hour
valid/2-15/67.jpg,2,15,112,112,154,117,162,83,0,ok
valid/2-15/75.jpg,2,15,112,112,212,117,162,83,0,ok
valid/2-15/76.jpg,2,15,112,112,105,201,139,162,90,ok
valid/2-15/77.jpg,2,15,112,112,163,83,-1,-1,0,warn:rot_err=29.6;no_hour
valid/2-15/8.jpg,2,15,112,112,203,117,161,83,0,ok
valid/2-15/85.jpg,2,15,112,112,175,117,162,83,0,ok
valid/2-20/12.jpg,2,20,112,112,59,75,62,137,180,ok
valid/2-20/15.jpg,2,20,112,112,173,153,164,85,0,ok
valid/2-20/26.jpg,2,20,112,112,28,57,60,137,180,ok
valid/2-20/39.jpg,2,20,112,112,-1,-1,-1,-1,-1,fail:no_candidates
valid/2-20/55.jpg,2,20,112,112,-1,-1,-1,-1,-1,fail:no_candidates
valid/2-20/65.jpg,2,20,112,112,116,175,-1,-1,90,warn:rot_err=33.6;no_hour
valid/2-20/71.jpg,2,20,112,112,34,61,60,137,180,ok
valid/2-20/79.jpg,2,20,112,112,85,61,-1,-1,180,warn:rot_err=32.1;no_hour
valid/2-20/88.jpg,2,20,112,112,168,151,163,85,0,ok
valid/2-20/98.jpg,2,20,112,112,42,65,60,137,180,ok
valid/2-25/0.jpg,2,25,112,112,193,71,88,59,270,ok
valid/2-25/2.jpg,2,25,112,112,157,201,168,101,0,ok
valid/2-25/20.jpg,2,25,112,112,67,22,62,134,180,ok
valid/2-25/26.jpg,2,25,112,112,67,23,59,134,180,ok
valid/2-25/46.jpg,2,25,112,112,161,188,170,100,0,ok
valid/2-25/64.jpg,2,25,112,112,205,64,88,58,270,ok
valid/2-25/66.jpg,2,25,112,112,64,42,65,133,180,ok
valid/2-25/71.jpg,2,25,112,112,-1,-1,-1,-1,-1,fail:no_candidates
valid/2-25/82.jpg,2,25,112,112,198,68,88,58,270,ok
valid/2-25/84.jpg,2,25,112,112,39,147,134,162,90,ok
valid/2-30/1.jpg,2,30,112,112,54,117,133,166,90,ok
valid/2-30/10.jpg,2,30,112,112,116,210,170,102,0,ok
valid/2-30/13.jpg,2,30,112,112,118,45,59,132,180,ok
valid/2-30/17.jpg,2,30,112,112,106,25,-1,-1,180,ok;no_hour
valid/2-30/64.jpg,2,30,112,112,116,183,170,102,0,ok
valid/2-30/71.jpg,2,30,112,112,-1,-1,-1,-1,-1,fail:no_candidates
valid/2-30/81.jpg,2,30,112,112,-1,-1,-1,-1,-1,fail:no_candidates
valid/2-30/88.jpg,2,30,112,112,105,182,170,102,0,ok
valid/2-30/89.jpg,2,30,112,112,116,183,170,102,0,ok
valid/2-30/94.jpg,2,30,112,112,106,177,169,101,0,ok
valid/2-35/22.jpg,2,35,112,112,44,80,109,141,90,ok
valid/2-35/44.jpg,2,35,112,112,71,193,169,105,0,ok
valid/2-35/50.jpg,2,35,112,112,61,188,167,106,0,ok
valid/2-35/64.jpg,2,35,112,112,57,196,166,92,0,ok
valid/2-35/68.jpg,2,35,112,112,164,32,-1,-1,180,ok;no_hour
valid/2-35/69.jpg,2,35,112,112,166,149,105,55,270,ok
valid/2-35/80.jpg,2,35,112,112,74,190,169,105,0,ok
valid/2-35/81.jpg,2,35,112,112,-1,-1,-1,-1,-1,fail:no_candidates
valid/2-35/86.jpg,2,35,112,112,69,196,166,92,0,ok
valid/2-35/95.jpg,2,35,112,112,64,205,166,92,0,ok
valid/2-40/18.jpg,2,40,112,112,68,143,178,106,0,ok
valid/2-40/25.jpg,2,40,112,112,-1,-1,-1,-1,-1,fail:no_candidates
valid/2-40/26.jpg,2,40,112,112,184,77,56,127,180,ok
valid/2-40/32.jpg,2,40,112,112,52,139,169,108,0,ok
valid/2-40/35.jpg,2,40,112,112,132,99,-1,-1,180,ok;no_hour
valid/2-40/58.jpg,2,40,112,112,29,165,170,107,0,ok
valid/2-40/76.jpg,2,40,112,112,37,160,171,107,0,ok
valid/2-40/78.jpg,2,40,112,112,35,161,171,107,0,ok
valid/2-40/85.jpg,2,40,112,112,36,161,170,108,0,ok
valid/2-40/91.jpg,2,40,112,112,49,154,168,95,0,ok
valid/2-45/16.jpg,2,45,112,112,170,110,29,105,180,ok
valid/2-45/18.jpg,2,45,112,112,51,112,182,105,0,ok
valid/2-45/29.jpg,2,45,112,112,8,117,165,96,0,ok
valid/2-45/49.jpg,2,45,112,112,172,109,66,117,180,ok
valid/2-45/62.jpg,2,45,112,112,170,110,78,117,180,ok
valid/2-45/63.jpg,2,45,112,112,170,110,-1,-1,180,ok;no_hour
valid/2-45/65.jpg,2,45,112,112,45,109,-1,-1,0,ok;no_hour
valid/2-45/69.jpg,2,45,112,112,114,171,104,70,270,ok
valid/2-45/70.jpg,2,45,112,112,125,167,-1,-1,270,ok;no_hour
valid/2-45/87.jpg,2,45,112,112,191,117,59,125,180,ok
valid/2-50/15.jpg,2,50,112,112,180,159,-1,-1,180,ok;no_hour
valid/2-50/16.jpg,2,50,112,112,56,198,113,54,270,ok
valid/2-50/47.jpg,2,50,112,112,66,200,113,53,270,ok
valid/2-50/5.jpg,2,50,112,112,155,47,123,167,90,ok
valid/2-50/58.jpg,2,50,112,112,191,164,-1,-1,180,ok;no_hour
valid/2-50/74.jpg,2,50,112,112,75,164,100,55,270,ok
valid/2-50/78.jpg,2,50,112,112,71,193,113,55,270,ok
valid/2-50/83.jpg,2,50,112,112,68,198,114,55,270,ok
valid/2-50/96.jpg,2,50,112,112,193,152,57,123,180,ok
valid/2-50/98.jpg,2,50,112,112,43,79,167,100,0,ok
valid/2-55/14.jpg,2,55,112,112,144,155,46,107,180,ok
valid/2-55/18.jpg,2,55,112,112,65,43,172,115,0,ok
valid/2-55/19.jpg,2,55,112,112,195,69,120,168,90,ok
valid/2-55/28.jpg,2,55,112,112,60,34,167,102,0,ok
valid/2-55/37.jpg,2,55,112,112,50,154,115,54,270,ok
valid/2-55/64.jpg,2,55,112,112,59,33,169,115,0,ok
valid/2-55/65.jpg,2,55,112,112,177,106,-1,-1,90,ok;no_hour
valid/2-55/74.jpg,2,55,112,112,75,59,166,101,0,ok
valid/2-55/94.jpg,2,55,112,112,160,186,55,120,180,ok
valid/2-55/96.jpg,2,55,112,112,140,172,57,121,180,ok
valid/3-00/10.jpg,3,0,112,112,106,22,170,118,0,ok
valid/3-00/12.jpg,3,0,112,112,106,51,170,118,0,ok
valid/3-00/14.jpg,3,0,112,112,161,105,103,170,90,ok
valid/3-00/26.jpg,3,0,112,112,210,106,117,169,90,ok
valid/3-00/44.jpg,3,0,112,112,118,20,167,119,0,ok
valid/3-00/57.jpg,3,0,112,112,154,105,-1,-1,90,ok;no_hour
valid/3-00/58.jpg,3,0,112,112,-1,-1,-1,-1,-1,fail:no_candidates
valid/3-00/70.jpg,3,0,112,112,118,69,-1,-1,0,ok;no_hour
valid/3-00/77.jpg,3,0,112,112,203,107,118,172,90,ok
valid/3-00/94.jpg,3,0,112,112,-1,-1,-1,-1,-1,fail:no_candidates
valid/3-05/11.jpg,3,5,112,112,-1,-1,-1,-1,-1,fail:no_candidates
valid/3-05/3.jpg,3,5,112,112,153,120,-1,-1,90,ok;no_hour
valid/3-05/37.jpg,3,5,112,112,69,198,85,103,180,ok
valid/3-05/39.jpg,3,5,112,112,-1,-1,-1,-1,-1,fail:no_candidates
valid/3-05/40.jpg,3,5,112,112,101,200,-1,-1,180,ok;no_hour
valid/3-05/47.jpg,3,5,112,112,64,204,70,102,180,ok
valid/3-05/50.jpg,3,5,112,112,83,172,58,101,180,ok
valid/3-05/51.jpg,3,5,112,112,190,150,102,164,90,ok
valid/3-05/60.jpg,3,5,112,112,65,204,56,102,180,ok
valid/3-05/86.jpg,3,5,112,112,153,28,169,120,0,ok
valid/3-10/26.jpg,3,10,112,112,182,65,168,122,0,ok
valid/3-10/28.jpg,3,10,112,112,183,64,170,122,0,ok
valid/3-10/30.jpg,3,10,112,112,187,62,168,122,0,ok
valid/3-10/36.jpg,3,10,112,112,-1,-1,-1,-1,-1,fail:no_candidates
valid/3-10/53.jpg,3,10,112,112,168,73,166,123,0,ok
valid/3-10/54.jpg,3,10,112,112,145,147,-1,-1,90,ok;no_hour
valid/3-10/64.jpg,3,10,112,112,187,62,168,122,0,ok
valid/3-10/71.jpg,3,10,112,112,51,154,56,100,180,ok
valid/3-10/72.jpg,3,10,112,112,62,37,122,59,270,ok
valid/3-10/87.jpg,3,10,112,112,41,159,63,101,180,ok
valid/3-15/1.jpg,3,15,112,112,170,105,167,126,0,ok
valid/3-15/23.jpg,3,15,112,112,106,47,-1,-1,270,ok;no_hour
valid/3-15/5.jpg,3,15,112,112,189,105,167,126,0,ok
valid/3-15/51.jpg,3,15,112,112,201,106,167,125,0,ok
valid/3-15/53.jpg,3,15,112,112,117,179,97,166,90,ok
valid/3-15/6.jpg,3,15,112,112,-1,-1,-1,-1,-1,fail:no_candidates
valid/3-15/60.jpg,3,15,112,112,29,116,56,97,180,ok
valid/3-15/71.jpg,3,15,112,112,40,117,55,97,180,ok
valid/3-15/79.jpg,3,15,112,112,106,55,125,58,270,ok
valid/3-15/85.jpg,3,15,112,112,175,106,166,125,0,ok
valid/3-20/14.jpg,3,20,112,112,158,145,-1,-1,0,ok;no_hour
valid/3-20/16.jpg,3,20,112,112,27,56,53,108,180,ok
valid/3-20/28.jpg,3,20,112,112,160,39,114,55,270,ok
valid/3-20/32.jpg,3,20,112,112,66,179,107,171,90,ok
valid/3-20/55.jpg,3,20,112,112,-1,-1,-1,-1,-1,fail:no_candidates
valid/3-20/61.jpg,3,20,112,112,201,168,168,114,0,ok
valid/3-20/73.jpg,3,20,112,112,146,63,115,46,270,ok
valid/3-20/77.jpg,3,20,112,112,64,188,-1,-1,90,ok;no_hour
valid/3-20/94.jpg,3,20,112,112,62,187,108,169,90,ok
valid/3-20/99.jpg,3,20,112,112,169,151,162,112,0,ok
valid/3-25/16.jpg,3,25,112,112,147,184,169,118,0,ok
valid/3-25/23.jpg,3,25,112,112,166,196,-1,-1,0,ok;no_hour
valid/3-25/25.jpg,3,25,112,112,-1,-1,-1,-1,-1,fail:no_candidates
valid/3-25/32.jpg,3,25,112,112,144,180,169,118,0,ok
valid/3-25/38.jpg,3,25,112,112,70,30,-1,-1,180,ok;no_hour
valid/3-25/60.jpg,3,25,112,112,53,104,-1,-1,90,warn:rot_err=37.7;no_hour
valid/3-25/69.jpg,3,25,112,112,193,71,118,54,270,ok
valid/3-25/78.jpg,3,25,112,112,151,191,168,118,0,ok
valid/3-25/89.jpg,3,25,112,112,151,192,168,118,0,ok
valid/3-25/96.jpg,3,25,112,112,30,152,104,170,90,ok
valid/3-30/16.jpg,3,30,112,112,38,116,103,169,90,ok
valid/3-30/18.jpg,3,30,112,112,179,123,-1,-1,270,ok;no_hour
valid/3-30/23.jpg,3,30,112,112,119,16,-1,-1,180,ok;no_hour
valid/3-30/26.jpg,3,30,112,112,166,119,-1,-1,270,ok;no_hour
valid/3-30/27.jpg,3,30,112,112,159,116,-1,-1,270,ok;no_hour
valid/3-30/5.jpg,3,30,112,112,156,117,-1,-1,270,ok;no_hour
valid/3-30/50.jpg,3,30,112,112,117,170,169,120,0,ok
valid/3-30/78.jpg,3,30,112,112,106,142,164,132,0,ok
valid/3-30/9.jpg,3,30,112,112,116,69,53,102,180,ok
valid/3-30/98.jpg,3,30,112,112,42,105,102,170,90,ok
valid/3-35/1.jpg,3,35,112,112,69,174,162,134,0,ok
valid/3-35/16.jpg,3,35,112,112,67,199,-1,-1,0,ok;no_hour
valid/3-35/20.jpg,3,35,112,112,72,191,-1,-1,0,ok;no_hour
valid/3-35/4.jpg,3,35,112,112,37,62,88,165,90,ok
valid/3-35/6.jpg,3,35,112,112,71,192,167,122,0,ok
valid/3-35/76.jpg,3,35,112,112,188,161,134,57,270,ok
valid/3-35/80.jpg,3,35,112,112,74,190,163,134,0,ok
valid/3-35/86.jpg,3,35,112,112,161,35,58,88,180,ok
valid/3-35/87.jpg,3,35,112,112,67,199,-1,-1,0,ok;no_hour
valid/3-35/88.jpg,3,35,112,112,152,52,58,88,180,ok
valid/3-40/12.jpg,3,40,112,112,18,160,167,125,0,ok
valid/3-40/16.jpg,3,40,112,112,43,157,167,125,0,ok
valid/3-40/38.jpg,3,40,112,112,161,188,137,58,270,ok
valid/3-40/50.jpg,3,40,112,112,47,155,168,125,0,ok
valid/3-40/54.jpg,3,40,112,112,106,87,-1,-1,90,ok;no_hour
valid/3-40/55.jpg,3,40,112,112,-1,-1,-1,-1,-1,fail:no_candidates
valid/3-40/64.jpg,3,40,112,112,163,192,137,61,270,ok
valid/3-40/67.jpg,3,40,112,112,71,30,105,150,90,ok
valid/3-40/77.jpg,3,40,112,112,54,112,-1,-1,0,warn:rot_err=30.0;no_hour
valid/3-40/95.jpg,3,40,112,112,61,36,96,169,90,ok
valid/3-45/0.jpg,3,45,112,112,213,106,60,83,180,ok
valid/3-45/1.jpg,3,45,112,112,118,155,139,64,270,ok
valid/3-45/40.jpg,3,45,112,112,167,128,-1,-1,180,ok;no_hour
valid/3-45/48.jpg,3,45,112,112,67,118,-1,-1,0,ok;no_hour
valid/3-45/5.jpg,3,45,112,112,35,117,168,128,0,ok
valid/3-45/63.jpg,3,45,112,112,56,96,-1,-1,0,ok;no_hour
valid/3-45/7.jpg,3,45,112,112,22,105,160,139,0,ok
valid/3-45/71.jpg,3,45,112,112,-1,-1,-1,-1,-1,fail:no_candidates
valid/3-45/75.jpg,3,45,112,112,186,118,60,83,180,ok
valid/3-45/92.jpg,3,45,112,112,22,105,162,139,0,ok
valid/3-50/12.jpg,3,50,112,112,81,160,138,52,270,ok
valid/3-50/37.jpg,3,50,112,112,159,141,42,79,180,ok
valid/3-50/41.jpg,3,50,112,112,35,61,173,131,0,ok
valid/3-50/55.jpg,3,50,112,112,-1,-1,-1,-1,-1,fail:no_candidates
valid/3-50/60.jpg,3,50,112,112,61,81,185,147,0,ok
valid/3-50/64.jpg,3,50,112,112,185,160,58,94,180,ok
valid/3-50/66.jpg,3,50,112,112,43,79,166,130,0,ok
valid/3-50/69.jpg,3,50,112,112,159,141,51,84,180,ok
valid/3-50/8.jpg,3,50,112,112,63,81,183,146,0,ok
valid/3-50/87.jpg,3,50,112,112,182,145,58,94,180,ok
valid/3-55/2.jpg,3,55,112,112,56,26,166,133,0,ok
valid/3-55/44.jpg,3,55,112,112,54,23,-1,-1,0,ok;no_hour
valid/3-55/47.jpg,3,55,112,112,201,68,79,160,90,ok
valid/3-55/49.jpg,3,55,112,112,57,28,-1,-1,0,ok;no_hour
valid/3-55/5.jpg,3,55,112,112,155,176,62,79,180,ok
valid/3-55/53.jpg,3,55,112,112,175,82,92,164,90,ok
valid/3-55/77.jpg,3,55,112,112,82,160,-1,-1,270,warn:rot_err=28.0;no_hour
valid/3-55/78.jpg,3,55,112,112,161,188,58,91,180,ok
valid/3-55/80.jpg,3,55,112,112,176,81,79,161,90,ok
valid/3-55/84.jpg,3,55,112,112,69,49,159,143,0,ok
valid/4-00/14.jpg,4,0,112,112,161,105,88,165,90,ok
valid/4-00/19.jpg,4,0,112,112,106,6,164,135,0,ok
valid/4-00/30.jpg,4,0,112,112,117,20,-1,-1,0,ok;no_hour
valid/4-00/40.jpg,4,0,112,112,167,117,86,168,90,ok
valid/4-00/49.jpg,4,0,112,112,106,36,164,135,0,ok
valid/4-00/5.jpg,4,0,112,112,117,187,65,76,180,ok
valid/4-00/57.jpg,4,0,112,112,53,117,148,63,270,ok
valid/4-00/59.jpg,4,0,112,112,82,116,-1,-1,270,ok;no_hour
valid/4-00/75.jpg,4,0,112,112,116,203,63,76,180,ok
valid/4-00/81.jpg,4,0,112,112,107,35,158,145,0,ok
valid/4-05/0.jpg,4,5,112,112,65,204,65,90,180,ok
valid/4-05/3.jpg,4,5,112,112,165,138,-1,-1,90,ok;no_hour
valid/4-05/4.jpg,4,5,112,112,200,156,87,162,90,ok
valid/4-05/56.jpg,4,5,112,112,85,164,-1,-1,180,ok;no_hour
valid/4-05/66.jpg,4,5,112,112,65,202,67,75,180,ok
valid/4-05/70.jpg,4,5,112,112,161,36,-1,-1,0,ok;no_hour
valid/4-05/81.jpg,4,5,112,112,-1,-1,-1,-1,-1,fail:no_candidates
valid/4-05/88.jpg,4,5,112,112,52,71,147,68,270,ok
valid/4-05/89.jpg,4,5,112,112,164,31,164,138,0,ok
valid/4-05/99.jpg,4,5,112,112,82,175,59,86,180,ok
valid/4-10/10.jpg,4,10,112,112,194,58,153,149,0,ok
valid/4-10/20.jpg,4,10,112,112,189,61,162,140,0,ok
valid/4-10/5.jpg,4,10,112,112,47,156,69,73,180,ok
valid/4-10/56.jpg,4,10,112,112,197,56,162,140,0,ok
valid/4-10/7.jpg,4,10,112,112,188,61,162,139,0,ok
valid/4-10/77.jpg,4,10,112,112,75,155,-1,-1,180,ok;no_hour
valid/4-10/79.jpg,4,10,112,112,78,65,135,90,270,ok
valid/4-10/84.jpg,4,10,112,112,67,144,69,73,180,ok
valid/4-10/88.jpg,4,10,112,112,190,60,162,140,0,ok
valid/4-10/94.jpg,4,10,112,112,-1,-1,-1,-1,-1,fail:no_candidates
valid/4-15/42.jpg,4,15,112,112,106,20,151,70,270,ok
valid/4-15/45.jpg,4,15,112,112,209,106,152,151,0,ok
valid/4-15/46.jpg,4,15,112,112,187,106,148,149,0,ok
valid/4-15/58.jpg,4,15,112,112,-1,-1,-1,-1,-1,fail:no_candidates
valid/4-15/71.jpg,4,15,112,112,39,117,68,70,180,ok
valid/4-15/79.jpg,4,15,112,112,106,55,-1,-1,270,ok;no_hour
valid/4-15/8.jpg,4,15,112,112,215,106,151,151,0,ok
valid/4-15/9.jpg,4,15,112,112,187,106,151,151,0,ok
valid/4-15/95.jpg,4,15,112,112,201,106,-1,-1,0,ok;no_hour
valid/4-15/97.jpg,4,15,112,112,106,10,151,71,270,ok
valid/4-20/23.jpg,4,20,112,112,170,138,-1,-1,0,ok;no_hour
valid/4-20/27.jpg,4,20,112,112,197,153,152,153,0,ok
valid/4-20/3.jpg,4,20,112,112,82,78,-1,-1,180,ok;no_hour
valid/4-20/32.jpg,4,20,112,112,177,143,152,153,0,ok
valid/4-20/45.jpg,4,20,112,112,193,152,150,152,0,ok
valid/4-20/48.jpg,4,20,112,112,183,143,148,152,0,ok
valid/4-20/63.jpg,4,20,112,112,153,30,153,72,270,ok
valid/4-20/73.jpg,4,20,112,112,30,71,74,71,180,ok
valid/4-20/77.jpg,4,20,112,112,150,150,-1,-1,0,ok;no_hour
valid/4-20/98.jpg,4,20,112,112,183,146,150,152,0,ok
valid/4-25/1.jpg,4,25,112,112,143,178,159,146,0,ok
valid/4-25/11.jpg,4,25,112,112,-1,-1,-1,-1,-1,fail:no_candidates
valid/4-25/27.jpg,4,25,112,112,76,37,70,83,180,ok
valid/4-25/28.jpg,4,25,112,112,151,192,159,146,0,ok
valid/4-25/32.jpg,4,25,112,112,79,43,65,78,180,ok
valid/4-25/34.jpg,4,25,112,112,31,152,82,154,90,ok
valid/4-25/47.jpg,4,25,112,112,158,203,159,146,0,ok
valid/4-25/58.jpg,4,25,112,112,157,203,158,144,0,ok
valid/4-25/6.jpg,4,25,112,112,-1,-1,-1,-1,-1,fail:no_candidates
valid/4-25/69.jpg,4,25,112,112,145,182,158,145,0,ok
valid/4-30/1.jpg,4,30,112,112,104,186,156,145,0,ok
valid/4-30/15.jpg,4,30,112,112,157,148,-1,-1,270,warn:rot_err=38.7;no_hour
valid/4-30/20.jpg,4,30,112,112,117,13,67,77,180,ok
valid/4-30/25.jpg,4,30,112,112,106,157,156,147,0,ok
valid/4-30/34.jpg,4,30,112,112,106,156,157,149,0,ok
valid/4-30/36.jpg,4,30,112,112,116,68,68,78,180,ok
valid/4-30/41.jpg,4,30,112,112,22,105,-1,-1,90,ok;no_hour
valid/4-30/42.jpg,4,30,112,112,106,156,156,147,0,ok
valid/4-30/63.jpg,4,30,112,112,157,117,136,77,270,ok
valid/4-30/74.jpg,4,30,112,112,117,76,80,91,180,ok
valid/4-35/0.jpg,4,35,112,112,61,189,146,159,0,ok
valid/4-35/15.jpg,4,35,112,112,69,195,154,149,0,ok
valid/4-35/17.jpg,4,35,112,112,63,206,148,159,0,ok
valid/4-35/24.jpg,4,35,112,112,66,200,155,152,0,ok
valid/4-35/28.jpg,4,35,112,112,61,189,154,148,0,ok
valid/4-35/3.jpg,4,35,112,112,27,71,70,156,90,ok
valid/4-35/34.jpg,4,35,112,112,40,64,72,155,90,ok
valid/4-35/65.jpg,4,35,112,112,71,171,-1,-1,0,ok;no_hour
valid/4-35/90.jpg,4,35,112,112,-1,-1,-1,-1,-1,fail:no_candidates
valid/4-35/91.jpg,4,35,112,112,190,164,157,79,270,ok
valid/4-40/11.jpg,4,40,112,112,168,199,-1,-1,270,ok;no_hour
valid/4-40/16.jpg,4,40,112,112,157,180,160,78,270,ok
valid/4-40/18.jpg,4,40,112,112,167,74,-1,-1,180,ok;no_hour
valid/4-40/33.jpg,4,40,112,112,89,75,-1,-1,90,ok;no_hour
valid/4-40/36.jpg,4,40,112,112,22,167,152,152,0,ok
valid/4-40/4.jpg,4,40,112,112,71,29,73,152,90,ok
valid/4-40/47.jpg,4,40,112,112,55,25,71,153,90,ok
valid/4-40/55.jpg,4,40,112,112,36,158,144,156,0,ok
valid/4-40/72.jpg,4,40,112,112,25,168,153,153,0,ok
valid/4-40/85.jpg,4,40,112,112,80,63,-1,-1,90,ok;no_hour
valid/4-45/10.jpg,4,45,112,112,18,116,143,161,0,ok
valid/4-45/14.jpg,4,45,112,112,134,151,-1,-1,270,warn:rot_err=29.4;no_hour
valid/4-45/18.jpg,4,45,112,112,182,105,66,62,180,ok
valid/4-45/24.jpg,4,45,112,112,66,117,142,161,0,ok
valid/4-45/31.jpg,4,45,112,112,116,69,71,151,90,ok
valid/4-45/36.jpg,4,45,112,112,116,157,161,79,270,ok
valid/4-45/39.jpg,4,45,112,112,-1,-1,-1,-1,-1,fail:no_candidates
valid/4-45/44.jpg,4,45,112,112,73,118,143,162,0,ok
valid/4-45/65.jpg,4,45,112,112,116,175,-1,-1,270,ok;no_hour
valid/4-45/81.jpg,4,45,112,112,-1,-1,-1,-1,-1,fail:no_candidates
valid/4-50/2.jpg,4,50,112,112,158,21,61,140,90,ok
valid/4-50/34.jpg,4,50,112,112,66,202,-1,-1,270,ok;no_hour
valid/4-50/54.jpg,4,50,112,112,157,37,-1,-1,90,ok;no_hour
valid/4-50/59.jpg,4,50,112,112,81,101,-1,-1,0,ok;no_hour
valid/4-50/71.jpg,4,50,112,112,23,68,140,162,0,ok
valid/4-50/8.jpg,4,50,112,112,34,60,139,162,0,ok
valid/4-50/84.jpg,4,50,112,112,35,61,139,162,0,ok
valid/4-50/85.jpg,4,50,112,112,37,62,144,170,0,ok
valid/4-50/92.jpg,4,50,112,112,36,62,140,162,0,ok
valid/4-50/96.jpg,4,50,112,112,150,32,61,139,90,ok
valid/4-55/13.jpg,4,55,112,112,39,160,168,68,270,ok
valid/4-55/24.jpg,4,55,112,112,67,45,148,158,0,ok
valid/4-55/28.jpg,4,55,112,112,60,34,147,153,0,ok
valid/4-55/50.jpg,4,55,112,112,62,147,178,61,270,ok
valid/4-55/56.jpg,4,55,112,112,62,38,148,158,0,ok
valid/4-55/69.jpg,4,55,112,112,71,53,148,158,0,ok
valid/4-55/7.jpg,4,55,112,112,137,164,73,56,180,ok
valid/4-55/72.jpg,4,55,112,112,36,161,159,74,270,ok
valid/4-55/8.jpg,4,55,112,112,200,54,67,148,90,ok
valid/4-55/97.jpg,4,55,112,112,38,161,164,86,270,ok
valid/5-00/10.jpg,5,0,112,112,106,22,135,165,0,ok
valid/5-00/12.jpg,5,0,112,112,117,54,148,163,0,ok
valid/5-00/23.jpg,5,0,112,112,50,116,-1,-1,270,ok;no_hour
valid/5-00/36.jpg,5,0,112,112,106,9,144,157,0,ok
valid/5-00/38.jpg,5,0,112,112,202,117,64,145,90,ok
valid/5-00/73.jpg,5,0,112,112,116,166,-1,-1,180,ok;no_hour
valid/5-00/74.jpg,5,0,112,112,173,118,67,145,90,ok
valid/5-00/8.jpg,5,0,112,112,117,7,144,155,0,ok
valid/5-00/84.jpg,5,0,112,112,46,117,165,88,270,ok
valid/5-00/92.jpg,5,0,112,112,117,17,134,164,0,ok
valid/5-05/18.jpg,5,5,112,112,153,29,147,168,0,ok
valid/5-05/24.jpg,5,5,112,112,200,156,64,143,90,ok
valid/5-05/25.jpg,5,5,112,112,153,29,-1,-1,0,ok;no_hour
valid/5-05/28.jpg,5,5,112,112,161,35,-1,-1,0,ok;no_hour
valid/5-05/31.jpg,5,5,112,112,74,188,79,62,180,ok
valid/5-05/51.jpg,5,5,112,112,73,190,79,62,180,ok
valid/5-05/64.jpg,5,5,112,112,72,191,79,62,180,ok
valid/5-05/7.jpg,5,5,112,112,71,193,74,53,180,ok
valid/5-05/75.jpg,5,5,112,112,155,47,-1,-1,0,ok;no_hour
valid/5-05/76.jpg,5,5,112,112,35,62,161,80,270,ok
valid/5-10/0.jpg,5,10,112,112,63,141,-1,-1,180,ok;no_hour
valid/5-10/28.jpg,5,10,112,112,30,165,81,61,180,ok
valid/5-10/29.jpg,5,10,112,112,190,60,129,166,0,ok
valid/5-10/45.jpg,5,10,112,112,164,193,67,140,90,ok
valid/5-10/51.jpg,5,10,112,112,192,71,130,166,0,ok
valid/5-10/66.jpg,5,10,112,112,64,141,-1,-1,180,ok;no_hour
valid/5-10/70.jpg,5,10,112,112,27,167,-1,-1,180,ok;no_hour
valid/5-10/77.jpg,5,10,112,112,189,59,-1,-1,0,ok;no_hour
valid/5-10/80.jpg,5,10,112,112,141,159,-1,-1,90,ok;no_hour
valid/5-10/85.jpg,5,10,112,112,141,159,-1,-1,90,ok;no_hour
valid/5-15/23.jpg,5,15,112,112,174,117,-1,-1,0,ok;no_hour
valid/5-15/48.jpg,5,15,112,112,47,117,-1,-1,180,ok;no_hour
valid/5-15/50.jpg,5,15,112,112,117,174,56,127,90,ok
valid/5-15/53.jpg,5,15,112,112,140,105,139,161,0,ok
valid/5-15/55.jpg,5,15,112,112,-1,-1,-1,-1,-1,fail:no_candidates
valid/5-15/63.jpg,5,15,112,112,117,193,55,128,90,ok
valid/5-15/7.jpg,5,15,112,112,201,106,128,168,0,ok
valid/5-15/75.jpg,5,15,112,112,116,194,57,127,90,ok
valid/5-15/88.jpg,5,15,112,112,206,106,127,166,0,ok
valid/5-15/95.jpg,5,15,112,112,217,117,127,166,0,ok
valid/5-20/12.jpg,5,20,112,112,160,18,168,97,270,ok
valid/5-20/2.jpg,5,20,112,112,66,202,55,126,90,ok
valid/5-20/3.jpg,5,20,112,112,186,162,-1,-1,0,ok;no_hour
valid/5-20/44.jpg,5,20,112,112,67,200,55,125,90,ok
valid/5-20/48.jpg,5,20,112,112,178,141,129,183,0,ok
valid/5-20/64.jpg,5,20,112,112,191,151,125,167,0,ok
valid/5-20/68.jpg,5,20,112,112,164,31,-1,-1,270,ok;no_hour
valid/5-20/86.jpg,5,20,112,112,71,193,55,126,90,ok
valid/5-20/89.jpg,5,20,112,112,173,141,125,167,0,ok
valid/5-20/9.jpg,5,20,112,112,178,143,125,168,0,ok
valid/5-25/17.jpg,5,25,112,112,23,169,57,121,90,ok
valid/5-25/26.jpg,5,25,112,112,164,193,123,169,0,ok
valid/5-25/48.jpg,5,25,112,112,146,159,116,151,0,ok
valid/5-25/51.jpg,5,25,112,112,190,61,-1,-1,270,ok;no_hour
valid/5-25/53.jpg,5,25,112,112,149,166,121,166,0,ok
valid/5-25/57.jpg,5,25,112,112,186,62,-1,-1,270,ok;no_hour
valid/5-25/67.jpg,5,25,112,112,62,37,101,55,180,ok
valid/5-25/69.jpg,5,25,112,112,57,149,-1,-1,90,ok;no_hour
valid/5-25/71.jpg,5,25,112,112,153,173,-1,-1,0,ok;no_hour
valid/5-25/8.jpg,5,25,112,112,153,173,120,164,0,ok
valid/5-30/17.jpg,5,30,112,112,106,156,132,166,0,ok
valid/5-30/21.jpg,5,30,112,112,118,16,-1,-1,180,ok;no_hour
valid/5-30/24.jpg,5,30,112,112,106,156,132,167,0,ok
valid/5-30/30.jpg,5,30,112,112,116,68,90,58,180,ok
valid/5-30/31.jpg,5,30,112,112,105,180,132,167,0,ok
valid/5-30/48.jpg,5,30,112,112,147,117,182,85,270,ok
valid/5-30/61.jpg,5,30,112,112,104,191,-1,-1,0,ok;no_hour
valid/5-30/65.jpg,5,30,112,112,140,136,-1,-1,270,warn:rot_err=40.6;no_hour
valid/5-30/7.jpg,5,30,112,112,106,156,-1,-1,0,ok;no_hour
valid/5-30/88.jpg,5,30,112,112,58,132,-1,-1,90,ok;no_hour
valid/5-35/10.jpg,5,35,112,112,61,189,130,168,0,ok
valid/5-35/32.jpg,5,35,112,112,75,164,130,165,0,ok
valid/5-35/35.jpg,5,35,112,112,48,124,-1,-1,90,warn:rot_err=40.6;no_hour
valid/5-35/44.jpg,5,35,112,112,59,191,130,166,0,ok
valid/5-35/49.jpg,5,35,112,112,171,152,168,92,270,ok
valid/5-35/66.jpg,5,35,112,112,52,70,56,130,90,ok
valid/5-35/67.jpg,5,35,112,112,61,189,130,165,0,ok
valid/5-35/88.jpg,5,35,112,112,152,52,-1,-1,180,ok;no_hour
valid/5-35/94.jpg,5,35,112,112,35,62,56,130,90,ok
valid/5-35/99.jpg,5,35,112,112,151,55,92,58,180,ok
valid/5-40/10.jpg,5,40,112,112,39,147,127,165,0,ok
valid/5-40/28.jpg,5,40,112,112,72,31,58,127,90,ok
valid/5-40/40.jpg,5,40,112,112,66,144,-1,-1,0,ok;no_hour
valid/5-40/52.jpg,5,40,112,112,51,140,127,165,0,ok
valid/5-40/55.jpg,5,40,112,112,-1,-1,-1,-1,-1,fail:no_candidates
valid/5-40/59.jpg,5,40,112,112,141,99,-1,-1,180,ok;no_hour
valid/5-40/8.jpg,5,40,112,112,33,150,127,163,0,ok
valid/5-40/83.jpg,5,40,112,112,83,50,55,128,90,ok
valid/5-40/84.jpg,5,40,112,112,49,141,127,163,0,ok
valid/5-40/99.jpg,5,40,112,112,173,83,95,59,180,ok
valid/5-45/14.jpg,5,45,112,112,120,143,-1,-1,270,ok;no_hour
valid/5-45/23.jpg,5,45,112,112,174,117,-1,-1,180,ok;no_hour
valid/5-45/29.jpg,5,45,112,112,116,217,171,110,270,ok
valid/5-45/33.jpg,5,45,112,112,112,168,-1,-1,270,ok;no_hour
valid/5-45/57.jpg,5,45,112,112,35,104,125,169,0,ok
valid/5-45/63.jpg,5,45,112,112,203,106,97,57,180,ok
valid/5-45/65.jpg,5,45,112,112,141,136,-1,-1,180,warn:rot_err=39.6;no_hour
valid/5-45/69.jpg,5,45,112,112,53,113,-1,-1,0,ok;no_hour
valid/5-45/78.jpg,5,45,112,112,113,169,-1,-1,270,ok;no_hour
valid/5-45/91.jpg,5,45,112,112,116,208,-1,-1,270,ok;no_hour
valid/5-50/2.jpg,5,50,112,112,37,62,122,169,0,ok
valid/5-50/21.jpg,5,50,112,112,18,65,123,167,0,ok
valid/5-50/33.jpg,5,50,112,112,31,59,123,166,0,ok
valid/5-50/54.jpg,5,50,112,112,35,65,-1,-1,0,ok;no_hour
valid/5-50/69.jpg,5,50,112,112,51,84,122,170,0,ok
valid/5-50/70.jpg,5,50,112,112,29,58,122,169,0,ok
valid/5-50/78.jpg,5,50,112,112,35,62,122,168,0,ok
valid/5-50/82.jpg,5,50,112,112,26,56,122,169,0,ok
valid/5-50/87.jpg,5,50,112,112,25,55,122,169,0,ok
valid/5-50/91.jpg,5,50,112,112,30,71,125,193,0,ok
valid/5-55/22.jpg,5,55,112,112,153,191,104,57,180,ok
valid/5-55/27.jpg,5,55,112,112,147,186,101,57,180,ok
valid/5-55/31.jpg,5,55,112,112,144,180,102,56,180,ok
valid/5-55/32.jpg,5,55,112,112,171,85,53,120,90,ok
valid/5-55/33.jpg,5,55,112,112,183,77,73,105,90,ok
valid/5-55/38.jpg,5,55,112,112,70,30,120,168,0,ok
valid/5-55/40.jpg,5,55,112,112,171,70,54,120,90,ok
valid/5-55/77.jpg,5,55,112,112,109,166,-1,-1,180,warn:rot_err=33.2;no_hour
valid/5-55/8.jpg,5,55,112,112,56,107,-1,-1,270,warn:rot_err=35.1;no_hour
valid/5-55/88.jpg,5,55,112,112,174,82,72,119,90,ok
valid/6-00/42.jpg,6,0,112,112,39,105,160,118,270,ok
valid/6-00/58.jpg,6,0,112,112,87,104,-1,-1,270,ok;no_hour
valid/6-00/61.jpg,6,0,112,112,22,105,158,118,270,ok
valid/6-00/67.jpg,6,0,112,112,116,181,-1,-1,180,ok;no_hour
valid/6-00/71.jpg,6,0,112,112,-1,-1,-1,-1,-1,fail:no_candidates
valid/6-00/74.jpg,6,0,112,112,118,50,118,168,0,ok
valid/6-00/79.jpg,6,0,112,112,117,55,-1,-1,0,ok;no_hour
valid/6-00/80.jpg,6,0,112,112,50,117,-1,-1,270,ok;no_hour
valid/6-00/83.jpg,6,0,112,112,212,105,83,119,90,ok
valid/6-00/87.jpg,6,0,112,112,117,35,118,141,0,ok
valid/6-05/15.jpg,6,5,112,112,72,191,120,53,180,ok
valid/6-05/20.jpg,6,5,112,112,165,28,114,171,0,ok
valid/6-05/46.jpg,6,5,112,112,193,152,54,115,90,ok
valid/6-05/50.jpg,6,5,112,112,71,193,121,56,180,ok
valid/6-05/75.jpg,6,5,112,112,71,193,120,54,180,ok
valid/6-05/86.jpg,6,5,112,112,71,194,120,54,180,ok
valid/6-05/90.jpg,6,5,112,112,72,191,120,56,180,ok
valid/6-05/93.jpg,6,5,112,112,34,60,169,120,270,ok
valid/6-05/94.jpg,6,5,112,112,-1,-1,-1,-1,-1,fail:no_candidates
valid/6-05/98.jpg,6,5,112,112,20,66,169,120,270,ok
valid/6-10/15.jpg,6,10,112,112,193,58,113,170,0,ok
valid/6-10/18.jpg,6,10,112,112,37,161,124,48,180,ok
valid/6-10/20.jpg,6,10,112,112,62,37,169,122,270,ok
valid/6-10/23.jpg,6,10,112,112,39,160,-1,-1,180,ok;no_hour
valid/6-10/25.jpg,6,10,112,112,-1,-1,-1,-1,-1,fail:no_candidates
valid/6-10/54.jpg,6,10,112,112,191,69,-1,-1,0,ok;no_hour
valid/6-10/63.jpg,6,10,112,112,193,71,114,167,0,ok
valid/6-10/70.jpg,6,10,112,112,27,167,-1,-1,180,ok;no_hour
valid/6-10/72.jpg,6,10,112,112,204,64,100,167,0,ok
valid/6-10/73.jpg,6,10,112,112,192,72,114,172,0,ok
valid/6-15/18.jpg,6,15,112,112,117,56,163,125,270,ok
valid/6-15/25.jpg,6,15,112,112,205,116,108,171,0,ok
valid/6-15/27.jpg,6,15,112,112,167,111,-1,-1,0,ok;no_hour
valid/6-15/30.jpg,6,15,112,112,169,113,-1,-1,0,ok;no_hour
valid/6-15/31.jpg,6,15,112,112,109,171,-1,-1,90,ok;no_hour
valid/6-15/36.jpg,6,15,112,112,115,202,53,109,90,ok
valid/6-15/37.jpg,6,15,112,112,211,106,109,171,0,ok
valid/6-15/40.jpg,6,15,112,112,106,51,168,125,270,ok
valid/6-15/53.jpg,6,15,112,112,111,58,-1,-1,270,ok;no_hour
valid/6-15/95.jpg,6,15,112,112,24,116,125,57,180,ok
valid/6-20/11.jpg,6,20,112,112,24,68,-1,-1,180,ok;no_hour
valid/6-20/19.jpg,6,20,112,112,192,151,108,169,0,ok
valid/6-20/28.jpg,6,20,112,112,77,183,-1,-1,90,ok;no_hour
valid/6-20/49.jpg,6,20,112,112,178,143,109,166,0,ok
valid/6-20/55.jpg,6,20,112,112,32,70,125,56,180,ok
valid/6-20/61.jpg,6,20,112,112,26,69,127,56,180,ok
valid/6-20/71.jpg,6,20,112,112,-1,-1,-1,-1,-1,fail:no_candidates
valid/6-20/72.jpg,6,20,112,112,191,151,107,171,0,ok
valid/6-20/9.jpg,6,20,112,112,79,180,56,95,90,ok
valid/6-20/95.jpg,6,20,112,112,202,157,108,170,0,ok
valid/6-25/31.jpg,6,25,112,112,56,150,57,92,90,ok
valid/6-25/40.jpg,6,25,112,112,23,169,-1,-1,90,ok;no_hour
valid/6-25/45.jpg,6,25,112,112,160,185,92,166,0,ok
valid/6-25/46.jpg,6,25,112,112,36,161,57,92,90,ok
valid/6-25/5.jpg,6,25,112,112,153,173,-1,-1,0,ok;no_hour
valid/6-25/54.jpg,6,25,112,112,-1,-1,-1,-1,-1,fail:no_candidates
valid/6-25/61.jpg,6,25,112,112,36,161,57,92,90,ok
valid/6-25/74.jpg,6,25,112,112,161,185,-1,-1,0,ok;no_hour
valid/6-25/81.jpg,6,25,112,112,129,59,-1,-1,270,warn:rot_err=42.2;no_hour
valid/6-25/84.jpg,6,25,112,112,149,166,92,167,0,ok
valid/6-30/30.jpg,6,30,112,112,105,68,132,58,180,ok
valid/6-30/44.jpg,6,30,112,112,117,201,-1,-1,0,ok;no_hour
valid/6-30/49.jpg,6,30,112,112,65,117,-1,-1,90,ok;no_hour
valid/6-30/55.jpg,6,30,112,112,114,157,93,165,0,ok
valid/6-30/67.jpg,6,30,112,112,65,117,57,90,90,ok
valid/6-30/68.jpg,6,30,112,112,116,173,105,209,0,ok
valid/6-30/69.jpg,6,30,112,112,43,117,56,90,90,ok
valid/6-30/79.jpg,6,30,112,112,169,106,178,136,270,ok
valid/6-30/87.jpg,6,30,112,112,156,105,164,132,270,ok
valid/6-30/94.jpg,6,30,112,112,152,106,166,131,270,ok
valid/6-35/19.jpg,6,35,112,112,35,62,55,101,90,ok
valid/6-35/32.jpg,6,35,112,112,165,150,-1,-1,270,ok;no_hour
valid/6-35/42.jpg,6,35,112,112,61,189,101,168,0,ok
valid/6-35/5.jpg,6,35,112,112,155,47,-1,-1,180,ok;no_hour
valid/6-35/55.jpg,6,35,112,112,64,188,100,165,0,ok
valid/6-35/62.jpg,6,35,112,112,62,187,101,168,0,ok
valid/6-35/65.jpg,6,35,112,112,71,171,116,175,0,ok
valid/6-35/69.jpg,6,35,112,112,58,74,54,101,90,ok
valid/6-35/81.jpg,6,35,112,112,173,152,165,122,270,ok
valid/6-35/89.jpg,6,35,112,112,62,187,101,168,0,ok
valid/6-40/14.jpg,6,40,112,112,132,161,168,125,270,ok
valid/6-40/24.jpg,6,40,112,112,77,39,-1,-1,90,ok;no_hour
valid/6-40/28.jpg,6,40,112,112,32,150,103,156,0,ok
valid/6-40/29.jpg,6,40,112,112,18,158,97,168,0,ok
valid/6-40/30.jpg,6,40,112,112,72,31,54,96,90,ok
valid/6-40/33.jpg,6,40,112,112,46,143,99,166,0,ok
valid/6-40/41.jpg,6,40,112,112,-1,-1,-1,-1,-1,fail:no_candidates
valid/6-40/55.jpg,6,40,112,112,154,191,166,128,270,ok
valid/6-40/61.jpg,6,40,112,112,26,154,98,168,0,ok
valid/6-40/81.jpg,6,40,112,112,-1,-1,-1,-1,-1,fail:no_candidates
valid/6-45/14.jpg,6,45,112,112,165,126,-1,-1,180,ok;no_hour
valid/6-45/16.jpg,6,45,112,112,105,194,167,128,270,ok
valid/6-45/20.jpg,6,45,112,112,38,116,96,166,0,ok
valid/6-45/22.jpg,6,45,112,112,159,141,-1,-1,180,warn:rot_err=31.7;no_hour
valid/6-45/41.jpg,6,45,112,112,22,105,86,188,0,ok
valid/6-45/44.jpg,6,45,112,112,69,118,95,168,0,ok
valid/6-45/56.jpg,6,45,112,112,116,69,56,95,90,ok
valid/6-45/6.jpg,6,45,112,112,67,106,94,168,0,ok
valid/6-45/75.jpg,6,45,112,112,95,167,-1,-1,270,ok;no_hour
valid/6-45/81.jpg,6,45,112,112,-1,-1,-1,-1,-1,fail:no_candidates
valid/6-50/14.jpg,6,50,112,112,94,166,-1,-1,270,ok;no_hour
valid/6-50/15.jpg,6,50,112,112,158,43,56,93,90,ok
valid/6-50/3.jpg,6,50,112,112,95,167,-1,-1,270,ok;no_hour
valid/6-50/31.jpg,6,50,112,112,141,64,-1,-1,90,ok;no_hour
valid/6-50/4.jpg,6,50,112,112,26,56,94,165,0,ok
valid/6-50/52.jpg,6,50,112,112,141,65,-1,-1,90,ok;no_hour
valid/6-50/53.jpg,6,50,112,112,160,141,-1,-1,180,ok;no_hour
valid/6-50/55.jpg,6,50,112,112,-1,-1,-1,-1,-1,fail:no_candidates
valid/6-50/82.jpg,6,50,112,112,168,26,57,93,90,ok
valid/6-50/90.jpg,6,50,112,112,82,161,-1,-1,270,ok;no_hour
valid/6-55/12.jpg,6,55,112,112,189,61,56,89,90,ok
valid/6-55/17.jpg,6,55,112,112,77,39,91,165,0,ok
valid/6-55/27.jpg,6,55,112,112,188,75,58,92,90,ok
valid/6-55/33.jpg,6,55,112,112,71,29,91,165,0,ok
valid/6-55/43.jpg,6,55,112,112,-1,-1,-1,-1,-1,fail:no_candidates
valid/6-55/44.jpg,6,55,112,112,40,160,159,143,270,ok
valid/6-55/47.jpg,6,55,112,112,74,34,79,161,0,ok
valid/6-55/57.jpg,6,55,112,112,66,18,86,175,0,ok
valid/6-55/64.jpg,6,55,112,112,24,168,159,143,270,ok
valid/6-55/84.jpg,6,55,112,112,81,47,91,165,0,ok
valid/7-00/1.jpg,7,0,112,112,118,65,76,158,0,ok
valid/7-00/24.jpg,7,0,112,112,117,35,77,157,0,ok
valid/7-00/37.jpg,7,0,112,112,48,116,163,134,270,ok
valid/7-00/47.jpg,7,0,112,112,117,196,132,62,180,ok
valid/7-00/53.jpg,7,0,112,112,163,117,58,88,90,ok
valid/7-00/61.jpg,7,0,112,112,117,35,87,165,0,ok
valid/7-00/64.jpg,7,0,112,112,117,26,77,157,0,ok
valid/7-00/76.jpg,7,0,112,112,190,117,58,87,90,ok
valid/7-00/86.jpg,7,0,112,112,189,117,63,76,90,ok
valid/7-00/90.jpg,7,0,112,112,116,33,88,162,0,ok
valid/7-05/11.jpg,7,5,112,112,-1,-1,-1,-1,-1,fail:no_candidates
valid/7-05/15.jpg,7,5,112,112,152,52,65,171,0,ok
valid/7-05/16.jpg,7,5,112,112,157,23,87,162,0,ok
valid/7-05/45.jpg,7,5,112,112,29,57,164,138,270,ok
valid/7-05/46.jpg,7,5,112,112,160,39,86,164,0,ok
valid/7-05/50.jpg,7,5,112,112,71,193,154,58,180,ok
valid/7-05/64.jpg,7,5,112,112,187,161,66,75,90,ok
valid/7-05/7.jpg,7,5,112,112,152,29,67,169,0,ok
valid/7-05/89.jpg,7,5,112,112,18,63,156,147,270,ok
valid/7-05/9.jpg,7,5,112,112,143,68,75,156,0,ok
valid/7-10/12.jpg,7,10,112,112,60,35,170,146,270,ok
valid/7-10/33.jpg,7,10,112,112,191,59,83,162,0,ok
valid/7-10/4.jpg,7,10,112,112,195,58,83,162,0,ok
valid/7-10/5.jpg,7,10,112,112,179,79,84,162,0,ok
valid/7-10/51.jpg,7,10,112,112,191,72,85,160,0,ok
valid/7-10/59.jpg,7,10,112,112,91,87,141,124,270,ok
valid/7-10/63.jpg,7,10,112,112,72,31,162,139,270,ok
valid/7-10/72.jpg,7,10,112,112,204,64,84,161,0,ok
valid/7-10/81.jpg,7,10,112,112,162,190,62,84,90,ok
valid/7-10/99.jpg,7,10,112,112,174,82,54,201,0,ok
valid/7-15/0.jpg,7,15,112,112,193,117,82,161,0,ok
valid/7-15/1.jpg,7,15,112,112,169,118,82,161,0,ok
valid/7-15/18.jpg,7,15,112,112,116,167,66,68,90,ok
valid/7-15/31.jpg,7,15,112,112,193,106,80,161,0,ok
valid/7-15/47.jpg,7,15,112,112,213,118,82,161,0,ok
valid/7-15/8.jpg,7,15,112,112,215,106,83,160,0,ok
valid/7-15/80.jpg,7,15,112,112,117,187,61,80,90,ok
valid/7-15/84.jpg,7,15,112,112,186,118,80,162,0,ok
valid/7-15/86.jpg,7,15,112,112,117,29,155,152,270,ok
valid/7-15/9.jpg,7,15,112,112,38,116,151,71,180,ok
valid/7-20/27.jpg,7,20,112,112,207,158,69,153,0,ok
valid/7-20/33.jpg,7,20,112,112,40,77,153,72,180,ok
valid/7-20/45.jpg,7,20,112,112,194,153,78,160,0,ok
valid/7-20/48.jpg,7,20,112,112,78,85,155,72,180,ok
valid/7-20/55.jpg,7,20,112,112,-1,-1,-1,-1,-1,fail:no_candidates
valid/7-20/59.jpg,7,20,112,112,82,101,-1,-1,180,ok;no_hour
valid/7-20/60.jpg,7,20,112,112,166,28,150,152,270,ok
valid/7-20/66.jpg,7,20,112,112,182,146,80,159,0,ok
valid/7-20/94.jpg,7,20,112,112,-1,-1,-1,-1,-1,fail:no_candidates
valid/7-20/99.jpg,7,20,112,112,64,81,-1,-1,180,ok;no_hour
valid/7-25/12.jpg,7,25,112,112,152,192,76,159,0,ok
valid/7-25/20.jpg,7,25,112,112,56,26,155,71,180,ok
valid/7-25/22.jpg,7,25,112,112,33,153,68,88,90,ok
valid/7-25/37.jpg,7,25,112,112,157,201,76,159,0,ok
valid/7-25/50.jpg,7,25,112,112,162,89,151,155,270,ok
valid/7-25/63.jpg,7,25,112,112,61,35,155,72,180,ok
valid/7-25/65.jpg,7,25,112,112,155,72,-1,-1,270,ok;no_hour
valid/7-25/70.jpg,7,25,112,112,145,181,-1,-1,0,ok;no_hour
valid/7-25/88.jpg,7,25,112,112,159,181,68,152,0,ok
valid/7-25/93.jpg,7,25,112,112,63,39,154,74,180,ok
valid/7-30/21.jpg,7,30,112,112,118,156,66,148,0,ok
valid/7-30/29.jpg,7,30,112,112,-1,-1,-1,-1,-1,fail:no_candidates
valid/7-30/40.jpg,7,30,112,112,105,78,156,76,180,ok
valid/7-30/48.jpg,7,30,112,112,118,139,63,149,0,ok
valid/7-30/50.jpg,7,30,112,112,67,118,77,67,90,ok
valid/7-30/53.jpg,7,30,112,112,118,137,66,148,0,ok
valid/7-30/56.jpg,7,30,112,112,117,149,67,147,0,ok
valid/7-30/66.jpg,7,30,112,112,117,147,66,149,0,ok
valid/7-30/78.jpg,7,30,112,112,116,203,67,147,0,ok
valid/7-30/8.jpg,7,30,112,112,115,217,66,148,0,ok
valid/7-35/10.jpg,7,35,112,112,198,155,145,158,270,ok
valid/7-35/11.jpg,7,35,112,112,-1,-1,-1,-1,-1,fail:no_candidates
valid/7-35/19.jpg,7,35,112,112,152,31,157,79,180,ok
valid/7-35/20.jpg,7,35,112,112,33,73,77,65,90,ok
valid/7-35/64.jpg,7,35,112,112,70,193,65,145,0,ok
valid/7-35/7.jpg,7,35,112,112,71,193,64,147,0,ok
valid/7-35/83.jpg,7,35,112,112,152,30,158,79,180,ok
valid/7-35/84.jpg,7,35,112,112,71,193,65,145,0,ok
valid/7-35/89.jpg,7,35,112,112,72,191,65,145,0,ok
valid/7-35/97.jpg,7,35,112,112,150,32,159,77,180,ok
valid/7-40/13.jpg,7,40,112,112,56,137,74,152,0,ok
valid/7-40/2.jpg,7,40,112,112,37,148,73,152,0,ok
valid/7-40/34.jpg,7,40,112,112,186,75,148,72,180,ok
valid/7-40/65.jpg,7,40,112,112,87,140,-1,-1,0,ok;no_hour
valid/7-40/7.jpg,7,40,112,112,168,85,152,70,180,ok
valid/7-40/84.jpg,7,40,112,112,49,141,74,152,0,ok
valid/7-40/85.jpg,7,40,112,112,135,163,152,150,270,ok
valid/7-40/88.jpg,7,40,112,112,153,197,152,150,270,ok
valid/7-40/96.jpg,7,40,112,112,82,49,69,70,90,ok
valid/7-40/97.jpg,7,40,112,112,190,73,146,73,180,ok
valid/7-45/10.jpg,7,45,112,112,23,105,68,152,0,ok
valid/7-45/31.jpg,7,45,112,112,116,81,70,67,90,ok
valid/7-45/4.jpg,7,45,112,112,14,105,71,151,0,ok
valid/7-45/41.jpg,7,45,112,112,177,183,161,164,270,warn:rot_err=42.5
valid/7-45/44.jpg,7,45,112,112,104,215,152,153,270,ok
valid/7-45/65.jpg,7,45,112,112,48,116,-1,-1,0,ok;no_hour
valid/7-45/67.jpg,7,45,112,112,156,70,-1,-1,180,warn:rot_err=43.7;no_hour
valid/7-45/70.jpg,7,45,112,112,42,116,13,105,0,ok
valid/7-45/79.jpg,7,45,112,112,167,117,137,83,180,ok
valid/7-45/98.jpg,7,45,112,112,135,116,150,73,180,ok
valid/7-50/2.jpg,7,50,112,112,66,201,140,162,270,ok
valid/7-50/23.jpg,7,50,112,112,188,161,-1,-1,180,ok;no_hour
valid/7-50/39.jpg,7,50,112,112,-1,-1,-1,-1,-1,fail:no_candidates
valid/7-50/54.jpg,7,50,112,112,88,92,-1,-1,0,ok;no_hour
valid/7-50/61.jpg,7,50,112,112,35,61,71,149,0,ok
valid/7-50/63.jpg,7,50,112,112,161,37,73,69,90,ok
valid/7-50/64.jpg,7,50,112,112,38,62,68,150,0,ok
valid/7-50/74.jpg,7,50,112,112,28,56,68,150,0,ok
valid/7-50/8.jpg,7,50,112,112,60,190,139,162,270,ok
valid/7-50/81.jpg,7,50,112,112,162,34,74,69,90,ok
valid/7-55/16.jpg,7,55,112,112,44,157,138,164,270,ok
valid/7-55/32.jpg,7,55,112,112,52,153,148,156,270,ok
valid/7-55/44.jpg,7,55,112,112,68,23,66,148,0,ok
valid/7-55/50.jpg,7,55,112,112,41,147,-1,-1,270,ok;no_hour
valid/7-55/54.jpg,7,55,112,112,-1,-1,-1,-1,-1,fail:no_candidates
valid/7-55/62.jpg,7,55,112,112,178,80,75,67,90,ok
valid/7-55/68.jpg,7,55,112,112,149,188,169,67,180,ok
valid/7-55/7.jpg,7,55,112,112,59,138,-1,-1,270,ok;no_hour
valid/7-55/72.jpg,7,55,112,112,205,64,75,66,90,ok
valid/7-55/96.jpg,7,55,112,112,154,174,163,87,180,ok
valid/8-00/10.jpg,8,0,112,112,117,31,68,144,0,ok
valid/8-00/29.jpg,8,0,112,112,-1,-1,-1,-1,-1,fail:no_candidates
valid/8-00/35.jpg,8,0,112,112,128,60,-1,-1,0,ok;no_hour
valid/8-00/43.jpg,8,0,112,112,-1,-1,-1,-1,-1,fail:no_candidates
valid/8-00/6.jpg,8,0,112,112,-1,-1,-1,-1,-1,fail:no_candidates
valid/8-00/66.jpg,8,0,112,112,117,49,70,143,0,ok
valid/8-00/73.jpg,8,0,112,112,117,57,51,154,0,ok
valid/8-00/84.jpg,8,0,112,112,118,47,68,144,0,ok
valid/8-00/92.jpg,8,0,112,112,117,17,70,143,0,ok
valid/8-00/93.jpg,8,0,112,112,117,35,70,143,0,ok
valid/8-05/16.jpg,8,5,112,112,67,200,165,91,180,ok
valid/8-05/18.jpg,8,5,112,112,152,30,30,146,0,ok
valid/8-05/26.jpg,8,5,112,112,34,62,142,158,270,ok
valid/8-05/34.jpg,8,5,112,112,33,61,132,165,270,ok
valid/8-05/50.jpg,8,5,112,112,31,72,141,183,270,ok
valid/8-05/60.jpg,8,5,112,112,19,65,131,164,270,ok
valid/8-05/63.jpg,8,5,112,112,71,193,166,90,180,ok
valid/8-05/69.jpg,8,5,112,112,23,68,143,159,270,ok
valid/8-05/84.jpg,8,5,112,112,71,193,166,90,180,ok
valid/8-05/91.jpg,8,5,112,112,151,31,62,145,0,ok
valid/8-10/12.jpg,8,10,112,112,63,141,170,85,180,ok
valid/8-10/22.jpg,8,10,112,112,157,202,-1,-1,90,ok;no_hour
valid/8-10/31.jpg,8,10,112,112,184,63,59,128,0,ok
valid/8-10/33.jpg,8,10,112,112,157,180,-1,-1,90,ok;no_hour
valid/8-10/44.jpg,8,10,112,112,67,23,130,167,270,ok
valid/8-10/54.jpg,8,10,112,112,78,76,-1,-1,270,ok;no_hour
valid/8-10/69.jpg,8,10,112,112,81,62,127,151,270,ok
valid/8-10/70.jpg,8,10,112,112,186,62,-1,-1,0,ok;no_hour
valid/8-10/89.jpg,8,10,112,112,64,141,174,83,180,ok
valid/8-10/90.jpg,8,10,112,112,66,139,191,71,180,ok
valid/8-15/16.jpg,8,15,112,112,117,30,139,162,270,ok
valid/8-15/21.jpg,8,15,112,112,117,213,95,55,90,ok
valid/8-15/23.jpg,8,15,112,112,117,49,-1,-1,270,ok;no_hour
valid/8-15/28.jpg,8,15,112,112,196,106,62,139,0,ok
valid/8-15/44.jpg,8,15,112,112,118,7,128,168,270,ok
valid/8-15/47.jpg,8,15,112,112,213,118,60,139,0,ok
valid/8-15/50.jpg,8,15,112,112,174,118,53,143,0,ok
valid/8-15/62.jpg,8,15,112,112,192,117,60,139,0,ok
valid/8-15/65.jpg,8,15,112,112,135,141,-1,-1,90,warn:rot_err=38.4;no_hour
valid/8-15/70.jpg,8,15,112,112,198,117,-1,-1,0,ok;no_hour
valid/8-20/20.jpg,8,20,112,112,160,38,137,162,270,ok
valid/8-20/27.jpg,8,20,112,112,89,164,-1,-1,90,ok;no_hour
valid/8-20/32.jpg,8,20,112,112,79,180,98,55,90,ok
valid/8-20/44.jpg,8,20,112,112,67,200,98,55,90,ok
valid/8-20/48.jpg,8,20,112,112,145,138,29,134,0,ok
valid/8-20/57.jpg,8,20,112,112,87,166,98,56,90,ok
valid/8-20/62.jpg,8,20,112,112,178,156,54,127,0,ok
valid/8-20/63.jpg,8,20,112,112,189,161,62,137,0,ok
valid/8-20/70.jpg,8,20,112,112,148,36,-1,-1,270,ok;no_hour
valid/8-20/8.jpg,8,20,112,112,161,36,125,168,270,ok
valid/8-25/0.jpg,8,25,112,112,194,59,134,163,270,ok
valid/8-25/25.jpg,8,25,112,112,165,193,57,134,0,ok
valid/8-25/28.jpg,8,25,112,112,50,153,101,55,90,ok
valid/8-25/46.jpg,8,25,112,112,189,61,134,164,270,ok
valid/8-25/48.jpg,8,25,112,112,171,85,127,189,270,ok
valid/8-25/51.jpg,8,25,112,112,36,161,100,54,90,ok
valid/8-25/56.jpg,8,25,112,112,202,66,-1,-1,270,ok;no_hour
valid/8-25/60.jpg,8,25,112,112,154,197,60,134,0,ok
valid/8-25/67.jpg,8,25,112,112,190,61,134,163,270,ok
valid/8-25/92.jpg,8,25,112,112,165,195,56,134,0,ok
valid/8-30/16.jpg,8,30,112,112,105,196,54,120,0,ok
valid/8-30/26.jpg,8,30,112,112,106,25,-1,-1,180,ok;no_hour
valid/8-30/34.jpg,8,30,112,112,26,116,102,53,90,ok
valid/8-30/45.jpg,8,30,112,112,203,117,120,169,270,ok
valid/8-30/6.jpg,8,30,112,112,105,180,57,132,0,ok
valid/8-30/76.jpg,8,30,112,112,116,206,58,132,0,ok
valid/8-30/77.jpg,8,30,112,112,-1,-1,-1,-1,-1,fail:no_candidates
valid/8-30/8.jpg,8,30,112,112,116,70,169,103,180,ok
valid/8-30/84.jpg,8,30,112,112,104,179,54,120,0,ok
valid/8-30/95.jpg,8,30,112,112,200,106,120,169,270,ok
valid/8-35/15.jpg,8,35,112,112,154,28,170,105,180,ok
valid/8-35/21.jpg,8,35,112,112,44,80,105,54,90,ok
valid/8-35/25.jpg,8,35,112,112,149,35,168,105,180,ok
valid/8-35/34.jpg,8,35,112,112,187,148,118,169,270,ok
valid/8-35/42.jpg,8,35,112,112,34,74,-1,-1,90,ok;no_hour
valid/8-35/55.jpg,8,35,112,112,-1,-1,-1,-1,-1,fail:no_candidates
valid/8-35/63.jpg,8,35,112,112,71,193,-1,-1,0,ok;no_hour
valid/8-35/72.jpg,8,35,112,112,64,205,56,117,0,ok
valid/8-35/9.jpg,8,35,112,112,82,174,56,117,0,ok
valid/8-35/99.jpg,8,35,112,112,140,49,169,105,180,ok
valid/8-40/27.jpg,8,40,112,112,66,145,-1,-1,0,ok;no_hour
valid/8-40/41.jpg,8,40,112,112,-1,-1,-1,-1,-1,fail:no_candidates
valid/8-40/49.jpg,8,40,112,112,66,144,53,115,0,ok
valid/8-40/59.jpg,8,40,112,112,133,136,-1,-1,270,ok;no_hour
valid/8-40/64.jpg,8,40,112,112,161,188,114,168,270,ok
valid/8-40/72.jpg,8,40,112,112,24,168,55,114,0,ok
valid/8-40/8.jpg,8,40,112,112,29,166,55,114,0,ok
valid/8-40/80.jpg,8,40,112,112,60,35,109,55,90,ok
valid/8-40/89.jpg,8,40,112,112,73,55,107,52,90,ok
valid/8-40/96.jpg,8,40,112,112,61,36,109,56,90,ok
valid/8-45/11.jpg,8,45,112,112,-1,-1,-1,-1,-1,fail:no_candidates
valid/8-45/13.jpg,8,45,112,112,165,97,-1,-1,180,ok;no_hour
valid/8-45/18.jpg,8,45,112,112,106,155,125,161,270,ok
valid/8-45/26.jpg,8,45,112,112,66,106,57,125,0,ok
valid/8-45/36.jpg,8,45,112,112,67,107,56,124,0,ok
valid/8-45/39.jpg,8,45,112,112,124,87,-1,-1,90,warn:rot_err=25.6;no_hour
valid/8-45/46.jpg,8,45,112,112,54,125,-1,-1,0,ok;no_hour
valid/8-45/54.jpg,8,45,112,112,158,97,-1,-1,180,ok;no_hour
valid/8-45/69.jpg,8,45,112,112,96,58,-1,-1,90,ok;no_hour
valid/8-45/72.jpg,8,45,112,112,116,72,97,56,90,ok
valid/8-50/12.jpg,8,50,112,112,66,79,55,122,0,ok
valid/8-50/28.jpg,8,50,112,112,150,56,100,56,90,ok
valid/8-50/36.jpg,8,50,112,112,159,39,101,56,90,ok
valid/8-50/37.jpg,8,50,112,112,57,195,122,168,270,ok
valid/8-50/49.jpg,8,50,112,112,62,187,122,169,270,ok
valid/8-50/6.jpg,8,50,112,112,-1,-1,-1,-1,-1,fail:no_candidates
valid/8-50/89.jpg,8,50,112,112,54,201,122,169,270,ok
valid/8-50/94.jpg,8,50,112,112,188,160,164,100,180,ok
valid/8-50/96.jpg,8,50,112,112,63,77,53,122,0,ok
valid/8-50/99.jpg,8,50,112,112,55,72,56,123,0,ok
valid/8-55/0.jpg,8,55,112,112,168,199,141,103,180,ok
valid/8-55/20.jpg,8,55,112,112,25,156,120,169,270,ok
valid/8-55/38.jpg,8,55,112,112,71,31,55,120,0,ok
valid/8-55/52.jpg,8,55,112,112,69,27,54,120,0,ok
valid/8-55/57.jpg,8,55,112,112,17,157,121,175,270,ok
valid/8-55/68.jpg,8,55,112,112,37,148,120,183,270,ok
valid/8-55/69.jpg,8,55,112,112,137,168,165,101,180,ok
valid/8-55/7.jpg,8,55,112,112,175,82,102,56,90,ok
valid/8-55/74.jpg,8,55,112,112,85,53,-1,-1,0,ok;no_hour
valid/8-55/80.jpg,8,55,112,112,79,42,58,106,0,ok
valid/9-00/10.jpg,9,0,112,112,117,31,83,118,0,ok
valid/9-00/12.jpg,9,0,112,112,169,117,-1,-1,90,ok;no_hour
valid/9-00/27.jpg,9,0,112,112,118,66,84,119,0,ok
valid/9-00/33.jpg,9,0,112,112,118,39,86,119,0,ok
valid/9-00/54.jpg,9,0,112,112,-1,-1,-1,-1,-1,fail:no_candidates
valid/9-00/62.jpg,9,0,112,112,190,117,-1,-1,90,ok;no_hour
valid/9-00/82.jpg,9,0,112,112,192,117,-1,-1,90,ok;no_hour
valid/9-00/84.jpg,9,0,112,112,118,47,86,119,0,ok
valid/9-00/90.jpg,9,0,112,112,-1,-1,-1,-1,-1,fail:no_candidates
valid/9-00/98.jpg,9,0,112,112,117,48,56,104,0,ok
valid/9-05/11.jpg,9,5,112,112,-1,-1,-1,-1,-1,fail:no_candidates
valid/9-05/20.jpg,9,5,112,112,29,57,114,171,270,ok
valid/9-05/23.jpg,9,5,112,112,162,37,-1,-1,0,ok;no_hour
valid/9-05/32.jpg,9,5,112,112,35,74,116,167,270,ok
valid/9-05/35.jpg,9,5,112,112,74,89,74,149,270,ok
valid/9-05/38.jpg,9,5,112,112,62,188,168,120,180,ok
valid/9-05/56.jpg,9,5,112,112,162,34,54,115,0,ok
valid/9-05/59.jpg,9,5,112,112,88,91,116,142,270,ok
valid/9-05/61.jpg,9,5,112,112,71,193,170,120,180,ok
valid/9-05/67.jpg,9,5,112,112,184,160,120,54,90,ok
valid/9-10/0.jpg,9,10,112,112,59,32,100,167,270,ok
valid/9-10/27.jpg,9,10,112,112,164,189,123,55,90,ok
valid/9-10/41.jpg,9,10,112,112,31,151,-1,-1,180,ok;no_hour
valid/9-10/48.jpg,9,10,112,112,200,53,43,98,0,ok
valid/9-10/50.jpg,9,10,112,112,175,68,48,113,0,ok
valid/9-10/56.jpg,9,10,112,112,195,69,54,113,0,ok
valid/9-10/58.jpg,9,10,112,112,206,63,53,112,0,ok
valid/9-10/61.jpg,9,10,112,112,198,68,53,113,0,ok
valid/9-10/81.jpg,9,10,112,112,190,60,53,112,0,ok
valid/9-10/9.jpg,9,10,112,112,67,46,114,163,270,ok
valid/9-15/12.jpg,9,15,112,112,109,174,106,40,90,ok
valid/9-15/19.jpg,9,15,112,112,217,117,-1,-1,0,ok;no_hour
valid/9-15/23.jpg,9,15,112,112,174,117,-1,-1,0,ok;no_hour
valid/9-15/33.jpg,9,15,112,112,118,31,-1,-1,270,ok;no_hour
valid/9-15/48.jpg,9,15,112,112,177,118,-1,-1,0,ok;no_hour
valid/9-15/68.jpg,9,15,112,112,117,13,-1,-1,270,ok;no_hour
valid/9-15/69.jpg,9,15,112,112,166,111,6,105,0,ok
valid/9-15/7.jpg,9,15,112,112,53,110,189,117,180,ok
valid/9-15/75.jpg,9,15,112,112,212,117,52,109,0,ok
valid/9-15/94.jpg,9,15,112,112,116,37,-1,-1,270,ok;no_hour
valid/9-20/16.jpg,9,20,112,112,166,27,108,170,270,ok
valid/9-20/24.jpg,9,20,112,112,70,195,127,56,90,ok
valid/9-20/26.jpg,9,20,112,112,195,166,54,108,0,ok
valid/9-20/29.jpg,9,20,112,112,64,206,127,56,90,ok
valid/9-20/31.jpg,9,20,112,112,178,156,53,108,0,ok
valid/9-20/55.jpg,9,20,112,112,-1,-1,-1,-1,-1,fail:no_candidates
valid/9-20/56.jpg,9,20,112,112,168,25,108,170,270,ok
valid/9-20/80.jpg,9,20,112,112,170,23,95,164,270,ok
valid/9-20/87.jpg,9,20,112,112,175,154,53,108,0,ok
valid/9-20/97.jpg,9,20,112,112,24,68,165,113,180,ok
valid/9-25/13.jpg,9,25,112,112,176,81,92,166,270,ok
valid/9-25/14.jpg,9,25,112,112,168,86,94,153,270,ok
valid/9-25/18.jpg,9,25,112,112,145,159,55,91,0,ok
valid/9-25/23.jpg,9,25,112,112,166,196,-1,-1,0,ok;no_hour
valid/9-25/30.jpg,9,25,112,112,161,188,58,106,0,ok
valid/9-25/37.jpg,9,25,112,112,179,79,92,166,270,ok
valid/9-25/38.jpg,9,25,112,112,160,185,55,105,0,ok
valid/9-25/5.jpg,9,25,112,112,206,63,105,169,270,ok
valid/9-25/50.jpg,9,25,112,112,77,63,165,130,180,ok
valid/9-25/52.jpg,9,25,112,112,62,37,162,130,180,ok
valid/9-30/13.jpg,9,30,112,112,169,120,-1,-1,270,ok;no_hour
valid/9-30/16.jpg,9,30,112,112,27,105,132,57,90,ok
valid/9-30/20.jpg,9,30,112,112,15,105,132,58,90,ok
valid/9-30/3.jpg,9,30,112,112,187,120,89,166,270,ok
valid/9-30/46.jpg,9,30,112,112,190,117,102,170,270,ok
valid/9-30/61.jpg,9,30,112,112,106,33,164,132,180,ok
valid/9-30/66.jpg,9,30,112,112,117,43,167,132,180,ok
valid/9-30/69.jpg,9,30,112,112,43,117,132,58,90,ok
valid/9-30/79.jpg,9,30,112,112,56,103,-1,-1,90,ok;no_hour
valid/9-30/98.jpg,9,30,112,112,105,181,57,90,0,ok
valid/9-35/10.jpg,9,35,112,112,156,24,161,134,180,ok
valid/9-35/12.jpg,9,35,112,112,158,18,181,141,180,ok
valid/9-35/26.jpg,9,35,112,112,67,199,-1,-1,0,ok;no_hour
valid/9-35/27.jpg,9,35,112,112,89,156,-1,-1,0,ok;no_hour
valid/9-35/33.jpg,9,35,112,112,27,70,134,61,90,ok
valid/9-35/70.jpg,9,35,112,112,175,154,100,169,270,ok
valid/9-35/81.jpg,9,35,112,112,30,70,122,55,90,ok
valid/9-35/84.jpg,9,35,112,112,152,30,161,134,180,ok
valid/9-35/87.jpg,9,35,112,112,66,200,58,88,0,ok
valid/9-35/92.jpg,9,35,112,112,61,189,54,100,0,ok
valid/9-40/13.jpg,9,40,112,112,150,167,87,158,270,ok
valid/9-40/16.jpg,9,40,112,112,42,159,59,85,0,ok
valid/9-40/22.jpg,9,40,112,112,157,46,164,114,180,warn:rot_err=25.7
valid/9-40/28.jpg,9,40,112,112,176,67,-1,-1,180,ok;no_hour
valid/9-40/6.jpg,9,40,112,112,39,159,-1,-1,0,ok;no_hour
valid/9-40/60.jpg,9,40,112,112,56,27,137,61,90,ok
valid/9-40/63.jpg,9,40,112,112,37,161,-1,-1,0,ok;no_hour
valid/9-40/7.jpg,9,40,112,112,62,37,-1,-1,90,ok;no_hour
valid/9-40/82.jpg,9,40,112,112,29,164,60,85,0,ok
valid/9-40/91.jpg,9,40,112,112,185,62,155,135,180,ok
valid/9-45/12.jpg,9,45,112,112,79,117,-1,-1,0,ok;no_hour
valid/9-45/26.jpg,9,45,112,112,67,117,62,84,0,ok
valid/9-45/35.jpg,9,45,112,112,157,38,-1,-1,90,warn:rot_err=31.3;no_hour
valid/9-45/58.jpg,9,45,112,112,-1,-1,-1,-1,-1,fail:no_candidates
valid/9-45/6.jpg,9,45,112,112,-1,-1,-1,-1,-1,fail:no_candidates
valid/9-45/65.jpg,9,45,112,112,113,47,-1,-1,90,ok;no_hour
valid/9-45/77.jpg,9,45,112,112,65,116,-1,-1,0,ok;no_hour
valid/9-45/79.jpg,9,45,112,112,61,83,-1,-1,0,warn:rot_err=29.6;no_hour
valid/9-45/80.jpg,9,45,112,112,35,117,62,83,0,ok
valid/9-45/88.jpg,9,45,112,112,204,106,161,139,180,ok
valid/9-50/25.jpg,9,50,112,112,146,61,130,58,90,ok
valid/9-50/30.jpg,9,50,112,112,36,62,-1,-1,0,ok;no_hour
valid/9-50/39.jpg,9,50,112,112,-1,-1,-1,-1,-1,fail:no_candidates
valid/9-50/41.jpg,9,50,112,112,188,161,-1,-1,180,ok;no_hour
valid/9-50/56.jpg,9,50,112,112,58,94,-1,-1,0,ok;no_hour
valid/9-50/6.jpg,9,50,112,112,-1,-1,-1,-1,-1,fail:no_candidates
valid/9-50/65.jpg,9,50,112,112,141,136,-1,-1,180,ok;no_hour
valid/9-50/69.jpg,9,50,112,112,93,167,-1,-1,270,ok;no_hour
valid/9-50/76.jpg,9,50,112,112,36,62,-1,-1,0,ok;no_hour
valid/9-50/99.jpg,9,50,112,112,56,73,56,93,0,ok
valid/9-55/16.jpg,9,55,112,112,148,187,164,131,180,ok
valid/9-55/18.jpg,9,55,112,112,161,91,134,55,90,ok
valid/9-55/2.jpg,9,55,112,112,36,148,91,165,270,ok
valid/9-55/40.jpg,9,55,112,112,96,72,58,91,0,ok
valid/9-55/45.jpg,9,55,112,112,156,200,164,131,180,ok
valid/9-55/65.jpg,9,55,112,112,83,52,52,88,0,ok
valid/9-55/74.jpg,9,55,112,112,85,53,-1,-1,0,ok;no_hour
valid/9-55/88.jpg,9,55,112,112,82,47,58,91,0,ok
valid/9-55/90.jpg,9,55,112,112,33,152,90,164,270,ok
valid/9-55/95.jpg,9,55,112,112,150,190,164,131,180,ok
